arm,seed,step,train_loss,validation_loss,train_accuracy,validation_accuracy
D0-same-m1,2b7e151628aed2a6,0,1.11032951,1.11006391,0.33333334,0.33333334
D0-same-m1,2b7e151628aed2a6,10,1.10826635,1.10801828,0.33333334,0.33333334
D0-same-m1,2b7e151628aed2a6,20,1.10658801,1.10636771,0.33333334,0.33333334
D0-same-m1,2b7e151628aed2a6,30,1.10428214,1.10406804,0.33333334,0.33333334
D0-same-m1,2b7e151628aed2a6,40,1.10347283,1.10326576,0.33333334,0.33333334
D0-same-m1,2b7e151628aed2a6,50,1.10359228,1.10336888,0.33333334,0.33333334
D0-same-m1,2b7e151628aed2a6,60,1.10330522,1.10308754,0.33333334,0.33333334
D0-same-m1,2b7e151628aed2a6,70,1.10138333,1.10119307,0.33333334,0.33333334
D0-same-m1,2b7e151628aed2a6,80,1.10047412,1.10035658,0.33333334,0.33333334
D0-same-m1,2b7e151628aed2a6,90,1.10134816,1.10123944,0.33333334,0.33333334
D0-same-m1,2b7e151628aed2a6,100,1.10175991,1.10165513,0.33333334,0.33333334
D0-same-m1,2b7e151628aed2a6,110,1.10541236,1.10530734,0.33333334,0.33333334
D0-same-m1,2b7e151628aed2a6,120,1.10456991,1.10446441,0.33333334,0.33333334
D0-same-m1,2b7e151628aed2a6,130,1.10087407,1.10080111,0.33333334,0.33333334
D0-same-m1,2b7e151628aed2a6,140,1.09767044,1.09759605,0.33333334,0.33333334
D0-same-m1,2b7e151628aed2a6,150,1.09738863,1.09734261,0.33333334,0.33333334
D0-same-m1,2b7e151628aed2a6,160,1.09714520,1.09710371,0.33333334,0.33333334
D0-same-m1,2b7e151628aed2a6,170,1.09673262,1.09669065,0.29166666,0.27083334
D0-same-m1,2b7e151628aed2a6,180,1.09724998,1.09720623,0.33333334,0.33333334
D0-same-m1,2b7e151628aed2a6,190,1.09625351,1.09621418,0.33333334,0.33333334
D0-same-m1,2b7e151628aed2a6,200,1.09692776,1.09689927,0.33333334,0.33333334
D0-same-m1,2b7e151628aed2a6,210,1.09530318,1.09527874,0.33333334,0.33333334
D0-same-m1,2b7e151628aed2a6,220,1.09590793,1.09589231,0.33333334,0.33333334
D0-same-m1,2b7e151628aed2a6,230,1.09507287,1.09504879,0.36458334,0.35416666
D0-same-m1,2b7e151628aed2a6,240,1.09453452,1.09451365,0.41666666,0.41666666
D0-same-m1,2b7e151628aed2a6,250,1.09450424,1.09454024,0.38541666,0.37500000
D0-same-m1,2b7e151628aed2a6,260,1.09369361,1.09372783,0.46875000,0.50000000
D0-same-m1,2b7e151628aed2a6,270,1.09345233,1.09349048,0.46875000,0.47916666
D0-same-m1,2b7e151628aed2a6,280,1.09384453,1.09389019,0.45833334,0.45833334
D0-same-m1,2b7e151628aed2a6,290,1.09350669,1.09355080,0.51041669,0.52083331
D0-same-m1,2b7e151628aed2a6,300,1.09326375,1.09331238,0.33333334,0.33333334
D0-same-m1,2b7e151628aed2a6,310,1.09356487,1.09362411,0.33333334,0.33333334
D0-same-m1,2b7e151628aed2a6,320,1.09233594,1.09240687,0.33333334,0.33333334
D0-same-m1,2b7e151628aed2a6,330,1.09210193,1.09217608,0.33333334,0.33333334
D0-same-m1,2b7e151628aed2a6,340,1.09166646,1.09178221,0.33333334,0.33333334
D0-same-m1,2b7e151628aed2a6,350,1.09142661,1.09155118,0.48958334,0.50000000
D0-same-m1,2b7e151628aed2a6,360,1.09053671,1.09065270,0.50000000,0.50000000
D0-same-m1,2b7e151628aed2a6,370,1.09216416,1.09228337,0.33333334,0.33333334
D0-same-m1,2b7e151628aed2a6,380,1.09098220,1.09113014,0.33333334,0.33333334
D0-same-m1,2b7e151628aed2a6,390,1.09051073,1.09066617,0.33333334,0.33333334
D0-same-m1,2b7e151628aed2a6,400,1.09111202,1.09127128,0.33333334,0.33333334
D0-same-m1,2b7e151628aed2a6,410,1.09156609,1.09171081,0.33333334,0.33333334
D0-same-m1,2b7e151628aed2a6,420,1.09233487,1.09248722,0.33333334,0.33333334
D0-same-m1,2b7e151628aed2a6,430,1.09071243,1.09084880,0.33333334,0.33333334
D0-same-m1,2b7e151628aed2a6,440,1.08935547,1.08958566,0.33333334,0.33333334
D0-same-m1,2b7e151628aed2a6,450,1.08927023,1.08951318,0.33333334,0.33333334
D0-same-m1,2b7e151628aed2a6,460,1.08749068,1.08773553,0.42708334,0.41666666
D0-same-m1,2b7e151628aed2a6,470,1.08754671,1.08779716,0.51041669,0.50000000
D0-same-m1,2b7e151628aed2a6,480,1.08808780,1.08834445,0.33333334,0.33333334
D0-same-m1,2b7e151628aed2a6,490,1.08736181,1.08762252,0.33333334,0.33333334
D0-same-m1,2b7e151628aed2a6,500,1.08620787,1.08647311,0.36458334,0.35416666
D0-same-m1,2b7e151628aed2a6,510,1.08582854,1.08609736,0.39583334,0.39583334
D0-same-m1,2b7e151628aed2a6,520,1.08586216,1.08613181,0.43750000,0.41666666
D0-same-m1,2b7e151628aed2a6,530,1.08553827,1.08581698,0.41666666,0.39583334
D0-same-m1,2b7e151628aed2a6,540,1.08561528,1.08588994,0.33333334,0.33333334
D0-same-m1,2b7e151628aed2a6,550,1.08500564,1.08527398,0.47916666,0.50000000
D0-same-m1,2b7e151628aed2a6,560,1.08311951,1.08338571,0.42708334,0.39583334
D0-same-m1,2b7e151628aed2a6,570,1.08190525,1.08225381,0.43750000,0.45833334
D0-same-m1,2b7e151628aed2a6,580,1.08191812,1.08226192,0.33333334,0.33333334
D0-same-m1,2b7e151628aed2a6,590,1.08049142,1.08083296,0.68750000,0.68750000
D0-same-m1,2b7e151628aed2a6,599,1.08116782,1.08151495,0.45833334,0.47916666
D0-same-m1,77a19d3c4e280b51,0,1.11032951,1.11006391,0.33333334,0.33333334
D0-same-m1,77a19d3c4e280b51,10,1.10787714,1.10770392,0.33333334,0.33333334
D0-same-m1,77a19d3c4e280b51,20,1.10586238,1.10568464,0.33333334,0.33333334
D0-same-m1,77a19d3c4e280b51,30,1.10772622,1.10755324,0.42708334,0.41666666
D0-same-m1,77a19d3c4e280b51,40,1.10611844,1.10595715,0.33333334,0.33333334
D0-same-m1,77a19d3c4e280b51,50,1.10591829,1.10575497,0.44791666,0.45833334
D0-same-m1,77a19d3c4e280b51,60,1.10804224,1.10787165,0.33333334,0.33333334
D0-same-m1,77a19d3c4e280b51,70,1.10616302,1.10605490,0.33333334,0.33333334
D0-same-m1,77a19d3c4e280b51,80,1.10556912,1.10545719,0.33333334,0.33333334
D0-same-m1,77a19d3c4e280b51,90,1.10373127,1.10362232,0.33333334,0.33333334
D0-same-m1,77a19d3c4e280b51,100,1.10265851,1.10255897,0.33333334,0.33333334
D0-same-m1,77a19d3c4e280b51,110,1.10250032,1.10239851,0.33333334,0.33333334
D0-same-m1,77a19d3c4e280b51,120,1.10349011,1.10337508,0.33333334,0.33333334
D0-same-m1,77a19d3c4e280b51,130,1.10072792,1.10061371,0.33333334,0.33333334
D0-same-m1,77a19d3c4e280b51,140,1.09912419,1.09906626,0.33333334,0.33333334
D0-same-m1,77a19d3c4e280b51,150,1.09984863,1.09978449,0.33333334,0.33333334
D0-same-m1,77a19d3c4e280b51,160,1.09851062,1.09845197,0.33333334,0.33333334
D0-same-m1,77a19d3c4e280b51,170,1.09909308,1.09903371,0.33333334,0.33333334
D0-same-m1,77a19d3c4e280b51,180,1.09766400,1.09761775,0.56250000,0.54166669
D0-same-m1,77a19d3c4e280b51,190,1.09744275,1.09741414,0.50000000,0.50000000
D0-same-m1,77a19d3c4e280b51,200,1.09650433,1.09650528,0.33333334,0.33333334
D0-same-m1,77a19d3c4e280b51,210,1.09649336,1.09649646,0.33333334,0.33333334
D0-same-m1,77a19d3c4e280b51,220,1.09725058,1.09725630,0.33333334,0.33333334
D0-same-m1,77a19d3c4e280b51,230,1.09936094,1.09937227,0.33333334,0.33333334
D0-same-m1,77a19d3c4e280b51,240,1.09847033,1.09850204,0.33333334,0.33333334
D0-same-m1,77a19d3c4e280b51,250,1.09885728,1.09883797,0.33333334,0.33333334
D0-same-m1,77a19d3c4e280b51,260,1.09886229,1.09884775,0.33333334,0.33333334
D0-same-m1,77a19d3c4e280b51,270,1.09558475,1.09558368,0.33333334,0.33333334
D0-same-m1,77a19d3c4e280b51,280,1.09496963,1.09497201,0.33333334,0.33333334
D0-same-m1,77a19d3c4e280b51,290,1.09487593,1.09488094,0.33333334,0.33333334
D0-same-m1,77a19d3c4e280b51,300,1.09423316,1.09423387,0.41666666,0.41666666
D0-same-m1,77a19d3c4e280b51,310,1.09543896,1.09542000,0.33333334,0.33333334
D0-same-m1,77a19d3c4e280b51,320,1.09447992,1.09448028,0.33333334,0.33333334
D0-same-m1,77a19d3c4e280b51,330,1.09449518,1.09451258,0.40625000,0.41666666
D0-same-m1,77a19d3c4e280b51,340,1.09487784,1.09490860,0.33333334,0.33333334
D0-same-m1,77a19d3c4e280b51,350,1.09345973,1.09352517,0.33333334,0.33333334
D0-same-m1,77a19d3c4e280b51,360,1.09373546,1.09380591,0.33333334,0.33333334
D0-same-m1,77a19d3c4e280b51,370,1.09198403,1.09212410,0.40625000,0.39583334
D0-same-m1,77a19d3c4e280b51,380,1.09177220,1.09190750,0.33333334,0.33333334
D0-same-m1,77a19d3c4e280b51,390,1.09130919,1.09146821,0.33333334,0.33333334
D0-same-m1,77a19d3c4e280b51,400,1.09029710,1.09049976,0.33333334,0.33333334
D0-same-m1,77a19d3c4e280b51,410,1.08950305,1.08971035,0.59375000,0.58333331
D0-same-m1,77a19d3c4e280b51,420,1.09028387,1.09048760,0.33333334,0.33333334
D0-same-m1,77a19d3c4e280b51,430,1.09001362,1.09020793,0.33333334,0.33333334
D0-same-m1,77a19d3c4e280b51,440,1.08849776,1.08867168,0.46875000,0.45833334
D0-same-m1,77a19d3c4e280b51,450,1.08791721,1.08811343,0.57291669,0.56250000
D0-same-m1,77a19d3c4e280b51,460,1.08845270,1.08865345,0.44791666,0.43750000
D0-same-m1,77a19d3c4e280b51,470,1.08972442,1.08993089,0.33333334,0.33333334
D0-same-m1,77a19d3c4e280b51,480,1.08905673,1.08926153,0.33333334,0.33333334
D0-same-m1,77a19d3c4e280b51,490,1.08811557,1.08834994,0.34375000,0.35416666
D0-same-m1,77a19d3c4e280b51,500,1.08780551,1.08808708,0.33333334,0.33333334
D0-same-m1,77a19d3c4e280b51,510,1.08631444,1.08665931,0.33333334,0.33333334
D0-same-m1,77a19d3c4e280b51,520,1.08496320,1.08534443,0.42708334,0.41666666
D0-same-m1,77a19d3c4e280b51,530,1.08400786,1.08437097,0.53125000,0.50000000
D0-same-m1,77a19d3c4e280b51,540,1.08432305,1.08468699,0.47916666,0.47916666
D0-same-m1,77a19d3c4e280b51,550,1.08525097,1.08564329,0.33333334,0.33333334
D0-same-m1,77a19d3c4e280b51,560,1.08357847,1.08392727,0.33333334,0.33333334
D0-same-m1,77a19d3c4e280b51,570,1.08216929,1.08255947,0.50000000,0.52083331
D0-same-m1,77a19d3c4e280b51,580,1.08174372,1.08214223,0.39583334,0.39583334
D0-same-m1,77a19d3c4e280b51,590,1.08085692,1.08127010,0.50000000,0.50000000
D0-same-m1,77a19d3c4e280b51,599,1.08070266,1.08115351,0.45833334,0.45833334
D0-same-m1,1111222233334444,0,1.11040628,1.11015093,0.33333334,0.33333334
D0-same-m1,1111222233334444,10,1.10552824,1.10534799,0.33333334,0.33333334
D0-same-m1,1111222233334444,20,1.10282612,1.10263598,0.33333334,0.33333334
D0-same-m1,1111222233334444,30,1.10223305,1.10205734,0.33333334,0.33333334
D0-same-m1,1111222233334444,40,1.10213387,1.10195816,0.33333334,0.33333334
D0-same-m1,1111222233334444,50,1.10176075,1.10158551,0.22916667,0.22916667
D0-same-m1,1111222233334444,60,1.10077071,1.10066259,0.20833333,0.20833333
D0-same-m1,1111222233334444,70,1.09960723,1.09956801,0.33333334,0.33333334
D0-same-m1,1111222233334444,80,1.09926522,1.09923244,0.33333334,0.33333334
D0-same-m1,1111222233334444,90,1.09931648,1.09930527,0.33333334,0.33333334
D0-same-m1,1111222233334444,100,1.09830606,1.09829462,0.51041669,0.50000000
D0-same-m1,1111222233334444,110,1.09942019,1.09941018,0.54166669,0.54166669
D0-same-m1,1111222233334444,120,1.09829116,1.09828866,0.53125000,0.50000000
D0-same-m1,1111222233334444,130,1.09818041,1.09818375,0.33333334,0.33333334
D0-same-m1,1111222233334444,140,1.09748733,1.09748185,0.33333334,0.33333334
D0-same-m1,1111222233334444,150,1.09798169,1.09797430,0.33333334,0.33333334
D0-same-m1,1111222233334444,160,1.09882092,1.09882033,0.33333334,0.33333334
D0-same-m1,1111222233334444,170,1.09765732,1.09765851,0.33333334,0.33333334
D0-same-m1,1111222233334444,180,1.09820259,1.09819853,0.33333334,0.33333334
D0-same-m1,1111222233334444,190,1.09710801,1.09711790,0.33333334,0.33333334
D0-same-m1,1111222233334444,200,1.09573376,1.09573972,0.33333334,0.33333334
D0-same-m1,1111222233334444,210,1.09580791,1.09581697,0.33333334,0.33333334
D0-same-m1,1111222233334444,220,1.09591401,1.09593928,0.54166669,0.54166669
D0-same-m1,1111222233334444,230,1.09548080,1.09553599,0.33333334,0.33333334
D0-same-m1,1111222233334444,240,1.09440935,1.09451258,0.33333334,0.33333334
D0-same-m1,1111222233334444,250,1.09335911,1.09342563,0.34375000,0.35416666
D0-same-m1,1111222233334444,260,1.09234917,1.09243357,0.48958334,0.47916666
D0-same-m1,1111222233334444,270,1.09258890,1.09266949,0.33333334,0.33333334
D0-same-m1,1111222233334444,280,1.09202659,1.09211481,0.33333334,0.33333334
D0-same-m1,1111222233334444,290,1.09219086,1.09227693,0.33333334,0.33333334
D0-same-m1,1111222233334444,300,1.09148252,1.09157193,0.33333334,0.33333334
D0-same-m1,1111222233334444,310,1.09068334,1.09077609,0.33333334,0.33333334
D0-same-m1,1111222233334444,320,1.09039891,1.09052348,0.34375000,0.33333334
D0-same-m1,1111222233334444,330,1.08899581,1.08914304,0.33333334,0.35416666
D0-same-m1,1111222233334444,340,1.08864307,1.08879423,0.41666666,0.41666666
D0-same-m1,1111222233334444,350,1.08925450,1.08940494,0.33333334,0.33333334
D0-same-m1,1111222233334444,360,1.08861542,1.08876848,0.33333334,0.33333334
D0-same-m1,1111222233334444,370,1.08901870,1.08916068,0.33333334,0.33333334
D0-same-m1,1111222233334444,380,1.08751738,1.08777034,0.33333334,0.33333334
D0-same-m1,1111222233334444,390,1.08775592,1.08801186,0.45833334,0.43750000
D0-same-m1,1111222233334444,400,1.08564222,1.08591187,0.51041669,0.52083331
D0-same-m1,1111222233334444,410,1.08634555,1.08662701,0.33333334,0.33333334
D0-same-m1,1111222233334444,420,1.08592558,1.08620691,0.33333334,0.33333334
D0-same-m1,1111222233334444,430,1.08685052,1.08719361,0.33333334,0.33333334
D0-same-m1,1111222233334444,440,1.08538711,1.08578622,0.33333334,0.33333334
D0-same-m1,1111222233334444,450,1.08594120,1.08637929,0.51041669,0.52083331
D0-same-m1,1111222233334444,460,1.08566391,1.08610427,0.45833334,0.45833334
D0-same-m1,1111222233334444,470,1.08334875,1.08379185,0.60416669,0.60416669
D0-same-m1,1111222233334444,480,1.08492696,1.08536685,0.48958334,0.47916666
D0-same-m1,1111222233334444,490,1.08406866,1.08452594,0.48958334,0.47916666
D0-same-m1,1111222233334444,500,1.08324027,1.08372724,0.47916666,0.47916666
D0-same-m1,1111222233334444,510,1.08430564,1.08485162,0.33333334,0.33333334
D0-same-m1,1111222233334444,520,1.08345127,1.08399832,0.35416666,0.35416666
D0-same-m1,1111222233334444,530,1.08296049,1.08352768,0.33333334,0.33333334
D0-same-m1,1111222233334444,540,1.08160162,1.08219063,0.45833334,0.45833334
D0-same-m1,1111222233334444,550,1.07900906,1.07953179,0.48958334,0.47916666
D0-same-m1,1111222233334444,560,1.07735062,1.07788742,0.48958334,0.50000000
D0-same-m1,1111222233334444,570,1.07737899,1.07804406,0.50000000,0.50000000
D0-same-m1,1111222233334444,580,1.07796180,1.07862902,0.44791666,0.45833334
D0-same-m1,1111222233334444,590,1.07613122,1.07681048,0.51041669,0.50000000
D0-same-m1,1111222233334444,599,1.07625663,1.07690954,0.55208331,0.54166669
D1-same-m2,2b7e151628aed2a6,0,1.10938334,1.10910571,0.33333334,0.33333334
D1-same-m2,2b7e151628aed2a6,10,1.10697865,1.10675120,0.33333334,0.33333334
D1-same-m2,2b7e151628aed2a6,20,1.10428524,1.10407293,0.33333334,0.33333334
D1-same-m2,2b7e151628aed2a6,30,1.10193217,1.10173380,0.33333334,0.33333334
D1-same-m2,2b7e151628aed2a6,40,1.10144508,1.10125935,0.33333334,0.33333334
D1-same-m2,2b7e151628aed2a6,50,1.10246241,1.10228980,0.33333334,0.33333334
D1-same-m2,2b7e151628aed2a6,60,1.10157466,1.10140431,0.33333334,0.33333334
D1-same-m2,2b7e151628aed2a6,70,1.09894991,1.09887993,0.33333334,0.33333334
D1-same-m2,2b7e151628aed2a6,80,1.09691405,1.09688830,0.33333334,0.33333334
D1-same-m2,2b7e151628aed2a6,90,1.09805489,1.09804308,0.33333334,0.33333334
D1-same-m2,2b7e151628aed2a6,100,1.09769976,1.09770584,0.33333334,0.33333334
D1-same-m2,2b7e151628aed2a6,110,1.10339665,1.10340130,0.33333334,0.33333334
D1-same-m2,2b7e151628aed2a6,120,1.10298216,1.10298550,0.48958334,0.47916666
D1-same-m2,2b7e151628aed2a6,130,1.09695637,1.09708607,0.33333334,0.33333334
D1-same-m2,2b7e151628aed2a6,140,1.09071398,1.09083891,0.33333334,0.33333334
D1-same-m2,2b7e151628aed2a6,150,1.09010172,1.09023869,0.34375000,0.35416666
D1-same-m2,2b7e151628aed2a6,160,1.09059012,1.09073412,0.40625000,0.39583334
D1-same-m2,2b7e151628aed2a6,170,1.09051025,1.09065008,0.33333334,0.33333334
D1-same-m2,2b7e151628aed2a6,180,1.09071529,1.09089053,0.33333334,0.33333334
D1-same-m2,2b7e151628aed2a6,190,1.08771515,1.08789074,0.33333334,0.33333334
D1-same-m2,2b7e151628aed2a6,200,1.08968866,1.08983505,0.33333334,0.33333334
D1-same-m2,2b7e151628aed2a6,210,1.08620679,1.08637083,0.33333334,0.33333334
D1-same-m2,2b7e151628aed2a6,220,1.08848679,1.08866942,0.33333334,0.33333334
D1-same-m2,2b7e151628aed2a6,230,1.08563912,1.08579862,0.38541666,0.37500000
D1-same-m2,2b7e151628aed2a6,240,1.08447278,1.08467734,0.46875000,0.45833334
D1-same-m2,2b7e151628aed2a6,250,1.08089519,1.08118927,0.43750000,0.43750000
D1-same-m2,2b7e151628aed2a6,260,1.07900715,1.07919157,0.55208331,0.56250000
D1-same-m2,2b7e151628aed2a6,270,1.07874179,1.07897103,0.55208331,0.56250000
D1-same-m2,2b7e151628aed2a6,280,1.07747924,1.07779932,0.51041669,0.52083331
D1-same-m2,2b7e151628aed2a6,290,1.07685304,1.07718313,0.50000000,0.50000000
D1-same-m2,2b7e151628aed2a6,300,1.07689536,1.07719982,0.48958334,0.52083331
D1-same-m2,2b7e151628aed2a6,310,1.07550573,1.07598221,0.33333334,0.33333334
D1-same-m2,2b7e151628aed2a6,320,1.07207775,1.07245362,0.56250000,0.54166669
D1-same-m2,2b7e151628aed2a6,330,1.07012224,1.07052505,0.46875000,0.47916666
D1-same-m2,2b7e151628aed2a6,340,1.06931484,1.06975770,0.55208331,0.56250000
D1-same-m2,2b7e151628aed2a6,350,1.06859255,1.06902349,0.44791666,0.45833334
D1-same-m2,2b7e151628aed2a6,360,1.06671631,1.06723309,0.47916666,0.45833334
D1-same-m2,2b7e151628aed2a6,370,1.06723177,1.06781924,0.41666666,0.41666666
D1-same-m2,2b7e151628aed2a6,380,1.06520307,1.06587696,0.53125000,0.52083331
D1-same-m2,2b7e151628aed2a6,390,1.06344664,1.06415713,0.57291669,0.58333331
D1-same-m2,2b7e151628aed2a6,400,1.06486416,1.06554580,0.35416666,0.35416666
D1-same-m2,2b7e151628aed2a6,410,1.06153417,1.06227422,0.52083331,0.52083331
D1-same-m2,2b7e151628aed2a6,420,1.06195045,1.06278622,0.38541666,0.39583334
D1-same-m2,2b7e151628aed2a6,430,1.05843401,1.05916691,0.61458331,0.62500000
D1-same-m2,2b7e151628aed2a6,440,1.05916882,1.05999470,0.42708334,0.41666666
D1-same-m2,2b7e151628aed2a6,450,1.05625594,1.05721307,0.54166669,0.52083331
D1-same-m2,2b7e151628aed2a6,460,1.05215085,1.05326974,0.48958334,0.47916666
D1-same-m2,2b7e151628aed2a6,470,1.05247712,1.05363452,0.45833334,0.47916666
D1-same-m2,2b7e151628aed2a6,480,1.05073702,1.05204237,0.37500000,0.39583334
D1-same-m2,2b7e151628aed2a6,490,1.04546511,1.04675484,0.60416669,0.60416669
D1-same-m2,2b7e151628aed2a6,500,1.03987825,1.04116499,0.51041669,0.50000000
D1-same-m2,2b7e151628aed2a6,510,1.03828204,1.03965855,0.52083331,0.50000000
D1-same-m2,2b7e151628aed2a6,520,1.03498185,1.03652549,0.50000000,0.50000000
D1-same-m2,2b7e151628aed2a6,530,1.03163636,1.03325033,0.51041669,0.47916666
D1-same-m2,2b7e151628aed2a6,540,1.03174996,1.03340089,0.55208331,0.54166669
D1-same-m2,2b7e151628aed2a6,550,1.02654862,1.02814090,0.46875000,0.47916666
D1-same-m2,2b7e151628aed2a6,560,1.01714981,1.01929212,0.50000000,0.45833334
D1-same-m2,2b7e151628aed2a6,570,1.01078594,1.01355135,0.47916666,0.47916666
D1-same-m2,2b7e151628aed2a6,580,1.00769413,1.01023614,0.56250000,0.56250000
D1-same-m2,2b7e151628aed2a6,590,1.00114739,1.00399506,0.52083331,0.52083331
D1-same-m2,2b7e151628aed2a6,599,0.99658984,0.99949288,0.52083331,0.50000000
D1-same-m2,77a19d3c4e280b51,0,1.10938334,1.10910571,0.33333334,0.33333334
D1-same-m2,77a19d3c4e280b51,10,1.10648012,1.10632944,0.33333334,0.33333334
D1-same-m2,77a19d3c4e280b51,20,1.10378540,1.10364211,0.33333334,0.33333334
D1-same-m2,77a19d3c4e280b51,30,1.11037886,1.11024594,0.33333334,0.33333334
D1-same-m2,77a19d3c4e280b51,40,1.10389555,1.10378826,0.33333334,0.33333334
D1-same-m2,77a19d3c4e280b51,50,1.10576713,1.10563433,0.33333334,0.33333334
D1-same-m2,77a19d3c4e280b51,60,1.10917068,1.10902512,0.33333334,0.33333334
D1-same-m2,77a19d3c4e280b51,70,1.10183394,1.10176420,0.33333334,0.33333334
D1-same-m2,77a19d3c4e280b51,80,1.10020554,1.10017681,0.33333334,0.33333334
D1-same-m2,77a19d3c4e280b51,90,1.09641027,1.09641147,0.33333334,0.33333334
D1-same-m2,77a19d3c4e280b51,100,1.09546518,1.09550297,0.33333334,0.33333334
D1-same-m2,77a19d3c4e280b51,110,1.09596336,1.09600914,0.33333334,0.33333334
D1-same-m2,77a19d3c4e280b51,120,1.10019767,1.10025144,0.33333334,0.33333334
D1-same-m2,77a19d3c4e280b51,130,1.09415853,1.09421098,0.33333334,0.33333334
D1-same-m2,77a19d3c4e280b51,140,1.09128618,1.09140718,0.33333334,0.33333334
D1-same-m2,77a19d3c4e280b51,150,1.09121215,1.09139979,0.33333334,0.33333334
D1-same-m2,77a19d3c4e280b51,160,1.08841002,1.08861816,0.53125000,0.54166669
D1-same-m2,77a19d3c4e280b51,170,1.08949578,1.08970010,0.33333334,0.33333334
D1-same-m2,77a19d3c4e280b51,180,1.08801258,1.08826900,0.33333334,0.33333334
D1-same-m2,77a19d3c4e280b51,190,1.08636498,1.08670270,0.39583334,0.39583334
D1-same-m2,77a19d3c4e280b51,200,1.08354545,1.08385050,0.38541666,0.37500000
D1-same-m2,77a19d3c4e280b51,210,1.08351648,1.08382773,0.38541666,0.37500000
D1-same-m2,77a19d3c4e280b51,220,1.08487761,1.08520043,0.33333334,0.33333334
D1-same-m2,77a19d3c4e280b51,230,1.09127080,1.09162414,0.33333334,0.33333334
D1-same-m2,77a19d3c4e280b51,240,1.08482480,1.08524883,0.33333334,0.33333334
D1-same-m2,77a19d3c4e280b51,250,1.08397019,1.08440340,0.33333334,0.33333334
D1-same-m2,77a19d3c4e280b51,260,1.08147538,1.08191001,0.33333334,0.33333334
D1-same-m2,77a19d3c4e280b51,270,1.07455277,1.07496929,0.52083331,0.50000000
D1-same-m2,77a19d3c4e280b51,280,1.07326281,1.07371497,0.43750000,0.43750000
D1-same-m2,77a19d3c4e280b51,290,1.07405674,1.07454669,0.50000000,0.52083331
D1-same-m2,77a19d3c4e280b51,300,1.07170427,1.07222366,0.50000000,0.47916666
D1-same-m2,77a19d3c4e280b51,310,1.07245505,1.07299984,0.47916666,0.47916666
D1-same-m2,77a19d3c4e280b51,320,1.07247579,1.07308900,0.61458331,0.58333331
D1-same-m2,77a19d3c4e280b51,330,1.07192457,1.07257140,0.45833334,0.45833334
D1-same-m2,77a19d3c4e280b51,340,1.06983733,1.07051075,0.56250000,0.56250000
D1-same-m2,77a19d3c4e280b51,350,1.06666934,1.06739104,0.57291669,0.56250000
D1-same-m2,77a19d3c4e280b51,360,1.06391120,1.06465161,0.56250000,0.56250000
D1-same-m2,77a19d3c4e280b51,370,1.05984700,1.06084037,0.46875000,0.45833334
D1-same-m2,77a19d3c4e280b51,380,1.05743778,1.05860078,0.56250000,0.54166669
D1-same-m2,77a19d3c4e280b51,390,1.05470479,1.05596864,0.60416669,0.56250000
D1-same-m2,77a19d3c4e280b51,400,1.05093360,1.05228245,0.52083331,0.50000000
D1-same-m2,77a19d3c4e280b51,410,1.04955101,1.05095887,0.46875000,0.43750000
D1-same-m2,77a19d3c4e280b51,420,1.04604113,1.04746652,0.51041669,0.50000000
D1-same-m2,77a19d3c4e280b51,430,1.04295230,1.04457963,0.58333331,0.56250000
D1-same-m2,77a19d3c4e280b51,440,1.03539407,1.03726709,0.50000000,0.50000000
D1-same-m2,77a19d3c4e280b51,450,1.02941465,1.03137445,0.48958334,0.47916666
D1-same-m2,77a19d3c4e280b51,460,1.02910316,1.03109884,0.56250000,0.54166669
D1-same-m2,77a19d3c4e280b51,470,1.02416456,1.02646565,0.55208331,0.56250000
D1-same-m2,77a19d3c4e280b51,480,1.02026963,1.02251971,0.52083331,0.52083331
D1-same-m2,77a19d3c4e280b51,490,1.01389897,1.01654267,0.52083331,0.52083331
D1-same-m2,77a19d3c4e280b51,500,1.01302791,1.01583588,0.48958334,0.50000000
D1-same-m2,77a19d3c4e280b51,510,1.00466037,1.00795257,0.48958334,0.47916666
D1-same-m2,77a19d3c4e280b51,520,0.99783158,1.00120831,0.45833334,0.43750000
D1-same-m2,77a19d3c4e280b51,530,0.98985392,0.99353647,0.44791666,0.43750000
D1-same-m2,77a19d3c4e280b51,540,0.98550791,0.98956805,0.44791666,0.43750000
D1-same-m2,77a19d3c4e280b51,550,0.98825854,0.99335271,0.47916666,0.45833334
D1-same-m2,77a19d3c4e280b51,560,0.97952217,0.98469537,0.44791666,0.43750000
D1-same-m2,77a19d3c4e280b51,570,0.96985382,0.97525615,0.45833334,0.45833334
D1-same-m2,77a19d3c4e280b51,580,0.96207207,0.96828961,0.43750000,0.45833334
D1-same-m2,77a19d3c4e280b51,590,0.95828485,0.96414596,0.44791666,0.45833334
D1-same-m2,77a19d3c4e280b51,599,0.95725411,0.96326303,0.50000000,0.50000000
D1-same-m2,1111222233334444,0,1.11028540,1.11003685,0.33333334,0.33333334
D1-same-m2,1111222233334444,10,1.10138357,1.10133195,0.33333334,0.33333334
D1-same-m2,1111222233334444,20,1.09974849,1.09967983,0.33333334,0.33333334
D1-same-m2,1111222233334444,30,1.09916151,1.09911931,0.33333334,0.33333334
D1-same-m2,1111222233334444,40,1.09894836,1.09889996,0.33333334,0.33333334
D1-same-m2,1111222233334444,50,1.10316968,1.10312426,0.33333334,0.33333334
D1-same-m2,1111222233334444,60,1.09783518,1.09780943,0.33333334,0.33333334
D1-same-m2,1111222233334444,70,1.09530330,1.09537423,0.33333334,0.33333334
D1-same-m2,1111222233334444,80,1.09579122,1.09586060,0.33333334,0.33333334
D1-same-m2,1111222233334444,90,1.09594536,1.09604311,0.33333334,0.33333334
D1-same-m2,1111222233334444,100,1.09315932,1.09325194,0.37500000,0.37500000
D1-same-m2,1111222233334444,110,1.09574473,1.09584785,0.43750000,0.41666666
D1-same-m2,1111222233334444,120,1.09285116,1.09294903,0.47916666,0.47916666
D1-same-m2,1111222233334444,130,1.09402943,1.09416246,0.33333334,0.33333334
D1-same-m2,1111222233334444,140,1.09231615,1.09242094,0.33333334,0.33333334
D1-same-m2,1111222233334444,150,1.09246337,1.09258068,0.33333334,0.33333334
D1-same-m2,1111222233334444,160,1.09479988,1.09494078,0.33333334,0.33333334
D1-same-m2,1111222233334444,170,1.09108853,1.09123790,0.35416666,0.35416666
D1-same-m2,1111222233334444,180,1.09208262,1.09223044,0.33333334,0.33333334
D1-same-m2,1111222233334444,190,1.08690083,1.08702815,0.33333334,0.33333334
D1-same-m2,1111222233334444,200,1.08542252,1.08553100,0.43750000,0.43750000
D1-same-m2,1111222233334444,210,1.08520186,1.08531773,0.37500000,0.37500000
D1-same-m2,1111222233334444,220,1.08611858,1.08627355,0.42708334,0.41666666
D1-same-m2,1111222233334444,230,1.08423793,1.08458424,0.42708334,0.43750000
D1-same-m2,1111222233334444,240,1.07927406,1.07969105,0.36458334,0.37500000
D1-same-m2,1111222233334444,250,1.07734716,1.07771933,0.42708334,0.41666666
D1-same-m2,1111222233334444,260,1.07608569,1.07656968,0.50000000,0.50000000
D1-same-m2,1111222233334444,270,1.07714236,1.07761741,0.33333334,0.33333334
D1-same-m2,1111222233334444,280,1.07206380,1.07264578,0.44791666,0.43750000
D1-same-m2,1111222233334444,290,1.07185161,1.07246697,0.51041669,0.52083331
D1-same-m2,1111222233334444,300,1.07145524,1.07211542,0.45833334,0.45833334
D1-same-m2,1111222233334444,310,1.06672907,1.06753397,0.63541669,0.60416669
D1-same-m2,1111222233334444,320,1.06479013,1.06579471,0.61458331,0.58333331
D1-same-m2,1111222233334444,330,1.06091380,1.06196916,0.62500000,0.58333331
D1-same-m2,1111222233334444,340,1.06066215,1.06185806,0.37500000,0.37500000
D1-same-m2,1111222233334444,350,1.05901742,1.06034338,0.47916666,0.47916666
D1-same-m2,1111222233334444,360,1.05539954,1.05674970,0.54166669,0.50000000
D1-same-m2,1111222233334444,370,1.05415988,1.05542111,0.65625000,0.66666669
D1-same-m2,1111222233334444,380,1.05010498,1.05154979,0.55208331,0.54166669
D1-same-m2,1111222233334444,390,1.05120981,1.05271482,0.38541666,0.39583334
D1-same-m2,1111222233334444,400,1.04571879,1.04738796,0.47916666,0.45833334
D1-same-m2,1111222233334444,410,1.04374909,1.04549992,0.51041669,0.47916666
D1-same-m2,1111222233334444,420,1.04210567,1.04389942,0.52083331,0.54166669
D1-same-m2,1111222233334444,430,1.04168963,1.04355729,0.50000000,0.50000000
D1-same-m2,1111222233334444,440,1.03891242,1.04131782,0.56250000,0.54166669
D1-same-m2,1111222233334444,450,1.04074895,1.04312336,0.40625000,0.39583334
D1-same-m2,1111222233334444,460,1.03933573,1.04178762,0.43750000,0.45833334
D1-same-m2,1111222233334444,470,1.03045690,1.03285205,0.52083331,0.50000000
D1-same-m2,1111222233334444,480,1.03435409,1.03658593,0.48958334,0.50000000
D1-same-m2,1111222233334444,490,1.02781391,1.03034532,0.50000000,0.47916666
D1-same-m2,1111222233334444,500,1.01941335,1.02213824,0.48958334,0.47916666
D1-same-m2,1111222233334444,510,1.01503730,1.01797175,0.48958334,0.50000000
D1-same-m2,1111222233334444,520,1.01094711,1.01405704,0.50000000,0.47916666
D1-same-m2,1111222233334444,530,1.00756848,1.01085556,0.48958334,0.50000000
D1-same-m2,1111222233334444,540,1.00230682,1.00578618,0.50000000,0.50000000
D1-same-m2,1111222233334444,550,0.99819523,1.00168240,0.50000000,0.47916666
D1-same-m2,1111222233334444,560,0.98936319,0.99343330,0.47916666,0.45833334
D1-same-m2,1111222233334444,570,0.98785990,0.99212027,0.47916666,0.45833334
D1-same-m2,1111222233334444,580,0.98593330,0.99037617,0.46875000,0.43750000
D1-same-m2,1111222233334444,590,0.97678763,0.98167390,0.46875000,0.45833334
D1-same-m2,1111222233334444,599,0.97326726,0.97821897,0.45833334,0.45833334
D2-same-m4,2b7e151628aed2a6,0,1.10777330,1.10748518,0.33333334,0.33333334
D2-same-m4,2b7e151628aed2a6,10,1.10570550,1.10550523,0.33333334,0.33333334
D2-same-m4,2b7e151628aed2a6,20,1.10172808,1.10158956,0.33333334,0.33333334
D2-same-m4,2b7e151628aed2a6,30,1.10024178,1.10012972,0.33333334,0.33333334
D2-same-m4,2b7e151628aed2a6,40,1.10349345,1.10341394,0.33333334,0.33333334
D2-same-m4,2b7e151628aed2a6,50,1.10112262,1.10113871,0.33333334,0.33333334
D2-same-m4,2b7e151628aed2a6,60,1.09542191,1.09552753,0.33333334,0.33333334
D2-same-m4,2b7e151628aed2a6,70,1.09405124,1.09435356,0.33333334,0.33333334
D2-same-m4,2b7e151628aed2a6,80,1.08887708,1.08926833,0.33333334,0.33333334
D2-same-m4,2b7e151628aed2a6,90,1.08921051,1.08963692,0.33333334,0.33333334
D2-same-m4,2b7e151628aed2a6,100,1.08557379,1.08612812,0.33333334,0.33333334
D2-same-m4,2b7e151628aed2a6,110,1.09632909,1.09696996,0.45833334,0.47916666
D2-same-m4,2b7e151628aed2a6,120,1.08968937,1.09037840,0.33333334,0.33333334
D2-same-m4,2b7e151628aed2a6,130,1.07968867,1.08061516,0.33333334,0.33333334
D2-same-m4,2b7e151628aed2a6,140,1.07404256,1.07499373,0.33333334,0.33333334
D2-same-m4,2b7e151628aed2a6,150,1.06458414,1.06564271,0.51041669,0.50000000
D2-same-m4,2b7e151628aed2a6,160,1.06792879,1.06899595,0.40625000,0.37500000
D2-same-m4,2b7e151628aed2a6,170,1.06384301,1.06493366,0.45833334,0.45833334
D2-same-m4,2b7e151628aed2a6,180,1.06560230,1.06677639,0.36458334,0.35416666
D2-same-m4,2b7e151628aed2a6,190,1.05465400,1.05574203,0.45833334,0.45833334
D2-same-m4,2b7e151628aed2a6,200,1.05659938,1.05793631,0.44791666,0.45833334
D2-same-m4,2b7e151628aed2a6,210,1.04852045,1.04981327,0.43750000,0.43750000
D2-same-m4,2b7e151628aed2a6,220,1.04968023,1.05103946,0.53125000,0.50000000
D2-same-m4,2b7e151628aed2a6,230,1.03624558,1.03808892,0.52083331,0.52083331
D2-same-m4,2b7e151628aed2a6,240,1.03057253,1.03249788,0.54166669,0.56250000
D2-same-m4,2b7e151628aed2a6,250,1.01011980,1.01291811,0.48958334,0.50000000
D2-same-m4,2b7e151628aed2a6,260,1.00049162,1.00359905,0.48958334,0.45833334
D2-same-m4,2b7e151628aed2a6,270,0.99066114,0.99437189,0.48958334,0.47916666
D2-same-m4,2b7e151628aed2a6,280,0.98110193,0.98585176,0.55208331,0.52083331
D2-same-m4,2b7e151628aed2a6,290,0.97183329,0.97753215,0.52083331,0.52083331
D2-same-m4,2b7e151628aed2a6,300,0.96251607,0.96871871,0.53125000,0.50000000
D2-same-m4,2b7e151628aed2a6,310,0.94924861,0.95503849,0.48958334,0.47916666
D2-same-m4,2b7e151628aed2a6,320,0.94281298,0.94954371,0.52083331,0.54166669
D2-same-m4,2b7e151628aed2a6,330,0.93592972,0.94268513,0.52083331,0.50000000
D2-same-m4,2b7e151628aed2a6,340,0.93089539,0.93810391,0.56250000,0.54166669
D2-same-m4,2b7e151628aed2a6,350,0.92343283,0.92992568,0.58333331,0.56250000
D2-same-m4,2b7e151628aed2a6,360,0.90624040,0.91292506,0.52083331,0.50000000
D2-same-m4,2b7e151628aed2a6,370,0.89706206,0.90535432,0.53125000,0.52083331
D2-same-m4,2b7e151628aed2a6,380,0.88264424,0.89196008,0.52083331,0.47916666
D2-same-m4,2b7e151628aed2a6,390,0.88247234,0.89231902,0.51041669,0.52083331
D2-same-m4,2b7e151628aed2a6,400,0.87667519,0.88687199,0.53125000,0.50000000
D2-same-m4,2b7e151628aed2a6,410,0.86212689,0.87306756,0.53125000,0.54166669
D2-same-m4,2b7e151628aed2a6,420,0.85849118,0.86814457,0.54166669,0.52083331
D2-same-m4,2b7e151628aed2a6,430,0.85002345,0.86037582,0.53125000,0.50000000
D2-same-m4,2b7e151628aed2a6,440,0.84147793,0.85437709,0.55208331,0.54166669
D2-same-m4,2b7e151628aed2a6,450,0.85426039,0.86552674,0.54166669,0.50000000
D2-same-m4,2b7e151628aed2a6,460,0.83690453,0.84779185,0.54166669,0.50000000
D2-same-m4,2b7e151628aed2a6,470,0.84416324,0.85511953,0.58333331,0.58333331
D2-same-m4,2b7e151628aed2a6,480,0.83258563,0.84415287,0.53125000,0.52083331
D2-same-m4,2b7e151628aed2a6,490,0.82874161,0.83910149,0.55208331,0.52083331
D2-same-m4,2b7e151628aed2a6,500,0.84188014,0.85332912,0.61458331,0.62500000
D2-same-m4,2b7e151628aed2a6,510,0.80481911,0.81794858,0.54166669,0.54166669
D2-same-m4,2b7e151628aed2a6,520,0.79969162,0.81317574,0.56250000,0.52083331
D2-same-m4,2b7e151628aed2a6,530,0.79761910,0.81165677,0.54166669,0.50000000
D2-same-m4,2b7e151628aed2a6,540,0.79078323,0.80760688,0.55208331,0.50000000
D2-same-m4,2b7e151628aed2a6,550,0.78878784,0.80545837,0.56250000,0.54166669
D2-same-m4,2b7e151628aed2a6,560,0.78168124,0.80084926,0.54166669,0.52083331
D2-same-m4,2b7e151628aed2a6,570,0.77867359,0.79880476,0.55208331,0.54166669
D2-same-m4,2b7e151628aed2a6,580,0.77877647,0.79994416,0.55208331,0.54166669
D2-same-m4,2b7e151628aed2a6,590,0.77627134,0.79558581,0.55208331,0.50000000
D2-same-m4,2b7e151628aed2a6,599,0.77593565,0.79644006,0.56250000,0.54166669
D2-same-m4,77a19d3c4e280b51,0,1.10777330,1.10748518,0.33333334,0.33333334
D2-same-m4,77a19d3c4e280b51,10,1.10489595,1.10484505,0.33333334,0.33333334
D2-same-m4,77a19d3c4e280b51,20,1.10064733,1.10059869,0.33333334,0.33333334
D2-same-m4,77a19d3c4e280b51,30,1.11425257,1.11420631,0.33333334,0.33333334
D2-same-m4,77a19d3c4e280b51,40,1.10088539,1.10089588,0.33333334,0.33333334
D2-same-m4,77a19d3c4e280b51,50,1.10687184,1.10682583,0.33333334,0.33333334
D2-same-m4,77a19d3c4e280b51,60,1.10961580,1.10962999,0.33333334,0.33333334
D2-same-m4,77a19d3c4e280b51,70,1.09463131,1.09481299,0.33333334,0.33333334
D2-same-m4,77a19d3c4e280b51,80,1.09199703,1.09226024,0.37500000,0.39583334
D2-same-m4,77a19d3c4e280b51,90,1.08594000,1.08628356,0.50000000,0.50000000
D2-same-m4,77a19d3c4e280b51,100,1.08342528,1.08393681,0.47916666,0.43750000
D2-same-m4,77a19d3c4e280b51,110,1.08511257,1.08570528,0.33333334,0.33333334
D2-same-m4,77a19d3c4e280b51,120,1.09071577,1.09138644,0.35416666,0.35416666
D2-same-m4,77a19d3c4e280b51,130,1.07091808,1.07181251,0.56250000,0.56250000
D2-same-m4,77a19d3c4e280b51,140,1.06536484,1.06671965,0.38541666,0.39583334
D2-same-m4,77a19d3c4e280b51,150,1.05555403,1.05724216,0.46875000,0.45833334
D2-same-m4,77a19d3c4e280b51,160,1.04936993,1.05114162,0.50000000,0.47916666
D2-same-m4,77a19d3c4e280b51,170,1.04348862,1.04570055,0.52083331,0.52083331
D2-same-m4,77a19d3c4e280b51,180,1.02229726,1.02608740,0.52083331,0.50000000
D2-same-m4,77a19d3c4e280b51,190,1.01083815,1.01491737,0.46875000,0.47916666
D2-same-m4,77a19d3c4e280b51,200,0.99856472,1.00294137,0.50000000,0.50000000
D2-same-m4,77a19d3c4e280b51,210,0.99500966,0.99961609,0.48958334,0.50000000
D2-same-m4,77a19d3c4e280b51,220,0.98194915,0.98770946,0.42708334,0.45833334
D2-same-m4,77a19d3c4e280b51,230,0.98758990,0.99294740,0.53125000,0.52083331
D2-same-m4,77a19d3c4e280b51,240,0.97025681,0.97757143,0.43750000,0.43750000
D2-same-m4,77a19d3c4e280b51,250,0.95651311,0.96379423,0.46875000,0.47916666
D2-same-m4,77a19d3c4e280b51,260,0.94586307,0.95467621,0.46875000,0.47916666
D2-same-m4,77a19d3c4e280b51,270,0.94469398,0.95518923,0.43750000,0.43750000
D2-same-m4,77a19d3c4e280b51,280,0.94502717,0.95847887,0.44791666,0.43750000
D2-same-m4,77a19d3c4e280b51,290,0.94305468,0.95501119,0.43750000,0.45833334
D2-same-m4,77a19d3c4e280b51,300,0.93110108,0.94313693,0.47916666,0.47916666
D2-same-m4,77a19d3c4e280b51,310,0.93387824,0.94804716,0.43750000,0.47916666
D2-same-m4,77a19d3c4e280b51,320,0.94054073,0.95229465,0.58333331,0.60416669
D2-same-m4,77a19d3c4e280b51,330,0.92211074,0.93331152,0.54166669,0.50000000
D2-same-m4,77a19d3c4e280b51,340,0.91662025,0.92705995,0.52083331,0.50000000
D2-same-m4,77a19d3c4e280b51,350,0.89925843,0.90997225,0.51041669,0.47916666
D2-same-m4,77a19d3c4e280b51,360,0.89526123,0.90904647,0.51041669,0.47916666
D2-same-m4,77a19d3c4e280b51,370,0.90486676,0.92085868,0.45833334,0.45833334
D2-same-m4,77a19d3c4e280b51,380,0.88531083,0.89754397,0.51041669,0.50000000
D2-same-m4,77a19d3c4e280b51,390,0.88494372,0.89668351,0.53125000,0.56250000
D2-same-m4,77a19d3c4e280b51,400,0.87346768,0.88703746,0.51041669,0.50000000
D2-same-m4,77a19d3c4e280b51,410,0.86956328,0.88212353,0.50000000,0.50000000
D2-same-m4,77a19d3c4e280b51,420,0.86794287,0.88009912,0.53125000,0.52083331
D2-same-m4,77a19d3c4e280b51,430,0.85753375,0.87056631,0.57291669,0.56250000
D2-same-m4,77a19d3c4e280b51,440,0.84197778,0.85799831,0.50000000,0.47916666
D2-same-m4,77a19d3c4e280b51,450,0.83129263,0.85053080,0.52083331,0.52083331
D2-same-m4,77a19d3c4e280b51,460,0.82383460,0.84258181,0.54166669,0.54166669
D2-same-m4,77a19d3c4e280b51,470,0.82256705,0.84200430,0.58333331,0.60416669
D2-same-m4,77a19d3c4e280b51,480,0.81742257,0.83421129,0.57291669,0.54166669
D2-same-m4,77a19d3c4e280b51,490,0.82286495,0.83851069,0.58333331,0.58333331
D2-same-m4,77a19d3c4e280b51,500,0.82049370,0.83564669,0.56250000,0.56250000
D2-same-m4,77a19d3c4e280b51,510,0.81016940,0.82753134,0.54166669,0.56250000
D2-same-m4,77a19d3c4e280b51,520,0.81090045,0.82729745,0.54166669,0.52083331
D2-same-m4,77a19d3c4e280b51,530,0.80787510,0.82615882,0.54166669,0.54166669
D2-same-m4,77a19d3c4e280b51,540,0.80091745,0.81985968,0.53125000,0.54166669
D2-same-m4,77a19d3c4e280b51,550,0.80773801,0.82951754,0.55208331,0.54166669
D2-same-m4,77a19d3c4e280b51,560,0.78597999,0.80894727,0.54166669,0.54166669
D2-same-m4,77a19d3c4e280b51,570,0.78191996,0.80498385,0.53125000,0.52083331
D2-same-m4,77a19d3c4e280b51,580,0.78334957,0.80707598,0.56250000,0.52083331
D2-same-m4,77a19d3c4e280b51,590,0.78937167,0.81170315,0.56250000,0.54166669
D2-same-m4,77a19d3c4e280b51,599,0.80006862,0.82250828,0.56250000,0.54166669
D2-same-m4,1111222233334444,0,1.10944104,1.10920727,0.33333334,0.33333334
D2-same-m4,1111222233334444,10,1.10016704,1.10020530,0.33333334,0.33333334
D2-same-m4,1111222233334444,20,1.10190570,1.10189021,0.33333334,0.33333334
D2-same-m4,1111222233334444,30,1.09797597,1.09801471,0.33333334,0.33333334
D2-same-m4,1111222233334444,40,1.09693801,1.09694970,0.33333334,0.33333334
D2-same-m4,1111222233334444,50,1.10497940,1.10501301,0.33333334,0.33333334
D2-same-m4,1111222233334444,60,1.09351897,1.09360671,0.33333334,0.33333334
D2-same-m4,1111222233334444,70,1.08803880,1.08835280,0.33333334,0.33333334
D2-same-m4,1111222233334444,80,1.09014046,1.09049881,0.33333334,0.33333334
D2-same-m4,1111222233334444,90,1.08454418,1.08496940,0.33333334,0.33333334
D2-same-m4,1111222233334444,100,1.08161485,1.08209896,0.33333334,0.33333334
D2-same-m4,1111222233334444,110,1.08545554,1.08598197,0.41666666,0.41666666
D2-same-m4,1111222233334444,120,1.07750976,1.07802522,0.64583331,0.62500000
D2-same-m4,1111222233334444,130,1.08288074,1.08356750,0.33333334,0.33333334
D2-same-m4,1111222233334444,140,1.07565129,1.07628441,0.35416666,0.35416666
D2-same-m4,1111222233334444,150,1.07240856,1.07311451,0.53125000,0.54166669
D2-same-m4,1111222233334444,160,1.07145786,1.07227838,0.33333334,0.33333334
D2-same-m4,1111222233334444,170,1.06604278,1.06693280,0.57291669,0.58333331
D2-same-m4,1111222233334444,180,1.06630087,1.06728256,0.34375000,0.37500000
D2-same-m4,1111222233334444,190,1.04515505,1.04624009,0.51041669,0.47916666
D2-same-m4,1111222233334444,200,1.04317367,1.04463685,0.54166669,0.52083331
D2-same-m4,1111222233334444,210,1.03244007,1.03425848,0.44791666,0.43750000
D2-same-m4,1111222233334444,220,1.02651966,1.02884638,0.53125000,0.54166669
D2-same-m4,1111222233334444,230,1.01272023,1.01592600,0.50000000,0.50000000
D2-same-m4,1111222233334444,240,0.99312717,0.99740696,0.51041669,0.50000000
D2-same-m4,1111222233334444,250,0.97493285,0.97988987,0.52083331,0.52083331
D2-same-m4,1111222233334444,260,0.96719289,0.97304434,0.47916666,0.52083331
D2-same-m4,1111222233334444,270,0.96246535,0.96838260,0.54166669,0.58333331
D2-same-m4,1111222233334444,280,0.94991463,0.95665950,0.50000000,0.52083331
D2-same-m4,1111222233334444,290,0.94483656,0.95181614,0.52083331,0.52083331
D2-same-m4,1111222233334444,300,0.92784148,0.93620896,0.53125000,0.50000000
D2-same-m4,1111222233334444,310,0.91712600,0.92560005,0.53125000,0.50000000
D2-same-m4,1111222233334444,320,0.90843290,0.91795087,0.53125000,0.54166669
D2-same-m4,1111222233334444,330,0.90179998,0.91210169,0.48958334,0.47916666
D2-same-m4,1111222233334444,340,0.90729183,0.91865987,0.48958334,0.45833334
D2-same-m4,1111222233334444,350,0.88744801,0.89936572,0.54166669,0.52083331
D2-same-m4,1111222233334444,360,0.88026190,0.89120287,0.51041669,0.50000000
D2-same-m4,1111222233334444,370,0.86926943,0.88091373,0.52083331,0.52083331
D2-same-m4,1111222233334444,380,0.85935181,0.87182045,0.51041669,0.50000000
D2-same-m4,1111222233334444,390,0.85994548,0.87180567,0.51041669,0.47916666
D2-same-m4,1111222233334444,400,0.84774750,0.86101073,0.52083331,0.50000000
D2-same-m4,1111222233334444,410,0.85200733,0.86524004,0.55208331,0.50000000
D2-same-m4,1111222233334444,420,0.84615928,0.85925931,0.52083331,0.50000000
D2-same-m4,1111222233334444,430,0.83955741,0.85252661,0.52083331,0.50000000
D2-same-m4,1111222233334444,440,0.83588094,0.85214037,0.52083331,0.52083331
D2-same-m4,1111222233334444,450,0.83892053,0.85438895,0.52083331,0.52083331
D2-same-m4,1111222233334444,460,0.82514459,0.84101099,0.52083331,0.52083331
D2-same-m4,1111222233334444,470,0.82155901,0.83810854,0.52083331,0.47916666
D2-same-m4,1111222233334444,480,0.82616013,0.84470528,0.52083331,0.50000000
D2-same-m4,1111222233334444,490,0.80417490,0.82397717,0.52083331,0.50000000
D2-same-m4,1111222233334444,500,0.80257708,0.82453632,0.54166669,0.52083331
D2-same-m4,1111222233334444,510,0.80200058,0.82256341,0.56250000,0.52083331
D2-same-m4,1111222233334444,520,0.79735112,0.81901103,0.53125000,0.50000000
D2-same-m4,1111222233334444,530,0.79029435,0.81193757,0.54166669,0.52083331
D2-same-m4,1111222233334444,540,0.79149383,0.81232470,0.54166669,0.54166669
D2-same-m4,1111222233334444,550,0.78700662,0.80853301,0.55208331,0.54166669
D2-same-m4,1111222233334444,560,0.79086322,0.81264073,0.54166669,0.54166669
D2-same-m4,1111222233334444,570,0.79745501,0.81954724,0.55208331,0.54166669
D2-same-m4,1111222233334444,580,0.84470397,0.86520189,0.61458331,0.62500000
D2-same-m4,1111222233334444,590,0.78922009,0.81035596,0.55208331,0.52083331
D2-same-m4,1111222233334444,599,0.78806382,0.80815768,0.55208331,0.52083331
D3-same-m8,2b7e151628aed2a6,0,1.10570371,1.10537982,0.33333334,0.33333334
D3-same-m8,2b7e151628aed2a6,10,1.11125791,1.11104453,0.33333334,0.33333334
D3-same-m8,2b7e151628aed2a6,20,1.09648418,1.09650326,0.33333334,0.33333334
D3-same-m8,2b7e151628aed2a6,30,1.09499598,1.09516311,0.33333334,0.33333334
D3-same-m8,2b7e151628aed2a6,40,1.10039139,1.10060751,0.33333334,0.33333334
D3-same-m8,2b7e151628aed2a6,50,1.08201063,1.08292925,0.40625000,0.41666666
D3-same-m8,2b7e151628aed2a6,60,1.06188667,1.06306255,0.50000000,0.47916666
D3-same-m8,2b7e151628aed2a6,70,1.05236042,1.05376470,0.51041669,0.50000000
D3-same-m8,2b7e151628aed2a6,80,1.01568496,1.01840067,0.57291669,0.54166669
D3-same-m8,2b7e151628aed2a6,90,0.98510671,0.98889065,0.54166669,0.50000000
D3-same-m8,2b7e151628aed2a6,100,0.97159624,0.97676140,0.50000000,0.50000000
D3-same-m8,2b7e151628aed2a6,110,1.01082742,1.01632476,0.44791666,0.43750000
D3-same-m8,2b7e151628aed2a6,120,0.96168852,0.96991450,0.50000000,0.50000000
D3-same-m8,2b7e151628aed2a6,130,0.94596845,0.95568484,0.47916666,0.45833334
D3-same-m8,2b7e151628aed2a6,140,0.92857450,0.93886477,0.51041669,0.54166669
D3-same-m8,2b7e151628aed2a6,150,0.94437832,0.95350486,0.53125000,0.52083331
D3-same-m8,2b7e151628aed2a6,160,0.90213102,0.91143823,0.56250000,0.56250000
D3-same-m8,2b7e151628aed2a6,170,0.86841828,0.88149220,0.54166669,0.52083331
D3-same-m8,2b7e151628aed2a6,180,0.84660548,0.86419719,0.56250000,0.56250000
D3-same-m8,2b7e151628aed2a6,190,0.83932668,0.85570025,0.56250000,0.54166669
D3-same-m8,2b7e151628aed2a6,200,0.84141165,0.85971564,0.55208331,0.56250000
D3-same-m8,2b7e151628aed2a6,210,0.83164400,0.85008854,0.53125000,0.54166669
D3-same-m8,2b7e151628aed2a6,220,0.81236583,0.82777029,0.53125000,0.52083331
D3-same-m8,2b7e151628aed2a6,230,0.80273628,0.82207268,0.55208331,0.54166669
D3-same-m8,2b7e151628aed2a6,240,0.80638760,0.82753617,0.57291669,0.56250000
D3-same-m8,2b7e151628aed2a6,250,0.79794884,0.81939441,0.55208331,0.56250000
D3-same-m8,2b7e151628aed2a6,260,0.79481077,0.81489962,0.54166669,0.54166669
D3-same-m8,2b7e151628aed2a6,270,0.77085018,0.79209214,0.55208331,0.54166669
D3-same-m8,2b7e151628aed2a6,280,0.77170032,0.79649228,0.57291669,0.54166669
D3-same-m8,2b7e151628aed2a6,290,0.75712794,0.78092188,0.58333331,0.58333331
D3-same-m8,2b7e151628aed2a6,300,0.75646132,0.77858645,0.56250000,0.54166669
D3-same-m8,2b7e151628aed2a6,310,0.74326473,0.76356220,0.58333331,0.54166669
D3-same-m8,2b7e151628aed2a6,320,0.74352312,0.76784730,0.58333331,0.56250000
D3-same-m8,2b7e151628aed2a6,330,0.77033919,0.78842473,0.55208331,0.54166669
D3-same-m8,2b7e151628aed2a6,340,0.77081680,0.79153508,0.59375000,0.56250000
D3-same-m8,2b7e151628aed2a6,350,0.75386435,0.77260095,0.57291669,0.56250000
D3-same-m8,2b7e151628aed2a6,360,0.75122386,0.76934963,0.57291669,0.58333331
D3-same-m8,2b7e151628aed2a6,370,0.79832387,0.81911117,0.61458331,0.60416669
D3-same-m8,2b7e151628aed2a6,380,0.73812556,0.76649040,0.57291669,0.54166669
D3-same-m8,2b7e151628aed2a6,390,0.72182137,0.74444175,0.59375000,0.56250000
D3-same-m8,2b7e151628aed2a6,400,0.72906518,0.75583798,0.58333331,0.56250000
D3-same-m8,2b7e151628aed2a6,410,0.71987748,0.74820405,0.58333331,0.56250000
D3-same-m8,2b7e151628aed2a6,420,0.71505731,0.73944932,0.61458331,0.60416669
D3-same-m8,2b7e151628aed2a6,430,0.71216410,0.73770505,0.65625000,0.66666669
D3-same-m8,2b7e151628aed2a6,440,0.73118573,0.75368476,0.67708331,0.64583331
D3-same-m8,2b7e151628aed2a6,450,0.68945867,0.71342516,0.62500000,0.60416669
D3-same-m8,2b7e151628aed2a6,460,0.67310911,0.69783038,0.60416669,0.58333331
D3-same-m8,2b7e151628aed2a6,470,0.73149949,0.75072271,0.64583331,0.62500000
D3-same-m8,2b7e151628aed2a6,480,0.72353929,0.74185175,0.64583331,0.62500000
D3-same-m8,2b7e151628aed2a6,490,0.69939917,0.71786046,0.59375000,0.56250000
D3-same-m8,2b7e151628aed2a6,500,0.73354363,0.76026815,0.65625000,0.64583331
D3-same-m8,2b7e151628aed2a6,510,0.66021389,0.68715256,0.62500000,0.60416669
D3-same-m8,2b7e151628aed2a6,520,0.66185302,0.68451333,0.63541669,0.64583331
D3-same-m8,2b7e151628aed2a6,530,0.67297387,0.69771701,0.62500000,0.64583331
D3-same-m8,2b7e151628aed2a6,540,0.64339298,0.67124957,0.64583331,0.60416669
D3-same-m8,2b7e151628aed2a6,550,0.68101358,0.70677257,0.67708331,0.64583331
D3-same-m8,2b7e151628aed2a6,560,0.63488090,0.66233689,0.64583331,0.64583331
D3-same-m8,2b7e151628aed2a6,570,0.69258714,0.73033637,0.61458331,0.62500000
D3-same-m8,2b7e151628aed2a6,580,0.66690660,0.69413042,0.65625000,0.62500000
D3-same-m8,2b7e151628aed2a6,590,0.63800925,0.66168487,0.62500000,0.60416669
D3-same-m8,2b7e151628aed2a6,599,0.63171756,0.66431946,0.64583331,0.62500000
D3-same-m8,77a19d3c4e280b51,0,1.10570371,1.10537982,0.33333334,0.33333334
D3-same-m8,77a19d3c4e280b51,10,1.10155737,1.10154307,0.33333334,0.33333334
D3-same-m8,77a19d3c4e280b51,20,1.09695864,1.09695947,0.33333334,0.33333334
D3-same-m8,77a19d3c4e280b51,30,1.10893476,1.10902655,0.33333334,0.33333334
D3-same-m8,77a19d3c4e280b51,40,1.09410548,1.09443212,0.33333334,0.33333334
D3-same-m8,77a19d3c4e280b51,50,1.11271703,1.11303782,0.33333334,0.33333334
D3-same-m8,77a19d3c4e280b51,60,1.11410034,1.11470425,0.33333334,0.33333334
D3-same-m8,77a19d3c4e280b51,70,1.07511675,1.07647860,0.40625000,0.41666666
D3-same-m8,77a19d3c4e280b51,80,1.06993878,1.07159364,0.33333334,0.33333334
D3-same-m8,77a19d3c4e280b51,90,1.05885017,1.06021369,0.45833334,0.45833334
D3-same-m8,77a19d3c4e280b51,100,1.05170619,1.05361784,0.48958334,0.47916666
D3-same-m8,77a19d3c4e280b51,110,1.03834808,1.04152143,0.41666666,0.37500000
D3-same-m8,77a19d3c4e280b51,120,1.01968300,1.02280080,0.63541669,0.62500000
D3-same-m8,77a19d3c4e280b51,130,0.98126483,0.98630786,0.45833334,0.43750000
D3-same-m8,77a19d3c4e280b51,140,0.95212412,0.96013308,0.47916666,0.45833334
D3-same-m8,77a19d3c4e280b51,150,0.95804858,0.96324939,0.52083331,0.52083331
D3-same-m8,77a19d3c4e280b51,160,0.94779235,0.95774245,0.48958334,0.47916666
D3-same-m8,77a19d3c4e280b51,170,0.94187212,0.95112377,0.50000000,0.50000000
D3-same-m8,77a19d3c4e280b51,180,0.95472360,0.96819323,0.46875000,0.47916666
D3-same-m8,77a19d3c4e280b51,190,0.93240637,0.94381219,0.47916666,0.47916666
D3-same-m8,77a19d3c4e280b51,200,0.92329496,0.93002254,0.47916666,0.47916666
D3-same-m8,77a19d3c4e280b51,210,0.91132814,0.92197591,0.50000000,0.50000000
D3-same-m8,77a19d3c4e280b51,220,0.90634340,0.91866803,0.52083331,0.50000000
D3-same-m8,77a19d3c4e280b51,230,0.90787858,0.92171603,0.58333331,0.54166669
D3-same-m8,77a19d3c4e280b51,240,0.90811229,0.92605156,0.50000000,0.47916666
D3-same-m8,77a19d3c4e280b51,250,0.88540119,0.90040928,0.52083331,0.47916666
D3-same-m8,77a19d3c4e280b51,260,0.87853527,0.89632815,0.50000000,0.52083331
D3-same-m8,77a19d3c4e280b51,270,0.85725790,0.87445259,0.50000000,0.47916666
D3-same-m8,77a19d3c4e280b51,280,0.85455936,0.87919432,0.51041669,0.50000000
D3-same-m8,77a19d3c4e280b51,290,0.84070402,0.86067843,0.52083331,0.50000000
D3-same-m8,77a19d3c4e280b51,300,0.81262797,0.83437443,0.52083331,0.47916666
D3-same-m8,77a19d3c4e280b51,310,0.80395389,0.82551879,0.53125000,0.47916666
D3-same-m8,77a19d3c4e280b51,320,0.85007328,0.87340802,0.58333331,0.58333331
D3-same-m8,77a19d3c4e280b51,330,0.81771684,0.83879805,0.54166669,0.54166669
D3-same-m8,77a19d3c4e280b51,340,0.78304189,0.80576903,0.55208331,0.52083331
D3-same-m8,77a19d3c4e280b51,350,0.77761221,0.80382138,0.52083331,0.47916666
D3-same-m8,77a19d3c4e280b51,360,0.78676230,0.81330085,0.52083331,0.50000000
D3-same-m8,77a19d3c4e280b51,370,0.84613299,0.88141996,0.54166669,0.52083331
D3-same-m8,77a19d3c4e280b51,380,0.79881555,0.81746858,0.53125000,0.52083331
D3-same-m8,77a19d3c4e280b51,390,0.78048664,0.80294752,0.57291669,0.56250000
D3-same-m8,77a19d3c4e280b51,400,0.76014352,0.78809506,0.54166669,0.52083331
D3-same-m8,77a19d3c4e280b51,410,0.76714450,0.79089212,0.57291669,0.54166669
D3-same-m8,77a19d3c4e280b51,420,0.79269463,0.81426835,0.56250000,0.56250000
D3-same-m8,77a19d3c4e280b51,430,0.78285581,0.80482936,0.58333331,0.60416669
D3-same-m8,77a19d3c4e280b51,440,0.75686365,0.79098111,0.60416669,0.58333331
D3-same-m8,77a19d3c4e280b51,450,0.76320642,0.80159545,0.62500000,0.60416669
D3-same-m8,77a19d3c4e280b51,460,0.74699992,0.77828819,0.60416669,0.60416669
D3-same-m8,77a19d3c4e280b51,470,0.74297285,0.77301246,0.61458331,0.60416669
D3-same-m8,77a19d3c4e280b51,480,0.71185201,0.74119687,0.60416669,0.58333331
D3-same-m8,77a19d3c4e280b51,490,0.72389215,0.75142032,0.59375000,0.58333331
D3-same-m8,77a19d3c4e280b51,500,0.72209948,0.74377251,0.58333331,0.60416669
D3-same-m8,77a19d3c4e280b51,510,0.70021266,0.72258216,0.59375000,0.56250000
D3-same-m8,77a19d3c4e280b51,520,0.72078246,0.74000716,0.67708331,0.64583331
D3-same-m8,77a19d3c4e280b51,530,0.69167000,0.71443254,0.61458331,0.56250000
D3-same-m8,77a19d3c4e280b51,540,0.71237558,0.73808604,0.66666669,0.64583331
D3-same-m8,77a19d3c4e280b51,550,0.74538738,0.78363276,0.61458331,0.60416669
D3-same-m8,77a19d3c4e280b51,560,0.69238371,0.72247076,0.61458331,0.60416669
D3-same-m8,77a19d3c4e280b51,570,0.68514681,0.72157651,0.62500000,0.58333331
D3-same-m8,77a19d3c4e280b51,580,0.74168849,0.78263450,0.60416669,0.60416669
D3-same-m8,77a19d3c4e280b51,590,0.68088084,0.70813346,0.66666669,0.66666669
D3-same-m8,77a19d3c4e280b51,599,0.70658952,0.73284751,0.64583331,0.66666669
D3-same-m8,1111222233334444,0,1.10850418,1.10829008,0.33333334,0.33333334
D3-same-m8,1111222233334444,10,1.09458923,1.09498906,0.33333334,0.33333334
D3-same-m8,1111222233334444,20,1.10673892,1.10699141,0.33333334,0.33333334
D3-same-m8,1111222233334444,30,1.09009826,1.09047449,0.33333334,0.33333334
D3-same-m8,1111222233334444,40,1.08422792,1.08445013,0.48958334,0.47916666
D3-same-m8,1111222233334444,50,1.09028137,1.09060228,0.33333334,0.33333334
D3-same-m8,1111222233334444,60,1.07127655,1.07132959,0.44791666,0.45833334
D3-same-m8,1111222233334444,70,1.04006708,1.04094303,0.47916666,0.47916666
D3-same-m8,1111222233334444,80,1.03577387,1.03721821,0.45833334,0.45833334
D3-same-m8,1111222233334444,90,1.01912224,1.02087986,0.48958334,0.47916666
D3-same-m8,1111222233334444,100,0.98929709,0.99218249,0.56250000,0.56250000
D3-same-m8,1111222233334444,110,0.99379015,0.99786407,0.44791666,0.47916666
D3-same-m8,1111222233334444,120,0.94497567,0.94940472,0.57291669,0.54166669
D3-same-m8,1111222233334444,130,0.92902535,0.93534660,0.54166669,0.52083331
D3-same-m8,1111222233334444,140,0.90680581,0.91301733,0.52083331,0.52083331
D3-same-m8,1111222233334444,150,0.87984961,0.88647509,0.53125000,0.52083331
D3-same-m8,1111222233334444,160,0.87112910,0.87836570,0.51041669,0.52083331
D3-same-m8,1111222233334444,170,0.82582068,0.83648604,0.52083331,0.52083331
D3-same-m8,1111222233334444,180,0.82168478,0.83416444,0.56250000,0.52083331
D3-same-m8,1111222233334444,190,0.79178905,0.80662107,0.54166669,0.56250000
D3-same-m8,1111222233334444,200,0.78358203,0.79767960,0.53125000,0.54166669
D3-same-m8,1111222233334444,210,0.76890153,0.78312588,0.56250000,0.50000000
D3-same-m8,1111222233334444,220,0.78581023,0.80144089,0.58333331,0.58333331
D3-same-m8,1111222233334444,230,0.76368409,0.78295916,0.61458331,0.60416669
D3-same-m8,1111222233334444,240,0.76118904,0.78113562,0.54166669,0.50000000
D3-same-m8,1111222233334444,250,0.76670069,0.78855008,0.62500000,0.60416669
D3-same-m8,1111222233334444,260,0.73875070,0.75627083,0.58333331,0.56250000
D3-same-m8,1111222233334444,270,0.71903992,0.74045712,0.59375000,0.56250000
D3-same-m8,1111222233334444,280,0.71870619,0.74239635,0.58333331,0.56250000
D3-same-m8,1111222233334444,290,0.72345191,0.74387598,0.57291669,0.52083331
D3-same-m8,1111222233334444,300,0.71041065,0.73486441,0.61458331,0.60416669
D3-same-m8,1111222233334444,310,0.69239450,0.71655363,0.60416669,0.62500000
D3-same-m8,1111222233334444,320,0.73150229,0.76002008,0.64583331,0.62500000
D3-same-m8,1111222233334444,330,0.70435959,0.73089916,0.58333331,0.54166669
D3-same-m8,1111222233334444,340,0.69232011,0.71190733,0.58333331,0.56250000
D3-same-m8,1111222233334444,350,0.69429135,0.71559024,0.60416669,0.64583331
D3-same-m8,1111222233334444,360,0.71326083,0.73475271,0.56250000,0.54166669
D3-same-m8,1111222233334444,370,0.67112374,0.69073015,0.58333331,0.58333331
D3-same-m8,1111222233334444,380,0.70725393,0.72373056,0.55208331,0.56250000
D3-same-m8,1111222233334444,390,0.67652494,0.69383889,0.59375000,0.60416669
D3-same-m8,1111222233334444,400,0.67016679,0.69029504,0.57291669,0.58333331
D3-same-m8,1111222233334444,410,0.66354972,0.68198949,0.59375000,0.58333331
D3-same-m8,1111222233334444,420,0.69751364,0.71757931,0.66666669,0.64583331
D3-same-m8,1111222233334444,430,0.66671449,0.68251705,0.61458331,0.56250000
D3-same-m8,1111222233334444,440,0.64479631,0.67259687,0.61458331,0.58333331
D3-same-m8,1111222233334444,450,0.65038604,0.67762166,0.63541669,0.60416669
D3-same-m8,1111222233334444,460,0.63970762,0.66699523,0.70833331,0.66666669
D3-same-m8,1111222233334444,470,0.62858516,0.65436214,0.67708331,0.66666669
D3-same-m8,1111222233334444,480,0.66524136,0.70292759,0.63541669,0.58333331
D3-same-m8,1111222233334444,490,0.63442713,0.67013574,0.65625000,0.66666669
D3-same-m8,1111222233334444,500,0.64278215,0.67930943,0.65625000,0.64583331
D3-same-m8,1111222233334444,510,0.63837391,0.66981196,0.65625000,0.62500000
D3-same-m8,1111222233334444,520,0.62271601,0.65234876,0.65625000,0.62500000
D3-same-m8,1111222233334444,530,0.61404544,0.64042717,0.66666669,0.64583331
D3-same-m8,1111222233334444,540,0.61035937,0.63524455,0.65625000,0.64583331
D3-same-m8,1111222233334444,550,0.61645997,0.63859713,0.63541669,0.62500000
D3-same-m8,1111222233334444,560,0.61007679,0.63407940,0.66666669,0.62500000
D3-same-m8,1111222233334444,570,0.61466163,0.64205194,0.65625000,0.62500000
D3-same-m8,1111222233334444,580,0.65403819,0.67699331,0.75000000,0.75000000
D3-same-m8,1111222233334444,590,0.59588307,0.62056798,0.70833331,0.72916669
D3-same-m8,1111222233334444,599,0.59331346,0.61734390,0.70833331,0.70833331
D4-independent-m1,2b7e151628aed2a6,0,1.11125708,1.11100912,0.33333334,0.33333334
D4-independent-m1,2b7e151628aed2a6,10,1.10879409,1.10863805,0.33333334,0.33333334
D4-independent-m1,2b7e151628aed2a6,20,1.10811985,1.10795176,0.33333334,0.33333334
D4-independent-m1,2b7e151628aed2a6,30,1.10419047,1.10402596,0.33333334,0.33333334
D4-independent-m1,2b7e151628aed2a6,40,1.10270536,1.10256994,0.33333334,0.33333334
D4-independent-m1,2b7e151628aed2a6,50,1.10039020,1.10029566,0.33333334,0.33333334
D4-independent-m1,2b7e151628aed2a6,60,1.09908640,1.09901321,0.33333334,0.33333334
D4-independent-m1,2b7e151628aed2a6,70,1.09837759,1.09830475,0.33333334,0.33333334
D4-independent-m1,2b7e151628aed2a6,80,1.09758484,1.09753919,0.33333334,0.33333334
D4-independent-m1,2b7e151628aed2a6,90,1.09726083,1.09723508,0.48958334,0.47916666
D4-independent-m1,2b7e151628aed2a6,100,1.09706676,1.09708512,0.33333334,0.33333334
D4-independent-m1,2b7e151628aed2a6,110,1.09681118,1.09684336,0.33333334,0.33333334
D4-independent-m1,2b7e151628aed2a6,120,1.09610236,1.09616625,0.47916666,0.47916666
D4-independent-m1,2b7e151628aed2a6,130,1.09487236,1.09498215,0.33333334,0.33333334
D4-independent-m1,2b7e151628aed2a6,140,1.09330010,1.09342849,0.33333334,0.33333334
D4-independent-m1,2b7e151628aed2a6,150,1.09275949,1.09290063,0.43750000,0.43750000
D4-independent-m1,2b7e151628aed2a6,160,1.09223092,1.09237671,0.41666666,0.43750000
D4-independent-m1,2b7e151628aed2a6,170,1.09233737,1.09249139,0.33333334,0.33333334
D4-independent-m1,2b7e151628aed2a6,180,1.09164178,1.09184277,0.33333334,0.33333334
D4-independent-m1,2b7e151628aed2a6,190,1.09129584,1.09151983,0.33333334,0.33333334
D4-independent-m1,2b7e151628aed2a6,200,1.08981943,1.09005260,0.33333334,0.33333334
D4-independent-m1,2b7e151628aed2a6,210,1.08803189,1.08830893,0.45833334,0.47916666
D4-independent-m1,2b7e151628aed2a6,220,1.08738422,1.08768892,0.51041669,0.52083331
D4-independent-m1,2b7e151628aed2a6,230,1.08597219,1.08636487,0.45833334,0.47916666
D4-independent-m1,2b7e151628aed2a6,240,1.08455217,1.08497059,0.50000000,0.47916666
D4-independent-m1,2b7e151628aed2a6,250,1.08266127,1.08311903,0.45833334,0.45833334
D4-independent-m1,2b7e151628aed2a6,260,1.08275712,1.08329403,0.33333334,0.33333334
D4-independent-m1,2b7e151628aed2a6,270,1.08183205,1.08243024,0.33333334,0.33333334
D4-independent-m1,2b7e151628aed2a6,280,1.08003926,1.08066773,0.46875000,0.50000000
D4-independent-m1,2b7e151628aed2a6,290,1.08011687,1.08079338,0.40625000,0.41666666
D4-independent-m1,2b7e151628aed2a6,300,1.07861733,1.07932925,0.43750000,0.41666666
D4-independent-m1,2b7e151628aed2a6,310,1.07654309,1.07727706,0.48958334,0.47916666
D4-independent-m1,2b7e151628aed2a6,320,1.07523990,1.07614410,0.51041669,0.47916666
D4-independent-m1,2b7e151628aed2a6,330,1.07318473,1.07416725,0.52083331,0.54166669
D4-independent-m1,2b7e151628aed2a6,340,1.07225502,1.07325852,0.53125000,0.52083331
D4-independent-m1,2b7e151628aed2a6,350,1.07125902,1.07228291,0.51041669,0.54166669
D4-independent-m1,2b7e151628aed2a6,360,1.07050514,1.07158482,0.50000000,0.50000000
D4-independent-m1,2b7e151628aed2a6,370,1.06799579,1.06913030,0.52083331,0.52083331
D4-independent-m1,2b7e151628aed2a6,380,1.06551778,1.06676948,0.56250000,0.56250000
D4-independent-m1,2b7e151628aed2a6,390,1.06347287,1.06479585,0.50000000,0.50000000
D4-independent-m1,2b7e151628aed2a6,400,1.06168783,1.06304085,0.46875000,0.47916666
D4-independent-m1,2b7e151628aed2a6,410,1.05946076,1.06090939,0.44791666,0.45833334
D4-independent-m1,2b7e151628aed2a6,420,1.05804741,1.05952203,0.43750000,0.43750000
D4-independent-m1,2b7e151628aed2a6,430,1.05540192,1.05708671,0.47916666,0.43750000
D4-independent-m1,2b7e151628aed2a6,440,1.05275452,1.05441272,0.54166669,0.52083331
D4-independent-m1,2b7e151628aed2a6,450,1.05073977,1.05257189,0.51041669,0.47916666
D4-independent-m1,2b7e151628aed2a6,460,1.04788697,1.04989088,0.51041669,0.54166669
D4-independent-m1,2b7e151628aed2a6,470,1.04647005,1.04842412,0.53125000,0.54166669
D4-independent-m1,2b7e151628aed2a6,480,1.04292119,1.04495037,0.53125000,0.52083331
D4-independent-m1,2b7e151628aed2a6,490,1.04132283,1.04353476,0.59375000,0.56250000
D4-independent-m1,2b7e151628aed2a6,500,1.03713989,1.03939939,0.50000000,0.50000000
D4-independent-m1,2b7e151628aed2a6,510,1.03342330,1.03569853,0.57291669,0.56250000
D4-independent-m1,2b7e151628aed2a6,520,1.03043735,1.03294909,0.57291669,0.56250000
D4-independent-m1,2b7e151628aed2a6,530,1.02621067,1.02905607,0.57291669,0.54166669
D4-independent-m1,2b7e151628aed2a6,540,1.02266824,1.02571642,0.47916666,0.50000000
D4-independent-m1,2b7e151628aed2a6,550,1.01813352,1.02117312,0.52083331,0.50000000
D4-independent-m1,2b7e151628aed2a6,560,1.01440251,1.01768649,0.47916666,0.47916666
D4-independent-m1,2b7e151628aed2a6,570,1.00995255,1.01345706,0.47916666,0.45833334
D4-independent-m1,2b7e151628aed2a6,580,1.00555193,1.00903594,0.47916666,0.47916666
D4-independent-m1,2b7e151628aed2a6,590,1.00056374,1.00439417,0.54166669,0.56250000
D4-independent-m1,2b7e151628aed2a6,599,0.99696249,1.00088775,0.54166669,0.52083331
D4-independent-m1,77a19d3c4e280b51,0,1.11125708,1.11100912,0.33333334,0.33333334
D4-independent-m1,77a19d3c4e280b51,10,1.10810733,1.10793173,0.33333334,0.33333334
D4-independent-m1,77a19d3c4e280b51,20,1.10444725,1.10432422,0.33333334,0.33333334
D4-independent-m1,77a19d3c4e280b51,30,1.10472333,1.10462010,0.33333334,0.33333334
D4-independent-m1,77a19d3c4e280b51,40,1.10245073,1.10234773,0.33333334,0.33333334
D4-independent-m1,77a19d3c4e280b51,50,1.10239279,1.10228801,0.40625000,0.39583334
D4-independent-m1,77a19d3c4e280b51,60,1.10240555,1.10229111,0.33333334,0.33333334
D4-independent-m1,77a19d3c4e280b51,70,1.10023487,1.10017335,0.33333334,0.33333334
D4-independent-m1,77a19d3c4e280b51,80,1.09890246,1.09891641,0.33333334,0.33333334
D4-independent-m1,77a19d3c4e280b51,90,1.09759557,1.09762836,0.33333334,0.33333334
D4-independent-m1,77a19d3c4e280b51,100,1.09747565,1.09756482,0.33333334,0.33333334
D4-independent-m1,77a19d3c4e280b51,110,1.09657228,1.09667146,0.33333334,0.33333334
D4-independent-m1,77a19d3c4e280b51,120,1.09518075,1.09531581,0.33333334,0.33333334
D4-independent-m1,77a19d3c4e280b51,130,1.09394753,1.09411824,0.33333334,0.33333334
D4-independent-m1,77a19d3c4e280b51,140,1.09261143,1.09289050,0.33333334,0.33333334
D4-independent-m1,77a19d3c4e280b51,150,1.09111238,1.09142458,0.44791666,0.43750000
D4-independent-m1,77a19d3c4e280b51,160,1.09032559,1.09065855,0.46875000,0.47916666
D4-independent-m1,77a19d3c4e280b51,170,1.08961141,1.08994949,0.33333334,0.33333334
D4-independent-m1,77a19d3c4e280b51,180,1.08787441,1.08827794,0.46875000,0.47916666
D4-independent-m1,77a19d3c4e280b51,190,1.08747375,1.08789241,0.33333334,0.33333334
D4-independent-m1,77a19d3c4e280b51,200,1.08524454,1.08567631,0.55208331,0.52083331
D4-independent-m1,77a19d3c4e280b51,210,1.08433235,1.08480644,0.56250000,0.56250000
D4-independent-m1,77a19d3c4e280b51,220,1.08319807,1.08374989,0.47916666,0.47916666
D4-independent-m1,77a19d3c4e280b51,230,1.08189881,1.08249891,0.50000000,0.52083331
D4-independent-m1,77a19d3c4e280b51,240,1.08062923,1.08128059,0.47916666,0.47916666
D4-independent-m1,77a19d3c4e280b51,250,1.07963347,1.08032215,0.42708334,0.41666666
D4-independent-m1,77a19d3c4e280b51,260,1.07813156,1.07896245,0.47916666,0.47916666
D4-independent-m1,77a19d3c4e280b51,270,1.07647038,1.07743633,0.55208331,0.56250000
D4-independent-m1,77a19d3c4e280b51,280,1.07469106,1.07567644,0.51041669,0.50000000
D4-independent-m1,77a19d3c4e280b51,290,1.07410061,1.07510591,0.52083331,0.50000000
D4-independent-m1,77a19d3c4e280b51,300,1.07235658,1.07348311,0.47916666,0.47916666
D4-independent-m1,77a19d3c4e280b51,310,1.07067049,1.07183027,0.51041669,0.50000000
D4-independent-m1,77a19d3c4e280b51,320,1.06712592,1.06843376,0.53125000,0.52083331
D4-independent-m1,77a19d3c4e280b51,330,1.06440938,1.06567931,0.55208331,0.54166669
D4-independent-m1,77a19d3c4e280b51,340,1.06360233,1.06493151,0.41666666,0.41666666
D4-independent-m1,77a19d3c4e280b51,350,1.06390011,1.06527793,0.33333334,0.33333334
D4-independent-m1,77a19d3c4e280b51,360,1.06252575,1.06399333,0.33333334,0.33333334
D4-independent-m1,77a19d3c4e280b51,370,1.05594552,1.05770659,0.59375000,0.56250000
D4-independent-m1,77a19d3c4e280b51,380,1.05175269,1.05377185,0.52083331,0.52083331
D4-independent-m1,77a19d3c4e280b51,390,1.05042446,1.05251122,0.60416669,0.56250000
D4-independent-m1,77a19d3c4e280b51,400,1.04681671,1.04901075,0.55208331,0.54166669
D4-independent-m1,77a19d3c4e280b51,410,1.04277480,1.04510605,0.46875000,0.50000000
D4-independent-m1,77a19d3c4e280b51,420,1.04023480,1.04264963,0.50000000,0.50000000
D4-independent-m1,77a19d3c4e280b51,430,1.03445220,1.03700507,0.47916666,0.50000000
D4-independent-m1,77a19d3c4e280b51,440,1.03083837,1.03344929,0.47916666,0.45833334
D4-independent-m1,77a19d3c4e280b51,450,1.02681077,1.02948725,0.47916666,0.47916666
D4-independent-m1,77a19d3c4e280b51,460,1.02516961,1.02793562,0.51041669,0.50000000
D4-independent-m1,77a19d3c4e280b51,470,1.02272296,1.02560604,0.51041669,0.47916666
D4-independent-m1,77a19d3c4e280b51,480,1.01663113,1.01980245,0.47916666,0.45833334
D4-independent-m1,77a19d3c4e280b51,490,1.01306641,1.01653945,0.47916666,0.45833334
D4-independent-m1,77a19d3c4e280b51,500,1.01146472,1.01511967,0.48958334,0.50000000
D4-independent-m1,77a19d3c4e280b51,510,1.00895679,1.01291966,0.48958334,0.47916666
D4-independent-m1,77a19d3c4e280b51,520,1.00677478,1.01110280,0.46875000,0.43750000
D4-independent-m1,77a19d3c4e280b51,530,1.00433743,1.00886118,0.46875000,0.45833334
D4-independent-m1,77a19d3c4e280b51,540,1.00093699,1.00553620,0.46875000,0.47916666
D4-independent-m1,77a19d3c4e280b51,550,0.99771208,1.00217187,0.47916666,0.47916666
D4-independent-m1,77a19d3c4e280b51,560,0.99497896,0.99947482,0.47916666,0.45833334
D4-independent-m1,77a19d3c4e280b51,570,0.99072665,0.99573612,0.45833334,0.45833334
D4-independent-m1,77a19d3c4e280b51,580,0.98839432,0.99340671,0.45833334,0.45833334
D4-independent-m1,77a19d3c4e280b51,590,0.98423076,0.98942918,0.47916666,0.43750000
D4-independent-m1,77a19d3c4e280b51,599,0.98133224,0.98658663,0.47916666,0.45833334
D4-independent-m1,1111222233334444,0,1.11121786,1.11096978,0.33333334,0.33333334
D4-independent-m1,1111222233334444,10,1.10857606,1.10838473,0.33333334,0.33333334
D4-independent-m1,1111222233334444,20,1.10417712,1.10399473,0.33333334,0.33333334
D4-independent-m1,1111222233334444,30,1.10111344,1.10098302,0.33333334,0.33333334
D4-independent-m1,1111222233334444,40,1.10017037,1.10007834,0.33333334,0.33333334
D4-independent-m1,1111222233334444,50,1.09936130,1.09930348,0.33333334,0.33333334
D4-independent-m1,1111222233334444,60,1.09894431,1.09889257,0.33333334,0.33333334
D4-independent-m1,1111222233334444,70,1.09763968,1.09762299,0.47916666,0.50000000
D4-independent-m1,1111222233334444,80,1.09646022,1.09648860,0.33333334,0.33333334
D4-independent-m1,1111222233334444,90,1.09699905,1.09702075,0.33333334,0.33333334
D4-independent-m1,1111222233334444,100,1.09534872,1.09537995,0.33333334,0.33333334
D4-independent-m1,1111222233334444,110,1.09655881,1.09659922,0.36458334,0.35416666
D4-independent-m1,1111222233334444,120,1.09508598,1.09512043,0.33333334,0.33333334
D4-independent-m1,1111222233334444,130,1.09222114,1.09229577,0.44791666,0.45833334
D4-independent-m1,1111222233334444,140,1.09165943,1.09176147,0.58333331,0.56250000
D4-independent-m1,1111222233334444,150,1.09199584,1.09211195,0.33333334,0.33333334
D4-independent-m1,1111222233334444,160,1.08971965,1.08986676,0.33333334,0.33333334
D4-independent-m1,1111222233334444,170,1.08923709,1.08938634,0.42708334,0.41666666
D4-independent-m1,1111222233334444,180,1.08853006,1.08872235,0.50000000,0.50000000
D4-independent-m1,1111222233334444,190,1.08746588,1.08763945,0.38541666,0.37500000
D4-independent-m1,1111222233334444,200,1.08573842,1.08604217,0.52083331,0.50000000
D4-independent-m1,1111222233334444,210,1.08397901,1.08430457,0.50000000,0.50000000
D4-independent-m1,1111222233334444,220,1.08335710,1.08367741,0.58333331,0.58333331
D4-independent-m1,1111222233334444,230,1.08154416,1.08193552,0.45833334,0.45833334
D4-independent-m1,1111222233334444,240,1.07894087,1.07944572,0.52083331,0.52083331
D4-independent-m1,1111222233334444,250,1.07781339,1.07841790,0.40625000,0.41666666
D4-independent-m1,1111222233334444,260,1.07648456,1.07708609,0.52083331,0.52083331
D4-independent-m1,1111222233334444,270,1.07477450,1.07539749,0.50000000,0.52083331
D4-independent-m1,1111222233334444,280,1.07179117,1.07255626,0.47916666,0.43750000
D4-independent-m1,1111222233334444,290,1.07197106,1.07280099,0.51041669,0.50000000
D4-independent-m1,1111222233334444,300,1.06895030,1.06985366,0.48958334,0.47916666
D4-independent-m1,1111222233334444,310,1.06718779,1.06820810,0.52083331,0.50000000
D4-independent-m1,1111222233334444,320,1.06592560,1.06694615,0.65625000,0.64583331
D4-independent-m1,1111222233334444,330,1.06368136,1.06474459,0.58333331,0.58333331
D4-independent-m1,1111222233334444,340,1.06172276,1.06292343,0.52083331,0.52083331
D4-independent-m1,1111222233334444,350,1.05832899,1.05953014,0.53125000,0.52083331
D4-independent-m1,1111222233334444,360,1.05448329,1.05582857,0.53125000,0.52083331
D4-independent-m1,1111222233334444,370,1.05184424,1.05324686,0.52083331,0.52083331
D4-independent-m1,1111222233334444,380,1.05011380,1.05165017,0.54166669,0.52083331
D4-independent-m1,1111222233334444,390,1.04817200,1.04981315,0.53125000,0.54166669
D4-independent-m1,1111222233334444,400,1.04608285,1.04777229,0.52083331,0.54166669
D4-independent-m1,1111222233334444,410,1.04365432,1.04550600,0.52083331,0.52083331
D4-independent-m1,1111222233334444,420,1.04065335,1.04272079,0.51041669,0.52083331
D4-independent-m1,1111222233334444,430,1.03678620,1.03911841,0.53125000,0.50000000
D4-independent-m1,1111222233334444,440,1.03339565,1.03588021,0.51041669,0.50000000
D4-independent-m1,1111222233334444,450,1.03119981,1.03372490,0.45833334,0.45833334
D4-independent-m1,1111222233334444,460,1.02724755,1.02973187,0.45833334,0.45833334
D4-independent-m1,1111222233334444,470,1.02406943,1.02658689,0.46875000,0.47916666
D4-independent-m1,1111222233334444,480,1.02195632,1.02461231,0.51041669,0.50000000
D4-independent-m1,1111222233334444,490,1.01676464,1.01960421,0.50000000,0.47916666
D4-independent-m1,1111222233334444,500,1.01329648,1.01616502,0.47916666,0.45833334
D4-independent-m1,1111222233334444,510,1.00844300,1.01132452,0.51041669,0.52083331
D4-independent-m1,1111222233334444,520,1.00608885,1.00903785,0.55208331,0.54166669
D4-independent-m1,1111222233334444,530,1.00229263,1.00542796,0.55208331,0.54166669
D4-independent-m1,1111222233334444,540,1.00000203,1.00320935,0.56250000,0.54166669
D4-independent-m1,1111222233334444,550,0.99610353,0.99931890,0.55208331,0.58333331
D4-independent-m1,1111222233334444,560,0.99279815,0.99623585,0.51041669,0.50000000
D4-independent-m1,1111222233334444,570,0.98951775,0.99351031,0.51041669,0.47916666
D4-independent-m1,1111222233334444,580,0.98606521,0.99006301,0.48958334,0.47916666
D4-independent-m1,1111222233334444,590,0.98257065,0.98671430,0.48958334,0.47916666
D4-independent-m1,1111222233334444,599,0.98038691,0.98468822,0.50000000,0.47916666
D5-independent-m2,2b7e151628aed2a6,0,1.11122978,1.11099660,0.33333334,0.33333334
D5-independent-m2,2b7e151628aed2a6,10,1.10674775,1.10661733,0.33333334,0.33333334
D5-independent-m2,2b7e151628aed2a6,20,1.10528207,1.10519731,0.33333334,0.33333334
D5-independent-m2,2b7e151628aed2a6,30,1.10091197,1.10089862,0.33333334,0.33333334
D5-independent-m2,2b7e151628aed2a6,40,1.09802675,1.09803367,0.33333334,0.33333334
D5-independent-m2,2b7e151628aed2a6,50,1.09524715,1.09534061,0.33333334,0.33333334
D5-independent-m2,2b7e151628aed2a6,60,1.09298468,1.09311998,0.33333334,0.33333334
D5-independent-m2,2b7e151628aed2a6,70,1.09176862,1.09190226,0.48958334,0.47916666
D5-independent-m2,2b7e151628aed2a6,80,1.08897245,1.08922362,0.47916666,0.47916666
D5-independent-m2,2b7e151628aed2a6,90,1.08785117,1.08817160,0.46875000,0.45833334
D5-independent-m2,2b7e151628aed2a6,100,1.08559334,1.08611429,0.43750000,0.43750000
D5-independent-m2,2b7e151628aed2a6,110,1.08272374,1.08329213,0.43750000,0.43750000
D5-independent-m2,2b7e151628aed2a6,120,1.07840443,1.07917738,0.37500000,0.37500000
D5-independent-m2,2b7e151628aed2a6,130,1.07385159,1.07472491,0.46875000,0.47916666
D5-independent-m2,2b7e151628aed2a6,140,1.06931555,1.07034862,0.47916666,0.47916666
D5-independent-m2,2b7e151628aed2a6,150,1.06604064,1.06714344,0.50000000,0.47916666
D5-independent-m2,2b7e151628aed2a6,160,1.06361628,1.06476223,0.50000000,0.50000000
D5-independent-m2,2b7e151628aed2a6,170,1.06152403,1.06277657,0.48958334,0.47916666
D5-independent-m2,2b7e151628aed2a6,180,1.05667901,1.05834246,0.48958334,0.50000000
D5-independent-m2,2b7e151628aed2a6,190,1.04890072,1.05076706,0.48958334,0.47916666
D5-independent-m2,2b7e151628aed2a6,200,1.03988457,1.04210091,0.50000000,0.50000000
D5-independent-m2,2b7e151628aed2a6,210,1.03104687,1.03350949,0.47916666,0.47916666
D5-independent-m2,2b7e151628aed2a6,220,1.02856767,1.03131950,0.44791666,0.43750000
D5-independent-m2,2b7e151628aed2a6,230,1.02413595,1.02705240,0.44791666,0.43750000
D5-independent-m2,2b7e151628aed2a6,240,1.02013600,1.02333272,0.45833334,0.47916666
D5-independent-m2,2b7e151628aed2a6,250,1.01287615,1.01661408,0.41666666,0.43750000
D5-independent-m2,2b7e151628aed2a6,260,1.00952709,1.01331472,0.42708334,0.43750000
D5-independent-m2,2b7e151628aed2a6,270,1.00247025,1.00669956,0.42708334,0.45833334
D5-independent-m2,2b7e151628aed2a6,280,0.99836057,1.00298870,0.43750000,0.41666666
D5-independent-m2,2b7e151628aed2a6,290,0.99333268,0.99832869,0.45833334,0.43750000
D5-independent-m2,2b7e151628aed2a6,300,0.98724753,0.99258071,0.43750000,0.43750000
D5-independent-m2,2b7e151628aed2a6,310,0.97991186,0.98589641,0.43750000,0.43750000
D5-independent-m2,2b7e151628aed2a6,320,0.97807306,0.98473954,0.45833334,0.41666666
D5-independent-m2,2b7e151628aed2a6,330,0.97198611,0.97856730,0.42708334,0.45833334
D5-independent-m2,2b7e151628aed2a6,340,0.96577168,0.97262281,0.45833334,0.41666666
D5-independent-m2,2b7e151628aed2a6,350,0.96235877,0.96933931,0.44791666,0.41666666
D5-independent-m2,2b7e151628aed2a6,360,0.95542914,0.96353507,0.45833334,0.45833334
D5-independent-m2,2b7e151628aed2a6,370,0.94822544,0.95682961,0.45833334,0.45833334
D5-independent-m2,2b7e151628aed2a6,380,0.94582587,0.95546108,0.44791666,0.41666666
D5-independent-m2,2b7e151628aed2a6,390,0.94789177,0.95754188,0.43750000,0.41666666
D5-independent-m2,2b7e151628aed2a6,400,0.94088823,0.94973570,0.45833334,0.43750000
D5-independent-m2,2b7e151628aed2a6,410,0.93865585,0.94978017,0.47916666,0.43750000
D5-independent-m2,2b7e151628aed2a6,420,0.93711787,0.94789606,0.45833334,0.43750000
D5-independent-m2,2b7e151628aed2a6,430,0.93557191,0.94593304,0.44791666,0.43750000
D5-independent-m2,2b7e151628aed2a6,440,0.93634826,0.94781083,0.45833334,0.41666666
D5-independent-m2,2b7e151628aed2a6,450,0.93230605,0.94349623,0.44791666,0.41666666
D5-independent-m2,2b7e151628aed2a6,460,0.93057871,0.94232196,0.45833334,0.41666666
D5-independent-m2,2b7e151628aed2a6,470,0.92916441,0.94038200,0.45833334,0.43750000
D5-independent-m2,2b7e151628aed2a6,480,0.92771739,0.93812227,0.47916666,0.43750000
D5-independent-m2,2b7e151628aed2a6,490,0.92779088,0.93883628,0.50000000,0.47916666
D5-independent-m2,2b7e151628aed2a6,500,0.92543131,0.93651527,0.47916666,0.47916666
D5-independent-m2,2b7e151628aed2a6,510,0.92151004,0.93332773,0.45833334,0.43750000
D5-independent-m2,2b7e151628aed2a6,520,0.92514604,0.93884772,0.44791666,0.41666666
D5-independent-m2,2b7e151628aed2a6,530,0.91885501,0.93370199,0.47916666,0.50000000
D5-independent-m2,2b7e151628aed2a6,540,0.91802841,0.93305761,0.47916666,0.50000000
D5-independent-m2,2b7e151628aed2a6,550,0.91481352,0.92815208,0.46875000,0.43750000
D5-independent-m2,2b7e151628aed2a6,560,0.91754311,0.93075794,0.46875000,0.45833334
D5-independent-m2,2b7e151628aed2a6,570,0.91085988,0.92460603,0.45833334,0.47916666
D5-independent-m2,2b7e151628aed2a6,580,0.90894055,0.92179984,0.45833334,0.45833334
D5-independent-m2,2b7e151628aed2a6,590,0.90941232,0.92359567,0.46875000,0.47916666
D5-independent-m2,2b7e151628aed2a6,599,0.90537363,0.91791129,0.46875000,0.45833334
D5-independent-m2,77a19d3c4e280b51,0,1.11122978,1.11099660,0.33333334,0.33333334
D5-independent-m2,77a19d3c4e280b51,10,1.10558951,1.10547352,0.33333334,0.33333334
D5-independent-m2,77a19d3c4e280b51,20,1.10095036,1.10096395,0.33333334,0.33333334
D5-independent-m2,77a19d3c4e280b51,30,1.10005176,1.10015523,0.33333334,0.33333334
D5-independent-m2,77a19d3c4e280b51,40,1.09741175,1.09753108,0.33333334,0.33333334
D5-independent-m2,77a19d3c4e280b51,50,1.09917855,1.09932613,0.33333334,0.33333334
D5-independent-m2,77a19d3c4e280b51,60,1.09702826,1.09720266,0.33333334,0.33333334
D5-independent-m2,77a19d3c4e280b51,70,1.09221089,1.09254503,0.41666666,0.41666666
D5-independent-m2,77a19d3c4e280b51,80,1.08959568,1.09004998,0.42708334,0.39583334
D5-independent-m2,77a19d3c4e280b51,90,1.08926141,1.08970320,0.33333334,0.33333334
D5-independent-m2,77a19d3c4e280b51,100,1.08634603,1.08690298,0.33333334,0.33333334
D5-independent-m2,77a19d3c4e280b51,110,1.08330536,1.08392036,0.33333334,0.33333334
D5-independent-m2,77a19d3c4e280b51,120,1.07875824,1.07949269,0.38541666,0.37500000
D5-independent-m2,77a19d3c4e280b51,130,1.07260883,1.07351661,0.53125000,0.52083331
D5-independent-m2,77a19d3c4e280b51,140,1.06836450,1.06944895,0.44791666,0.43750000
D5-independent-m2,77a19d3c4e280b51,150,1.06480110,1.06599188,0.50000000,0.47916666
D5-independent-m2,77a19d3c4e280b51,160,1.06326735,1.06462777,0.50000000,0.52083331
D5-independent-m2,77a19d3c4e280b51,170,1.06106627,1.06248033,0.51041669,0.50000000
D5-independent-m2,77a19d3c4e280b51,180,1.05276966,1.05458093,0.55208331,0.54166669
D5-independent-m2,77a19d3c4e280b51,190,1.04570007,1.04815161,0.50000000,0.52083331
D5-independent-m2,77a19d3c4e280b51,200,1.04131401,1.04373074,0.53125000,0.54166669
D5-independent-m2,77a19d3c4e280b51,210,1.03810847,1.04075110,0.55208331,0.54166669
D5-independent-m2,77a19d3c4e280b51,220,1.03204882,1.03523076,0.55208331,0.54166669
D5-independent-m2,77a19d3c4e280b51,230,1.02246535,1.02618062,0.50000000,0.47916666
D5-independent-m2,77a19d3c4e280b51,240,1.01457918,1.01887202,0.48958334,0.47916666
D5-independent-m2,77a19d3c4e280b51,250,1.01061332,1.01500762,0.46875000,0.45833334
D5-independent-m2,77a19d3c4e280b51,260,1.00577962,1.01067150,0.50000000,0.50000000
D5-independent-m2,77a19d3c4e280b51,270,0.99789232,1.00342011,0.47916666,0.45833334
D5-independent-m2,77a19d3c4e280b51,280,0.98895675,0.99505430,0.48958334,0.47916666
D5-independent-m2,77a19d3c4e280b51,290,0.98400825,0.99022740,0.48958334,0.45833334
D5-independent-m2,77a19d3c4e280b51,300,0.97811669,0.98490840,0.50000000,0.47916666
D5-independent-m2,77a19d3c4e280b51,310,0.97231811,0.97974724,0.47916666,0.47916666
D5-independent-m2,77a19d3c4e280b51,320,0.96326774,0.97083855,0.47916666,0.50000000
D5-independent-m2,77a19d3c4e280b51,330,0.95521206,0.96212155,0.46875000,0.45833334
D5-independent-m2,77a19d3c4e280b51,340,0.95505971,0.96242261,0.50000000,0.50000000
D5-independent-m2,77a19d3c4e280b51,350,0.95051950,0.95822161,0.51041669,0.50000000
D5-independent-m2,77a19d3c4e280b51,360,0.94282031,0.95043057,0.46875000,0.47916666
D5-independent-m2,77a19d3c4e280b51,370,0.93232369,0.94171929,0.46875000,0.45833334
D5-independent-m2,77a19d3c4e280b51,380,0.92717630,0.93789500,0.47916666,0.47916666
D5-independent-m2,77a19d3c4e280b51,390,0.92463607,0.93509334,0.46875000,0.47916666
D5-independent-m2,77a19d3c4e280b51,400,0.91939235,0.93015224,0.46875000,0.45833334
D5-independent-m2,77a19d3c4e280b51,410,0.91505152,0.92715961,0.47916666,0.45833334
D5-independent-m2,77a19d3c4e280b51,420,0.91096109,0.92257291,0.51041669,0.50000000
D5-independent-m2,77a19d3c4e280b51,430,0.90486389,0.91732168,0.52083331,0.52083331
D5-independent-m2,77a19d3c4e280b51,440,0.90067035,0.91285855,0.47916666,0.47916666
D5-independent-m2,77a19d3c4e280b51,450,0.89640641,0.90875912,0.47916666,0.50000000
D5-independent-m2,77a19d3c4e280b51,460,0.89513850,0.90719914,0.48958334,0.50000000
D5-independent-m2,77a19d3c4e280b51,470,0.88876408,0.90140086,0.52083331,0.50000000
D5-independent-m2,77a19d3c4e280b51,480,0.88462836,0.89858747,0.47916666,0.47916666
D5-independent-m2,77a19d3c4e280b51,490,0.88108873,0.89451408,0.51041669,0.52083331
D5-independent-m2,77a19d3c4e280b51,500,0.87977070,0.89267522,0.50000000,0.50000000
D5-independent-m2,77a19d3c4e280b51,510,0.87275791,0.88698226,0.47916666,0.47916666
D5-independent-m2,77a19d3c4e280b51,520,0.86846924,0.88329941,0.50000000,0.47916666
D5-independent-m2,77a19d3c4e280b51,530,0.86561495,0.88043070,0.50000000,0.50000000
D5-independent-m2,77a19d3c4e280b51,540,0.85609418,0.87133360,0.50000000,0.50000000
D5-independent-m2,77a19d3c4e280b51,550,0.85854888,0.87582636,0.51041669,0.54166669
D5-independent-m2,77a19d3c4e280b51,560,0.85605925,0.87305349,0.52083331,0.54166669
D5-independent-m2,77a19d3c4e280b51,570,0.85136193,0.86827916,0.51041669,0.54166669
D5-independent-m2,77a19d3c4e280b51,580,0.84500903,0.86157632,0.52083331,0.52083331
D5-independent-m2,77a19d3c4e280b51,590,0.83877236,0.85517550,0.55208331,0.54166669
D5-independent-m2,77a19d3c4e280b51,599,0.84020442,0.85674453,0.54166669,0.52083331
D5-independent-m2,1111222233334444,0,1.11114907,1.11091578,0.33333334,0.33333334
D5-independent-m2,1111222233334444,10,1.10708010,1.10692000,0.33333334,0.33333334
D5-independent-m2,1111222233334444,20,1.09919798,1.09912717,0.33333334,0.33333334
D5-independent-m2,1111222233334444,30,1.09738302,1.09734142,0.33333334,0.33333334
D5-independent-m2,1111222233334444,40,1.09612906,1.09615839,0.33333334,0.33333334
D5-independent-m2,1111222233334444,50,1.09291697,1.09303081,0.33333334,0.33333334
D5-independent-m2,1111222233334444,60,1.09046423,1.09060538,0.43750000,0.43750000
D5-independent-m2,1111222233334444,70,1.08745301,1.08774304,0.42708334,0.43750000
D5-independent-m2,1111222233334444,80,1.08527386,1.08566856,0.43750000,0.47916666
D5-independent-m2,1111222233334444,90,1.08639002,1.08676708,0.33333334,0.33333334
D5-independent-m2,1111222233334444,100,1.08208430,1.08247721,0.47916666,0.47916666
D5-independent-m2,1111222233334444,110,1.08599484,1.08634436,0.44791666,0.45833334
D5-independent-m2,1111222233334444,120,1.08185101,1.08224356,0.36458334,0.35416666
D5-independent-m2,1111222233334444,130,1.07650888,1.07709551,0.52083331,0.52083331
D5-independent-m2,1111222233334444,140,1.07239795,1.07310331,0.45833334,0.45833334
D5-independent-m2,1111222233334444,150,1.07069170,1.07136655,0.50000000,0.50000000
D5-independent-m2,1111222233334444,160,1.06783497,1.06865656,0.61458331,0.60416669
D5-independent-m2,1111222233334444,170,1.06691706,1.06773472,0.57291669,0.54166669
D5-independent-m2,1111222233334444,180,1.06720984,1.06805885,0.38541666,0.39583334
D5-independent-m2,1111222233334444,190,1.06071091,1.06167305,0.50000000,0.50000000
D5-independent-m2,1111222233334444,200,1.05790222,1.05907071,0.37500000,0.39583334
D5-independent-m2,1111222233334444,210,1.05089808,1.05240238,0.47916666,0.50000000
D5-independent-m2,1111222233334444,220,1.04822946,1.04970610,0.47916666,0.47916666
D5-independent-m2,1111222233334444,230,1.04154241,1.04329479,0.50000000,0.52083331
D5-independent-m2,1111222233334444,240,1.03327024,1.03552890,0.46875000,0.45833334
D5-independent-m2,1111222233334444,250,1.02449107,1.02720535,0.44791666,0.43750000
D5-independent-m2,1111222233334444,260,1.02083552,1.02379012,0.44791666,0.43750000
D5-independent-m2,1111222233334444,270,1.01338196,1.01667106,0.43750000,0.43750000
D5-independent-m2,1111222233334444,280,0.99896365,1.00275862,0.44791666,0.43750000
D5-independent-m2,1111222233334444,290,0.99337739,0.99749666,0.43750000,0.43750000
D5-independent-m2,1111222233334444,300,0.98555875,0.98982602,0.47916666,0.50000000
D5-independent-m2,1111222233334444,310,0.97845954,0.98321128,0.43750000,0.47916666
D5-independent-m2,1111222233334444,320,0.97365564,0.97827727,0.48958334,0.47916666
D5-independent-m2,1111222233334444,330,0.96660191,0.97152597,0.45833334,0.45833334
D5-independent-m2,1111222233334444,340,0.96516198,0.97068071,0.44791666,0.41666666
D5-independent-m2,1111222233334444,350,0.95841455,0.96423298,0.46875000,0.45833334
D5-independent-m2,1111222233334444,360,0.95645183,0.96284103,0.48958334,0.45833334
D5-independent-m2,1111222233334444,370,0.95257705,0.95870107,0.46875000,0.45833334
D5-independent-m2,1111222233334444,380,0.94862038,0.95535439,0.45833334,0.45833334
D5-independent-m2,1111222233334444,390,0.94498366,0.95218438,0.45833334,0.45833334
D5-independent-m2,1111222233334444,400,0.93951648,0.94666713,0.45833334,0.47916666
D5-independent-m2,1111222233334444,410,0.93530113,0.94468498,0.47916666,0.47916666
D5-independent-m2,1111222233334444,420,0.93014836,0.93984276,0.46875000,0.45833334
D5-independent-m2,1111222233334444,430,0.93030757,0.93983716,0.45833334,0.41666666
D5-independent-m2,1111222233334444,440,0.92503721,0.93463230,0.44791666,0.45833334
D5-independent-m2,1111222233334444,450,0.92352825,0.93357468,0.45833334,0.45833334
D5-independent-m2,1111222233334444,460,0.91727489,0.92639065,0.45833334,0.47916666
D5-independent-m2,1111222233334444,470,0.91478914,0.92397481,0.46875000,0.47916666
D5-independent-m2,1111222233334444,480,0.91212636,0.92099118,0.47916666,0.45833334
D5-independent-m2,1111222233334444,490,0.90920240,0.91830355,0.47916666,0.50000000
D5-independent-m2,1111222233334444,500,0.90487498,0.91453052,0.47916666,0.50000000
D5-independent-m2,1111222233334444,510,0.89621526,0.90635854,0.47916666,0.50000000
D5-independent-m2,1111222233334444,520,0.89073342,0.90060759,0.50000000,0.50000000
D5-independent-m2,1111222233334444,530,0.88663679,0.89697218,0.48958334,0.50000000
D5-independent-m2,1111222233334444,540,0.88255841,0.89341378,0.48958334,0.50000000
D5-independent-m2,1111222233334444,550,0.88090879,0.89203101,0.52083331,0.52083331
D5-independent-m2,1111222233334444,560,0.86950225,0.88098210,0.51041669,0.50000000
D5-independent-m2,1111222233334444,570,0.86561590,0.87821227,0.50000000,0.52083331
D5-independent-m2,1111222233334444,580,0.86610264,0.87837142,0.48958334,0.47916666
D5-independent-m2,1111222233334444,590,0.86341351,0.87618417,0.53125000,0.52083331
D5-independent-m2,1111222233334444,599,0.86166555,0.87453049,0.50000000,0.50000000
D6-independent-m4,2b7e151628aed2a6,0,1.11145687,1.11124551,0.33333334,0.33333334
D6-independent-m4,2b7e151628aed2a6,10,1.10205400,1.10211027,0.33333334,0.33333334
D6-independent-m4,2b7e151628aed2a6,20,1.09857726,1.09873784,0.33333334,0.33333334
D6-independent-m4,2b7e151628aed2a6,30,1.09032845,1.09071517,0.33333334,0.33333334
D6-independent-m4,2b7e151628aed2a6,40,1.08543634,1.08595943,0.35416666,0.35416666
D6-independent-m4,2b7e151628aed2a6,50,1.07796752,1.07862079,0.46875000,0.47916666
D6-independent-m4,2b7e151628aed2a6,60,1.07258654,1.07349062,0.48958334,0.47916666
D6-independent-m4,2b7e151628aed2a6,70,1.06547129,1.06659913,0.50000000,0.50000000
D6-independent-m4,2b7e151628aed2a6,80,1.05959141,1.06105399,0.56250000,0.56250000
D6-independent-m4,2b7e151628aed2a6,90,1.04910457,1.05083978,0.56250000,0.56250000
D6-independent-m4,2b7e151628aed2a6,100,1.03330207,1.03601217,0.53125000,0.56250000
D6-independent-m4,2b7e151628aed2a6,110,1.01521075,1.01876795,0.47916666,0.47916666
D6-independent-m4,2b7e151628aed2a6,120,0.99179149,0.99673581,0.46875000,0.45833334
D6-independent-m4,2b7e151628aed2a6,130,0.98084503,0.98719865,0.52083331,0.50000000
D6-independent-m4,2b7e151628aed2a6,140,0.95719099,0.96403998,0.46875000,0.47916666
D6-independent-m4,2b7e151628aed2a6,150,0.93829870,0.94657964,0.48958334,0.47916666
D6-independent-m4,2b7e151628aed2a6,160,0.93031210,0.94045734,0.48958334,0.45833334
D6-independent-m4,2b7e151628aed2a6,170,0.91494298,0.92591095,0.47916666,0.45833334
D6-independent-m4,2b7e151628aed2a6,180,0.91086841,0.92415386,0.48958334,0.50000000
D6-independent-m4,2b7e151628aed2a6,190,0.90231830,0.91642731,0.48958334,0.47916666
D6-independent-m4,2b7e151628aed2a6,200,0.89032483,0.90576178,0.51041669,0.54166669
D6-independent-m4,2b7e151628aed2a6,210,0.88331860,0.89976287,0.50000000,0.52083331
D6-independent-m4,2b7e151628aed2a6,220,0.86806464,0.88507825,0.53125000,0.52083331
D6-independent-m4,2b7e151628aed2a6,230,0.85668129,0.87579536,0.55208331,0.54166669
D6-independent-m4,2b7e151628aed2a6,240,0.84051400,0.85921955,0.53125000,0.56250000
D6-independent-m4,2b7e151628aed2a6,250,0.82136559,0.84036309,0.56250000,0.54166669
D6-independent-m4,2b7e151628aed2a6,260,0.80556440,0.82621831,0.56250000,0.54166669
D6-independent-m4,2b7e151628aed2a6,270,0.79520971,0.81582355,0.55208331,0.52083331
D6-independent-m4,2b7e151628aed2a6,280,0.79135758,0.81364101,0.55208331,0.52083331
D6-independent-m4,2b7e151628aed2a6,290,0.78636426,0.80716985,0.55208331,0.52083331
D6-independent-m4,2b7e151628aed2a6,300,0.79210919,0.81246048,0.55208331,0.52083331
D6-independent-m4,2b7e151628aed2a6,310,0.78537792,0.80648929,0.54166669,0.52083331
D6-independent-m4,2b7e151628aed2a6,320,0.78924221,0.81046981,0.54166669,0.50000000
D6-independent-m4,2b7e151628aed2a6,330,0.77941465,0.80105710,0.55208331,0.54166669
D6-independent-m4,2b7e151628aed2a6,340,0.77963948,0.80297619,0.55208331,0.56250000
D6-independent-m4,2b7e151628aed2a6,350,0.77209383,0.79501313,0.55208331,0.50000000
D6-independent-m4,2b7e151628aed2a6,360,0.76676250,0.79355311,0.56250000,0.54166669
D6-independent-m4,2b7e151628aed2a6,370,0.76544648,0.79280156,0.56250000,0.54166669
D6-independent-m4,2b7e151628aed2a6,380,0.76361537,0.79170221,0.56250000,0.52083331
D6-independent-m4,2b7e151628aed2a6,390,0.76004809,0.78673434,0.57291669,0.54166669
D6-independent-m4,2b7e151628aed2a6,400,0.78231508,0.80848318,0.57291669,0.54166669
D6-independent-m4,2b7e151628aed2a6,410,0.75953984,0.78734541,0.54166669,0.54166669
D6-independent-m4,2b7e151628aed2a6,420,0.75722104,0.78343838,0.55208331,0.52083331
D6-independent-m4,2b7e151628aed2a6,430,0.75664264,0.78035456,0.56250000,0.54166669
D6-independent-m4,2b7e151628aed2a6,440,0.75498825,0.78258532,0.55208331,0.56250000
D6-independent-m4,2b7e151628aed2a6,450,0.76118273,0.78761220,0.57291669,0.56250000
D6-independent-m4,2b7e151628aed2a6,460,0.75280374,0.77994603,0.57291669,0.54166669
D6-independent-m4,2b7e151628aed2a6,470,0.75407648,0.78003740,0.55208331,0.54166669
D6-independent-m4,2b7e151628aed2a6,480,0.75661778,0.77943307,0.56250000,0.52083331
D6-independent-m4,2b7e151628aed2a6,490,0.75291914,0.77322268,0.57291669,0.56250000
D6-independent-m4,2b7e151628aed2a6,500,0.75946945,0.77776080,0.56250000,0.54166669
D6-independent-m4,2b7e151628aed2a6,510,0.76043868,0.78264838,0.57291669,0.52083331
D6-independent-m4,2b7e151628aed2a6,520,0.75774974,0.78295326,0.56250000,0.52083331
D6-independent-m4,2b7e151628aed2a6,530,0.74204272,0.77016735,0.58333331,0.56250000
D6-independent-m4,2b7e151628aed2a6,540,0.73473287,0.76564628,0.58333331,0.54166669
D6-independent-m4,2b7e151628aed2a6,550,0.73944801,0.76914114,0.56250000,0.54166669
D6-independent-m4,2b7e151628aed2a6,560,0.74940866,0.78199726,0.57291669,0.56250000
D6-independent-m4,2b7e151628aed2a6,570,0.73993343,0.76660377,0.57291669,0.52083331
D6-independent-m4,2b7e151628aed2a6,580,0.73882169,0.76382524,0.60416669,0.58333331
D6-independent-m4,2b7e151628aed2a6,590,0.72463757,0.75243825,0.59375000,0.56250000
D6-independent-m4,2b7e151628aed2a6,599,0.72094274,0.74822646,0.58333331,0.56250000
D6-independent-m4,77a19d3c4e280b51,0,1.11154377,1.11132181,0.33333334,0.33333334
D6-independent-m4,77a19d3c4e280b51,10,1.10324562,1.10316467,0.33333334,0.33333334
D6-independent-m4,77a19d3c4e280b51,20,1.09900141,1.09908164,0.33333334,0.33333334
D6-independent-m4,77a19d3c4e280b51,30,1.09825432,1.09834516,0.33333334,0.33333334
D6-independent-m4,77a19d3c4e280b51,40,1.09255123,1.09269512,0.33333334,0.33333334
D6-independent-m4,77a19d3c4e280b51,50,1.09660184,1.09675276,0.33333334,0.33333334
D6-independent-m4,77a19d3c4e280b51,60,1.09067881,1.09097850,0.33333334,0.33333334
D6-independent-m4,77a19d3c4e280b51,70,1.07937562,1.08015358,0.33333334,0.33333334
D6-independent-m4,77a19d3c4e280b51,80,1.06639910,1.06775320,0.39583334,0.39583334
D6-independent-m4,77a19d3c4e280b51,90,1.06353474,1.06507099,0.41666666,0.39583334
D6-independent-m4,77a19d3c4e280b51,100,1.05374944,1.05610478,0.39583334,0.41666666
D6-independent-m4,77a19d3c4e280b51,110,1.04102767,1.04398775,0.39583334,0.43750000
D6-independent-m4,77a19d3c4e280b51,120,1.01738882,1.02129066,0.51041669,0.47916666
D6-independent-m4,77a19d3c4e280b51,130,1.00375795,1.00858247,0.38541666,0.39583334
D6-independent-m4,77a19d3c4e280b51,140,0.99121219,0.99661750,0.38541666,0.37500000
D6-independent-m4,77a19d3c4e280b51,150,0.98726231,0.99278069,0.48958334,0.47916666
D6-independent-m4,77a19d3c4e280b51,160,0.97495395,0.98211390,0.47916666,0.47916666
D6-independent-m4,77a19d3c4e280b51,170,0.96686524,0.97598839,0.48958334,0.50000000
D6-independent-m4,77a19d3c4e280b51,180,0.94918537,0.95892268,0.50000000,0.50000000
D6-independent-m4,77a19d3c4e280b51,190,0.94076747,0.95193011,0.48958334,0.45833334
D6-independent-m4,77a19d3c4e280b51,200,0.93815017,0.94740820,0.45833334,0.45833334
D6-independent-m4,77a19d3c4e280b51,210,0.93787092,0.94838929,0.48958334,0.47916666
D6-independent-m4,77a19d3c4e280b51,220,0.93347889,0.94462228,0.47916666,0.45833334
D6-independent-m4,77a19d3c4e280b51,230,0.92485780,0.93423265,0.53125000,0.47916666
D6-independent-m4,77a19d3c4e280b51,240,0.91364521,0.92315036,0.47916666,0.45833334
D6-independent-m4,77a19d3c4e280b51,250,0.90717548,0.91914463,0.47916666,0.45833334
D6-independent-m4,77a19d3c4e280b51,260,0.90534991,0.91966647,0.48958334,0.47916666
D6-independent-m4,77a19d3c4e280b51,270,0.90399891,0.91840261,0.47916666,0.45833334
D6-independent-m4,77a19d3c4e280b51,280,0.89770311,0.91230696,0.48958334,0.50000000
D6-independent-m4,77a19d3c4e280b51,290,0.88633323,0.90143925,0.48958334,0.45833334
D6-independent-m4,77a19d3c4e280b51,300,0.87953925,0.89575690,0.50000000,0.52083331
D6-independent-m4,77a19d3c4e280b51,310,0.87080258,0.88760996,0.50000000,0.45833334
D6-independent-m4,77a19d3c4e280b51,320,0.88253641,0.89682961,0.56250000,0.58333331
D6-independent-m4,77a19d3c4e280b51,330,0.85794020,0.86991531,0.53125000,0.52083331
D6-independent-m4,77a19d3c4e280b51,340,0.84717798,0.86043859,0.54166669,0.56250000
D6-independent-m4,77a19d3c4e280b51,350,0.83669275,0.84927648,0.58333331,0.54166669
D6-independent-m4,77a19d3c4e280b51,360,0.83341742,0.84662777,0.55208331,0.54166669
D6-independent-m4,77a19d3c4e280b51,370,0.82833821,0.84609318,0.51041669,0.52083331
D6-independent-m4,77a19d3c4e280b51,380,0.81907344,0.84290361,0.53125000,0.52083331
D6-independent-m4,77a19d3c4e280b51,390,0.80666661,0.82839853,0.55208331,0.56250000
D6-independent-m4,77a19d3c4e280b51,400,0.79163891,0.81421137,0.54166669,0.50000000
D6-independent-m4,77a19d3c4e280b51,410,0.78275770,0.80536717,0.54166669,0.52083331
D6-independent-m4,77a19d3c4e280b51,420,0.77678275,0.79709816,0.55208331,0.56250000
D6-independent-m4,77a19d3c4e280b51,430,0.76258516,0.78277558,0.54166669,0.52083331
D6-independent-m4,77a19d3c4e280b51,440,0.76689410,0.78726846,0.54166669,0.52083331
D6-independent-m4,77a19d3c4e280b51,450,0.75744295,0.77937603,0.55208331,0.54166669
D6-independent-m4,77a19d3c4e280b51,460,0.74247962,0.76328063,0.54166669,0.56250000
D6-independent-m4,77a19d3c4e280b51,470,0.73643750,0.75753576,0.55208331,0.56250000
D6-independent-m4,77a19d3c4e280b51,480,0.74200982,0.76379681,0.56250000,0.54166669
D6-independent-m4,77a19d3c4e280b51,490,0.72625333,0.74601054,0.55208331,0.54166669
D6-independent-m4,77a19d3c4e280b51,500,0.72605872,0.74643564,0.56250000,0.54166669
D6-independent-m4,77a19d3c4e280b51,510,0.72091347,0.74452204,0.56250000,0.54166669
D6-independent-m4,77a19d3c4e280b51,520,0.71348929,0.73897940,0.59375000,0.60416669
D6-independent-m4,77a19d3c4e280b51,530,0.70525604,0.73019916,0.57291669,0.56250000
D6-independent-m4,77a19d3c4e280b51,540,0.70766419,0.73531073,0.58333331,0.56250000
D6-independent-m4,77a19d3c4e280b51,550,0.70793372,0.73749113,0.59375000,0.54166669
D6-independent-m4,77a19d3c4e280b51,560,0.69895166,0.72732919,0.57291669,0.54166669
D6-independent-m4,77a19d3c4e280b51,570,0.69393367,0.72210789,0.61458331,0.58333331
D6-independent-m4,77a19d3c4e280b51,580,0.67936951,0.70647019,0.62500000,0.62500000
D6-independent-m4,77a19d3c4e280b51,590,0.68042642,0.70249557,0.57291669,0.56250000
D6-independent-m4,77a19d3c4e280b51,599,0.68163711,0.70671207,0.58333331,0.58333331
D6-independent-m4,1111222233334444,0,1.11128640,1.11107433,0.33333334,0.33333334
D6-independent-m4,1111222233334444,10,1.10698903,1.10690892,0.33333334,0.33333334
D6-independent-m4,1111222233334444,20,1.09594178,1.09597802,0.33333334,0.33333334
D6-independent-m4,1111222233334444,30,1.09564590,1.09564328,0.33333334,0.33333334
D6-independent-m4,1111222233334444,40,1.09235096,1.09245896,0.46875000,0.45833334
D6-independent-m4,1111222233334444,50,1.08296573,1.08331192,0.46875000,0.45833334
D6-independent-m4,1111222233334444,60,1.07512391,1.07562602,0.35416666,0.35416666
D6-independent-m4,1111222233334444,70,1.06356847,1.06460381,0.47916666,0.47916666
D6-independent-m4,1111222233334444,80,1.05403817,1.05536222,0.53125000,0.50000000
D6-independent-m4,1111222233334444,90,1.05261028,1.05413949,0.46875000,0.43750000
D6-independent-m4,1111222233334444,100,1.04053402,1.04221654,0.51041669,0.50000000
D6-independent-m4,1111222233334444,110,1.03492367,1.03749299,0.50000000,0.50000000
D6-independent-m4,1111222233334444,120,1.00382614,1.00707376,0.58333331,0.58333331
D6-independent-m4,1111222233334444,130,0.98135358,0.98640233,0.57291669,0.56250000
D6-independent-m4,1111222233334444,140,0.97604126,0.98137760,0.61458331,0.60416669
D6-independent-m4,1111222233334444,150,0.95708960,0.96349835,0.57291669,0.56250000
D6-independent-m4,1111222233334444,160,0.94047952,0.94724053,0.53125000,0.52083331
D6-independent-m4,1111222233334444,170,0.92229509,0.93013000,0.52083331,0.50000000
D6-independent-m4,1111222233334444,180,0.90393263,0.91308594,0.53125000,0.47916666
D6-independent-m4,1111222233334444,190,0.88510901,0.89549422,0.54166669,0.52083331
D6-independent-m4,1111222233334444,200,0.86727673,0.87959933,0.54166669,0.52083331
D6-independent-m4,1111222233334444,210,0.85286957,0.86609191,0.54166669,0.54166669
D6-independent-m4,1111222233334444,220,0.84861177,0.86316699,0.54166669,0.52083331
D6-independent-m4,1111222233334444,230,0.84101748,0.85659379,0.54166669,0.54166669
D6-independent-m4,1111222233334444,240,0.83144951,0.84891295,0.55208331,0.56250000
D6-independent-m4,1111222233334444,250,0.82209331,0.83894354,0.54166669,0.50000000
D6-independent-m4,1111222233334444,260,0.80357045,0.82097536,0.54166669,0.52083331
D6-independent-m4,1111222233334444,270,0.79321188,0.81399775,0.55208331,0.54166669
D6-independent-m4,1111222233334444,280,0.78793901,0.80826497,0.54166669,0.50000000
D6-independent-m4,1111222233334444,290,0.79095238,0.81276727,0.55208331,0.54166669
D6-independent-m4,1111222233334444,300,0.79748386,0.81864542,0.55208331,0.52083331
D6-independent-m4,1111222233334444,310,0.78127331,0.80189753,0.55208331,0.54166669
D6-independent-m4,1111222233334444,320,0.77711391,0.79477090,0.55208331,0.52083331
D6-independent-m4,1111222233334444,330,0.77308661,0.79047269,0.56250000,0.54166669
D6-independent-m4,1111222233334444,340,0.77091497,0.79010725,0.56250000,0.52083331
D6-independent-m4,1111222233334444,350,0.76793146,0.78772491,0.54166669,0.54166669
D6-independent-m4,1111222233334444,360,0.76532626,0.78489023,0.54166669,0.54166669
D6-independent-m4,1111222233334444,370,0.76053482,0.77869850,0.55208331,0.56250000
D6-independent-m4,1111222233334444,380,0.75407887,0.77424854,0.56250000,0.54166669
D6-independent-m4,1111222233334444,390,0.76490855,0.78518623,0.56250000,0.52083331
D6-independent-m4,1111222233334444,400,0.74546236,0.76671404,0.55208331,0.54166669
D6-independent-m4,1111222233334444,410,0.74068540,0.76183087,0.56250000,0.54166669
D6-independent-m4,1111222233334444,420,0.74334782,0.76929760,0.56250000,0.54166669
D6-independent-m4,1111222233334444,430,0.74809700,0.77050036,0.56250000,0.52083331
D6-independent-m4,1111222233334444,440,0.74072027,0.76462299,0.57291669,0.54166669
D6-independent-m4,1111222233334444,450,0.74254984,0.76544213,0.56250000,0.54166669
D6-independent-m4,1111222233334444,460,0.73034805,0.75020462,0.57291669,0.54166669
D6-independent-m4,1111222233334444,470,0.72648305,0.74749464,0.57291669,0.56250000
D6-independent-m4,1111222233334444,480,0.73871273,0.76018494,0.58333331,0.56250000
D6-independent-m4,1111222233334444,490,0.72031337,0.74045092,0.58333331,0.56250000
D6-independent-m4,1111222233334444,500,0.71938252,0.74247354,0.56250000,0.56250000
D6-independent-m4,1111222233334444,510,0.71266246,0.73795795,0.59375000,0.56250000
D6-independent-m4,1111222233334444,520,0.72042578,0.74662238,0.57291669,0.56250000
D6-independent-m4,1111222233334444,530,0.70876479,0.73730087,0.58333331,0.58333331
D6-independent-m4,1111222233334444,540,0.70973921,0.74042207,0.61458331,0.58333331
D6-independent-m4,1111222233334444,550,0.69970185,0.72698975,0.59375000,0.56250000
D6-independent-m4,1111222233334444,560,0.70034790,0.73086625,0.60416669,0.58333331
D6-independent-m4,1111222233334444,570,0.68907005,0.71889591,0.59375000,0.58333331
D6-independent-m4,1111222233334444,580,0.68912357,0.71711582,0.60416669,0.58333331
D6-independent-m4,1111222233334444,590,0.67487961,0.70166701,0.61458331,0.58333331
D6-independent-m4,1111222233334444,599,0.67086941,0.69627452,0.60416669,0.56250000
D7-independent-m8,2b7e151628aed2a6,0,1.11302769,1.11286879,0.33333334,0.33333334
D7-independent-m8,2b7e151628aed2a6,10,1.09502423,1.09522033,0.33333334,0.33333334
D7-independent-m8,2b7e151628aed2a6,20,1.09580827,1.09647882,0.33333334,0.33333334
D7-independent-m8,2b7e151628aed2a6,30,1.07548010,1.07648051,0.48958334,0.47916666
D7-independent-m8,2b7e151628aed2a6,40,1.07285917,1.07424796,0.33333334,0.33333334
D7-independent-m8,2b7e151628aed2a6,50,1.04896557,1.05092096,0.45833334,0.43750000
D7-independent-m8,2b7e151628aed2a6,60,1.01537907,1.01940763,0.54166669,0.52083331
D7-independent-m8,2b7e151628aed2a6,70,0.97289747,0.98021841,0.50000000,0.50000000
D7-independent-m8,2b7e151628aed2a6,80,0.94292188,0.95293260,0.51041669,0.50000000
D7-independent-m8,2b7e151628aed2a6,90,0.90314275,0.91363591,0.51041669,0.50000000
D7-independent-m8,2b7e151628aed2a6,100,0.87593788,0.89056355,0.53125000,0.52083331
D7-independent-m8,2b7e151628aed2a6,110,0.84845966,0.86347717,0.54166669,0.50000000
D7-independent-m8,2b7e151628aed2a6,120,0.82973450,0.84426361,0.53125000,0.54166669
D7-independent-m8,2b7e151628aed2a6,130,0.81510979,0.83322173,0.54166669,0.50000000
D7-independent-m8,2b7e151628aed2a6,140,0.79451960,0.81496257,0.54166669,0.54166669
D7-independent-m8,2b7e151628aed2a6,150,0.78327447,0.80909830,0.55208331,0.54166669
D7-independent-m8,2b7e151628aed2a6,160,0.77523041,0.80189282,0.55208331,0.54166669
D7-independent-m8,2b7e151628aed2a6,170,0.76232666,0.78935438,0.56250000,0.56250000
D7-independent-m8,2b7e151628aed2a6,180,0.76081920,0.78754729,0.56250000,0.54166669
D7-independent-m8,2b7e151628aed2a6,190,0.74484104,0.77096730,0.57291669,0.54166669
D7-independent-m8,2b7e151628aed2a6,200,0.73497730,0.76426458,0.58333331,0.54166669
D7-independent-m8,2b7e151628aed2a6,210,0.73134065,0.76301306,0.60416669,0.60416669
D7-independent-m8,2b7e151628aed2a6,220,0.70808297,0.73425597,0.61458331,0.58333331
D7-independent-m8,2b7e151628aed2a6,230,0.69786143,0.72584516,0.61458331,0.60416669
D7-independent-m8,2b7e151628aed2a6,240,0.68412274,0.70903999,0.63541669,0.60416669
D7-independent-m8,2b7e151628aed2a6,250,0.68025786,0.70569015,0.61458331,0.60416669
D7-independent-m8,2b7e151628aed2a6,260,0.69726801,0.72889537,0.67708331,0.64583331
D7-independent-m8,2b7e151628aed2a6,270,0.68006682,0.71327299,0.66666669,0.64583331
D7-independent-m8,2b7e151628aed2a6,280,0.66711432,0.70185661,0.66666669,0.64583331
D7-independent-m8,2b7e151628aed2a6,290,0.63864595,0.66608435,0.65625000,0.62500000
D7-independent-m8,2b7e151628aed2a6,300,0.64529800,0.66792470,0.63541669,0.60416669
D7-independent-m8,2b7e151628aed2a6,310,0.62323058,0.64587909,0.66666669,0.62500000
D7-independent-m8,2b7e151628aed2a6,320,0.62770241,0.65708768,0.67708331,0.66666669
D7-independent-m8,2b7e151628aed2a6,330,0.60836303,0.63722539,0.67708331,0.64583331
D7-independent-m8,2b7e151628aed2a6,340,0.60699236,0.63349146,0.70833331,0.66666669
D7-independent-m8,2b7e151628aed2a6,350,0.60061967,0.62041563,0.66666669,0.66666669
D7-independent-m8,2b7e151628aed2a6,360,0.58606821,0.60823339,0.69791669,0.70833331
D7-independent-m8,2b7e151628aed2a6,370,0.59948540,0.63250220,0.70833331,0.68750000
D7-independent-m8,2b7e151628aed2a6,380,0.56304908,0.59346837,0.71875000,0.68750000
D7-independent-m8,2b7e151628aed2a6,390,0.57848632,0.59772903,0.70833331,0.68750000
D7-independent-m8,2b7e151628aed2a6,400,0.56625658,0.58567029,0.70833331,0.68750000
D7-independent-m8,2b7e151628aed2a6,410,0.53785282,0.56516796,0.75000000,0.72916669
D7-independent-m8,2b7e151628aed2a6,420,0.54230899,0.57157058,0.76041669,0.70833331
D7-independent-m8,2b7e151628aed2a6,430,0.51638013,0.53435141,0.76041669,0.72916669
D7-independent-m8,2b7e151628aed2a6,440,0.52080703,0.54641813,0.77083331,0.72916669
D7-independent-m8,2b7e151628aed2a6,450,0.49688900,0.51935214,0.79166669,0.77083331
D7-independent-m8,2b7e151628aed2a6,460,0.49496910,0.52063721,0.78125000,0.75000000
D7-independent-m8,2b7e151628aed2a6,470,0.52528805,0.54622239,0.73958331,0.75000000
D7-independent-m8,2b7e151628aed2a6,480,0.49030793,0.51803863,0.79166669,0.79166669
D7-independent-m8,2b7e151628aed2a6,490,0.48221719,0.50149363,0.76041669,0.70833331
D7-independent-m8,2b7e151628aed2a6,500,0.46329960,0.48044896,0.76041669,0.77083331
D7-independent-m8,2b7e151628aed2a6,510,0.49819815,0.52856582,0.77083331,0.77083331
D7-independent-m8,2b7e151628aed2a6,520,0.46761617,0.49818918,0.80208331,0.79166669
D7-independent-m8,2b7e151628aed2a6,530,0.44454882,0.47109962,0.83333331,0.83333331
D7-independent-m8,2b7e151628aed2a6,540,0.43970600,0.45669153,0.81250000,0.81250000
D7-independent-m8,2b7e151628aed2a6,550,0.44237411,0.47095323,0.80208331,0.77083331
D7-independent-m8,2b7e151628aed2a6,560,0.44369948,0.46910369,0.80208331,0.77083331
D7-independent-m8,2b7e151628aed2a6,570,0.42478481,0.44351730,0.84375000,0.83333331
D7-independent-m8,2b7e151628aed2a6,580,0.40960100,0.42371795,0.84375000,0.83333331
D7-independent-m8,2b7e151628aed2a6,590,0.39648196,0.40914288,0.91666669,0.83333331
D7-independent-m8,2b7e151628aed2a6,599,0.38736784,0.40346345,0.91666669,0.89583331
D7-independent-m8,77a19d3c4e280b51,0,1.11345470,1.11325681,0.33333334,0.33333334
D7-independent-m8,77a19d3c4e280b51,10,1.09797966,1.09808648,0.33333334,0.33333334
D7-independent-m8,77a19d3c4e280b51,20,1.08457541,1.08501232,0.52083331,0.50000000
D7-independent-m8,77a19d3c4e280b51,30,1.07672548,1.07750046,0.42708334,0.41666666
D7-independent-m8,77a19d3c4e280b51,40,1.05828798,1.05943501,0.47916666,0.45833334
D7-independent-m8,77a19d3c4e280b51,50,1.05635142,1.05788195,0.46875000,0.45833334
D7-independent-m8,77a19d3c4e280b51,60,1.02237332,1.02556300,0.50000000,0.50000000
D7-independent-m8,77a19d3c4e280b51,70,0.97090548,0.97734243,0.46875000,0.45833334
D7-independent-m8,77a19d3c4e280b51,80,0.94316131,0.95273572,0.46875000,0.45833334
D7-independent-m8,77a19d3c4e280b51,90,0.93695384,0.94653320,0.45833334,0.43750000
D7-independent-m8,77a19d3c4e280b51,100,0.92976046,0.94297844,0.48958334,0.45833334
D7-independent-m8,77a19d3c4e280b51,110,0.92607099,0.93866205,0.44791666,0.45833334
D7-independent-m8,77a19d3c4e280b51,120,0.92022181,0.93265444,0.51041669,0.54166669
D7-independent-m8,77a19d3c4e280b51,130,0.91427988,0.92593521,0.45833334,0.45833334
D7-independent-m8,77a19d3c4e280b51,140,0.92364520,0.94116372,0.46875000,0.45833334
D7-independent-m8,77a19d3c4e280b51,150,0.93750191,0.94811398,0.48958334,0.50000000
D7-independent-m8,77a19d3c4e280b51,160,0.91689134,0.93488914,0.46875000,0.45833334
D7-independent-m8,77a19d3c4e280b51,170,0.89696509,0.91574842,0.47916666,0.45833334
D7-independent-m8,77a19d3c4e280b51,180,0.85620934,0.87519264,0.48958334,0.47916666
D7-independent-m8,77a19d3c4e280b51,190,0.84449655,0.86422992,0.54166669,0.52083331
D7-independent-m8,77a19d3c4e280b51,200,0.80375433,0.81910938,0.52083331,0.52083331
D7-independent-m8,77a19d3c4e280b51,210,0.78480387,0.80217737,0.51041669,0.47916666
D7-independent-m8,77a19d3c4e280b51,220,0.78488559,0.80718642,0.51041669,0.50000000
D7-independent-m8,77a19d3c4e280b51,230,0.74652100,0.76290065,0.58333331,0.54166669
D7-independent-m8,77a19d3c4e280b51,240,0.74139953,0.76812071,0.56250000,0.52083331
D7-independent-m8,77a19d3c4e280b51,250,0.75065333,0.78388613,0.60416669,0.58333331
D7-independent-m8,77a19d3c4e280b51,260,0.71830606,0.74367231,0.57291669,0.54166669
D7-independent-m8,77a19d3c4e280b51,270,0.70867902,0.73292780,0.58333331,0.56250000
D7-independent-m8,77a19d3c4e280b51,280,0.70626372,0.73780942,0.61458331,0.60416669
D7-independent-m8,77a19d3c4e280b51,290,0.69300026,0.72185451,0.62500000,0.62500000
D7-independent-m8,77a19d3c4e280b51,300,0.67336386,0.70297503,0.61458331,0.58333331
D7-independent-m8,77a19d3c4e280b51,310,0.67858052,0.70686001,0.62500000,0.60416669
D7-independent-m8,77a19d3c4e280b51,320,0.69575286,0.72311038,0.70833331,0.66666669
D7-independent-m8,77a19d3c4e280b51,330,0.67679214,0.69840318,0.59375000,0.56250000
D7-independent-m8,77a19d3c4e280b51,340,0.66526914,0.68564397,0.64583331,0.64583331
D7-independent-m8,77a19d3c4e280b51,350,0.64667523,0.66753703,0.59375000,0.60416669
D7-independent-m8,77a19d3c4e280b51,360,0.64019459,0.65926069,0.73958331,0.68750000
D7-independent-m8,77a19d3c4e280b51,370,0.64489263,0.67670250,0.68750000,0.64583331
D7-independent-m8,77a19d3c4e280b51,380,0.62339139,0.65719813,0.69791669,0.70833331
D7-independent-m8,77a19d3c4e280b51,390,0.60799664,0.63603938,0.72916669,0.72916669
D7-independent-m8,77a19d3c4e280b51,400,0.57642066,0.60339129,0.70833331,0.68750000
D7-independent-m8,77a19d3c4e280b51,410,0.56105024,0.58793271,0.72916669,0.68750000
D7-independent-m8,77a19d3c4e280b51,420,0.54974955,0.57390022,0.72916669,0.70833331
D7-independent-m8,77a19d3c4e280b51,430,0.54592377,0.57473540,0.73958331,0.72916669
D7-independent-m8,77a19d3c4e280b51,440,0.54140919,0.56712919,0.71875000,0.68750000
D7-independent-m8,77a19d3c4e280b51,450,0.51655465,0.54388171,0.75000000,0.72916669
D7-independent-m8,77a19d3c4e280b51,460,0.50246543,0.52704525,0.79166669,0.79166669
D7-independent-m8,77a19d3c4e280b51,470,0.48722693,0.51097113,0.78125000,0.70833331
D7-independent-m8,77a19d3c4e280b51,480,0.49692854,0.52618438,0.78125000,0.77083331
D7-independent-m8,77a19d3c4e280b51,490,0.48471549,0.50975102,0.82291669,0.77083331
D7-independent-m8,77a19d3c4e280b51,500,0.48043573,0.50600737,0.85416669,0.81250000
D7-independent-m8,77a19d3c4e280b51,510,0.46678054,0.49629602,0.76041669,0.77083331
D7-independent-m8,77a19d3c4e280b51,520,0.44318700,0.47152749,0.79166669,0.75000000
D7-independent-m8,77a19d3c4e280b51,530,0.43688336,0.46716583,0.82291669,0.77083331
D7-independent-m8,77a19d3c4e280b51,540,0.41672876,0.43963113,0.84375000,0.83333331
D7-independent-m8,77a19d3c4e280b51,550,0.42085686,0.44428194,0.82291669,0.85416669
D7-independent-m8,77a19d3c4e280b51,560,0.40670916,0.43265983,0.84375000,0.85416669
D7-independent-m8,77a19d3c4e280b51,570,0.41086248,0.44238719,0.85416669,0.83333331
D7-independent-m8,77a19d3c4e280b51,580,0.37802759,0.39547214,0.89583331,0.83333331
D7-independent-m8,77a19d3c4e280b51,590,0.38197574,0.40437663,0.91666669,0.91666669
D7-independent-m8,77a19d3c4e280b51,599,0.38691792,0.40929833,0.91666669,0.93750000
D7-independent-m8,1111222233334444,0,1.11261332,1.11245441,0.33333334,0.33333334
D7-independent-m8,1111222233334444,10,1.09804499,1.09805322,0.33333334,0.33333334
D7-independent-m8,1111222233334444,20,1.07824790,1.07870936,0.50000000,0.50000000
D7-independent-m8,1111222233334444,30,1.06931603,1.07022440,0.34375000,0.35416666
D7-independent-m8,1111222233334444,40,1.03673565,1.03877914,0.48958334,0.50000000
D7-independent-m8,1111222233334444,50,1.00473225,1.00878417,0.50000000,0.50000000
D7-independent-m8,1111222233334444,60,0.97410053,0.97928649,0.48958334,0.50000000
D7-independent-m8,1111222233334444,70,0.94179505,0.95074582,0.54166669,0.54166669
D7-independent-m8,1111222233334444,80,0.91711062,0.92758316,0.56250000,0.56250000
D7-independent-m8,1111222233334444,90,0.90549892,0.91868573,0.53125000,0.52083331
D7-independent-m8,1111222233334444,100,0.86951494,0.88391423,0.51041669,0.50000000
D7-independent-m8,1111222233334444,110,0.85797912,0.87252146,0.54166669,0.54166669
D7-independent-m8,1111222233334444,120,0.81969047,0.83319908,0.55208331,0.58333331
D7-independent-m8,1111222233334444,130,0.79631042,0.81261450,0.56250000,0.52083331
D7-independent-m8,1111222233334444,140,0.78030926,0.79743820,0.52083331,0.50000000
D7-independent-m8,1111222233334444,150,0.75751966,0.77825189,0.54166669,0.54166669
D7-independent-m8,1111222233334444,160,0.74576789,0.76901293,0.56250000,0.56250000
D7-independent-m8,1111222233334444,170,0.72597998,0.75107932,0.57291669,0.54166669
D7-independent-m8,1111222233334444,180,0.73177481,0.75660783,0.57291669,0.52083331
D7-independent-m8,1111222233334444,190,0.72433567,0.75288624,0.55208331,0.50000000
D7-independent-m8,1111222233334444,200,0.70870441,0.74485546,0.62500000,0.60416669
D7-independent-m8,1111222233334444,210,0.68922967,0.72023338,0.61458331,0.62500000
D7-independent-m8,1111222233334444,220,0.67484975,0.70508558,0.60416669,0.60416669
D7-independent-m8,1111222233334444,230,0.65842485,0.68419069,0.60416669,0.58333331
D7-independent-m8,1111222233334444,240,0.66759467,0.70107102,0.64583331,0.60416669
D7-independent-m8,1111222233334444,250,0.65700728,0.68671256,0.69791669,0.66666669
D7-independent-m8,1111222233334444,260,0.60875982,0.63343424,0.65625000,0.62500000
D7-independent-m8,1111222233334444,270,0.60779983,0.64188987,0.75000000,0.66666669
D7-independent-m8,1111222233334444,280,0.55374557,0.58075315,0.76041669,0.75000000
D7-independent-m8,1111222233334444,290,0.56208563,0.59452444,0.76041669,0.72916669
D7-independent-m8,1111222233334444,300,0.52682799,0.55083805,0.78125000,0.77083331
D7-independent-m8,1111222233334444,310,0.52024144,0.54114395,0.73958331,0.70833331
D7-independent-m8,1111222233334444,320,0.51491934,0.53782213,0.80208331,0.77083331
D7-independent-m8,1111222233334444,330,0.49301234,0.51553303,0.79166669,0.77083331
D7-independent-m8,1111222233334444,340,0.48943898,0.51639730,0.79166669,0.77083331
D7-independent-m8,1111222233334444,350,0.46045718,0.48437297,0.85416669,0.83333331
D7-independent-m8,1111222233334444,360,0.44582489,0.46892238,0.85416669,0.81250000
D7-independent-m8,1111222233334444,370,0.43483567,0.45586789,0.87500000,0.85416669
D7-independent-m8,1111222233334444,380,0.42681095,0.44813180,0.86458331,0.85416669
D7-independent-m8,1111222233334444,390,0.41839051,0.44041863,0.87500000,0.85416669
D7-independent-m8,1111222233334444,400,0.39773917,0.42538765,0.85416669,0.83333331
D7-independent-m8,1111222233334444,410,0.38904774,0.41719007,0.87500000,0.87500000
D7-independent-m8,1111222233334444,420,0.37607422,0.40045360,0.87500000,0.85416669
D7-independent-m8,1111222233334444,430,0.35251388,0.37779894,0.94791669,0.89583331
D7-independent-m8,1111222233334444,440,0.34462774,0.37032565,0.92708331,0.93750000
D7-independent-m8,1111222233334444,450,0.33413824,0.35755897,0.93750000,0.89583331
D7-independent-m8,1111222233334444,460,0.32123169,0.34782216,0.93750000,0.91666669
D7-independent-m8,1111222233334444,470,0.31250980,0.33852229,0.88541669,0.85416669
D7-independent-m8,1111222233334444,480,0.31897441,0.34334219,0.90625000,0.89583331
D7-independent-m8,1111222233334444,490,0.30034354,0.32343194,0.91666669,0.91666669
D7-independent-m8,1111222233334444,500,0.29664144,0.32572326,0.93750000,0.91666669
D7-independent-m8,1111222233334444,510,0.32317671,0.35865930,0.88541669,0.87500000
D7-independent-m8,1111222233334444,520,0.29233852,0.32375553,0.90625000,0.91666669
D7-independent-m8,1111222233334444,530,0.28842402,0.32065809,0.90625000,0.89583331
D7-independent-m8,1111222233334444,540,0.27306873,0.30308029,0.92708331,0.91666669
D7-independent-m8,1111222233334444,550,0.28334156,0.31152955,0.91666669,0.89583331
D7-independent-m8,1111222233334444,560,0.26698309,0.29935780,0.92708331,0.93750000
D7-independent-m8,1111222233334444,570,0.26387361,0.29884666,0.93750000,0.95833331
D7-independent-m8,1111222233334444,580,0.26166552,0.28553137,0.92708331,0.91666669
D7-independent-m8,1111222233334444,590,0.25295565,0.28093848,0.95833331,0.93750000
D7-independent-m8,1111222233334444,599,0.25132975,0.27732098,0.93750000,0.95833331
D8-full-m1,2b7e151628aed2a6,0,1.11032951,1.11006391,0.33333334,0.33333334
D8-full-m1,2b7e151628aed2a6,10,1.10383677,1.10359907,0.33333334,0.33333334
D8-full-m1,2b7e151628aed2a6,20,1.09871531,1.09857714,0.33333334,0.33333334
D8-full-m1,2b7e151628aed2a6,30,1.09490311,1.09488130,0.42708334,0.43750000
D8-full-m1,2b7e151628aed2a6,40,1.09149384,1.09155571,0.42708334,0.43750000
D8-full-m1,2b7e151628aed2a6,50,1.08789814,1.08808994,0.42708334,0.41666666
D8-full-m1,2b7e151628aed2a6,60,1.08378565,1.08412254,0.45833334,0.45833334
D8-full-m1,2b7e151628aed2a6,70,1.07922268,1.07974327,0.46875000,0.45833334
D8-full-m1,2b7e151628aed2a6,80,1.07457709,1.07518780,0.45833334,0.47916666
D8-full-m1,2b7e151628aed2a6,90,1.06985390,1.07068360,0.45833334,0.45833334
D8-full-m1,2b7e151628aed2a6,100,1.06440580,1.06544912,0.45833334,0.45833334
D8-full-m1,2b7e151628aed2a6,110,1.05833435,1.05961382,0.45833334,0.45833334
D8-full-m1,2b7e151628aed2a6,120,1.05172527,1.05330288,0.46875000,0.45833334
D8-full-m1,2b7e151628aed2a6,130,1.04509318,1.04696262,0.44791666,0.45833334
D8-full-m1,2b7e151628aed2a6,140,1.03793108,1.04009259,0.46875000,0.45833334
D8-full-m1,2b7e151628aed2a6,150,1.03089654,1.03349459,0.47916666,0.47916666
D8-full-m1,2b7e151628aed2a6,160,1.02344668,1.02636945,0.45833334,0.43750000
D8-full-m1,2b7e151628aed2a6,170,1.01601052,1.01924312,0.46875000,0.45833334
D8-full-m1,2b7e151628aed2a6,180,1.00819337,1.01178980,0.45833334,0.43750000
D8-full-m1,2b7e151628aed2a6,190,0.99873137,1.00304472,0.43750000,0.43750000
D8-full-m1,2b7e151628aed2a6,200,0.99142057,0.99602169,0.44791666,0.45833334
D8-full-m1,2b7e151628aed2a6,210,0.98435682,0.98959738,0.43750000,0.43750000
D8-full-m1,2b7e151628aed2a6,220,0.97630101,0.98223853,0.43750000,0.43750000
D8-full-m1,2b7e151628aed2a6,230,0.96914822,0.97538131,0.44791666,0.43750000
D8-full-m1,2b7e151628aed2a6,240,0.96216613,0.96902186,0.44791666,0.43750000
D8-full-m1,2b7e151628aed2a6,250,0.95572901,0.96297574,0.44791666,0.43750000
D8-full-m1,2b7e151628aed2a6,260,0.95101935,0.95883816,0.44791666,0.47916666
D8-full-m1,2b7e151628aed2a6,270,0.94661021,0.95484751,0.44791666,0.47916666
D8-full-m1,2b7e151628aed2a6,280,0.94246030,0.95112514,0.44791666,0.47916666
D8-full-m1,2b7e151628aed2a6,290,0.93866587,0.94764447,0.44791666,0.47916666
D8-full-m1,2b7e151628aed2a6,300,0.93459398,0.94371176,0.47916666,0.47916666
D8-full-m1,2b7e151628aed2a6,310,0.93035692,0.93984276,0.47916666,0.45833334
D8-full-m1,2b7e151628aed2a6,320,0.92629504,0.93603134,0.47916666,0.45833334
D8-full-m1,2b7e151628aed2a6,330,0.92234653,0.93244392,0.47916666,0.45833334
D8-full-m1,2b7e151628aed2a6,340,0.91830778,0.92888027,0.47916666,0.45833334
D8-full-m1,2b7e151628aed2a6,350,0.91323638,0.92397314,0.46875000,0.45833334
D8-full-m1,2b7e151628aed2a6,360,0.90833688,0.91920215,0.47916666,0.45833334
D8-full-m1,2b7e151628aed2a6,370,0.90306455,0.91390544,0.50000000,0.47916666
D8-full-m1,2b7e151628aed2a6,380,0.89748996,0.90847605,0.50000000,0.47916666
D8-full-m1,2b7e151628aed2a6,390,0.89073187,0.90178186,0.48958334,0.50000000
D8-full-m1,2b7e151628aed2a6,400,0.88453847,0.89569944,0.47916666,0.52083331
D8-full-m1,2b7e151628aed2a6,410,0.87794799,0.88950306,0.50000000,0.47916666
D8-full-m1,2b7e151628aed2a6,420,0.87133950,0.88350564,0.50000000,0.47916666
D8-full-m1,2b7e151628aed2a6,430,0.86448026,0.87682122,0.48958334,0.47916666
D8-full-m1,2b7e151628aed2a6,440,0.85658830,0.86925030,0.50000000,0.47916666
D8-full-m1,2b7e151628aed2a6,450,0.84879917,0.86175281,0.50000000,0.50000000
D8-full-m1,2b7e151628aed2a6,460,0.84120351,0.85420579,0.50000000,0.52083331
D8-full-m1,2b7e151628aed2a6,470,0.83369821,0.84683806,0.51041669,0.54166669
D8-full-m1,2b7e151628aed2a6,480,0.82542402,0.83904999,0.53125000,0.52083331
D8-full-m1,2b7e151628aed2a6,490,0.81623489,0.83030909,0.52083331,0.54166669
D8-full-m1,2b7e151628aed2a6,500,0.80807799,0.82245636,0.52083331,0.54166669
D8-full-m1,2b7e151628aed2a6,510,0.80118036,0.81568068,0.51041669,0.52083331
D8-full-m1,2b7e151628aed2a6,520,0.79334974,0.80843735,0.52083331,0.52083331
D8-full-m1,2b7e151628aed2a6,530,0.78540188,0.80100226,0.53125000,0.52083331
D8-full-m1,2b7e151628aed2a6,540,0.77831596,0.79431409,0.54166669,0.54166669
D8-full-m1,2b7e151628aed2a6,550,0.77097923,0.78731185,0.56250000,0.54166669
D8-full-m1,2b7e151628aed2a6,560,0.76337582,0.77911520,0.56250000,0.54166669
D8-full-m1,2b7e151628aed2a6,570,0.75652963,0.77286404,0.58333331,0.54166669
D8-full-m1,2b7e151628aed2a6,580,0.75042540,0.76709849,0.58333331,0.56250000
D8-full-m1,2b7e151628aed2a6,590,0.74398774,0.76090646,0.57291669,0.54166669
D8-full-m1,2b7e151628aed2a6,599,0.73714900,0.75500089,0.58333331,0.56250000
D8-full-m1,77a19d3c4e280b51,0,1.11032951,1.11006391,0.33333334,0.33333334
D8-full-m1,77a19d3c4e280b51,10,1.10388243,1.10370350,0.33333334,0.33333334
D8-full-m1,77a19d3c4e280b51,20,1.09855711,1.09852505,0.33333334,0.33333334
D8-full-m1,77a19d3c4e280b51,30,1.09474981,1.09481776,0.33333334,0.33333334
D8-full-m1,77a19d3c4e280b51,40,1.09140205,1.09155369,0.43750000,0.43750000
D8-full-m1,77a19d3c4e280b51,50,1.08789170,1.08812487,0.37500000,0.35416666
D8-full-m1,77a19d3c4e280b51,60,1.08416486,1.08453405,0.35416666,0.35416666
D8-full-m1,77a19d3c4e280b51,70,1.07967484,1.08023596,0.39583334,0.39583334
D8-full-m1,77a19d3c4e280b51,80,1.07502282,1.07575715,0.45833334,0.45833334
D8-full-m1,77a19d3c4e280b51,90,1.07040906,1.07131863,0.45833334,0.45833334
D8-full-m1,77a19d3c4e280b51,100,1.06526661,1.06634796,0.46875000,0.47916666
D8-full-m1,77a19d3c4e280b51,110,1.05918241,1.06055236,0.46875000,0.45833334
D8-full-m1,77a19d3c4e280b51,120,1.05215609,1.05379188,0.46875000,0.43750000
D8-full-m1,77a19d3c4e280b51,130,1.04538167,1.04722226,0.46875000,0.43750000
D8-full-m1,77a19d3c4e280b51,140,1.03809869,1.04033566,0.45833334,0.47916666
D8-full-m1,77a19d3c4e280b51,150,1.03139734,1.03393877,0.43750000,0.43750000
D8-full-m1,77a19d3c4e280b51,160,1.02423823,1.02713430,0.43750000,0.43750000
D8-full-m1,77a19d3c4e280b51,170,1.01591778,1.01921356,0.43750000,0.41666666
D8-full-m1,77a19d3c4e280b51,180,1.00759089,1.01151276,0.43750000,0.41666666
D8-full-m1,77a19d3c4e280b51,190,0.99882311,1.00327146,0.45833334,0.43750000
D8-full-m1,77a19d3c4e280b51,200,0.99060011,0.99537379,0.45833334,0.43750000
D8-full-m1,77a19d3c4e280b51,210,0.98326343,0.98853880,0.45833334,0.45833334
D8-full-m1,77a19d3c4e280b51,220,0.97555500,0.98162848,0.44791666,0.43750000
D8-full-m1,77a19d3c4e280b51,230,0.96732283,0.97393799,0.44791666,0.45833334
D8-full-m1,77a19d3c4e280b51,240,0.96038485,0.96767145,0.45833334,0.45833334
D8-full-m1,77a19d3c4e280b51,250,0.95356923,0.96115869,0.44791666,0.47916666
D8-full-m1,77a19d3c4e280b51,260,0.94828397,0.95676517,0.44791666,0.45833334
D8-full-m1,77a19d3c4e280b51,270,0.94374233,0.95266515,0.44791666,0.45833334
D8-full-m1,77a19d3c4e280b51,280,0.93985420,0.94900268,0.45833334,0.45833334
D8-full-m1,77a19d3c4e280b51,290,0.93589121,0.94522530,0.45833334,0.45833334
D8-full-m1,77a19d3c4e280b51,300,0.93142962,0.94109106,0.44791666,0.45833334
D8-full-m1,77a19d3c4e280b51,310,0.92752248,0.93750018,0.45833334,0.45833334
D8-full-m1,77a19d3c4e280b51,320,0.92372441,0.93364048,0.47916666,0.45833334
D8-full-m1,77a19d3c4e280b51,330,0.92002565,0.92975456,0.47916666,0.45833334
D8-full-m1,77a19d3c4e280b51,340,0.91612309,0.92582113,0.46875000,0.45833334
D8-full-m1,77a19d3c4e280b51,350,0.91170889,0.92181826,0.46875000,0.45833334
D8-full-m1,77a19d3c4e280b51,360,0.90772533,0.91800612,0.47916666,0.47916666
D8-full-m1,77a19d3c4e280b51,370,0.90239865,0.91262120,0.47916666,0.47916666
D8-full-m1,77a19d3c4e280b51,380,0.89720178,0.90747184,0.50000000,0.47916666
D8-full-m1,77a19d3c4e280b51,390,0.89170915,0.90231794,0.48958334,0.47916666
D8-full-m1,77a19d3c4e280b51,400,0.88613433,0.89674902,0.48958334,0.50000000
D8-full-m1,77a19d3c4e280b51,410,0.88040233,0.89055747,0.47916666,0.47916666
D8-full-m1,77a19d3c4e280b51,420,0.87446612,0.88485980,0.48958334,0.45833334
D8-full-m1,77a19d3c4e280b51,430,0.86792272,0.87842727,0.48958334,0.45833334
D8-full-m1,77a19d3c4e280b51,440,0.86109596,0.87264043,0.48958334,0.50000000
D8-full-m1,77a19d3c4e280b51,450,0.85444444,0.86583549,0.48958334,0.50000000
D8-full-m1,77a19d3c4e280b51,460,0.84733981,0.85856605,0.48958334,0.50000000
D8-full-m1,77a19d3c4e280b51,470,0.84022689,0.85155612,0.48958334,0.50000000
D8-full-m1,77a19d3c4e280b51,480,0.83292848,0.84452826,0.48958334,0.50000000
D8-full-m1,77a19d3c4e280b51,490,0.82467991,0.83642882,0.48958334,0.50000000
D8-full-m1,77a19d3c4e280b51,500,0.81591177,0.82766438,0.50000000,0.50000000
D8-full-m1,77a19d3c4e280b51,510,0.80745548,0.81955266,0.50000000,0.52083331
D8-full-m1,77a19d3c4e280b51,520,0.80012178,0.81228995,0.50000000,0.52083331
D8-full-m1,77a19d3c4e280b51,530,0.79253227,0.80478597,0.50000000,0.52083331
D8-full-m1,77a19d3c4e280b51,540,0.78542739,0.79791838,0.50000000,0.52083331
D8-full-m1,77a19d3c4e280b51,550,0.77815002,0.79154044,0.53125000,0.56250000
D8-full-m1,77a19d3c4e280b51,560,0.77036548,0.78327554,0.55208331,0.56250000
D8-full-m1,77a19d3c4e280b51,570,0.76358694,0.77753782,0.55208331,0.56250000
D8-full-m1,77a19d3c4e280b51,580,0.75637633,0.77083510,0.56250000,0.54166669
D8-full-m1,77a19d3c4e280b51,590,0.74964976,0.76443619,0.57291669,0.56250000
D8-full-m1,77a19d3c4e280b51,599,0.74372411,0.75872684,0.59375000,0.58333331
D8-full-m1,1111222233334444,0,1.11032951,1.11006391,0.33333334,0.33333334
D8-full-m1,1111222233334444,10,1.10295033,1.10273635,0.33333334,0.33333334
D8-full-m1,1111222233334444,20,1.09922612,1.09909046,0.33333334,0.33333334
D8-full-m1,1111222233334444,30,1.09653175,1.09649229,0.33333334,0.33333334
D8-full-m1,1111222233334444,40,1.09392536,1.09397388,0.33333334,0.33333334
D8-full-m1,1111222233334444,50,1.09167850,1.09182882,0.33333334,0.33333334
D8-full-m1,1111222233334444,60,1.08832467,1.08854043,0.38541666,0.37500000
D8-full-m1,1111222233334444,70,1.08390594,1.08426034,0.51041669,0.54166669
D8-full-m1,1111222233334444,80,1.07976329,1.08023727,0.57291669,0.52083331
D8-full-m1,1111222233334444,90,1.07522631,1.07589650,0.48958334,0.47916666
D8-full-m1,1111222233334444,100,1.07019556,1.07098055,0.51041669,0.50000000
D8-full-m1,1111222233334444,110,1.06487429,1.06578457,0.52083331,0.50000000
D8-full-m1,1111222233334444,120,1.05891824,1.05995190,0.53125000,0.52083331
D8-full-m1,1111222233334444,130,1.05272520,1.05399168,0.47916666,0.47916666
D8-full-m1,1111222233334444,140,1.04584062,1.04732966,0.50000000,0.47916666
D8-full-m1,1111222233334444,150,1.03959000,1.04135931,0.47916666,0.45833334
D8-full-m1,1111222233334444,160,1.03242838,1.03466392,0.47916666,0.45833334
D8-full-m1,1111222233334444,170,1.02392650,1.02653849,0.50000000,0.45833334
D8-full-m1,1111222233334444,180,1.01602900,1.01882339,0.43750000,0.43750000
D8-full-m1,1111222233334444,190,1.00696385,1.01005948,0.45833334,0.45833334
D8-full-m1,1111222233334444,200,0.99844044,1.00198901,0.45833334,0.45833334
D8-full-m1,1111222233334444,210,0.98944288,0.99340993,0.45833334,0.45833334
D8-full-m1,1111222233334444,220,0.98126888,0.98574942,0.44791666,0.43750000
D8-full-m1,1111222233334444,230,0.97286463,0.97767878,0.45833334,0.45833334
D8-full-m1,1111222233334444,240,0.96442127,0.96995515,0.45833334,0.45833334
D8-full-m1,1111222233334444,250,0.95606691,0.96190065,0.46875000,0.45833334
D8-full-m1,1111222233334444,260,0.94934821,0.95568895,0.44791666,0.45833334
D8-full-m1,1111222233334444,270,0.94373202,0.95064420,0.47916666,0.45833334
D8-full-m1,1111222233334444,280,0.93801361,0.94542986,0.47916666,0.45833334
D8-full-m1,1111222233334444,290,0.93303722,0.94068098,0.47916666,0.45833334
D8-full-m1,1111222233334444,300,0.92688674,0.93515044,0.47916666,0.45833334
D8-full-m1,1111222233334444,310,0.92133337,0.93005639,0.47916666,0.45833334
D8-full-m1,1111222233334444,320,0.91560340,0.92457932,0.47916666,0.45833334
D8-full-m1,1111222233334444,330,0.91071081,0.91989285,0.48958334,0.45833334
D8-full-m1,1111222233334444,340,0.90562326,0.91487473,0.48958334,0.45833334
D8-full-m1,1111222233334444,350,0.89972025,0.90937632,0.48958334,0.45833334
D8-full-m1,1111222233334444,360,0.89337450,0.90324330,0.48958334,0.45833334
D8-full-m1,1111222233334444,370,0.88610154,0.89618605,0.48958334,0.47916666
D8-full-m1,1111222233334444,380,0.87860030,0.88859969,0.48958334,0.50000000
D8-full-m1,1111222233334444,390,0.87191105,0.88214821,0.48958334,0.50000000
D8-full-m1,1111222233334444,400,0.86550027,0.87598109,0.50000000,0.50000000
D8-full-m1,1111222233334444,410,0.85862750,0.86951941,0.50000000,0.50000000
D8-full-m1,1111222233334444,420,0.85156792,0.86293656,0.51041669,0.50000000
D8-full-m1,1111222233334444,430,0.84424156,0.85549515,0.50000000,0.50000000
D8-full-m1,1111222233334444,440,0.83749777,0.84870863,0.50000000,0.50000000
D8-full-m1,1111222233334444,450,0.83088785,0.84209305,0.50000000,0.52083331
D8-full-m1,1111222233334444,460,0.82404011,0.83560085,0.52083331,0.52083331
D8-full-m1,1111222233334444,470,0.81716210,0.82887667,0.51041669,0.52083331
D8-full-m1,1111222233334444,480,0.81064266,0.82230830,0.52083331,0.52083331
D8-full-m1,1111222233334444,490,0.80316788,0.81521344,0.50000000,0.50000000
D8-full-m1,1111222233334444,500,0.79497623,0.80759698,0.51041669,0.52083331
D8-full-m1,1111222233334444,510,0.78832370,0.80185008,0.52083331,0.52083331
D8-full-m1,1111222233334444,520,0.78143865,0.79483813,0.53125000,0.52083331
D8-full-m1,1111222233334444,530,0.77472466,0.78871489,0.52083331,0.52083331
D8-full-m1,1111222233334444,540,0.76826119,0.78311276,0.53125000,0.52083331
D8-full-m1,1111222233334444,550,0.76136684,0.77601260,0.54166669,0.52083331
D8-full-m1,1111222233334444,560,0.75456065,0.76928467,0.54166669,0.54166669
D8-full-m1,1111222233334444,570,0.74873823,0.76381534,0.56250000,0.54166669
D8-full-m1,1111222233334444,580,0.74285918,0.75961965,0.57291669,0.54166669
D8-full-m1,1111222233334444,590,0.73725200,0.75367546,0.55208331,0.54166669
D8-full-m1,1111222233334444,599,0.73170757,0.74850154,0.59375000,0.54166669
D9-full-m2,2b7e151628aed2a6,0,1.10938334,1.10910571,0.33333334,0.33333334
D9-full-m2,2b7e151628aed2a6,10,1.09915674,1.09904909,0.33333334,0.33333334
D9-full-m2,2b7e151628aed2a6,20,1.09300065,1.09300530,0.36458334,0.37500000
D9-full-m2,2b7e151628aed2a6,30,1.08590591,1.08602893,0.43750000,0.43750000
D9-full-m2,2b7e151628aed2a6,40,1.07809842,1.07848370,0.44791666,0.43750000
D9-full-m2,2b7e151628aed2a6,50,1.06859720,1.06923258,0.51041669,0.52083331
D9-full-m2,2b7e151628aed2a6,60,1.05496156,1.05597651,0.46875000,0.43750000
D9-full-m2,2b7e151628aed2a6,70,1.03762186,1.03927076,0.44791666,0.43750000
D9-full-m2,2b7e151628aed2a6,80,1.02042258,1.02267385,0.44791666,0.45833334
D9-full-m2,2b7e151628aed2a6,90,1.00604475,1.00931466,0.44791666,0.43750000
D9-full-m2,2b7e151628aed2a6,100,0.99140215,0.99536818,0.43750000,0.45833334
D9-full-m2,2b7e151628aed2a6,110,0.97855926,0.98399192,0.44791666,0.45833334
D9-full-m2,2b7e151628aed2a6,120,0.96498209,0.97150487,0.44791666,0.45833334
D9-full-m2,2b7e151628aed2a6,130,0.95280796,0.96000654,0.44791666,0.43750000
D9-full-m2,2b7e151628aed2a6,140,0.94300073,0.95096117,0.44791666,0.45833334
D9-full-m2,2b7e151628aed2a6,150,0.93424100,0.94327170,0.44791666,0.43750000
D9-full-m2,2b7e151628aed2a6,160,0.92529005,0.93419892,0.45833334,0.43750000
D9-full-m2,2b7e151628aed2a6,170,0.91558415,0.92465967,0.45833334,0.47916666
D9-full-m2,2b7e151628aed2a6,180,0.90501666,0.91441107,0.46875000,0.45833334
D9-full-m2,2b7e151628aed2a6,190,0.89355278,0.90322733,0.46875000,0.45833334
D9-full-m2,2b7e151628aed2a6,200,0.88157219,0.89099199,0.48958334,0.50000000
D9-full-m2,2b7e151628aed2a6,210,0.87079293,0.88058567,0.47916666,0.50000000
D9-full-m2,2b7e151628aed2a6,220,0.85888273,0.86915141,0.50000000,0.50000000
D9-full-m2,2b7e151628aed2a6,230,0.84541017,0.85626048,0.50000000,0.50000000
D9-full-m2,2b7e151628aed2a6,240,0.83281571,0.84376127,0.51041669,0.50000000
D9-full-m2,2b7e151628aed2a6,250,0.81877548,0.83073109,0.48958334,0.50000000
D9-full-m2,2b7e151628aed2a6,260,0.80455762,0.81724256,0.51041669,0.50000000
D9-full-m2,2b7e151628aed2a6,270,0.79091197,0.80412096,0.51041669,0.50000000
D9-full-m2,2b7e151628aed2a6,280,0.77731323,0.79133767,0.52083331,0.50000000
D9-full-m2,2b7e151628aed2a6,290,0.76392865,0.77881175,0.53125000,0.52083331
D9-full-m2,2b7e151628aed2a6,300,0.75067466,0.76701134,0.54166669,0.54166669
D9-full-m2,2b7e151628aed2a6,310,0.73856205,0.75580931,0.57291669,0.52083331
D9-full-m2,2b7e151628aed2a6,320,0.72768658,0.74502105,0.57291669,0.54166669
D9-full-m2,2b7e151628aed2a6,330,0.71744990,0.73747522,0.57291669,0.54166669
D9-full-m2,2b7e151628aed2a6,340,0.70706648,0.72745824,0.58333331,0.54166669
D9-full-m2,2b7e151628aed2a6,350,0.69740868,0.71778947,0.58333331,0.54166669
D9-full-m2,2b7e151628aed2a6,360,0.68655580,0.70825458,0.60416669,0.54166669
D9-full-m2,2b7e151628aed2a6,370,0.67506593,0.69775409,0.59375000,0.54166669
D9-full-m2,2b7e151628aed2a6,380,0.66430479,0.68727422,0.61458331,0.56250000
D9-full-m2,2b7e151628aed2a6,390,0.65540916,0.67823863,0.61458331,0.60416669
D9-full-m2,2b7e151628aed2a6,400,0.64489084,0.66848707,0.63541669,0.62500000
D9-full-m2,2b7e151628aed2a6,410,0.63403410,0.65932018,0.67708331,0.64583331
D9-full-m2,2b7e151628aed2a6,420,0.62347388,0.64684230,0.68750000,0.66666669
D9-full-m2,2b7e151628aed2a6,430,0.61109459,0.63445646,0.67708331,0.66666669
D9-full-m2,2b7e151628aed2a6,440,0.59934658,0.62179059,0.69791669,0.68750000
D9-full-m2,2b7e151628aed2a6,450,0.58709431,0.61107129,0.71875000,0.66666669
D9-full-m2,2b7e151628aed2a6,460,0.57514817,0.59895426,0.71875000,0.68750000
D9-full-m2,2b7e151628aed2a6,470,0.56464207,0.58762914,0.72916669,0.68750000
D9-full-m2,2b7e151628aed2a6,480,0.55295771,0.57552457,0.73958331,0.72916669
D9-full-m2,2b7e151628aed2a6,490,0.53979558,0.56132531,0.73958331,0.72916669
D9-full-m2,2b7e151628aed2a6,500,0.52788883,0.55060846,0.73958331,0.72916669
D9-full-m2,2b7e151628aed2a6,510,0.51629108,0.53865570,0.78125000,0.72916669
D9-full-m2,2b7e151628aed2a6,520,0.50428170,0.52641505,0.79166669,0.75000000
D9-full-m2,2b7e151628aed2a6,530,0.49351561,0.51609737,0.82291669,0.75000000
D9-full-m2,2b7e151628aed2a6,540,0.48143077,0.50374949,0.82291669,0.77083331
D9-full-m2,2b7e151628aed2a6,550,0.46988761,0.49095020,0.85416669,0.81250000
D9-full-m2,2b7e151628aed2a6,560,0.45687461,0.47825161,0.84375000,0.79166669
D9-full-m2,2b7e151628aed2a6,570,0.44429266,0.46473739,0.84375000,0.83333331
D9-full-m2,2b7e151628aed2a6,580,0.43305683,0.45259342,0.88541669,0.87500000
D9-full-m2,2b7e151628aed2a6,590,0.42248487,0.44266438,0.86458331,0.87500000
D9-full-m2,2b7e151628aed2a6,599,0.41347492,0.43406215,0.86458331,0.87500000
D9-full-m2,77a19d3c4e280b51,0,1.10938334,1.10910571,0.33333334,0.33333334
D9-full-m2,77a19d3c4e280b51,10,1.09937286,1.09927630,0.33333334,0.33333334
D9-full-m2,77a19d3c4e280b51,20,1.09314263,1.09316826,0.42708334,0.43750000
D9-full-m2,77a19d3c4e280b51,30,1.08578241,1.08597052,0.42708334,0.43750000
D9-full-m2,77a19d3c4e280b51,40,1.07714570,1.07753301,0.43750000,0.43750000
D9-full-m2,77a19d3c4e280b51,50,1.06747663,1.06811428,0.42708334,0.41666666
D9-full-m2,77a19d3c4e280b51,60,1.05409133,1.05516684,0.45833334,0.43750000
D9-full-m2,77a19d3c4e280b51,70,1.03918457,1.04111707,0.47916666,0.47916666
D9-full-m2,77a19d3c4e280b51,80,1.02373230,1.02626967,0.44791666,0.45833334
D9-full-m2,77a19d3c4e280b51,90,1.00748479,1.01086402,0.45833334,0.45833334
D9-full-m2,77a19d3c4e280b51,100,0.99167186,0.99595714,0.44791666,0.43750000
D9-full-m2,77a19d3c4e280b51,110,0.97560936,0.98169088,0.45833334,0.43750000
D9-full-m2,77a19d3c4e280b51,120,0.96175098,0.96891755,0.47916666,0.45833334
D9-full-m2,77a19d3c4e280b51,130,0.95001006,0.95792764,0.44791666,0.45833334
D9-full-m2,77a19d3c4e280b51,140,0.94058293,0.94907683,0.44791666,0.45833334
D9-full-m2,77a19d3c4e280b51,150,0.93169022,0.94064713,0.45833334,0.45833334
D9-full-m2,77a19d3c4e280b51,160,0.92238301,0.93085426,0.44791666,0.47916666
D9-full-m2,77a19d3c4e280b51,170,0.91265535,0.92135376,0.45833334,0.45833334
D9-full-m2,77a19d3c4e280b51,180,0.90278083,0.91183692,0.46875000,0.47916666
D9-full-m2,77a19d3c4e280b51,190,0.89006406,0.90006381,0.46875000,0.50000000
D9-full-m2,77a19d3c4e280b51,200,0.87658876,0.88659525,0.46875000,0.47916666
D9-full-m2,77a19d3c4e280b51,210,0.86382502,0.87398291,0.46875000,0.47916666
D9-full-m2,77a19d3c4e280b51,220,0.84925532,0.85954374,0.46875000,0.47916666
D9-full-m2,77a19d3c4e280b51,230,0.83419114,0.84501439,0.47916666,0.47916666
D9-full-m2,77a19d3c4e280b51,240,0.81698561,0.82840848,0.46875000,0.50000000
D9-full-m2,77a19d3c4e280b51,250,0.79996222,0.81094831,0.50000000,0.52083331
D9-full-m2,77a19d3c4e280b51,260,0.78315800,0.79461008,0.52083331,0.52083331
D9-full-m2,77a19d3c4e280b51,270,0.76676774,0.77912450,0.54166669,0.56250000
D9-full-m2,77a19d3c4e280b51,280,0.75399446,0.76716644,0.55208331,0.58333331
D9-full-m2,77a19d3c4e280b51,290,0.74110097,0.75537533,0.56250000,0.56250000
D9-full-m2,77a19d3c4e280b51,300,0.72879004,0.74452925,0.58333331,0.60416669
D9-full-m2,77a19d3c4e280b51,310,0.71669698,0.73414367,0.60416669,0.62500000
D9-full-m2,77a19d3c4e280b51,320,0.70427698,0.72231966,0.61458331,0.62500000
D9-full-m2,77a19d3c4e280b51,330,0.69429249,0.71264189,0.65625000,0.62500000
D9-full-m2,77a19d3c4e280b51,340,0.68282145,0.70247668,0.67708331,0.62500000
D9-full-m2,77a19d3c4e280b51,350,0.67299682,0.69570184,0.65625000,0.62500000
D9-full-m2,77a19d3c4e280b51,360,0.66356564,0.68787551,0.66666669,0.62500000
D9-full-m2,77a19d3c4e280b51,370,0.65482277,0.67998666,0.65625000,0.60416669
D9-full-m2,77a19d3c4e280b51,380,0.64681667,0.66990972,0.66666669,0.60416669
D9-full-m2,77a19d3c4e280b51,390,0.63802475,0.66019756,0.66666669,0.66666669
D9-full-m2,77a19d3c4e280b51,400,0.62915087,0.65096384,0.66666669,0.66666669
D9-full-m2,77a19d3c4e280b51,410,0.62045997,0.64228898,0.67708331,0.64583331
D9-full-m2,77a19d3c4e280b51,420,0.61132014,0.63240105,0.69791669,0.64583331
D9-full-m2,77a19d3c4e280b51,430,0.60282356,0.62509942,0.68750000,0.66666669
D9-full-m2,77a19d3c4e280b51,440,0.59422249,0.61756998,0.70833331,0.68750000
D9-full-m2,77a19d3c4e280b51,450,0.58422732,0.60714942,0.70833331,0.70833331
D9-full-m2,77a19d3c4e280b51,460,0.57498592,0.59773469,0.71875000,0.72916669
D9-full-m2,77a19d3c4e280b51,470,0.56726599,0.58983064,0.71875000,0.70833331
D9-full-m2,77a19d3c4e280b51,480,0.55739957,0.58113557,0.70833331,0.70833331
D9-full-m2,77a19d3c4e280b51,490,0.54794866,0.56998014,0.72916669,0.70833331
D9-full-m2,77a19d3c4e280b51,500,0.53156817,0.55425394,0.72916669,0.70833331
D9-full-m2,77a19d3c4e280b51,510,0.51636046,0.53754407,0.73958331,0.68750000
D9-full-m2,77a19d3c4e280b51,520,0.50186366,0.52299964,0.77083331,0.72916669
D9-full-m2,77a19d3c4e280b51,530,0.48708010,0.50988954,0.84375000,0.79166669
D9-full-m2,77a19d3c4e280b51,540,0.47481525,0.49779591,0.84375000,0.77083331
D9-full-m2,77a19d3c4e280b51,550,0.46379128,0.48538592,0.84375000,0.79166669
D9-full-m2,77a19d3c4e280b51,560,0.45079932,0.47287014,0.81250000,0.75000000
D9-full-m2,77a19d3c4e280b51,570,0.43979493,0.46224478,0.88541669,0.81250000
D9-full-m2,77a19d3c4e280b51,580,0.42831209,0.45045590,0.84375000,0.79166669
D9-full-m2,77a19d3c4e280b51,590,0.41830757,0.43930176,0.88541669,0.83333331
D9-full-m2,77a19d3c4e280b51,599,0.40838265,0.42918614,0.89583331,0.85416669
D9-full-m2,1111222233334444,0,1.10938334,1.10910571,0.33333334,0.33333334
D9-full-m2,1111222233334444,10,1.09851575,1.09851301,0.33333334,0.33333334
D9-full-m2,1111222233334444,20,1.09296930,1.09311163,0.47916666,0.47916666
D9-full-m2,1111222233334444,30,1.08787727,1.08816051,0.45833334,0.45833334
D9-full-m2,1111222233334444,40,1.07934809,1.07993162,0.52083331,0.52083331
D9-full-m2,1111222233334444,50,1.07098091,1.07171154,0.59375000,0.54166669
D9-full-m2,1111222233334444,60,1.05839384,1.05963695,0.52083331,0.52083331
D9-full-m2,1111222233334444,70,1.04358637,1.04537356,0.48958334,0.45833334
D9-full-m2,1111222233334444,80,1.02946615,1.03181708,0.45833334,0.45833334
D9-full-m2,1111222233334444,90,1.01499152,1.01802099,0.45833334,0.43750000
D9-full-m2,1111222233334444,100,0.99994636,1.00395715,0.46875000,0.45833334
D9-full-m2,1111222233334444,110,0.98461109,0.98955673,0.46875000,0.45833334
D9-full-m2,1111222233334444,120,0.97141886,0.97725552,0.46875000,0.47916666
D9-full-m2,1111222233334444,130,0.95795083,0.96488339,0.48958334,0.47916666
D9-full-m2,1111222233334444,140,0.94654399,0.95452666,0.46875000,0.45833334
D9-full-m2,1111222233334444,150,0.93710166,0.94566828,0.45833334,0.45833334
D9-full-m2,1111222233334444,160,0.92768615,0.93680125,0.46875000,0.45833334
D9-full-m2,1111222233334444,170,0.91784686,0.92764801,0.47916666,0.45833334
D9-full-m2,1111222233334444,180,0.90766114,0.91784096,0.48958334,0.45833334
D9-full-m2,1111222233334444,190,0.89595050,0.90679592,0.48958334,0.47916666
D9-full-m2,1111222233334444,200,0.88455242,0.89523005,0.50000000,0.47916666
D9-full-m2,1111222233334444,210,0.87245661,0.88331097,0.50000000,0.50000000
D9-full-m2,1111222233334444,220,0.85848182,0.86882132,0.51041669,0.50000000
D9-full-m2,1111222233334444,230,0.84597975,0.85604495,0.50000000,0.50000000
D9-full-m2,1111222233334444,240,0.83049577,0.84121132,0.50000000,0.50000000
D9-full-m2,1111222233334444,250,0.81356812,0.82401437,0.51041669,0.50000000
D9-full-m2,1111222233334444,260,0.79842263,0.80942398,0.52083331,0.50000000
D9-full-m2,1111222233334444,270,0.78383762,0.79602832,0.51041669,0.47916666
D9-full-m2,1111222233334444,280,0.77036858,0.78413385,0.51041669,0.47916666
D9-full-m2,1111222233334444,290,0.75701874,0.77129632,0.54166669,0.50000000
D9-full-m2,1111222233334444,300,0.74351931,0.75883883,0.56250000,0.54166669
D9-full-m2,1111222233334444,310,0.73068094,0.74684048,0.59375000,0.56250000
D9-full-m2,1111222233334444,320,0.71881419,0.73662156,0.59375000,0.56250000
D9-full-m2,1111222233334444,330,0.70751613,0.72626066,0.59375000,0.54166669
D9-full-m2,1111222233334444,340,0.69851607,0.71880120,0.59375000,0.54166669
D9-full-m2,1111222233334444,350,0.68835002,0.70999098,0.60416669,0.54166669
D9-full-m2,1111222233334444,360,0.67878228,0.70197773,0.62500000,0.60416669
D9-full-m2,1111222233334444,370,0.66891998,0.69067961,0.62500000,0.62500000
D9-full-m2,1111222233334444,380,0.65980917,0.68290728,0.66666669,0.60416669
D9-full-m2,1111222233334444,390,0.65077776,0.67350799,0.66666669,0.60416669
D9-full-m2,1111222233334444,400,0.64073145,0.66331720,0.68750000,0.60416669
D9-full-m2,1111222233334444,410,0.63170540,0.65448415,0.68750000,0.60416669
D9-full-m2,1111222233334444,420,0.62273377,0.64656103,0.68750000,0.64583331
D9-full-m2,1111222233334444,430,0.61320966,0.63664037,0.67708331,0.64583331
D9-full-m2,1111222233334444,440,0.60420436,0.62889928,0.68750000,0.64583331
D9-full-m2,1111222233334444,450,0.59493041,0.61871022,0.69791669,0.66666669
D9-full-m2,1111222233334444,460,0.58540809,0.60859770,0.69791669,0.66666669
D9-full-m2,1111222233334444,470,0.57710785,0.60073727,0.70833331,0.66666669
D9-full-m2,1111222233334444,480,0.56872761,0.59245294,0.70833331,0.68750000
D9-full-m2,1111222233334444,490,0.56072384,0.58388096,0.70833331,0.68750000
D9-full-m2,1111222233334444,500,0.55095446,0.57501268,0.70833331,0.68750000
D9-full-m2,1111222233334444,510,0.54119509,0.56464463,0.72916669,0.70833331
D9-full-m2,1111222233334444,520,0.53207469,0.55480736,0.73958331,0.70833331
D9-full-m2,1111222233334444,530,0.52170563,0.54576486,0.72916669,0.70833331
D9-full-m2,1111222233334444,540,0.51215690,0.53593427,0.75000000,0.70833331
D9-full-m2,1111222233334444,550,0.50130147,0.52413660,0.75000000,0.72916669
D9-full-m2,1111222233334444,560,0.49131456,0.51386684,0.76041669,0.72916669
D9-full-m2,1111222233334444,570,0.48282519,0.50536454,0.76041669,0.70833331
D9-full-m2,1111222233334444,580,0.47321829,0.49598205,0.77083331,0.75000000
D9-full-m2,1111222233334444,590,0.46478331,0.48776269,0.78125000,0.81250000
D9-full-m2,1111222233334444,599,0.45718098,0.47996652,0.80208331,0.79166669
D10-full-m4,2b7e151628aed2a6,0,1.10770023,1.10741150,0.33333334,0.33333334
D10-full-m4,2b7e151628aed2a6,10,1.09219253,1.09224308,0.33333334,0.33333334
D10-full-m4,2b7e151628aed2a6,20,1.07453668,1.07505763,0.50000000,0.54166669
D10-full-m4,2b7e151628aed2a6,30,1.05113888,1.05241084,0.46875000,0.43750000
D10-full-m4,2b7e151628aed2a6,40,1.02304327,1.02547085,0.41666666,0.39583334
D10-full-m4,2b7e151628aed2a6,50,0.99418235,0.99834728,0.44791666,0.43750000
D10-full-m4,2b7e151628aed2a6,60,0.96283215,0.96966904,0.43750000,0.43750000
D10-full-m4,2b7e151628aed2a6,70,0.94207209,0.95083731,0.45833334,0.45833334
D10-full-m4,2b7e151628aed2a6,80,0.92253989,0.93209320,0.47916666,0.45833334
D10-full-m4,2b7e151628aed2a6,90,0.89564157,0.90432191,0.46875000,0.47916666
D10-full-m4,2b7e151628aed2a6,100,0.86524606,0.87445205,0.47916666,0.45833334
D10-full-m4,2b7e151628aed2a6,110,0.83337593,0.84319139,0.47916666,0.50000000
D10-full-m4,2b7e151628aed2a6,120,0.79567748,0.80874521,0.50000000,0.54166669
D10-full-m4,2b7e151628aed2a6,130,0.76599187,0.78049821,0.59375000,0.62500000
D10-full-m4,2b7e151628aed2a6,140,0.73933178,0.75340372,0.61458331,0.62500000
D10-full-m4,2b7e151628aed2a6,150,0.71479398,0.72905165,0.61458331,0.60416669
D10-full-m4,2b7e151628aed2a6,160,0.69456273,0.71194625,0.63541669,0.60416669
D10-full-m4,2b7e151628aed2a6,170,0.67676193,0.69714260,0.63541669,0.62500000
D10-full-m4,2b7e151628aed2a6,180,0.65679353,0.67861867,0.64583331,0.62500000
D10-full-m4,2b7e151628aed2a6,190,0.64027292,0.66386598,0.66666669,0.60416669
D10-full-m4,2b7e151628aed2a6,200,0.62499529,0.64766026,0.66666669,0.62500000
D10-full-m4,2b7e151628aed2a6,210,0.60641658,0.63047737,0.69791669,0.68750000
D10-full-m4,2b7e151628aed2a6,220,0.58930057,0.61289918,0.69791669,0.66666669
D10-full-m4,2b7e151628aed2a6,230,0.57158417,0.59862906,0.71875000,0.68750000
D10-full-m4,2b7e151628aed2a6,240,0.55328184,0.58259201,0.73958331,0.72916669
D10-full-m4,2b7e151628aed2a6,250,0.53245765,0.55951220,0.75000000,0.72916669
D10-full-m4,2b7e151628aed2a6,260,0.51284355,0.53909975,0.75000000,0.72916669
D10-full-m4,2b7e151628aed2a6,270,0.49463749,0.52055794,0.75000000,0.75000000
D10-full-m4,2b7e151628aed2a6,280,0.47836599,0.50395000,0.75000000,0.77083331
D10-full-m4,2b7e151628aed2a6,290,0.46116486,0.48724046,0.80208331,0.77083331
D10-full-m4,2b7e151628aed2a6,300,0.44417462,0.47070202,0.81250000,0.77083331
D10-full-m4,2b7e151628aed2a6,310,0.42727235,0.45309007,0.82291669,0.77083331
D10-full-m4,2b7e151628aed2a6,320,0.41194698,0.43876103,0.84375000,0.79166669
D10-full-m4,2b7e151628aed2a6,330,0.39846933,0.42495427,0.85416669,0.79166669
D10-full-m4,2b7e151628aed2a6,340,0.38540646,0.41261235,0.86458331,0.81250000
D10-full-m4,2b7e151628aed2a6,350,0.37221941,0.39746282,0.86458331,0.85416669
D10-full-m4,2b7e151628aed2a6,360,0.35832787,0.38318983,0.88541669,0.87500000
D10-full-m4,2b7e151628aed2a6,370,0.34539470,0.36814842,0.90625000,0.87500000
D10-full-m4,2b7e151628aed2a6,380,0.33171964,0.35470274,0.90625000,0.89583331
D10-full-m4,2b7e151628aed2a6,390,0.31885782,0.34099209,0.91666669,0.89583331
D10-full-m4,2b7e151628aed2a6,400,0.30626023,0.32652643,0.92708331,0.91666669
D10-full-m4,2b7e151628aed2a6,410,0.29239890,0.31235743,0.92708331,0.93750000
D10-full-m4,2b7e151628aed2a6,420,0.27968282,0.29864529,0.95833331,0.97916669
D10-full-m4,2b7e151628aed2a6,430,0.26663426,0.28641149,0.96875000,0.97916669
D10-full-m4,2b7e151628aed2a6,440,0.25235230,0.27175596,0.97916669,0.97916669
D10-full-m4,2b7e151628aed2a6,450,0.24096699,0.25797030,0.98958331,0.97916669
D10-full-m4,2b7e151628aed2a6,460,0.22796570,0.24469519,0.98958331,0.97916669
D10-full-m4,2b7e151628aed2a6,470,0.21668786,0.23210609,0.98958331,1.00000000
D10-full-m4,2b7e151628aed2a6,480,0.20577781,0.22096795,1.00000000,1.00000000
D10-full-m4,2b7e151628aed2a6,490,0.19391131,0.20871627,1.00000000,1.00000000
D10-full-m4,2b7e151628aed2a6,500,0.17589641,0.18969637,1.00000000,1.00000000
D10-full-m4,2b7e151628aed2a6,510,0.16021524,0.17305465,1.00000000,1.00000000
D10-full-m4,2b7e151628aed2a6,520,0.14543875,0.15730621,1.00000000,1.00000000
D10-full-m4,2b7e151628aed2a6,530,0.13346733,0.14483829,1.00000000,1.00000000
D10-full-m4,2b7e151628aed2a6,540,0.12194493,0.13301262,1.00000000,1.00000000
D10-full-m4,2b7e151628aed2a6,550,0.11200897,0.12247932,1.00000000,1.00000000
D10-full-m4,2b7e151628aed2a6,560,0.10298686,0.11409225,1.00000000,1.00000000
D10-full-m4,2b7e151628aed2a6,570,0.09560475,0.10629595,1.00000000,1.00000000
D10-full-m4,2b7e151628aed2a6,580,0.08861636,0.09968215,1.00000000,1.00000000
D10-full-m4,2b7e151628aed2a6,590,0.08216039,0.09302575,1.00000000,1.00000000
D10-full-m4,2b7e151628aed2a6,599,0.07709310,0.08801468,1.00000000,1.00000000
D10-full-m4,77a19d3c4e280b51,0,1.10770023,1.10741150,0.33333334,0.33333334
D10-full-m4,77a19d3c4e280b51,10,1.09309161,1.09312451,0.42708334,0.41666666
D10-full-m4,77a19d3c4e280b51,20,1.07630408,1.07683265,0.43750000,0.43750000
D10-full-m4,77a19d3c4e280b51,30,1.05410028,1.05537951,0.44791666,0.43750000
D10-full-m4,77a19d3c4e280b51,40,1.02604532,1.02835035,0.42708334,0.41666666
D10-full-m4,77a19d3c4e280b51,50,0.99730891,1.00076592,0.40625000,0.39583334
D10-full-m4,77a19d3c4e280b51,60,0.96814626,0.97356462,0.45833334,0.45833334
D10-full-m4,77a19d3c4e280b51,70,0.94753820,0.95625520,0.43750000,0.45833334
D10-full-m4,77a19d3c4e280b51,80,0.93048757,0.93948346,0.45833334,0.45833334
D10-full-m4,77a19d3c4e280b51,90,0.90877384,0.91767746,0.46875000,0.45833334
D10-full-m4,77a19d3c4e280b51,100,0.88060969,0.88971287,0.46875000,0.45833334
D10-full-m4,77a19d3c4e280b51,110,0.84693211,0.85588294,0.48958334,0.50000000
D10-full-m4,77a19d3c4e280b51,120,0.80664867,0.81755131,0.50000000,0.54166669
D10-full-m4,77a19d3c4e280b51,130,0.77359587,0.78563362,0.53125000,0.54166669
D10-full-m4,77a19d3c4e280b51,140,0.74551004,0.75914365,0.62500000,0.62500000
D10-full-m4,77a19d3c4e280b51,150,0.72233158,0.73516876,0.62500000,0.60416669
D10-full-m4,77a19d3c4e280b51,160,0.70097136,0.71612763,0.61458331,0.60416669
D10-full-m4,77a19d3c4e280b51,170,0.68194538,0.69951224,0.63541669,0.62500000
D10-full-m4,77a19d3c4e280b51,180,0.66366905,0.68341810,0.63541669,0.60416669
D10-full-m4,77a19d3c4e280b51,190,0.64314818,0.66418988,0.64583331,0.60416669
D10-full-m4,77a19d3c4e280b51,200,0.62419480,0.64571267,0.65625000,0.64583331
D10-full-m4,77a19d3c4e280b51,210,0.60713142,0.62869281,0.66666669,0.64583331
D10-full-m4,77a19d3c4e280b51,220,0.58922726,0.61274093,0.66666669,0.68750000
D10-full-m4,77a19d3c4e280b51,230,0.56915313,0.59207141,0.69791669,0.72916669
D10-full-m4,77a19d3c4e280b51,240,0.55294394,0.57717741,0.69791669,0.70833331
D10-full-m4,77a19d3c4e280b51,250,0.53388566,0.55778366,0.70833331,0.75000000
D10-full-m4,77a19d3c4e280b51,260,0.51462382,0.53811044,0.76041669,0.77083331
D10-full-m4,77a19d3c4e280b51,270,0.49746892,0.52290797,0.75000000,0.77083331
D10-full-m4,77a19d3c4e280b51,280,0.47818092,0.50318760,0.79166669,0.79166669
D10-full-m4,77a19d3c4e280b51,290,0.45944217,0.48330000,0.83333331,0.81250000
D10-full-m4,77a19d3c4e280b51,300,0.44086015,0.46561694,0.85416669,0.85416669
D10-full-m4,77a19d3c4e280b51,310,0.41993406,0.44261181,0.87500000,0.85416669
D10-full-m4,77a19d3c4e280b51,320,0.39909390,0.42183515,0.89583331,0.85416669
D10-full-m4,77a19d3c4e280b51,330,0.38085833,0.40087345,0.91666669,0.85416669
D10-full-m4,77a19d3c4e280b51,340,0.36289921,0.38132873,0.92708331,0.89583331
D10-full-m4,77a19d3c4e280b51,350,0.34403467,0.36174449,0.93750000,0.91666669
D10-full-m4,77a19d3c4e280b51,360,0.32615313,0.34320661,0.93750000,0.93750000
D10-full-m4,77a19d3c4e280b51,370,0.30905220,0.32572624,0.94791669,0.95833331
D10-full-m4,77a19d3c4e280b51,380,0.29191500,0.30959335,0.95833331,0.95833331
D10-full-m4,77a19d3c4e280b51,390,0.27503157,0.29180071,0.95833331,0.95833331
D10-full-m4,77a19d3c4e280b51,400,0.25837445,0.27544966,0.96875000,0.95833331
D10-full-m4,77a19d3c4e280b51,410,0.24232177,0.25771150,0.95833331,0.95833331
D10-full-m4,77a19d3c4e280b51,420,0.22779711,0.24404109,0.96875000,0.97916669
D10-full-m4,77a19d3c4e280b51,430,0.21463108,0.23169245,0.96875000,0.97916669
D10-full-m4,77a19d3c4e280b51,440,0.20294058,0.22021198,0.96875000,0.97916669
D10-full-m4,77a19d3c4e280b51,450,0.19113290,0.20744073,0.97916669,0.97916669
D10-full-m4,77a19d3c4e280b51,460,0.17956860,0.19527970,0.96875000,0.97916669
D10-full-m4,77a19d3c4e280b51,470,0.16914427,0.18403931,0.97916669,0.97916669
D10-full-m4,77a19d3c4e280b51,480,0.15952244,0.17479442,0.97916669,0.97916669
D10-full-m4,77a19d3c4e280b51,490,0.14931603,0.16243701,0.97916669,0.97916669
D10-full-m4,77a19d3c4e280b51,500,0.13515435,0.14719495,0.97916669,0.97916669
D10-full-m4,77a19d3c4e280b51,510,0.12034925,0.13064265,0.98958331,1.00000000
D10-full-m4,77a19d3c4e280b51,520,0.10840180,0.11825493,0.98958331,1.00000000
D10-full-m4,77a19d3c4e280b51,530,0.09927206,0.10974360,1.00000000,1.00000000
D10-full-m4,77a19d3c4e280b51,540,0.09225171,0.10231203,1.00000000,1.00000000
D10-full-m4,77a19d3c4e280b51,550,0.08658498,0.09630895,1.00000000,1.00000000
D10-full-m4,77a19d3c4e280b51,560,0.08098702,0.09072268,1.00000000,1.00000000
D10-full-m4,77a19d3c4e280b51,570,0.07593917,0.08532170,1.00000000,1.00000000
D10-full-m4,77a19d3c4e280b51,580,0.07097333,0.08019089,1.00000000,1.00000000
D10-full-m4,77a19d3c4e280b51,590,0.06634208,0.07505404,1.00000000,1.00000000
D10-full-m4,77a19d3c4e280b51,599,0.06242614,0.07093532,1.00000000,1.00000000
D10-full-m4,1111222233334444,0,1.10771048,1.10743201,0.33333334,0.33333334
D10-full-m4,1111222233334444,10,1.09179509,1.09187210,0.38541666,0.39583334
D10-full-m4,1111222233334444,20,1.07694030,1.07752013,0.53125000,0.54166669
D10-full-m4,1111222233334444,30,1.05519211,1.05665123,0.48958334,0.47916666
D10-full-m4,1111222233334444,40,1.02996945,1.03232336,0.44791666,0.43750000
D10-full-m4,1111222233334444,50,1.00271571,1.00631392,0.45833334,0.45833334
D10-full-m4,1111222233334444,60,0.96917015,0.97545600,0.45833334,0.43750000
D10-full-m4,1111222233334444,70,0.93969303,0.94778913,0.45833334,0.45833334
D10-full-m4,1111222233334444,80,0.91401988,0.92296726,0.47916666,0.50000000
D10-full-m4,1111222233334444,90,0.88648200,0.89428306,0.46875000,0.45833334
D10-full-m4,1111222233334444,100,0.86006826,0.86794215,0.50000000,0.45833334
D10-full-m4,1111222233334444,110,0.82996917,0.83880585,0.48958334,0.47916666
D10-full-m4,1111222233334444,120,0.79456043,0.80457324,0.50000000,0.47916666
D10-full-m4,1111222233334444,130,0.76202124,0.77604681,0.57291669,0.56250000
D10-full-m4,1111222233334444,140,0.72995394,0.74703646,0.61458331,0.58333331
D10-full-m4,1111222233334444,150,0.70616168,0.72469544,0.61458331,0.58333331
D10-full-m4,1111222233334444,160,0.68317395,0.70458913,0.62500000,0.60416669
D10-full-m4,1111222233334444,170,0.66315752,0.68645781,0.61458331,0.58333331
D10-full-m4,1111222233334444,180,0.64356625,0.66859549,0.65625000,0.62500000
D10-full-m4,1111222233334444,190,0.62398982,0.64874381,0.68750000,0.60416669
D10-full-m4,1111222233334444,200,0.60031003,0.62616062,0.70833331,0.68750000
D10-full-m4,1111222233334444,210,0.58284760,0.60911936,0.70833331,0.68750000
D10-full-m4,1111222233334444,220,0.56481087,0.59106737,0.71875000,0.68750000
D10-full-m4,1111222233334444,230,0.54951084,0.57556212,0.71875000,0.68750000
D10-full-m4,1111222233334444,240,0.53204471,0.55755121,0.73958331,0.70833331
D10-full-m4,1111222233334444,250,0.51345325,0.54087180,0.75000000,0.72916669
D10-full-m4,1111222233334444,260,0.49375567,0.52026796,0.77083331,0.72916669
D10-full-m4,1111222233334444,270,0.47469845,0.49878904,0.78125000,0.77083331
D10-full-m4,1111222233334444,280,0.45742092,0.48262367,0.79166669,0.77083331
D10-full-m4,1111222233334444,290,0.44014287,0.46455118,0.80208331,0.79166669
D10-full-m4,1111222233334444,300,0.42439911,0.44970354,0.81250000,0.81250000
D10-full-m4,1111222233334444,310,0.40968886,0.43446901,0.83333331,0.81250000
D10-full-m4,1111222233334444,320,0.39325991,0.41962913,0.84375000,0.83333331
D10-full-m4,1111222233334444,330,0.37798086,0.40326437,0.86458331,0.85416669
D10-full-m4,1111222233334444,340,0.36325169,0.38800836,0.87500000,0.89583331
D10-full-m4,1111222233334444,350,0.34787977,0.37120476,0.88541669,0.89583331
D10-full-m4,1111222233334444,360,0.33430013,0.35747397,0.89583331,0.89583331
D10-full-m4,1111222233334444,370,0.32058361,0.34208941,0.89583331,0.89583331
D10-full-m4,1111222233334444,380,0.30499879,0.32573119,0.91666669,0.89583331
D10-full-m4,1111222233334444,390,0.29003498,0.30907300,0.94791669,0.89583331
D10-full-m4,1111222233334444,400,0.27706441,0.29678228,0.94791669,0.91666669
D10-full-m4,1111222233334444,410,0.26371571,0.28262532,0.94791669,0.91666669
D10-full-m4,1111222233334444,420,0.24969582,0.26758936,0.94791669,0.91666669
D10-full-m4,1111222233334444,430,0.23795617,0.25412843,0.94791669,0.91666669
D10-full-m4,1111222233334444,440,0.22471885,0.24048980,0.94791669,0.91666669
D10-full-m4,1111222233334444,450,0.21190035,0.22681467,0.96875000,0.93750000
D10-full-m4,1111222233334444,460,0.20073688,0.21561559,0.96875000,0.93750000
D10-full-m4,1111222233334444,470,0.19064401,0.20772278,0.97916669,0.93750000
D10-full-m4,1111222233334444,480,0.18188004,0.19968997,0.97916669,0.97916669
D10-full-m4,1111222233334444,490,0.17292213,0.19085599,0.98958331,0.97916669
D10-full-m4,1111222233334444,500,0.16561207,0.18358164,0.98958331,0.97916669
D10-full-m4,1111222233334444,510,0.15820654,0.17563085,0.98958331,0.97916669
D10-full-m4,1111222233334444,520,0.15078975,0.16713302,0.98958331,1.00000000
D10-full-m4,1111222233334444,530,0.14499678,0.16104817,0.98958331,1.00000000
D10-full-m4,1111222233334444,540,0.13749509,0.15308049,0.98958331,0.97916669
D10-full-m4,1111222233334444,550,0.13133301,0.14678957,1.00000000,1.00000000
D10-full-m4,1111222233334444,560,0.12530604,0.14063531,0.98958331,1.00000000
D10-full-m4,1111222233334444,570,0.12014451,0.13536876,0.98958331,1.00000000
D10-full-m4,1111222233334444,580,0.11433095,0.13014287,1.00000000,1.00000000
D10-full-m4,1111222233334444,590,0.10890474,0.12389752,1.00000000,1.00000000
D10-full-m4,1111222233334444,599,0.10491767,0.11917939,1.00000000,1.00000000
D11-full-m8,2b7e151628aed2a6,0,1.10512865,1.10483873,0.33333334,0.33333334
D11-full-m8,2b7e151628aed2a6,10,1.07672334,1.07727206,0.53125000,0.54166669
D11-full-m8,2b7e151628aed2a6,20,1.02886069,1.03163087,0.45833334,0.41666666
D11-full-m8,2b7e151628aed2a6,30,0.97407526,0.98060149,0.43750000,0.45833334
D11-full-m8,2b7e151628aed2a6,40,0.94181722,0.95176363,0.45833334,0.47916666
D11-full-m8,2b7e151628aed2a6,50,0.90760475,0.91943645,0.47916666,0.45833334
D11-full-m8,2b7e151628aed2a6,60,0.86069137,0.87487501,0.50000000,0.52083331
D11-full-m8,2b7e151628aed2a6,70,0.80605310,0.82230335,0.55208331,0.50000000
D11-full-m8,2b7e151628aed2a6,80,0.75512123,0.77338952,0.55208331,0.54166669
D11-full-m8,2b7e151628aed2a6,90,0.71452045,0.73428625,0.60416669,0.56250000
D11-full-m8,2b7e151628aed2a6,100,0.68003732,0.70194119,0.60416669,0.56250000
D11-full-m8,2b7e151628aed2a6,110,0.64786112,0.67007184,0.62500000,0.60416669
D11-full-m8,2b7e151628aed2a6,120,0.60962850,0.63240534,0.67708331,0.68750000
D11-full-m8,2b7e151628aed2a6,130,0.57006407,0.59651065,0.77083331,0.75000000
D11-full-m8,2b7e151628aed2a6,140,0.52966309,0.55240005,0.82291669,0.81250000
D11-full-m8,2b7e151628aed2a6,150,0.48651484,0.50685793,0.84375000,0.81250000
D11-full-m8,2b7e151628aed2a6,160,0.44359973,0.46578467,0.87500000,0.83333331
D11-full-m8,2b7e151628aed2a6,170,0.40594998,0.42644572,0.89583331,0.87500000
D11-full-m8,2b7e151628aed2a6,180,0.36941436,0.38851011,0.89583331,0.87500000
D11-full-m8,2b7e151628aed2a6,190,0.33709955,0.35488367,0.91666669,0.89583331
D11-full-m8,2b7e151628aed2a6,200,0.31015840,0.32676494,0.92708331,0.89583331
D11-full-m8,2b7e151628aed2a6,210,0.28131267,0.30021569,0.93750000,0.91666669
D11-full-m8,2b7e151628aed2a6,220,0.25848284,0.27614322,0.93750000,0.91666669
D11-full-m8,2b7e151628aed2a6,230,0.23619835,0.25435814,0.95833331,0.93750000
D11-full-m8,2b7e151628aed2a6,240,0.21573754,0.23377198,0.97916669,0.95833331
D11-full-m8,2b7e151628aed2a6,250,0.19612740,0.21443413,0.97916669,0.95833331
D11-full-m8,2b7e151628aed2a6,260,0.17967482,0.19741572,0.97916669,0.95833331
D11-full-m8,2b7e151628aed2a6,270,0.16253060,0.17919755,0.97916669,0.95833331
D11-full-m8,2b7e151628aed2a6,280,0.14813249,0.16707133,0.98958331,0.95833331
D11-full-m8,2b7e151628aed2a6,290,0.13432406,0.15278082,0.98958331,0.95833331
D11-full-m8,2b7e151628aed2a6,300,0.12134773,0.13997957,0.98958331,0.97916669
D11-full-m8,2b7e151628aed2a6,310,0.11107761,0.13002513,0.98958331,0.97916669
D11-full-m8,2b7e151628aed2a6,320,0.10096156,0.11877457,1.00000000,1.00000000
D11-full-m8,2b7e151628aed2a6,330,0.09189136,0.10914153,1.00000000,1.00000000
D11-full-m8,2b7e151628aed2a6,340,0.08252078,0.09823016,1.00000000,1.00000000
D11-full-m8,2b7e151628aed2a6,350,0.07319970,0.08833244,1.00000000,1.00000000
D11-full-m8,2b7e151628aed2a6,360,0.06393851,0.07828378,1.00000000,1.00000000
D11-full-m8,2b7e151628aed2a6,370,0.05522354,0.06815869,1.00000000,1.00000000
D11-full-m8,2b7e151628aed2a6,380,0.04824728,0.06043782,1.00000000,1.00000000
D11-full-m8,2b7e151628aed2a6,390,0.04361886,0.05516356,1.00000000,1.00000000
D11-full-m8,2b7e151628aed2a6,400,0.03934305,0.05027456,1.00000000,1.00000000
D11-full-m8,2b7e151628aed2a6,410,0.03486148,0.04512692,1.00000000,1.00000000
D11-full-m8,2b7e151628aed2a6,420,0.03090823,0.03937725,1.00000000,1.00000000
D11-full-m8,2b7e151628aed2a6,430,0.02584363,0.03371055,1.00000000,1.00000000
D11-full-m8,2b7e151628aed2a6,440,0.02112664,0.02781888,1.00000000,1.00000000
D11-full-m8,2b7e151628aed2a6,450,0.01840576,0.02511086,1.00000000,1.00000000
D11-full-m8,2b7e151628aed2a6,460,0.01607346,0.02274560,1.00000000,1.00000000
D11-full-m8,2b7e151628aed2a6,470,0.01407826,0.02032365,1.00000000,1.00000000
D11-full-m8,2b7e151628aed2a6,480,0.01231499,0.01793108,1.00000000,1.00000000
D11-full-m8,2b7e151628aed2a6,490,0.01057788,0.01583680,1.00000000,1.00000000
D11-full-m8,2b7e151628aed2a6,500,0.00917658,0.01394732,1.00000000,1.00000000
D11-full-m8,2b7e151628aed2a6,510,0.00795806,0.01225698,1.00000000,1.00000000
D11-full-m8,2b7e151628aed2a6,520,0.00703438,0.01095824,1.00000000,1.00000000
D11-full-m8,2b7e151628aed2a6,530,0.00620851,0.01007446,1.00000000,1.00000000
D11-full-m8,2b7e151628aed2a6,540,0.00555616,0.00916776,1.00000000,1.00000000
D11-full-m8,2b7e151628aed2a6,550,0.00501905,0.00845934,1.00000000,1.00000000
D11-full-m8,2b7e151628aed2a6,560,0.00447743,0.00751320,1.00000000,1.00000000
D11-full-m8,2b7e151628aed2a6,570,0.00410361,0.00699839,1.00000000,1.00000000
D11-full-m8,2b7e151628aed2a6,580,0.00377096,0.00649304,1.00000000,1.00000000
D11-full-m8,2b7e151628aed2a6,590,0.00337743,0.00594149,1.00000000,1.00000000
D11-full-m8,2b7e151628aed2a6,599,0.00310524,0.00559892,1.00000000,1.00000000
D11-full-m8,77a19d3c4e280b51,0,1.10475981,1.10451353,0.33333334,0.33333334
D11-full-m8,77a19d3c4e280b51,10,1.07818878,1.07866156,0.38541666,0.35416666
D11-full-m8,77a19d3c4e280b51,20,1.02884197,1.03227365,0.42708334,0.45833334
D11-full-m8,77a19d3c4e280b51,30,0.97232515,0.97863382,0.43750000,0.45833334
D11-full-m8,77a19d3c4e280b51,40,0.93810350,0.94777703,0.47916666,0.45833334
D11-full-m8,77a19d3c4e280b51,50,0.90870571,0.92023873,0.50000000,0.47916666
D11-full-m8,77a19d3c4e280b51,60,0.85872889,0.87155533,0.50000000,0.47916666
D11-full-m8,77a19d3c4e280b51,70,0.80987877,0.82459301,0.51041669,0.50000000
D11-full-m8,77a19d3c4e280b51,80,0.76917475,0.78610975,0.57291669,0.54166669
D11-full-m8,77a19d3c4e280b51,90,0.73048133,0.74957138,0.58333331,0.56250000
D11-full-m8,77a19d3c4e280b51,100,0.69002491,0.71102619,0.60416669,0.58333331
D11-full-m8,77a19d3c4e280b51,110,0.65029043,0.67240268,0.69791669,0.66666669
D11-full-m8,77a19d3c4e280b51,120,0.60923833,0.63262498,0.68750000,0.68750000
D11-full-m8,77a19d3c4e280b51,130,0.56693226,0.58975416,0.78125000,0.70833331
D11-full-m8,77a19d3c4e280b51,140,0.52465504,0.55038071,0.83333331,0.79166669
D11-full-m8,77a19d3c4e280b51,150,0.47780010,0.50267982,0.83333331,0.85416669
D11-full-m8,77a19d3c4e280b51,160,0.43833819,0.46443698,0.85416669,0.85416669
D11-full-m8,77a19d3c4e280b51,170,0.40088677,0.42389563,0.88541669,0.89583331
D11-full-m8,77a19d3c4e280b51,180,0.36724356,0.38985106,0.89583331,0.89583331
D11-full-m8,77a19d3c4e280b51,190,0.33464023,0.35873410,0.90625000,0.89583331
D11-full-m8,77a19d3c4e280b51,200,0.30202070,0.32741594,0.91666669,0.89583331
D11-full-m8,77a19d3c4e280b51,210,0.27545121,0.30128574,0.93750000,0.91666669
D11-full-m8,77a19d3c4e280b51,220,0.25467426,0.27993831,0.93750000,0.91666669
D11-full-m8,77a19d3c4e280b51,230,0.23772247,0.26019129,0.93750000,0.91666669
D11-full-m8,77a19d3c4e280b51,240,0.22269242,0.24678342,0.93750000,0.91666669
D11-full-m8,77a19d3c4e280b51,250,0.20758165,0.23078261,0.95833331,0.93750000
D11-full-m8,77a19d3c4e280b51,260,0.19426800,0.21631365,0.95833331,0.93750000
D11-full-m8,77a19d3c4e280b51,270,0.17959197,0.20150967,0.95833331,0.95833331
D11-full-m8,77a19d3c4e280b51,280,0.16635670,0.18804248,0.95833331,0.95833331
D11-full-m8,77a19d3c4e280b51,290,0.15604769,0.17896782,0.95833331,0.95833331
D11-full-m8,77a19d3c4e280b51,300,0.14659652,0.16863210,0.95833331,0.95833331
D11-full-m8,77a19d3c4e280b51,310,0.13610967,0.15882640,0.96875000,0.95833331
D11-full-m8,77a19d3c4e280b51,320,0.12640947,0.14940138,0.97916669,0.95833331
D11-full-m8,77a19d3c4e280b51,330,0.11813877,0.14184533,0.97916669,0.95833331
D11-full-m8,77a19d3c4e280b51,340,0.11058810,0.13416968,0.97916669,0.97916669
D11-full-m8,77a19d3c4e280b51,350,0.10278914,0.12673931,0.97916669,0.97916669
D11-full-m8,77a19d3c4e280b51,360,0.09684756,0.12165520,0.97916669,0.97916669
D11-full-m8,77a19d3c4e280b51,370,0.09125211,0.11826237,0.97916669,0.97916669
D11-full-m8,77a19d3c4e280b51,380,0.08538345,0.10860434,1.00000000,0.97916669
D11-full-m8,77a19d3c4e280b51,390,0.07958304,0.10347494,1.00000000,0.97916669
D11-full-m8,77a19d3c4e280b51,400,0.07474116,0.09798432,1.00000000,0.97916669
D11-full-m8,77a19d3c4e280b51,410,0.06962381,0.09362900,1.00000000,0.97916669
D11-full-m8,77a19d3c4e280b51,420,0.06458897,0.08870407,1.00000000,0.97916669
D11-full-m8,77a19d3c4e280b51,430,0.06001498,0.08192305,1.00000000,0.97916669
D11-full-m8,77a19d3c4e280b51,440,0.05651909,0.07798338,1.00000000,1.00000000
D11-full-m8,77a19d3c4e280b51,450,0.05247142,0.07282151,1.00000000,1.00000000
D11-full-m8,77a19d3c4e280b51,460,0.04885226,0.07003189,1.00000000,1.00000000
D11-full-m8,77a19d3c4e280b51,470,0.04545990,0.06447167,1.00000000,1.00000000
D11-full-m8,77a19d3c4e280b51,480,0.04220888,0.06132663,1.00000000,1.00000000
D11-full-m8,77a19d3c4e280b51,490,0.03929496,0.05807417,1.00000000,1.00000000
D11-full-m8,77a19d3c4e280b51,500,0.03674084,0.05426007,1.00000000,1.00000000
D11-full-m8,77a19d3c4e280b51,510,0.03402052,0.05210156,1.00000000,1.00000000
D11-full-m8,77a19d3c4e280b51,520,0.03101205,0.04800891,1.00000000,1.00000000
D11-full-m8,77a19d3c4e280b51,530,0.02856725,0.04478509,1.00000000,1.00000000
D11-full-m8,77a19d3c4e280b51,540,0.02641818,0.04241687,1.00000000,1.00000000
D11-full-m8,77a19d3c4e280b51,550,0.02442781,0.04049501,1.00000000,1.00000000
D11-full-m8,77a19d3c4e280b51,560,0.02241875,0.03629023,1.00000000,1.00000000
D11-full-m8,77a19d3c4e280b51,570,0.02073281,0.03505970,1.00000000,1.00000000
D11-full-m8,77a19d3c4e280b51,580,0.01934851,0.03379222,1.00000000,1.00000000
D11-full-m8,77a19d3c4e280b51,590,0.01828136,0.03268874,1.00000000,1.00000000
D11-full-m8,77a19d3c4e280b51,599,0.01750427,0.03207500,1.00000000,1.00000000
D11-full-m8,1111222233334444,0,1.10476041,1.10454428,0.33333334,0.33333334
D11-full-m8,1111222233334444,10,1.08114851,1.08156717,0.44791666,0.45833334
D11-full-m8,1111222233334444,20,1.04391563,1.04569018,0.62500000,0.62500000
D11-full-m8,1111222233334444,30,0.98957354,0.99292511,0.61458331,0.62500000
D11-full-m8,1111222233334444,40,0.92794293,0.93433720,0.57291669,0.56250000
D11-full-m8,1111222233334444,50,0.86722070,0.87668920,0.56250000,0.54166669
D11-full-m8,1111222233334444,60,0.80272824,0.81945324,0.57291669,0.54166669
D11-full-m8,1111222233334444,70,0.75597954,0.77664179,0.57291669,0.54166669
D11-full-m8,1111222233334444,80,0.71706361,0.74222034,0.57291669,0.56250000
D11-full-m8,1111222233334444,90,0.67887473,0.70217085,0.62500000,0.60416669
D11-full-m8,1111222233334444,100,0.64553142,0.66796368,0.65625000,0.62500000
D11-full-m8,1111222233334444,110,0.60827106,0.63232321,0.68750000,0.66666669
D11-full-m8,1111222233334444,120,0.56394523,0.58696419,0.71875000,0.70833331
D11-full-m8,1111222233334444,130,0.51418608,0.53843057,0.77083331,0.75000000
D11-full-m8,1111222233334444,140,0.46873260,0.49429253,0.85416669,0.83333331
D11-full-m8,1111222233334444,150,0.42518941,0.44813207,0.87500000,0.87500000
D11-full-m8,1111222233334444,160,0.38768777,0.41123953,0.89583331,0.89583331
D11-full-m8,1111222233334444,170,0.35731176,0.38230708,0.88541669,0.87500000
D11-full-m8,1111222233334444,180,0.33035296,0.35380185,0.90625000,0.87500000
D11-full-m8,1111222233334444,190,0.30380186,0.32577863,0.91666669,0.87500000
D11-full-m8,1111222233334444,200,0.27908817,0.29801533,0.92708331,0.87500000
D11-full-m8,1111222233334444,210,0.25860652,0.27626443,0.93750000,0.91666669
D11-full-m8,1111222233334444,220,0.24010713,0.25625268,0.94791669,0.93750000
D11-full-m8,1111222233334444,230,0.22414260,0.24102056,0.95833331,0.95833331
D11-full-m8,1111222233334444,240,0.20838828,0.22621082,0.96875000,0.95833331
D11-full-m8,1111222233334444,250,0.19383474,0.20927083,0.96875000,0.95833331
D11-full-m8,1111222233334444,260,0.18148947,0.19615507,0.96875000,0.95833331
D11-full-m8,1111222233334444,270,0.17066889,0.18462373,0.96875000,0.95833331
D11-full-m8,1111222233334444,280,0.16092902,0.17482942,0.97916669,0.95833331
D11-full-m8,1111222233334444,290,0.15005630,0.16334940,0.96875000,0.95833331
D11-full-m8,1111222233334444,300,0.14077719,0.15336786,0.97916669,0.95833331
D11-full-m8,1111222233334444,310,0.12973914,0.14128087,0.97916669,0.97916669
D11-full-m8,1111222233334444,320,0.11960614,0.13086726,0.97916669,0.97916669
D11-full-m8,1111222233334444,330,0.11008435,0.12079547,0.97916669,0.97916669
D11-full-m8,1111222233334444,340,0.10094190,0.11242335,1.00000000,1.00000000
D11-full-m8,1111222233334444,350,0.09250423,0.10506737,1.00000000,1.00000000
D11-full-m8,1111222233334444,360,0.08406799,0.09607814,1.00000000,1.00000000
D11-full-m8,1111222233334444,370,0.07620762,0.08726446,1.00000000,1.00000000
D11-full-m8,1111222233334444,380,0.06844071,0.07754832,1.00000000,1.00000000
D11-full-m8,1111222233334444,390,0.06122286,0.06931394,1.00000000,1.00000000
D11-full-m8,1111222233334444,400,0.05485601,0.06355333,1.00000000,1.00000000
D11-full-m8,1111222233334444,410,0.05024168,0.05801265,1.00000000,1.00000000
D11-full-m8,1111222233334444,420,0.04531240,0.05301245,1.00000000,1.00000000
D11-full-m8,1111222233334444,430,0.04094529,0.04817396,1.00000000,1.00000000
D11-full-m8,1111222233334444,440,0.03723905,0.04462646,1.00000000,1.00000000
D11-full-m8,1111222233334444,450,0.03406329,0.04113965,1.00000000,1.00000000
D11-full-m8,1111222233334444,460,0.03040379,0.03694899,1.00000000,1.00000000
D11-full-m8,1111222233334444,470,0.02755587,0.03461551,1.00000000,1.00000000
D11-full-m8,1111222233334444,480,0.02520950,0.03222559,1.00000000,1.00000000
D11-full-m8,1111222233334444,490,0.02248405,0.02956073,1.00000000,1.00000000
D11-full-m8,1111222233334444,500,0.02047711,0.02754569,1.00000000,1.00000000
D11-full-m8,1111222233334444,510,0.01855684,0.02520995,1.00000000,1.00000000
D11-full-m8,1111222233334444,520,0.01705025,0.02341123,1.00000000,1.00000000
D11-full-m8,1111222233334444,530,0.01560553,0.02169102,1.00000000,1.00000000
D11-full-m8,1111222233334444,540,0.01367866,0.01884366,1.00000000,1.00000000
D11-full-m8,1111222233334444,550,0.01211565,0.01721415,1.00000000,1.00000000
D11-full-m8,1111222233334444,560,0.01093291,0.01534234,1.00000000,1.00000000
D11-full-m8,1111222233334444,570,0.01003919,0.01451511,1.00000000,1.00000000
D11-full-m8,1111222233334444,580,0.00922590,0.01347508,1.00000000,1.00000000
D11-full-m8,1111222233334444,590,0.00843067,0.01249153,1.00000000,1.00000000
D11-full-m8,1111222233334444,599,0.00786910,0.01191199,1.00000000,1.00000000
D12-adamw,2b7e151628aed2a6,0,1.10846710,1.10821950,0.33333334,0.33333334
D12-adamw,2b7e151628aed2a6,10,1.09539568,1.09531450,0.38541666,0.39583334
D12-adamw,2b7e151628aed2a6,20,1.08683753,1.08696282,0.33333334,0.33333334
D12-adamw,2b7e151628aed2a6,30,1.06584632,1.06656802,0.36458334,0.37500000
D12-adamw,2b7e151628aed2a6,40,1.02886784,1.03115249,0.47916666,0.45833334
D12-adamw,2b7e151628aed2a6,50,0.97737759,0.98162955,0.47916666,0.45833334
D12-adamw,2b7e151628aed2a6,60,0.92752266,0.93644148,0.50000000,0.52083331
D12-adamw,2b7e151628aed2a6,70,0.88914734,0.90231967,0.52083331,0.52083331
D12-adamw,2b7e151628aed2a6,80,0.82962579,0.84752685,0.53125000,0.56250000
D12-adamw,2b7e151628aed2a6,90,0.77047259,0.78919965,0.53125000,0.54166669
D12-adamw,2b7e151628aed2a6,100,0.77519542,0.79101181,0.54166669,0.52083331
D12-adamw,2b7e151628aed2a6,110,0.78840399,0.81792575,0.55208331,0.54166669
D12-adamw,2b7e151628aed2a6,120,0.72982484,0.76557589,0.56250000,0.56250000
D12-adamw,2b7e151628aed2a6,130,0.73072356,0.76325041,0.59375000,0.60416669
D12-adamw,2b7e151628aed2a6,140,0.69663042,0.72133088,0.57291669,0.58333331
D12-adamw,2b7e151628aed2a6,150,0.67052776,0.69445610,0.60416669,0.56250000
D12-adamw,2b7e151628aed2a6,160,0.66762710,0.68958259,0.59375000,0.58333331
D12-adamw,2b7e151628aed2a6,170,0.64864540,0.67251664,0.65625000,0.64583331
D12-adamw,2b7e151628aed2a6,180,0.64428800,0.66735655,0.69791669,0.66666669
D12-adamw,2b7e151628aed2a6,190,0.63631517,0.65956718,0.60416669,0.56250000
D12-adamw,2b7e151628aed2a6,200,0.64184004,0.66764468,0.63541669,0.62500000
D12-adamw,2b7e151628aed2a6,210,0.63589191,0.65812087,0.68750000,0.70833331
D12-adamw,2b7e151628aed2a6,220,0.60642523,0.62912989,0.70833331,0.70833331
D12-adamw,2b7e151628aed2a6,230,0.59438068,0.61774719,0.66666669,0.64583331
D12-adamw,2b7e151628aed2a6,240,0.59702796,0.62526268,0.69791669,0.70833331
D12-adamw,2b7e151628aed2a6,250,0.56776339,0.59110945,0.68750000,0.66666669
D12-adamw,2b7e151628aed2a6,260,0.58842111,0.61329132,0.66666669,0.64583331
D12-adamw,2b7e151628aed2a6,270,0.55471712,0.58088952,0.71875000,0.68750000
D12-adamw,2b7e151628aed2a6,280,0.53169745,0.56018579,0.69791669,0.70833331
D12-adamw,2b7e151628aed2a6,290,0.52327913,0.55344266,0.75000000,0.72916669
D12-adamw,2b7e151628aed2a6,300,0.50549328,0.52902681,0.70833331,0.68750000
D12-adamw,2b7e151628aed2a6,310,0.50084019,0.52281195,0.70833331,0.68750000
D12-adamw,2b7e151628aed2a6,320,0.48996654,0.51168126,0.78125000,0.72916669
D12-adamw,2b7e151628aed2a6,330,0.47186995,0.49597254,0.78125000,0.77083331
D12-adamw,2b7e151628aed2a6,340,0.46763790,0.49254927,0.78125000,0.75000000
D12-adamw,2b7e151628aed2a6,350,0.44701231,0.47192541,0.81250000,0.79166669
D12-adamw,2b7e151628aed2a6,360,0.45223716,0.47091150,0.81250000,0.79166669
D12-adamw,2b7e151628aed2a6,370,0.44530693,0.46257517,0.71875000,0.75000000
D12-adamw,2b7e151628aed2a6,380,0.41413584,0.43420553,0.86458331,0.85416669
D12-adamw,2b7e151628aed2a6,390,0.41755033,0.43909314,0.87500000,0.85416669
D12-adamw,2b7e151628aed2a6,400,0.40681040,0.42666319,0.84375000,0.81250000
D12-adamw,2b7e151628aed2a6,410,0.36404777,0.38799760,0.91666669,0.91666669
D12-adamw,2b7e151628aed2a6,420,0.36113086,0.39057162,0.83333331,0.83333331
D12-adamw,2b7e151628aed2a6,430,0.33495930,0.35627046,0.92708331,0.91666669
D12-adamw,2b7e151628aed2a6,440,0.30485079,0.32636178,0.91666669,0.89583331
D12-adamw,2b7e151628aed2a6,450,0.28676620,0.30181745,0.96875000,0.95833331
D12-adamw,2b7e151628aed2a6,460,0.27593496,0.29723248,0.94791669,0.95833331
D12-adamw,2b7e151628aed2a6,470,0.25886029,0.28325120,0.94791669,0.93750000
D12-adamw,2b7e151628aed2a6,480,0.24064778,0.26214829,0.95833331,0.95833331
D12-adamw,2b7e151628aed2a6,490,0.25791264,0.27400967,0.96875000,0.95833331
D12-adamw,2b7e151628aed2a6,500,0.24615319,0.27323356,0.94791669,0.93750000
D12-adamw,2b7e151628aed2a6,510,0.21624427,0.24077623,0.94791669,0.95833331
D12-adamw,2b7e151628aed2a6,520,0.22337317,0.25110278,0.94791669,0.93750000
D12-adamw,2b7e151628aed2a6,530,0.21745551,0.24925213,0.94791669,0.91666669
D12-adamw,2b7e151628aed2a6,540,0.20838444,0.23977704,0.93750000,0.93750000
D12-adamw,2b7e151628aed2a6,550,0.20446794,0.22876857,0.96875000,0.91666669
D12-adamw,2b7e151628aed2a6,560,0.19324775,0.21269758,0.95833331,0.91666669
D12-adamw,2b7e151628aed2a6,570,0.19869685,0.23624016,0.95833331,0.93750000
D12-adamw,2b7e151628aed2a6,580,0.20600502,0.23164326,0.92708331,0.91666669
D12-adamw,2b7e151628aed2a6,590,0.18085146,0.20734674,0.96875000,0.95833331
D12-adamw,2b7e151628aed2a6,599,0.16830194,0.18482949,0.97916669,0.97916669
D12-adamw,77a19d3c4e280b51,0,1.10829604,1.10802615,0.33333334,0.33333334
D12-adamw,77a19d3c4e280b51,10,1.09483099,1.09479511,0.33333334,0.33333334
D12-adamw,77a19d3c4e280b51,20,1.08617532,1.08628452,0.43750000,0.43750000
D12-adamw,77a19d3c4e280b51,30,1.07483494,1.07515514,0.53125000,0.54166669
D12-adamw,77a19d3c4e280b51,40,1.04793000,1.04907107,0.46875000,0.47916666
D12-adamw,77a19d3c4e280b51,50,1.00651872,1.00960219,0.51041669,0.52083331
D12-adamw,77a19d3c4e280b51,60,0.96651530,0.97239542,0.53125000,0.50000000
D12-adamw,77a19d3c4e280b51,70,0.91717267,0.92758244,0.52083331,0.50000000
D12-adamw,77a19d3c4e280b51,80,0.86924928,0.88494301,0.50000000,0.52083331
D12-adamw,77a19d3c4e280b51,90,0.83157176,0.84725857,0.53125000,0.52083331
D12-adamw,77a19d3c4e280b51,100,0.80535108,0.82372588,0.55208331,0.56250000
D12-adamw,77a19d3c4e280b51,110,0.78389066,0.80245012,0.54166669,0.52083331
D12-adamw,77a19d3c4e280b51,120,0.78130513,0.80140185,0.56250000,0.54166669
D12-adamw,77a19d3c4e280b51,130,0.76264232,0.78365141,0.54166669,0.54166669
D12-adamw,77a19d3c4e280b51,140,0.74145085,0.76249152,0.56250000,0.56250000
D12-adamw,77a19d3c4e280b51,150,0.75315231,0.77427608,0.56250000,0.54166669
D12-adamw,77a19d3c4e280b51,160,0.71376628,0.73581058,0.56250000,0.56250000
D12-adamw,77a19d3c4e280b51,170,0.70878410,0.73713928,0.61458331,0.64583331
D12-adamw,77a19d3c4e280b51,180,0.70071888,0.73153132,0.54166669,0.52083331
D12-adamw,77a19d3c4e280b51,190,0.69004053,0.71527714,0.58333331,0.54166669
D12-adamw,77a19d3c4e280b51,200,0.68670291,0.70981675,0.64583331,0.68750000
D12-adamw,77a19d3c4e280b51,210,0.65393829,0.67639428,0.56250000,0.54166669
D12-adamw,77a19d3c4e280b51,220,0.64831215,0.67216355,0.62500000,0.58333331
D12-adamw,77a19d3c4e280b51,230,0.62177783,0.64818615,0.63541669,0.60416669
D12-adamw,77a19d3c4e280b51,240,0.60549396,0.62924176,0.66666669,0.60416669
D12-adamw,77a19d3c4e280b51,250,0.58094966,0.60894948,0.73958331,0.68750000
D12-adamw,77a19d3c4e280b51,260,0.56153810,0.59221327,0.71875000,0.72916669
D12-adamw,77a19d3c4e280b51,270,0.55078590,0.57323235,0.76041669,0.72916669
D12-adamw,77a19d3c4e280b51,280,0.52290291,0.54944289,0.78125000,0.75000000
D12-adamw,77a19d3c4e280b51,290,0.50367290,0.52178717,0.82291669,0.81250000
D12-adamw,77a19d3c4e280b51,300,0.48647174,0.50570732,0.79166669,0.77083331
D12-adamw,77a19d3c4e280b51,310,0.46604264,0.48459813,0.82291669,0.81250000
D12-adamw,77a19d3c4e280b51,320,0.45914197,0.48181772,0.79166669,0.79166669
D12-adamw,77a19d3c4e280b51,330,0.45082358,0.46788356,0.77083331,0.77083331
D12-adamw,77a19d3c4e280b51,340,0.40608618,0.42060456,0.85416669,0.85416669
D12-adamw,77a19d3c4e280b51,350,0.39125273,0.41129050,0.84375000,0.83333331
D12-adamw,77a19d3c4e280b51,360,0.37197790,0.38433537,0.86458331,0.85416669
D12-adamw,77a19d3c4e280b51,370,0.35981402,0.37479797,0.86458331,0.83333331
D12-adamw,77a19d3c4e280b51,380,0.33990514,0.35541329,0.86458331,0.85416669
D12-adamw,77a19d3c4e280b51,390,0.32659587,0.34207007,0.88541669,0.85416669
D12-adamw,77a19d3c4e280b51,400,0.31330886,0.33055553,0.92708331,0.89583331
D12-adamw,77a19d3c4e280b51,410,0.29781839,0.31394058,0.90625000,0.89583331
D12-adamw,77a19d3c4e280b51,420,0.30682629,0.32351205,0.82291669,0.81250000
D12-adamw,77a19d3c4e280b51,430,0.29363999,0.31179836,0.84375000,0.83333331
D12-adamw,77a19d3c4e280b51,440,0.28222772,0.30295059,0.94791669,0.91666669
D12-adamw,77a19d3c4e280b51,450,0.25499168,0.28134826,0.94791669,0.93750000
D12-adamw,77a19d3c4e280b51,460,0.25246444,0.26900485,0.84375000,0.87500000
D12-adamw,77a19d3c4e280b51,470,0.24263793,0.25785589,0.96875000,0.97916669
D12-adamw,77a19d3c4e280b51,480,0.22786017,0.23787503,0.91666669,0.89583331
D12-adamw,77a19d3c4e280b51,490,0.20890105,0.21907014,0.95833331,0.97916669
D12-adamw,77a19d3c4e280b51,500,0.20209336,0.21237336,0.95833331,0.95833331
D12-adamw,77a19d3c4e280b51,510,0.19882853,0.20923662,0.96875000,0.95833331
D12-adamw,77a19d3c4e280b51,520,0.18821056,0.20007056,0.95833331,0.95833331
D12-adamw,77a19d3c4e280b51,530,0.18373375,0.19508632,0.97916669,0.97916669
D12-adamw,77a19d3c4e280b51,540,0.17724158,0.18802603,0.95833331,0.93750000
D12-adamw,77a19d3c4e280b51,550,0.18906885,0.20250334,0.93750000,0.95833331
D12-adamw,77a19d3c4e280b51,560,0.16392826,0.17981459,0.96875000,0.97916669
D12-adamw,77a19d3c4e280b51,570,0.15564741,0.16868211,0.97916669,0.97916669
D12-adamw,77a19d3c4e280b51,580,0.15355945,0.17122674,0.98958331,0.97916669
D12-adamw,77a19d3c4e280b51,590,0.14760132,0.15899678,0.97916669,0.95833331
D12-adamw,77a19d3c4e280b51,599,0.13494803,0.14927836,0.98958331,0.97916669
D12-adamw,1111222233334444,0,1.10772002,1.10747302,0.33333334,0.33333334
D12-adamw,1111222233334444,10,1.09160769,1.09139502,0.43750000,0.43750000
D12-adamw,1111222233334444,20,1.07650876,1.07659411,0.43750000,0.43750000
D12-adamw,1111222233334444,30,1.04828513,1.04916048,0.47916666,0.47916666
D12-adamw,1111222233334444,40,1.00995839,1.01206279,0.46875000,0.45833334
D12-adamw,1111222233334444,50,0.96579885,0.96986514,0.48958334,0.50000000
D12-adamw,1111222233334444,60,0.91649896,0.92469764,0.47916666,0.45833334
D12-adamw,1111222233334444,70,0.87929416,0.89289218,0.47916666,0.45833334
D12-adamw,1111222233334444,80,0.83001155,0.84554404,0.52083331,0.52083331
D12-adamw,1111222233334444,90,0.78703696,0.80434942,0.61458331,0.60416669
D12-adamw,1111222233334444,100,0.74783772,0.76312524,0.55208331,0.54166669
D12-adamw,1111222233334444,110,0.71160579,0.72409028,0.56250000,0.54166669
D12-adamw,1111222233334444,120,0.67725134,0.68984079,0.59375000,0.60416669
D12-adamw,1111222233334444,130,0.64733714,0.66398758,0.61458331,0.60416669
D12-adamw,1111222233334444,140,0.61770815,0.63720620,0.64583331,0.60416669
D12-adamw,1111222233334444,150,0.58389843,0.60285503,0.65625000,0.66666669
D12-adamw,1111222233334444,160,0.56559664,0.58178860,0.69791669,0.70833331
D12-adamw,1111222233334444,170,0.53903157,0.55354708,0.68750000,0.68750000
D12-adamw,1111222233334444,180,0.51413947,0.54037362,0.77083331,0.75000000
D12-adamw,1111222233334444,190,0.48111567,0.50350446,0.76041669,0.72916669
D12-adamw,1111222233334444,200,0.48100972,0.50579375,0.77083331,0.75000000
D12-adamw,1111222233334444,210,0.43820807,0.46428999,0.86458331,0.83333331
D12-adamw,1111222233334444,220,0.40370622,0.43115821,0.87500000,0.83333331
D12-adamw,1111222233334444,230,0.39567485,0.42259935,0.86458331,0.81250000
D12-adamw,1111222233334444,240,0.38395151,0.40449226,0.85416669,0.83333331
D12-adamw,1111222233334444,250,0.33256754,0.35687640,0.91666669,0.89583331
D12-adamw,1111222233334444,260,0.31983358,0.33942869,0.91666669,0.91666669
D12-adamw,1111222233334444,270,0.27661434,0.29987752,0.91666669,0.91666669
D12-adamw,1111222233334444,280,0.26153281,0.27935761,0.91666669,0.91666669
D12-adamw,1111222233334444,290,0.24636389,0.26338729,0.92708331,0.91666669
D12-adamw,1111222233334444,300,0.22344790,0.23912825,0.93750000,0.93750000
D12-adamw,1111222233334444,310,0.20871162,0.22707261,0.95833331,0.97916669
D12-adamw,1111222233334444,320,0.19802023,0.21347958,0.96875000,0.95833331
D12-adamw,1111222233334444,330,0.19095723,0.21309508,0.95833331,0.95833331
D12-adamw,1111222233334444,340,0.19178045,0.21642072,0.97916669,0.97916669
D12-adamw,1111222233334444,350,0.16593339,0.18241239,0.97916669,0.97916669
D12-adamw,1111222233334444,360,0.15423875,0.17031895,0.96875000,0.95833331
D12-adamw,1111222233334444,370,0.14411117,0.16250005,0.96875000,0.95833331
D12-adamw,1111222233334444,380,0.14280678,0.16796374,0.97916669,0.93750000
D12-adamw,1111222233334444,390,0.12592541,0.13972625,1.00000000,0.97916669
D12-adamw,1111222233334444,400,0.12069090,0.13173787,1.00000000,1.00000000
D12-adamw,1111222233334444,410,0.11468735,0.12780762,0.98958331,0.97916669
D12-adamw,1111222233334444,420,0.10948059,0.12219775,0.97916669,0.97916669
D12-adamw,1111222233334444,430,0.10262219,0.11659654,0.98958331,0.97916669
D12-adamw,1111222233334444,440,0.09740720,0.11316112,1.00000000,1.00000000
D12-adamw,1111222233334444,450,0.08960392,0.10225750,1.00000000,1.00000000
D12-adamw,1111222233334444,460,0.08589835,0.09784305,1.00000000,1.00000000
D12-adamw,1111222233334444,470,0.08852034,0.10299652,1.00000000,1.00000000
D12-adamw,1111222233334444,480,0.08938599,0.11258572,0.98958331,1.00000000
D12-adamw,1111222233334444,490,0.09037120,0.11058024,0.98958331,0.97916669
D12-adamw,1111222233334444,500,0.07447002,0.09109441,0.98958331,1.00000000
D12-adamw,1111222233334444,510,0.08083367,0.09974318,0.98958331,0.97916669
D12-adamw,1111222233334444,520,0.06797531,0.08098482,0.98958331,0.97916669
D12-adamw,1111222233334444,530,0.06741823,0.07981469,1.00000000,1.00000000
D12-adamw,1111222233334444,540,0.06734702,0.08228166,1.00000000,0.97916669
D12-adamw,1111222233334444,550,0.05637501,0.06820188,1.00000000,1.00000000
D12-adamw,1111222233334444,560,0.05353586,0.06728718,1.00000000,1.00000000
D12-adamw,1111222233334444,570,0.05607339,0.06939869,1.00000000,1.00000000
D12-adamw,1111222233334444,580,0.04825955,0.06095211,1.00000000,1.00000000
D12-adamw,1111222233334444,590,0.05583872,0.07611855,1.00000000,0.95833331
D12-adamw,1111222233334444,599,0.04692503,0.05857893,1.00000000,1.00000000
D13-sign,2b7e151628aed2a6,0,1.10605323,1.10577965,0.33333334,0.33333334
D13-sign,2b7e151628aed2a6,10,1.08812785,1.08868873,0.33333334,0.33333334
D13-sign,2b7e151628aed2a6,20,1.04362810,1.04671812,0.39583334,0.39583334
D13-sign,2b7e151628aed2a6,30,0.97317988,0.97988725,0.46875000,0.45833334
D13-sign,2b7e151628aed2a6,40,0.91444874,0.92369390,0.48958334,0.47916666
D13-sign,2b7e151628aed2a6,50,0.85207707,0.86430836,0.51041669,0.50000000
D13-sign,2b7e151628aed2a6,60,0.79483795,0.81607944,0.54166669,0.54166669
D13-sign,2b7e151628aed2a6,70,0.80627275,0.82705098,0.54166669,0.52083331
D13-sign,2b7e151628aed2a6,80,0.77028137,0.80108565,0.58333331,0.58333331
D13-sign,2b7e151628aed2a6,90,0.75072962,0.77436000,0.56250000,0.54166669
D13-sign,2b7e151628aed2a6,100,0.74346489,0.76803511,0.58333331,0.58333331
D13-sign,2b7e151628aed2a6,110,0.78140330,0.82516342,0.58333331,0.58333331
D13-sign,2b7e151628aed2a6,120,0.73136568,0.77530479,0.64583331,0.62500000
D13-sign,2b7e151628aed2a6,130,0.71493667,0.76357943,0.66666669,0.64583331
D13-sign,2b7e151628aed2a6,140,0.63058501,0.65817642,0.60416669,0.56250000
D13-sign,2b7e151628aed2a6,150,0.67699146,0.70505291,0.61458331,0.60416669
D13-sign,2b7e151628aed2a6,160,0.63723385,0.67132854,0.68750000,0.66666669
D13-sign,2b7e151628aed2a6,170,0.59256822,0.62216777,0.65625000,0.64583331
D13-sign,2b7e151628aed2a6,180,0.59200293,0.62373620,0.68750000,0.64583331
D13-sign,2b7e151628aed2a6,190,0.57080656,0.59887975,0.68750000,0.68750000
D13-sign,2b7e151628aed2a6,200,0.55955380,0.59904724,0.78125000,0.75000000
D13-sign,2b7e151628aed2a6,210,0.49879465,0.52932161,0.75000000,0.72916669
D13-sign,2b7e151628aed2a6,220,0.49182224,0.51546246,0.71875000,0.70833331
D13-sign,2b7e151628aed2a6,230,0.48313367,0.52262229,0.80208331,0.79166669
D13-sign,2b7e151628aed2a6,240,0.48937795,0.52880782,0.75000000,0.70833331
D13-sign,2b7e151628aed2a6,250,0.45048425,0.49138972,0.82291669,0.81250000
D13-sign,2b7e151628aed2a6,260,0.43541285,0.48446572,0.83333331,0.81250000
D13-sign,2b7e151628aed2a6,270,0.41444102,0.46424952,0.86458331,0.83333331
D13-sign,2b7e151628aed2a6,280,0.38946009,0.43611225,0.79166669,0.77083331
D13-sign,2b7e151628aed2a6,290,0.39611849,0.45830652,0.83333331,0.79166669
D13-sign,2b7e151628aed2a6,300,0.38489413,0.44197503,0.86458331,0.85416669
D13-sign,2b7e151628aed2a6,310,0.46578637,0.53021771,0.84375000,0.81250000
D13-sign,2b7e151628aed2a6,320,0.53261518,0.59477407,0.78125000,0.77083331
D13-sign,2b7e151628aed2a6,330,0.33569506,0.37713459,0.85416669,0.83333331
D13-sign,2b7e151628aed2a6,340,0.42086223,0.45771137,0.76041669,0.75000000
D13-sign,2b7e151628aed2a6,350,0.34984115,0.37533092,0.82291669,0.83333331
D13-sign,2b7e151628aed2a6,360,0.44521204,0.48402181,0.82291669,0.79166669
D13-sign,2b7e151628aed2a6,370,0.50194508,0.56251073,0.79166669,0.77083331
D13-sign,2b7e151628aed2a6,380,0.39259157,0.44915608,0.83333331,0.85416669
D13-sign,2b7e151628aed2a6,390,0.35878685,0.41028163,0.87500000,0.89583331
D13-sign,2b7e151628aed2a6,400,0.32637134,0.37732208,0.89583331,0.85416669
D13-sign,2b7e151628aed2a6,410,0.30403867,0.35068145,0.88541669,0.89583331
D13-sign,2b7e151628aed2a6,420,0.33128759,0.37755072,0.87500000,0.89583331
D13-sign,2b7e151628aed2a6,430,0.42304346,0.49302331,0.79166669,0.79166669
D13-sign,2b7e151628aed2a6,440,0.36374626,0.40116075,0.81250000,0.83333331
D13-sign,2b7e151628aed2a6,450,0.31843826,0.36128363,0.82291669,0.83333331
D13-sign,2b7e151628aed2a6,460,0.31971049,0.36652258,0.91666669,0.87500000
D13-sign,2b7e151628aed2a6,470,0.30705637,0.34224859,0.83333331,0.79166669
D13-sign,2b7e151628aed2a6,480,0.30200461,0.32528540,0.79166669,0.79166669
D13-sign,2b7e151628aed2a6,490,0.25858971,0.28946832,0.92708331,0.91666669
D13-sign,2b7e151628aed2a6,500,0.25566351,0.29168019,0.91666669,0.87500000
D13-sign,2b7e151628aed2a6,510,0.40854254,0.45142397,0.84375000,0.83333331
D13-sign,2b7e151628aed2a6,520,0.28096673,0.32965794,0.91666669,0.89583331
D13-sign,2b7e151628aed2a6,530,0.27713400,0.33810076,0.88541669,0.89583331
D13-sign,2b7e151628aed2a6,540,0.34651950,0.41722798,0.87500000,0.85416669
D13-sign,2b7e151628aed2a6,550,0.39693317,0.47166836,0.89583331,0.89583331
D13-sign,2b7e151628aed2a6,560,0.32870448,0.37383327,0.80208331,0.79166669
D13-sign,2b7e151628aed2a6,570,0.25809154,0.30878153,0.89583331,0.89583331
D13-sign,2b7e151628aed2a6,580,0.30146250,0.36647642,0.90625000,0.91666669
D13-sign,2b7e151628aed2a6,590,0.27863297,0.31176737,0.84375000,0.79166669
D13-sign,2b7e151628aed2a6,599,0.37331721,0.43089461,0.91666669,0.87500000
D13-sign,77a19d3c4e280b51,0,1.10560644,1.10531962,0.33333334,0.33333334
D13-sign,77a19d3c4e280b51,10,1.08521092,1.08567858,0.33333334,0.33333334
D13-sign,77a19d3c4e280b51,20,1.05107629,1.05267441,0.50000000,0.52083331
D13-sign,77a19d3c4e280b51,30,0.99784970,1.00129652,0.46875000,0.45833334
D13-sign,77a19d3c4e280b51,40,0.89221984,0.90148526,0.54166669,0.52083331
D13-sign,77a19d3c4e280b51,50,0.85663462,0.87177920,0.52083331,0.52083331
D13-sign,77a19d3c4e280b51,60,0.78747159,0.80628997,0.52083331,0.52083331
D13-sign,77a19d3c4e280b51,70,0.78916913,0.81730169,0.57291669,0.54166669
D13-sign,77a19d3c4e280b51,80,0.77725196,0.79924244,0.57291669,0.58333331
D13-sign,77a19d3c4e280b51,90,0.73230439,0.75452185,0.57291669,0.54166669
D13-sign,77a19d3c4e280b51,100,0.71968842,0.74752265,0.58333331,0.56250000
D13-sign,77a19d3c4e280b51,110,0.76416111,0.80333591,0.62500000,0.58333331
D13-sign,77a19d3c4e280b51,120,0.70197910,0.74092031,0.58333331,0.58333331
D13-sign,77a19d3c4e280b51,130,0.70553595,0.73801970,0.59375000,0.54166669
D13-sign,77a19d3c4e280b51,140,0.70535851,0.74455935,0.61458331,0.62500000
D13-sign,77a19d3c4e280b51,150,0.72059733,0.74083424,0.63541669,0.62500000
D13-sign,77a19d3c4e280b51,160,0.68100899,0.73072535,0.68750000,0.68750000
D13-sign,77a19d3c4e280b51,170,0.65914822,0.70660782,0.61458331,0.62500000
D13-sign,77a19d3c4e280b51,180,0.68101311,0.71406245,0.63541669,0.60416669
D13-sign,77a19d3c4e280b51,190,0.63612562,0.67068475,0.70833331,0.68750000
D13-sign,77a19d3c4e280b51,200,0.62146324,0.64449024,0.62500000,0.62500000
D13-sign,77a19d3c4e280b51,210,0.61817968,0.65093440,0.69791669,0.68750000
D13-sign,77a19d3c4e280b51,220,0.60992736,0.62978971,0.65625000,0.58333331
D13-sign,77a19d3c4e280b51,230,0.60734653,0.64179593,0.63541669,0.60416669
D13-sign,77a19d3c4e280b51,240,0.58666158,0.61807591,0.68750000,0.64583331
D13-sign,77a19d3c4e280b51,250,0.58942318,0.61589354,0.66666669,0.62500000
D13-sign,77a19d3c4e280b51,260,0.59135842,0.62628567,0.71875000,0.72916669
D13-sign,77a19d3c4e280b51,270,0.59941798,0.62192327,0.75000000,0.70833331
D13-sign,77a19d3c4e280b51,280,0.56268877,0.58709699,0.67708331,0.66666669
D13-sign,77a19d3c4e280b51,290,0.59669656,0.62626177,0.76041669,0.75000000
D13-sign,77a19d3c4e280b51,300,0.54010749,0.56367558,0.77083331,0.77083331
D13-sign,77a19d3c4e280b51,310,0.54674292,0.58166629,0.79166669,0.79166669
D13-sign,77a19d3c4e280b51,320,0.55868268,0.59492469,0.81250000,0.83333331
D13-sign,77a19d3c4e280b51,330,0.57130772,0.60370582,0.69791669,0.68750000
D13-sign,77a19d3c4e280b51,340,0.46952274,0.50057352,0.77083331,0.75000000
D13-sign,77a19d3c4e280b51,350,0.43615496,0.46517393,0.87500000,0.83333331
D13-sign,77a19d3c4e280b51,360,0.46581078,0.49875712,0.81250000,0.83333331
D13-sign,77a19d3c4e280b51,370,0.45244026,0.49086985,0.82291669,0.81250000
D13-sign,77a19d3c4e280b51,380,0.47696391,0.51877517,0.87500000,0.83333331
D13-sign,77a19d3c4e280b51,390,0.60738784,0.65694481,0.70833331,0.70833331
D13-sign,77a19d3c4e280b51,400,0.47286835,0.51934081,0.81250000,0.77083331
D13-sign,77a19d3c4e280b51,410,0.40701953,0.43690631,0.83333331,0.87500000
D13-sign,77a19d3c4e280b51,420,0.44554889,0.47776210,0.78125000,0.79166669
D13-sign,77a19d3c4e280b51,430,0.49337843,0.54215175,0.86458331,0.85416669
D13-sign,77a19d3c4e280b51,440,0.40163103,0.44700399,0.82291669,0.83333331
D13-sign,77a19d3c4e280b51,450,0.37352505,0.41461328,0.91666669,0.89583331
D13-sign,77a19d3c4e280b51,460,0.34468272,0.37448812,0.89583331,0.83333331
D13-sign,77a19d3c4e280b51,470,0.33610889,0.37349018,0.92708331,0.89583331
D13-sign,77a19d3c4e280b51,480,0.32453173,0.36295173,0.92708331,0.87500000
D13-sign,77a19d3c4e280b51,490,0.34033653,0.35884002,0.88541669,0.85416669
D13-sign,77a19d3c4e280b51,500,0.32672712,0.36037549,0.92708331,0.91666669
D13-sign,77a19d3c4e280b51,510,0.33423233,0.37882820,0.88541669,0.85416669
D13-sign,77a19d3c4e280b51,520,0.29028511,0.31205276,0.93750000,0.91666669
D13-sign,77a19d3c4e280b51,530,0.31147885,0.33285868,0.85416669,0.85416669
D13-sign,77a19d3c4e280b51,540,0.30475917,0.33965847,0.89583331,0.91666669
D13-sign,77a19d3c4e280b51,550,0.27332148,0.29827812,0.90625000,0.91666669
D13-sign,77a19d3c4e280b51,560,0.28119272,0.32410821,0.92708331,0.93750000
D13-sign,77a19d3c4e280b51,570,0.29553121,0.32062954,0.88541669,0.89583331
D13-sign,77a19d3c4e280b51,580,0.39422119,0.43811974,0.80208331,0.75000000
D13-sign,77a19d3c4e280b51,590,0.19708408,0.22124259,0.94791669,0.93750000
D13-sign,77a19d3c4e280b51,599,0.22552980,0.26939365,0.93750000,0.93750000
D13-sign,1111222233334444,0,1.10438216,1.10415089,0.33333334,0.33333334
D13-sign,1111222233334444,10,1.07095325,1.07134008,0.47916666,0.45833334
D13-sign,1111222233334444,20,1.02550364,1.02781856,0.57291669,0.54166669
D13-sign,1111222233334444,30,0.95543051,0.96053272,0.48958334,0.50000000
D13-sign,1111222233334444,40,0.89779979,0.90582794,0.47916666,0.45833334
D13-sign,1111222233334444,50,0.87289327,0.88355774,0.54166669,0.52083331
D13-sign,1111222233334444,60,0.81909949,0.83633107,0.53125000,0.52083331
D13-sign,1111222233334444,70,0.76209450,0.78782886,0.56250000,0.54166669
D13-sign,1111222233334444,80,0.73518890,0.76191050,0.57291669,0.58333331
D13-sign,1111222233334444,90,0.73496503,0.76049298,0.58333331,0.56250000
D13-sign,1111222233334444,100,0.71262425,0.73781854,0.60416669,0.58333331
D13-sign,1111222233334444,110,0.68408412,0.71128416,0.62500000,0.60416669
D13-sign,1111222233334444,120,0.63509119,0.65901637,0.64583331,0.58333331
D13-sign,1111222233334444,130,0.62303311,0.66214871,0.76041669,0.70833331
D13-sign,1111222233334444,140,0.56051385,0.59258950,0.68750000,0.66666669
D13-sign,1111222233334444,150,0.54546934,0.57575196,0.68750000,0.64583331
D13-sign,1111222233334444,160,0.54849732,0.56868619,0.65625000,0.64583331
D13-sign,1111222233334444,170,0.49689588,0.52134520,0.68750000,0.66666669
D13-sign,1111222233334444,180,0.53050894,0.57351977,0.69791669,0.66666669
D13-sign,1111222233334444,190,0.50541347,0.53778970,0.69791669,0.68750000
D13-sign,1111222233334444,200,0.45915094,0.49226582,0.77083331,0.75000000
D13-sign,1111222233334444,210,0.44999108,0.49132860,0.78125000,0.79166669
D13-sign,1111222233334444,220,0.43963191,0.46943548,0.80208331,0.77083331
D13-sign,1111222233334444,230,0.45185712,0.48502874,0.77083331,0.77083331
D13-sign,1111222233334444,240,0.38460982,0.41873828,0.87500000,0.85416669
D13-sign,1111222233334444,250,0.42163089,0.46824726,0.84375000,0.81250000
D13-sign,1111222233334444,260,0.36798719,0.40038201,0.85416669,0.85416669
D13-sign,1111222233334444,270,0.32969451,0.36376122,0.90625000,0.87500000
D13-sign,1111222233334444,280,0.31140912,0.34527948,0.89583331,0.85416669
D13-sign,1111222233334444,290,0.31678629,0.35921288,0.92708331,0.89583331
D13-sign,1111222233334444,300,0.29772505,0.32772288,0.90625000,0.87500000
D13-sign,1111222233334444,310,0.30251452,0.35331938,0.92708331,0.91666669
D13-sign,1111222233334444,320,0.27515647,0.30150998,0.90625000,0.89583331
D13-sign,1111222233334444,330,0.38245395,0.44721496,0.84375000,0.81250000
D13-sign,1111222233334444,340,0.30033162,0.35772505,0.90625000,0.89583331
D13-sign,1111222233334444,350,0.25748608,0.28512383,0.91666669,0.93750000
D13-sign,1111222233334444,360,0.28015921,0.29196757,0.88541669,0.87500000
D13-sign,1111222233334444,370,0.23154236,0.25087491,0.91666669,0.87500000
D13-sign,1111222233334444,380,0.20793192,0.22979413,0.93750000,0.91666669
D13-sign,1111222233334444,390,0.21935348,0.24540694,0.93750000,0.93750000
D13-sign,1111222233334444,400,0.22390904,0.27738604,0.93750000,0.91666669
D13-sign,1111222233334444,410,0.20176788,0.23813640,0.92708331,0.91666669
D13-sign,1111222233334444,420,0.20787300,0.26632428,0.96875000,0.93750000
D13-sign,1111222233334444,430,0.14633146,0.17059059,0.97916669,0.95833331
D13-sign,1111222233334444,440,0.22252715,0.25756785,0.94791669,0.91666669
D13-sign,1111222233334444,450,0.17580347,0.20138627,0.97916669,0.95833331
D13-sign,1111222233334444,460,0.21784484,0.28465071,0.94791669,0.93750000
D13-sign,1111222233334444,470,0.13747479,0.18598823,0.96875000,0.95833331
D13-sign,1111222233334444,480,0.18826707,0.22616021,0.92708331,0.89583331
D13-sign,1111222233334444,490,0.17185231,0.19361432,0.94791669,0.91666669
D13-sign,1111222233334444,500,0.16880207,0.20835845,0.93750000,0.89583331
D13-sign,1111222233334444,510,0.15946577,0.22946875,0.97916669,0.95833331
D13-sign,1111222233334444,520,0.13111590,0.17701130,0.96875000,0.93750000
D13-sign,1111222233334444,530,0.13872407,0.19154225,0.98958331,0.97916669
D13-sign,1111222233334444,540,0.12960376,0.15799032,0.97916669,0.93750000
D13-sign,1111222233334444,550,0.11600467,0.16388294,0.97916669,0.95833331
D13-sign,1111222233334444,560,0.17256410,0.23006172,0.95833331,0.95833331
D13-sign,1111222233334444,570,0.21316533,0.26672670,0.91666669,0.89583331
D13-sign,1111222233334444,580,0.14574125,0.17066348,0.95833331,0.95833331
D13-sign,1111222233334444,590,0.11394882,0.16027410,0.98958331,0.97916669
D13-sign,1111222233334444,599,0.13059568,0.18624501,0.97916669,0.95833331
