spec,seed,commit,train_loss,validation_loss,train_accuracy,validation_accuracy
p16_v16_random,2b7e151628aed2a6,50,1.103006721,1.103297353,0.333333,0.333333
p16_v16_random,2b7e151628aed2a6,100,1.097590446,1.098698020,0.354167,0.312500
p16_v16_random,2b7e151628aed2a6,150,1.099909663,1.101358056,0.333333,0.333333
p16_v16_random,2b7e151628aed2a6,200,1.092485547,1.095198631,0.333333,0.333333
p16_v16_random,2b7e151628aed2a6,250,1.092541337,1.095456481,0.333333,0.333333
p16_v16_random,2b7e151628aed2a6,300,1.082835793,1.086606860,0.447917,0.416667
p16_v16_random,2b7e151628aed2a6,350,1.079438329,1.083144307,0.479167,0.479167
p16_v16_random,2b7e151628aed2a6,400,1.078914523,1.082650304,0.333333,0.354167
p16_v16_random,2b7e151628aed2a6,450,1.072577596,1.076819777,0.458333,0.437500
p16_v16_random,2b7e151628aed2a6,500,1.071359992,1.075901270,0.458333,0.437500
p16_v16_random,2b7e151628aed2a6,550,1.066271186,1.073104262,0.427083,0.416667
p16_v16_random,2b7e151628aed2a6,600,1.063739300,1.070192814,0.447917,0.416667
p16_v16_random,2b7e151628aed2a6,650,1.058924913,1.065942407,0.479167,0.479167
p16_v16_random,2b7e151628aed2a6,700,1.054834127,1.062358737,0.479167,0.479167
p16_v16_random,2b7e151628aed2a6,750,1.055883288,1.066671371,0.447917,0.416667
p16_v16_random,2b7e151628aed2a6,800,1.047476411,1.058841348,0.479167,0.479167
p16_v16_random,2b7e151628aed2a6,850,1.042878151,1.053375125,0.479167,0.479167
p16_v16_random,2b7e151628aed2a6,900,1.038289905,1.048485875,0.479167,0.458333
p16_v16_random,2b7e151628aed2a6,950,1.036609411,1.047756314,0.479167,0.437500
p16_v16_random,2b7e151628aed2a6,1000,1.034282088,1.044480324,0.479167,0.437500
p16_v16_random,2b7e151628aed2a6,1050,1.032802105,1.042080045,0.479167,0.500000
p16_v16_random,2b7e151628aed2a6,1100,1.030049682,1.039314628,0.468750,0.458333
p16_v16_random,2b7e151628aed2a6,1150,1.022794366,1.033907413,0.479167,0.437500
p16_v16_random,2b7e151628aed2a6,1200,1.015898228,1.031848073,0.489583,0.500000
p16_v16_random,2b7e151628aed2a6,1250,1.018664718,1.031533122,0.458333,0.458333
p16_v16_random,2b7e151628aed2a6,1300,1.009637356,1.021985292,0.500000,0.458333
p16_v16_random,2b7e151628aed2a6,1350,0.998676538,1.012376666,0.489583,0.500000
p16_v16_random,2b7e151628aed2a6,1400,0.995452166,1.004320145,0.500000,0.520833
p16_v16_random,2b7e151628aed2a6,1450,0.982230246,0.994781554,0.489583,0.479167
p16_v16_random,2b7e151628aed2a6,1500,0.979060411,0.993369758,0.479167,0.458333
p16_v16_random,2b7e151628aed2a6,1550,0.963197470,0.981268167,0.489583,0.520833
p16_v16_random,2b7e151628aed2a6,1600,0.952088654,0.972459853,0.531250,0.479167
p16_v16_random,2b7e151628aed2a6,1650,0.938499928,0.961640179,0.541667,0.562500
p16_v16_random,2b7e151628aed2a6,1700,0.920653999,0.940553188,0.531250,0.541667
p16_v16_random,2b7e151628aed2a6,1750,0.911635697,0.929744005,0.552083,0.604167
p16_v16_random,2b7e151628aed2a6,1800,0.898060083,0.918465853,0.510417,0.583333
p16_v16_random,2b7e151628aed2a6,1850,0.879676878,0.900432169,0.583333,0.562500
p16_v16_random,2b7e151628aed2a6,1900,0.859468639,0.884897470,0.593750,0.666667
p16_v16_random,2b7e151628aed2a6,1950,0.845806062,0.870846450,0.614583,0.583333
p16_v16_random,2b7e151628aed2a6,2000,0.843229532,0.867057383,0.562500,0.583333
p16_v16_random,2b7e151628aed2a6,2050,0.824695170,0.849686623,0.614583,0.687500
p16_v16_random,2b7e151628aed2a6,2100,0.807968616,0.831139028,0.645833,0.645833
p16_v16_random,2b7e151628aed2a6,2150,0.793814838,0.812270939,0.697917,0.770833
p16_v16_random,2b7e151628aed2a6,2200,0.778486073,0.798656225,0.625000,0.666667
p16_v16_random,2b7e151628aed2a6,2250,0.761017740,0.782120466,0.729167,0.687500
p16_v16_random,2b7e151628aed2a6,2300,0.748011053,0.789598703,0.677083,0.729167
p16_v16_random,2b7e151628aed2a6,2350,0.738008201,0.770654738,0.635417,0.687500
p16_v16_random,2b7e151628aed2a6,2400,0.721673071,0.752003610,0.697917,0.729167
p16_v16_random,2b7e151628aed2a6,2450,0.711187661,0.748508215,0.697917,0.729167
p16_v16_random,2b7e151628aed2a6,2500,0.696842611,0.728296101,0.750000,0.770833
p16_v16_random,2b7e151628aed2a6,2550,0.687472522,0.731130421,0.708333,0.687500
p16_v16_random,2b7e151628aed2a6,2600,0.679401636,0.722187221,0.697917,0.708333
p16_v16_random,2b7e151628aed2a6,2650,0.660176039,0.694224417,0.739583,0.770833
p16_v16_random,2b7e151628aed2a6,2700,0.648325145,0.688370526,0.729167,0.791667
p16_v16_random,2b7e151628aed2a6,2750,0.638448536,0.681534231,0.781250,0.791667
p16_v16_random,2b7e151628aed2a6,2800,0.631589055,0.670378923,0.760417,0.833333
p16_v16_random,2b7e151628aed2a6,2850,0.611253023,0.651957989,0.802083,0.812500
p16_v16_random,2b7e151628aed2a6,2900,0.604393601,0.631635010,0.802083,0.854167
p16_v16_random,2b7e151628aed2a6,2950,0.593736947,0.640726984,0.812500,0.812500
p16_v16_random,2b7e151628aed2a6,3000,0.594540417,0.610214889,0.802083,0.812500
p16_v16_random,2b7e151628aed2a6,3050,0.583196342,0.622449160,0.802083,0.812500
p16_v16_random,2b7e151628aed2a6,3100,0.572514474,0.592666447,0.822917,0.833333
p16_v16_random,2b7e151628aed2a6,3150,0.573867977,0.609479845,0.843750,0.770833
p16_v16_random,2b7e151628aed2a6,3200,0.568101048,0.583705485,0.854167,0.812500
p16_v16_random,2b7e151628aed2a6,3250,0.560256541,0.580527902,0.854167,0.833333
p16_v16_random,2b7e151628aed2a6,3300,0.554823339,0.592272162,0.843750,0.833333
p16_v16_random,2b7e151628aed2a6,3350,0.544208825,0.576896250,0.854167,0.854167
p16_v16_random,2b7e151628aed2a6,3400,0.545876682,0.584175408,0.843750,0.833333
p16_v16_random,2b7e151628aed2a6,3450,0.533922255,0.564146340,0.854167,0.833333
p16_v16_random,2b7e151628aed2a6,3500,0.537388146,0.575002074,0.854167,0.854167
p16_v16_random,2b7e151628aed2a6,3550,0.522064626,0.547656238,0.833333,0.854167
p16_v16_random,2b7e151628aed2a6,3600,0.528817296,0.551837802,0.843750,0.833333
p16_v16_random,2b7e151628aed2a6,3650,0.523019016,0.539679945,0.822917,0.854167
p16_v16_random,2b7e151628aed2a6,3700,0.532657206,0.564719379,0.843750,0.854167
p16_v16_random,2b7e151628aed2a6,3750,0.509965897,0.527043879,0.854167,0.833333
p16_v16_random,2b7e151628aed2a6,3800,0.505278349,0.525089443,0.864583,0.854167
p16_v16_random,2b7e151628aed2a6,3850,0.502994716,0.528066814,0.864583,0.875000
p16_v16_random,2b7e151628aed2a6,3900,0.502342105,0.512066364,0.833333,0.895833
p16_v16_random,2b7e151628aed2a6,3950,0.494673252,0.502289116,0.833333,0.895833
p16_v16_random,2b7e151628aed2a6,4000,0.499968022,0.540022790,0.864583,0.833333
p16_v16_random,2b7e151628aed2a6,4050,0.481795222,0.499835610,0.843750,0.916667
p16_v16_random,2b7e151628aed2a6,4100,0.480763763,0.510637701,0.875000,0.895833
p16_v16_random,2b7e151628aed2a6,4150,0.471616358,0.490439892,0.864583,0.895833
p16_v16_random,2b7e151628aed2a6,4200,0.466766357,0.496917486,0.864583,0.916667
p16_v16_random,2b7e151628aed2a6,4250,0.471273333,0.484673411,0.864583,0.875000
p16_v16_random,2b7e151628aed2a6,4300,0.457863599,0.480819315,0.854167,0.854167
p16_v16_random,2b7e151628aed2a6,4350,0.455705673,0.463776618,0.822917,0.875000
p16_v16_random,2b7e151628aed2a6,4400,0.452503234,0.472240299,0.875000,0.916667
p16_v16_random,2b7e151628aed2a6,4450,0.444004983,0.468722224,0.854167,0.875000
p16_v16_random,2b7e151628aed2a6,4500,0.445583731,0.450426072,0.854167,0.875000
p16_v16_random,2b7e151628aed2a6,4550,0.442331105,0.465698123,0.833333,0.854167
p16_v16_random,2b7e151628aed2a6,4600,0.437553972,0.468736559,0.843750,0.875000
p16_v16_random,2b7e151628aed2a6,4650,0.437689185,0.461084843,0.885417,0.875000
p16_v16_random,2b7e151628aed2a6,4700,0.433823615,0.466109276,0.854167,0.895833
p16_v16_random,2b7e151628aed2a6,4750,0.436463863,0.445801616,0.854167,0.916667
p16_v16_random,2b7e151628aed2a6,4800,0.434733897,0.440790534,0.843750,0.875000
p16_v16_random,77a19d3c4e280b51,50,1.102341533,1.102442265,0.333333,0.333333
p16_v16_random,77a19d3c4e280b51,100,1.097103715,1.098185062,0.333333,0.333333
p16_v16_random,77a19d3c4e280b51,150,1.093347907,1.095461845,0.333333,0.333333
p16_v16_random,77a19d3c4e280b51,200,1.089043856,1.091421008,0.343750,0.333333
p16_v16_random,77a19d3c4e280b51,250,1.087738156,1.090723395,0.395833,0.416667
p16_v16_random,77a19d3c4e280b51,300,1.087851882,1.091356516,0.343750,0.312500
p16_v16_random,77a19d3c4e280b51,350,1.081631064,1.086339593,0.385417,0.437500
p16_v16_random,77a19d3c4e280b51,400,1.078460813,1.082997680,0.447917,0.437500
p16_v16_random,77a19d3c4e280b51,450,1.082680821,1.087531924,0.333333,0.333333
p16_v16_random,77a19d3c4e280b51,500,1.077814460,1.082483530,0.354167,0.333333
p16_v16_random,77a19d3c4e280b51,550,1.072146058,1.077599168,0.437500,0.395833
p16_v16_random,77a19d3c4e280b51,600,1.072767615,1.078115702,0.437500,0.395833
p16_v16_random,77a19d3c4e280b51,650,1.065197587,1.071854234,0.468750,0.437500
p16_v16_random,77a19d3c4e280b51,700,1.063216329,1.069961429,0.385417,0.375000
p16_v16_random,77a19d3c4e280b51,750,1.051135182,1.059436917,0.489583,0.437500
p16_v16_random,77a19d3c4e280b51,800,1.042832017,1.051428556,0.479167,0.500000
p16_v16_random,77a19d3c4e280b51,850,1.040464878,1.048005819,0.447917,0.375000
p16_v16_random,77a19d3c4e280b51,900,1.036943078,1.042641521,0.468750,0.437500
p16_v16_random,77a19d3c4e280b51,950,1.035587192,1.043101430,0.427083,0.416667
p16_v16_random,77a19d3c4e280b51,1000,1.034425020,1.044799805,0.427083,0.416667
p16_v16_random,77a19d3c4e280b51,1050,1.016519666,1.026409268,0.552083,0.458333
p16_v16_random,77a19d3c4e280b51,1100,1.008653760,1.019615769,0.500000,0.416667
p16_v16_random,77a19d3c4e280b51,1150,1.006217360,1.019176841,0.572917,0.562500
p16_v16_random,77a19d3c4e280b51,1200,0.998334825,1.011213183,0.500000,0.458333
p16_v16_random,77a19d3c4e280b51,1250,0.998608112,1.016287208,0.468750,0.416667
p16_v16_random,77a19d3c4e280b51,1300,0.979926050,0.997467697,0.489583,0.437500
p16_v16_random,77a19d3c4e280b51,1350,0.970620573,0.987737656,0.520833,0.479167
p16_v16_random,77a19d3c4e280b51,1400,0.965861022,0.983098686,0.552083,0.541667
p16_v16_random,77a19d3c4e280b51,1450,0.955622971,0.970096529,0.489583,0.479167
p16_v16_random,77a19d3c4e280b51,1500,0.947831154,0.968872845,0.500000,0.500000
p16_v16_random,77a19d3c4e280b51,1550,0.945045471,0.963724315,0.541667,0.500000
p16_v16_random,77a19d3c4e280b51,1600,0.941589057,0.963725269,0.510417,0.479167
p16_v16_random,77a19d3c4e280b51,1650,0.927540839,0.946500957,0.583333,0.520833
p16_v16_random,77a19d3c4e280b51,1700,0.913250446,0.929227173,0.552083,0.479167
p16_v16_random,77a19d3c4e280b51,1750,0.909231007,0.920320511,0.552083,0.500000
p16_v16_random,77a19d3c4e280b51,1800,0.893507540,0.910890639,0.572917,0.541667
p16_v16_random,77a19d3c4e280b51,1850,0.880553544,0.899425030,0.583333,0.500000
p16_v16_random,77a19d3c4e280b51,1900,0.868615210,0.889187753,0.614583,0.562500
p16_v16_random,77a19d3c4e280b51,1950,0.859212220,0.874358177,0.656250,0.604167
p16_v16_random,77a19d3c4e280b51,2000,0.853329957,0.874560058,0.687500,0.583333
p16_v16_random,77a19d3c4e280b51,2050,0.844195306,0.862699687,0.697917,0.645833
p16_v16_random,77a19d3c4e280b51,2100,0.829877317,0.846709728,0.677083,0.645833
p16_v16_random,77a19d3c4e280b51,2150,0.823437750,0.838645041,0.739583,0.729167
p16_v16_random,77a19d3c4e280b51,2200,0.800909936,0.818923891,0.750000,0.791667
p16_v16_random,77a19d3c4e280b51,2250,0.781199694,0.802494347,0.770833,0.770833
p16_v16_random,77a19d3c4e280b51,2300,0.764569461,0.790186465,0.760417,0.708333
p16_v16_random,77a19d3c4e280b51,2350,0.756895959,0.771384776,0.760417,0.708333
p16_v16_random,77a19d3c4e280b51,2400,0.738127947,0.766483724,0.791667,0.687500
p16_v16_random,77a19d3c4e280b51,2450,0.718727291,0.754258454,0.760417,0.687500
p16_v16_random,77a19d3c4e280b51,2500,0.708115339,0.737896979,0.791667,0.791667
p16_v16_random,77a19d3c4e280b51,2550,0.686032236,0.714595795,0.729167,0.750000
p16_v16_random,77a19d3c4e280b51,2600,0.680330932,0.701329947,0.760417,0.812500
p16_v16_random,77a19d3c4e280b51,2650,0.672189713,0.709594309,0.750000,0.729167
p16_v16_random,77a19d3c4e280b51,2700,0.655629098,0.678317845,0.791667,0.791667
p16_v16_random,77a19d3c4e280b51,2750,0.640463412,0.654371917,0.812500,0.770833
p16_v16_random,77a19d3c4e280b51,2800,0.630202472,0.649548054,0.802083,0.812500
p16_v16_random,77a19d3c4e280b51,2850,0.606856287,0.636745393,0.833333,0.854167
p16_v16_random,77a19d3c4e280b51,2900,0.592635155,0.628641427,0.843750,0.833333
p16_v16_random,77a19d3c4e280b51,2950,0.589335740,0.616506994,0.822917,0.854167
p16_v16_random,77a19d3c4e280b51,3000,0.579994857,0.618938744,0.864583,0.875000
p16_v16_random,77a19d3c4e280b51,3050,0.565680265,0.600721300,0.854167,0.895833
p16_v16_random,77a19d3c4e280b51,3100,0.550649345,0.587852180,0.822917,0.854167
p16_v16_random,77a19d3c4e280b51,3150,0.538388252,0.586964190,0.875000,0.895833
p16_v16_random,77a19d3c4e280b51,3200,0.525517166,0.568709016,0.854167,0.875000
p16_v16_random,77a19d3c4e280b51,3250,0.525102198,0.585567951,0.854167,0.854167
p16_v16_random,77a19d3c4e280b51,3300,0.513282299,0.557211518,0.822917,0.812500
p16_v16_random,77a19d3c4e280b51,3350,0.513450503,0.545585155,0.822917,0.916667
p16_v16_random,77a19d3c4e280b51,3400,0.498895377,0.550733089,0.833333,0.791667
p16_v16_random,77a19d3c4e280b51,3450,0.491304010,0.546230376,0.875000,0.833333
p16_v16_random,77a19d3c4e280b51,3500,0.489363313,0.531006157,0.822917,0.895833
p16_v16_random,77a19d3c4e280b51,3550,0.478484660,0.515848100,0.843750,0.875000
p16_v16_random,77a19d3c4e280b51,3600,0.477428436,0.528184414,0.854167,0.916667
p16_v16_random,77a19d3c4e280b51,3650,0.465237468,0.515823781,0.875000,0.895833
p16_v16_random,77a19d3c4e280b51,3700,0.458121866,0.499627709,0.885417,0.937500
p16_v16_random,77a19d3c4e280b51,3750,0.460743457,0.501218259,0.854167,0.895833
p16_v16_random,77a19d3c4e280b51,3800,0.454035431,0.506886899,0.843750,0.937500
p16_v16_random,77a19d3c4e280b51,3850,0.457482845,0.518363893,0.875000,0.854167
p16_v16_random,77a19d3c4e280b51,3900,0.448447108,0.505384326,0.875000,0.875000
p16_v16_random,77a19d3c4e280b51,3950,0.441904902,0.501565516,0.864583,0.875000
p16_v16_random,77a19d3c4e280b51,4000,0.438692570,0.494998455,0.885417,0.937500
p16_v16_random,77a19d3c4e280b51,4050,0.433527321,0.480405807,0.843750,0.937500
p16_v16_random,77a19d3c4e280b51,4100,0.433381945,0.473303646,0.833333,0.833333
p16_v16_random,77a19d3c4e280b51,4150,0.425707072,0.477294922,0.854167,0.895833
p16_v16_random,77a19d3c4e280b51,4200,0.419031590,0.475631118,0.875000,0.895833
p16_v16_random,77a19d3c4e280b51,4250,0.416125804,0.478656501,0.906250,0.895833
p16_v16_random,77a19d3c4e280b51,4300,0.412081003,0.472351938,0.895833,0.875000
p16_v16_random,77a19d3c4e280b51,4350,0.419618875,0.491494566,0.885417,0.854167
p16_v16_random,77a19d3c4e280b51,4400,0.413781404,0.472446769,0.843750,0.895833
p16_v16_random,77a19d3c4e280b51,4450,0.399170995,0.456168205,0.885417,0.895833
p16_v16_random,77a19d3c4e280b51,4500,0.395701885,0.457870245,0.895833,0.895833
p16_v16_random,77a19d3c4e280b51,4550,0.394282103,0.469821811,0.906250,0.875000
p16_v16_random,77a19d3c4e280b51,4600,0.388785511,0.467356414,0.875000,0.875000
p16_v16_random,77a19d3c4e280b51,4650,0.392777473,0.460759640,0.875000,0.895833
p16_v16_random,77a19d3c4e280b51,4700,0.381115198,0.438495606,0.875000,0.895833
p16_v16_random,77a19d3c4e280b51,4750,0.380692840,0.450219005,0.875000,0.916667
p16_v16_random,77a19d3c4e280b51,4800,0.377204806,0.448801994,0.906250,0.937500
p16_v16_random,1111222233334444,50,1.104539037,1.104914665,0.333333,0.333333
p16_v16_random,1111222233334444,100,1.097295046,1.098508000,0.479167,0.479167
p16_v16_random,1111222233334444,150,1.097197771,1.098425031,0.333333,0.333333
p16_v16_random,1111222233334444,200,1.089481711,1.091453433,0.343750,0.333333
p16_v16_random,1111222233334444,250,1.086914659,1.089433074,0.364583,0.312500
p16_v16_random,1111222233334444,300,1.082116723,1.085187912,0.427083,0.437500
p16_v16_random,1111222233334444,350,1.075519204,1.078533411,0.520833,0.562500
p16_v16_random,1111222233334444,400,1.079621673,1.083115935,0.427083,0.416667
p16_v16_random,1111222233334444,450,1.066374540,1.069496512,0.437500,0.437500
p16_v16_random,1111222233334444,500,1.066869140,1.070735812,0.427083,0.458333
p16_v16_random,1111222233334444,550,1.059302568,1.064306378,0.479167,0.437500
p16_v16_random,1111222233334444,600,1.060796022,1.067332983,0.437500,0.416667
p16_v16_random,1111222233334444,650,1.048518777,1.054959178,0.468750,0.416667
p16_v16_random,1111222233334444,700,1.044889331,1.052089214,0.479167,0.479167
p16_v16_random,1111222233334444,750,1.037356019,1.044271588,0.531250,0.500000
p16_v16_random,1111222233334444,800,1.031702399,1.039523125,0.520833,0.479167
p16_v16_random,1111222233334444,850,1.025070310,1.033246398,0.458333,0.437500
p16_v16_random,1111222233334444,900,1.025251985,1.037299633,0.489583,0.416667
p16_v16_random,1111222233334444,950,1.016161799,1.026351571,0.479167,0.458333
p16_v16_random,1111222233334444,1000,1.014803052,1.024781108,0.479167,0.437500
p16_v16_random,1111222233334444,1050,1.010067821,1.018546462,0.489583,0.437500
p16_v16_random,1111222233334444,1100,1.006415606,1.015158534,0.510417,0.437500
p16_v16_random,1111222233334444,1150,1.003789186,1.011035800,0.479167,0.458333
p16_v16_random,1111222233334444,1200,1.000916243,1.006280184,0.520833,0.520833
p16_v16_random,1111222233334444,1250,0.994266033,1.001262665,0.520833,0.520833
p16_v16_random,1111222233334444,1300,0.989834487,0.997844756,0.458333,0.437500
p16_v16_random,1111222233334444,1350,0.986864090,0.998673141,0.479167,0.437500
p16_v16_random,1111222233334444,1400,0.995431185,1.013188839,0.489583,0.500000
p16_v16_random,1111222233334444,1450,0.978107929,0.990261376,0.468750,0.437500
p16_v16_random,1111222233334444,1500,0.975539923,0.984637022,0.437500,0.416667
p16_v16_random,1111222233334444,1550,0.972803891,0.987583220,0.479167,0.437500
p16_v16_random,1111222233334444,1600,0.968446672,0.978753746,0.479167,0.437500
p16_v16_random,1111222233334444,1650,0.966776431,0.982599735,0.489583,0.437500
p16_v16_random,1111222233334444,1700,0.961318552,0.967519462,0.552083,0.500000
p16_v16_random,1111222233334444,1750,0.957029760,0.957124233,0.489583,0.437500
p16_v16_random,1111222233334444,1800,0.955490530,0.965042591,0.468750,0.458333
p16_v16_random,1111222233334444,1850,0.946989715,0.964897394,0.458333,0.416667
p16_v16_random,1111222233334444,1900,0.937064707,0.947425127,0.541667,0.541667
p16_v16_random,1111222233334444,1950,0.933503091,0.946244895,0.479167,0.479167
p16_v16_random,1111222233334444,2000,0.923769236,0.938345909,0.552083,0.520833
p16_v16_random,1111222233334444,2050,0.915490150,0.923413455,0.520833,0.520833
p16_v16_random,1111222233334444,2100,0.914470375,0.916970491,0.531250,0.437500
p16_v16_random,1111222233334444,2150,0.905953705,0.912372530,0.500000,0.458333
p16_v16_random,1111222233334444,2200,0.897487462,0.902731895,0.520833,0.458333
p16_v16_random,1111222233334444,2250,0.885085404,0.884447336,0.552083,0.520833
p16_v16_random,1111222233334444,2300,0.878925323,0.885537863,0.552083,0.437500
p16_v16_random,1111222233334444,2350,0.874566376,0.876641273,0.572917,0.479167
p16_v16_random,1111222233334444,2400,0.872352779,0.863846719,0.541667,0.479167
p16_v16_random,1111222233334444,2450,0.864660919,0.865507901,0.541667,0.458333
p16_v16_random,1111222233334444,2500,0.852856636,0.847693026,0.541667,0.520833
p16_v16_random,1111222233334444,2550,0.836775601,0.840778351,0.614583,0.604167
p16_v16_random,1111222233334444,2600,0.835043907,0.849859774,0.604167,0.500000
p16_v16_random,1111222233334444,2650,0.812987566,0.822124302,0.625000,0.583333
p16_v16_random,1111222233334444,2700,0.799023330,0.806353629,0.708333,0.645833
p16_v16_random,1111222233334444,2750,0.786273241,0.787475824,0.697917,0.645833
p16_v16_random,1111222233334444,2800,0.777817070,0.777115107,0.666667,0.666667
p16_v16_random,1111222233334444,2850,0.766326129,0.778253019,0.802083,0.687500
p16_v16_random,1111222233334444,2900,0.739794254,0.743410587,0.677083,0.625000
p16_v16_random,1111222233334444,2950,0.732799828,0.744331658,0.677083,0.604167
p16_v16_random,1111222233334444,3000,0.730769873,0.755718291,0.677083,0.604167
p16_v16_random,1111222233334444,3050,0.712603033,0.728379726,0.760417,0.687500
p16_v16_random,1111222233334444,3100,0.701673687,0.706909001,0.708333,0.625000
p16_v16_random,1111222233334444,3150,0.697056472,0.703713417,0.760417,0.750000
p16_v16_random,1111222233334444,3200,0.681299210,0.689177513,0.760417,0.687500
p16_v16_random,1111222233334444,3250,0.666213810,0.674892247,0.750000,0.750000
p16_v16_random,1111222233334444,3300,0.670490921,0.692006767,0.708333,0.666667
p16_v16_random,1111222233334444,3350,0.654519379,0.679401338,0.750000,0.729167
p16_v16_random,1111222233334444,3400,0.642746866,0.658973992,0.750000,0.687500
p16_v16_random,1111222233334444,3450,0.627471864,0.649164855,0.822917,0.833333
p16_v16_random,1111222233334444,3500,0.611357450,0.629571021,0.791667,0.791667
p16_v16_random,1111222233334444,3550,0.596694291,0.618382335,0.843750,0.729167
p16_v16_random,1111222233334444,3600,0.599010646,0.607555270,0.812500,0.791667
p16_v16_random,1111222233334444,3650,0.582354724,0.604901493,0.822917,0.854167
p16_v16_random,1111222233334444,3700,0.581798494,0.614778578,0.833333,0.770833
p16_v16_random,1111222233334444,3750,0.570799530,0.600811422,0.781250,0.729167
p16_v16_random,1111222233334444,3800,0.562128961,0.585766017,0.822917,0.750000
p16_v16_random,1111222233334444,3850,0.555874825,0.592643797,0.822917,0.812500
p16_v16_random,1111222233334444,3900,0.550607800,0.582330823,0.812500,0.770833
p16_v16_random,1111222233334444,3950,0.537783980,0.575561464,0.885417,0.833333
p16_v16_random,1111222233334444,4000,0.523468077,0.563782513,0.833333,0.833333
p16_v16_random,1111222233334444,4050,0.518661320,0.561293781,0.822917,0.833333
p16_v16_random,1111222233334444,4100,0.512266874,0.550826788,0.822917,0.791667
p16_v16_random,1111222233334444,4150,0.504895627,0.554818451,0.864583,0.812500
p16_v16_random,1111222233334444,4200,0.501940608,0.533717096,0.802083,0.854167
p16_v16_random,1111222233334444,4250,0.496523142,0.531804144,0.843750,0.833333
p16_v16_random,1111222233334444,4300,0.487149566,0.527933538,0.843750,0.875000
p16_v16_random,1111222233334444,4350,0.487746447,0.518151700,0.833333,0.854167
p16_v16_random,1111222233334444,4400,0.485170156,0.530432045,0.864583,0.833333
p16_v16_random,1111222233334444,4450,0.479692817,0.506863475,0.833333,0.833333
p16_v16_random,1111222233334444,4500,0.471917838,0.512287796,0.843750,0.854167
p16_v16_random,1111222233334444,4550,0.471653551,0.521020591,0.843750,0.833333
p16_v16_random,1111222233334444,4600,0.469496042,0.528061867,0.885417,0.854167
p16_v16_random,1111222233334444,4650,0.462716609,0.511859953,0.843750,0.833333
p16_v16_random,1111222233334444,4700,0.456540912,0.508878171,0.843750,0.895833
p16_v16_random,1111222233334444,4750,0.453858942,0.504856050,0.843750,0.833333
p16_v16_random,1111222233334444,4800,0.445644140,0.498625726,0.822917,0.875000
p16_v16_class_weighted,2b7e151628aed2a6,50,1.096199393,1.096890807,0.291667,0.312500
p16_v16_class_weighted,2b7e151628aed2a6,100,1.088881612,1.090822697,0.500000,0.520833
p16_v16_class_weighted,2b7e151628aed2a6,150,1.082408547,1.086006999,0.489583,0.500000
p16_v16_class_weighted,2b7e151628aed2a6,200,1.075417399,1.080945969,0.479167,0.479167
p16_v16_class_weighted,2b7e151628aed2a6,250,1.067147374,1.073948264,0.458333,0.416667
p16_v16_class_weighted,2b7e151628aed2a6,300,1.053682208,1.062543511,0.479167,0.437500
p16_v16_class_weighted,2b7e151628aed2a6,350,1.044525981,1.055801511,0.479167,0.479167
p16_v16_class_weighted,2b7e151628aed2a6,400,1.037650704,1.048501492,0.489583,0.479167
p16_v16_class_weighted,2b7e151628aed2a6,450,1.028142571,1.039752007,0.489583,0.500000
p16_v16_class_weighted,2b7e151628aed2a6,500,1.021916986,1.033722043,0.500000,0.500000
p16_v16_class_weighted,2b7e151628aed2a6,550,1.011466384,1.029623151,0.489583,0.500000
p16_v16_class_weighted,2b7e151628aed2a6,600,0.997745931,1.016667247,0.489583,0.458333
p16_v16_class_weighted,2b7e151628aed2a6,650,0.986693382,1.008457541,0.520833,0.541667
p16_v16_class_weighted,2b7e151628aed2a6,700,0.973940551,0.996548176,0.520833,0.520833
p16_v16_class_weighted,2b7e151628aed2a6,750,0.962481201,0.982420921,0.500000,0.520833
p16_v16_class_weighted,2b7e151628aed2a6,800,0.951662302,0.972653568,0.520833,0.541667
p16_v16_class_weighted,2b7e151628aed2a6,850,0.936656952,0.960063696,0.520833,0.604167
p16_v16_class_weighted,2b7e151628aed2a6,900,0.922069490,0.944607973,0.604167,0.625000
p16_v16_class_weighted,2b7e151628aed2a6,950,0.903840244,0.929904461,0.604167,0.625000
p16_v16_class_weighted,2b7e151628aed2a6,1000,0.883766949,0.910817564,0.593750,0.604167
p16_v16_class_weighted,2b7e151628aed2a6,1050,0.859024286,0.889753342,0.645833,0.645833
p16_v16_class_weighted,2b7e151628aed2a6,1100,0.838792384,0.869688928,0.635417,0.645833
p16_v16_class_weighted,2b7e151628aed2a6,1150,0.819630206,0.856820047,0.635417,0.645833
p16_v16_class_weighted,2b7e151628aed2a6,1200,0.801480532,0.846363544,0.677083,0.666667
p16_v16_class_weighted,2b7e151628aed2a6,1250,0.782212198,0.830946982,0.687500,0.666667
p16_v16_class_weighted,2b7e151628aed2a6,1300,0.762160540,0.806505203,0.697917,0.708333
p16_v16_class_weighted,2b7e151628aed2a6,1350,0.752779484,0.802757323,0.645833,0.687500
p16_v16_class_weighted,2b7e151628aed2a6,1400,0.725803614,0.769977331,0.718750,0.687500
p16_v16_class_weighted,2b7e151628aed2a6,1450,0.710292995,0.762048244,0.729167,0.708333
p16_v16_class_weighted,2b7e151628aed2a6,1500,0.701300204,0.756085932,0.708333,0.687500
p16_v16_class_weighted,2b7e151628aed2a6,1550,0.684947431,0.731624544,0.729167,0.687500
p16_v16_class_weighted,2b7e151628aed2a6,1600,0.672338545,0.731196105,0.739583,0.729167
p16_v16_class_weighted,2b7e151628aed2a6,1650,0.653013289,0.710972071,0.770833,0.729167
p16_v16_class_weighted,2b7e151628aed2a6,1700,0.641732752,0.693442404,0.750000,0.729167
p16_v16_class_weighted,2b7e151628aed2a6,1750,0.627243340,0.673176706,0.770833,0.791667
p16_v16_class_weighted,2b7e151628aed2a6,1800,0.616089821,0.667268217,0.760417,0.750000
p16_v16_class_weighted,2b7e151628aed2a6,1850,0.610883415,0.667894065,0.791667,0.770833
p16_v16_class_weighted,2b7e151628aed2a6,1900,0.598763645,0.664399624,0.802083,0.770833
p16_v16_class_weighted,2b7e151628aed2a6,1950,0.586141765,0.629517615,0.781250,0.770833
p16_v16_class_weighted,2b7e151628aed2a6,2000,0.584759116,0.639298379,0.812500,0.791667
p16_v16_class_weighted,2b7e151628aed2a6,2050,0.568181753,0.625064790,0.822917,0.833333
p16_v16_class_weighted,2b7e151628aed2a6,2100,0.558970809,0.611938953,0.812500,0.833333
p16_v16_class_weighted,2b7e151628aed2a6,2150,0.545578599,0.598577917,0.781250,0.812500
p16_v16_class_weighted,2b7e151628aed2a6,2200,0.540221870,0.604252577,0.822917,0.791667
p16_v16_class_weighted,2b7e151628aed2a6,2250,0.538111150,0.603581965,0.833333,0.875000
p16_v16_class_weighted,2b7e151628aed2a6,2300,0.519778311,0.568841577,0.812500,0.875000
p16_v16_class_weighted,2b7e151628aed2a6,2350,0.512869179,0.574646533,0.822917,0.854167
p16_v16_class_weighted,2b7e151628aed2a6,2400,0.504564226,0.564637959,0.833333,0.875000
p16_v16_class_weighted,2b7e151628aed2a6,2450,0.496627212,0.549529254,0.833333,0.875000
p16_v16_class_weighted,2b7e151628aed2a6,2500,0.496419340,0.538425267,0.822917,0.854167
p16_v16_class_weighted,2b7e151628aed2a6,2550,0.490813494,0.549488246,0.854167,0.875000
p16_v16_class_weighted,2b7e151628aed2a6,2600,0.481724113,0.527854860,0.864583,0.833333
p16_v16_class_weighted,2b7e151628aed2a6,2650,0.473917484,0.519356549,0.833333,0.875000
p16_v16_class_weighted,2b7e151628aed2a6,2700,0.475589961,0.510880649,0.802083,0.875000
p16_v16_class_weighted,2b7e151628aed2a6,2750,0.467556447,0.528759241,0.854167,0.875000
p16_v16_class_weighted,2b7e151628aed2a6,2800,0.476399273,0.538925529,0.833333,0.833333
p16_v16_class_weighted,2b7e151628aed2a6,2850,0.457732588,0.512974322,0.843750,0.833333
p16_v16_class_weighted,2b7e151628aed2a6,2900,0.450645417,0.505037606,0.843750,0.875000
p16_v16_class_weighted,2b7e151628aed2a6,2950,0.454406619,0.508923888,0.833333,0.833333
p16_v16_class_weighted,2b7e151628aed2a6,3000,0.458700746,0.496198684,0.864583,0.770833
p16_v16_class_weighted,2b7e151628aed2a6,3050,0.444676965,0.497643232,0.875000,0.833333
p16_v16_class_weighted,2b7e151628aed2a6,3100,0.443017632,0.477996826,0.843750,0.875000
p16_v16_class_weighted,2b7e151628aed2a6,3150,0.435008526,0.485189468,0.843750,0.895833
p16_v16_class_weighted,2b7e151628aed2a6,3200,0.447589636,0.485797733,0.833333,0.854167
p16_v16_class_weighted,2b7e151628aed2a6,3250,0.427933544,0.471758723,0.843750,0.875000
p16_v16_class_weighted,2b7e151628aed2a6,3300,0.425092012,0.472334951,0.875000,0.916667
p16_v16_class_weighted,2b7e151628aed2a6,3350,0.419520408,0.467493415,0.885417,0.812500
p16_v16_class_weighted,2b7e151628aed2a6,3400,0.413958549,0.462432534,0.864583,0.895833
p16_v16_class_weighted,2b7e151628aed2a6,3450,0.411569923,0.448904037,0.843750,0.854167
p16_v16_class_weighted,2b7e151628aed2a6,3500,0.411087602,0.467197746,0.854167,0.875000
p16_v16_class_weighted,2b7e151628aed2a6,3550,0.402324677,0.454975128,0.854167,0.895833
p16_v16_class_weighted,2b7e151628aed2a6,3600,0.428146482,0.463934153,0.812500,0.854167
p16_v16_class_weighted,2b7e151628aed2a6,3650,0.413135618,0.461369663,0.843750,0.812500
p16_v16_class_weighted,2b7e151628aed2a6,3700,0.409317523,0.450398952,0.822917,0.875000
p16_v16_class_weighted,2b7e151628aed2a6,3750,0.401388794,0.443592876,0.843750,0.854167
p16_v16_class_weighted,2b7e151628aed2a6,3800,0.388136774,0.433498174,0.864583,0.916667
p16_v16_class_weighted,2b7e151628aed2a6,3850,0.386143565,0.425747871,0.864583,0.895833
p16_v16_class_weighted,2b7e151628aed2a6,3900,0.386268586,0.416731715,0.833333,0.875000
p16_v16_class_weighted,2b7e151628aed2a6,3950,0.385987610,0.439535230,0.864583,0.854167
p16_v16_class_weighted,2b7e151628aed2a6,4000,0.383715987,0.438351959,0.885417,0.875000
p16_v16_class_weighted,2b7e151628aed2a6,4050,0.374236017,0.421342373,0.885417,0.833333
p16_v16_class_weighted,2b7e151628aed2a6,4100,0.372828454,0.425380379,0.895833,0.854167
p16_v16_class_weighted,2b7e151628aed2a6,4150,0.380520105,0.421248108,0.843750,0.895833
p16_v16_class_weighted,2b7e151628aed2a6,4200,0.371667236,0.415281326,0.843750,0.895833
p16_v16_class_weighted,2b7e151628aed2a6,4250,0.370795459,0.405783921,0.885417,0.875000
p16_v16_class_weighted,2b7e151628aed2a6,4300,0.372114927,0.418111086,0.843750,0.875000
p16_v16_class_weighted,2b7e151628aed2a6,4350,0.380751759,0.438535929,0.864583,0.875000
p16_v16_class_weighted,2b7e151628aed2a6,4400,0.364507467,0.415033609,0.875000,0.875000
p16_v16_class_weighted,2b7e151628aed2a6,4450,0.365596652,0.403218508,0.843750,0.875000
p16_v16_class_weighted,2b7e151628aed2a6,4500,0.361734003,0.419662684,0.885417,0.895833
p16_v16_class_weighted,2b7e151628aed2a6,4550,0.367855221,0.402963907,0.833333,0.854167
p16_v16_class_weighted,2b7e151628aed2a6,4600,0.357030123,0.394747585,0.864583,0.875000
p16_v16_class_weighted,2b7e151628aed2a6,4650,0.350125283,0.411278725,0.864583,0.875000
p16_v16_class_weighted,2b7e151628aed2a6,4700,0.351064086,0.409741968,0.864583,0.833333
p16_v16_class_weighted,2b7e151628aed2a6,4750,0.360431403,0.419474036,0.854167,0.812500
p16_v16_class_weighted,2b7e151628aed2a6,4800,0.356609374,0.426375866,0.864583,0.875000
p16_v16_class_weighted,77a19d3c4e280b51,50,1.096548080,1.097259402,0.322917,0.333333
p16_v16_class_weighted,77a19d3c4e280b51,100,1.090510488,1.092447400,0.406250,0.416667
p16_v16_class_weighted,77a19d3c4e280b51,150,1.079530835,1.083599448,0.468750,0.479167
p16_v16_class_weighted,77a19d3c4e280b51,200,1.067630172,1.073395252,0.447917,0.458333
p16_v16_class_weighted,77a19d3c4e280b51,250,1.054712534,1.064540982,0.479167,0.437500
p16_v16_class_weighted,77a19d3c4e280b51,300,1.041895986,1.054416418,0.479167,0.437500
p16_v16_class_weighted,77a19d3c4e280b51,350,1.037936926,1.050642133,0.479167,0.437500
p16_v16_class_weighted,77a19d3c4e280b51,400,1.030985594,1.043669105,0.468750,0.458333
p16_v16_class_weighted,77a19d3c4e280b51,450,1.025520444,1.040945888,0.489583,0.458333
p16_v16_class_weighted,77a19d3c4e280b51,500,1.020042777,1.037837148,0.479167,0.479167
p16_v16_class_weighted,77a19d3c4e280b51,550,1.014417887,1.031606793,0.458333,0.500000
p16_v16_class_weighted,77a19d3c4e280b51,600,1.004392982,1.018558383,0.458333,0.479167
p16_v16_class_weighted,77a19d3c4e280b51,650,0.995329201,1.015260100,0.479167,0.458333
p16_v16_class_weighted,77a19d3c4e280b51,700,0.984965324,1.003397822,0.458333,0.437500
p16_v16_class_weighted,77a19d3c4e280b51,750,0.979462922,0.997001231,0.458333,0.458333
p16_v16_class_weighted,77a19d3c4e280b51,800,0.977426589,0.994428396,0.447917,0.458333
p16_v16_class_weighted,77a19d3c4e280b51,850,0.969976723,0.985470057,0.489583,0.437500
p16_v16_class_weighted,77a19d3c4e280b51,900,0.957368672,0.974864185,0.468750,0.437500
p16_v16_class_weighted,77a19d3c4e280b51,950,0.950527668,0.967271030,0.500000,0.416667
p16_v16_class_weighted,77a19d3c4e280b51,1000,0.940537512,0.964491785,0.510417,0.416667
p16_v16_class_weighted,77a19d3c4e280b51,1050,0.927121580,0.947676659,0.500000,0.416667
p16_v16_class_weighted,77a19d3c4e280b51,1100,0.907671154,0.926808596,0.541667,0.437500
p16_v16_class_weighted,77a19d3c4e280b51,1150,0.894794524,0.910369217,0.572917,0.479167
p16_v16_class_weighted,77a19d3c4e280b51,1200,0.887268066,0.894539058,0.593750,0.500000
p16_v16_class_weighted,77a19d3c4e280b51,1250,0.874475062,0.899616957,0.541667,0.500000
p16_v16_class_weighted,77a19d3c4e280b51,1300,0.859546125,0.881107986,0.583333,0.500000
p16_v16_class_weighted,77a19d3c4e280b51,1350,0.837904215,0.859916031,0.635417,0.500000
p16_v16_class_weighted,77a19d3c4e280b51,1400,0.829638422,0.851015806,0.635417,0.562500
p16_v16_class_weighted,77a19d3c4e280b51,1450,0.808207095,0.826159000,0.656250,0.625000
p16_v16_class_weighted,77a19d3c4e280b51,1500,0.791076422,0.811885059,0.645833,0.645833
p16_v16_class_weighted,77a19d3c4e280b51,1550,0.764929831,0.783960104,0.656250,0.604167
p16_v16_class_weighted,77a19d3c4e280b51,1600,0.750624180,0.766963482,0.697917,0.625000
p16_v16_class_weighted,77a19d3c4e280b51,1650,0.734654009,0.746480763,0.687500,0.687500
p16_v16_class_weighted,77a19d3c4e280b51,1700,0.729467154,0.738186657,0.708333,0.708333
p16_v16_class_weighted,77a19d3c4e280b51,1750,0.728330433,0.749953926,0.687500,0.687500
p16_v16_class_weighted,77a19d3c4e280b51,1800,0.706438482,0.714387119,0.718750,0.687500
p16_v16_class_weighted,77a19d3c4e280b51,1850,0.690446675,0.701328993,0.770833,0.750000
p16_v16_class_weighted,77a19d3c4e280b51,1900,0.690041542,0.692087710,0.697917,0.666667
p16_v16_class_weighted,77a19d3c4e280b51,1950,0.677954614,0.684947670,0.770833,0.687500
p16_v16_class_weighted,77a19d3c4e280b51,2000,0.665043235,0.686255872,0.760417,0.687500
p16_v16_class_weighted,77a19d3c4e280b51,2050,0.662476599,0.676378191,0.739583,0.645833
p16_v16_class_weighted,77a19d3c4e280b51,2100,0.647082090,0.668597221,0.770833,0.708333
p16_v16_class_weighted,77a19d3c4e280b51,2150,0.643995047,0.671836793,0.770833,0.750000
p16_v16_class_weighted,77a19d3c4e280b51,2200,0.641228616,0.655161858,0.729167,0.729167
p16_v16_class_weighted,77a19d3c4e280b51,2250,0.623260677,0.638814569,0.760417,0.708333
p16_v16_class_weighted,77a19d3c4e280b51,2300,0.622027159,0.642649651,0.718750,0.770833
p16_v16_class_weighted,77a19d3c4e280b51,2350,0.614763379,0.629910350,0.708333,0.708333
p16_v16_class_weighted,77a19d3c4e280b51,2400,0.606806099,0.625102222,0.750000,0.770833
p16_v16_class_weighted,77a19d3c4e280b51,2450,0.595526814,0.624709547,0.739583,0.729167
p16_v16_class_weighted,77a19d3c4e280b51,2500,0.603132904,0.609155238,0.718750,0.750000
p16_v16_class_weighted,77a19d3c4e280b51,2550,0.587562203,0.636441827,0.739583,0.750000
p16_v16_class_weighted,77a19d3c4e280b51,2600,0.581095159,0.633655190,0.770833,0.750000
p16_v16_class_weighted,77a19d3c4e280b51,2650,0.573816657,0.617292821,0.760417,0.770833
p16_v16_class_weighted,77a19d3c4e280b51,2700,0.582488656,0.614973068,0.760417,0.708333
p16_v16_class_weighted,77a19d3c4e280b51,2750,0.577463329,0.613453805,0.750000,0.729167
p16_v16_class_weighted,77a19d3c4e280b51,2800,0.564660907,0.593741775,0.739583,0.791667
p16_v16_class_weighted,77a19d3c4e280b51,2850,0.555186331,0.610994160,0.770833,0.791667
p16_v16_class_weighted,77a19d3c4e280b51,2900,0.548436761,0.605195999,0.760417,0.854167
p16_v16_class_weighted,77a19d3c4e280b51,2950,0.544062674,0.614396274,0.812500,0.854167
p16_v16_class_weighted,77a19d3c4e280b51,3000,0.538919926,0.616795957,0.781250,0.812500
p16_v16_class_weighted,77a19d3c4e280b51,3050,0.534556866,0.603512704,0.854167,0.812500
p16_v16_class_weighted,77a19d3c4e280b51,3100,0.542171657,0.616625011,0.750000,0.791667
p16_v16_class_weighted,77a19d3c4e280b51,3150,0.526608229,0.578114331,0.854167,0.875000
p16_v16_class_weighted,77a19d3c4e280b51,3200,0.536163092,0.578021884,0.822917,0.833333
p16_v16_class_weighted,77a19d3c4e280b51,3250,0.514369309,0.586175263,0.822917,0.812500
p16_v16_class_weighted,77a19d3c4e280b51,3300,0.511921823,0.584217250,0.833333,0.833333
p16_v16_class_weighted,77a19d3c4e280b51,3350,0.520894229,0.579403579,0.833333,0.812500
p16_v16_class_weighted,77a19d3c4e280b51,3400,0.506600499,0.587115288,0.822917,0.791667
p16_v16_class_weighted,77a19d3c4e280b51,3450,0.498361975,0.581990659,0.822917,0.833333
p16_v16_class_weighted,77a19d3c4e280b51,3500,0.499423742,0.579489827,0.833333,0.812500
p16_v16_class_weighted,77a19d3c4e280b51,3550,0.498902082,0.560864151,0.854167,0.833333
p16_v16_class_weighted,77a19d3c4e280b51,3600,0.494668365,0.590640545,0.802083,0.791667
p16_v16_class_weighted,77a19d3c4e280b51,3650,0.491909981,0.569923520,0.822917,0.833333
p16_v16_class_weighted,77a19d3c4e280b51,3700,0.482986301,0.567381740,0.854167,0.854167
p16_v16_class_weighted,77a19d3c4e280b51,3750,0.480598480,0.561562121,0.854167,0.812500
p16_v16_class_weighted,77a19d3c4e280b51,3800,0.491530687,0.554930806,0.854167,0.791667
p16_v16_class_weighted,77a19d3c4e280b51,3850,0.470208645,0.556236804,0.822917,0.833333
p16_v16_class_weighted,77a19d3c4e280b51,3900,0.473205447,0.580847800,0.822917,0.833333
p16_v16_class_weighted,77a19d3c4e280b51,3950,0.474258631,0.573039651,0.843750,0.812500
p16_v16_class_weighted,77a19d3c4e280b51,4000,0.457836002,0.524817884,0.812500,0.854167
p16_v16_class_weighted,77a19d3c4e280b51,4050,0.462304026,0.538822949,0.822917,0.854167
p16_v16_class_weighted,77a19d3c4e280b51,4100,0.457687646,0.537262857,0.833333,0.833333
p16_v16_class_weighted,77a19d3c4e280b51,4150,0.452440053,0.540975153,0.833333,0.916667
p16_v16_class_weighted,77a19d3c4e280b51,4200,0.447157055,0.528001189,0.822917,0.916667
p16_v16_class_weighted,77a19d3c4e280b51,4250,0.442282796,0.541043997,0.822917,0.854167
p16_v16_class_weighted,77a19d3c4e280b51,4300,0.429476738,0.525270641,0.864583,0.895833
p16_v16_class_weighted,77a19d3c4e280b51,4350,0.430969507,0.538022339,0.885417,0.812500
p16_v16_class_weighted,77a19d3c4e280b51,4400,0.418628931,0.522275150,0.885417,0.895833
p16_v16_class_weighted,77a19d3c4e280b51,4450,0.419069439,0.516800761,0.864583,0.875000
p16_v16_class_weighted,77a19d3c4e280b51,4500,0.418556482,0.500926733,0.885417,0.875000
p16_v16_class_weighted,77a19d3c4e280b51,4550,0.405646116,0.496862411,0.875000,0.854167
p16_v16_class_weighted,77a19d3c4e280b51,4600,0.402226359,0.504451931,0.875000,0.895833
p16_v16_class_weighted,77a19d3c4e280b51,4650,0.406649351,0.502114713,0.864583,0.875000
p16_v16_class_weighted,77a19d3c4e280b51,4700,0.398808211,0.499151856,0.854167,0.875000
p16_v16_class_weighted,77a19d3c4e280b51,4750,0.395538896,0.528828561,0.854167,0.895833
p16_v16_class_weighted,77a19d3c4e280b51,4800,0.390831947,0.514607489,0.895833,0.791667
p16_v16_class_weighted,1111222233334444,50,1.093975425,1.094715476,0.395833,0.416667
p16_v16_class_weighted,1111222233334444,100,1.084945202,1.087396502,0.458333,0.437500
p16_v16_class_weighted,1111222233334444,150,1.076289058,1.079840183,0.447917,0.437500
p16_v16_class_weighted,1111222233334444,200,1.066148400,1.070691943,0.458333,0.458333
p16_v16_class_weighted,1111222233334444,250,1.053628206,1.061869264,0.479167,0.479167
p16_v16_class_weighted,1111222233334444,300,1.041174531,1.053512812,0.479167,0.458333
p16_v16_class_weighted,1111222233334444,350,1.034754515,1.047839642,0.479167,0.479167
p16_v16_class_weighted,1111222233334444,400,1.026496291,1.039912224,0.479167,0.479167
p16_v16_class_weighted,1111222233334444,450,1.015294671,1.031607747,0.479167,0.479167
p16_v16_class_weighted,1111222233334444,500,1.008092880,1.026034713,0.489583,0.437500
p16_v16_class_weighted,1111222233334444,550,0.998930156,1.017276883,0.510417,0.500000
p16_v16_class_weighted,1111222233334444,600,0.989119053,1.011364937,0.479167,0.500000
p16_v16_class_weighted,1111222233334444,650,0.975298226,0.999660075,0.479167,0.541667
p16_v16_class_weighted,1111222233334444,700,0.964632690,0.985175312,0.489583,0.541667
p16_v16_class_weighted,1111222233334444,750,0.949748456,0.974341869,0.500000,0.520833
p16_v16_class_weighted,1111222233334444,800,0.938714802,0.964428425,0.468750,0.562500
p16_v16_class_weighted,1111222233334444,850,0.928598344,0.961350977,0.479167,0.520833
p16_v16_class_weighted,1111222233334444,900,0.915521443,0.943655193,0.500000,0.604167
p16_v16_class_weighted,1111222233334444,950,0.895134449,0.927017212,0.562500,0.583333
p16_v16_class_weighted,1111222233334444,1000,0.881803274,0.921083152,0.562500,0.562500
p16_v16_class_weighted,1111222233334444,1050,0.862926662,0.900064945,0.593750,0.666667
p16_v16_class_weighted,1111222233334444,1100,0.846142054,0.886022329,0.562500,0.604167
p16_v16_class_weighted,1111222233334444,1150,0.823727429,0.860548913,0.583333,0.645833
p16_v16_class_weighted,1111222233334444,1200,0.805674374,0.844236672,0.625000,0.687500
p16_v16_class_weighted,1111222233334444,1250,0.784349620,0.827192724,0.656250,0.687500
p16_v16_class_weighted,1111222233334444,1300,0.761760414,0.809968054,0.635417,0.708333
p16_v16_class_weighted,1111222233334444,1350,0.757055283,0.805831432,0.645833,0.687500
p16_v16_class_weighted,1111222233334444,1400,0.736491442,0.790258229,0.645833,0.708333
p16_v16_class_weighted,1111222233334444,1450,0.712488592,0.766994894,0.687500,0.770833
p16_v16_class_weighted,1111222233334444,1500,0.698542774,0.754038632,0.687500,0.750000
p16_v16_class_weighted,1111222233334444,1550,0.693516910,0.753947556,0.697917,0.729167
p16_v16_class_weighted,1111222233334444,1600,0.681030095,0.744607270,0.687500,0.729167
p16_v16_class_weighted,1111222233334444,1650,0.679257631,0.732269228,0.718750,0.750000
p16_v16_class_weighted,1111222233334444,1700,0.664851248,0.724335253,0.729167,0.812500
p16_v16_class_weighted,1111222233334444,1750,0.657980502,0.716025293,0.750000,0.750000
p16_v16_class_weighted,1111222233334444,1800,0.643603742,0.700272620,0.791667,0.750000
p16_v16_class_weighted,1111222233334444,1850,0.626792848,0.682694733,0.770833,0.750000
p16_v16_class_weighted,1111222233334444,1900,0.629330754,0.681299865,0.770833,0.770833
p16_v16_class_weighted,1111222233334444,1950,0.615535319,0.672760904,0.781250,0.750000
p16_v16_class_weighted,1111222233334444,2000,0.612588584,0.675284863,0.750000,0.750000
p16_v16_class_weighted,1111222233334444,2050,0.597111940,0.661053419,0.781250,0.729167
p16_v16_class_weighted,1111222233334444,2100,0.604296029,0.661926866,0.760417,0.770833
p16_v16_class_weighted,1111222233334444,2150,0.601549089,0.664518058,0.739583,0.729167
p16_v16_class_weighted,1111222233334444,2200,0.590997279,0.651995659,0.760417,0.729167
p16_v16_class_weighted,1111222233334444,2250,0.584880948,0.649627388,0.781250,0.708333
p16_v16_class_weighted,1111222233334444,2300,0.576206923,0.634167492,0.802083,0.750000
p16_v16_class_weighted,1111222233334444,2350,0.571645200,0.629154384,0.791667,0.729167
p16_v16_class_weighted,1111222233334444,2400,0.568213582,0.634405553,0.770833,0.750000
p16_v16_class_weighted,1111222233334444,2450,0.558683813,0.616047978,0.781250,0.750000
p16_v16_class_weighted,1111222233334444,2500,0.553892016,0.609762728,0.791667,0.750000
p16_v16_class_weighted,1111222233334444,2550,0.555113554,0.617168188,0.781250,0.729167
p16_v16_class_weighted,1111222233334444,2600,0.554087818,0.627471149,0.760417,0.812500
p16_v16_class_weighted,1111222233334444,2650,0.561780453,0.626842082,0.770833,0.833333
p16_v16_class_weighted,1111222233334444,2700,0.548887134,0.629128516,0.760417,0.729167
p16_v16_class_weighted,1111222233334444,2750,0.539876461,0.599615872,0.781250,0.750000
p16_v16_class_weighted,1111222233334444,2800,0.536605537,0.590716898,0.781250,0.791667
p16_v16_class_weighted,1111222233334444,2850,0.537175477,0.604199946,0.770833,0.854167
p16_v16_class_weighted,1111222233334444,2900,0.526441157,0.592073441,0.760417,0.770833
p16_v16_class_weighted,1111222233334444,2950,0.524932206,0.594627798,0.802083,0.729167
p16_v16_class_weighted,1111222233334444,3000,0.518796504,0.580598056,0.802083,0.750000
p16_v16_class_weighted,1111222233334444,3050,0.518118441,0.590323985,0.781250,0.770833
p16_v16_class_weighted,1111222233334444,3100,0.513624966,0.560657561,0.822917,0.770833
p16_v16_class_weighted,1111222233334444,3150,0.516463876,0.586760581,0.781250,0.729167
p16_v16_class_weighted,1111222233334444,3200,0.513781488,0.583745301,0.791667,0.750000
p16_v16_class_weighted,1111222233334444,3250,0.503153622,0.555743277,0.812500,0.791667
p16_v16_class_weighted,1111222233334444,3300,0.500891507,0.559726059,0.833333,0.750000
p16_v16_class_weighted,1111222233334444,3350,0.496657938,0.565675437,0.843750,0.770833
p16_v16_class_weighted,1111222233334444,3400,0.498286992,0.544998169,0.802083,0.791667
p16_v16_class_weighted,1111222233334444,3450,0.501207352,0.558053553,0.822917,0.791667
p16_v16_class_weighted,1111222233334444,3500,0.492260009,0.546440661,0.833333,0.791667
p16_v16_class_weighted,1111222233334444,3550,0.491011471,0.562137425,0.802083,0.729167
p16_v16_class_weighted,1111222233334444,3600,0.495770812,0.538199604,0.791667,0.812500
p16_v16_class_weighted,1111222233334444,3650,0.491646796,0.546219945,0.802083,0.812500
p16_v16_class_weighted,1111222233334444,3700,0.490171432,0.536534846,0.802083,0.791667
p16_v16_class_weighted,1111222233334444,3750,0.478407353,0.530126095,0.833333,0.833333
p16_v16_class_weighted,1111222233334444,3800,0.479190469,0.525335968,0.812500,0.812500
p16_v16_class_weighted,1111222233334444,3850,0.478831679,0.526546776,0.812500,0.750000
p16_v16_class_weighted,1111222233334444,3900,0.480636925,0.544800818,0.812500,0.770833
p16_v16_class_weighted,1111222233334444,3950,0.480850846,0.542515099,0.833333,0.791667
p16_v16_class_weighted,1111222233334444,4000,0.475694895,0.534031868,0.875000,0.791667
p16_v16_class_weighted,1111222233334444,4050,0.470720619,0.534988284,0.843750,0.833333
p16_v16_class_weighted,1111222233334444,4100,0.476969868,0.536128342,0.864583,0.833333
p16_v16_class_weighted,1111222233334444,4150,0.471622705,0.525972903,0.854167,0.833333
p16_v16_class_weighted,1111222233334444,4200,0.468050957,0.538640916,0.843750,0.812500
p16_v16_class_weighted,1111222233334444,4250,0.464499116,0.518469036,0.843750,0.791667
p16_v16_class_weighted,1111222233334444,4300,0.467054874,0.523760021,0.864583,0.791667
p16_v16_class_weighted,1111222233334444,4350,0.458390921,0.512627780,0.864583,0.854167
p16_v16_class_weighted,1111222233334444,4400,0.461279422,0.529968739,0.854167,0.791667
p16_v16_class_weighted,1111222233334444,4450,0.463131219,0.530802369,0.854167,0.854167
p16_v16_class_weighted,1111222233334444,4500,0.454844952,0.518522918,0.875000,0.812500
p16_v16_class_weighted,1111222233334444,4550,0.454924017,0.516626954,0.854167,0.875000
p16_v16_class_weighted,1111222233334444,4600,0.453997135,0.507354915,0.875000,0.833333
p16_v16_class_weighted,1111222233334444,4650,0.473494917,0.519206107,0.833333,0.854167
p16_v16_class_weighted,1111222233334444,4700,0.464259386,0.496564865,0.843750,0.833333
p16_v16_class_weighted,1111222233334444,4750,0.459600538,0.514324605,0.854167,0.875000
p16_v16_class_weighted,1111222233334444,4800,0.471993953,0.516653776,0.833333,0.833333
p16_v16_cell_weighted,2b7e151628aed2a6,50,1.093352437,1.094953895,0.375000,0.375000
p16_v16_cell_weighted,2b7e151628aed2a6,100,1.081858039,1.086092830,0.447917,0.437500
p16_v16_cell_weighted,2b7e151628aed2a6,150,1.068624139,1.076322436,0.479167,0.479167
p16_v16_cell_weighted,2b7e151628aed2a6,200,1.052669406,1.065080285,0.458333,0.437500
p16_v16_cell_weighted,2b7e151628aed2a6,250,1.039179802,1.054042935,0.500000,0.458333
p16_v16_cell_weighted,2b7e151628aed2a6,300,1.028300166,1.044031143,0.500000,0.479167
p16_v16_cell_weighted,2b7e151628aed2a6,350,1.015014052,1.030808568,0.479167,0.479167
p16_v16_cell_weighted,2b7e151628aed2a6,400,0.998698890,1.017352223,0.500000,0.500000
p16_v16_cell_weighted,2b7e151628aed2a6,450,0.986548185,1.005275130,0.510417,0.458333
p16_v16_cell_weighted,2b7e151628aed2a6,500,0.964253902,0.988509715,0.520833,0.479167
p16_v16_cell_weighted,2b7e151628aed2a6,550,0.947072029,0.973415554,0.510417,0.541667
p16_v16_cell_weighted,2b7e151628aed2a6,600,0.917039692,0.948271692,0.541667,0.583333
p16_v16_cell_weighted,2b7e151628aed2a6,650,0.891313612,0.929623425,0.583333,0.604167
p16_v16_cell_weighted,2b7e151628aed2a6,700,0.862473071,0.901540041,0.583333,0.604167
p16_v16_cell_weighted,2b7e151628aed2a6,750,0.835478783,0.882872760,0.635417,0.645833
p16_v16_cell_weighted,2b7e151628aed2a6,800,0.805623472,0.855933905,0.656250,0.687500
p16_v16_cell_weighted,2b7e151628aed2a6,850,0.776633918,0.829445302,0.677083,0.708333
p16_v16_cell_weighted,2b7e151628aed2a6,900,0.756154716,0.816729069,0.697917,0.687500
p16_v16_cell_weighted,2b7e151628aed2a6,950,0.747098386,0.801515162,0.677083,0.708333
p16_v16_cell_weighted,2b7e151628aed2a6,1000,0.723214328,0.786012709,0.677083,0.708333
p16_v16_cell_weighted,2b7e151628aed2a6,1050,0.703964889,0.770266294,0.750000,0.729167
p16_v16_cell_weighted,2b7e151628aed2a6,1100,0.682743132,0.745587349,0.729167,0.729167
p16_v16_cell_weighted,2b7e151628aed2a6,1150,0.670365572,0.730310977,0.770833,0.770833
p16_v16_cell_weighted,2b7e151628aed2a6,1200,0.662606061,0.722744763,0.781250,0.791667
p16_v16_cell_weighted,2b7e151628aed2a6,1250,0.651767552,0.713365734,0.791667,0.770833
p16_v16_cell_weighted,2b7e151628aed2a6,1300,0.639138758,0.698057890,0.802083,0.770833
p16_v16_cell_weighted,2b7e151628aed2a6,1350,0.629672706,0.692425728,0.791667,0.791667
p16_v16_cell_weighted,2b7e151628aed2a6,1400,0.624008536,0.680144727,0.781250,0.791667
p16_v16_cell_weighted,2b7e151628aed2a6,1450,0.614320815,0.661730945,0.791667,0.812500
p16_v16_cell_weighted,2b7e151628aed2a6,1500,0.606709778,0.662456691,0.781250,0.770833
p16_v16_cell_weighted,2b7e151628aed2a6,1550,0.603936613,0.659510791,0.791667,0.812500
p16_v16_cell_weighted,2b7e151628aed2a6,1600,0.597812772,0.655100524,0.781250,0.791667
p16_v16_cell_weighted,2b7e151628aed2a6,1650,0.594400108,0.662572145,0.760417,0.708333
p16_v16_cell_weighted,2b7e151628aed2a6,1700,0.586183548,0.635302722,0.781250,0.770833
p16_v16_cell_weighted,2b7e151628aed2a6,1750,0.578302085,0.630093813,0.781250,0.729167
p16_v16_cell_weighted,2b7e151628aed2a6,1800,0.577129185,0.632678092,0.770833,0.729167
p16_v16_cell_weighted,2b7e151628aed2a6,1850,0.576061964,0.613915384,0.791667,0.750000
p16_v16_cell_weighted,2b7e151628aed2a6,1900,0.567151845,0.621676028,0.812500,0.708333
p16_v16_cell_weighted,2b7e151628aed2a6,1950,0.557257891,0.601155818,0.822917,0.729167
p16_v16_cell_weighted,2b7e151628aed2a6,2000,0.558027565,0.615927458,0.822917,0.750000
p16_v16_cell_weighted,2b7e151628aed2a6,2050,0.556074083,0.612691879,0.802083,0.770833
p16_v16_cell_weighted,2b7e151628aed2a6,2100,0.546207070,0.588691771,0.802083,0.770833
p16_v16_cell_weighted,2b7e151628aed2a6,2150,0.545451164,0.589750469,0.802083,0.770833
p16_v16_cell_weighted,2b7e151628aed2a6,2200,0.549699366,0.611424506,0.812500,0.750000
p16_v16_cell_weighted,2b7e151628aed2a6,2250,0.539289415,0.602577269,0.802083,0.729167
p16_v16_cell_weighted,2b7e151628aed2a6,2300,0.531952977,0.600797832,0.833333,0.729167
p16_v16_cell_weighted,2b7e151628aed2a6,2350,0.531896412,0.568135917,0.822917,0.791667
p16_v16_cell_weighted,2b7e151628aed2a6,2400,0.529081643,0.577036798,0.791667,0.770833
p16_v16_cell_weighted,2b7e151628aed2a6,2450,0.518881261,0.577954054,0.812500,0.791667
p16_v16_cell_weighted,2b7e151628aed2a6,2500,0.514028847,0.563848019,0.791667,0.750000
p16_v16_cell_weighted,2b7e151628aed2a6,2550,0.518295228,0.573977232,0.822917,0.791667
p16_v16_cell_weighted,2b7e151628aed2a6,2600,0.505545676,0.556052089,0.822917,0.812500
p16_v16_cell_weighted,2b7e151628aed2a6,2650,0.499798089,0.549864769,0.854167,0.770833
p16_v16_cell_weighted,2b7e151628aed2a6,2700,0.491452307,0.524388134,0.843750,0.833333
p16_v16_cell_weighted,2b7e151628aed2a6,2750,0.481451124,0.530829310,0.864583,0.833333
p16_v16_cell_weighted,2b7e151628aed2a6,2800,0.472328812,0.520391762,0.864583,0.875000
p16_v16_cell_weighted,2b7e151628aed2a6,2850,0.473561049,0.520053864,0.864583,0.833333
p16_v16_cell_weighted,2b7e151628aed2a6,2900,0.478975445,0.535891235,0.833333,0.812500
p16_v16_cell_weighted,2b7e151628aed2a6,2950,0.461547166,0.517875671,0.843750,0.833333
p16_v16_cell_weighted,2b7e151628aed2a6,3000,0.455223918,0.512356579,0.843750,0.854167
p16_v16_cell_weighted,2b7e151628aed2a6,3050,0.454724818,0.516991317,0.843750,0.833333
p16_v16_cell_weighted,2b7e151628aed2a6,3100,0.460449904,0.514694333,0.854167,0.875000
p16_v16_cell_weighted,2b7e151628aed2a6,3150,0.458276004,0.490363330,0.854167,0.875000
p16_v16_cell_weighted,2b7e151628aed2a6,3200,0.452229619,0.490946651,0.843750,0.854167
p16_v16_cell_weighted,2b7e151628aed2a6,3250,0.442426413,0.500675380,0.833333,0.833333
p16_v16_cell_weighted,2b7e151628aed2a6,3300,0.446827799,0.511533737,0.843750,0.833333
p16_v16_cell_weighted,2b7e151628aed2a6,3350,0.437768966,0.508482039,0.854167,0.833333
p16_v16_cell_weighted,2b7e151628aed2a6,3400,0.433173925,0.508400142,0.854167,0.875000
p16_v16_cell_weighted,2b7e151628aed2a6,3450,0.431157202,0.494518161,0.854167,0.833333
p16_v16_cell_weighted,2b7e151628aed2a6,3500,0.441635728,0.514663935,0.843750,0.854167
p16_v16_cell_weighted,2b7e151628aed2a6,3550,0.430105716,0.505799353,0.875000,0.854167
p16_v16_cell_weighted,2b7e151628aed2a6,3600,0.427285314,0.486368448,0.854167,0.875000
p16_v16_cell_weighted,2b7e151628aed2a6,3650,0.435245126,0.485836625,0.833333,0.833333
p16_v16_cell_weighted,2b7e151628aed2a6,3700,0.419863135,0.471950412,0.854167,0.875000
p16_v16_cell_weighted,2b7e151628aed2a6,3750,0.415599316,0.473368645,0.864583,0.875000
p16_v16_cell_weighted,2b7e151628aed2a6,3800,0.412400246,0.467499971,0.854167,0.875000
p16_v16_cell_weighted,2b7e151628aed2a6,3850,0.415959507,0.476042181,0.875000,0.812500
p16_v16_cell_weighted,2b7e151628aed2a6,3900,0.409013748,0.473060578,0.864583,0.854167
p16_v16_cell_weighted,2b7e151628aed2a6,3950,0.410124511,0.464415818,0.875000,0.812500
p16_v16_cell_weighted,2b7e151628aed2a6,4000,0.403283864,0.457698107,0.885417,0.854167
p16_v16_cell_weighted,2b7e151628aed2a6,4050,0.400873572,0.447152495,0.875000,0.875000
p16_v16_cell_weighted,2b7e151628aed2a6,4100,0.414612174,0.441138834,0.833333,0.833333
p16_v16_cell_weighted,2b7e151628aed2a6,4150,0.400476098,0.435653299,0.875000,0.895833
p16_v16_cell_weighted,2b7e151628aed2a6,4200,0.414258689,0.452556223,0.875000,0.854167
p16_v16_cell_weighted,2b7e151628aed2a6,4250,0.391225368,0.425398618,0.854167,0.812500
p16_v16_cell_weighted,2b7e151628aed2a6,4300,0.389911383,0.431180924,0.875000,0.875000
p16_v16_cell_weighted,2b7e151628aed2a6,4350,0.398402601,0.449199349,0.875000,0.812500
p16_v16_cell_weighted,2b7e151628aed2a6,4400,0.395531088,0.454632789,0.843750,0.833333
p16_v16_cell_weighted,2b7e151628aed2a6,4450,0.395402074,0.439385891,0.864583,0.854167
p16_v16_cell_weighted,2b7e151628aed2a6,4500,0.388919622,0.427262783,0.864583,0.916667
p16_v16_cell_weighted,2b7e151628aed2a6,4550,0.388530403,0.417183638,0.885417,0.854167
p16_v16_cell_weighted,2b7e151628aed2a6,4600,0.385488540,0.431835443,0.895833,0.854167
p16_v16_cell_weighted,2b7e151628aed2a6,4650,0.384273887,0.453092903,0.895833,0.875000
p16_v16_cell_weighted,2b7e151628aed2a6,4700,0.376526594,0.422880322,0.854167,0.916667
p16_v16_cell_weighted,2b7e151628aed2a6,4750,0.377786160,0.428921729,0.895833,0.854167
p16_v16_cell_weighted,2b7e151628aed2a6,4800,0.381884694,0.441642553,0.864583,0.854167
p16_v16_cell_weighted,77a19d3c4e280b51,50,1.095146418,1.096608162,0.322917,0.291667
p16_v16_cell_weighted,77a19d3c4e280b51,100,1.086037755,1.088928103,0.406250,0.375000
p16_v16_cell_weighted,77a19d3c4e280b51,150,1.075661898,1.080380797,0.489583,0.500000
p16_v16_cell_weighted,77a19d3c4e280b51,200,1.061818719,1.069172263,0.479167,0.479167
p16_v16_cell_weighted,77a19d3c4e280b51,250,1.046181083,1.055491805,0.489583,0.458333
p16_v16_cell_weighted,77a19d3c4e280b51,300,1.032378435,1.043808699,0.468750,0.458333
p16_v16_cell_weighted,77a19d3c4e280b51,350,1.019987464,1.032968640,0.447917,0.437500
p16_v16_cell_weighted,77a19d3c4e280b51,400,1.009562731,1.021752000,0.468750,0.458333
p16_v16_cell_weighted,77a19d3c4e280b51,450,0.996142805,1.007788777,0.468750,0.437500
p16_v16_cell_weighted,77a19d3c4e280b51,500,0.983304739,0.993379653,0.468750,0.416667
p16_v16_cell_weighted,77a19d3c4e280b51,550,0.970792353,0.978376389,0.510417,0.437500
p16_v16_cell_weighted,77a19d3c4e280b51,600,0.957849920,0.963467598,0.541667,0.500000
p16_v16_cell_weighted,77a19d3c4e280b51,650,0.947608173,0.954909325,0.500000,0.479167
p16_v16_cell_weighted,77a19d3c4e280b51,700,0.935873508,0.938477814,0.531250,0.500000
p16_v16_cell_weighted,77a19d3c4e280b51,750,0.927133501,0.939871132,0.458333,0.416667
p16_v16_cell_weighted,77a19d3c4e280b51,800,0.913304150,0.928822279,0.531250,0.437500
p16_v16_cell_weighted,77a19d3c4e280b51,850,0.897321045,0.906143010,0.572917,0.500000
p16_v16_cell_weighted,77a19d3c4e280b51,900,0.888333321,0.904687583,0.541667,0.437500
p16_v16_cell_weighted,77a19d3c4e280b51,950,0.880815923,0.899147451,0.572917,0.458333
p16_v16_cell_weighted,77a19d3c4e280b51,1000,0.864856064,0.880974948,0.572917,0.520833
p16_v16_cell_weighted,77a19d3c4e280b51,1050,0.851750314,0.868491709,0.593750,0.562500
p16_v16_cell_weighted,77a19d3c4e280b51,1100,0.845828056,0.870220125,0.604167,0.479167
p16_v16_cell_weighted,77a19d3c4e280b51,1150,0.828721344,0.849322557,0.614583,0.541667
p16_v16_cell_weighted,77a19d3c4e280b51,1200,0.818978369,0.832293093,0.687500,0.583333
p16_v16_cell_weighted,77a19d3c4e280b51,1250,0.796852827,0.817601025,0.677083,0.583333
p16_v16_cell_weighted,77a19d3c4e280b51,1300,0.784783363,0.797076702,0.718750,0.666667
p16_v16_cell_weighted,77a19d3c4e280b51,1350,0.765768349,0.783925533,0.750000,0.708333
p16_v16_cell_weighted,77a19d3c4e280b51,1400,0.754382074,0.770127833,0.802083,0.708333
p16_v16_cell_weighted,77a19d3c4e280b51,1450,0.739782333,0.757931232,0.791667,0.729167
p16_v16_cell_weighted,77a19d3c4e280b51,1500,0.722433031,0.744935572,0.791667,0.729167
p16_v16_cell_weighted,77a19d3c4e280b51,1550,0.699532032,0.722945869,0.781250,0.687500
p16_v16_cell_weighted,77a19d3c4e280b51,1600,0.687993109,0.727466047,0.833333,0.750000
p16_v16_cell_weighted,77a19d3c4e280b51,1650,0.669754922,0.698561013,0.781250,0.729167
p16_v16_cell_weighted,77a19d3c4e280b51,1700,0.658329129,0.688556135,0.770833,0.770833
p16_v16_cell_weighted,77a19d3c4e280b51,1750,0.641700506,0.680885792,0.802083,0.812500
p16_v16_cell_weighted,77a19d3c4e280b51,1800,0.630030215,0.659032166,0.802083,0.791667
p16_v16_cell_weighted,77a19d3c4e280b51,1850,0.622228324,0.659287632,0.802083,0.770833
p16_v16_cell_weighted,77a19d3c4e280b51,1900,0.605561674,0.648871124,0.843750,0.729167
p16_v16_cell_weighted,77a19d3c4e280b51,1950,0.592039764,0.640560329,0.802083,0.729167
p16_v16_cell_weighted,77a19d3c4e280b51,2000,0.577608883,0.624800861,0.822917,0.770833
p16_v16_cell_weighted,77a19d3c4e280b51,2050,0.564990163,0.618570030,0.812500,0.854167
p16_v16_cell_weighted,77a19d3c4e280b51,2100,0.557797849,0.608857095,0.812500,0.770833
p16_v16_cell_weighted,77a19d3c4e280b51,2150,0.549347162,0.608673871,0.791667,0.770833
p16_v16_cell_weighted,77a19d3c4e280b51,2200,0.536481798,0.592205942,0.812500,0.791667
p16_v16_cell_weighted,77a19d3c4e280b51,2250,0.518995047,0.594510496,0.833333,0.750000
p16_v16_cell_weighted,77a19d3c4e280b51,2300,0.508857489,0.583023608,0.802083,0.791667
p16_v16_cell_weighted,77a19d3c4e280b51,2350,0.501223385,0.576827109,0.791667,0.812500
p16_v16_cell_weighted,77a19d3c4e280b51,2400,0.499107629,0.552205861,0.791667,0.770833
p16_v16_cell_weighted,77a19d3c4e280b51,2450,0.494031549,0.557563066,0.781250,0.729167
p16_v16_cell_weighted,77a19d3c4e280b51,2500,0.475377530,0.549094498,0.812500,0.770833
p16_v16_cell_weighted,77a19d3c4e280b51,2550,0.466027170,0.547585368,0.833333,0.791667
p16_v16_cell_weighted,77a19d3c4e280b51,2600,0.459534436,0.549667180,0.791667,0.729167
p16_v16_cell_weighted,77a19d3c4e280b51,2650,0.452744812,0.551602662,0.833333,0.750000
p16_v16_cell_weighted,77a19d3c4e280b51,2700,0.445451707,0.539245009,0.854167,0.750000
p16_v16_cell_weighted,77a19d3c4e280b51,2750,0.435125440,0.524676800,0.812500,0.770833
p16_v16_cell_weighted,77a19d3c4e280b51,2800,0.447464854,0.536335886,0.833333,0.833333
p16_v16_cell_weighted,77a19d3c4e280b51,2850,0.426477462,0.516277552,0.854167,0.833333
p16_v16_cell_weighted,77a19d3c4e280b51,2900,0.423183948,0.520163655,0.843750,0.854167
p16_v16_cell_weighted,77a19d3c4e280b51,2950,0.416241974,0.511515021,0.854167,0.875000
p16_v16_cell_weighted,77a19d3c4e280b51,3000,0.414085060,0.509693444,0.864583,0.854167
p16_v16_cell_weighted,77a19d3c4e280b51,3050,0.411467791,0.513776779,0.854167,0.833333
p16_v16_cell_weighted,77a19d3c4e280b51,3100,0.408698827,0.517371833,0.895833,0.833333
p16_v16_cell_weighted,77a19d3c4e280b51,3150,0.398662090,0.500930667,0.906250,0.854167
p16_v16_cell_weighted,77a19d3c4e280b51,3200,0.400118113,0.499955773,0.864583,0.791667
p16_v16_cell_weighted,77a19d3c4e280b51,3250,0.388426811,0.498116404,0.864583,0.854167
p16_v16_cell_weighted,77a19d3c4e280b51,3300,0.389654130,0.510172904,0.833333,0.770833
p16_v16_cell_weighted,77a19d3c4e280b51,3350,0.380811095,0.492633909,0.843750,0.833333
p16_v16_cell_weighted,77a19d3c4e280b51,3400,0.374776810,0.500302374,0.885417,0.833333
p16_v16_cell_weighted,77a19d3c4e280b51,3450,0.369547814,0.492064953,0.854167,0.854167
p16_v16_cell_weighted,77a19d3c4e280b51,3500,0.365350157,0.485889465,0.875000,0.895833
p16_v16_cell_weighted,77a19d3c4e280b51,3550,0.362358660,0.477404952,0.864583,0.833333
p16_v16_cell_weighted,77a19d3c4e280b51,3600,0.355182916,0.493096381,0.895833,0.875000
p16_v16_cell_weighted,77a19d3c4e280b51,3650,0.349406719,0.474294156,0.875000,0.833333
p16_v16_cell_weighted,77a19d3c4e280b51,3700,0.347786874,0.475606173,0.895833,0.854167
p16_v16_cell_weighted,77a19d3c4e280b51,3750,0.348637611,0.472885162,0.885417,0.854167
p16_v16_cell_weighted,77a19d3c4e280b51,3800,0.345353693,0.468643337,0.864583,0.833333
p16_v16_cell_weighted,77a19d3c4e280b51,3850,0.342802435,0.464183301,0.906250,0.854167
p16_v16_cell_weighted,77a19d3c4e280b51,3900,0.339826345,0.454529643,0.864583,0.854167
p16_v16_cell_weighted,77a19d3c4e280b51,3950,0.354647666,0.478609324,0.875000,0.833333
p16_v16_cell_weighted,77a19d3c4e280b51,4000,0.340997368,0.472356468,0.895833,0.854167
p16_v16_cell_weighted,77a19d3c4e280b51,4050,0.329876631,0.457052737,0.885417,0.875000
p16_v16_cell_weighted,77a19d3c4e280b51,4100,0.329673976,0.455712706,0.895833,0.854167
p16_v16_cell_weighted,77a19d3c4e280b51,4150,0.320503891,0.457943767,0.885417,0.875000
p16_v16_cell_weighted,77a19d3c4e280b51,4200,0.335626632,0.483088106,0.885417,0.854167
p16_v16_cell_weighted,77a19d3c4e280b51,4250,0.325023264,0.467646509,0.885417,0.895833
p16_v16_cell_weighted,77a19d3c4e280b51,4300,0.329865456,0.488448292,0.875000,0.812500
p16_v16_cell_weighted,77a19d3c4e280b51,4350,0.333325177,0.465675443,0.895833,0.854167
p16_v16_cell_weighted,77a19d3c4e280b51,4400,0.315068930,0.459915072,0.906250,0.854167
p16_v16_cell_weighted,77a19d3c4e280b51,4450,0.312958330,0.458409190,0.916667,0.875000
p16_v16_cell_weighted,77a19d3c4e280b51,4500,0.314788371,0.446156383,0.885417,0.875000
p16_v16_cell_weighted,77a19d3c4e280b51,4550,0.307703018,0.447427660,0.916667,0.895833
p16_v16_cell_weighted,77a19d3c4e280b51,4600,0.317128390,0.460448891,0.885417,0.854167
p16_v16_cell_weighted,77a19d3c4e280b51,4650,0.302259833,0.440537810,0.906250,0.895833
p16_v16_cell_weighted,77a19d3c4e280b51,4700,0.304493964,0.447088093,0.895833,0.875000
p16_v16_cell_weighted,77a19d3c4e280b51,4750,0.301883489,0.450682849,0.906250,0.916667
p16_v16_cell_weighted,77a19d3c4e280b51,4800,0.301420301,0.455103010,0.927083,0.833333
p16_v16_cell_weighted,1111222233334444,50,1.092494369,1.093764186,0.385417,0.375000
p16_v16_cell_weighted,1111222233334444,100,1.082158923,1.086096168,0.479167,0.458333
p16_v16_cell_weighted,1111222233334444,150,1.070549130,1.076480746,0.489583,0.416667
p16_v16_cell_weighted,1111222233334444,200,1.055561423,1.065165758,0.447917,0.458333
p16_v16_cell_weighted,1111222233334444,250,1.041770101,1.053436399,0.458333,0.458333
p16_v16_cell_weighted,1111222233334444,300,1.028555870,1.040064454,0.479167,0.416667
p16_v16_cell_weighted,1111222233334444,350,1.011817336,1.024390340,0.489583,0.416667
p16_v16_cell_weighted,1111222233334444,400,0.998054743,1.014473677,0.479167,0.416667
p16_v16_cell_weighted,1111222233334444,450,0.983254671,0.997455418,0.489583,0.458333
p16_v16_cell_weighted,1111222233334444,500,0.971689701,0.988199651,0.489583,0.437500
p16_v16_cell_weighted,1111222233334444,550,0.966305792,0.985448897,0.468750,0.416667
p16_v16_cell_weighted,1111222233334444,600,0.956231415,0.975770652,0.479167,0.416667
p16_v16_cell_weighted,1111222233334444,650,0.939568102,0.956795692,0.479167,0.416667
p16_v16_cell_weighted,1111222233334444,700,0.922912300,0.937308490,0.520833,0.458333
p16_v16_cell_weighted,1111222233334444,750,0.901610374,0.916896999,0.562500,0.458333
p16_v16_cell_weighted,1111222233334444,800,0.883880436,0.900287569,0.562500,0.458333
p16_v16_cell_weighted,1111222233334444,850,0.860795796,0.882975876,0.583333,0.520833
p16_v16_cell_weighted,1111222233334444,900,0.834469974,0.851063013,0.635417,0.583333
p16_v16_cell_weighted,1111222233334444,950,0.814877212,0.823928297,0.656250,0.645833
p16_v16_cell_weighted,1111222233334444,1000,0.787808478,0.800737083,0.708333,0.666667
p16_v16_cell_weighted,1111222233334444,1050,0.764956653,0.777293921,0.729167,0.645833
p16_v16_cell_weighted,1111222233334444,1100,0.747313559,0.766853988,0.729167,0.625000
p16_v16_cell_weighted,1111222233334444,1150,0.723074853,0.749447823,0.729167,0.625000
p16_v16_cell_weighted,1111222233334444,1200,0.704670966,0.717605174,0.760417,0.687500
p16_v16_cell_weighted,1111222233334444,1250,0.690197468,0.723268032,0.739583,0.729167
p16_v16_cell_weighted,1111222233334444,1300,0.673940420,0.708745241,0.770833,0.708333
p16_v16_cell_weighted,1111222233334444,1350,0.659382582,0.693790436,0.760417,0.750000
p16_v16_cell_weighted,1111222233334444,1400,0.643307507,0.680955470,0.791667,0.770833
p16_v16_cell_weighted,1111222233334444,1450,0.630441308,0.656634390,0.781250,0.833333
p16_v16_cell_weighted,1111222233334444,1500,0.614686251,0.636071682,0.802083,0.791667
p16_v16_cell_weighted,1111222233334444,1550,0.602034390,0.637978494,0.760417,0.729167
p16_v16_cell_weighted,1111222233334444,1600,0.584500849,0.619601786,0.802083,0.812500
p16_v16_cell_weighted,1111222233334444,1650,0.572334886,0.608979464,0.812500,0.812500
p16_v16_cell_weighted,1111222233334444,1700,0.555754960,0.598907053,0.864583,0.812500
p16_v16_cell_weighted,1111222233334444,1750,0.533670664,0.579293549,0.843750,0.833333
p16_v16_cell_weighted,1111222233334444,1800,0.521231949,0.567933500,0.854167,0.875000
p16_v16_cell_weighted,1111222233334444,1850,0.504684567,0.548450351,0.843750,0.875000
p16_v16_cell_weighted,1111222233334444,1900,0.505620062,0.556761801,0.864583,0.833333
p16_v16_cell_weighted,1111222233334444,1950,0.496548206,0.557391465,0.864583,0.895833
p16_v16_cell_weighted,1111222233334444,2000,0.482807189,0.551367700,0.864583,0.833333
p16_v16_cell_weighted,1111222233334444,2050,0.476088315,0.538216889,0.864583,0.791667
p16_v16_cell_weighted,1111222233334444,2100,0.478070140,0.533942163,0.843750,0.833333
p16_v16_cell_weighted,1111222233334444,2150,0.476072997,0.536173165,0.854167,0.791667
p16_v16_cell_weighted,1111222233334444,2200,0.460347772,0.518049657,0.864583,0.875000
p16_v16_cell_weighted,1111222233334444,2250,0.450481862,0.506894052,0.833333,0.895833
p16_v16_cell_weighted,1111222233334444,2300,0.449157119,0.501864910,0.864583,0.812500
p16_v16_cell_weighted,1111222233334444,2350,0.446120143,0.505250931,0.875000,0.895833
p16_v16_cell_weighted,1111222233334444,2400,0.436230272,0.491585642,0.864583,0.812500
p16_v16_cell_weighted,1111222233334444,2450,0.433533579,0.487281442,0.885417,0.875000
p16_v16_cell_weighted,1111222233334444,2500,0.432857603,0.487660408,0.875000,0.854167
p16_v16_cell_weighted,1111222233334444,2550,0.425126225,0.487169415,0.854167,0.854167
p16_v16_cell_weighted,1111222233334444,2600,0.432686180,0.486174583,0.843750,0.895833
p16_v16_cell_weighted,1111222233334444,2650,0.413014144,0.472965240,0.885417,0.854167
p16_v16_cell_weighted,1111222233334444,2700,0.410234541,0.482817411,0.864583,0.833333
p16_v16_cell_weighted,1111222233334444,2750,0.405317068,0.469522148,0.885417,0.875000
p16_v16_cell_weighted,1111222233334444,2800,0.405832797,0.467202216,0.864583,0.854167
p16_v16_cell_weighted,1111222233334444,2850,0.415689975,0.477135897,0.854167,0.854167
p16_v16_cell_weighted,1111222233334444,2900,0.404968709,0.480140597,0.895833,0.833333
p16_v16_cell_weighted,1111222233334444,2950,0.404688030,0.473227650,0.885417,0.854167
p16_v16_cell_weighted,1111222233334444,3000,0.398625284,0.473981977,0.864583,0.833333
p16_v16_cell_weighted,1111222233334444,3050,0.401220471,0.476872325,0.875000,0.854167
p16_v16_cell_weighted,1111222233334444,3100,0.387025982,0.452615231,0.875000,0.833333
p16_v16_cell_weighted,1111222233334444,3150,0.383806735,0.459525317,0.864583,0.833333
p16_v16_cell_weighted,1111222233334444,3200,0.384713173,0.469235867,0.864583,0.916667
p16_v16_cell_weighted,1111222233334444,3250,0.378792375,0.451000422,0.906250,0.895833
p16_v16_cell_weighted,1111222233334444,3300,0.382754058,0.463983804,0.895833,0.812500
p16_v16_cell_weighted,1111222233334444,3350,0.388510615,0.471171260,0.875000,0.895833
p16_v16_cell_weighted,1111222233334444,3400,0.375796437,0.461840481,0.885417,0.895833
p16_v16_cell_weighted,1111222233334444,3450,0.377532363,0.466703564,0.864583,0.916667
p16_v16_cell_weighted,1111222233334444,3500,0.365049124,0.437326223,0.885417,0.875000
p16_v16_cell_weighted,1111222233334444,3550,0.370266169,0.439054877,0.895833,0.854167
p16_v16_cell_weighted,1111222233334444,3600,0.368396670,0.431639642,0.885417,0.895833
p16_v16_cell_weighted,1111222233334444,3650,0.361707896,0.443639249,0.895833,0.895833
p16_v16_cell_weighted,1111222233334444,3700,0.359031409,0.450013429,0.895833,0.875000
p16_v16_cell_weighted,1111222233334444,3750,0.355592102,0.453789026,0.906250,0.854167
p16_v16_cell_weighted,1111222233334444,3800,0.357785225,0.435768276,0.875000,0.895833
p16_v16_cell_weighted,1111222233334444,3850,0.353603095,0.432571411,0.875000,0.833333
p16_v16_cell_weighted,1111222233334444,3900,0.354147196,0.440440744,0.895833,0.812500
p16_v16_cell_weighted,1111222233334444,3950,0.352455288,0.427206427,0.895833,0.854167
p16_v16_cell_weighted,1111222233334444,4000,0.343927264,0.430649132,0.906250,0.895833
p16_v16_cell_weighted,1111222233334444,4050,0.338453323,0.421271056,0.906250,0.854167
p16_v16_cell_weighted,1111222233334444,4100,0.347089320,0.418354869,0.885417,0.875000
p16_v16_cell_weighted,1111222233334444,4150,0.339639813,0.414517999,0.885417,0.895833
p16_v16_cell_weighted,1111222233334444,4200,0.345352530,0.427112579,0.906250,0.895833
p16_v16_cell_weighted,1111222233334444,4250,0.341069251,0.434175521,0.895833,0.895833
p16_v16_cell_weighted,1111222233334444,4300,0.333776236,0.417902321,0.895833,0.895833
p16_v16_cell_weighted,1111222233334444,4350,0.330577463,0.412126690,0.885417,0.875000
p16_v16_cell_weighted,1111222233334444,4400,0.327809304,0.414857537,0.885417,0.895833
p16_v16_cell_weighted,1111222233334444,4450,0.331255883,0.410119921,0.906250,0.875000
p16_v16_cell_weighted,1111222233334444,4500,0.330934763,0.437456697,0.906250,0.895833
p16_v16_cell_weighted,1111222233334444,4550,0.329037756,0.433299989,0.927083,0.875000
p16_v16_cell_weighted,1111222233334444,4600,0.328093559,0.418679327,0.927083,0.875000
p16_v16_cell_weighted,1111222233334444,4650,0.327151567,0.436809391,0.895833,0.895833
p16_v16_cell_weighted,1111222233334444,4700,0.327396601,0.434729785,0.906250,0.937500
p16_v16_cell_weighted,1111222233334444,4750,0.330993563,0.446179658,0.906250,0.833333
p16_v16_cell_weighted,1111222233334444,4800,0.331603050,0.442302585,0.895833,0.854167
p16_v16_margin_weighted,2b7e151628aed2a6,50,1.095107198,1.096137404,0.385417,0.312500
p16_v16_margin_weighted,2b7e151628aed2a6,100,1.087050796,1.089247465,0.447917,0.437500
p16_v16_margin_weighted,2b7e151628aed2a6,150,1.079756618,1.082917094,0.479167,0.437500
p16_v16_margin_weighted,2b7e151628aed2a6,200,1.073561430,1.077220917,0.468750,0.437500
p16_v16_margin_weighted,2b7e151628aed2a6,250,1.064812303,1.068458557,0.458333,0.437500
p16_v16_margin_weighted,2b7e151628aed2a6,300,1.058074236,1.064002514,0.489583,0.479167
p16_v16_margin_weighted,2b7e151628aed2a6,350,1.046143651,1.051517606,0.489583,0.437500
p16_v16_margin_weighted,2b7e151628aed2a6,400,1.035268188,1.040097237,0.489583,0.500000
p16_v16_margin_weighted,2b7e151628aed2a6,450,1.028498292,1.033260703,0.479167,0.520833
p16_v16_margin_weighted,2b7e151628aed2a6,500,1.018262982,1.027737260,0.468750,0.479167
p16_v16_margin_weighted,2b7e151628aed2a6,550,1.009363294,1.021417975,0.479167,0.458333
p16_v16_margin_weighted,2b7e151628aed2a6,600,1.000254154,1.011652708,0.489583,0.458333
p16_v16_margin_weighted,2b7e151628aed2a6,650,0.986669242,0.996645987,0.479167,0.479167
p16_v16_margin_weighted,2b7e151628aed2a6,700,0.977283478,0.989676297,0.479167,0.479167
p16_v16_margin_weighted,2b7e151628aed2a6,750,0.963947237,0.974097073,0.489583,0.479167
p16_v16_margin_weighted,2b7e151628aed2a6,800,0.951875746,0.963064969,0.489583,0.479167
p16_v16_margin_weighted,2b7e151628aed2a6,850,0.936537445,0.948184788,0.500000,0.500000
p16_v16_margin_weighted,2b7e151628aed2a6,900,0.922811210,0.936395109,0.489583,0.479167
p16_v16_margin_weighted,2b7e151628aed2a6,950,0.914105415,0.921153307,0.510417,0.500000
p16_v16_margin_weighted,2b7e151628aed2a6,1000,0.894394457,0.910766900,0.520833,0.500000
p16_v16_margin_weighted,2b7e151628aed2a6,1050,0.877577066,0.893103659,0.572917,0.562500
p16_v16_margin_weighted,2b7e151628aed2a6,1100,0.863566339,0.879891872,0.572917,0.562500
p16_v16_margin_weighted,2b7e151628aed2a6,1150,0.845043182,0.860461533,0.625000,0.583333
p16_v16_margin_weighted,2b7e151628aed2a6,1200,0.827246189,0.843677998,0.666667,0.604167
p16_v16_margin_weighted,2b7e151628aed2a6,1250,0.808208227,0.823783696,0.656250,0.604167
p16_v16_margin_weighted,2b7e151628aed2a6,1300,0.796666384,0.808254242,0.656250,0.625000
p16_v16_margin_weighted,2b7e151628aed2a6,1350,0.789722025,0.811285198,0.687500,0.625000
p16_v16_margin_weighted,2b7e151628aed2a6,1400,0.772803128,0.786778033,0.677083,0.687500
p16_v16_margin_weighted,2b7e151628aed2a6,1450,0.752502680,0.765436351,0.750000,0.687500
p16_v16_margin_weighted,2b7e151628aed2a6,1500,0.735389709,0.758467674,0.718750,0.708333
p16_v16_margin_weighted,2b7e151628aed2a6,1550,0.720765650,0.734686136,0.770833,0.708333
p16_v16_margin_weighted,2b7e151628aed2a6,1600,0.703982174,0.728212059,0.739583,0.708333
p16_v16_margin_weighted,2b7e151628aed2a6,1650,0.706542909,0.727824390,0.729167,0.645833
p16_v16_margin_weighted,2b7e151628aed2a6,1700,0.690108597,0.715630591,0.739583,0.750000
p16_v16_margin_weighted,2b7e151628aed2a6,1750,0.674641550,0.690063298,0.781250,0.812500
p16_v16_margin_weighted,2b7e151628aed2a6,1800,0.660456657,0.684137583,0.802083,0.833333
p16_v16_margin_weighted,2b7e151628aed2a6,1850,0.643822491,0.657835186,0.791667,0.854167
p16_v16_margin_weighted,2b7e151628aed2a6,1900,0.623501301,0.646828175,0.822917,0.812500
p16_v16_margin_weighted,2b7e151628aed2a6,1950,0.610350966,0.628418505,0.822917,0.875000
p16_v16_margin_weighted,2b7e151628aed2a6,2000,0.602605402,0.609141767,0.812500,0.895833
p16_v16_margin_weighted,2b7e151628aed2a6,2050,0.584774911,0.604588807,0.843750,0.875000
p16_v16_margin_weighted,2b7e151628aed2a6,2100,0.576334655,0.588580668,0.833333,0.833333
p16_v16_margin_weighted,2b7e151628aed2a6,2150,0.564496875,0.576357126,0.833333,0.854167
p16_v16_margin_weighted,2b7e151628aed2a6,2200,0.551227391,0.574938178,0.833333,0.895833
p16_v16_margin_weighted,2b7e151628aed2a6,2250,0.541142046,0.560616791,0.864583,0.854167
p16_v16_margin_weighted,2b7e151628aed2a6,2300,0.547836542,0.581211746,0.833333,0.875000
p16_v16_margin_weighted,2b7e151628aed2a6,2350,0.536491215,0.559949338,0.843750,0.895833
p16_v16_margin_weighted,2b7e151628aed2a6,2400,0.552617192,0.590625107,0.822917,0.812500
p16_v16_margin_weighted,2b7e151628aed2a6,2450,0.533997834,0.557562768,0.812500,0.854167
p16_v16_margin_weighted,2b7e151628aed2a6,2500,0.524735034,0.554646432,0.802083,0.833333
p16_v16_margin_weighted,2b7e151628aed2a6,2550,0.533260524,0.576228201,0.833333,0.833333
p16_v16_margin_weighted,2b7e151628aed2a6,2600,0.512357235,0.535645008,0.812500,0.875000
p16_v16_margin_weighted,2b7e151628aed2a6,2650,0.511366725,0.534358084,0.843750,0.854167
p16_v16_margin_weighted,2b7e151628aed2a6,2700,0.510460556,0.521111250,0.812500,0.812500
p16_v16_margin_weighted,2b7e151628aed2a6,2750,0.510317981,0.530334055,0.843750,0.812500
p16_v16_margin_weighted,2b7e151628aed2a6,2800,0.492222816,0.514143169,0.854167,0.854167
p16_v16_margin_weighted,2b7e151628aed2a6,2850,0.491145998,0.518792689,0.833333,0.833333
p16_v16_margin_weighted,2b7e151628aed2a6,2900,0.491346359,0.517216504,0.822917,0.833333
p16_v16_margin_weighted,2b7e151628aed2a6,2950,0.473441809,0.498993605,0.843750,0.833333
p16_v16_margin_weighted,2b7e151628aed2a6,3000,0.471301287,0.481738359,0.843750,0.833333
p16_v16_margin_weighted,2b7e151628aed2a6,3050,0.468862206,0.496584445,0.854167,0.895833
p16_v16_margin_weighted,2b7e151628aed2a6,3100,0.466345698,0.491745681,0.822917,0.895833
p16_v16_margin_weighted,2b7e151628aed2a6,3150,0.460324079,0.480392814,0.833333,0.875000
p16_v16_margin_weighted,2b7e151628aed2a6,3200,0.477446169,0.506131232,0.812500,0.875000
p16_v16_margin_weighted,2b7e151628aed2a6,3250,0.457383543,0.483122379,0.812500,0.833333
p16_v16_margin_weighted,2b7e151628aed2a6,3300,0.464906186,0.498252541,0.812500,0.833333
p16_v16_margin_weighted,2b7e151628aed2a6,3350,0.456604332,0.489492178,0.843750,0.812500
p16_v16_margin_weighted,2b7e151628aed2a6,3400,0.466904074,0.484611660,0.843750,0.812500
p16_v16_margin_weighted,2b7e151628aed2a6,3450,0.448350400,0.478671640,0.833333,0.854167
p16_v16_margin_weighted,2b7e151628aed2a6,3500,0.457581788,0.472691178,0.843750,0.791667
p16_v16_margin_weighted,2b7e151628aed2a6,3550,0.453544408,0.477406293,0.833333,0.833333
p16_v16_margin_weighted,2b7e151628aed2a6,3600,0.454562217,0.475399613,0.843750,0.875000
p16_v16_margin_weighted,2b7e151628aed2a6,3650,0.450316906,0.480517268,0.833333,0.812500
p16_v16_margin_weighted,2b7e151628aed2a6,3700,0.447088808,0.491626531,0.854167,0.833333
p16_v16_margin_weighted,2b7e151628aed2a6,3750,0.441079646,0.478739977,0.822917,0.791667
p16_v16_margin_weighted,2b7e151628aed2a6,3800,0.436809689,0.467125922,0.843750,0.791667
p16_v16_margin_weighted,2b7e151628aed2a6,3850,0.432960868,0.459484011,0.854167,0.854167
p16_v16_margin_weighted,2b7e151628aed2a6,3900,0.435269117,0.456295133,0.843750,0.791667
p16_v16_margin_weighted,2b7e151628aed2a6,3950,0.428729206,0.452682883,0.854167,0.833333
p16_v16_margin_weighted,2b7e151628aed2a6,4000,0.436990708,0.467666954,0.822917,0.833333
p16_v16_margin_weighted,2b7e151628aed2a6,4050,0.430204034,0.458510876,0.843750,0.875000
p16_v16_margin_weighted,2b7e151628aed2a6,4100,0.432994992,0.463320047,0.854167,0.854167
p16_v16_margin_weighted,2b7e151628aed2a6,4150,0.428600550,0.459539056,0.864583,0.854167
p16_v16_margin_weighted,2b7e151628aed2a6,4200,0.426368088,0.436952800,0.843750,0.875000
p16_v16_margin_weighted,2b7e151628aed2a6,4250,0.429034710,0.441968769,0.833333,0.833333
p16_v16_margin_weighted,2b7e151628aed2a6,4300,0.430292875,0.443443894,0.854167,0.854167
p16_v16_margin_weighted,2b7e151628aed2a6,4350,0.422050327,0.446516752,0.843750,0.854167
p16_v16_margin_weighted,2b7e151628aed2a6,4400,0.429104686,0.460501999,0.864583,0.812500
p16_v16_margin_weighted,2b7e151628aed2a6,4450,0.423662990,0.436346859,0.833333,0.812500
p16_v16_margin_weighted,2b7e151628aed2a6,4500,0.425993919,0.457389474,0.812500,0.854167
p16_v16_margin_weighted,2b7e151628aed2a6,4550,0.417423576,0.446147829,0.833333,0.833333
p16_v16_margin_weighted,2b7e151628aed2a6,4600,0.417000681,0.451280624,0.833333,0.854167
p16_v16_margin_weighted,2b7e151628aed2a6,4650,0.427870393,0.459224433,0.854167,0.854167
p16_v16_margin_weighted,2b7e151628aed2a6,4700,0.418573231,0.427972764,0.822917,0.791667
p16_v16_margin_weighted,2b7e151628aed2a6,4750,0.415321112,0.431228846,0.843750,0.833333
p16_v16_margin_weighted,2b7e151628aed2a6,4800,0.419581652,0.422954082,0.822917,0.812500
p16_v16_margin_weighted,77a19d3c4e280b51,50,1.096971631,1.097399950,0.406250,0.395833
p16_v16_margin_weighted,77a19d3c4e280b51,100,1.092223048,1.093773365,0.385417,0.312500
p16_v16_margin_weighted,77a19d3c4e280b51,150,1.084635019,1.087861300,0.458333,0.458333
p16_v16_margin_weighted,77a19d3c4e280b51,200,1.075191259,1.079409003,0.458333,0.458333
p16_v16_margin_weighted,77a19d3c4e280b51,250,1.066951632,1.073129892,0.479167,0.437500
p16_v16_margin_weighted,77a19d3c4e280b51,300,1.055746198,1.065032125,0.479167,0.479167
p16_v16_margin_weighted,77a19d3c4e280b51,350,1.045617700,1.056364655,0.458333,0.437500
p16_v16_margin_weighted,77a19d3c4e280b51,400,1.038492560,1.049375415,0.437500,0.458333
p16_v16_margin_weighted,77a19d3c4e280b51,450,1.027694702,1.040688276,0.500000,0.479167
p16_v16_margin_weighted,77a19d3c4e280b51,500,1.019008636,1.035821080,0.479167,0.437500
p16_v16_margin_weighted,77a19d3c4e280b51,550,1.012669921,1.027559161,0.500000,0.520833
p16_v16_margin_weighted,77a19d3c4e280b51,600,1.000737429,1.014569879,0.510417,0.520833
p16_v16_margin_weighted,77a19d3c4e280b51,650,0.991640270,1.005851865,0.479167,0.437500
p16_v16_margin_weighted,77a19d3c4e280b51,700,0.979040444,0.992316008,0.500000,0.479167
p16_v16_margin_weighted,77a19d3c4e280b51,750,0.966935933,0.986298740,0.510417,0.437500
p16_v16_margin_weighted,77a19d3c4e280b51,800,0.952832222,0.972576380,0.510417,0.458333
p16_v16_margin_weighted,77a19d3c4e280b51,850,0.934361458,0.951393425,0.520833,0.479167
p16_v16_margin_weighted,77a19d3c4e280b51,900,0.910640717,0.926943839,0.541667,0.479167
p16_v16_margin_weighted,77a19d3c4e280b51,950,0.886677802,0.903852999,0.593750,0.520833
p16_v16_margin_weighted,77a19d3c4e280b51,1000,0.870509148,0.891694248,0.614583,0.604167
p16_v16_margin_weighted,77a19d3c4e280b51,1050,0.862879455,0.877718747,0.635417,0.625000
p16_v16_margin_weighted,77a19d3c4e280b51,1100,0.838132918,0.855805457,0.635417,0.604167
p16_v16_margin_weighted,77a19d3c4e280b51,1150,0.819231033,0.837621272,0.635417,0.604167
p16_v16_margin_weighted,77a19d3c4e280b51,1200,0.796161830,0.815382659,0.697917,0.625000
p16_v16_margin_weighted,77a19d3c4e280b51,1250,0.781519890,0.816432774,0.697917,0.625000
p16_v16_margin_weighted,77a19d3c4e280b51,1300,0.763453662,0.794155896,0.718750,0.645833
p16_v16_margin_weighted,77a19d3c4e280b51,1350,0.737568676,0.773447931,0.760417,0.645833
p16_v16_margin_weighted,77a19d3c4e280b51,1400,0.719603121,0.741309941,0.760417,0.708333
p16_v16_margin_weighted,77a19d3c4e280b51,1450,0.701177835,0.723927736,0.750000,0.666667
p16_v16_margin_weighted,77a19d3c4e280b51,1500,0.681796968,0.711709559,0.770833,0.687500
p16_v16_margin_weighted,77a19d3c4e280b51,1550,0.667555809,0.698642790,0.750000,0.666667
p16_v16_margin_weighted,77a19d3c4e280b51,1600,0.658972323,0.694599152,0.739583,0.708333
p16_v16_margin_weighted,77a19d3c4e280b51,1650,0.637339950,0.671543062,0.770833,0.729167
p16_v16_margin_weighted,77a19d3c4e280b51,1700,0.624398768,0.645159841,0.750000,0.729167
p16_v16_margin_weighted,77a19d3c4e280b51,1750,0.612971961,0.642471492,0.760417,0.666667
p16_v16_margin_weighted,77a19d3c4e280b51,1800,0.603113830,0.645794153,0.791667,0.854167
p16_v16_margin_weighted,77a19d3c4e280b51,1850,0.597131908,0.641507924,0.770833,0.791667
p16_v16_margin_weighted,77a19d3c4e280b51,1900,0.585738242,0.616790295,0.791667,0.791667
p16_v16_margin_weighted,77a19d3c4e280b51,1950,0.579759300,0.630475342,0.802083,0.791667
p16_v16_margin_weighted,77a19d3c4e280b51,2000,0.580316246,0.619080245,0.770833,0.750000
p16_v16_margin_weighted,77a19d3c4e280b51,2050,0.567599833,0.618879259,0.802083,0.791667
p16_v16_margin_weighted,77a19d3c4e280b51,2100,0.558628678,0.598626673,0.791667,0.854167
p16_v16_margin_weighted,77a19d3c4e280b51,2150,0.554439723,0.595212400,0.802083,0.854167
p16_v16_margin_weighted,77a19d3c4e280b51,2200,0.544881284,0.587590039,0.781250,0.791667
p16_v16_margin_weighted,77a19d3c4e280b51,2250,0.536883771,0.581124425,0.791667,0.833333
p16_v16_margin_weighted,77a19d3c4e280b51,2300,0.528344929,0.579829276,0.812500,0.854167
p16_v16_margin_weighted,77a19d3c4e280b51,2350,0.517753124,0.570987284,0.833333,0.812500
p16_v16_margin_weighted,77a19d3c4e280b51,2400,0.519310415,0.562967718,0.822917,0.833333
p16_v16_margin_weighted,77a19d3c4e280b51,2450,0.513491035,0.573190272,0.812500,0.833333
p16_v16_margin_weighted,77a19d3c4e280b51,2500,0.504919946,0.550302625,0.812500,0.854167
p16_v16_margin_weighted,77a19d3c4e280b51,2550,0.497429639,0.553830564,0.843750,0.854167
p16_v16_margin_weighted,77a19d3c4e280b51,2600,0.503368914,0.558319211,0.833333,0.854167
p16_v16_margin_weighted,77a19d3c4e280b51,2650,0.499052376,0.563132226,0.843750,0.875000
p16_v16_margin_weighted,77a19d3c4e280b51,2700,0.493194073,0.558106005,0.833333,0.875000
p16_v16_margin_weighted,77a19d3c4e280b51,2750,0.493576258,0.532356918,0.802083,0.833333
p16_v16_margin_weighted,77a19d3c4e280b51,2800,0.480883986,0.543494821,0.833333,0.854167
p16_v16_margin_weighted,77a19d3c4e280b51,2850,0.484344393,0.536103725,0.812500,0.854167
p16_v16_margin_weighted,77a19d3c4e280b51,2900,0.477520317,0.548601866,0.833333,0.875000
p16_v16_margin_weighted,77a19d3c4e280b51,2950,0.469357848,0.541868627,0.843750,0.875000
p16_v16_margin_weighted,77a19d3c4e280b51,3000,0.459483862,0.526834190,0.864583,0.895833
p16_v16_margin_weighted,77a19d3c4e280b51,3050,0.470500588,0.553158343,0.885417,0.833333
p16_v16_margin_weighted,77a19d3c4e280b51,3100,0.470488548,0.552615941,0.854167,0.833333
p16_v16_margin_weighted,77a19d3c4e280b51,3150,0.463654399,0.510046303,0.854167,0.854167
p16_v16_margin_weighted,77a19d3c4e280b51,3200,0.459315628,0.502256572,0.812500,0.854167
p16_v16_margin_weighted,77a19d3c4e280b51,3250,0.444047213,0.511767089,0.864583,0.812500
p16_v16_margin_weighted,77a19d3c4e280b51,3300,0.458199620,0.524024963,0.812500,0.875000
p16_v16_margin_weighted,77a19d3c4e280b51,3350,0.440440416,0.503906727,0.854167,0.833333
p16_v16_margin_weighted,77a19d3c4e280b51,3400,0.447458297,0.525931358,0.843750,0.875000
p16_v16_margin_weighted,77a19d3c4e280b51,3450,0.440087944,0.504104555,0.864583,0.854167
p16_v16_margin_weighted,77a19d3c4e280b51,3500,0.433839172,0.497397572,0.875000,0.854167
p16_v16_margin_weighted,77a19d3c4e280b51,3550,0.425145060,0.480572909,0.885417,0.875000
p16_v16_margin_weighted,77a19d3c4e280b51,3600,0.432154804,0.495166749,0.864583,0.854167
p16_v16_margin_weighted,77a19d3c4e280b51,3650,0.422355562,0.507284105,0.875000,0.895833
p16_v16_margin_weighted,77a19d3c4e280b51,3700,0.419416636,0.480344206,0.906250,0.854167
p16_v16_margin_weighted,77a19d3c4e280b51,3750,0.420736879,0.474187821,0.885417,0.833333
p16_v16_margin_weighted,77a19d3c4e280b51,3800,0.421912789,0.499439597,0.885417,0.875000
p16_v16_margin_weighted,77a19d3c4e280b51,3850,0.423376203,0.496558189,0.875000,0.875000
p16_v16_margin_weighted,77a19d3c4e280b51,3900,0.419218332,0.485872030,0.875000,0.875000
p16_v16_margin_weighted,77a19d3c4e280b51,3950,0.412069172,0.473903447,0.854167,0.875000
p16_v16_margin_weighted,77a19d3c4e280b51,4000,0.419517785,0.498588324,0.895833,0.854167
p16_v16_margin_weighted,77a19d3c4e280b51,4050,0.398633480,0.475608855,0.895833,0.895833
p16_v16_margin_weighted,77a19d3c4e280b51,4100,0.404079825,0.492383569,0.875000,0.875000
p16_v16_margin_weighted,77a19d3c4e280b51,4150,0.402512550,0.475800902,0.885417,0.854167
p16_v16_margin_weighted,77a19d3c4e280b51,4200,0.398499846,0.493704319,0.895833,0.875000
p16_v16_margin_weighted,77a19d3c4e280b51,4250,0.392354161,0.481202602,0.885417,0.916667
p16_v16_margin_weighted,77a19d3c4e280b51,4300,0.385453463,0.459891886,0.885417,0.854167
p16_v16_margin_weighted,77a19d3c4e280b51,4350,0.381202072,0.456516594,0.906250,0.895833
p16_v16_margin_weighted,77a19d3c4e280b51,4400,0.387758106,0.461393386,0.895833,0.854167
p16_v16_margin_weighted,77a19d3c4e280b51,4450,0.376447320,0.442641973,0.895833,0.895833
p16_v16_margin_weighted,77a19d3c4e280b51,4500,0.383215427,0.454512447,0.895833,0.875000
p16_v16_margin_weighted,77a19d3c4e280b51,4550,0.375564247,0.446118504,0.875000,0.895833
p16_v16_margin_weighted,77a19d3c4e280b51,4600,0.377011985,0.452155232,0.916667,0.895833
p16_v16_margin_weighted,77a19d3c4e280b51,4650,0.371239036,0.461973906,0.885417,0.895833
p16_v16_margin_weighted,77a19d3c4e280b51,4700,0.373622388,0.447366238,0.895833,0.854167
p16_v16_margin_weighted,77a19d3c4e280b51,4750,0.380295664,0.441609949,0.854167,0.854167
p16_v16_margin_weighted,77a19d3c4e280b51,4800,0.391324431,0.474886745,0.875000,0.875000
p16_v16_margin_weighted,1111222233334444,50,1.095749974,1.096260071,0.322917,0.333333
p16_v16_margin_weighted,1111222233334444,100,1.089184165,1.091256022,0.416667,0.416667
p16_v16_margin_weighted,1111222233334444,150,1.083825946,1.087308645,0.510417,0.500000
p16_v16_margin_weighted,1111222233334444,200,1.073107958,1.080576777,0.479167,0.479167
p16_v16_margin_weighted,1111222233334444,250,1.065010428,1.074183345,0.468750,0.437500
p16_v16_margin_weighted,1111222233334444,300,1.059423804,1.068462729,0.468750,0.458333
p16_v16_margin_weighted,1111222233334444,350,1.051827192,1.061142206,0.458333,0.458333
p16_v16_margin_weighted,1111222233334444,400,1.045226097,1.054537416,0.468750,0.437500
p16_v16_margin_weighted,1111222233334444,450,1.040232897,1.049955249,0.468750,0.500000
p16_v16_margin_weighted,1111222233334444,500,1.036564946,1.052817225,0.437500,0.458333
p16_v16_margin_weighted,1111222233334444,550,1.031952977,1.047416329,0.479167,0.458333
p16_v16_margin_weighted,1111222233334444,600,1.026291251,1.040197730,0.489583,0.458333
p16_v16_margin_weighted,1111222233334444,650,1.018488765,1.034530163,0.458333,0.437500
p16_v16_margin_weighted,1111222233334444,700,1.012367725,1.026593804,0.458333,0.437500
p16_v16_margin_weighted,1111222233334444,750,1.002289891,1.017486691,0.489583,0.458333
p16_v16_margin_weighted,1111222233334444,800,0.990826309,1.005018711,0.468750,0.458333
p16_v16_margin_weighted,1111222233334444,850,0.981444120,0.997698128,0.479167,0.479167
p16_v16_margin_weighted,1111222233334444,900,0.971430779,0.984256208,0.489583,0.479167
p16_v16_margin_weighted,1111222233334444,950,0.957514286,0.969521344,0.500000,0.479167
p16_v16_margin_weighted,1111222233334444,1000,0.944566250,0.960687578,0.479167,0.500000
p16_v16_margin_weighted,1111222233334444,1050,0.928152084,0.941869795,0.500000,0.520833
p16_v16_margin_weighted,1111222233334444,1100,0.916753769,0.932267845,0.552083,0.520833
p16_v16_margin_weighted,1111222233334444,1150,0.903071880,0.918120682,0.520833,0.541667
p16_v16_margin_weighted,1111222233334444,1200,0.889006197,0.902090788,0.520833,0.520833
p16_v16_margin_weighted,1111222233334444,1250,0.875716269,0.893463075,0.552083,0.562500
p16_v16_margin_weighted,1111222233334444,1300,0.855893433,0.875848770,0.604167,0.562500
p16_v16_margin_weighted,1111222233334444,1350,0.839324415,0.860129893,0.666667,0.562500
p16_v16_margin_weighted,1111222233334444,1400,0.821564138,0.845831633,0.687500,0.604167
p16_v16_margin_weighted,1111222233334444,1450,0.802783489,0.824851036,0.677083,0.604167
p16_v16_margin_weighted,1111222233334444,1500,0.785791695,0.803536713,0.708333,0.645833
p16_v16_margin_weighted,1111222233334444,1550,0.757032156,0.782884419,0.718750,0.625000
p16_v16_margin_weighted,1111222233334444,1600,0.733029544,0.758168161,0.708333,0.687500
p16_v16_margin_weighted,1111222233334444,1650,0.713123560,0.747895062,0.729167,0.687500
p16_v16_margin_weighted,1111222233334444,1700,0.701500356,0.717469990,0.729167,0.812500
p16_v16_margin_weighted,1111222233334444,1750,0.678124607,0.704438925,0.802083,0.750000
p16_v16_margin_weighted,1111222233334444,1800,0.659112751,0.687316418,0.770833,0.729167
p16_v16_margin_weighted,1111222233334444,1850,0.634335756,0.663889289,0.760417,0.770833
p16_v16_margin_weighted,1111222233334444,1900,0.625668526,0.663698018,0.781250,0.812500
p16_v16_margin_weighted,1111222233334444,1950,0.616849363,0.646792114,0.770833,0.770833
p16_v16_margin_weighted,1111222233334444,2000,0.604054630,0.650825918,0.781250,0.729167
p16_v16_margin_weighted,1111222233334444,2050,0.595538616,0.634916365,0.770833,0.791667
p16_v16_margin_weighted,1111222233334444,2100,0.586928904,0.624163866,0.770833,0.791667
p16_v16_margin_weighted,1111222233334444,2150,0.583148599,0.637390137,0.781250,0.750000
p16_v16_margin_weighted,1111222233334444,2200,0.579101741,0.605247855,0.750000,0.812500
p16_v16_margin_weighted,1111222233334444,2250,0.571018398,0.614096463,0.770833,0.812500
p16_v16_margin_weighted,1111222233334444,2300,0.564364314,0.610458076,0.760417,0.791667
p16_v16_margin_weighted,1111222233334444,2350,0.560125172,0.606283367,0.770833,0.791667
p16_v16_margin_weighted,1111222233334444,2400,0.550729275,0.605459213,0.760417,0.750000
p16_v16_margin_weighted,1111222233334444,2450,0.552439749,0.611917436,0.750000,0.791667
p16_v16_margin_weighted,1111222233334444,2500,0.545420825,0.596885324,0.770833,0.750000
p16_v16_margin_weighted,1111222233334444,2550,0.540743768,0.587626576,0.770833,0.770833
p16_v16_margin_weighted,1111222233334444,2600,0.534541488,0.595269620,0.750000,0.750000
p16_v16_margin_weighted,1111222233334444,2650,0.534402370,0.614507973,0.770833,0.750000
p16_v16_margin_weighted,1111222233334444,2700,0.528483391,0.610028863,0.760417,0.729167
p16_v16_margin_weighted,1111222233334444,2750,0.520527422,0.589002609,0.791667,0.833333
p16_v16_margin_weighted,1111222233334444,2800,0.515877068,0.591023266,0.770833,0.812500
p16_v16_margin_weighted,1111222233334444,2850,0.511790037,0.603313029,0.770833,0.791667
p16_v16_margin_weighted,1111222233334444,2900,0.512897432,0.594249725,0.770833,0.770833
p16_v16_margin_weighted,1111222233334444,2950,0.508607566,0.603794396,0.812500,0.770833
p16_v16_margin_weighted,1111222233334444,3000,0.513596296,0.616706431,0.781250,0.770833
p16_v16_margin_weighted,1111222233334444,3050,0.501271844,0.597234428,0.802083,0.791667
p16_v16_margin_weighted,1111222233334444,3100,0.498287112,0.593185604,0.812500,0.791667
p16_v16_margin_weighted,1111222233334444,3150,0.501868010,0.601996958,0.802083,0.750000
p16_v16_margin_weighted,1111222233334444,3200,0.490327984,0.585723102,0.822917,0.812500
p16_v16_margin_weighted,1111222233334444,3250,0.503408253,0.592750311,0.854167,0.833333
p16_v16_margin_weighted,1111222233334444,3300,0.488083810,0.572880089,0.802083,0.854167
p16_v16_margin_weighted,1111222233334444,3350,0.484816819,0.566269875,0.802083,0.791667
p16_v16_margin_weighted,1111222233334444,3400,0.478079766,0.570710599,0.822917,0.875000
p16_v16_margin_weighted,1111222233334444,3450,0.476895690,0.579528034,0.812500,0.854167
p16_v16_margin_weighted,1111222233334444,3500,0.481119633,0.575984359,0.812500,0.812500
p16_v16_margin_weighted,1111222233334444,3550,0.479759544,0.564172447,0.770833,0.812500
p16_v16_margin_weighted,1111222233334444,3600,0.474900633,0.554066777,0.812500,0.812500
p16_v16_margin_weighted,1111222233334444,3650,0.475848228,0.563475907,0.833333,0.812500
p16_v16_margin_weighted,1111222233334444,3700,0.477220923,0.547487080,0.802083,0.854167
p16_v16_margin_weighted,1111222233334444,3750,0.479778379,0.579371035,0.812500,0.854167
p16_v16_margin_weighted,1111222233334444,3800,0.469684929,0.559095442,0.854167,0.854167
p16_v16_margin_weighted,1111222233334444,3850,0.467790365,0.557481050,0.833333,0.833333
p16_v16_margin_weighted,1111222233334444,3900,0.472452790,0.549376309,0.802083,0.812500
p16_v16_margin_weighted,1111222233334444,3950,0.464808375,0.582897723,0.843750,0.791667
p16_v16_margin_weighted,1111222233334444,4000,0.450087875,0.563391984,0.833333,0.812500
p16_v16_margin_weighted,1111222233334444,4050,0.450852543,0.550997734,0.791667,0.833333
p16_v16_margin_weighted,1111222233334444,4100,0.444037050,0.552845061,0.812500,0.875000
p16_v16_margin_weighted,1111222233334444,4150,0.444559902,0.555746377,0.822917,0.833333
p16_v16_margin_weighted,1111222233334444,4200,0.447455734,0.571978152,0.822917,0.833333
p16_v16_margin_weighted,1111222233334444,4250,0.437160403,0.540079951,0.802083,0.895833
p16_v16_margin_weighted,1111222233334444,4300,0.431696504,0.545263588,0.812500,0.854167
p16_v16_margin_weighted,1111222233334444,4350,0.427846104,0.530750453,0.854167,0.854167
p16_v16_margin_weighted,1111222233334444,4400,0.435693353,0.550734818,0.864583,0.812500
p16_v16_margin_weighted,1111222233334444,4450,0.417488694,0.517718256,0.854167,0.854167
p16_v16_margin_weighted,1111222233334444,4500,0.419256598,0.529276788,0.854167,0.833333
p16_v16_margin_weighted,1111222233334444,4550,0.413543493,0.534429848,0.843750,0.895833
p16_v16_margin_weighted,1111222233334444,4600,0.418178231,0.553052247,0.854167,0.833333
p16_v16_margin_weighted,1111222233334444,4650,0.413839787,0.519256771,0.843750,0.812500
p16_v16_margin_weighted,1111222233334444,4700,0.407778263,0.549539089,0.864583,0.854167
p16_v16_margin_weighted,1111222233334444,4750,0.408910275,0.542757273,0.833333,0.875000
p16_v16_margin_weighted,1111222233334444,4800,0.401119083,0.524071634,0.854167,0.812500
p16_v48_random,2b7e151628aed2a6,50,1.097600341,1.097962976,0.333333,0.333333
p16_v48_random,2b7e151628aed2a6,100,1.093137026,1.094610333,0.322917,0.312500
p16_v48_random,2b7e151628aed2a6,150,1.087375641,1.089605212,0.406250,0.416667
p16_v48_random,2b7e151628aed2a6,200,1.080030322,1.083994865,0.406250,0.375000
p16_v48_random,2b7e151628aed2a6,250,1.072826505,1.077857137,0.458333,0.437500
p16_v48_random,2b7e151628aed2a6,300,1.065408111,1.071493387,0.468750,0.395833
p16_v48_random,2b7e151628aed2a6,350,1.061133623,1.068110228,0.479167,0.479167
p16_v48_random,2b7e151628aed2a6,400,1.057561994,1.064558744,0.416667,0.416667
p16_v48_random,2b7e151628aed2a6,450,1.050778985,1.058333278,0.458333,0.458333
p16_v48_random,2b7e151628aed2a6,500,1.049403667,1.057142973,0.479167,0.437500
p16_v48_random,2b7e151628aed2a6,550,1.045039058,1.055819869,0.458333,0.437500
p16_v48_random,2b7e151628aed2a6,600,1.032783270,1.045237780,0.458333,0.458333
p16_v48_random,2b7e151628aed2a6,650,1.024926186,1.038929224,0.479167,0.458333
p16_v48_random,2b7e151628aed2a6,700,1.022858977,1.038415551,0.479167,0.479167
p16_v48_random,2b7e151628aed2a6,750,1.021332145,1.040656924,0.437500,0.458333
p16_v48_random,2b7e151628aed2a6,800,1.006043911,1.026105285,0.479167,0.437500
p16_v48_random,2b7e151628aed2a6,850,0.999842167,1.019771099,0.479167,0.437500
p16_v48_random,2b7e151628aed2a6,900,0.988469601,1.009004593,0.479167,0.437500
p16_v48_random,2b7e151628aed2a6,950,0.973338664,0.997655809,0.510417,0.520833
p16_v48_random,2b7e151628aed2a6,1000,0.959342003,0.985185325,0.531250,0.500000
p16_v48_random,2b7e151628aed2a6,1050,0.944509685,0.971470535,0.520833,0.583333
p16_v48_random,2b7e151628aed2a6,1100,0.920884192,0.954442322,0.520833,0.520833
p16_v48_random,2b7e151628aed2a6,1150,0.905919135,0.945745647,0.520833,0.541667
p16_v48_random,2b7e151628aed2a6,1200,0.884163082,0.924580157,0.552083,0.583333
p16_v48_random,2b7e151628aed2a6,1250,0.863675356,0.906612098,0.583333,0.562500
p16_v48_random,2b7e151628aed2a6,1300,0.845076621,0.892347634,0.604167,0.625000
p16_v48_random,2b7e151628aed2a6,1350,0.813138664,0.864898145,0.635417,0.687500
p16_v48_random,2b7e151628aed2a6,1400,0.790787697,0.840893924,0.656250,0.687500
p16_v48_random,2b7e151628aed2a6,1450,0.763185680,0.812628806,0.677083,0.750000
p16_v48_random,2b7e151628aed2a6,1500,0.742746651,0.798447132,0.697917,0.645833
p16_v48_random,2b7e151628aed2a6,1550,0.717315257,0.774983227,0.666667,0.687500
p16_v48_random,2b7e151628aed2a6,1600,0.701371849,0.760834277,0.687500,0.708333
p16_v48_random,2b7e151628aed2a6,1650,0.684320629,0.747612715,0.666667,0.708333
p16_v48_random,2b7e151628aed2a6,1700,0.675105810,0.730490386,0.760417,0.812500
p16_v48_random,2b7e151628aed2a6,1750,0.665422857,0.716672122,0.718750,0.729167
p16_v48_random,2b7e151628aed2a6,1800,0.648145854,0.704030454,0.760417,0.729167
p16_v48_random,2b7e151628aed2a6,1850,0.632754624,0.691516101,0.739583,0.708333
p16_v48_random,2b7e151628aed2a6,1900,0.621579170,0.689261675,0.739583,0.687500
p16_v48_random,2b7e151628aed2a6,1950,0.623893917,0.700570643,0.729167,0.729167
p16_v48_random,2b7e151628aed2a6,2000,0.610884726,0.682763398,0.739583,0.750000
p16_v48_random,2b7e151628aed2a6,2050,0.605048835,0.679077804,0.739583,0.750000
p16_v48_random,2b7e151628aed2a6,2100,0.594105840,0.664219916,0.760417,0.708333
p16_v48_random,2b7e151628aed2a6,2150,0.580412745,0.639785409,0.781250,0.750000
p16_v48_random,2b7e151628aed2a6,2200,0.589860320,0.661112964,0.781250,0.687500
p16_v48_random,2b7e151628aed2a6,2250,0.569091499,0.635205269,0.822917,0.750000
p16_v48_random,2b7e151628aed2a6,2300,0.562929690,0.638807535,0.781250,0.729167
p16_v48_random,2b7e151628aed2a6,2350,0.557223856,0.618879080,0.802083,0.750000
p16_v48_random,2b7e151628aed2a6,2400,0.553922832,0.610087812,0.812500,0.770833
p16_v48_random,2b7e151628aed2a6,2450,0.544249594,0.614721358,0.802083,0.770833
p16_v48_random,2b7e151628aed2a6,2500,0.540003717,0.615621030,0.802083,0.750000
p16_v48_random,2b7e151628aed2a6,2550,0.526808679,0.595766008,0.802083,0.770833
p16_v48_random,2b7e151628aed2a6,2600,0.525099814,0.585949183,0.812500,0.791667
p16_v48_random,2b7e151628aed2a6,2650,0.517837346,0.582890153,0.812500,0.791667
p16_v48_random,2b7e151628aed2a6,2700,0.518925428,0.573759258,0.791667,0.750000
p16_v48_random,2b7e151628aed2a6,2750,0.510960639,0.585248649,0.802083,0.750000
p16_v48_random,2b7e151628aed2a6,2800,0.516332686,0.590093732,0.781250,0.770833
p16_v48_random,2b7e151628aed2a6,2850,0.502055526,0.568594754,0.791667,0.791667
p16_v48_random,2b7e151628aed2a6,2900,0.493396997,0.565854847,0.822917,0.750000
p16_v48_random,2b7e151628aed2a6,2950,0.494144708,0.570865095,0.833333,0.770833
p16_v48_random,2b7e151628aed2a6,3000,0.489953071,0.547422945,0.833333,0.833333
p16_v48_random,2b7e151628aed2a6,3050,0.487260491,0.550861716,0.822917,0.750000
p16_v48_random,2b7e151628aed2a6,3100,0.485643953,0.550182402,0.833333,0.791667
p16_v48_random,2b7e151628aed2a6,3150,0.482407808,0.550786078,0.812500,0.791667
p16_v48_random,2b7e151628aed2a6,3200,0.483038396,0.539263606,0.791667,0.791667
p16_v48_random,2b7e151628aed2a6,3250,0.477276295,0.533830523,0.822917,0.812500
p16_v48_random,2b7e151628aed2a6,3300,0.472736865,0.539019406,0.802083,0.791667
p16_v48_random,2b7e151628aed2a6,3350,0.469096422,0.541788161,0.833333,0.791667
p16_v48_random,2b7e151628aed2a6,3400,0.469201714,0.534421682,0.833333,0.770833
p16_v48_random,2b7e151628aed2a6,3450,0.465796918,0.513852060,0.833333,0.750000
p16_v48_random,2b7e151628aed2a6,3500,0.468010902,0.538714349,0.812500,0.854167
p16_v48_random,2b7e151628aed2a6,3550,0.458454460,0.522438884,0.812500,0.770833
p16_v48_random,2b7e151628aed2a6,3600,0.462371826,0.528617084,0.802083,0.791667
p16_v48_random,2b7e151628aed2a6,3650,0.458273172,0.505206764,0.833333,0.791667
p16_v48_random,2b7e151628aed2a6,3700,0.455553323,0.514422119,0.812500,0.854167
p16_v48_random,2b7e151628aed2a6,3750,0.454380602,0.511328459,0.833333,0.750000
p16_v48_random,2b7e151628aed2a6,3800,0.456998497,0.508521736,0.812500,0.750000
p16_v48_random,2b7e151628aed2a6,3850,0.452944666,0.502335727,0.822917,0.729167
p16_v48_random,2b7e151628aed2a6,3900,0.445311874,0.490655810,0.843750,0.750000
p16_v48_random,2b7e151628aed2a6,3950,0.448305160,0.484934241,0.822917,0.791667
p16_v48_random,2b7e151628aed2a6,4000,0.448322177,0.498610288,0.812500,0.854167
p16_v48_random,2b7e151628aed2a6,4050,0.443269402,0.489222497,0.833333,0.854167
p16_v48_random,2b7e151628aed2a6,4100,0.443246633,0.494162798,0.843750,0.833333
p16_v48_random,2b7e151628aed2a6,4150,0.443753600,0.484071761,0.812500,0.770833
p16_v48_random,2b7e151628aed2a6,4200,0.446378201,0.479153514,0.833333,0.833333
p16_v48_random,2b7e151628aed2a6,4250,0.449255258,0.487722248,0.854167,0.791667
p16_v48_random,2b7e151628aed2a6,4300,0.441112310,0.479331821,0.864583,0.833333
p16_v48_random,2b7e151628aed2a6,4350,0.439349979,0.472560674,0.833333,0.833333
p16_v48_random,2b7e151628aed2a6,4400,0.439341784,0.478024453,0.822917,0.791667
p16_v48_random,2b7e151628aed2a6,4450,0.439301640,0.461307019,0.854167,0.854167
p16_v48_random,2b7e151628aed2a6,4500,0.438467354,0.474776953,0.833333,0.895833
p16_v48_random,2b7e151628aed2a6,4550,0.436396569,0.467695266,0.854167,0.833333
p16_v48_random,2b7e151628aed2a6,4600,0.431717426,0.485426456,0.854167,0.791667
p16_v48_random,2b7e151628aed2a6,4650,0.427827686,0.465763181,0.854167,0.812500
p16_v48_random,2b7e151628aed2a6,4700,0.432105750,0.474963814,0.843750,0.854167
p16_v48_random,2b7e151628aed2a6,4750,0.433171034,0.463610142,0.822917,0.875000
p16_v48_random,2b7e151628aed2a6,4800,0.427395910,0.459001690,0.854167,0.833333
p16_v48_random,77a19d3c4e280b51,50,1.103419304,1.103648067,0.333333,0.333333
p16_v48_random,77a19d3c4e280b51,100,1.099462390,1.100616217,0.333333,0.333333
p16_v48_random,77a19d3c4e280b51,150,1.094310641,1.096242070,0.395833,0.395833
p16_v48_random,77a19d3c4e280b51,200,1.091353536,1.093601227,0.333333,0.333333
p16_v48_random,77a19d3c4e280b51,250,1.087854862,1.090855956,0.333333,0.333333
p16_v48_random,77a19d3c4e280b51,300,1.084165931,1.088172317,0.416667,0.333333
p16_v48_random,77a19d3c4e280b51,350,1.074966669,1.079902887,0.447917,0.416667
p16_v48_random,77a19d3c4e280b51,400,1.066267371,1.071886420,0.489583,0.541667
p16_v48_random,77a19d3c4e280b51,450,1.059172153,1.066150546,0.479167,0.458333
p16_v48_random,77a19d3c4e280b51,500,1.051262736,1.058925629,0.520833,0.458333
p16_v48_random,77a19d3c4e280b51,550,1.042175531,1.050680518,0.468750,0.458333
p16_v48_random,77a19d3c4e280b51,600,1.033542275,1.039993286,0.437500,0.479167
p16_v48_random,77a19d3c4e280b51,650,1.019362688,1.027031898,0.479167,0.437500
p16_v48_random,77a19d3c4e280b51,700,1.009199619,1.016425490,0.541667,0.520833
p16_v48_random,77a19d3c4e280b51,750,1.000625491,1.008374333,0.479167,0.479167
p16_v48_random,77a19d3c4e280b51,800,0.991640151,0.997686327,0.468750,0.416667
p16_v48_random,77a19d3c4e280b51,850,0.981941283,0.984987736,0.479167,0.437500
p16_v48_random,77a19d3c4e280b51,900,0.976507723,0.978756666,0.458333,0.437500
p16_v48_random,77a19d3c4e280b51,950,0.966551244,0.969271958,0.500000,0.416667
p16_v48_random,77a19d3c4e280b51,1000,0.962125957,0.967555940,0.510417,0.437500
p16_v48_random,77a19d3c4e280b51,1050,0.948097646,0.951995909,0.541667,0.458333
p16_v48_random,77a19d3c4e280b51,1100,0.937100708,0.937780082,0.520833,0.458333
p16_v48_random,77a19d3c4e280b51,1150,0.932063341,0.930525243,0.552083,0.500000
p16_v48_random,77a19d3c4e280b51,1200,0.919130385,0.920505822,0.562500,0.500000
p16_v48_random,77a19d3c4e280b51,1250,0.909117758,0.921747684,0.541667,0.500000
p16_v48_random,77a19d3c4e280b51,1300,0.891956866,0.897882640,0.583333,0.500000
p16_v48_random,77a19d3c4e280b51,1350,0.881518900,0.892127991,0.604167,0.500000
p16_v48_random,77a19d3c4e280b51,1400,0.867533982,0.880751908,0.614583,0.541667
p16_v48_random,77a19d3c4e280b51,1450,0.850297630,0.868883550,0.625000,0.541667
p16_v48_random,77a19d3c4e280b51,1500,0.831483364,0.857393980,0.614583,0.541667
p16_v48_random,77a19d3c4e280b51,1550,0.812484980,0.831794322,0.635417,0.604167
p16_v48_random,77a19d3c4e280b51,1600,0.795149505,0.822948277,0.697917,0.625000
p16_v48_random,77a19d3c4e280b51,1650,0.767042160,0.788113654,0.729167,0.625000
p16_v48_random,77a19d3c4e280b51,1700,0.744188786,0.775582850,0.729167,0.687500
p16_v48_random,77a19d3c4e280b51,1750,0.725706518,0.744702160,0.729167,0.666667
p16_v48_random,77a19d3c4e280b51,1800,0.701871395,0.726306736,0.739583,0.708333
p16_v48_random,77a19d3c4e280b51,1850,0.680208623,0.714168608,0.770833,0.708333
p16_v48_random,77a19d3c4e280b51,1900,0.659148514,0.692659855,0.760417,0.833333
p16_v48_random,77a19d3c4e280b51,1950,0.641987145,0.684494555,0.739583,0.750000
p16_v48_random,77a19d3c4e280b51,2000,0.629356265,0.676318467,0.750000,0.770833
p16_v48_random,77a19d3c4e280b51,2050,0.610071540,0.651060402,0.781250,0.854167
p16_v48_random,77a19d3c4e280b51,2100,0.602192760,0.635352135,0.781250,0.812500
p16_v48_random,77a19d3c4e280b51,2150,0.587581694,0.629959047,0.760417,0.770833
p16_v48_random,77a19d3c4e280b51,2200,0.574377239,0.622365236,0.729167,0.750000
p16_v48_random,77a19d3c4e280b51,2250,0.563262820,0.620769083,0.791667,0.770833
p16_v48_random,77a19d3c4e280b51,2300,0.551180959,0.606497943,0.812500,0.791667
p16_v48_random,77a19d3c4e280b51,2350,0.540955663,0.607087255,0.791667,0.791667
p16_v48_random,77a19d3c4e280b51,2400,0.528430283,0.576200664,0.822917,0.833333
p16_v48_random,77a19d3c4e280b51,2450,0.525103986,0.591314018,0.854167,0.812500
p16_v48_random,77a19d3c4e280b51,2500,0.517005324,0.560726404,0.802083,0.833333
p16_v48_random,77a19d3c4e280b51,2550,0.510038197,0.574560821,0.822917,0.770833
p16_v48_random,77a19d3c4e280b51,2600,0.507502615,0.565230191,0.833333,0.854167
p16_v48_random,77a19d3c4e280b51,2650,0.505091608,0.567624390,0.843750,0.854167
p16_v48_random,77a19d3c4e280b51,2700,0.497534007,0.549083292,0.812500,0.812500
p16_v48_random,77a19d3c4e280b51,2750,0.500259876,0.534757435,0.812500,0.791667
p16_v48_random,77a19d3c4e280b51,2800,0.490744680,0.539230287,0.812500,0.791667
p16_v48_random,77a19d3c4e280b51,2850,0.484605938,0.527858436,0.843750,0.791667
p16_v48_random,77a19d3c4e280b51,2900,0.473674625,0.532804906,0.875000,0.833333
p16_v48_random,77a19d3c4e280b51,2950,0.468452364,0.530387282,0.864583,0.791667
p16_v48_random,77a19d3c4e280b51,3000,0.466178566,0.532229722,0.843750,0.895833
p16_v48_random,77a19d3c4e280b51,3050,0.453018516,0.513347685,0.854167,0.791667
p16_v48_random,77a19d3c4e280b51,3100,0.452180535,0.513251483,0.854167,0.854167
p16_v48_random,77a19d3c4e280b51,3150,0.449698418,0.506300747,0.875000,0.875000
p16_v48_random,77a19d3c4e280b51,3200,0.443680435,0.496748418,0.864583,0.833333
p16_v48_random,77a19d3c4e280b51,3250,0.442017645,0.506226122,0.843750,0.833333
p16_v48_random,77a19d3c4e280b51,3300,0.442105651,0.510067999,0.885417,0.854167
p16_v48_random,77a19d3c4e280b51,3350,0.444899350,0.487432718,0.854167,0.833333
p16_v48_random,77a19d3c4e280b51,3400,0.444320947,0.514878869,0.854167,0.812500
p16_v48_random,77a19d3c4e280b51,3450,0.442022711,0.485128731,0.843750,0.895833
p16_v48_random,77a19d3c4e280b51,3500,0.429600626,0.485386610,0.843750,0.854167
p16_v48_random,77a19d3c4e280b51,3550,0.431900471,0.484022766,0.843750,0.833333
p16_v48_random,77a19d3c4e280b51,3600,0.426592201,0.497659326,0.843750,0.854167
p16_v48_random,77a19d3c4e280b51,3650,0.425727695,0.484302551,0.854167,0.833333
p16_v48_random,77a19d3c4e280b51,3700,0.427070647,0.496357441,0.875000,0.875000
p16_v48_random,77a19d3c4e280b51,3750,0.428341717,0.504131913,0.854167,0.791667
p16_v48_random,77a19d3c4e280b51,3800,0.430634350,0.501714945,0.854167,0.812500
p16_v48_random,77a19d3c4e280b51,3850,0.422037572,0.494557112,0.854167,0.833333
p16_v48_random,77a19d3c4e280b51,3900,0.411833137,0.487042665,0.885417,0.833333
p16_v48_random,77a19d3c4e280b51,3950,0.416319460,0.499552578,0.833333,0.833333
p16_v48_random,77a19d3c4e280b51,4000,0.417295218,0.477920324,0.833333,0.854167
p16_v48_random,77a19d3c4e280b51,4050,0.407505959,0.477895737,0.885417,0.854167
p16_v48_random,77a19d3c4e280b51,4100,0.408134311,0.465264320,0.875000,0.895833
p16_v48_random,77a19d3c4e280b51,4150,0.404037565,0.472020477,0.885417,0.875000
p16_v48_random,77a19d3c4e280b51,4200,0.402950734,0.470392704,0.885417,0.833333
p16_v48_random,77a19d3c4e280b51,4250,0.393580198,0.473713189,0.864583,0.833333
p16_v48_random,77a19d3c4e280b51,4300,0.395719677,0.473105431,0.864583,0.812500
p16_v48_random,77a19d3c4e280b51,4350,0.398327500,0.457995087,0.885417,0.875000
p16_v48_random,77a19d3c4e280b51,4400,0.391791493,0.460656494,0.864583,0.833333
p16_v48_random,77a19d3c4e280b51,4450,0.387845725,0.458129615,0.875000,0.854167
p16_v48_random,77a19d3c4e280b51,4500,0.382573247,0.460987091,0.895833,0.833333
p16_v48_random,77a19d3c4e280b51,4550,0.377231210,0.459765524,0.895833,0.854167
p16_v48_random,77a19d3c4e280b51,4600,0.381471366,0.468663692,0.875000,0.812500
p16_v48_random,77a19d3c4e280b51,4650,0.380074114,0.439534098,0.854167,0.833333
p16_v48_random,77a19d3c4e280b51,4700,0.370118409,0.437469244,0.875000,0.833333
p16_v48_random,77a19d3c4e280b51,4750,0.365891069,0.441216111,0.895833,0.875000
p16_v48_random,77a19d3c4e280b51,4800,0.366866469,0.461264849,0.895833,0.875000
p16_v48_random,1111222233334444,50,1.099469900,1.099684238,0.364583,0.312500
p16_v48_random,1111222233334444,100,1.095609307,1.096549869,0.333333,0.333333
p16_v48_random,1111222233334444,150,1.093839288,1.095195174,0.333333,0.333333
p16_v48_random,1111222233334444,200,1.090621471,1.092622161,0.333333,0.333333
p16_v48_random,1111222233334444,250,1.088478446,1.091619611,0.406250,0.375000
p16_v48_random,1111222233334444,300,1.082635403,1.085931778,0.437500,0.375000
p16_v48_random,1111222233334444,350,1.076817393,1.081225634,0.395833,0.375000
p16_v48_random,1111222233334444,400,1.074789286,1.080237150,0.395833,0.416667
p16_v48_random,1111222233334444,450,1.062988281,1.069375396,0.447917,0.437500
p16_v48_random,1111222233334444,500,1.055283666,1.063102484,0.458333,0.437500
p16_v48_random,1111222233334444,550,1.046336651,1.056230783,0.489583,0.500000
p16_v48_random,1111222233334444,600,1.042260766,1.053786397,0.479167,0.416667
p16_v48_random,1111222233334444,650,1.033632636,1.046278477,0.489583,0.500000
p16_v48_random,1111222233334444,700,1.029720902,1.040264249,0.479167,0.479167
p16_v48_random,1111222233334444,750,1.023143291,1.034144998,0.479167,0.479167
p16_v48_random,1111222233334444,800,1.017185330,1.029482245,0.489583,0.479167
p16_v48_random,1111222233334444,850,1.005868435,1.020053506,0.479167,0.479167
p16_v48_random,1111222233334444,900,0.999423087,1.014133811,0.479167,0.500000
p16_v48_random,1111222233334444,950,0.988315523,1.005056024,0.500000,0.541667
p16_v48_random,1111222233334444,1000,0.980323493,0.996234119,0.479167,0.479167
p16_v48_random,1111222233334444,1050,0.966867626,0.984704435,0.489583,0.479167
p16_v48_random,1111222233334444,1100,0.950753987,0.973754883,0.489583,0.458333
p16_v48_random,1111222233334444,1150,0.944304645,0.967901289,0.479167,0.458333
p16_v48_random,1111222233334444,1200,0.926211298,0.950337708,0.520833,0.520833
p16_v48_random,1111222233334444,1250,0.910270989,0.938513517,0.552083,0.500000
p16_v48_random,1111222233334444,1300,0.891620636,0.922708750,0.510417,0.416667
p16_v48_random,1111222233334444,1350,0.872058868,0.901879787,0.583333,0.520833
p16_v48_random,1111222233334444,1400,0.856232107,0.892745733,0.604167,0.562500
p16_v48_random,1111222233334444,1450,0.836341441,0.866597712,0.625000,0.562500
p16_v48_random,1111222233334444,1500,0.813759804,0.843498409,0.645833,0.625000
p16_v48_random,1111222233334444,1550,0.792972863,0.831704557,0.635417,0.541667
p16_v48_random,1111222233334444,1600,0.769161761,0.805509746,0.677083,0.625000
p16_v48_random,1111222233334444,1650,0.742709637,0.784134924,0.677083,0.687500
p16_v48_random,1111222233334444,1700,0.729856551,0.777304232,0.677083,0.666667
p16_v48_random,1111222233334444,1750,0.710717201,0.751708984,0.708333,0.708333
p16_v48_random,1111222233334444,1800,0.691379309,0.742269039,0.760417,0.687500
p16_v48_random,1111222233334444,1850,0.675160468,0.721078455,0.760417,0.708333
p16_v48_random,1111222233334444,1900,0.663025379,0.695489883,0.791667,0.750000
p16_v48_random,1111222233334444,1950,0.645000160,0.681485951,0.781250,0.770833
p16_v48_random,1111222233334444,2000,0.625363946,0.668223917,0.781250,0.729167
p16_v48_random,1111222233334444,2050,0.617497623,0.657746851,0.802083,0.750000
p16_v48_random,1111222233334444,2100,0.605434000,0.645756543,0.802083,0.770833
p16_v48_random,1111222233334444,2150,0.593753159,0.638803422,0.781250,0.812500
p16_v48_random,1111222233334444,2200,0.581391871,0.620162070,0.812500,0.854167
p16_v48_random,1111222233334444,2250,0.567936659,0.592874110,0.833333,0.854167
p16_v48_random,1111222233334444,2300,0.553519726,0.587628782,0.812500,0.854167
p16_v48_random,1111222233334444,2350,0.546601057,0.575623512,0.802083,0.791667
p16_v48_random,1111222233334444,2400,0.531460106,0.556997359,0.802083,0.854167
p16_v48_random,1111222233334444,2450,0.521869361,0.555292189,0.833333,0.854167
p16_v48_random,1111222233334444,2500,0.524255276,0.542061627,0.822917,0.854167
p16_v48_random,1111222233334444,2550,0.503519833,0.545234799,0.812500,0.833333
p16_v48_random,1111222233334444,2600,0.498954684,0.542788506,0.843750,0.791667
p16_v48_random,1111222233334444,2650,0.493373185,0.534477055,0.822917,0.833333
p16_v48_random,1111222233334444,2700,0.484670401,0.532762945,0.822917,0.854167
p16_v48_random,1111222233334444,2750,0.475584596,0.510671854,0.854167,0.875000
p16_v48_random,1111222233334444,2800,0.473574281,0.496475786,0.833333,0.833333
p16_v48_random,1111222233334444,2850,0.461682528,0.499894619,0.833333,0.875000
p16_v48_random,1111222233334444,2900,0.456063718,0.489690751,0.854167,0.875000
p16_v48_random,1111222233334444,2950,0.454083085,0.487662166,0.833333,0.854167
p16_v48_random,1111222233334444,3000,0.456209540,0.495947868,0.843750,0.875000
p16_v48_random,1111222233334444,3050,0.448104501,0.491936475,0.864583,0.875000
p16_v48_random,1111222233334444,3100,0.446847886,0.487744957,0.864583,0.875000
p16_v48_random,1111222233334444,3150,0.440207511,0.479182005,0.864583,0.895833
p16_v48_random,1111222233334444,3200,0.441294998,0.492777675,0.833333,0.875000
p16_v48_random,1111222233334444,3250,0.436874747,0.462950706,0.864583,0.916667
p16_v48_random,1111222233334444,3300,0.433878750,0.469246775,0.843750,0.875000
p16_v48_random,1111222233334444,3350,0.425413251,0.462302834,0.864583,0.875000
p16_v48_random,1111222233334444,3400,0.436666161,0.464816183,0.854167,0.854167
p16_v48_random,1111222233334444,3450,0.426350594,0.471359164,0.833333,0.833333
p16_v48_random,1111222233334444,3500,0.422651649,0.451449990,0.854167,0.895833
p16_v48_random,1111222233334444,3550,0.416602105,0.463540524,0.854167,0.875000
p16_v48_random,1111222233334444,3600,0.427217007,0.449767560,0.854167,0.875000
p16_v48_random,1111222233334444,3650,0.413813949,0.466989189,0.864583,0.895833
p16_v48_random,1111222233334444,3700,0.412082106,0.446873099,0.854167,0.833333
p16_v48_random,1111222233334444,3750,0.405335516,0.455775589,0.864583,0.875000
p16_v48_random,1111222233334444,3800,0.411755443,0.457239628,0.854167,0.916667
p16_v48_random,1111222233334444,3850,0.406833917,0.440248370,0.854167,0.895833
p16_v48_random,1111222233334444,3900,0.400662303,0.440716416,0.854167,0.875000
p16_v48_random,1111222233334444,3950,0.397100300,0.442821413,0.854167,0.854167
p16_v48_random,1111222233334444,4000,0.395840913,0.439601272,0.854167,0.854167
p16_v48_random,1111222233334444,4050,0.396448225,0.445213169,0.885417,0.895833
p16_v48_random,1111222233334444,4100,0.389024645,0.440069586,0.885417,0.895833
p16_v48_random,1111222233334444,4150,0.382480770,0.433001161,0.854167,0.895833
p16_v48_random,1111222233334444,4200,0.385440707,0.431371540,0.864583,0.854167
p16_v48_random,1111222233334444,4250,0.389106393,0.434538484,0.843750,0.875000
p16_v48_random,1111222233334444,4300,0.382518500,0.431398124,0.854167,0.875000
p16_v48_random,1111222233334444,4350,0.383592248,0.441301137,0.895833,0.875000
p16_v48_random,1111222233334444,4400,0.376973361,0.427976459,0.875000,0.854167
p16_v48_random,1111222233334444,4450,0.377359062,0.430118710,0.843750,0.895833
p16_v48_random,1111222233334444,4500,0.378526688,0.433352321,0.885417,0.875000
p16_v48_random,1111222233334444,4550,0.373100728,0.432404429,0.875000,0.895833
p16_v48_random,1111222233334444,4600,0.377108127,0.434966117,0.864583,0.916667
p16_v48_random,1111222233334444,4650,0.370703250,0.433585435,0.875000,0.875000
p16_v48_random,1111222233334444,4700,0.367848307,0.438724369,0.875000,0.916667
p16_v48_random,1111222233334444,4750,0.375664741,0.441021442,0.875000,0.875000
p16_v48_random,1111222233334444,4800,0.366324812,0.432410359,0.875000,0.854167
p16_v48_class_weighted,2b7e151628aed2a6,50,1.094516039,1.096099019,0.395833,0.354167
p16_v48_class_weighted,2b7e151628aed2a6,100,1.084780335,1.087146401,0.468750,0.437500
p16_v48_class_weighted,2b7e151628aed2a6,150,1.075210452,1.078735232,0.479167,0.479167
p16_v48_class_weighted,2b7e151628aed2a6,200,1.063181281,1.068114161,0.479167,0.500000
p16_v48_class_weighted,2b7e151628aed2a6,250,1.049828768,1.055820823,0.479167,0.500000
p16_v48_class_weighted,2b7e151628aed2a6,300,1.038805246,1.045507908,0.479167,0.479167
p16_v48_class_weighted,2b7e151628aed2a6,350,1.025858879,1.033253431,0.500000,0.479167
p16_v48_class_weighted,2b7e151628aed2a6,400,1.013428092,1.017559409,0.500000,0.520833
p16_v48_class_weighted,2b7e151628aed2a6,450,1.001765132,1.005080462,0.500000,0.520833
p16_v48_class_weighted,2b7e151628aed2a6,500,0.987995088,0.992115200,0.500000,0.520833
p16_v48_class_weighted,2b7e151628aed2a6,550,0.972437143,0.974333704,0.500000,0.541667
p16_v48_class_weighted,2b7e151628aed2a6,600,0.954875708,0.957601786,0.520833,0.520833
p16_v48_class_weighted,2b7e151628aed2a6,650,0.932292521,0.935382366,0.520833,0.541667
p16_v48_class_weighted,2b7e151628aed2a6,700,0.912435830,0.914517701,0.520833,0.583333
p16_v48_class_weighted,2b7e151628aed2a6,750,0.882685423,0.889964581,0.572917,0.625000
p16_v48_class_weighted,2b7e151628aed2a6,800,0.860624611,0.869331121,0.645833,0.604167
p16_v48_class_weighted,2b7e151628aed2a6,850,0.832732677,0.839250028,0.656250,0.708333
p16_v48_class_weighted,2b7e151628aed2a6,900,0.803636968,0.807737172,0.666667,0.687500
p16_v48_class_weighted,2b7e151628aed2a6,950,0.786497831,0.790840626,0.687500,0.708333
p16_v48_class_weighted,2b7e151628aed2a6,1000,0.756259501,0.770556509,0.708333,0.687500
p16_v48_class_weighted,2b7e151628aed2a6,1050,0.731720209,0.745196640,0.750000,0.708333
p16_v48_class_weighted,2b7e151628aed2a6,1100,0.706109345,0.720429599,0.750000,0.729167
p16_v48_class_weighted,2b7e151628aed2a6,1150,0.686703205,0.696759880,0.791667,0.770833
p16_v48_class_weighted,2b7e151628aed2a6,1200,0.655639112,0.670206010,0.864583,0.854167
p16_v48_class_weighted,2b7e151628aed2a6,1250,0.634342372,0.654707968,0.843750,0.833333
p16_v48_class_weighted,2b7e151628aed2a6,1300,0.614615440,0.638545334,0.833333,0.833333
p16_v48_class_weighted,2b7e151628aed2a6,1350,0.594385326,0.621530235,0.822917,0.812500
p16_v48_class_weighted,2b7e151628aed2a6,1400,0.584183216,0.606572568,0.833333,0.791667
p16_v48_class_weighted,2b7e151628aed2a6,1450,0.570005298,0.582275450,0.812500,0.854167
p16_v48_class_weighted,2b7e151628aed2a6,1500,0.559958220,0.577016175,0.833333,0.833333
p16_v48_class_weighted,2b7e151628aed2a6,1550,0.547862828,0.562786758,0.822917,0.875000
p16_v48_class_weighted,2b7e151628aed2a6,1600,0.533346713,0.557750344,0.812500,0.812500
p16_v48_class_weighted,2b7e151628aed2a6,1650,0.521518290,0.550758541,0.822917,0.833333
p16_v48_class_weighted,2b7e151628aed2a6,1700,0.515416801,0.536252558,0.843750,0.833333
p16_v48_class_weighted,2b7e151628aed2a6,1750,0.500087976,0.515407562,0.833333,0.854167
p16_v48_class_weighted,2b7e151628aed2a6,1800,0.497129679,0.521830261,0.843750,0.812500
p16_v48_class_weighted,2b7e151628aed2a6,1850,0.491292119,0.506075084,0.854167,0.812500
p16_v48_class_weighted,2b7e151628aed2a6,1900,0.487045616,0.520434082,0.854167,0.895833
p16_v48_class_weighted,2b7e151628aed2a6,1950,0.477404088,0.502527237,0.833333,0.875000
p16_v48_class_weighted,2b7e151628aed2a6,2000,0.468718052,0.496113688,0.843750,0.875000
p16_v48_class_weighted,2b7e151628aed2a6,2050,0.454944879,0.482532710,0.864583,0.875000
p16_v48_class_weighted,2b7e151628aed2a6,2100,0.453773022,0.484218925,0.843750,0.854167
p16_v48_class_weighted,2b7e151628aed2a6,2150,0.451022297,0.481485456,0.833333,0.854167
p16_v48_class_weighted,2b7e151628aed2a6,2200,0.445307642,0.471215844,0.833333,0.854167
p16_v48_class_weighted,2b7e151628aed2a6,2250,0.444967121,0.469012946,0.843750,0.875000
p16_v48_class_weighted,2b7e151628aed2a6,2300,0.444026351,0.469154447,0.854167,0.854167
p16_v48_class_weighted,2b7e151628aed2a6,2350,0.445600867,0.470174581,0.854167,0.833333
p16_v48_class_weighted,2b7e151628aed2a6,2400,0.442923278,0.473114848,0.833333,0.854167
p16_v48_class_weighted,2b7e151628aed2a6,2450,0.437848091,0.459897786,0.833333,0.875000
p16_v48_class_weighted,2b7e151628aed2a6,2500,0.455693245,0.494591504,0.833333,0.833333
p16_v48_class_weighted,2b7e151628aed2a6,2550,0.443146616,0.481464535,0.843750,0.875000
p16_v48_class_weighted,2b7e151628aed2a6,2600,0.440898031,0.477339774,0.843750,0.812500
p16_v48_class_weighted,2b7e151628aed2a6,2650,0.434028149,0.464308590,0.843750,0.833333
p16_v48_class_weighted,2b7e151628aed2a6,2700,0.432521135,0.448790878,0.843750,0.833333
p16_v48_class_weighted,2b7e151628aed2a6,2750,0.435770661,0.467264622,0.833333,0.854167
p16_v48_class_weighted,2b7e151628aed2a6,2800,0.435332388,0.468275905,0.843750,0.875000
p16_v48_class_weighted,2b7e151628aed2a6,2850,0.432354778,0.463360816,0.833333,0.854167
p16_v48_class_weighted,2b7e151628aed2a6,2900,0.431135744,0.460174680,0.854167,0.854167
p16_v48_class_weighted,2b7e151628aed2a6,2950,0.423149377,0.454186589,0.843750,0.854167
p16_v48_class_weighted,2b7e151628aed2a6,3000,0.429457188,0.458880812,0.833333,0.854167
p16_v48_class_weighted,2b7e151628aed2a6,3050,0.419656962,0.443621635,0.843750,0.833333
p16_v48_class_weighted,2b7e151628aed2a6,3100,0.421925694,0.441901326,0.843750,0.833333
p16_v48_class_weighted,2b7e151628aed2a6,3150,0.416420490,0.436468214,0.854167,0.833333
p16_v48_class_weighted,2b7e151628aed2a6,3200,0.421772450,0.445953697,0.822917,0.854167
p16_v48_class_weighted,2b7e151628aed2a6,3250,0.413661003,0.435303122,0.864583,0.833333
p16_v48_class_weighted,2b7e151628aed2a6,3300,0.413191289,0.435524255,0.854167,0.812500
p16_v48_class_weighted,2b7e151628aed2a6,3350,0.413371056,0.437882751,0.864583,0.875000
p16_v48_class_weighted,2b7e151628aed2a6,3400,0.413900763,0.440942645,0.875000,0.833333
p16_v48_class_weighted,2b7e151628aed2a6,3450,0.409239978,0.433348656,0.864583,0.875000
p16_v48_class_weighted,2b7e151628aed2a6,3500,0.419225782,0.451870948,0.822917,0.854167
p16_v48_class_weighted,2b7e151628aed2a6,3550,0.413690180,0.447662026,0.854167,0.875000
p16_v48_class_weighted,2b7e151628aed2a6,3600,0.407286555,0.431799322,0.833333,0.875000
p16_v48_class_weighted,2b7e151628aed2a6,3650,0.403151274,0.427656889,0.854167,0.854167
p16_v48_class_weighted,2b7e151628aed2a6,3700,0.401893109,0.426292151,0.812500,0.875000
p16_v48_class_weighted,2b7e151628aed2a6,3750,0.402938992,0.420698136,0.843750,0.854167
p16_v48_class_weighted,2b7e151628aed2a6,3800,0.413113505,0.449949265,0.822917,0.854167
p16_v48_class_weighted,2b7e151628aed2a6,3850,0.397509724,0.416674346,0.843750,0.854167
p16_v48_class_weighted,2b7e151628aed2a6,3900,0.410988480,0.423549175,0.833333,0.854167
p16_v48_class_weighted,2b7e151628aed2a6,3950,0.406474948,0.416877896,0.864583,0.812500
p16_v48_class_weighted,2b7e151628aed2a6,4000,0.403789669,0.415245622,0.843750,0.833333
p16_v48_class_weighted,2b7e151628aed2a6,4050,0.403727025,0.425492674,0.875000,0.854167
p16_v48_class_weighted,2b7e151628aed2a6,4100,0.408075780,0.430613726,0.854167,0.833333
p16_v48_class_weighted,2b7e151628aed2a6,4150,0.398052901,0.416512996,0.854167,0.854167
p16_v48_class_weighted,2b7e151628aed2a6,4200,0.400263548,0.433358997,0.843750,0.875000
p16_v48_class_weighted,2b7e151628aed2a6,4250,0.399274707,0.420209289,0.864583,0.812500
p16_v48_class_weighted,2b7e151628aed2a6,4300,0.397393346,0.414680719,0.854167,0.854167
p16_v48_class_weighted,2b7e151628aed2a6,4350,0.393128365,0.408939391,0.875000,0.833333
p16_v48_class_weighted,2b7e151628aed2a6,4400,0.393801361,0.414542109,0.854167,0.833333
p16_v48_class_weighted,2b7e151628aed2a6,4450,0.397310168,0.405934811,0.864583,0.812500
p16_v48_class_weighted,2b7e151628aed2a6,4500,0.391138583,0.414221287,0.864583,0.875000
p16_v48_class_weighted,2b7e151628aed2a6,4550,0.392010123,0.402243823,0.875000,0.812500
p16_v48_class_weighted,2b7e151628aed2a6,4600,0.397996157,0.408255339,0.854167,0.812500
p16_v48_class_weighted,2b7e151628aed2a6,4650,0.393602610,0.430622488,0.843750,0.875000
p16_v48_class_weighted,2b7e151628aed2a6,4700,0.388118953,0.419539779,0.875000,0.812500
p16_v48_class_weighted,2b7e151628aed2a6,4750,0.392845780,0.431105614,0.885417,0.833333
p16_v48_class_weighted,2b7e151628aed2a6,4800,0.393660307,0.438593417,0.895833,0.833333
p16_v48_class_weighted,77a19d3c4e280b51,50,1.095839143,1.096567750,0.375000,0.333333
p16_v48_class_weighted,77a19d3c4e280b51,100,1.087729812,1.090634704,0.437500,0.437500
p16_v48_class_weighted,77a19d3c4e280b51,150,1.074017882,1.079569817,0.468750,0.416667
p16_v48_class_weighted,77a19d3c4e280b51,200,1.058404207,1.068716526,0.479167,0.479167
p16_v48_class_weighted,77a19d3c4e280b51,250,1.046209455,1.059496760,0.489583,0.458333
p16_v48_class_weighted,77a19d3c4e280b51,300,1.036319256,1.053276420,0.489583,0.437500
p16_v48_class_weighted,77a19d3c4e280b51,350,1.030384541,1.047075868,0.458333,0.500000
p16_v48_class_weighted,77a19d3c4e280b51,400,1.021735311,1.039354920,0.500000,0.500000
p16_v48_class_weighted,77a19d3c4e280b51,450,1.012609124,1.031405330,0.489583,0.500000
p16_v48_class_weighted,77a19d3c4e280b51,500,0.999254465,1.020545959,0.479167,0.520833
p16_v48_class_weighted,77a19d3c4e280b51,550,0.986609876,1.009914994,0.510417,0.541667
p16_v48_class_weighted,77a19d3c4e280b51,600,0.971476078,0.991855145,0.531250,0.562500
p16_v48_class_weighted,77a19d3c4e280b51,650,0.951765716,0.977518976,0.510417,0.583333
p16_v48_class_weighted,77a19d3c4e280b51,700,0.932377994,0.958319008,0.541667,0.562500
p16_v48_class_weighted,77a19d3c4e280b51,750,0.906787634,0.934924066,0.531250,0.625000
p16_v48_class_weighted,77a19d3c4e280b51,800,0.882736385,0.909540653,0.593750,0.625000
p16_v48_class_weighted,77a19d3c4e280b51,850,0.858971655,0.886476934,0.645833,0.625000
p16_v48_class_weighted,77a19d3c4e280b51,900,0.832580030,0.862834752,0.645833,0.666667
p16_v48_class_weighted,77a19d3c4e280b51,950,0.807033956,0.840358198,0.635417,0.687500
p16_v48_class_weighted,77a19d3c4e280b51,1000,0.772319496,0.805610955,0.739583,0.770833
p16_v48_class_weighted,77a19d3c4e280b51,1050,0.741608620,0.781020463,0.708333,0.708333
p16_v48_class_weighted,77a19d3c4e280b51,1100,0.712118089,0.748518527,0.770833,0.833333
p16_v48_class_weighted,77a19d3c4e280b51,1150,0.690550148,0.730921268,0.760417,0.791667
p16_v48_class_weighted,77a19d3c4e280b51,1200,0.673409760,0.713119030,0.791667,0.833333
p16_v48_class_weighted,77a19d3c4e280b51,1250,0.646267712,0.685534239,0.802083,0.833333
p16_v48_class_weighted,77a19d3c4e280b51,1300,0.630031288,0.674569309,0.802083,0.833333
p16_v48_class_weighted,77a19d3c4e280b51,1350,0.612257779,0.654808342,0.812500,0.854167
p16_v48_class_weighted,77a19d3c4e280b51,1400,0.591725111,0.631149113,0.822917,0.854167
p16_v48_class_weighted,77a19d3c4e280b51,1450,0.580613971,0.623160601,0.843750,0.875000
p16_v48_class_weighted,77a19d3c4e280b51,1500,0.565245628,0.604040146,0.833333,0.854167
p16_v48_class_weighted,77a19d3c4e280b51,1550,0.556460440,0.591327488,0.812500,0.875000
p16_v48_class_weighted,77a19d3c4e280b51,1600,0.547675848,0.590346754,0.843750,0.833333
p16_v48_class_weighted,77a19d3c4e280b51,1650,0.534456313,0.566829503,0.854167,0.895833
p16_v48_class_weighted,77a19d3c4e280b51,1700,0.526027620,0.554617107,0.854167,0.895833
p16_v48_class_weighted,77a19d3c4e280b51,1750,0.513025224,0.543543220,0.843750,0.875000
p16_v48_class_weighted,77a19d3c4e280b51,1800,0.506041825,0.530899823,0.833333,0.875000
p16_v48_class_weighted,77a19d3c4e280b51,1850,0.497037739,0.528266609,0.864583,0.833333
p16_v48_class_weighted,77a19d3c4e280b51,1900,0.497145861,0.518863976,0.812500,0.770833
p16_v48_class_weighted,77a19d3c4e280b51,1950,0.485313445,0.518298209,0.864583,0.875000
p16_v48_class_weighted,77a19d3c4e280b51,2000,0.480539888,0.499286085,0.843750,0.770833
p16_v48_class_weighted,77a19d3c4e280b51,2050,0.470480919,0.492037177,0.843750,0.833333
p16_v48_class_weighted,77a19d3c4e280b51,2100,0.472534209,0.479409695,0.822917,0.875000
p16_v48_class_weighted,77a19d3c4e280b51,2150,0.462673575,0.472870588,0.833333,0.854167
p16_v48_class_weighted,77a19d3c4e280b51,2200,0.461256385,0.478639096,0.843750,0.812500
p16_v48_class_weighted,77a19d3c4e280b51,2250,0.455367535,0.468455702,0.864583,0.833333
p16_v48_class_weighted,77a19d3c4e280b51,2300,0.453626186,0.473370314,0.843750,0.854167
p16_v48_class_weighted,77a19d3c4e280b51,2350,0.448952585,0.470063061,0.854167,0.895833
p16_v48_class_weighted,77a19d3c4e280b51,2400,0.445367426,0.460380524,0.854167,0.916667
p16_v48_class_weighted,77a19d3c4e280b51,2450,0.443817168,0.459621817,0.843750,0.833333
p16_v48_class_weighted,77a19d3c4e280b51,2500,0.440439105,0.458777279,0.854167,0.875000
p16_v48_class_weighted,77a19d3c4e280b51,2550,0.435409158,0.456492275,0.854167,0.875000
p16_v48_class_weighted,77a19d3c4e280b51,2600,0.436176270,0.457514763,0.854167,0.833333
p16_v48_class_weighted,77a19d3c4e280b51,2650,0.435205370,0.453177929,0.843750,0.875000
p16_v48_class_weighted,77a19d3c4e280b51,2700,0.450503588,0.453502327,0.843750,0.875000
p16_v48_class_weighted,77a19d3c4e280b51,2750,0.439489484,0.459225506,0.864583,0.833333
p16_v48_class_weighted,77a19d3c4e280b51,2800,0.438757300,0.455923229,0.812500,0.854167
p16_v48_class_weighted,77a19d3c4e280b51,2850,0.437418967,0.470638484,0.833333,0.875000
p16_v48_class_weighted,77a19d3c4e280b51,2900,0.437171847,0.453031451,0.843750,0.854167
p16_v48_class_weighted,77a19d3c4e280b51,2950,0.437988758,0.472796232,0.833333,0.875000
p16_v48_class_weighted,77a19d3c4e280b51,3000,0.436799854,0.441668361,0.822917,0.875000
p16_v48_class_weighted,77a19d3c4e280b51,3050,0.423720568,0.453164071,0.854167,0.875000
p16_v48_class_weighted,77a19d3c4e280b51,3100,0.424457282,0.450750470,0.854167,0.854167
p16_v48_class_weighted,77a19d3c4e280b51,3150,0.422886848,0.435797840,0.854167,0.833333
p16_v48_class_weighted,77a19d3c4e280b51,3200,0.423198789,0.433342814,0.843750,0.895833
p16_v48_class_weighted,77a19d3c4e280b51,3250,0.418270320,0.440602422,0.843750,0.875000
p16_v48_class_weighted,77a19d3c4e280b51,3300,0.415622503,0.432843328,0.864583,0.875000
p16_v48_class_weighted,77a19d3c4e280b51,3350,0.411936313,0.424518466,0.843750,0.875000
p16_v48_class_weighted,77a19d3c4e280b51,3400,0.410375506,0.426613003,0.843750,0.833333
p16_v48_class_weighted,77a19d3c4e280b51,3450,0.408454299,0.419765085,0.833333,0.833333
p16_v48_class_weighted,77a19d3c4e280b51,3500,0.412621170,0.427212834,0.833333,0.854167
p16_v48_class_weighted,77a19d3c4e280b51,3550,0.410750628,0.411419868,0.833333,0.854167
p16_v48_class_weighted,77a19d3c4e280b51,3600,0.406674832,0.417585462,0.833333,0.854167
p16_v48_class_weighted,77a19d3c4e280b51,3650,0.413071543,0.422495365,0.843750,0.812500
p16_v48_class_weighted,77a19d3c4e280b51,3700,0.418606371,0.406892776,0.822917,0.833333
p16_v48_class_weighted,77a19d3c4e280b51,3750,0.400274277,0.406774282,0.854167,0.812500
p16_v48_class_weighted,77a19d3c4e280b51,3800,0.413215429,0.410843760,0.854167,0.833333
p16_v48_class_weighted,77a19d3c4e280b51,3850,0.400924444,0.422563225,0.843750,0.812500
p16_v48_class_weighted,77a19d3c4e280b51,3900,0.403143615,0.417946368,0.854167,0.833333
p16_v48_class_weighted,77a19d3c4e280b51,3950,0.404341578,0.415928751,0.854167,0.895833
p16_v48_class_weighted,77a19d3c4e280b51,4000,0.403466493,0.423137218,0.875000,0.833333
p16_v48_class_weighted,77a19d3c4e280b51,4050,0.403913051,0.411477536,0.864583,0.833333
p16_v48_class_weighted,77a19d3c4e280b51,4100,0.419871420,0.462888867,0.854167,0.854167
p16_v48_class_weighted,77a19d3c4e280b51,4150,0.399557143,0.421733588,0.875000,0.895833
p16_v48_class_weighted,77a19d3c4e280b51,4200,0.399314910,0.418617755,0.843750,0.854167
p16_v48_class_weighted,77a19d3c4e280b51,4250,0.396747202,0.413309216,0.833333,0.854167
p16_v48_class_weighted,77a19d3c4e280b51,4300,0.404184461,0.444030166,0.843750,0.833333
p16_v48_class_weighted,77a19d3c4e280b51,4350,0.400384694,0.438467264,0.864583,0.833333
p16_v48_class_weighted,77a19d3c4e280b51,4400,0.405452251,0.431695193,0.843750,0.854167
p16_v48_class_weighted,77a19d3c4e280b51,4450,0.398680449,0.433177561,0.833333,0.833333
p16_v48_class_weighted,77a19d3c4e280b51,4500,0.396351606,0.427293032,0.854167,0.812500
p16_v48_class_weighted,77a19d3c4e280b51,4550,0.397276044,0.419776201,0.854167,0.833333
p16_v48_class_weighted,77a19d3c4e280b51,4600,0.393353224,0.409006596,0.854167,0.895833
p16_v48_class_weighted,77a19d3c4e280b51,4650,0.396409303,0.394483238,0.843750,0.895833
p16_v48_class_weighted,77a19d3c4e280b51,4700,0.393713146,0.393920869,0.843750,0.812500
p16_v48_class_weighted,77a19d3c4e280b51,4750,0.389025897,0.406382233,0.843750,0.854167
p16_v48_class_weighted,77a19d3c4e280b51,4800,0.389589906,0.385998815,0.843750,0.854167
p16_v48_class_weighted,1111222233334444,50,1.092521548,1.093810916,0.395833,0.354167
p16_v48_class_weighted,1111222233334444,100,1.082427859,1.085750580,0.447917,0.416667
p16_v48_class_weighted,1111222233334444,150,1.069993615,1.074007750,0.458333,0.416667
p16_v48_class_weighted,1111222233334444,200,1.056609273,1.062577128,0.479167,0.479167
p16_v48_class_weighted,1111222233334444,250,1.040866733,1.049303770,0.479167,0.437500
p16_v48_class_weighted,1111222233334444,300,1.029859424,1.039612651,0.458333,0.437500
p16_v48_class_weighted,1111222233334444,350,1.016222954,1.029758692,0.468750,0.458333
p16_v48_class_weighted,1111222233334444,400,1.006350756,1.016642213,0.479167,0.520833
p16_v48_class_weighted,1111222233334444,450,0.993713856,1.004502892,0.468750,0.458333
p16_v48_class_weighted,1111222233334444,500,0.980687797,0.994193077,0.489583,0.500000
p16_v48_class_weighted,1111222233334444,550,0.967480123,0.986269414,0.479167,0.458333
p16_v48_class_weighted,1111222233334444,600,0.948346794,0.969521105,0.489583,0.458333
p16_v48_class_weighted,1111222233334444,650,0.924058855,0.947562695,0.510417,0.437500
p16_v48_class_weighted,1111222233334444,700,0.906994581,0.926314533,0.562500,0.458333
p16_v48_class_weighted,1111222233334444,750,0.873464525,0.898886204,0.541667,0.520833
p16_v48_class_weighted,1111222233334444,800,0.852084935,0.880507708,0.552083,0.583333
p16_v48_class_weighted,1111222233334444,850,0.826375902,0.854203880,0.562500,0.583333
p16_v48_class_weighted,1111222233334444,900,0.796010733,0.831059754,0.635417,0.666667
p16_v48_class_weighted,1111222233334444,950,0.783463299,0.809841156,0.718750,0.687500
p16_v48_class_weighted,1111222233334444,1000,0.748855531,0.779763162,0.718750,0.708333
p16_v48_class_weighted,1111222233334444,1050,0.728099287,0.764095545,0.729167,0.708333
p16_v48_class_weighted,1111222233334444,1100,0.706828177,0.748686492,0.739583,0.687500
p16_v48_class_weighted,1111222233334444,1150,0.694168091,0.737000763,0.770833,0.708333
p16_v48_class_weighted,1111222233334444,1200,0.675416648,0.712730646,0.781250,0.750000
p16_v48_class_weighted,1111222233334444,1250,0.654783905,0.692814291,0.729167,0.750000
p16_v48_class_weighted,1111222233334444,1300,0.639289200,0.680228710,0.739583,0.729167
p16_v48_class_weighted,1111222233334444,1350,0.623823106,0.671347797,0.770833,0.708333
p16_v48_class_weighted,1111222233334444,1400,0.618331492,0.669455588,0.739583,0.729167
p16_v48_class_weighted,1111222233334444,1450,0.601106346,0.644136369,0.791667,0.770833
p16_v48_class_weighted,1111222233334444,1500,0.584239662,0.645597637,0.781250,0.729167
p16_v48_class_weighted,1111222233334444,1550,0.571082890,0.623816669,0.791667,0.729167
p16_v48_class_weighted,1111222233334444,1600,0.562504113,0.619938910,0.770833,0.750000
p16_v48_class_weighted,1111222233334444,1650,0.553089440,0.599873364,0.781250,0.750000
p16_v48_class_weighted,1111222233334444,1700,0.546107352,0.598077238,0.812500,0.750000
p16_v48_class_weighted,1111222233334444,1750,0.543746769,0.600895584,0.822917,0.750000
p16_v48_class_weighted,1111222233334444,1800,0.541360557,0.583253324,0.812500,0.770833
p16_v48_class_weighted,1111222233334444,1850,0.540672779,0.593294799,0.750000,0.770833
p16_v48_class_weighted,1111222233334444,1900,0.542302549,0.577961087,0.791667,0.770833
p16_v48_class_weighted,1111222233334444,1950,0.529760122,0.572084963,0.822917,0.770833
p16_v48_class_weighted,1111222233334444,2000,0.522658885,0.575914621,0.802083,0.750000
p16_v48_class_weighted,1111222233334444,2050,0.522410154,0.560886681,0.770833,0.770833
p16_v48_class_weighted,1111222233334444,2100,0.512925506,0.547600210,0.791667,0.812500
p16_v48_class_weighted,1111222233334444,2150,0.500482261,0.550203145,0.843750,0.791667
p16_v48_class_weighted,1111222233334444,2200,0.496825814,0.540714443,0.854167,0.791667
p16_v48_class_weighted,1111222233334444,2250,0.491284251,0.547447562,0.843750,0.770833
p16_v48_class_weighted,1111222233334444,2300,0.484609604,0.535707414,0.864583,0.812500
p16_v48_class_weighted,1111222233334444,2350,0.480495721,0.522246361,0.822917,0.812500
p16_v48_class_weighted,1111222233334444,2400,0.477403283,0.519560039,0.843750,0.791667
p16_v48_class_weighted,1111222233334444,2450,0.473926753,0.512660921,0.812500,0.812500
p16_v48_class_weighted,1111222233334444,2500,0.473315626,0.511108875,0.833333,0.791667
p16_v48_class_weighted,1111222233334444,2550,0.475018144,0.527240038,0.833333,0.833333
p16_v48_class_weighted,1111222233334444,2600,0.479030371,0.532845140,0.822917,0.875000
p16_v48_class_weighted,1111222233334444,2650,0.466356277,0.514037073,0.833333,0.854167
p16_v48_class_weighted,1111222233334444,2700,0.464331299,0.504229367,0.843750,0.854167
p16_v48_class_weighted,1111222233334444,2750,0.466425061,0.510308206,0.843750,0.812500
p16_v48_class_weighted,1111222233334444,2800,0.454185277,0.491318971,0.864583,0.875000
p16_v48_class_weighted,1111222233334444,2850,0.451440305,0.487446070,0.843750,0.833333
p16_v48_class_weighted,1111222233334444,2900,0.454837710,0.504674554,0.833333,0.895833
p16_v48_class_weighted,1111222233334444,2950,0.449348599,0.489141941,0.812500,0.854167
p16_v48_class_weighted,1111222233334444,3000,0.452578545,0.491804123,0.864583,0.812500
p16_v48_class_weighted,1111222233334444,3050,0.445199698,0.477798849,0.864583,0.895833
p16_v48_class_weighted,1111222233334444,3100,0.444003850,0.474977612,0.843750,0.750000
p16_v48_class_weighted,1111222233334444,3150,0.436271191,0.464802176,0.854167,0.875000
p16_v48_class_weighted,1111222233334444,3200,0.432463408,0.463106990,0.875000,0.895833
p16_v48_class_weighted,1111222233334444,3250,0.430350095,0.462732673,0.854167,0.833333
p16_v48_class_weighted,1111222233334444,3300,0.434785336,0.464080065,0.854167,0.833333
p16_v48_class_weighted,1111222233334444,3350,0.432088137,0.462729961,0.854167,0.854167
p16_v48_class_weighted,1111222233334444,3400,0.428321689,0.453338981,0.854167,0.854167
p16_v48_class_weighted,1111222233334444,3450,0.423841625,0.454334706,0.854167,0.895833
p16_v48_class_weighted,1111222233334444,3500,0.431984037,0.445056707,0.864583,0.791667
p16_v48_class_weighted,1111222233334444,3550,0.423731714,0.442379147,0.843750,0.875000
p16_v48_class_weighted,1111222233334444,3600,0.419121027,0.435545325,0.843750,0.895833
p16_v48_class_weighted,1111222233334444,3650,0.417144626,0.442786068,0.854167,0.854167
p16_v48_class_weighted,1111222233334444,3700,0.417884201,0.436652929,0.854167,0.875000
p16_v48_class_weighted,1111222233334444,3750,0.415130943,0.449057937,0.854167,0.875000
p16_v48_class_weighted,1111222233334444,3800,0.415859312,0.438966125,0.843750,0.895833
p16_v48_class_weighted,1111222233334444,3850,0.405279279,0.416118383,0.864583,0.875000
p16_v48_class_weighted,1111222233334444,3900,0.404622227,0.417009383,0.875000,0.875000
p16_v48_class_weighted,1111222233334444,3950,0.414402395,0.433403999,0.875000,0.854167
p16_v48_class_weighted,1111222233334444,4000,0.411858559,0.434590489,0.854167,0.854167
p16_v48_class_weighted,1111222233334444,4050,0.405206293,0.446050197,0.843750,0.875000
p16_v48_class_weighted,1111222233334444,4100,0.405470580,0.456951380,0.875000,0.875000
p16_v48_class_weighted,1111222233334444,4150,0.394866139,0.415621907,0.864583,0.895833
p16_v48_class_weighted,1111222233334444,4200,0.400811344,0.420010090,0.854167,0.895833
p16_v48_class_weighted,1111222233334444,4250,0.397701740,0.431360006,0.885417,0.875000
p16_v48_class_weighted,1111222233334444,4300,0.389233828,0.404888719,0.864583,0.875000
p16_v48_class_weighted,1111222233334444,4350,0.390213162,0.405275851,0.875000,0.854167
p16_v48_class_weighted,1111222233334444,4400,0.384287566,0.409923434,0.885417,0.854167
p16_v48_class_weighted,1111222233334444,4450,0.392215997,0.397359252,0.843750,0.875000
p16_v48_class_weighted,1111222233334444,4500,0.391551018,0.400726795,0.854167,0.916667
p16_v48_class_weighted,1111222233334444,4550,0.386673480,0.401907295,0.875000,0.895833
p16_v48_class_weighted,1111222233334444,4600,0.378731221,0.408424467,0.864583,0.895833
p16_v48_class_weighted,1111222233334444,4650,0.384114057,0.391914696,0.864583,0.854167
p16_v48_class_weighted,1111222233334444,4700,0.384296894,0.386477470,0.864583,0.875000
p16_v48_class_weighted,1111222233334444,4750,0.384153992,0.403795868,0.864583,0.895833
p16_v48_class_weighted,1111222233334444,4800,0.378005862,0.387731165,0.843750,0.833333
p16_v48_cell_weighted,2b7e151628aed2a6,50,1.092426419,1.094059110,0.385417,0.333333
p16_v48_cell_weighted,2b7e151628aed2a6,100,1.078364968,1.083357692,0.447917,0.437500
p16_v48_cell_weighted,2b7e151628aed2a6,150,1.061935186,1.071984053,0.479167,0.437500
p16_v48_cell_weighted,2b7e151628aed2a6,200,1.047791958,1.060704112,0.479167,0.437500
p16_v48_cell_weighted,2b7e151628aed2a6,250,1.037156940,1.049963593,0.468750,0.458333
p16_v48_cell_weighted,2b7e151628aed2a6,300,1.024128795,1.034048676,0.479167,0.437500
p16_v48_cell_weighted,2b7e151628aed2a6,350,1.009060979,1.018540025,0.468750,0.500000
p16_v48_cell_weighted,2b7e151628aed2a6,400,0.992586315,1.002612710,0.468750,0.500000
p16_v48_cell_weighted,2b7e151628aed2a6,450,0.976241529,0.984837472,0.489583,0.500000
p16_v48_cell_weighted,2b7e151628aed2a6,500,0.950770199,0.964323103,0.510417,0.479167
p16_v48_cell_weighted,2b7e151628aed2a6,550,0.926249743,0.945051491,0.520833,0.520833
p16_v48_cell_weighted,2b7e151628aed2a6,600,0.898978055,0.917774379,0.604167,0.604167
p16_v48_cell_weighted,2b7e151628aed2a6,650,0.867864549,0.893873632,0.625000,0.604167
p16_v48_cell_weighted,2b7e151628aed2a6,700,0.842372119,0.875254571,0.614583,0.625000
p16_v48_cell_weighted,2b7e151628aed2a6,750,0.813936293,0.856010258,0.656250,0.625000
p16_v48_cell_weighted,2b7e151628aed2a6,800,0.795854330,0.838243961,0.656250,0.687500
p16_v48_cell_weighted,2b7e151628aed2a6,850,0.770888746,0.817286968,0.687500,0.729167
p16_v48_cell_weighted,2b7e151628aed2a6,900,0.746857703,0.798162222,0.687500,0.729167
p16_v48_cell_weighted,2b7e151628aed2a6,950,0.725349605,0.777401626,0.697917,0.729167
p16_v48_cell_weighted,2b7e151628aed2a6,1000,0.694671392,0.755098581,0.729167,0.770833
p16_v48_cell_weighted,2b7e151628aed2a6,1050,0.666367233,0.729553401,0.729167,0.750000
p16_v48_cell_weighted,2b7e151628aed2a6,1100,0.647362411,0.702887774,0.770833,0.770833
p16_v48_cell_weighted,2b7e151628aed2a6,1150,0.632537305,0.686775744,0.770833,0.729167
p16_v48_cell_weighted,2b7e151628aed2a6,1200,0.620132565,0.672522545,0.770833,0.729167
p16_v48_cell_weighted,2b7e151628aed2a6,1250,0.606731713,0.651666224,0.791667,0.729167
p16_v48_cell_weighted,2b7e151628aed2a6,1300,0.593774319,0.645982683,0.781250,0.729167
p16_v48_cell_weighted,2b7e151628aed2a6,1350,0.586690843,0.634521902,0.781250,0.729167
p16_v48_cell_weighted,2b7e151628aed2a6,1400,0.574303806,0.622634530,0.781250,0.750000
p16_v48_cell_weighted,2b7e151628aed2a6,1450,0.570349157,0.607242286,0.781250,0.791667
p16_v48_cell_weighted,2b7e151628aed2a6,1500,0.567738473,0.617908239,0.770833,0.833333
p16_v48_cell_weighted,2b7e151628aed2a6,1550,0.555355966,0.610872924,0.802083,0.750000
p16_v48_cell_weighted,2b7e151628aed2a6,1600,0.550436854,0.605574310,0.791667,0.708333
p16_v48_cell_weighted,2b7e151628aed2a6,1650,0.549304247,0.601194084,0.833333,0.750000
p16_v48_cell_weighted,2b7e151628aed2a6,1700,0.535841286,0.586663663,0.812500,0.770833
p16_v48_cell_weighted,2b7e151628aed2a6,1750,0.531248510,0.562316298,0.812500,0.791667
p16_v48_cell_weighted,2b7e151628aed2a6,1800,0.522400975,0.576793015,0.802083,0.708333
p16_v48_cell_weighted,2b7e151628aed2a6,1850,0.515230477,0.563415349,0.812500,0.791667
p16_v48_cell_weighted,2b7e151628aed2a6,1900,0.513211966,0.563019991,0.812500,0.791667
p16_v48_cell_weighted,2b7e151628aed2a6,1950,0.511315584,0.548493385,0.822917,0.770833
p16_v48_cell_weighted,2b7e151628aed2a6,2000,0.500381887,0.540483654,0.812500,0.770833
p16_v48_cell_weighted,2b7e151628aed2a6,2050,0.495232821,0.536954463,0.822917,0.770833
p16_v48_cell_weighted,2b7e151628aed2a6,2100,0.489436954,0.536436617,0.833333,0.791667
p16_v48_cell_weighted,2b7e151628aed2a6,2150,0.490354329,0.532934785,0.854167,0.770833
p16_v48_cell_weighted,2b7e151628aed2a6,2200,0.482578546,0.531474948,0.833333,0.791667
p16_v48_cell_weighted,2b7e151628aed2a6,2250,0.484665990,0.539884746,0.822917,0.812500
p16_v48_cell_weighted,2b7e151628aed2a6,2300,0.478970379,0.522091091,0.864583,0.833333
p16_v48_cell_weighted,2b7e151628aed2a6,2350,0.475828528,0.509104788,0.843750,0.812500
p16_v48_cell_weighted,2b7e151628aed2a6,2400,0.472782880,0.513315976,0.843750,0.812500
p16_v48_cell_weighted,2b7e151628aed2a6,2450,0.471499681,0.509126127,0.864583,0.854167
p16_v48_cell_weighted,2b7e151628aed2a6,2500,0.477281302,0.523782074,0.843750,0.854167
p16_v48_cell_weighted,2b7e151628aed2a6,2550,0.470965177,0.515171349,0.843750,0.770833
p16_v48_cell_weighted,2b7e151628aed2a6,2600,0.465636641,0.499308854,0.854167,0.791667
p16_v48_cell_weighted,2b7e151628aed2a6,2650,0.464990765,0.492510796,0.833333,0.854167
p16_v48_cell_weighted,2b7e151628aed2a6,2700,0.457523614,0.490227968,0.833333,0.854167
p16_v48_cell_weighted,2b7e151628aed2a6,2750,0.457257509,0.503504992,0.843750,0.875000
p16_v48_cell_weighted,2b7e151628aed2a6,2800,0.458952188,0.492665976,0.843750,0.812500
p16_v48_cell_weighted,2b7e151628aed2a6,2850,0.459421366,0.490187973,0.854167,0.833333
p16_v48_cell_weighted,2b7e151628aed2a6,2900,0.447920173,0.490590900,0.864583,0.833333
p16_v48_cell_weighted,2b7e151628aed2a6,2950,0.442026019,0.482685775,0.843750,0.854167
p16_v48_cell_weighted,2b7e151628aed2a6,3000,0.444553524,0.477191240,0.854167,0.854167
p16_v48_cell_weighted,2b7e151628aed2a6,3050,0.434926242,0.469845295,0.854167,0.875000
p16_v48_cell_weighted,2b7e151628aed2a6,3100,0.434568375,0.459729195,0.875000,0.875000
p16_v48_cell_weighted,2b7e151628aed2a6,3150,0.434730917,0.468759298,0.854167,0.875000
p16_v48_cell_weighted,2b7e151628aed2a6,3200,0.430924296,0.464849323,0.864583,0.875000
p16_v48_cell_weighted,2b7e151628aed2a6,3250,0.431935340,0.454269797,0.854167,0.833333
p16_v48_cell_weighted,2b7e151628aed2a6,3300,0.426259488,0.453708321,0.864583,0.854167
p16_v48_cell_weighted,2b7e151628aed2a6,3350,0.425932676,0.458195835,0.864583,0.875000
p16_v48_cell_weighted,2b7e151628aed2a6,3400,0.428345323,0.471351296,0.864583,0.875000
p16_v48_cell_weighted,2b7e151628aed2a6,3450,0.421748906,0.450228721,0.875000,0.875000
p16_v48_cell_weighted,2b7e151628aed2a6,3500,0.426657230,0.450257570,0.854167,0.875000
p16_v48_cell_weighted,2b7e151628aed2a6,3550,0.415922910,0.436514854,0.843750,0.875000
p16_v48_cell_weighted,2b7e151628aed2a6,3600,0.415803403,0.452019304,0.854167,0.895833
p16_v48_cell_weighted,2b7e151628aed2a6,3650,0.415743589,0.438909024,0.864583,0.875000
p16_v48_cell_weighted,2b7e151628aed2a6,3700,0.416190952,0.453307390,0.854167,0.875000
p16_v48_cell_weighted,2b7e151628aed2a6,3750,0.410737991,0.428904384,0.875000,0.833333
p16_v48_cell_weighted,2b7e151628aed2a6,3800,0.404823542,0.423333198,0.885417,0.875000
p16_v48_cell_weighted,2b7e151628aed2a6,3850,0.398630053,0.416088700,0.854167,0.875000
p16_v48_cell_weighted,2b7e151628aed2a6,3900,0.399756759,0.408223420,0.864583,0.875000
p16_v48_cell_weighted,2b7e151628aed2a6,3950,0.398632437,0.411499590,0.854167,0.875000
p16_v48_cell_weighted,2b7e151628aed2a6,4000,0.387483954,0.412487030,0.875000,0.875000
p16_v48_cell_weighted,2b7e151628aed2a6,4050,0.387997389,0.410800338,0.875000,0.895833
p16_v48_cell_weighted,2b7e151628aed2a6,4100,0.387382895,0.404991150,0.864583,0.875000
p16_v48_cell_weighted,2b7e151628aed2a6,4150,0.384559005,0.405034035,0.843750,0.895833
p16_v48_cell_weighted,2b7e151628aed2a6,4200,0.378411859,0.394500583,0.875000,0.875000
p16_v48_cell_weighted,2b7e151628aed2a6,4250,0.382177860,0.396365553,0.854167,0.875000
p16_v48_cell_weighted,2b7e151628aed2a6,4300,0.377821118,0.402111888,0.875000,0.875000
p16_v48_cell_weighted,2b7e151628aed2a6,4350,0.369261473,0.396101803,0.875000,0.895833
p16_v48_cell_weighted,2b7e151628aed2a6,4400,0.368876219,0.393837690,0.895833,0.875000
p16_v48_cell_weighted,2b7e151628aed2a6,4450,0.371403813,0.387816519,0.885417,0.875000
p16_v48_cell_weighted,2b7e151628aed2a6,4500,0.362558693,0.377280563,0.875000,0.895833
p16_v48_cell_weighted,2b7e151628aed2a6,4550,0.372456431,0.386166424,0.875000,0.875000
p16_v48_cell_weighted,2b7e151628aed2a6,4600,0.357646137,0.365073055,0.875000,0.875000
p16_v48_cell_weighted,2b7e151628aed2a6,4650,0.357897878,0.369538665,0.895833,0.875000
p16_v48_cell_weighted,2b7e151628aed2a6,4700,0.364856809,0.380404383,0.906250,0.937500
p16_v48_cell_weighted,2b7e151628aed2a6,4750,0.348204613,0.352354765,0.875000,0.895833
p16_v48_cell_weighted,2b7e151628aed2a6,4800,0.349332690,0.356051177,0.864583,0.875000
p16_v48_cell_weighted,77a19d3c4e280b51,50,1.091373444,1.093140364,0.375000,0.375000
p16_v48_cell_weighted,77a19d3c4e280b51,100,1.079423785,1.083016276,0.479167,0.458333
p16_v48_cell_weighted,77a19d3c4e280b51,150,1.063966513,1.069833279,0.458333,0.458333
p16_v48_cell_weighted,77a19d3c4e280b51,200,1.046234727,1.055096745,0.489583,0.437500
p16_v48_cell_weighted,77a19d3c4e280b51,250,1.026440024,1.037667632,0.489583,0.437500
p16_v48_cell_weighted,77a19d3c4e280b51,300,1.012435794,1.025146365,0.489583,0.416667
p16_v48_cell_weighted,77a19d3c4e280b51,350,1.001272440,1.013757706,0.479167,0.437500
p16_v48_cell_weighted,77a19d3c4e280b51,400,0.989243090,1.000841498,0.489583,0.458333
p16_v48_cell_weighted,77a19d3c4e280b51,450,0.977767467,0.988260746,0.479167,0.416667
p16_v48_cell_weighted,77a19d3c4e280b51,500,0.960334063,0.967185259,0.500000,0.416667
p16_v48_cell_weighted,77a19d3c4e280b51,550,0.947705805,0.948423147,0.510417,0.416667
p16_v48_cell_weighted,77a19d3c4e280b51,600,0.929511487,0.932242811,0.562500,0.437500
p16_v48_cell_weighted,77a19d3c4e280b51,650,0.913263142,0.918293417,0.541667,0.479167
p16_v48_cell_weighted,77a19d3c4e280b51,700,0.893536806,0.895606995,0.604167,0.541667
p16_v48_cell_weighted,77a19d3c4e280b51,750,0.865876675,0.871082604,0.635417,0.562500
p16_v48_cell_weighted,77a19d3c4e280b51,800,0.842077434,0.841236353,0.656250,0.625000
p16_v48_cell_weighted,77a19d3c4e280b51,850,0.811447084,0.815625370,0.760417,0.687500
p16_v48_cell_weighted,77a19d3c4e280b51,900,0.782157362,0.785096824,0.718750,0.687500
p16_v48_cell_weighted,77a19d3c4e280b51,950,0.749471724,0.754797876,0.770833,0.750000
p16_v48_cell_weighted,77a19d3c4e280b51,1000,0.723216474,0.728610456,0.760417,0.750000
p16_v48_cell_weighted,77a19d3c4e280b51,1050,0.704520702,0.715576649,0.791667,0.791667
p16_v48_cell_weighted,77a19d3c4e280b51,1100,0.681756735,0.690216541,0.770833,0.791667
p16_v48_cell_weighted,77a19d3c4e280b51,1150,0.662225068,0.678248346,0.802083,0.708333
p16_v48_cell_weighted,77a19d3c4e280b51,1200,0.631632745,0.656485021,0.812500,0.750000
p16_v48_cell_weighted,77a19d3c4e280b51,1250,0.600165963,0.627401054,0.812500,0.770833
p16_v48_cell_weighted,77a19d3c4e280b51,1300,0.574983418,0.598558247,0.812500,0.854167
p16_v48_cell_weighted,77a19d3c4e280b51,1350,0.542524874,0.571558118,0.843750,0.875000
p16_v48_cell_weighted,77a19d3c4e280b51,1400,0.522332728,0.557154953,0.854167,0.854167
p16_v48_cell_weighted,77a19d3c4e280b51,1450,0.508293390,0.530394971,0.822917,0.875000
p16_v48_cell_weighted,77a19d3c4e280b51,1500,0.500292182,0.535042584,0.885417,0.854167
p16_v48_cell_weighted,77a19d3c4e280b51,1550,0.477019310,0.505257666,0.864583,0.895833
p16_v48_cell_weighted,77a19d3c4e280b51,1600,0.468366235,0.497466415,0.864583,0.895833
p16_v48_cell_weighted,77a19d3c4e280b51,1650,0.460687310,0.488447815,0.854167,0.854167
p16_v48_cell_weighted,77a19d3c4e280b51,1700,0.448205620,0.479777664,0.875000,0.875000
p16_v48_cell_weighted,77a19d3c4e280b51,1750,0.441909105,0.468005270,0.885417,0.916667
p16_v48_cell_weighted,77a19d3c4e280b51,1800,0.435998410,0.467079371,0.864583,0.895833
p16_v48_cell_weighted,77a19d3c4e280b51,1850,0.430632621,0.470342606,0.854167,0.854167
p16_v48_cell_weighted,77a19d3c4e280b51,1900,0.421045512,0.463322282,0.864583,0.875000
p16_v48_cell_weighted,77a19d3c4e280b51,1950,0.416200519,0.466125607,0.885417,0.895833
p16_v48_cell_weighted,77a19d3c4e280b51,2000,0.423773527,0.466420680,0.875000,0.895833
p16_v48_cell_weighted,77a19d3c4e280b51,2050,0.407113761,0.449329406,0.875000,0.875000
p16_v48_cell_weighted,77a19d3c4e280b51,2100,0.407727838,0.459788233,0.885417,0.854167
p16_v48_cell_weighted,77a19d3c4e280b51,2150,0.397845000,0.430192858,0.875000,0.875000
p16_v48_cell_weighted,77a19d3c4e280b51,2200,0.394180864,0.430432767,0.885417,0.895833
p16_v48_cell_weighted,77a19d3c4e280b51,2250,0.390206456,0.435204983,0.875000,0.875000
p16_v48_cell_weighted,77a19d3c4e280b51,2300,0.388042837,0.422186583,0.875000,0.895833
p16_v48_cell_weighted,77a19d3c4e280b51,2350,0.385251313,0.429572433,0.885417,0.854167
p16_v48_cell_weighted,77a19d3c4e280b51,2400,0.387223810,0.439072222,0.854167,0.854167
p16_v48_cell_weighted,77a19d3c4e280b51,2450,0.379217833,0.421867579,0.916667,0.875000
p16_v48_cell_weighted,77a19d3c4e280b51,2500,0.376581281,0.413026184,0.906250,0.916667
p16_v48_cell_weighted,77a19d3c4e280b51,2550,0.373506576,0.431057125,0.864583,0.833333
p16_v48_cell_weighted,77a19d3c4e280b51,2600,0.371276349,0.426689118,0.895833,0.895833
p16_v48_cell_weighted,77a19d3c4e280b51,2650,0.363921851,0.421070546,0.906250,0.875000
p16_v48_cell_weighted,77a19d3c4e280b51,2700,0.367206901,0.421335220,0.916667,0.854167
p16_v48_cell_weighted,77a19d3c4e280b51,2750,0.361505002,0.404957443,0.895833,0.895833
p16_v48_cell_weighted,77a19d3c4e280b51,2800,0.358200341,0.406823665,0.895833,0.895833
p16_v48_cell_weighted,77a19d3c4e280b51,2850,0.360280365,0.406924516,0.875000,0.916667
p16_v48_cell_weighted,77a19d3c4e280b51,2900,0.357831478,0.407888621,0.916667,0.875000
p16_v48_cell_weighted,77a19d3c4e280b51,2950,0.352430314,0.409108520,0.895833,0.875000
p16_v48_cell_weighted,77a19d3c4e280b51,3000,0.354718089,0.418913215,0.895833,0.916667
p16_v48_cell_weighted,77a19d3c4e280b51,3050,0.349889964,0.409885049,0.895833,0.875000
p16_v48_cell_weighted,77a19d3c4e280b51,3100,0.353137165,0.411537737,0.885417,0.875000
p16_v48_cell_weighted,77a19d3c4e280b51,3150,0.346486539,0.387411505,0.906250,0.875000
p16_v48_cell_weighted,77a19d3c4e280b51,3200,0.346456528,0.380043477,0.895833,0.875000
p16_v48_cell_weighted,77a19d3c4e280b51,3250,0.339776486,0.385362387,0.885417,0.875000
p16_v48_cell_weighted,77a19d3c4e280b51,3300,0.342811137,0.390248150,0.916667,0.875000
p16_v48_cell_weighted,77a19d3c4e280b51,3350,0.340273499,0.380525738,0.906250,0.895833
p16_v48_cell_weighted,77a19d3c4e280b51,3400,0.341007441,0.383939147,0.916667,0.875000
p16_v48_cell_weighted,77a19d3c4e280b51,3450,0.333048820,0.373307824,0.927083,0.875000
p16_v48_cell_weighted,77a19d3c4e280b51,3500,0.329747647,0.377953649,0.906250,0.895833
p16_v48_cell_weighted,77a19d3c4e280b51,3550,0.332322031,0.379016072,0.916667,0.895833
p16_v48_cell_weighted,77a19d3c4e280b51,3600,0.336143583,0.403066665,0.885417,0.916667
p16_v48_cell_weighted,77a19d3c4e280b51,3650,0.328893870,0.377813816,0.895833,0.937500
p16_v48_cell_weighted,77a19d3c4e280b51,3700,0.324921280,0.376540273,0.916667,0.916667
p16_v48_cell_weighted,77a19d3c4e280b51,3750,0.328083366,0.374317616,0.895833,0.854167
p16_v48_cell_weighted,77a19d3c4e280b51,3800,0.322821617,0.373266011,0.906250,0.916667
p16_v48_cell_weighted,77a19d3c4e280b51,3850,0.329561561,0.367788762,0.916667,0.875000
p16_v48_cell_weighted,77a19d3c4e280b51,3900,0.323162436,0.384987503,0.895833,0.895833
p16_v48_cell_weighted,77a19d3c4e280b51,3950,0.324372977,0.372819185,0.885417,0.854167
p16_v48_cell_weighted,77a19d3c4e280b51,4000,0.326309144,0.368547052,0.906250,0.895833
p16_v48_cell_weighted,77a19d3c4e280b51,4050,0.322613478,0.376467615,0.895833,0.916667
p16_v48_cell_weighted,77a19d3c4e280b51,4100,0.324568182,0.383469075,0.895833,0.937500
p16_v48_cell_weighted,77a19d3c4e280b51,4150,0.318140388,0.377999336,0.895833,0.937500
p16_v48_cell_weighted,77a19d3c4e280b51,4200,0.318353146,0.377148151,0.906250,0.895833
p16_v48_cell_weighted,77a19d3c4e280b51,4250,0.317325920,0.391918510,0.895833,0.895833
p16_v48_cell_weighted,77a19d3c4e280b51,4300,0.316126019,0.383391410,0.885417,0.916667
p16_v48_cell_weighted,77a19d3c4e280b51,4350,0.317657739,0.378289074,0.895833,0.833333
p16_v48_cell_weighted,77a19d3c4e280b51,4400,0.314488500,0.380968720,0.895833,0.875000
p16_v48_cell_weighted,77a19d3c4e280b51,4450,0.312846333,0.369448990,0.916667,0.916667
p16_v48_cell_weighted,77a19d3c4e280b51,4500,0.315693229,0.358666897,0.916667,0.895833
p16_v48_cell_weighted,77a19d3c4e280b51,4550,0.309689373,0.358206749,0.916667,0.875000
p16_v48_cell_weighted,77a19d3c4e280b51,4600,0.310445845,0.358375192,0.916667,0.875000
p16_v48_cell_weighted,77a19d3c4e280b51,4650,0.310222298,0.362639278,0.895833,0.937500
p16_v48_cell_weighted,77a19d3c4e280b51,4700,0.314699858,0.352967739,0.916667,0.895833
p16_v48_cell_weighted,77a19d3c4e280b51,4750,0.309369981,0.355374426,0.927083,0.875000
p16_v48_cell_weighted,77a19d3c4e280b51,4800,0.304315507,0.343984753,0.906250,0.854167
p16_v48_cell_weighted,1111222233334444,50,1.093082070,1.094623923,0.395833,0.333333
p16_v48_cell_weighted,1111222233334444,100,1.082200885,1.085875511,0.447917,0.458333
p16_v48_cell_weighted,1111222233334444,150,1.068528414,1.074187040,0.489583,0.375000
p16_v48_cell_weighted,1111222233334444,200,1.052263618,1.061045527,0.458333,0.458333
p16_v48_cell_weighted,1111222233334444,250,1.032698274,1.044270635,0.468750,0.437500
p16_v48_cell_weighted,1111222233334444,300,1.013761878,1.026478052,0.489583,0.458333
p16_v48_cell_weighted,1111222233334444,350,0.998977602,1.008854508,0.510417,0.458333
p16_v48_cell_weighted,1111222233334444,400,0.981859863,0.993445337,0.510417,0.458333
p16_v48_cell_weighted,1111222233334444,450,0.966062546,0.970325530,0.531250,0.500000
p16_v48_cell_weighted,1111222233334444,500,0.947925568,0.956424952,0.520833,0.458333
p16_v48_cell_weighted,1111222233334444,550,0.930454433,0.939675331,0.520833,0.416667
p16_v48_cell_weighted,1111222233334444,600,0.911613405,0.919423342,0.520833,0.458333
p16_v48_cell_weighted,1111222233334444,650,0.892039478,0.892334759,0.593750,0.562500
p16_v48_cell_weighted,1111222233334444,700,0.871552289,0.876832902,0.604167,0.500000
p16_v48_cell_weighted,1111222233334444,750,0.848733604,0.848832667,0.708333,0.645833
p16_v48_cell_weighted,1111222233334444,800,0.824297249,0.822357118,0.718750,0.687500
p16_v48_cell_weighted,1111222233334444,850,0.792382002,0.797134101,0.729167,0.687500
p16_v48_cell_weighted,1111222233334444,900,0.760329247,0.770109117,0.791667,0.708333
p16_v48_cell_weighted,1111222233334444,950,0.739540040,0.747093499,0.770833,0.687500
p16_v48_cell_weighted,1111222233334444,1000,0.708261907,0.721959352,0.781250,0.750000
p16_v48_cell_weighted,1111222233334444,1050,0.683310091,0.703952551,0.760417,0.791667
p16_v48_cell_weighted,1111222233334444,1100,0.661698997,0.681493104,0.802083,0.770833
p16_v48_cell_weighted,1111222233334444,1150,0.646713018,0.672444880,0.812500,0.750000
p16_v48_cell_weighted,1111222233334444,1200,0.628669143,0.647387743,0.781250,0.770833
p16_v48_cell_weighted,1111222233334444,1250,0.603255749,0.637458682,0.791667,0.812500
p16_v48_cell_weighted,1111222233334444,1300,0.589766145,0.635266840,0.833333,0.729167
p16_v48_cell_weighted,1111222233334444,1350,0.572876871,0.621237099,0.802083,0.791667
p16_v48_cell_weighted,1111222233334444,1400,0.555056274,0.608015716,0.812500,0.770833
p16_v48_cell_weighted,1111222233334444,1450,0.536716998,0.587531924,0.812500,0.770833
p16_v48_cell_weighted,1111222233334444,1500,0.518160403,0.566090763,0.822917,0.833333
p16_v48_cell_weighted,1111222233334444,1550,0.513178885,0.568466544,0.822917,0.770833
p16_v48_cell_weighted,1111222233334444,1600,0.504214585,0.559015214,0.802083,0.791667
p16_v48_cell_weighted,1111222233334444,1650,0.492587179,0.549421251,0.822917,0.833333
p16_v48_cell_weighted,1111222233334444,1700,0.483028799,0.547854543,0.843750,0.791667
p16_v48_cell_weighted,1111222233334444,1750,0.480586648,0.540565133,0.802083,0.770833
p16_v48_cell_weighted,1111222233334444,1800,0.473150611,0.529709160,0.822917,0.791667
p16_v48_cell_weighted,1111222233334444,1850,0.464752585,0.535072386,0.822917,0.812500
p16_v48_cell_weighted,1111222233334444,1900,0.458088875,0.528817236,0.833333,0.791667
p16_v48_cell_weighted,1111222233334444,1950,0.451104641,0.522463143,0.822917,0.791667
p16_v48_cell_weighted,1111222233334444,2000,0.441486984,0.519324541,0.854167,0.833333
p16_v48_cell_weighted,1111222233334444,2050,0.434247643,0.522064328,0.875000,0.833333
p16_v48_cell_weighted,1111222233334444,2100,0.425926685,0.507729709,0.864583,0.854167
p16_v48_cell_weighted,1111222233334444,2150,0.417395562,0.504147947,0.875000,0.833333
p16_v48_cell_weighted,1111222233334444,2200,0.416929722,0.497945756,0.822917,0.770833
p16_v48_cell_weighted,1111222233334444,2250,0.403598994,0.490605563,0.885417,0.854167
p16_v48_cell_weighted,1111222233334444,2300,0.405807346,0.500823617,0.864583,0.812500
p16_v48_cell_weighted,1111222233334444,2350,0.392096043,0.482669324,0.895833,0.875000
p16_v48_cell_weighted,1111222233334444,2400,0.389710873,0.479115844,0.864583,0.875000
p16_v48_cell_weighted,1111222233334444,2450,0.379265308,0.464330077,0.843750,0.875000
p16_v48_cell_weighted,1111222233334444,2500,0.377635151,0.462250233,0.895833,0.833333
p16_v48_cell_weighted,1111222233334444,2550,0.369079232,0.462502688,0.895833,0.854167
p16_v48_cell_weighted,1111222233334444,2600,0.365542620,0.472016960,0.916667,0.875000
p16_v48_cell_weighted,1111222233334444,2650,0.358937889,0.460521817,0.895833,0.833333
p16_v48_cell_weighted,1111222233334444,2700,0.352839321,0.460758060,0.895833,0.854167
p16_v48_cell_weighted,1111222233334444,2750,0.350477606,0.456533581,0.875000,0.854167
p16_v48_cell_weighted,1111222233334444,2800,0.344774842,0.449307203,0.906250,0.854167
p16_v48_cell_weighted,1111222233334444,2850,0.341720372,0.450230241,0.927083,0.854167
p16_v48_cell_weighted,1111222233334444,2900,0.340774864,0.444029123,0.885417,0.916667
p16_v48_cell_weighted,1111222233334444,2950,0.331525832,0.428788304,0.906250,0.854167
p16_v48_cell_weighted,1111222233334444,3000,0.326921284,0.425741106,0.895833,0.875000
p16_v48_cell_weighted,1111222233334444,3050,0.321167111,0.424435735,0.895833,0.875000
p16_v48_cell_weighted,1111222233334444,3100,0.316631764,0.430758476,0.927083,0.895833
p16_v48_cell_weighted,1111222233334444,3150,0.314216107,0.434165984,0.906250,0.875000
p16_v48_cell_weighted,1111222233334444,3200,0.312621921,0.418930531,0.916667,0.895833
p16_v48_cell_weighted,1111222233334444,3250,0.306588590,0.420007944,0.916667,0.854167
p16_v48_cell_weighted,1111222233334444,3300,0.306390971,0.416694313,0.927083,0.875000
p16_v48_cell_weighted,1111222233334444,3350,0.299905807,0.413311601,0.906250,0.875000
p16_v48_cell_weighted,1111222233334444,3400,0.301789194,0.414834827,0.937500,0.875000
p16_v48_cell_weighted,1111222233334444,3450,0.305089206,0.423567742,0.927083,0.937500
p16_v48_cell_weighted,1111222233334444,3500,0.292655885,0.414762944,0.906250,0.895833
p16_v48_cell_weighted,1111222233334444,3550,0.289671242,0.417706043,0.906250,0.854167
p16_v48_cell_weighted,1111222233334444,3600,0.287160635,0.423518032,0.927083,0.854167
p16_v48_cell_weighted,1111222233334444,3650,0.280758470,0.403052956,0.927083,0.875000
p16_v48_cell_weighted,1111222233334444,3700,0.283692777,0.410130948,0.927083,0.854167
p16_v48_cell_weighted,1111222233334444,3750,0.277756214,0.399052262,0.916667,0.895833
p16_v48_cell_weighted,1111222233334444,3800,0.280824691,0.402719527,0.927083,0.895833
p16_v48_cell_weighted,1111222233334444,3850,0.276276976,0.399893552,0.916667,0.875000
p16_v48_cell_weighted,1111222233334444,3900,0.274370253,0.406404018,0.916667,0.875000
p16_v48_cell_weighted,1111222233334444,3950,0.267022520,0.397080928,0.927083,0.895833
p16_v48_cell_weighted,1111222233334444,4000,0.264707595,0.399288416,0.937500,0.875000
p16_v48_cell_weighted,1111222233334444,4050,0.263455242,0.395959973,0.927083,0.895833
p16_v48_cell_weighted,1111222233334444,4100,0.258863419,0.406496435,0.927083,0.895833
p16_v48_cell_weighted,1111222233334444,4150,0.258836746,0.398805946,0.937500,0.875000
p16_v48_cell_weighted,1111222233334444,4200,0.258058995,0.416052848,0.927083,0.875000
p16_v48_cell_weighted,1111222233334444,4250,0.255077511,0.390091628,0.927083,0.916667
p16_v48_cell_weighted,1111222233334444,4300,0.251939952,0.415824145,0.937500,0.895833
p16_v48_cell_weighted,1111222233334444,4350,0.247318432,0.404827237,0.927083,0.895833
p16_v48_cell_weighted,1111222233334444,4400,0.243892252,0.406666726,0.927083,0.875000
p16_v48_cell_weighted,1111222233334444,4450,0.241270080,0.393252105,0.927083,0.895833
p16_v48_cell_weighted,1111222233334444,4500,0.240879551,0.396572918,0.937500,0.895833
p16_v48_cell_weighted,1111222233334444,4550,0.245652914,0.408545166,0.927083,0.854167
p16_v48_cell_weighted,1111222233334444,4600,0.241423354,0.383282274,0.916667,0.916667
p16_v48_cell_weighted,1111222233334444,4650,0.241365150,0.387805074,0.947917,0.895833
p16_v48_cell_weighted,1111222233334444,4700,0.247159436,0.384309083,0.916667,0.833333
p16_v48_cell_weighted,1111222233334444,4750,0.238071427,0.394666225,0.937500,0.916667
p16_v48_cell_weighted,1111222233334444,4800,0.240859732,0.380810291,0.947917,0.854167
p16_v48_margin_weighted,2b7e151628aed2a6,50,1.095486045,1.096497416,0.364583,0.354167
p16_v48_margin_weighted,2b7e151628aed2a6,100,1.087629795,1.089946628,0.479167,0.458333
p16_v48_margin_weighted,2b7e151628aed2a6,150,1.075919628,1.080886364,0.489583,0.500000
p16_v48_margin_weighted,2b7e151628aed2a6,200,1.061618805,1.069400072,0.479167,0.479167
p16_v48_margin_weighted,2b7e151628aed2a6,250,1.048730016,1.058996677,0.479167,0.437500
p16_v48_margin_weighted,2b7e151628aed2a6,300,1.038872600,1.050865650,0.468750,0.437500
p16_v48_margin_weighted,2b7e151628aed2a6,350,1.029860139,1.044680476,0.500000,0.458333
p16_v48_margin_weighted,2b7e151628aed2a6,400,1.024062634,1.036742210,0.489583,0.458333
p16_v48_margin_weighted,2b7e151628aed2a6,450,1.013820767,1.027652621,0.479167,0.458333
p16_v48_margin_weighted,2b7e151628aed2a6,500,0.999220431,1.013733029,0.500000,0.458333
p16_v48_margin_weighted,2b7e151628aed2a6,550,0.985949934,1.001351953,0.468750,0.458333
p16_v48_margin_weighted,2b7e151628aed2a6,600,0.963563979,0.977019787,0.489583,0.458333
p16_v48_margin_weighted,2b7e151628aed2a6,650,0.946640968,0.958358765,0.479167,0.479167
p16_v48_margin_weighted,2b7e151628aed2a6,700,0.920477092,0.939549208,0.500000,0.437500
p16_v48_margin_weighted,2b7e151628aed2a6,750,0.890724421,0.910332859,0.552083,0.520833
p16_v48_margin_weighted,2b7e151628aed2a6,800,0.866792262,0.882987678,0.593750,0.562500
p16_v48_margin_weighted,2b7e151628aed2a6,850,0.839644432,0.858656347,0.593750,0.562500
p16_v48_margin_weighted,2b7e151628aed2a6,900,0.812191725,0.837847292,0.614583,0.583333
p16_v48_margin_weighted,2b7e151628aed2a6,950,0.780524492,0.801789463,0.729167,0.687500
p16_v48_margin_weighted,2b7e151628aed2a6,1000,0.749567032,0.775321901,0.750000,0.708333
p16_v48_margin_weighted,2b7e151628aed2a6,1050,0.733378232,0.767900467,0.739583,0.645833
p16_v48_margin_weighted,2b7e151628aed2a6,1100,0.703534305,0.727814138,0.750000,0.666667
p16_v48_margin_weighted,2b7e151628aed2a6,1150,0.672813594,0.694977343,0.770833,0.708333
p16_v48_margin_weighted,2b7e151628aed2a6,1200,0.659693539,0.676668227,0.760417,0.812500
p16_v48_margin_weighted,2b7e151628aed2a6,1250,0.639441550,0.656054974,0.739583,0.750000
p16_v48_margin_weighted,2b7e151628aed2a6,1300,0.620253265,0.647198856,0.750000,0.791667
p16_v48_margin_weighted,2b7e151628aed2a6,1350,0.621073544,0.640127242,0.729167,0.708333
p16_v48_margin_weighted,2b7e151628aed2a6,1400,0.617049992,0.630936146,0.729167,0.708333
p16_v48_margin_weighted,2b7e151628aed2a6,1450,0.601168811,0.620427907,0.739583,0.750000
p16_v48_margin_weighted,2b7e151628aed2a6,1500,0.593682587,0.625986934,0.750000,0.770833
p16_v48_margin_weighted,2b7e151628aed2a6,1550,0.584335506,0.612863243,0.750000,0.750000
p16_v48_margin_weighted,2b7e151628aed2a6,1600,0.576636016,0.607104957,0.760417,0.770833
p16_v48_margin_weighted,2b7e151628aed2a6,1650,0.565982044,0.601804674,0.781250,0.750000
p16_v48_margin_weighted,2b7e151628aed2a6,1700,0.559459746,0.607200801,0.750000,0.750000
p16_v48_margin_weighted,2b7e151628aed2a6,1750,0.554436862,0.587650239,0.791667,0.791667
p16_v48_margin_weighted,2b7e151628aed2a6,1800,0.547877789,0.594176233,0.791667,0.812500
p16_v48_margin_weighted,2b7e151628aed2a6,1850,0.541566312,0.574429333,0.781250,0.750000
p16_v48_margin_weighted,2b7e151628aed2a6,1900,0.542853296,0.586994171,0.781250,0.791667
p16_v48_margin_weighted,2b7e151628aed2a6,1950,0.536039352,0.571519554,0.791667,0.729167
p16_v48_margin_weighted,2b7e151628aed2a6,2000,0.530606210,0.573850691,0.781250,0.791667
p16_v48_margin_weighted,2b7e151628aed2a6,2050,0.525736749,0.577859581,0.781250,0.750000
p16_v48_margin_weighted,2b7e151628aed2a6,2100,0.526770890,0.574902296,0.739583,0.791667
p16_v48_margin_weighted,2b7e151628aed2a6,2150,0.520790517,0.555288792,0.760417,0.770833
p16_v48_margin_weighted,2b7e151628aed2a6,2200,0.513915181,0.567134500,0.822917,0.812500
p16_v48_margin_weighted,2b7e151628aed2a6,2250,0.514733493,0.578343034,0.770833,0.833333
p16_v48_margin_weighted,2b7e151628aed2a6,2300,0.513550103,0.552746356,0.781250,0.812500
p16_v48_margin_weighted,2b7e151628aed2a6,2350,0.513085663,0.544579148,0.791667,0.791667
p16_v48_margin_weighted,2b7e151628aed2a6,2400,0.504117668,0.546638012,0.812500,0.854167
p16_v48_margin_weighted,2b7e151628aed2a6,2450,0.509622455,0.550122321,0.802083,0.770833
p16_v48_margin_weighted,2b7e151628aed2a6,2500,0.506365240,0.544311285,0.791667,0.791667
p16_v48_margin_weighted,2b7e151628aed2a6,2550,0.496272475,0.572936118,0.791667,0.875000
p16_v48_margin_weighted,2b7e151628aed2a6,2600,0.494764179,0.536096394,0.791667,0.854167
p16_v48_margin_weighted,2b7e151628aed2a6,2650,0.486918598,0.553440154,0.770833,0.812500
p16_v48_margin_weighted,2b7e151628aed2a6,2700,0.486883551,0.536742747,0.781250,0.833333
p16_v48_margin_weighted,2b7e151628aed2a6,2750,0.483366013,0.567027152,0.770833,0.812500
p16_v48_margin_weighted,2b7e151628aed2a6,2800,0.479827195,0.557156265,0.812500,0.854167
p16_v48_margin_weighted,2b7e151628aed2a6,2850,0.474908918,0.547088802,0.791667,0.875000
p16_v48_margin_weighted,2b7e151628aed2a6,2900,0.478505969,0.536005437,0.854167,0.854167
p16_v48_margin_weighted,2b7e151628aed2a6,2950,0.470165640,0.548778892,0.822917,0.791667
p16_v48_margin_weighted,2b7e151628aed2a6,3000,0.476048559,0.537313044,0.812500,0.791667
p16_v48_margin_weighted,2b7e151628aed2a6,3050,0.470015883,0.565554559,0.791667,0.812500
p16_v48_margin_weighted,2b7e151628aed2a6,3100,0.463906527,0.537344038,0.822917,0.875000
p16_v48_margin_weighted,2b7e151628aed2a6,3150,0.464146018,0.551560223,0.812500,0.895833
p16_v48_margin_weighted,2b7e151628aed2a6,3200,0.461845845,0.542309940,0.833333,0.833333
p16_v48_margin_weighted,2b7e151628aed2a6,3250,0.465069056,0.545037389,0.822917,0.833333
p16_v48_margin_weighted,2b7e151628aed2a6,3300,0.457346469,0.538745821,0.781250,0.875000
p16_v48_margin_weighted,2b7e151628aed2a6,3350,0.451043040,0.530622482,0.833333,0.854167
p16_v48_margin_weighted,2b7e151628aed2a6,3400,0.447595358,0.531471908,0.833333,0.875000
p16_v48_margin_weighted,2b7e151628aed2a6,3450,0.448222071,0.515885055,0.843750,0.812500
p16_v48_margin_weighted,2b7e151628aed2a6,3500,0.439304084,0.519097269,0.833333,0.895833
p16_v48_margin_weighted,2b7e151628aed2a6,3550,0.440716058,0.515458405,0.843750,0.875000
p16_v48_margin_weighted,2b7e151628aed2a6,3600,0.440835714,0.511588871,0.843750,0.833333
p16_v48_margin_weighted,2b7e151628aed2a6,3650,0.435542017,0.542754829,0.812500,0.875000
p16_v48_margin_weighted,2b7e151628aed2a6,3700,0.414858788,0.509375572,0.833333,0.895833
p16_v48_margin_weighted,2b7e151628aed2a6,3750,0.420241117,0.497950912,0.885417,0.833333
p16_v48_margin_weighted,2b7e151628aed2a6,3800,0.416924119,0.509443462,0.885417,0.895833
p16_v48_margin_weighted,2b7e151628aed2a6,3850,0.408151001,0.483701795,0.875000,0.895833
p16_v48_margin_weighted,2b7e151628aed2a6,3900,0.411381364,0.496589452,0.864583,0.812500
p16_v48_margin_weighted,2b7e151628aed2a6,3950,0.415414721,0.509088099,0.854167,0.833333
p16_v48_margin_weighted,2b7e151628aed2a6,4000,0.399374753,0.490526885,0.864583,0.895833
p16_v48_margin_weighted,2b7e151628aed2a6,4050,0.395320565,0.482109427,0.895833,0.895833
p16_v48_margin_weighted,2b7e151628aed2a6,4100,0.390029550,0.475848645,0.885417,0.875000
p16_v48_margin_weighted,2b7e151628aed2a6,4150,0.387742281,0.464594573,0.885417,0.895833
p16_v48_margin_weighted,2b7e151628aed2a6,4200,0.385778099,0.479169369,0.885417,0.875000
p16_v48_margin_weighted,2b7e151628aed2a6,4250,0.383407563,0.466498941,0.875000,0.875000
p16_v48_margin_weighted,2b7e151628aed2a6,4300,0.381557077,0.471530288,0.906250,0.895833
p16_v48_margin_weighted,2b7e151628aed2a6,4350,0.375674278,0.466251642,0.906250,0.875000
p16_v48_margin_weighted,2b7e151628aed2a6,4400,0.379230767,0.463839263,0.885417,0.875000
p16_v48_margin_weighted,2b7e151628aed2a6,4450,0.370579451,0.461864233,0.885417,0.875000
p16_v48_margin_weighted,2b7e151628aed2a6,4500,0.379436344,0.489686817,0.885417,0.895833
p16_v48_margin_weighted,2b7e151628aed2a6,4550,0.368606359,0.444420934,0.875000,0.854167
p16_v48_margin_weighted,2b7e151628aed2a6,4600,0.364737153,0.452582389,0.906250,0.875000
p16_v48_margin_weighted,2b7e151628aed2a6,4650,0.361394316,0.433386087,0.875000,0.875000
p16_v48_margin_weighted,2b7e151628aed2a6,4700,0.361976057,0.444505960,0.895833,0.895833
p16_v48_margin_weighted,2b7e151628aed2a6,4750,0.367568761,0.467248917,0.895833,0.854167
p16_v48_margin_weighted,2b7e151628aed2a6,4800,0.356631726,0.452785492,0.906250,0.854167
p16_v48_margin_weighted,77a19d3c4e280b51,50,1.094866157,1.095594883,0.395833,0.333333
p16_v48_margin_weighted,77a19d3c4e280b51,100,1.086458445,1.089143157,0.406250,0.395833
p16_v48_margin_weighted,77a19d3c4e280b51,150,1.076679826,1.080173373,0.468750,0.437500
p16_v48_margin_weighted,77a19d3c4e280b51,200,1.061707735,1.065448403,0.479167,0.437500
p16_v48_margin_weighted,77a19d3c4e280b51,250,1.049621820,1.056718111,0.489583,0.437500
p16_v48_margin_weighted,77a19d3c4e280b51,300,1.034114718,1.042734742,0.458333,0.437500
p16_v48_margin_weighted,77a19d3c4e280b51,350,1.020157933,1.028583407,0.447917,0.458333
p16_v48_margin_weighted,77a19d3c4e280b51,400,1.008635521,1.017691970,0.427083,0.458333
p16_v48_margin_weighted,77a19d3c4e280b51,450,0.998037279,1.005447030,0.479167,0.416667
p16_v48_margin_weighted,77a19d3c4e280b51,500,0.985344112,0.995794117,0.468750,0.416667
p16_v48_margin_weighted,77a19d3c4e280b51,550,0.969578564,0.975465298,0.458333,0.437500
p16_v48_margin_weighted,77a19d3c4e280b51,600,0.960352600,0.961810112,0.510417,0.500000
p16_v48_margin_weighted,77a19d3c4e280b51,650,0.944501400,0.958169281,0.479167,0.437500
p16_v48_margin_weighted,77a19d3c4e280b51,700,0.929135025,0.934327662,0.604167,0.562500
p16_v48_margin_weighted,77a19d3c4e280b51,750,0.917507946,0.922734797,0.562500,0.479167
p16_v48_margin_weighted,77a19d3c4e280b51,800,0.904836237,0.912902832,0.531250,0.500000
p16_v48_margin_weighted,77a19d3c4e280b51,850,0.886469305,0.894137383,0.562500,0.500000
p16_v48_margin_weighted,77a19d3c4e280b51,900,0.871312797,0.874733388,0.604167,0.500000
p16_v48_margin_weighted,77a19d3c4e280b51,950,0.850716114,0.858816803,0.593750,0.500000
p16_v48_margin_weighted,77a19d3c4e280b51,1000,0.834125578,0.831660688,0.645833,0.583333
p16_v48_margin_weighted,77a19d3c4e280b51,1050,0.807256043,0.815020382,0.687500,0.604167
p16_v48_margin_weighted,77a19d3c4e280b51,1100,0.786693811,0.795795143,0.718750,0.645833
p16_v48_margin_weighted,77a19d3c4e280b51,1150,0.759901047,0.768832743,0.729167,0.687500
p16_v48_margin_weighted,77a19d3c4e280b51,1200,0.737806380,0.751526356,0.739583,0.645833
p16_v48_margin_weighted,77a19d3c4e280b51,1250,0.720624447,0.743089914,0.739583,0.604167
p16_v48_margin_weighted,77a19d3c4e280b51,1300,0.702074826,0.730309248,0.739583,0.666667
p16_v48_margin_weighted,77a19d3c4e280b51,1350,0.681747496,0.714785397,0.760417,0.666667
p16_v48_margin_weighted,77a19d3c4e280b51,1400,0.665446937,0.696327686,0.802083,0.729167
p16_v48_margin_weighted,77a19d3c4e280b51,1450,0.650952935,0.666878045,0.791667,0.750000
p16_v48_margin_weighted,77a19d3c4e280b51,1500,0.630335212,0.655744195,0.781250,0.750000
p16_v48_margin_weighted,77a19d3c4e280b51,1550,0.612879336,0.650434494,0.802083,0.687500
p16_v48_margin_weighted,77a19d3c4e280b51,1600,0.603011668,0.637307227,0.770833,0.750000
p16_v48_margin_weighted,77a19d3c4e280b51,1650,0.583467424,0.613820374,0.791667,0.750000
p16_v48_margin_weighted,77a19d3c4e280b51,1700,0.580640972,0.601996124,0.781250,0.750000
p16_v48_margin_weighted,77a19d3c4e280b51,1750,0.564748704,0.600765407,0.802083,0.708333
p16_v48_margin_weighted,77a19d3c4e280b51,1800,0.550759971,0.585287511,0.781250,0.750000
p16_v48_margin_weighted,77a19d3c4e280b51,1850,0.536794543,0.575686157,0.781250,0.770833
p16_v48_margin_weighted,77a19d3c4e280b51,1900,0.526543319,0.564883649,0.791667,0.770833
p16_v48_margin_weighted,77a19d3c4e280b51,1950,0.516877472,0.570999146,0.822917,0.750000
p16_v48_margin_weighted,77a19d3c4e280b51,2000,0.504136622,0.552289426,0.833333,0.854167
p16_v48_margin_weighted,77a19d3c4e280b51,2050,0.491742820,0.539818823,0.822917,0.875000
p16_v48_margin_weighted,77a19d3c4e280b51,2100,0.480870992,0.540098071,0.864583,0.770833
p16_v48_margin_weighted,77a19d3c4e280b51,2150,0.471907973,0.537384510,0.843750,0.854167
p16_v48_margin_weighted,77a19d3c4e280b51,2200,0.458066911,0.523478925,0.843750,0.895833
p16_v48_margin_weighted,77a19d3c4e280b51,2250,0.455312997,0.523838341,0.854167,0.854167
p16_v48_margin_weighted,77a19d3c4e280b51,2300,0.443136305,0.511623442,0.885417,0.875000
p16_v48_margin_weighted,77a19d3c4e280b51,2350,0.428702742,0.502493382,0.885417,0.895833
p16_v48_margin_weighted,77a19d3c4e280b51,2400,0.419058293,0.495513827,0.885417,0.833333
p16_v48_margin_weighted,77a19d3c4e280b51,2450,0.416154146,0.490099430,0.875000,0.875000
p16_v48_margin_weighted,77a19d3c4e280b51,2500,0.406577945,0.487924457,0.906250,0.875000
p16_v48_margin_weighted,77a19d3c4e280b51,2550,0.394200683,0.482283443,0.906250,0.875000
p16_v48_margin_weighted,77a19d3c4e280b51,2600,0.389762253,0.481721073,0.916667,0.875000
p16_v48_margin_weighted,77a19d3c4e280b51,2650,0.381961256,0.469299167,0.906250,0.895833
p16_v48_margin_weighted,77a19d3c4e280b51,2700,0.383237392,0.474834085,0.895833,0.875000
p16_v48_margin_weighted,77a19d3c4e280b51,2750,0.375001520,0.455501914,0.906250,0.916667
p16_v48_margin_weighted,77a19d3c4e280b51,2800,0.372999907,0.449190885,0.916667,0.895833
p16_v48_margin_weighted,77a19d3c4e280b51,2850,0.362973183,0.439458817,0.906250,0.916667
p16_v48_margin_weighted,77a19d3c4e280b51,2900,0.356955200,0.436327189,0.916667,0.895833
p16_v48_margin_weighted,77a19d3c4e280b51,2950,0.351868063,0.437263131,0.916667,0.875000
p16_v48_margin_weighted,77a19d3c4e280b51,3000,0.346015811,0.437000722,0.906250,0.916667
p16_v48_margin_weighted,77a19d3c4e280b51,3050,0.355522841,0.452464104,0.895833,0.875000
p16_v48_margin_weighted,77a19d3c4e280b51,3100,0.340502590,0.434422284,0.916667,0.875000
p16_v48_margin_weighted,77a19d3c4e280b51,3150,0.335340381,0.439442754,0.906250,0.833333
p16_v48_margin_weighted,77a19d3c4e280b51,3200,0.335738301,0.427304178,0.906250,0.875000
p16_v48_margin_weighted,77a19d3c4e280b51,3250,0.324962825,0.434062749,0.906250,0.916667
p16_v48_margin_weighted,77a19d3c4e280b51,3300,0.327029973,0.439468026,0.927083,0.854167
p16_v48_margin_weighted,77a19d3c4e280b51,3350,0.317527324,0.433249861,0.916667,0.895833
p16_v48_margin_weighted,77a19d3c4e280b51,3400,0.314312071,0.428952187,0.927083,0.854167
p16_v48_margin_weighted,77a19d3c4e280b51,3450,0.312763304,0.424652725,0.916667,0.895833
p16_v48_margin_weighted,77a19d3c4e280b51,3500,0.311734527,0.431802601,0.916667,0.854167
p16_v48_margin_weighted,77a19d3c4e280b51,3550,0.305947661,0.412750214,0.916667,0.895833
p16_v48_margin_weighted,77a19d3c4e280b51,3600,0.303115875,0.411740065,0.927083,0.875000
p16_v48_margin_weighted,77a19d3c4e280b51,3650,0.306982189,0.425143600,0.927083,0.854167
p16_v48_margin_weighted,77a19d3c4e280b51,3700,0.301718801,0.423920006,0.927083,0.875000
p16_v48_margin_weighted,77a19d3c4e280b51,3750,0.298084944,0.406688452,0.906250,0.875000
p16_v48_margin_weighted,77a19d3c4e280b51,3800,0.305544049,0.412050724,0.916667,0.854167
p16_v48_margin_weighted,77a19d3c4e280b51,3850,0.294274241,0.405843526,0.927083,0.854167
p16_v48_margin_weighted,77a19d3c4e280b51,3900,0.291131884,0.403483152,0.927083,0.875000
p16_v48_margin_weighted,77a19d3c4e280b51,3950,0.289362997,0.409195811,0.937500,0.895833
p16_v48_margin_weighted,77a19d3c4e280b51,4000,0.289371163,0.399126381,0.927083,0.895833
p16_v48_margin_weighted,77a19d3c4e280b51,4050,0.284050792,0.400044203,0.937500,0.833333
p16_v48_margin_weighted,77a19d3c4e280b51,4100,0.284859806,0.409274101,0.927083,0.833333
p16_v48_margin_weighted,77a19d3c4e280b51,4150,0.277084142,0.398277998,0.937500,0.875000
p16_v48_margin_weighted,77a19d3c4e280b51,4200,0.275216669,0.387456328,0.927083,0.895833
p16_v48_margin_weighted,77a19d3c4e280b51,4250,0.282096118,0.399689078,0.916667,0.854167
p16_v48_margin_weighted,77a19d3c4e280b51,4300,0.272657722,0.402709574,0.937500,0.875000
p16_v48_margin_weighted,77a19d3c4e280b51,4350,0.269434988,0.411532909,0.937500,0.895833
p16_v48_margin_weighted,77a19d3c4e280b51,4400,0.266603380,0.398767710,0.906250,0.937500
p16_v48_margin_weighted,77a19d3c4e280b51,4450,0.271062255,0.397235662,0.927083,0.875000
p16_v48_margin_weighted,77a19d3c4e280b51,4500,0.265409738,0.396291882,0.927083,0.854167
p16_v48_margin_weighted,77a19d3c4e280b51,4550,0.260167331,0.407123327,0.927083,0.916667
p16_v48_margin_weighted,77a19d3c4e280b51,4600,0.258580089,0.401974708,0.927083,0.875000
p16_v48_margin_weighted,77a19d3c4e280b51,4650,0.257222623,0.393354416,0.916667,0.895833
p16_v48_margin_weighted,77a19d3c4e280b51,4700,0.254248351,0.381280214,0.927083,0.833333
p16_v48_margin_weighted,77a19d3c4e280b51,4750,0.258088976,0.383479327,0.927083,0.833333
p16_v48_margin_weighted,77a19d3c4e280b51,4800,0.252962172,0.400383115,0.927083,0.895833
p16_v48_margin_weighted,1111222233334444,50,1.092754960,1.093907833,0.395833,0.395833
p16_v48_margin_weighted,1111222233334444,100,1.083708167,1.086638331,0.406250,0.437500
p16_v48_margin_weighted,1111222233334444,150,1.071447372,1.075240731,0.479167,0.437500
p16_v48_margin_weighted,1111222233334444,200,1.056081057,1.061635852,0.458333,0.479167
p16_v48_margin_weighted,1111222233334444,250,1.042987227,1.051552057,0.468750,0.458333
p16_v48_margin_weighted,1111222233334444,300,1.026779890,1.037456632,0.489583,0.458333
p16_v48_margin_weighted,1111222233334444,350,1.011960626,1.024283171,0.468750,0.458333
p16_v48_margin_weighted,1111222233334444,400,0.998856306,1.012083888,0.479167,0.500000
p16_v48_margin_weighted,1111222233334444,450,0.984888971,0.995555878,0.510417,0.500000
p16_v48_margin_weighted,1111222233334444,500,0.969588757,0.980930150,0.500000,0.520833
p16_v48_margin_weighted,1111222233334444,550,0.949951470,0.965102017,0.510417,0.500000
p16_v48_margin_weighted,1111222233334444,600,0.930690587,0.948225915,0.500000,0.500000
p16_v48_margin_weighted,1111222233334444,650,0.912427187,0.929626465,0.552083,0.520833
p16_v48_margin_weighted,1111222233334444,700,0.889350951,0.909462512,0.500000,0.562500
p16_v48_margin_weighted,1111222233334444,750,0.859508336,0.880002260,0.572917,0.562500
p16_v48_margin_weighted,1111222233334444,800,0.840555191,0.859894812,0.593750,0.604167
p16_v48_margin_weighted,1111222233334444,850,0.811472833,0.833126366,0.635417,0.687500
p16_v48_margin_weighted,1111222233334444,900,0.787822545,0.822430074,0.687500,0.687500
p16_v48_margin_weighted,1111222233334444,950,0.766938388,0.792374074,0.708333,0.708333
p16_v48_margin_weighted,1111222233334444,1000,0.739397824,0.767170727,0.760417,0.708333
p16_v48_margin_weighted,1111222233334444,1050,0.714472592,0.745004117,0.739583,0.729167
p16_v48_margin_weighted,1111222233334444,1100,0.686277330,0.724786997,0.760417,0.729167
p16_v48_margin_weighted,1111222233334444,1150,0.667738974,0.703689754,0.781250,0.729167
p16_v48_margin_weighted,1111222233334444,1200,0.652753234,0.682305276,0.781250,0.770833
p16_v48_margin_weighted,1111222233334444,1250,0.632236302,0.658689082,0.802083,0.770833
p16_v48_margin_weighted,1111222233334444,1300,0.610554874,0.635395229,0.791667,0.812500
p16_v48_margin_weighted,1111222233334444,1350,0.599445999,0.639387429,0.802083,0.791667
p16_v48_margin_weighted,1111222233334444,1400,0.579009235,0.612372220,0.843750,0.791667
p16_v48_margin_weighted,1111222233334444,1450,0.565214276,0.594781578,0.854167,0.791667
p16_v48_margin_weighted,1111222233334444,1500,0.555276453,0.588716686,0.833333,0.833333
p16_v48_margin_weighted,1111222233334444,1550,0.537561297,0.561492980,0.822917,0.833333
p16_v48_margin_weighted,1111222233334444,1600,0.530362368,0.554268897,0.854167,0.833333
p16_v48_margin_weighted,1111222233334444,1650,0.520996749,0.547248304,0.854167,0.812500
p16_v48_margin_weighted,1111222233334444,1700,0.514387131,0.543945014,0.854167,0.812500
p16_v48_margin_weighted,1111222233334444,1750,0.515268505,0.539117992,0.843750,0.791667
p16_v48_margin_weighted,1111222233334444,1800,0.507367849,0.543429077,0.854167,0.812500
p16_v48_margin_weighted,1111222233334444,1850,0.497867674,0.528029799,0.864583,0.854167
p16_v48_margin_weighted,1111222233334444,1900,0.497983307,0.522404730,0.822917,0.833333
p16_v48_margin_weighted,1111222233334444,1950,0.491602182,0.522968829,0.864583,0.791667
p16_v48_margin_weighted,1111222233334444,2000,0.480315715,0.513833165,0.864583,0.833333
p16_v48_margin_weighted,1111222233334444,2050,0.478413612,0.508976877,0.864583,0.854167
p16_v48_margin_weighted,1111222233334444,2100,0.472515494,0.489453405,0.843750,0.875000
p16_v48_margin_weighted,1111222233334444,2150,0.465617776,0.498357326,0.854167,0.875000
p16_v48_margin_weighted,1111222233334444,2200,0.469332546,0.494424134,0.843750,0.875000
p16_v48_margin_weighted,1111222233334444,2250,0.458437830,0.486879945,0.864583,0.875000
p16_v48_margin_weighted,1111222233334444,2300,0.465601206,0.486814380,0.822917,0.895833
p16_v48_margin_weighted,1111222233334444,2350,0.460655928,0.489979386,0.843750,0.875000
p16_v48_margin_weighted,1111222233334444,2400,0.460312694,0.491987228,0.843750,0.854167
p16_v48_margin_weighted,1111222233334444,2450,0.447959989,0.468732953,0.854167,0.875000
p16_v48_margin_weighted,1111222233334444,2500,0.452270716,0.473198384,0.854167,0.854167
p16_v48_margin_weighted,1111222233334444,2550,0.443435878,0.459243327,0.864583,0.937500
p16_v48_margin_weighted,1111222233334444,2600,0.449948996,0.486176610,0.864583,0.854167
p16_v48_margin_weighted,1111222233334444,2650,0.439293027,0.468949705,0.875000,0.875000
p16_v48_margin_weighted,1111222233334444,2700,0.438180089,0.481056243,0.864583,0.854167
p16_v48_margin_weighted,1111222233334444,2750,0.431154341,0.463745266,0.864583,0.875000
p16_v48_margin_weighted,1111222233334444,2800,0.427067786,0.466322988,0.864583,0.875000
p16_v48_margin_weighted,1111222233334444,2850,0.426745027,0.462034971,0.864583,0.895833
p16_v48_margin_weighted,1111222233334444,2900,0.423680931,0.458563715,0.875000,0.895833
p16_v48_margin_weighted,1111222233334444,2950,0.422017068,0.467434645,0.875000,0.895833
p16_v48_margin_weighted,1111222233334444,3000,0.420365930,0.461146742,0.843750,0.937500
p16_v48_margin_weighted,1111222233334444,3050,0.415920824,0.465478152,0.864583,0.916667
p16_v48_margin_weighted,1111222233334444,3100,0.411516875,0.460252643,0.843750,0.875000
p16_v48_margin_weighted,1111222233334444,3150,0.407386303,0.460252315,0.843750,0.854167
p16_v48_margin_weighted,1111222233334444,3200,0.408083320,0.471951336,0.854167,0.875000
p16_v48_margin_weighted,1111222233334444,3250,0.401482373,0.454309106,0.864583,0.895833
p16_v48_margin_weighted,1111222233334444,3300,0.396871895,0.450641602,0.843750,0.875000
p16_v48_margin_weighted,1111222233334444,3350,0.398156047,0.446984887,0.833333,0.875000
p16_v48_margin_weighted,1111222233334444,3400,0.399956346,0.447190851,0.854167,0.895833
p16_v48_margin_weighted,1111222233334444,3450,0.401749104,0.458830357,0.843750,0.875000
p16_v48_margin_weighted,1111222233334444,3500,0.392843127,0.438801318,0.833333,0.875000
p16_v48_margin_weighted,1111222233334444,3550,0.394614846,0.455353260,0.864583,0.854167
p16_v48_margin_weighted,1111222233334444,3600,0.391430616,0.436391234,0.854167,0.895833
p16_v48_margin_weighted,1111222233334444,3650,0.393603891,0.467858404,0.854167,0.875000
p16_v48_margin_weighted,1111222233334444,3700,0.385605782,0.442753047,0.864583,0.895833
p16_v48_margin_weighted,1111222233334444,3750,0.387285739,0.447304279,0.864583,0.937500
p16_v48_margin_weighted,1111222233334444,3800,0.388652235,0.440276057,0.843750,0.916667
p16_v48_margin_weighted,1111222233334444,3850,0.380932570,0.451553822,0.875000,0.812500
p16_v48_margin_weighted,1111222233334444,3900,0.378527611,0.446833283,0.875000,0.895833
p16_v48_margin_weighted,1111222233334444,3950,0.375055194,0.434741259,0.875000,0.833333
p16_v48_margin_weighted,1111222233334444,4000,0.374254823,0.448381156,0.885417,0.833333
p16_v48_margin_weighted,1111222233334444,4050,0.373153061,0.442047924,0.875000,0.895833
p16_v48_margin_weighted,1111222233334444,4100,0.372288018,0.444145560,0.854167,0.895833
p16_v48_margin_weighted,1111222233334444,4150,0.363827586,0.431020409,0.854167,0.895833
p16_v48_margin_weighted,1111222233334444,4200,0.363359183,0.421570659,0.885417,0.895833
p16_v48_margin_weighted,1111222233334444,4250,0.358364105,0.417620271,0.885417,0.916667
p16_v48_margin_weighted,1111222233334444,4300,0.359125495,0.409343213,0.885417,0.895833
p16_v48_margin_weighted,1111222233334444,4350,0.366036803,0.421646237,0.885417,0.875000
p16_v48_margin_weighted,1111222233334444,4400,0.359427899,0.416197032,0.895833,0.875000
p16_v48_margin_weighted,1111222233334444,4450,0.352270335,0.391780168,0.885417,0.916667
p16_v48_margin_weighted,1111222233334444,4500,0.351719379,0.405327946,0.906250,0.895833
p16_v48_margin_weighted,1111222233334444,4550,0.351514250,0.422277659,0.906250,0.875000
p16_v48_margin_weighted,1111222233334444,4600,0.352730781,0.418122619,0.895833,0.895833
p16_v48_margin_weighted,1111222233334444,4650,0.346350908,0.413811535,0.885417,0.875000
p16_v48_margin_weighted,1111222233334444,4700,0.355425090,0.418186784,0.895833,0.875000
p16_v48_margin_weighted,1111222233334444,4750,0.342882127,0.419958979,0.885417,0.875000
p16_v48_margin_weighted,1111222233334444,4800,0.346388221,0.399591058,0.885417,0.895833
p16_v96_full,2b7e151628aed2a6,50,1.091705441,1.093101621,0.416667,0.395833
p16_v96_full,2b7e151628aed2a6,100,1.079208493,1.082584381,0.447917,0.437500
p16_v96_full,2b7e151628aed2a6,150,1.063105226,1.069612026,0.468750,0.437500
p16_v96_full,2b7e151628aed2a6,200,1.043585300,1.052183867,0.437500,0.437500
p16_v96_full,2b7e151628aed2a6,250,1.022936106,1.031324267,0.500000,0.437500
p16_v96_full,2b7e151628aed2a6,300,1.004500151,1.012468815,0.489583,0.416667
p16_v96_full,2b7e151628aed2a6,350,0.985676348,0.991007388,0.500000,0.479167
p16_v96_full,2b7e151628aed2a6,400,0.966126978,0.971229315,0.510417,0.437500
p16_v96_full,2b7e151628aed2a6,450,0.946364582,0.951320708,0.500000,0.416667
p16_v96_full,2b7e151628aed2a6,500,0.922652483,0.929213226,0.520833,0.416667
p16_v96_full,2b7e151628aed2a6,550,0.894960225,0.901368141,0.562500,0.458333
p16_v96_full,2b7e151628aed2a6,600,0.863692343,0.871601403,0.604167,0.520833
p16_v96_full,2b7e151628aed2a6,650,0.823652923,0.834097385,0.645833,0.583333
p16_v96_full,2b7e151628aed2a6,700,0.784701347,0.796534240,0.739583,0.666667
p16_v96_full,2b7e151628aed2a6,750,0.741640627,0.758736789,0.802083,0.687500
p16_v96_full,2b7e151628aed2a6,800,0.701287210,0.719779491,0.812500,0.729167
p16_v96_full,2b7e151628aed2a6,850,0.662332654,0.686447561,0.802083,0.770833
p16_v96_full,2b7e151628aed2a6,900,0.623444617,0.652774870,0.791667,0.812500
p16_v96_full,2b7e151628aed2a6,950,0.591394365,0.629348636,0.812500,0.833333
p16_v96_full,2b7e151628aed2a6,1000,0.558120668,0.601033926,0.802083,0.812500
p16_v96_full,2b7e151628aed2a6,1050,0.523816168,0.574259818,0.822917,0.875000
p16_v96_full,2b7e151628aed2a6,1100,0.491415232,0.544537842,0.854167,0.895833
p16_v96_full,2b7e151628aed2a6,1150,0.463006228,0.520049572,0.875000,0.916667
p16_v96_full,2b7e151628aed2a6,1200,0.437342077,0.497773916,0.906250,0.875000
p16_v96_full,2b7e151628aed2a6,1250,0.412758201,0.480064243,0.906250,0.875000
p16_v96_full,2b7e151628aed2a6,1300,0.390334338,0.458722800,0.895833,0.916667
p16_v96_full,2b7e151628aed2a6,1350,0.369092196,0.445987910,0.895833,0.895833
p16_v96_full,2b7e151628aed2a6,1400,0.350897074,0.428998142,0.895833,0.895833
p16_v96_full,2b7e151628aed2a6,1450,0.333875448,0.422355562,0.906250,0.895833
p16_v96_full,2b7e151628aed2a6,1500,0.318098485,0.409953505,0.906250,0.895833
p16_v96_full,2b7e151628aed2a6,1550,0.304595709,0.400768071,0.916667,0.895833
p16_v96_full,2b7e151628aed2a6,1600,0.292139441,0.386412382,0.906250,0.875000
p16_v96_full,2b7e151628aed2a6,1650,0.279729396,0.376519948,0.906250,0.895833
p16_v96_full,2b7e151628aed2a6,1700,0.268715054,0.362180114,0.927083,0.875000
p16_v96_full,2b7e151628aed2a6,1750,0.257297128,0.353343934,0.916667,0.875000
p16_v96_full,2b7e151628aed2a6,1800,0.249531195,0.354057670,0.927083,0.895833
p16_v96_full,2b7e151628aed2a6,1850,0.241118684,0.346884638,0.927083,0.875000
p16_v96_full,2b7e151628aed2a6,1900,0.233668998,0.342354447,0.927083,0.875000
p16_v96_full,2b7e151628aed2a6,1950,0.226106152,0.340438932,0.937500,0.895833
p16_v96_full,2b7e151628aed2a6,2000,0.219603345,0.334748507,0.937500,0.875000
p16_v96_full,2b7e151628aed2a6,2050,0.212409139,0.330442041,0.927083,0.916667
p16_v96_full,2b7e151628aed2a6,2100,0.205104113,0.327640891,0.937500,0.875000
p16_v96_full,2b7e151628aed2a6,2150,0.199146047,0.322340220,0.947917,0.854167
p16_v96_full,2b7e151628aed2a6,2200,0.194054902,0.321201473,0.947917,0.895833
p16_v96_full,2b7e151628aed2a6,2250,0.189074740,0.319869936,0.947917,0.875000
p16_v96_full,2b7e151628aed2a6,2300,0.184635565,0.322266430,0.947917,0.895833
p16_v96_full,2b7e151628aed2a6,2350,0.180160269,0.317130893,0.947917,0.875000
p16_v96_full,2b7e151628aed2a6,2400,0.176431373,0.313476592,0.947917,0.895833
p16_v96_full,2b7e151628aed2a6,2450,0.173069432,0.311217874,0.947917,0.875000
p16_v96_full,2b7e151628aed2a6,2500,0.170287326,0.312064916,0.947917,0.875000
p16_v96_full,2b7e151628aed2a6,2550,0.167799115,0.310436070,0.947917,0.875000
p16_v96_full,2b7e151628aed2a6,2600,0.165235177,0.307119995,0.947917,0.875000
p16_v96_full,2b7e151628aed2a6,2650,0.162887916,0.303158611,0.947917,0.875000
p16_v96_full,2b7e151628aed2a6,2700,0.160865635,0.300710946,0.947917,0.875000
p16_v96_full,2b7e151628aed2a6,2750,0.158729956,0.300225109,0.947917,0.875000
p16_v96_full,2b7e151628aed2a6,2800,0.156331405,0.296925813,0.947917,0.875000
p16_v96_full,2b7e151628aed2a6,2850,0.154201806,0.292575240,0.947917,0.875000
p16_v96_full,2b7e151628aed2a6,2900,0.151552200,0.285343707,0.947917,0.875000
p16_v96_full,2b7e151628aed2a6,2950,0.148816884,0.283342361,0.947917,0.875000
p16_v96_full,2b7e151628aed2a6,3000,0.143432498,0.280779600,0.958333,0.875000
p16_v96_full,2b7e151628aed2a6,3050,0.136654377,0.272380948,0.958333,0.895833
p16_v96_full,2b7e151628aed2a6,3100,0.131124482,0.265783817,0.958333,0.916667
p16_v96_full,2b7e151628aed2a6,3150,0.125071764,0.259020776,0.958333,0.916667
p16_v96_full,2b7e151628aed2a6,3200,0.119511805,0.250128597,0.968750,0.916667
p16_v96_full,2b7e151628aed2a6,3250,0.113802075,0.240660250,0.968750,0.916667
p16_v96_full,2b7e151628aed2a6,3300,0.108901776,0.235884607,0.979167,0.916667
p16_v96_full,2b7e151628aed2a6,3350,0.104923330,0.231667981,0.979167,0.916667
p16_v96_full,2b7e151628aed2a6,3400,0.101099156,0.230813667,0.979167,0.937500
p16_v96_full,2b7e151628aed2a6,3450,0.097211547,0.224848390,0.979167,0.916667
p16_v96_full,2b7e151628aed2a6,3500,0.094324417,0.222496733,0.979167,0.937500
p16_v96_full,2b7e151628aed2a6,3550,0.091652967,0.215289935,0.989583,0.937500
p16_v96_full,2b7e151628aed2a6,3600,0.088949382,0.215233266,0.979167,0.937500
p16_v96_full,2b7e151628aed2a6,3650,0.086588658,0.208084881,0.989583,0.916667
p16_v96_full,2b7e151628aed2a6,3700,0.084525563,0.206059411,0.989583,0.937500
p16_v96_full,2b7e151628aed2a6,3750,0.082626872,0.197302833,0.989583,0.916667
p16_v96_full,2b7e151628aed2a6,3800,0.080747090,0.196360186,1.000000,0.937500
p16_v96_full,2b7e151628aed2a6,3850,0.078754894,0.197259262,1.000000,0.916667
p16_v96_full,2b7e151628aed2a6,3900,0.076702431,0.190223202,0.989583,0.895833
p16_v96_full,2b7e151628aed2a6,3950,0.074905552,0.190436348,1.000000,0.916667
p16_v96_full,2b7e151628aed2a6,4000,0.073058285,0.187245309,1.000000,0.916667
p16_v96_full,2b7e151628aed2a6,4050,0.071201377,0.188251495,1.000000,0.895833
p16_v96_full,2b7e151628aed2a6,4100,0.069834188,0.184485212,1.000000,0.916667
p16_v96_full,2b7e151628aed2a6,4150,0.068032697,0.187185660,1.000000,0.895833
p16_v96_full,2b7e151628aed2a6,4200,0.066905253,0.185556188,1.000000,0.895833
p16_v96_full,2b7e151628aed2a6,4250,0.065484971,0.186664402,1.000000,0.895833
p16_v96_full,2b7e151628aed2a6,4300,0.064767197,0.182356223,1.000000,0.895833
p16_v96_full,2b7e151628aed2a6,4350,0.063868858,0.181194052,1.000000,0.895833
p16_v96_full,2b7e151628aed2a6,4400,0.062915109,0.179710492,1.000000,0.895833
p16_v96_full,2b7e151628aed2a6,4450,0.061926629,0.180581391,1.000000,0.895833
p16_v96_full,2b7e151628aed2a6,4500,0.061113805,0.179504141,1.000000,0.895833
p16_v96_full,2b7e151628aed2a6,4550,0.060459245,0.178815961,1.000000,0.895833
p16_v96_full,2b7e151628aed2a6,4600,0.059588313,0.181961879,1.000000,0.895833
p16_v96_full,2b7e151628aed2a6,4650,0.058857638,0.181584850,1.000000,0.895833
p16_v96_full,2b7e151628aed2a6,4700,0.058143690,0.177627102,1.000000,0.895833
p16_v96_full,2b7e151628aed2a6,4750,0.057437804,0.178054914,1.000000,0.895833
p16_v96_full,2b7e151628aed2a6,4800,0.056787547,0.177857697,1.000000,0.895833
p16_v96_full,77a19d3c4e280b51,50,1.091086268,1.092578173,0.437500,0.416667
p16_v96_full,77a19d3c4e280b51,100,1.078291297,1.081866145,0.468750,0.416667
p16_v96_full,77a19d3c4e280b51,150,1.061399341,1.067300439,0.479167,0.437500
p16_v96_full,77a19d3c4e280b51,200,1.039991021,1.048193574,0.458333,0.437500
p16_v96_full,77a19d3c4e280b51,250,1.018266916,1.027494073,0.479167,0.437500
p16_v96_full,77a19d3c4e280b51,300,0.999126136,1.007507324,0.500000,0.458333
p16_v96_full,77a19d3c4e280b51,350,0.980778277,0.989878953,0.500000,0.458333
p16_v96_full,77a19d3c4e280b51,400,0.960805714,0.970415056,0.500000,0.416667
p16_v96_full,77a19d3c4e280b51,450,0.938488305,0.950613916,0.510417,0.437500
p16_v96_full,77a19d3c4e280b51,500,0.911704063,0.927696526,0.552083,0.437500
p16_v96_full,77a19d3c4e280b51,550,0.882461011,0.896492183,0.593750,0.479167
p16_v96_full,77a19d3c4e280b51,600,0.846473038,0.863571823,0.666667,0.583333
p16_v96_full,77a19d3c4e280b51,650,0.805626214,0.827191770,0.739583,0.645833
p16_v96_full,77a19d3c4e280b51,700,0.767901719,0.790472925,0.770833,0.687500
p16_v96_full,77a19d3c4e280b51,750,0.725133121,0.754060507,0.770833,0.791667
p16_v96_full,77a19d3c4e280b51,800,0.687397242,0.721507728,0.781250,0.812500
p16_v96_full,77a19d3c4e280b51,850,0.650253475,0.687725544,0.791667,0.812500
p16_v96_full,77a19d3c4e280b51,900,0.615171373,0.656165957,0.791667,0.833333
p16_v96_full,77a19d3c4e280b51,950,0.578367114,0.623981833,0.791667,0.833333
p16_v96_full,77a19d3c4e280b51,1000,0.545441210,0.592575252,0.802083,0.833333
p16_v96_full,77a19d3c4e280b51,1050,0.515464246,0.564361870,0.781250,0.833333
p16_v96_full,77a19d3c4e280b51,1100,0.486960918,0.534084439,0.791667,0.812500
p16_v96_full,77a19d3c4e280b51,1150,0.461549968,0.509347081,0.822917,0.875000
p16_v96_full,77a19d3c4e280b51,1200,0.438305885,0.493729591,0.833333,0.916667
p16_v96_full,77a19d3c4e280b51,1250,0.415294915,0.477012515,0.864583,0.895833
p16_v96_full,77a19d3c4e280b51,1300,0.396193266,0.467940092,0.864583,0.916667
p16_v96_full,77a19d3c4e280b51,1350,0.377895355,0.452094525,0.885417,0.875000
p16_v96_full,77a19d3c4e280b51,1400,0.360328525,0.434146047,0.885417,0.895833
p16_v96_full,77a19d3c4e280b51,1450,0.345252633,0.423895568,0.885417,0.895833
p16_v96_full,77a19d3c4e280b51,1500,0.331477970,0.414960474,0.885417,0.895833
p16_v96_full,77a19d3c4e280b51,1550,0.319110364,0.406749487,0.885417,0.875000
p16_v96_full,77a19d3c4e280b51,1600,0.307923526,0.398783058,0.906250,0.875000
p16_v96_full,77a19d3c4e280b51,1650,0.297697812,0.396039873,0.906250,0.875000
p16_v96_full,77a19d3c4e280b51,1700,0.285726339,0.390603036,0.916667,0.895833
p16_v96_full,77a19d3c4e280b51,1750,0.273424238,0.382631302,0.937500,0.875000
p16_v96_full,77a19d3c4e280b51,1800,0.263182908,0.377186030,0.937500,0.895833
p16_v96_full,77a19d3c4e280b51,1850,0.252502561,0.372572303,0.937500,0.875000
p16_v96_full,77a19d3c4e280b51,1900,0.241217375,0.365711600,0.947917,0.875000
p16_v96_full,77a19d3c4e280b51,1950,0.231995866,0.362574369,0.947917,0.875000
p16_v96_full,77a19d3c4e280b51,2000,0.223721460,0.359587759,0.947917,0.854167
p16_v96_full,77a19d3c4e280b51,2050,0.216108143,0.351673007,0.937500,0.854167
p16_v96_full,77a19d3c4e280b51,2100,0.209064081,0.350372076,0.937500,0.875000
p16_v96_full,77a19d3c4e280b51,2150,0.202644348,0.349871755,0.937500,0.854167
p16_v96_full,77a19d3c4e280b51,2200,0.197375819,0.352784187,0.947917,0.875000
p16_v96_full,77a19d3c4e280b51,2250,0.193168938,0.356177419,0.937500,0.875000
p16_v96_full,77a19d3c4e280b51,2300,0.189098105,0.348427922,0.958333,0.875000
p16_v96_full,77a19d3c4e280b51,2350,0.184979543,0.340975046,0.958333,0.875000
p16_v96_full,77a19d3c4e280b51,2400,0.181382492,0.338689923,0.947917,0.875000
p16_v96_full,77a19d3c4e280b51,2450,0.178051367,0.335964441,0.958333,0.875000
p16_v96_full,77a19d3c4e280b51,2500,0.175099418,0.339080662,0.947917,0.875000
p16_v96_full,77a19d3c4e280b51,2550,0.172268257,0.336789459,0.958333,0.875000
p16_v96_full,77a19d3c4e280b51,2600,0.169695839,0.339393616,0.958333,0.854167
p16_v96_full,77a19d3c4e280b51,2650,0.167866483,0.338996291,0.958333,0.854167
p16_v96_full,77a19d3c4e280b51,2700,0.166068330,0.336480826,0.958333,0.854167
p16_v96_full,77a19d3c4e280b51,2750,0.163865775,0.338085175,0.958333,0.854167
p16_v96_full,77a19d3c4e280b51,2800,0.161949977,0.334114403,0.958333,0.875000
p16_v96_full,77a19d3c4e280b51,2850,0.159779951,0.332060456,0.958333,0.854167
p16_v96_full,77a19d3c4e280b51,2900,0.157595858,0.329633445,0.958333,0.895833
p16_v96_full,77a19d3c4e280b51,2950,0.155072287,0.328548580,0.968750,0.875000
p16_v96_full,77a19d3c4e280b51,3000,0.152303711,0.327511907,0.968750,0.875000
p16_v96_full,77a19d3c4e280b51,3050,0.149680391,0.324573547,0.968750,0.895833
p16_v96_full,77a19d3c4e280b51,3100,0.147071451,0.324259162,0.979167,0.875000
p16_v96_full,77a19d3c4e280b51,3150,0.144236133,0.316996932,0.979167,0.895833
p16_v96_full,77a19d3c4e280b51,3200,0.141578361,0.313698947,0.968750,0.916667
p16_v96_full,77a19d3c4e280b51,3250,0.138947621,0.310059339,0.968750,0.895833
p16_v96_full,77a19d3c4e280b51,3300,0.136879936,0.306135476,0.968750,0.916667
p16_v96_full,77a19d3c4e280b51,3350,0.134786814,0.301252872,0.968750,0.895833
p16_v96_full,77a19d3c4e280b51,3400,0.132867351,0.294254333,0.968750,0.895833
p16_v96_full,77a19d3c4e280b51,3450,0.130853131,0.293318361,0.968750,0.916667
p16_v96_full,77a19d3c4e280b51,3500,0.128703773,0.292141974,0.979167,0.895833
p16_v96_full,77a19d3c4e280b51,3550,0.126809761,0.287348866,0.968750,0.916667
p16_v96_full,77a19d3c4e280b51,3600,0.125201166,0.288130432,0.979167,0.916667
p16_v96_full,77a19d3c4e280b51,3650,0.124057889,0.287577897,0.979167,0.895833
p16_v96_full,77a19d3c4e280b51,3700,0.122758031,0.279988319,0.979167,0.895833
p16_v96_full,77a19d3c4e280b51,3750,0.121367604,0.281631142,0.979167,0.895833
p16_v96_full,77a19d3c4e280b51,3800,0.119695686,0.281462550,0.979167,0.895833
p16_v96_full,77a19d3c4e280b51,3850,0.118412353,0.283171594,0.979167,0.895833
p16_v96_full,77a19d3c4e280b51,3900,0.117316961,0.280874759,0.979167,0.895833
p16_v96_full,77a19d3c4e280b51,3950,0.116244756,0.281446993,0.979167,0.895833
p16_v96_full,77a19d3c4e280b51,4000,0.115290761,0.280586720,0.979167,0.895833
p16_v96_full,77a19d3c4e280b51,4050,0.114300184,0.281751752,0.979167,0.895833
p16_v96_full,77a19d3c4e280b51,4100,0.113423847,0.281279713,0.979167,0.895833
p16_v96_full,77a19d3c4e280b51,4150,0.112510465,0.281193763,0.979167,0.895833
p16_v96_full,77a19d3c4e280b51,4200,0.111537792,0.281093210,0.979167,0.895833
p16_v96_full,77a19d3c4e280b51,4250,0.110300384,0.281867534,0.979167,0.895833
p16_v96_full,77a19d3c4e280b51,4300,0.109434821,0.281939358,0.979167,0.895833
p16_v96_full,77a19d3c4e280b51,4350,0.108469225,0.283642113,0.979167,0.895833
p16_v96_full,77a19d3c4e280b51,4400,0.107705511,0.286359608,0.979167,0.895833
p16_v96_full,77a19d3c4e280b51,4450,0.106894918,0.287784964,0.979167,0.895833
p16_v96_full,77a19d3c4e280b51,4500,0.106093884,0.287441462,0.979167,0.895833
p16_v96_full,77a19d3c4e280b51,4550,0.105501026,0.289137274,0.979167,0.895833
p16_v96_full,77a19d3c4e280b51,4600,0.104754925,0.288741350,0.979167,0.895833
p16_v96_full,77a19d3c4e280b51,4650,0.103836216,0.289477050,0.979167,0.895833
p16_v96_full,77a19d3c4e280b51,4700,0.103316002,0.285559624,0.979167,0.895833
p16_v96_full,77a19d3c4e280b51,4750,0.102269493,0.285764009,0.979167,0.895833
p16_v96_full,77a19d3c4e280b51,4800,0.101697437,0.285397440,0.979167,0.895833
p16_v96_full,1111222233334444,50,1.091640353,1.092990041,0.427083,0.395833
p16_v96_full,1111222233334444,100,1.078654170,1.081898451,0.468750,0.500000
p16_v96_full,1111222233334444,150,1.061957955,1.067515731,0.489583,0.375000
p16_v96_full,1111222233334444,200,1.042670846,1.050185323,0.468750,0.458333
p16_v96_full,1111222233334444,250,1.022429824,1.031511664,0.468750,0.437500
p16_v96_full,1111222233334444,300,1.002854824,1.011830449,0.500000,0.458333
p16_v96_full,1111222233334444,350,0.984035194,0.990381539,0.500000,0.458333
p16_v96_full,1111222233334444,400,0.963268757,0.968938053,0.500000,0.458333
p16_v96_full,1111222233334444,450,0.939739168,0.943538845,0.531250,0.437500
p16_v96_full,1111222233334444,500,0.912309647,0.918759525,0.572917,0.458333
p16_v96_full,1111222233334444,550,0.880604327,0.888383448,0.562500,0.520833
p16_v96_full,1111222233334444,600,0.844757020,0.852824450,0.656250,0.604167
p16_v96_full,1111222233334444,650,0.805169523,0.815471351,0.697917,0.666667
p16_v96_full,1111222233334444,700,0.765714943,0.777844131,0.750000,0.666667
p16_v96_full,1111222233334444,750,0.721596062,0.737455130,0.770833,0.729167
p16_v96_full,1111222233334444,800,0.684480608,0.702829540,0.791667,0.791667
p16_v96_full,1111222233334444,850,0.645545304,0.671399176,0.812500,0.854167
p16_v96_full,1111222233334444,900,0.607528865,0.639177263,0.854167,0.854167
p16_v96_full,1111222233334444,950,0.572946727,0.606952548,0.843750,0.875000
p16_v96_full,1111222233334444,1000,0.539733291,0.581246734,0.864583,0.875000
p16_v96_full,1111222233334444,1050,0.511233091,0.551664889,0.875000,0.875000
p16_v96_full,1111222233334444,1100,0.483940244,0.532290936,0.875000,0.895833
p16_v96_full,1111222233334444,1150,0.461423308,0.516199052,0.875000,0.895833
p16_v96_full,1111222233334444,1200,0.438143611,0.496519059,0.885417,0.916667
p16_v96_full,1111222233334444,1250,0.417603016,0.487715989,0.906250,0.895833
p16_v96_full,1111222233334444,1300,0.398257822,0.469954044,0.895833,0.916667
p16_v96_full,1111222233334444,1350,0.380776078,0.462424248,0.906250,0.916667
p16_v96_full,1111222233334444,1400,0.364059657,0.453482747,0.895833,0.916667
p16_v96_full,1111222233334444,1450,0.348876595,0.437930346,0.895833,0.916667
p16_v96_full,1111222233334444,1500,0.335252315,0.430683255,0.895833,0.895833
p16_v96_full,1111222233334444,1550,0.321324766,0.419833541,0.906250,0.875000
p16_v96_full,1111222233334444,1600,0.309323460,0.415875435,0.906250,0.895833
p16_v96_full,1111222233334444,1650,0.297450334,0.398975044,0.906250,0.895833
p16_v96_full,1111222233334444,1700,0.286384612,0.394376844,0.906250,0.895833
p16_v96_full,1111222233334444,1750,0.275773197,0.386974305,0.906250,0.875000
p16_v96_full,1111222233334444,1800,0.264505148,0.382418364,0.906250,0.895833
p16_v96_full,1111222233334444,1850,0.253435701,0.388840646,0.927083,0.895833
p16_v96_full,1111222233334444,1900,0.245159373,0.379447609,0.927083,0.895833
p16_v96_full,1111222233334444,1950,0.237176284,0.373714417,0.927083,0.895833
p16_v96_full,1111222233334444,2000,0.229244307,0.372106344,0.937500,0.895833
p16_v96_full,1111222233334444,2050,0.222654462,0.365350634,0.937500,0.875000
p16_v96_full,1111222233334444,2100,0.217190221,0.353743881,0.937500,0.895833
p16_v96_full,1111222233334444,2150,0.211325184,0.349931329,0.937500,0.895833
p16_v96_full,1111222233334444,2200,0.204891250,0.343163133,0.937500,0.875000
p16_v96_full,1111222233334444,2250,0.199349716,0.335915893,0.947917,0.875000
p16_v96_full,1111222233334444,2300,0.194088757,0.334832639,0.947917,0.895833
p16_v96_full,1111222233334444,2350,0.189560398,0.326875329,0.947917,0.916667
p16_v96_full,1111222233334444,2400,0.184593633,0.327285379,0.947917,0.895833
p16_v96_full,1111222233334444,2450,0.180020332,0.326254874,0.947917,0.895833
p16_v96_full,1111222233334444,2500,0.176448479,0.331412226,0.947917,0.895833
p16_v96_full,1111222233334444,2550,0.172728017,0.333994776,0.958333,0.895833
p16_v96_full,1111222233334444,2600,0.169367239,0.336468697,0.947917,0.895833
p16_v96_full,1111222233334444,2650,0.166130796,0.330060810,0.958333,0.895833
p16_v96_full,1111222233334444,2700,0.161877379,0.332341999,0.968750,0.895833
p16_v96_full,1111222233334444,2750,0.158009917,0.330578834,0.968750,0.895833
p16_v96_full,1111222233334444,2800,0.154011413,0.330794007,0.968750,0.895833
p16_v96_full,1111222233334444,2850,0.148758858,0.331879765,0.968750,0.895833
p16_v96_full,1111222233334444,2900,0.142773211,0.326825976,0.968750,0.895833
p16_v96_full,1111222233334444,2950,0.137090161,0.320091814,0.968750,0.895833
p16_v96_full,1111222233334444,3000,0.131864324,0.316648334,0.968750,0.895833
p16_v96_full,1111222233334444,3050,0.126594186,0.309198320,0.968750,0.895833
p16_v96_full,1111222233334444,3100,0.121385515,0.304497570,0.979167,0.895833
p16_v96_full,1111222233334444,3150,0.116832830,0.301314414,0.979167,0.895833
p16_v96_full,1111222233334444,3200,0.112389408,0.296993464,0.979167,0.895833
p16_v96_full,1111222233334444,3250,0.108277380,0.292608589,0.979167,0.895833
p16_v96_full,1111222233334444,3300,0.104387634,0.292456567,0.979167,0.895833
p16_v96_full,1111222233334444,3350,0.100170821,0.277564347,0.979167,0.916667
p16_v96_full,1111222233334444,3400,0.096561350,0.278732866,0.968750,0.916667
p16_v96_full,1111222233334444,3450,0.093116164,0.275921345,0.979167,0.916667
p16_v96_full,1111222233334444,3500,0.089379124,0.271988153,0.979167,0.916667
p16_v96_full,1111222233334444,3550,0.086017847,0.269035995,0.979167,0.916667
p16_v96_full,1111222233334444,3600,0.083289057,0.269544631,0.989583,0.916667
p16_v96_full,1111222233334444,3650,0.080265284,0.266999960,0.989583,0.916667
p16_v96_full,1111222233334444,3700,0.077588506,0.262893826,0.989583,0.916667
p16_v96_full,1111222233334444,3750,0.075226583,0.266229719,0.989583,0.916667
p16_v96_full,1111222233334444,3800,0.073183902,0.265322268,0.989583,0.916667
p16_v96_full,1111222233334444,3850,0.071177579,0.266973734,0.989583,0.916667
p16_v96_full,1111222233334444,3900,0.069452353,0.264356673,0.989583,0.937500
p16_v96_full,1111222233334444,3950,0.067655616,0.263565451,0.989583,0.916667
p16_v96_full,1111222233334444,4000,0.065996386,0.265400320,0.989583,0.937500
p16_v96_full,1111222233334444,4050,0.064846605,0.263705879,0.989583,0.937500
p16_v96_full,1111222233334444,4100,0.063366316,0.259951502,0.989583,0.937500
p16_v96_full,1111222233334444,4150,0.061732084,0.264742702,0.989583,0.937500
p16_v96_full,1111222233334444,4200,0.060383309,0.263965517,0.989583,0.937500
p16_v96_full,1111222233334444,4250,0.058917228,0.257480145,1.000000,0.937500
p16_v96_full,1111222233334444,4300,0.057904359,0.258735210,1.000000,0.937500
p16_v96_full,1111222233334444,4350,0.056775779,0.265080065,1.000000,0.937500
p16_v96_full,1111222233334444,4400,0.055822600,0.266467482,1.000000,0.937500
p16_v96_full,1111222233334444,4450,0.054836836,0.267154247,1.000000,0.937500
p16_v96_full,1111222233334444,4500,0.053812776,0.272683233,1.000000,0.937500
p16_v96_full,1111222233334444,4550,0.052991048,0.268394500,1.000000,0.937500
p16_v96_full,1111222233334444,4600,0.051904570,0.268773049,1.000000,0.937500
p16_v96_full,1111222233334444,4650,0.051007655,0.263479352,1.000000,0.937500
p16_v96_full,1111222233334444,4700,0.050112188,0.276042074,1.000000,0.937500
p16_v96_full,1111222233334444,4750,0.049366329,0.273854762,1.000000,0.937500
p16_v96_full,1111222233334444,4800,0.048564453,0.275860786,1.000000,0.937500
p96_v16_random,2b7e151628aed2a6,50,1.096246958,1.097030044,0.333333,0.333333
p96_v16_random,2b7e151628aed2a6,100,1.089681149,1.091292977,0.510417,0.500000
p96_v16_random,2b7e151628aed2a6,150,1.080521822,1.083678126,0.468750,0.458333
p96_v16_random,2b7e151628aed2a6,200,1.067698121,1.074103594,0.458333,0.437500
p96_v16_random,2b7e151628aed2a6,250,1.057934165,1.066349387,0.479167,0.437500
p96_v16_random,2b7e151628aed2a6,300,1.049900413,1.060124278,0.468750,0.416667
p96_v16_random,2b7e151628aed2a6,350,1.045603156,1.056761622,0.468750,0.458333
p96_v16_random,2b7e151628aed2a6,400,1.039706588,1.049980998,0.437500,0.479167
p96_v16_random,2b7e151628aed2a6,450,1.033889174,1.045088291,0.447917,0.479167
p96_v16_random,2b7e151628aed2a6,500,1.027213216,1.039563060,0.458333,0.416667
p96_v16_random,2b7e151628aed2a6,550,1.019272447,1.034917951,0.447917,0.458333
p96_v16_random,2b7e151628aed2a6,600,1.010104179,1.024287939,0.458333,0.500000
p96_v16_random,2b7e151628aed2a6,650,0.998818457,1.013818741,0.447917,0.479167
p96_v16_random,2b7e151628aed2a6,700,0.987122715,1.005554318,0.458333,0.500000
p96_v16_random,2b7e151628aed2a6,750,0.970429003,0.991848469,0.458333,0.479167
p96_v16_random,2b7e151628aed2a6,800,0.956539094,0.978235006,0.458333,0.500000
p96_v16_random,2b7e151628aed2a6,850,0.941117108,0.963306665,0.489583,0.479167
p96_v16_random,2b7e151628aed2a6,900,0.921808064,0.944311142,0.531250,0.520833
p96_v16_random,2b7e151628aed2a6,950,0.900428474,0.922810733,0.489583,0.500000
p96_v16_random,2b7e151628aed2a6,1000,0.879739344,0.900559664,0.552083,0.562500
p96_v16_random,2b7e151628aed2a6,1050,0.856782734,0.874946833,0.562500,0.562500
p96_v16_random,2b7e151628aed2a6,1100,0.832821608,0.852956831,0.604167,0.583333
p96_v16_random,2b7e151628aed2a6,1150,0.805136740,0.827059805,0.614583,0.562500
p96_v16_random,2b7e151628aed2a6,1200,0.782174170,0.801875830,0.604167,0.604167
p96_v16_random,2b7e151628aed2a6,1250,0.757407725,0.775964797,0.604167,0.583333
p96_v16_random,2b7e151628aed2a6,1300,0.735108197,0.752117813,0.593750,0.625000
p96_v16_random,2b7e151628aed2a6,1350,0.712956369,0.732138574,0.625000,0.604167
p96_v16_random,2b7e151628aed2a6,1400,0.693454742,0.715502262,0.604167,0.645833
p96_v16_random,2b7e151628aed2a6,1450,0.670206368,0.696454525,0.645833,0.604167
p96_v16_random,2b7e151628aed2a6,1500,0.647409499,0.674145937,0.635417,0.708333
p96_v16_random,2b7e151628aed2a6,1550,0.628218949,0.665525615,0.697917,0.687500
p96_v16_random,2b7e151628aed2a6,1600,0.612885296,0.659227550,0.739583,0.666667
p96_v16_random,2b7e151628aed2a6,1650,0.597684860,0.645027339,0.729167,0.708333
p96_v16_random,2b7e151628aed2a6,1700,0.578521669,0.636750758,0.770833,0.708333
p96_v16_random,2b7e151628aed2a6,1750,0.561758101,0.626730680,0.802083,0.708333
p96_v16_random,2b7e151628aed2a6,1800,0.544712603,0.611242473,0.812500,0.729167
p96_v16_random,2b7e151628aed2a6,1850,0.526843607,0.599142849,0.833333,0.750000
p96_v16_random,2b7e151628aed2a6,1900,0.508535445,0.590951145,0.833333,0.750000
p96_v16_random,2b7e151628aed2a6,1950,0.490858078,0.564454556,0.822917,0.770833
p96_v16_random,2b7e151628aed2a6,2000,0.470127255,0.546996117,0.833333,0.791667
p96_v16_random,2b7e151628aed2a6,2050,0.452371687,0.538449049,0.843750,0.812500
p96_v16_random,2b7e151628aed2a6,2100,0.436615944,0.527962387,0.864583,0.833333
p96_v16_random,2b7e151628aed2a6,2150,0.421993971,0.505492270,0.875000,0.854167
p96_v16_random,2b7e151628aed2a6,2200,0.410310596,0.486531496,0.854167,0.875000
p96_v16_random,2b7e151628aed2a6,2250,0.396207362,0.486080021,0.875000,0.875000
p96_v16_random,2b7e151628aed2a6,2300,0.382650882,0.477067232,0.875000,0.895833
p96_v16_random,2b7e151628aed2a6,2350,0.372036904,0.466671228,0.895833,0.895833
p96_v16_random,2b7e151628aed2a6,2400,0.363029391,0.453208178,0.885417,0.937500
p96_v16_random,2b7e151628aed2a6,2450,0.353895098,0.445784181,0.875000,0.937500
p96_v16_random,2b7e151628aed2a6,2500,0.345089465,0.441254020,0.885417,0.895833
p96_v16_random,2b7e151628aed2a6,2550,0.336493582,0.436556786,0.895833,0.937500
p96_v16_random,2b7e151628aed2a6,2600,0.327002734,0.440880448,0.895833,0.916667
p96_v16_random,2b7e151628aed2a6,2650,0.318277091,0.426314980,0.895833,0.916667
p96_v16_random,2b7e151628aed2a6,2700,0.310433894,0.424077302,0.895833,0.916667
p96_v16_random,2b7e151628aed2a6,2750,0.303356528,0.407198519,0.885417,0.937500
p96_v16_random,2b7e151628aed2a6,2800,0.297776073,0.401826739,0.895833,0.916667
p96_v16_random,2b7e151628aed2a6,2850,0.290241987,0.405143261,0.895833,0.916667
p96_v16_random,2b7e151628aed2a6,2900,0.282660097,0.396732658,0.916667,0.937500
p96_v16_random,2b7e151628aed2a6,2950,0.276061356,0.383344263,0.916667,0.916667
p96_v16_random,2b7e151628aed2a6,3000,0.270676643,0.368813306,0.916667,0.937500
p96_v16_random,2b7e151628aed2a6,3050,0.263127148,0.362955332,0.916667,0.895833
p96_v16_random,2b7e151628aed2a6,3100,0.256333292,0.350199461,0.916667,0.875000
p96_v16_random,2b7e151628aed2a6,3150,0.249736920,0.348026991,0.927083,0.895833
p96_v16_random,2b7e151628aed2a6,3200,0.242988825,0.345766395,0.916667,0.875000
p96_v16_random,2b7e151628aed2a6,3250,0.238237098,0.345086008,0.927083,0.916667
p96_v16_random,2b7e151628aed2a6,3300,0.234465182,0.338415056,0.927083,0.916667
p96_v16_random,2b7e151628aed2a6,3350,0.231342956,0.328957170,0.927083,0.916667
p96_v16_random,2b7e151628aed2a6,3400,0.226909533,0.333181858,0.916667,0.916667
p96_v16_random,2b7e151628aed2a6,3450,0.222769663,0.320802420,0.927083,0.916667
p96_v16_random,2b7e151628aed2a6,3500,0.219389841,0.330069095,0.916667,0.895833
p96_v16_random,2b7e151628aed2a6,3550,0.215528771,0.331593424,0.927083,0.916667
p96_v16_random,2b7e151628aed2a6,3600,0.212110803,0.331056625,0.927083,0.916667
p96_v16_random,2b7e151628aed2a6,3650,0.202752158,0.333281785,0.927083,0.895833
p96_v16_random,2b7e151628aed2a6,3700,0.196395561,0.328505009,0.927083,0.916667
p96_v16_random,2b7e151628aed2a6,3750,0.192832470,0.321123868,0.927083,0.916667
p96_v16_random,2b7e151628aed2a6,3800,0.189460441,0.322931468,0.927083,0.895833
p96_v16_random,2b7e151628aed2a6,3850,0.187580884,0.322594821,0.927083,0.916667
p96_v16_random,2b7e151628aed2a6,3900,0.185598150,0.323041379,0.927083,0.916667
p96_v16_random,2b7e151628aed2a6,3950,0.183087721,0.319481641,0.937500,0.916667
p96_v16_random,2b7e151628aed2a6,4000,0.180996194,0.326502204,0.927083,0.916667
p96_v16_random,2b7e151628aed2a6,4050,0.178337932,0.322094053,0.937500,0.895833
p96_v16_random,2b7e151628aed2a6,4100,0.175966740,0.321580231,0.927083,0.916667
p96_v16_random,2b7e151628aed2a6,4150,0.173036560,0.318151444,0.937500,0.916667
p96_v16_random,2b7e151628aed2a6,4200,0.170325920,0.320986569,0.937500,0.916667
p96_v16_random,2b7e151628aed2a6,4250,0.167360142,0.320408821,0.927083,0.895833
p96_v16_random,2b7e151628aed2a6,4300,0.165268049,0.323440850,0.937500,0.916667
p96_v16_random,2b7e151628aed2a6,4350,0.162803516,0.322591484,0.937500,0.916667
p96_v16_random,2b7e151628aed2a6,4400,0.160388112,0.326996893,0.937500,0.937500
p96_v16_random,2b7e151628aed2a6,4450,0.158682540,0.324519217,0.937500,0.895833
p96_v16_random,2b7e151628aed2a6,4500,0.156659439,0.335179061,0.927083,0.937500
p96_v16_random,2b7e151628aed2a6,4550,0.154845014,0.330419183,0.947917,0.916667
p96_v16_random,2b7e151628aed2a6,4600,0.153071523,0.332568139,0.958333,0.916667
p96_v16_random,2b7e151628aed2a6,4650,0.151241824,0.333766371,0.947917,0.916667
p96_v16_random,2b7e151628aed2a6,4700,0.149344653,0.333337277,0.947917,0.937500
p96_v16_random,2b7e151628aed2a6,4750,0.148136929,0.340149969,0.947917,0.937500
p96_v16_random,2b7e151628aed2a6,4800,0.146437392,0.340661675,0.947917,0.916667
p96_v16_random,77a19d3c4e280b51,50,1.097173333,1.097774506,0.333333,0.333333
p96_v16_random,77a19d3c4e280b51,100,1.091339946,1.093471050,0.510417,0.479167
p96_v16_random,77a19d3c4e280b51,150,1.082962036,1.087333918,0.479167,0.458333
p96_v16_random,77a19d3c4e280b51,200,1.074656367,1.079665661,0.468750,0.458333
p96_v16_random,77a19d3c4e280b51,250,1.062626362,1.069958806,0.458333,0.395833
p96_v16_random,77a19d3c4e280b51,300,1.052433610,1.063417554,0.468750,0.458333
p96_v16_random,77a19d3c4e280b51,350,1.046037316,1.058493495,0.468750,0.479167
p96_v16_random,77a19d3c4e280b51,400,1.040670514,1.054321527,0.489583,0.520833
p96_v16_random,77a19d3c4e280b51,450,1.034826517,1.050508738,0.479167,0.500000
p96_v16_random,77a19d3c4e280b51,500,1.027563453,1.044534922,0.479167,0.520833
p96_v16_random,77a19d3c4e280b51,550,1.019176602,1.037119627,0.458333,0.479167
p96_v16_random,77a19d3c4e280b51,600,1.010517716,1.028926253,0.468750,0.479167
p96_v16_random,77a19d3c4e280b51,650,1.000357509,1.021912456,0.468750,0.479167
p96_v16_random,77a19d3c4e280b51,700,0.984548509,1.008934140,0.479167,0.520833
p96_v16_random,77a19d3c4e280b51,750,0.966570437,0.994976759,0.479167,0.479167
p96_v16_random,77a19d3c4e280b51,800,0.952659667,0.980830431,0.468750,0.437500
p96_v16_random,77a19d3c4e280b51,850,0.935521066,0.964224994,0.489583,0.479167
p96_v16_random,77a19d3c4e280b51,900,0.918087423,0.947402000,0.510417,0.458333
p96_v16_random,77a19d3c4e280b51,950,0.896240473,0.923235476,0.510417,0.500000
p96_v16_random,77a19d3c4e280b51,1000,0.877116680,0.905831635,0.572917,0.562500
p96_v16_random,77a19d3c4e280b51,1050,0.853488624,0.873134553,0.645833,0.645833
p96_v16_random,77a19d3c4e280b51,1100,0.831687927,0.849370718,0.604167,0.604167
p96_v16_random,77a19d3c4e280b51,1150,0.807965457,0.822865307,0.604167,0.583333
p96_v16_random,77a19d3c4e280b51,1200,0.784260094,0.795361221,0.604167,0.562500
p96_v16_random,77a19d3c4e280b51,1250,0.757093012,0.767658412,0.666667,0.666667
p96_v16_random,77a19d3c4e280b51,1300,0.736662388,0.749378145,0.645833,0.625000
p96_v16_random,77a19d3c4e280b51,1350,0.711461604,0.724261045,0.677083,0.687500
p96_v16_random,77a19d3c4e280b51,1400,0.691172659,0.707399130,0.718750,0.666667
p96_v16_random,77a19d3c4e280b51,1450,0.670056581,0.688915908,0.697917,0.687500
p96_v16_random,77a19d3c4e280b51,1500,0.648686588,0.670133591,0.708333,0.708333
p96_v16_random,77a19d3c4e280b51,1550,0.625795543,0.653215706,0.739583,0.708333
p96_v16_random,77a19d3c4e280b51,1600,0.602782845,0.638393342,0.770833,0.791667
p96_v16_random,77a19d3c4e280b51,1650,0.583059609,0.619189620,0.812500,0.750000
p96_v16_random,77a19d3c4e280b51,1700,0.559538305,0.594923139,0.812500,0.833333
p96_v16_random,77a19d3c4e280b51,1750,0.541421473,0.581024349,0.854167,0.770833
p96_v16_random,77a19d3c4e280b51,1800,0.522874475,0.573159575,0.864583,0.833333
p96_v16_random,77a19d3c4e280b51,1850,0.505416572,0.556436718,0.875000,0.833333
p96_v16_random,77a19d3c4e280b51,1900,0.491186023,0.546969891,0.854167,0.833333
p96_v16_random,77a19d3c4e280b51,1950,0.473121792,0.531916797,0.864583,0.854167
p96_v16_random,77a19d3c4e280b51,2000,0.460651547,0.525916398,0.854167,0.854167
p96_v16_random,77a19d3c4e280b51,2050,0.446317643,0.510318220,0.864583,0.854167
p96_v16_random,77a19d3c4e280b51,2100,0.434110850,0.500552475,0.854167,0.854167
p96_v16_random,77a19d3c4e280b51,2150,0.420668721,0.487346292,0.864583,0.854167
p96_v16_random,77a19d3c4e280b51,2200,0.409074634,0.482038021,0.864583,0.854167
p96_v16_random,77a19d3c4e280b51,2250,0.398225427,0.479428530,0.875000,0.854167
p96_v16_random,77a19d3c4e280b51,2300,0.387410134,0.470883340,0.864583,0.875000
p96_v16_random,77a19d3c4e280b51,2350,0.377220631,0.476452500,0.875000,0.875000
p96_v16_random,77a19d3c4e280b51,2400,0.368117779,0.464615345,0.885417,0.854167
p96_v16_random,77a19d3c4e280b51,2450,0.358619690,0.449346632,0.875000,0.895833
p96_v16_random,77a19d3c4e280b51,2500,0.350951821,0.439282924,0.885417,0.937500
p96_v16_random,77a19d3c4e280b51,2550,0.343127251,0.438953251,0.895833,0.916667
p96_v16_random,77a19d3c4e280b51,2600,0.335777193,0.427716613,0.895833,0.895833
p96_v16_random,77a19d3c4e280b51,2650,0.328321606,0.429215342,0.895833,0.895833
p96_v16_random,77a19d3c4e280b51,2700,0.322214365,0.419231027,0.895833,0.895833
p96_v16_random,77a19d3c4e280b51,2750,0.314458102,0.413157225,0.906250,0.895833
p96_v16_random,77a19d3c4e280b51,2800,0.307027608,0.402631849,0.906250,0.916667
p96_v16_random,77a19d3c4e280b51,2850,0.294224352,0.401363134,0.916667,0.916667
p96_v16_random,77a19d3c4e280b51,2900,0.285259038,0.401427954,0.916667,0.895833
p96_v16_random,77a19d3c4e280b51,2950,0.278175443,0.398437291,0.916667,0.895833
p96_v16_random,77a19d3c4e280b51,3000,0.270400494,0.397991747,0.916667,0.895833
p96_v16_random,77a19d3c4e280b51,3050,0.263672978,0.391840249,0.916667,0.895833
p96_v16_random,77a19d3c4e280b51,3100,0.258717030,0.392869383,0.927083,0.916667
p96_v16_random,77a19d3c4e280b51,3150,0.251635045,0.381622165,0.927083,0.916667
p96_v16_random,77a19d3c4e280b51,3200,0.245381176,0.374395937,0.937500,0.916667
p96_v16_random,77a19d3c4e280b51,3250,0.239014983,0.375874907,0.947917,0.895833
p96_v16_random,77a19d3c4e280b51,3300,0.233738840,0.371511310,0.947917,0.937500
p96_v16_random,77a19d3c4e280b51,3350,0.228623793,0.369628936,0.947917,0.937500
p96_v16_random,77a19d3c4e280b51,3400,0.222653702,0.372372955,0.947917,0.916667
p96_v16_random,77a19d3c4e280b51,3450,0.216585144,0.361219406,0.947917,0.916667
p96_v16_random,77a19d3c4e280b51,3500,0.211484745,0.356076151,0.958333,0.916667
p96_v16_random,77a19d3c4e280b51,3550,0.206817582,0.354101032,0.947917,0.937500
p96_v16_random,77a19d3c4e280b51,3600,0.202543139,0.361236066,0.947917,0.916667
p96_v16_random,77a19d3c4e280b51,3650,0.198239803,0.354081184,0.958333,0.916667
p96_v16_random,77a19d3c4e280b51,3700,0.194329083,0.347328156,0.958333,0.916667
p96_v16_random,77a19d3c4e280b51,3750,0.190310940,0.349207073,0.958333,0.916667
p96_v16_random,77a19d3c4e280b51,3800,0.187857628,0.345245689,0.958333,0.937500
p96_v16_random,77a19d3c4e280b51,3850,0.184750736,0.347535521,0.958333,0.937500
p96_v16_random,77a19d3c4e280b51,3900,0.181190133,0.346280903,0.958333,0.916667
p96_v16_random,77a19d3c4e280b51,3950,0.178638950,0.348726183,0.958333,0.916667
p96_v16_random,77a19d3c4e280b51,4000,0.175699696,0.337845713,0.958333,0.937500
p96_v16_random,77a19d3c4e280b51,4050,0.173112318,0.340044022,0.958333,0.916667
p96_v16_random,77a19d3c4e280b51,4100,0.170865536,0.339071840,0.958333,0.937500
p96_v16_random,77a19d3c4e280b51,4150,0.168307915,0.336229086,0.958333,0.937500
p96_v16_random,77a19d3c4e280b51,4200,0.165611371,0.333187133,0.958333,0.937500
p96_v16_random,77a19d3c4e280b51,4250,0.163626552,0.338363409,0.958333,0.937500
p96_v16_random,77a19d3c4e280b51,4300,0.161820933,0.327457160,0.958333,0.937500
p96_v16_random,77a19d3c4e280b51,4350,0.159667149,0.326797277,0.958333,0.937500
p96_v16_random,77a19d3c4e280b51,4400,0.158281147,0.329000115,0.958333,0.937500
p96_v16_random,77a19d3c4e280b51,4450,0.155827418,0.321602315,0.958333,0.937500
p96_v16_random,77a19d3c4e280b51,4500,0.154297933,0.321109563,0.958333,0.937500
p96_v16_random,77a19d3c4e280b51,4550,0.152602986,0.319578350,0.958333,0.937500
p96_v16_random,77a19d3c4e280b51,4600,0.151481882,0.313333422,0.958333,0.937500
p96_v16_random,77a19d3c4e280b51,4650,0.149507210,0.311958402,0.958333,0.937500
p96_v16_random,77a19d3c4e280b51,4700,0.148056298,0.312635124,0.958333,0.937500
p96_v16_random,77a19d3c4e280b51,4750,0.146843299,0.314106643,0.958333,0.937500
p96_v16_random,77a19d3c4e280b51,4800,0.145257235,0.310177594,0.958333,0.937500
p96_v16_random,1111222233334444,50,1.097397327,1.097844243,0.385417,0.395833
p96_v16_random,1111222233334444,100,1.094093204,1.095162272,0.437500,0.437500
p96_v16_random,1111222233334444,150,1.090148926,1.091194272,0.510417,0.479167
p96_v16_random,1111222233334444,200,1.083746552,1.084898949,0.552083,0.583333
p96_v16_random,1111222233334444,250,1.073754668,1.074296594,0.479167,0.437500
p96_v16_random,1111222233334444,300,1.062489390,1.064968467,0.458333,0.437500
p96_v16_random,1111222233334444,350,1.050961018,1.052229881,0.468750,0.437500
p96_v16_random,1111222233334444,400,1.041839957,1.042197347,0.510417,0.520833
p96_v16_random,1111222233334444,450,1.030899882,1.032137036,0.468750,0.416667
p96_v16_random,1111222233334444,500,1.021419644,1.022566199,0.468750,0.479167
p96_v16_random,1111222233334444,550,1.011179090,1.014159799,0.479167,0.500000
p96_v16_random,1111222233334444,600,1.000081897,1.001654506,0.489583,0.541667
p96_v16_random,1111222233334444,650,0.984764993,0.987610102,0.416667,0.479167
p96_v16_random,1111222233334444,700,0.971562088,0.968699872,0.468750,0.500000
p96_v16_random,1111222233334444,750,0.960030735,0.960172236,0.458333,0.437500
p96_v16_random,1111222233334444,800,0.941933870,0.937889993,0.447917,0.500000
p96_v16_random,1111222233334444,850,0.928713620,0.925549090,0.531250,0.562500
p96_v16_random,1111222233334444,900,0.912959039,0.914484203,0.500000,0.541667
p96_v16_random,1111222233334444,950,0.895592213,0.891870201,0.468750,0.500000
p96_v16_random,1111222233334444,1000,0.876916349,0.875568867,0.552083,0.562500
p96_v16_random,1111222233334444,1050,0.859511375,0.863891184,0.552083,0.562500
p96_v16_random,1111222233334444,1100,0.841108143,0.840902627,0.583333,0.583333
p96_v16_random,1111222233334444,1150,0.824241698,0.824597538,0.583333,0.604167
p96_v16_random,1111222233334444,1200,0.804291666,0.809581757,0.697917,0.729167
p96_v16_random,1111222233334444,1250,0.785182655,0.785846055,0.708333,0.708333
p96_v16_random,1111222233334444,1300,0.772224426,0.774261057,0.666667,0.666667
p96_v16_random,1111222233334444,1350,0.755445898,0.752532244,0.718750,0.708333
p96_v16_random,1111222233334444,1400,0.736086309,0.738494813,0.687500,0.687500
p96_v16_random,1111222233334444,1450,0.715132952,0.711185753,0.760417,0.770833
p96_v16_random,1111222233334444,1500,0.694542885,0.691827059,0.781250,0.750000
p96_v16_random,1111222233334444,1550,0.676686287,0.673928797,0.802083,0.791667
p96_v16_random,1111222233334444,1600,0.657079160,0.650731981,0.791667,0.791667
p96_v16_random,1111222233334444,1650,0.641855657,0.634457707,0.781250,0.791667
p96_v16_random,1111222233334444,1700,0.627719223,0.621078312,0.791667,0.791667
p96_v16_random,1111222233334444,1750,0.608962953,0.596284151,0.781250,0.791667
p96_v16_random,1111222233334444,1800,0.597455263,0.585797608,0.781250,0.833333
p96_v16_random,1111222233334444,1850,0.578978002,0.566443145,0.812500,0.833333
p96_v16_random,1111222233334444,1900,0.562243760,0.548088372,0.812500,0.833333
p96_v16_random,1111222233334444,1950,0.549502075,0.537731588,0.812500,0.812500
p96_v16_random,1111222233334444,2000,0.535345733,0.522076666,0.822917,0.812500
p96_v16_random,1111222233334444,2050,0.521216571,0.511748672,0.822917,0.812500
p96_v16_random,1111222233334444,2100,0.506255031,0.497309446,0.822917,0.833333
p96_v16_random,1111222233334444,2150,0.492754370,0.482316613,0.833333,0.854167
p96_v16_random,1111222233334444,2200,0.480589390,0.472737819,0.812500,0.833333
p96_v16_random,1111222233334444,2250,0.470104843,0.466988951,0.833333,0.833333
p96_v16_random,1111222233334444,2300,0.459719390,0.459026068,0.822917,0.833333
p96_v16_random,1111222233334444,2350,0.447141171,0.447410196,0.812500,0.833333
p96_v16_random,1111222233334444,2400,0.436360747,0.440612793,0.833333,0.833333
p96_v16_random,1111222233334444,2450,0.423343211,0.428008318,0.822917,0.833333
p96_v16_random,1111222233334444,2500,0.412160993,0.418451548,0.843750,0.833333
p96_v16_random,1111222233334444,2550,0.400927812,0.412762374,0.854167,0.875000
p96_v16_random,1111222233334444,2600,0.391630441,0.412110001,0.843750,0.833333
p96_v16_random,1111222233334444,2650,0.383762836,0.408604234,0.843750,0.812500
p96_v16_random,1111222233334444,2700,0.375000238,0.401499420,0.854167,0.854167
p96_v16_random,1111222233334444,2750,0.365419775,0.395001799,0.854167,0.854167
p96_v16_random,1111222233334444,2800,0.355938464,0.384398341,0.854167,0.854167
p96_v16_random,1111222233334444,2850,0.347918510,0.388038993,0.854167,0.854167
p96_v16_random,1111222233334444,2900,0.338842183,0.374267220,0.864583,0.854167
p96_v16_random,1111222233334444,2950,0.330536604,0.367588371,0.854167,0.854167
p96_v16_random,1111222233334444,3000,0.321857363,0.362899870,0.854167,0.854167
p96_v16_random,1111222233334444,3050,0.313535124,0.351490527,0.875000,0.875000
p96_v16_random,1111222233334444,3100,0.306757122,0.354333490,0.885417,0.854167
p96_v16_random,1111222233334444,3150,0.299264997,0.345478415,0.895833,0.854167
p96_v16_random,1111222233334444,3200,0.290859938,0.339673191,0.885417,0.875000
p96_v16_random,1111222233334444,3250,0.281799197,0.324741215,0.906250,0.895833
p96_v16_random,1111222233334444,3300,0.274215013,0.321320385,0.906250,0.875000
p96_v16_random,1111222233334444,3350,0.267671496,0.309339255,0.906250,0.875000
p96_v16_random,1111222233334444,3400,0.259662867,0.304649264,0.916667,0.875000
p96_v16_random,1111222233334444,3450,0.251970321,0.294662535,0.916667,0.875000
p96_v16_random,1111222233334444,3500,0.243771926,0.287772775,0.916667,0.875000
p96_v16_random,1111222233334444,3550,0.236930534,0.278458118,0.927083,0.895833
p96_v16_random,1111222233334444,3600,0.230512157,0.265962392,0.937500,0.916667
p96_v16_random,1111222233334444,3650,0.224059686,0.258707792,0.937500,0.937500
p96_v16_random,1111222233334444,3700,0.217267349,0.251188546,0.937500,0.916667
p96_v16_random,1111222233334444,3750,0.210763857,0.248225048,0.947917,0.937500
p96_v16_random,1111222233334444,3800,0.203729093,0.241681650,0.937500,0.937500
p96_v16_random,1111222233334444,3850,0.197103426,0.233466551,0.937500,0.937500
p96_v16_random,1111222233334444,3900,0.191248909,0.226362944,0.937500,0.937500
p96_v16_random,1111222233334444,3950,0.185371697,0.228204489,0.937500,0.937500
p96_v16_random,1111222233334444,4000,0.181000248,0.227769330,0.947917,0.937500
p96_v16_random,1111222233334444,4050,0.176557004,0.224032775,0.947917,0.937500
p96_v16_random,1111222233334444,4100,0.171818256,0.217205837,0.947917,0.937500
p96_v16_random,1111222233334444,4150,0.168149784,0.213481352,0.947917,0.937500
p96_v16_random,1111222233334444,4200,0.162342861,0.212532997,0.947917,0.937500
p96_v16_random,1111222233334444,4250,0.158545092,0.210966304,0.958333,0.937500
p96_v16_random,1111222233334444,4300,0.153980866,0.206097797,0.958333,0.937500
p96_v16_random,1111222233334444,4350,0.149934113,0.205576897,0.947917,0.937500
p96_v16_random,1111222233334444,4400,0.146238193,0.209778532,0.958333,0.937500
p96_v16_random,1111222233334444,4450,0.142740712,0.201521501,0.958333,0.937500
p96_v16_random,1111222233334444,4500,0.140435085,0.204054117,0.968750,0.937500
p96_v16_random,1111222233334444,4550,0.137733400,0.202679396,0.958333,0.937500
p96_v16_random,1111222233334444,4600,0.135053039,0.197507679,0.968750,0.937500
p96_v16_random,1111222233334444,4650,0.132597700,0.198820934,0.958333,0.937500
p96_v16_random,1111222233334444,4700,0.130057663,0.202068582,0.968750,0.937500
p96_v16_random,1111222233334444,4750,0.127290323,0.200939536,0.968750,0.937500
p96_v16_random,1111222233334444,4800,0.125212148,0.198242590,0.968750,0.937500
p96_v96_full,2b7e151628aed2a6,50,1.091137528,1.093033195,0.479167,0.458333
p96_v96_full,2b7e151628aed2a6,100,1.077563167,1.081551433,0.447917,0.437500
p96_v96_full,2b7e151628aed2a6,150,1.058820605,1.066769958,0.447917,0.437500
p96_v96_full,2b7e151628aed2a6,200,1.037944674,1.048711658,0.458333,0.437500
p96_v96_full,2b7e151628aed2a6,250,1.016178846,1.029767394,0.468750,0.437500
p96_v96_full,2b7e151628aed2a6,300,0.994691372,1.007726669,0.520833,0.458333
p96_v96_full,2b7e151628aed2a6,350,0.971132100,0.981359780,0.510417,0.458333
p96_v96_full,2b7e151628aed2a6,400,0.944762766,0.956706226,0.510417,0.437500
p96_v96_full,2b7e151628aed2a6,450,0.912332833,0.923937500,0.520833,0.437500
p96_v96_full,2b7e151628aed2a6,500,0.874090731,0.888731658,0.572917,0.458333
p96_v96_full,2b7e151628aed2a6,550,0.832634211,0.844904602,0.625000,0.625000
p96_v96_full,2b7e151628aed2a6,600,0.785896301,0.800108612,0.718750,0.666667
p96_v96_full,2b7e151628aed2a6,650,0.740410864,0.757737100,0.750000,0.666667
p96_v96_full,2b7e151628aed2a6,700,0.695705414,0.717877388,0.812500,0.687500
p96_v96_full,2b7e151628aed2a6,750,0.649366736,0.680764198,0.791667,0.750000
p96_v96_full,2b7e151628aed2a6,800,0.605909228,0.642454922,0.822917,0.833333
p96_v96_full,2b7e151628aed2a6,850,0.563285172,0.608268559,0.833333,0.875000
p96_v96_full,2b7e151628aed2a6,900,0.525763571,0.576795518,0.875000,0.854167
p96_v96_full,2b7e151628aed2a6,950,0.493138075,0.546352684,0.875000,0.875000
p96_v96_full,2b7e151628aed2a6,1000,0.462600559,0.525315702,0.875000,0.895833
p96_v96_full,2b7e151628aed2a6,1050,0.437584907,0.509452760,0.875000,0.916667
p96_v96_full,2b7e151628aed2a6,1100,0.412865043,0.496554703,0.895833,0.895833
p96_v96_full,2b7e151628aed2a6,1150,0.390962243,0.483041257,0.895833,0.895833
p96_v96_full,2b7e151628aed2a6,1200,0.370558053,0.467805773,0.895833,0.895833
p96_v96_full,2b7e151628aed2a6,1250,0.349720955,0.455511779,0.895833,0.895833
p96_v96_full,2b7e151628aed2a6,1300,0.332285553,0.444663763,0.906250,0.875000
p96_v96_full,2b7e151628aed2a6,1350,0.316532642,0.437474161,0.906250,0.895833
p96_v96_full,2b7e151628aed2a6,1400,0.301813275,0.427859306,0.895833,0.895833
p96_v96_full,2b7e151628aed2a6,1450,0.289330572,0.422457010,0.916667,0.895833
p96_v96_full,2b7e151628aed2a6,1500,0.279410690,0.414450258,0.916667,0.895833
p96_v96_full,2b7e151628aed2a6,1550,0.270325392,0.405945778,0.916667,0.895833
p96_v96_full,2b7e151628aed2a6,1600,0.262721419,0.402827293,0.916667,0.895833
p96_v96_full,2b7e151628aed2a6,1650,0.255675256,0.393981367,0.916667,0.895833
p96_v96_full,2b7e151628aed2a6,1700,0.249214277,0.388137907,0.916667,0.916667
p96_v96_full,2b7e151628aed2a6,1750,0.241928592,0.376362711,0.927083,0.916667
p96_v96_full,2b7e151628aed2a6,1800,0.234199882,0.372898340,0.927083,0.895833
p96_v96_full,2b7e151628aed2a6,1850,0.226513878,0.367317677,0.927083,0.875000
p96_v96_full,2b7e151628aed2a6,1900,0.218983337,0.357591391,0.927083,0.916667
p96_v96_full,2b7e151628aed2a6,1950,0.211683258,0.348754525,0.927083,0.916667
p96_v96_full,2b7e151628aed2a6,2000,0.204869390,0.353037804,0.927083,0.916667
p96_v96_full,2b7e151628aed2a6,2050,0.199021414,0.349228233,0.927083,0.875000
p96_v96_full,2b7e151628aed2a6,2100,0.193201423,0.348536253,0.937500,0.895833
p96_v96_full,2b7e151628aed2a6,2150,0.188064218,0.339000911,0.927083,0.916667
p96_v96_full,2b7e151628aed2a6,2200,0.183555856,0.336530685,0.937500,0.895833
p96_v96_full,2b7e151628aed2a6,2250,0.179187819,0.339800477,0.927083,0.895833
p96_v96_full,2b7e151628aed2a6,2300,0.175182894,0.328315169,0.947917,0.895833
p96_v96_full,2b7e151628aed2a6,2350,0.171150014,0.325097173,0.947917,0.916667
p96_v96_full,2b7e151628aed2a6,2400,0.166916013,0.323470563,0.947917,0.895833
p96_v96_full,2b7e151628aed2a6,2450,0.162183210,0.318082422,0.947917,0.895833
p96_v96_full,2b7e151628aed2a6,2500,0.157658592,0.317342401,0.958333,0.916667
p96_v96_full,2b7e151628aed2a6,2550,0.153644815,0.313178450,0.958333,0.895833
p96_v96_full,2b7e151628aed2a6,2600,0.149770275,0.310555041,0.958333,0.916667
p96_v96_full,2b7e151628aed2a6,2650,0.146330804,0.305805743,0.958333,0.916667
p96_v96_full,2b7e151628aed2a6,2700,0.142556891,0.306975156,0.968750,0.916667
p96_v96_full,2b7e151628aed2a6,2750,0.138587922,0.303952485,0.968750,0.895833
p96_v96_full,2b7e151628aed2a6,2800,0.134986952,0.306818098,0.968750,0.895833
p96_v96_full,2b7e151628aed2a6,2850,0.131417409,0.314547926,0.968750,0.916667
p96_v96_full,2b7e151628aed2a6,2900,0.128246352,0.316393226,0.968750,0.916667
p96_v96_full,2b7e151628aed2a6,2950,0.125292927,0.318714827,0.968750,0.916667
p96_v96_full,2b7e151628aed2a6,3000,0.122526318,0.324053913,0.968750,0.916667
p96_v96_full,2b7e151628aed2a6,3050,0.119978368,0.328025371,0.989583,0.916667
p96_v96_full,2b7e151628aed2a6,3100,0.117917866,0.330714941,0.979167,0.916667
p96_v96_full,2b7e151628aed2a6,3150,0.115927607,0.335436344,0.989583,0.916667
p96_v96_full,2b7e151628aed2a6,3200,0.113903619,0.337652326,0.989583,0.916667
p96_v96_full,2b7e151628aed2a6,3250,0.112105273,0.339004308,0.979167,0.916667
p96_v96_full,2b7e151628aed2a6,3300,0.110295109,0.337109894,0.989583,0.916667
p96_v96_full,2b7e151628aed2a6,3350,0.108771197,0.337390274,0.979167,0.916667
p96_v96_full,2b7e151628aed2a6,3400,0.107140951,0.332688779,0.979167,0.916667
p96_v96_full,2b7e151628aed2a6,3450,0.105704434,0.335854918,0.979167,0.916667
p96_v96_full,2b7e151628aed2a6,3500,0.104158260,0.334303647,0.979167,0.916667
p96_v96_full,2b7e151628aed2a6,3550,0.102823950,0.331894904,0.979167,0.916667
p96_v96_full,2b7e151628aed2a6,3600,0.101440609,0.342284352,0.979167,0.916667
p96_v96_full,2b7e151628aed2a6,3650,0.099967532,0.343028396,0.979167,0.916667
p96_v96_full,2b7e151628aed2a6,3700,0.098736368,0.339323759,0.979167,0.916667
p96_v96_full,2b7e151628aed2a6,3750,0.097459204,0.340725809,0.979167,0.916667
p96_v96_full,2b7e151628aed2a6,3800,0.096590079,0.343291163,0.979167,0.916667
p96_v96_full,2b7e151628aed2a6,3850,0.095700502,0.347913831,0.979167,0.916667
p96_v96_full,2b7e151628aed2a6,3900,0.094553865,0.348470837,0.979167,0.916667
p96_v96_full,2b7e151628aed2a6,3950,0.093600549,0.350521237,0.979167,0.916667
p96_v96_full,2b7e151628aed2a6,4000,0.092647135,0.351508290,0.979167,0.916667
p96_v96_full,2b7e151628aed2a6,4050,0.091755159,0.351958603,0.979167,0.916667
p96_v96_full,2b7e151628aed2a6,4100,0.090958357,0.357295036,0.979167,0.916667
p96_v96_full,2b7e151628aed2a6,4150,0.089826085,0.352838188,0.979167,0.916667
p96_v96_full,2b7e151628aed2a6,4200,0.089175783,0.355236441,0.979167,0.916667
p96_v96_full,2b7e151628aed2a6,4250,0.088501237,0.352946252,0.979167,0.916667
p96_v96_full,2b7e151628aed2a6,4300,0.087783374,0.357379705,0.979167,0.916667
p96_v96_full,2b7e151628aed2a6,4350,0.087166369,0.357409596,0.979167,0.916667
p96_v96_full,2b7e151628aed2a6,4400,0.086345375,0.356446892,0.979167,0.916667
p96_v96_full,2b7e151628aed2a6,4450,0.085664332,0.360705405,0.979167,0.916667
p96_v96_full,2b7e151628aed2a6,4500,0.067565866,0.332558662,1.000000,0.916667
p96_v96_full,2b7e151628aed2a6,4550,0.066639386,0.333604127,1.000000,0.916667
p96_v96_full,2b7e151628aed2a6,4600,0.065335393,0.337160617,1.000000,0.916667
p96_v96_full,2b7e151628aed2a6,4650,0.064555936,0.339944631,1.000000,0.916667
p96_v96_full,2b7e151628aed2a6,4700,0.063815780,0.341887921,1.000000,0.916667
p96_v96_full,2b7e151628aed2a6,4750,0.063039206,0.345740527,1.000000,0.916667
p96_v96_full,2b7e151628aed2a6,4800,0.062250849,0.344531924,1.000000,0.916667
p96_v96_full,77a19d3c4e280b51,50,1.091137528,1.093033195,0.479167,0.458333
p96_v96_full,77a19d3c4e280b51,100,1.077563167,1.081551433,0.447917,0.437500
p96_v96_full,77a19d3c4e280b51,150,1.058820605,1.066769958,0.447917,0.437500
p96_v96_full,77a19d3c4e280b51,200,1.037944674,1.048711658,0.458333,0.437500
p96_v96_full,77a19d3c4e280b51,250,1.016178846,1.029767394,0.468750,0.437500
p96_v96_full,77a19d3c4e280b51,300,0.994691372,1.007726669,0.520833,0.458333
p96_v96_full,77a19d3c4e280b51,350,0.971132100,0.981359780,0.510417,0.458333
p96_v96_full,77a19d3c4e280b51,400,0.944762766,0.956706226,0.510417,0.437500
p96_v96_full,77a19d3c4e280b51,450,0.912332833,0.923937500,0.520833,0.437500
p96_v96_full,77a19d3c4e280b51,500,0.874090731,0.888731658,0.572917,0.458333
p96_v96_full,77a19d3c4e280b51,550,0.832634211,0.844904602,0.625000,0.625000
p96_v96_full,77a19d3c4e280b51,600,0.785896301,0.800108612,0.718750,0.666667
p96_v96_full,77a19d3c4e280b51,650,0.740410864,0.757737100,0.750000,0.666667
p96_v96_full,77a19d3c4e280b51,700,0.695705414,0.717877388,0.812500,0.687500
p96_v96_full,77a19d3c4e280b51,750,0.649366736,0.680764198,0.791667,0.750000
p96_v96_full,77a19d3c4e280b51,800,0.605909228,0.642454922,0.822917,0.833333
p96_v96_full,77a19d3c4e280b51,850,0.563285172,0.608268559,0.833333,0.875000
p96_v96_full,77a19d3c4e280b51,900,0.525763571,0.576795518,0.875000,0.854167
p96_v96_full,77a19d3c4e280b51,950,0.493138075,0.546352684,0.875000,0.875000
p96_v96_full,77a19d3c4e280b51,1000,0.462600559,0.525315702,0.875000,0.895833
p96_v96_full,77a19d3c4e280b51,1050,0.437584907,0.509452760,0.875000,0.916667
p96_v96_full,77a19d3c4e280b51,1100,0.412865043,0.496554703,0.895833,0.895833
p96_v96_full,77a19d3c4e280b51,1150,0.390962243,0.483041257,0.895833,0.895833
p96_v96_full,77a19d3c4e280b51,1200,0.370558053,0.467805773,0.895833,0.895833
p96_v96_full,77a19d3c4e280b51,1250,0.349720955,0.455511779,0.895833,0.895833
p96_v96_full,77a19d3c4e280b51,1300,0.332285553,0.444663763,0.906250,0.875000
p96_v96_full,77a19d3c4e280b51,1350,0.316532642,0.437474161,0.906250,0.895833
p96_v96_full,77a19d3c4e280b51,1400,0.301813275,0.427859306,0.895833,0.895833
p96_v96_full,77a19d3c4e280b51,1450,0.289330572,0.422457010,0.916667,0.895833
p96_v96_full,77a19d3c4e280b51,1500,0.279410690,0.414450258,0.916667,0.895833
p96_v96_full,77a19d3c4e280b51,1550,0.270325392,0.405945778,0.916667,0.895833
p96_v96_full,77a19d3c4e280b51,1600,0.262721419,0.402827293,0.916667,0.895833
p96_v96_full,77a19d3c4e280b51,1650,0.255675256,0.393981367,0.916667,0.895833
p96_v96_full,77a19d3c4e280b51,1700,0.249214277,0.388137907,0.916667,0.916667
p96_v96_full,77a19d3c4e280b51,1750,0.241928592,0.376362711,0.927083,0.916667
p96_v96_full,77a19d3c4e280b51,1800,0.234199882,0.372898340,0.927083,0.895833
p96_v96_full,77a19d3c4e280b51,1850,0.226513878,0.367317677,0.927083,0.875000
p96_v96_full,77a19d3c4e280b51,1900,0.218983337,0.357591391,0.927083,0.916667
p96_v96_full,77a19d3c4e280b51,1950,0.211683258,0.348754525,0.927083,0.916667
p96_v96_full,77a19d3c4e280b51,2000,0.204869390,0.353037804,0.927083,0.916667
p96_v96_full,77a19d3c4e280b51,2050,0.199021414,0.349228233,0.927083,0.875000
p96_v96_full,77a19d3c4e280b51,2100,0.193201423,0.348536253,0.937500,0.895833
p96_v96_full,77a19d3c4e280b51,2150,0.188064218,0.339000911,0.927083,0.916667
p96_v96_full,77a19d3c4e280b51,2200,0.183555856,0.336530685,0.937500,0.895833
p96_v96_full,77a19d3c4e280b51,2250,0.179187819,0.339800477,0.927083,0.895833
p96_v96_full,77a19d3c4e280b51,2300,0.175182894,0.328315169,0.947917,0.895833
p96_v96_full,77a19d3c4e280b51,2350,0.171150014,0.325097173,0.947917,0.916667
p96_v96_full,77a19d3c4e280b51,2400,0.166916013,0.323470563,0.947917,0.895833
p96_v96_full,77a19d3c4e280b51,2450,0.162183210,0.318082422,0.947917,0.895833
p96_v96_full,77a19d3c4e280b51,2500,0.157658592,0.317342401,0.958333,0.916667
p96_v96_full,77a19d3c4e280b51,2550,0.153644815,0.313178450,0.958333,0.895833
p96_v96_full,77a19d3c4e280b51,2600,0.149770275,0.310555041,0.958333,0.916667
p96_v96_full,77a19d3c4e280b51,2650,0.146330804,0.305805743,0.958333,0.916667
p96_v96_full,77a19d3c4e280b51,2700,0.142556891,0.306975156,0.968750,0.916667
p96_v96_full,77a19d3c4e280b51,2750,0.138587922,0.303952485,0.968750,0.895833
p96_v96_full,77a19d3c4e280b51,2800,0.134986952,0.306818098,0.968750,0.895833
p96_v96_full,77a19d3c4e280b51,2850,0.131417409,0.314547926,0.968750,0.916667
p96_v96_full,77a19d3c4e280b51,2900,0.128246352,0.316393226,0.968750,0.916667
p96_v96_full,77a19d3c4e280b51,2950,0.125292927,0.318714827,0.968750,0.916667
p96_v96_full,77a19d3c4e280b51,3000,0.122526318,0.324053913,0.968750,0.916667
p96_v96_full,77a19d3c4e280b51,3050,0.119978368,0.328025371,0.989583,0.916667
p96_v96_full,77a19d3c4e280b51,3100,0.117917866,0.330714941,0.979167,0.916667
p96_v96_full,77a19d3c4e280b51,3150,0.115927607,0.335436344,0.989583,0.916667
p96_v96_full,77a19d3c4e280b51,3200,0.113903619,0.337652326,0.989583,0.916667
p96_v96_full,77a19d3c4e280b51,3250,0.112105273,0.339004308,0.979167,0.916667
p96_v96_full,77a19d3c4e280b51,3300,0.110295109,0.337109894,0.989583,0.916667
p96_v96_full,77a19d3c4e280b51,3350,0.108771197,0.337390274,0.979167,0.916667
p96_v96_full,77a19d3c4e280b51,3400,0.107140951,0.332688779,0.979167,0.916667
p96_v96_full,77a19d3c4e280b51,3450,0.105704434,0.335854918,0.979167,0.916667
p96_v96_full,77a19d3c4e280b51,3500,0.104158260,0.334303647,0.979167,0.916667
p96_v96_full,77a19d3c4e280b51,3550,0.102823950,0.331894904,0.979167,0.916667
p96_v96_full,77a19d3c4e280b51,3600,0.101440609,0.342284352,0.979167,0.916667
p96_v96_full,77a19d3c4e280b51,3650,0.099967532,0.343028396,0.979167,0.916667
p96_v96_full,77a19d3c4e280b51,3700,0.098736368,0.339323759,0.979167,0.916667
p96_v96_full,77a19d3c4e280b51,3750,0.097459204,0.340725809,0.979167,0.916667
p96_v96_full,77a19d3c4e280b51,3800,0.096590079,0.343291163,0.979167,0.916667
p96_v96_full,77a19d3c4e280b51,3850,0.095700502,0.347913831,0.979167,0.916667
p96_v96_full,77a19d3c4e280b51,3900,0.094553865,0.348470837,0.979167,0.916667
p96_v96_full,77a19d3c4e280b51,3950,0.093600549,0.350521237,0.979167,0.916667
p96_v96_full,77a19d3c4e280b51,4000,0.092647135,0.351508290,0.979167,0.916667
p96_v96_full,77a19d3c4e280b51,4050,0.091755159,0.351958603,0.979167,0.916667
p96_v96_full,77a19d3c4e280b51,4100,0.090958357,0.357295036,0.979167,0.916667
p96_v96_full,77a19d3c4e280b51,4150,0.089826085,0.352838188,0.979167,0.916667
p96_v96_full,77a19d3c4e280b51,4200,0.089175783,0.355236441,0.979167,0.916667
p96_v96_full,77a19d3c4e280b51,4250,0.088501237,0.352946252,0.979167,0.916667
p96_v96_full,77a19d3c4e280b51,4300,0.087783374,0.357379705,0.979167,0.916667
p96_v96_full,77a19d3c4e280b51,4350,0.087166369,0.357409596,0.979167,0.916667
p96_v96_full,77a19d3c4e280b51,4400,0.086345375,0.356446892,0.979167,0.916667
p96_v96_full,77a19d3c4e280b51,4450,0.085664332,0.360705405,0.979167,0.916667
p96_v96_full,77a19d3c4e280b51,4500,0.067565866,0.332558662,1.000000,0.916667
p96_v96_full,77a19d3c4e280b51,4550,0.066639386,0.333604127,1.000000,0.916667
p96_v96_full,77a19d3c4e280b51,4600,0.065335393,0.337160617,1.000000,0.916667
p96_v96_full,77a19d3c4e280b51,4650,0.064555936,0.339944631,1.000000,0.916667
p96_v96_full,77a19d3c4e280b51,4700,0.063815780,0.341887921,1.000000,0.916667
p96_v96_full,77a19d3c4e280b51,4750,0.063039206,0.345740527,1.000000,0.916667
p96_v96_full,77a19d3c4e280b51,4800,0.062250849,0.344531924,1.000000,0.916667
p96_v96_full,1111222233334444,50,1.091137528,1.093033195,0.479167,0.458333
p96_v96_full,1111222233334444,100,1.077563167,1.081551433,0.447917,0.437500
p96_v96_full,1111222233334444,150,1.058820605,1.066769958,0.447917,0.437500
p96_v96_full,1111222233334444,200,1.037944674,1.048711658,0.458333,0.437500
p96_v96_full,1111222233334444,250,1.016178846,1.029767394,0.468750,0.437500
p96_v96_full,1111222233334444,300,0.994691372,1.007726669,0.520833,0.458333
p96_v96_full,1111222233334444,350,0.971132100,0.981359780,0.510417,0.458333
p96_v96_full,1111222233334444,400,0.944762766,0.956706226,0.510417,0.437500
p96_v96_full,1111222233334444,450,0.912332833,0.923937500,0.520833,0.437500
p96_v96_full,1111222233334444,500,0.874090731,0.888731658,0.572917,0.458333
p96_v96_full,1111222233334444,550,0.832634211,0.844904602,0.625000,0.625000
p96_v96_full,1111222233334444,600,0.785896301,0.800108612,0.718750,0.666667
p96_v96_full,1111222233334444,650,0.740410864,0.757737100,0.750000,0.666667
p96_v96_full,1111222233334444,700,0.695705414,0.717877388,0.812500,0.687500
p96_v96_full,1111222233334444,750,0.649366736,0.680764198,0.791667,0.750000
p96_v96_full,1111222233334444,800,0.605909228,0.642454922,0.822917,0.833333
p96_v96_full,1111222233334444,850,0.563285172,0.608268559,0.833333,0.875000
p96_v96_full,1111222233334444,900,0.525763571,0.576795518,0.875000,0.854167
p96_v96_full,1111222233334444,950,0.493138075,0.546352684,0.875000,0.875000
p96_v96_full,1111222233334444,1000,0.462600559,0.525315702,0.875000,0.895833
p96_v96_full,1111222233334444,1050,0.437584907,0.509452760,0.875000,0.916667
p96_v96_full,1111222233334444,1100,0.412865043,0.496554703,0.895833,0.895833
p96_v96_full,1111222233334444,1150,0.390962243,0.483041257,0.895833,0.895833
p96_v96_full,1111222233334444,1200,0.370558053,0.467805773,0.895833,0.895833
p96_v96_full,1111222233334444,1250,0.349720955,0.455511779,0.895833,0.895833
p96_v96_full,1111222233334444,1300,0.332285553,0.444663763,0.906250,0.875000
p96_v96_full,1111222233334444,1350,0.316532642,0.437474161,0.906250,0.895833
p96_v96_full,1111222233334444,1400,0.301813275,0.427859306,0.895833,0.895833
p96_v96_full,1111222233334444,1450,0.289330572,0.422457010,0.916667,0.895833
p96_v96_full,1111222233334444,1500,0.279410690,0.414450258,0.916667,0.895833
p96_v96_full,1111222233334444,1550,0.270325392,0.405945778,0.916667,0.895833
p96_v96_full,1111222233334444,1600,0.262721419,0.402827293,0.916667,0.895833
p96_v96_full,1111222233334444,1650,0.255675256,0.393981367,0.916667,0.895833
p96_v96_full,1111222233334444,1700,0.249214277,0.388137907,0.916667,0.916667
p96_v96_full,1111222233334444,1750,0.241928592,0.376362711,0.927083,0.916667
p96_v96_full,1111222233334444,1800,0.234199882,0.372898340,0.927083,0.895833
p96_v96_full,1111222233334444,1850,0.226513878,0.367317677,0.927083,0.875000
p96_v96_full,1111222233334444,1900,0.218983337,0.357591391,0.927083,0.916667
p96_v96_full,1111222233334444,1950,0.211683258,0.348754525,0.927083,0.916667
p96_v96_full,1111222233334444,2000,0.204869390,0.353037804,0.927083,0.916667
p96_v96_full,1111222233334444,2050,0.199021414,0.349228233,0.927083,0.875000
p96_v96_full,1111222233334444,2100,0.193201423,0.348536253,0.937500,0.895833
p96_v96_full,1111222233334444,2150,0.188064218,0.339000911,0.927083,0.916667
p96_v96_full,1111222233334444,2200,0.183555856,0.336530685,0.937500,0.895833
p96_v96_full,1111222233334444,2250,0.179187819,0.339800477,0.927083,0.895833
p96_v96_full,1111222233334444,2300,0.175182894,0.328315169,0.947917,0.895833
p96_v96_full,1111222233334444,2350,0.171150014,0.325097173,0.947917,0.916667
p96_v96_full,1111222233334444,2400,0.166916013,0.323470563,0.947917,0.895833
p96_v96_full,1111222233334444,2450,0.162183210,0.318082422,0.947917,0.895833
p96_v96_full,1111222233334444,2500,0.157658592,0.317342401,0.958333,0.916667
p96_v96_full,1111222233334444,2550,0.153644815,0.313178450,0.958333,0.895833
p96_v96_full,1111222233334444,2600,0.149770275,0.310555041,0.958333,0.916667
p96_v96_full,1111222233334444,2650,0.146330804,0.305805743,0.958333,0.916667
p96_v96_full,1111222233334444,2700,0.142556891,0.306975156,0.968750,0.916667
p96_v96_full,1111222233334444,2750,0.138587922,0.303952485,0.968750,0.895833
p96_v96_full,1111222233334444,2800,0.134986952,0.306818098,0.968750,0.895833
p96_v96_full,1111222233334444,2850,0.131417409,0.314547926,0.968750,0.916667
p96_v96_full,1111222233334444,2900,0.128246352,0.316393226,0.968750,0.916667
p96_v96_full,1111222233334444,2950,0.125292927,0.318714827,0.968750,0.916667
p96_v96_full,1111222233334444,3000,0.122526318,0.324053913,0.968750,0.916667
p96_v96_full,1111222233334444,3050,0.119978368,0.328025371,0.989583,0.916667
p96_v96_full,1111222233334444,3100,0.117917866,0.330714941,0.979167,0.916667
p96_v96_full,1111222233334444,3150,0.115927607,0.335436344,0.989583,0.916667
p96_v96_full,1111222233334444,3200,0.113903619,0.337652326,0.989583,0.916667
p96_v96_full,1111222233334444,3250,0.112105273,0.339004308,0.979167,0.916667
p96_v96_full,1111222233334444,3300,0.110295109,0.337109894,0.989583,0.916667
p96_v96_full,1111222233334444,3350,0.108771197,0.337390274,0.979167,0.916667
p96_v96_full,1111222233334444,3400,0.107140951,0.332688779,0.979167,0.916667
p96_v96_full,1111222233334444,3450,0.105704434,0.335854918,0.979167,0.916667
p96_v96_full,1111222233334444,3500,0.104158260,0.334303647,0.979167,0.916667
p96_v96_full,1111222233334444,3550,0.102823950,0.331894904,0.979167,0.916667
p96_v96_full,1111222233334444,3600,0.101440609,0.342284352,0.979167,0.916667
p96_v96_full,1111222233334444,3650,0.099967532,0.343028396,0.979167,0.916667
p96_v96_full,1111222233334444,3700,0.098736368,0.339323759,0.979167,0.916667
p96_v96_full,1111222233334444,3750,0.097459204,0.340725809,0.979167,0.916667
p96_v96_full,1111222233334444,3800,0.096590079,0.343291163,0.979167,0.916667
p96_v96_full,1111222233334444,3850,0.095700502,0.347913831,0.979167,0.916667
p96_v96_full,1111222233334444,3900,0.094553865,0.348470837,0.979167,0.916667
p96_v96_full,1111222233334444,3950,0.093600549,0.350521237,0.979167,0.916667
p96_v96_full,1111222233334444,4000,0.092647135,0.351508290,0.979167,0.916667
p96_v96_full,1111222233334444,4050,0.091755159,0.351958603,0.979167,0.916667
p96_v96_full,1111222233334444,4100,0.090958357,0.357295036,0.979167,0.916667
p96_v96_full,1111222233334444,4150,0.089826085,0.352838188,0.979167,0.916667
p96_v96_full,1111222233334444,4200,0.089175783,0.355236441,0.979167,0.916667
p96_v96_full,1111222233334444,4250,0.088501237,0.352946252,0.979167,0.916667
p96_v96_full,1111222233334444,4300,0.087783374,0.357379705,0.979167,0.916667
p96_v96_full,1111222233334444,4350,0.087166369,0.357409596,0.979167,0.916667
p96_v96_full,1111222233334444,4400,0.086345375,0.356446892,0.979167,0.916667
p96_v96_full,1111222233334444,4450,0.085664332,0.360705405,0.979167,0.916667
p96_v96_full,1111222233334444,4500,0.067565866,0.332558662,1.000000,0.916667
p96_v96_full,1111222233334444,4550,0.066639386,0.333604127,1.000000,0.916667
p96_v96_full,1111222233334444,4600,0.065335393,0.337160617,1.000000,0.916667
p96_v96_full,1111222233334444,4650,0.064555936,0.339944631,1.000000,0.916667
p96_v96_full,1111222233334444,4700,0.063815780,0.341887921,1.000000,0.916667
p96_v96_full,1111222233334444,4750,0.063039206,0.345740527,1.000000,0.916667
p96_v96_full,1111222233334444,4800,0.062250849,0.344531924,1.000000,0.916667
