state_id,cell_id,dataset_id,initialization_id,panel_id,source,panel_size,spearman,pairwise_agreement,compared_pairs,tied_source_pairs,tied_reference_pairs,top1_agreement,candidate_set_regret
0,0,0,0,-1,training_exact,96,3.772701653229e-1,6.389662858735e-1,14356.00,7.00,2.00,0.0,1.491785049438e-3
0,0,0,0,0,sentinel_exact,8,3.859399736313e-1,6.388752885221e-1,14297.00,66.00,2.00,0.0,6.972551345825e-4
0,0,0,0,0,sentinel_taylor,8,3.583400264738e-1,6.296425823599e-1,14297.00,66.00,2.00,0.0,6.972551345825e-4
0,0,0,0,0,sentinel_exact,16,3.021080772787e-1,6.084534503168e-1,14361.00,2.00,2.00,0.0,6.972551345825e-4
0,0,0,0,0,sentinel_taylor,16,2.781780232852e-1,6.002367523153e-1,14361.00,2.00,2.00,0.0,6.972551345825e-4
0,0,0,0,0,sentinel_exact,32,8.885775943664e-2,5.324838103196e-1,14361.00,2.00,2.00,0.0,2.389550209045e-3
0,0,0,0,0,sentinel_taylor,32,9.334235463231e-2,5.339461040318e-1,14361.00,2.00,2.00,0.0,2.389550209045e-3
0,0,0,0,0,sentinel_exact,64,3.412941314407e-1,6.199958225997e-1,14363.00,0.00,2.00,0.0,6.972551345825e-4
0,0,0,0,0,sentinel_taylor,64,3.329482183138e-1,6.175057447253e-1,14361.00,2.00,2.00,0.0,6.972551345825e-4
0,0,0,0,0,sentinel_exact,128,4.000301660233e-1,6.439167072916e-1,14359.00,4.00,2.00,0.0,6.972551345825e-4
0,0,0,0,0,sentinel_taylor,128,3.945566849149e-1,6.424094707521e-1,14360.00,3.00,2.00,0.0,6.972551345825e-4
0,0,0,0,1,sentinel_exact,8,4.569588066518e-1,6.694767644395e-1,14353.00,10.00,2.00,0.0,8.329153060913e-4
0,0,0,0,1,sentinel_taylor,8,4.636888463419e-1,6.736328805294e-1,14355.00,8.00,2.00,0.0,8.329153060913e-4
0,0,0,0,1,sentinel_exact,16,3.722928337768e-1,6.343943720833e-1,14357.00,6.00,2.00,0.0,8.329153060913e-4
0,0,0,0,1,sentinel_taylor,16,3.860300269099e-1,6.380859511040e-1,14357.00,6.00,2.00,0.0,8.329153060913e-4
0,0,0,0,1,sentinel_exact,32,6.099693027693e-1,7.299122684863e-1,14362.00,1.00,2.00,1.0,0.000000000000e0
0,0,0,0,1,sentinel_taylor,32,6.232472137700e-1,7.350647542125e-1,14362.00,1.00,2.00,1.0,0.000000000000e0
0,0,0,0,1,sentinel_exact,64,5.714927766508e-1,7.190307081680e-1,14361.00,2.00,2.00,0.0,6.972551345825e-4
0,0,0,0,1,sentinel_taylor,64,5.725373334841e-1,7.187325905292e-1,14360.00,3.00,2.00,0.0,6.972551345825e-4
0,0,0,0,1,sentinel_exact,128,6.066217352516e-1,7.364573179223e-1,14362.00,1.00,2.00,0.0,6.972551345825e-4
0,0,0,0,1,sentinel_taylor,128,6.174366728016e-1,7.414525450874e-1,14361.00,2.00,2.00,0.0,6.972551345825e-4
0,0,0,0,2,sentinel_exact,8,4.926964154046e-1,6.871426579278e-1,14342.00,21.00,2.00,0.0,8.329153060913e-4
0,0,0,0,2,sentinel_taylor,8,4.964605706824e-1,6.890949658346e-1,14342.00,21.00,2.00,0.0,8.329153060913e-4
0,0,0,0,2,sentinel_exact,16,5.198864418092e-1,6.952885419571e-1,14348.00,15.00,2.00,0.0,1.755595207214e-3
0,0,0,0,2,sentinel_taylor,16,5.069966347568e-1,6.908279899638e-1,14348.00,15.00,2.00,0.0,1.755595207214e-3
0,0,0,0,2,sentinel_exact,32,4.885512125462e-1,6.806910002786e-1,14356.00,7.00,2.00,0.0,1.755595207214e-3
0,0,0,0,2,sentinel_taylor,32,4.839207453315e-1,6.782481548531e-1,14362.00,1.00,2.00,0.0,1.755595207214e-3
0,0,0,0,2,sentinel_exact,64,4.872722742833e-1,6.850497876192e-1,14361.00,2.00,2.00,1.0,0.000000000000e0
0,0,0,0,2,sentinel_taylor,64,4.821419084579e-1,6.826601671309e-1,14360.00,3.00,2.00,1.0,0.000000000000e0
0,0,0,0,2,sentinel_exact,128,5.423828794089e-1,7.097897228798e-1,14362.00,1.00,2.00,0.0,2.903342247009e-3
0,0,0,0,2,sentinel_taylor,128,5.372321164140e-1,7.078690807799e-1,14360.00,3.00,2.00,0.0,2.903342247009e-3
0,0,0,0,3,sentinel_exact,8,1.510049517602e-1,5.590864645900e-1,14318.00,45.00,2.00,0.0,1.860380172729e-3
0,0,0,0,3,sentinel_taylor,8,1.485206811721e-1,5.571697981421e-1,14317.00,46.00,2.00,0.0,1.860380172729e-3
0,0,0,0,3,sentinel_exact,16,3.479223037030e-1,6.263751566634e-1,14362.00,1.00,2.00,1.0,0.000000000000e0
0,0,0,0,3,sentinel_taylor,16,3.502690516147e-1,6.267149522947e-1,14359.00,4.00,2.00,1.0,0.000000000000e0
0,0,0,0,3,sentinel_exact,32,4.473640179628e-1,6.700090522944e-1,14361.00,2.00,2.00,1.0,0.000000000000e0
0,0,0,0,3,sentinel_taylor,32,4.484302084873e-1,6.698001531927e-1,14361.00,2.00,2.00,1.0,0.000000000000e0
0,0,0,0,3,sentinel_exact,64,5.459059799419e-1,7.110631483673e-1,14363.00,0.00,2.00,1.0,0.000000000000e0
0,0,0,0,3,sentinel_taylor,64,5.388084801839e-1,7.048952022840e-1,14361.00,2.00,2.00,1.0,0.000000000000e0
0,0,0,0,3,sentinel_exact,128,6.524719621203e-1,7.583733723278e-1,14361.00,2.00,2.00,1.0,0.000000000000e0
0,0,0,0,3,sentinel_taylor,128,6.605496071705e-1,7.592786017687e-1,14361.00,2.00,2.00,1.0,0.000000000000e0
1,0,0,0,-1,training_exact,96,5.393088405299e-2,5.184591808303e-1,14356.00,8.00,2.00,0.0,5.818009376526e-3
1,0,0,0,0,sentinel_exact,8,2.307683383133e-1,5.878048780488e-1,14350.00,15.00,2.00,0.0,7.848739624023e-3
1,0,0,0,0,sentinel_taylor,8,2.287189640255e-1,5.864111498258e-1,14350.00,15.00,2.00,0.0,7.848739624023e-3
1,0,0,0,0,sentinel_exact,16,2.720220717430e-1,5.995121951220e-1,14350.00,15.00,2.00,1.0,0.000000000000e0
1,0,0,0,0,sentinel_taylor,16,2.708154079788e-1,5.986759581882e-1,14350.00,15.00,2.00,1.0,0.000000000000e0
1,0,0,0,0,sentinel_exact,32,3.107704746436e-1,6.100313479624e-1,14355.00,10.00,2.00,0.0,2.760887145996e-3
1,0,0,0,0,sentinel_taylor,32,3.030713464131e-1,6.077324973877e-1,14355.00,10.00,2.00,0.0,2.760887145996e-3
1,0,0,0,0,sentinel_exact,64,4.395574467103e-1,6.645071403692e-1,14355.00,10.00,2.00,0.0,2.760887145996e-3
1,0,0,0,0,sentinel_taylor,64,4.352113416047e-1,6.618825332683e-1,14353.00,12.00,2.00,0.0,2.760887145996e-3
1,0,0,0,0,sentinel_exact,128,4.215952086100e-1,6.568245125348e-1,14360.00,3.00,2.00,1.0,0.000000000000e0
1,0,0,0,0,sentinel_taylor,128,4.196230710381e-1,6.563131137266e-1,14359.00,6.00,2.00,1.0,0.000000000000e0
1,0,0,0,1,sentinel_exact,8,-3.596229613511e-2,4.865598885794e-1,14360.00,3.00,2.00,0.0,5.113720893860e-3
1,0,0,0,1,sentinel_taylor,8,-2.395450914875e-2,4.912952646240e-1,14360.00,3.00,2.00,0.0,5.113720893860e-3
1,0,0,0,1,sentinel_exact,16,-3.729839448368e-3,5.022284122563e-1,14360.00,3.00,2.00,0.0,5.113720893860e-3
1,0,0,0,1,sentinel_taylor,16,1.988270668612e-3,5.040389972145e-1,14360.00,3.00,2.00,0.0,5.113720893860e-3
1,0,0,0,1,sentinel_exact,32,3.156440751246e-1,6.138579387187e-1,14360.00,3.00,2.00,0.0,4.012703895569e-3
1,0,0,0,1,sentinel_taylor,32,3.210181716935e-1,6.160328736593e-1,14358.00,5.00,2.00,0.0,4.012703895569e-3
1,0,0,0,1,sentinel_exact,64,5.101352155921e-1,6.900849463863e-1,14362.00,1.00,2.00,1.0,0.000000000000e0
1,0,0,0,1,sentinel_taylor,64,4.878822963309e-1,6.821948332289e-1,14361.00,3.00,2.00,1.0,0.000000000000e0
1,0,0,0,1,sentinel_exact,128,6.084373215764e-1,7.291086350975e-1,14360.00,3.00,2.00,1.0,0.000000000000e0
1,0,0,0,1,sentinel_taylor,128,5.845156988216e-1,7.194680406629e-1,14362.00,1.00,2.00,1.0,0.000000000000e0
1,0,0,0,2,sentinel_exact,8,3.674767405971e-1,6.336128581412e-1,14310.00,55.00,2.00,0.0,5.852937698364e-3
1,0,0,0,2,sentinel_taylor,8,3.641605065891e-1,6.316525631163e-1,14299.00,66.00,2.00,0.0,5.852937698364e-3
1,0,0,0,2,sentinel_exact,16,5.623248552504e-1,7.085017421603e-1,14350.00,15.00,2.00,1.0,0.000000000000e0
1,0,0,0,2,sentinel_taylor,16,5.532919754930e-1,7.036236933798e-1,14350.00,15.00,2.00,1.0,0.000000000000e0
1,0,0,0,2,sentinel_exact,32,5.974133673422e-1,7.259233449477e-1,14350.00,15.00,2.00,1.0,0.000000000000e0
1,0,0,0,2,sentinel_taylor,32,5.845211176505e-1,7.225087108014e-1,14350.00,15.00,2.00,1.0,0.000000000000e0
1,0,0,0,2,sentinel_exact,64,6.883218948682e-1,7.618384401114e-1,14360.00,4.00,2.00,1.0,0.000000000000e0
1,0,0,0,2,sentinel_taylor,64,6.651339395854e-1,7.516189680384e-1,14361.00,3.00,2.00,1.0,0.000000000000e0
1,0,0,0,2,sentinel_exact,128,6.102801221540e-1,7.223227962679e-1,14362.00,1.00,2.00,1.0,0.000000000000e0
1,0,0,0,2,sentinel_taylor,128,5.970041615653e-1,7.179665738162e-1,14360.00,3.00,2.00,1.0,0.000000000000e0
1,0,0,0,3,sentinel_exact,8,3.820373339840e-1,6.378276631344e-1,14344.00,21.00,2.00,0.0,5.852937698364e-3
1,0,0,0,3,sentinel_taylor,8,3.846094660459e-1,6.391522587842e-1,14344.00,21.00,2.00,0.0,5.852937698364e-3
1,0,0,0,3,sentinel_exact,16,3.870532795354e-1,6.409756097561e-1,14350.00,15.00,2.00,0.0,5.818009376526e-3
1,0,0,0,3,sentinel_taylor,16,3.911056179664e-1,6.424390243902e-1,14350.00,15.00,2.00,0.0,5.818009376526e-3
1,0,0,0,3,sentinel_exact,32,3.981984589672e-1,6.421507173701e-1,14358.00,6.00,2.00,0.0,2.258896827698e-3
1,0,0,0,3,sentinel_taylor,32,3.980964861454e-1,6.416631842875e-1,14358.00,7.00,2.00,0.0,2.258896827698e-3
1,0,0,0,3,sentinel_exact,64,5.953307393001e-1,7.198663045749e-1,14361.00,3.00,2.00,1.0,0.000000000000e0
1,0,0,0,3,sentinel_taylor,64,6.014494346623e-1,7.225819928974e-1,14361.00,3.00,2.00,1.0,0.000000000000e0
1,0,0,0,3,sentinel_exact,128,5.489882493176e-1,7.008773151372e-1,14362.00,1.00,2.00,1.0,0.000000000000e0
1,0,0,0,3,sentinel_taylor,128,5.477132181287e-1,7.003202896533e-1,14362.00,1.00,2.00,1.0,0.000000000000e0
2,0,0,0,-1,training_exact,96,-1.392779568687e-1,4.502019779914e-1,14358.00,7.00,0.00,0.0,2.620220184326e-3
2,0,0,0,0,sentinel_exact,8,2.828182534303e-1,6.001392272885e-1,14365.00,0.00,0.00,0.0,1.559019088745e-3
2,0,0,0,0,sentinel_taylor,8,2.811646240558e-1,5.993038635573e-1,14365.00,0.00,0.00,0.0,1.559019088745e-3
2,0,0,0,0,sentinel_exact,16,2.000000000000e-1,5.691611555865e-1,14365.00,0.00,0.00,0.0,1.559019088745e-3
2,0,0,0,0,sentinel_taylor,16,2.045529765939e-1,5.715280194918e-1,14365.00,0.00,0.00,0.0,1.559019088745e-3
2,0,0,0,0,sentinel_exact,32,3.608490422017e-1,6.300730943265e-1,14365.00,0.00,0.00,0.0,1.559019088745e-3
2,0,0,0,0,sentinel_taylor,32,3.627200615531e-1,6.320222763662e-1,14365.00,0.00,0.00,0.0,1.559019088745e-3
2,0,0,0,0,sentinel_exact,64,5.733953749672e-1,7.145144448312e-1,14365.00,0.00,0.00,0.0,1.427531242371e-3
2,0,0,0,0,sentinel_taylor,64,5.728335806450e-1,7.147928994083e-1,14365.00,0.00,0.00,0.0,1.427531242371e-3
2,0,0,0,0,sentinel_exact,128,6.451023137377e-1,7.422206752523e-1,14365.00,0.00,0.00,0.0,1.427531242371e-3
2,0,0,0,0,sentinel_taylor,128,6.375009922998e-1,7.387399930386e-1,14365.00,0.00,0.00,0.0,1.427531242371e-3
2,0,0,0,1,sentinel_exact,8,-3.436349313939e-2,4.872955099199e-1,14365.00,0.00,0.00,0.0,7.930517196655e-3
2,0,0,0,1,sentinel_taylor,8,-3.589499331343e-2,4.865993734772e-1,14365.00,0.00,0.00,0.0,7.930517196655e-3
2,0,0,0,1,sentinel_exact,16,-7.150307033190e-2,4.737868133398e-1,14363.00,2.00,0.00,0.0,5.941271781921e-3
2,0,0,0,1,sentinel_taylor,16,-7.702566545148e-2,4.711451444483e-1,14365.00,0.00,0.00,0.0,5.941271781921e-3
2,0,0,0,1,sentinel_exact,32,4.238237431379e-1,6.526975287156e-1,14365.00,0.00,0.00,0.0,5.146861076355e-3
2,0,0,0,1,sentinel_taylor,32,4.258168916897e-1,6.533936651584e-1,14365.00,0.00,0.00,0.0,5.146861076355e-3
2,0,0,0,1,sentinel_exact,64,6.403563730070e-1,7.363035154890e-1,14365.00,0.00,0.00,0.0,3.439664840698e-3
2,0,0,0,1,sentinel_taylor,64,6.357634820035e-1,7.340573656363e-1,14364.00,1.00,0.00,0.0,3.439664840698e-3
2,0,0,0,1,sentinel_exact,128,6.808511677697e-1,7.558479532164e-1,14364.00,1.00,0.00,1.0,0.000000000000e0
2,0,0,0,1,sentinel_taylor,128,6.711370052315e-1,7.506961849067e-1,14364.00,1.00,0.00,1.0,0.000000000000e0
2,0,0,0,2,sentinel_exact,8,4.568950167728e-1,6.670856903415e-1,14319.00,46.00,0.00,0.0,1.559019088745e-3
2,0,0,0,2,sentinel_taylor,8,4.407622873832e-1,6.607541899441e-1,14320.00,45.00,0.00,0.0,1.559019088745e-3
2,0,0,0,2,sentinel_exact,16,6.289519482661e-1,7.356769926906e-1,14365.00,0.00,0.00,0.0,1.427531242371e-3
2,0,0,0,2,sentinel_taylor,16,6.286173142568e-1,7.353985381135e-1,14365.00,0.00,0.00,0.0,1.427531242371e-3
2,0,0,0,2,sentinel_exact,32,6.208254712661e-1,7.327532196310e-1,14365.00,0.00,0.00,0.0,1.427531242371e-3
2,0,0,0,2,sentinel_taylor,32,6.212325408569e-1,7.328042328042e-1,14364.00,1.00,0.00,0.0,1.427531242371e-3
2,0,0,0,2,sentinel_exact,64,7.212840664139e-1,7.810650887574e-1,14365.00,0.00,0.00,0.0,1.427531242371e-3
2,0,0,0,2,sentinel_taylor,64,7.210316992641e-1,7.824422166527e-1,14364.00,1.00,0.00,0.0,1.427531242371e-3
2,0,0,0,2,sentinel_exact,128,7.030892581262e-1,7.684650191438e-1,14365.00,0.00,0.00,1.0,0.000000000000e0
2,0,0,0,2,sentinel_taylor,128,7.102753402825e-1,7.722241559346e-1,14365.00,0.00,0.00,0.0,1.427531242371e-3
2,0,0,0,3,sentinel_exact,8,2.025074361463e-1,5.653717627402e-1,14364.00,1.00,0.00,0.0,6.693601608276e-3
2,0,0,0,3,sentinel_taylor,8,2.278785717470e-1,5.744917850181e-1,14364.00,1.00,0.00,0.0,4.504561424255e-3
2,0,0,0,3,sentinel_exact,16,4.103594999539e-1,6.416486806377e-1,14363.00,2.00,0.00,0.0,4.504561424255e-3
2,0,0,0,3,sentinel_taylor,16,4.193943731380e-1,6.450849345586e-1,14364.00,1.00,0.00,0.0,4.504561424255e-3
2,0,0,0,3,sentinel_exact,32,5.230512759448e-1,6.922380786634e-1,14365.00,0.00,0.00,0.0,2.620220184326e-3
2,0,0,0,3,sentinel_taylor,32,5.256697260031e-1,6.939088061260e-1,14365.00,0.00,0.00,0.0,2.620220184326e-3
2,0,0,0,3,sentinel_exact,64,6.612966457215e-1,7.441698572920e-1,14365.00,0.00,0.00,1.0,0.000000000000e0
2,0,0,0,3,sentinel_taylor,64,6.625814449106e-1,7.452140619561e-1,14365.00,0.00,0.00,1.0,0.000000000000e0
2,0,0,0,3,sentinel_exact,128,7.069631963654e-1,7.673512008354e-1,14365.00,0.00,0.00,1.0,0.000000000000e0
2,0,0,0,3,sentinel_taylor,128,7.081079793774e-1,7.683096630465e-1,14364.00,1.00,0.00,1.0,0.000000000000e0
3,1,0,1,-1,training_exact,96,2.310930168369e-1,5.802271302167e-1,14353.00,7.00,6.00,0.0,2.198696136475e-3
3,1,0,1,0,sentinel_exact,8,2.758031511229e-1,6.000139392250e-1,14348.00,12.00,6.00,0.0,4.100084304810e-3
3,1,0,1,0,sentinel_taylor,8,2.628889807698e-1,5.951352104823e-1,14348.00,12.00,6.00,0.0,4.100084304810e-3
3,1,0,1,0,sentinel_exact,16,9.852704368841e-2,5.270345596433e-1,14352.00,8.00,6.00,0.0,4.100084304810e-3
3,1,0,1,0,sentinel_taylor,16,8.029831807130e-2,5.183300808475e-1,14348.00,12.00,6.00,0.0,4.100084304810e-3
3,1,0,1,0,sentinel_exact,32,1.157126282368e-1,5.372292261615e-1,14357.00,3.00,6.00,0.0,1.771450042725e-4
3,1,0,1,0,sentinel_taylor,32,1.185429897414e-1,5.379954029393e-1,14357.00,3.00,6.00,0.0,1.771450042725e-4
3,1,0,1,0,sentinel_exact,64,3.786722162498e-1,6.426382504527e-1,14358.00,2.00,6.00,0.0,4.100084304810e-3
3,1,0,1,0,sentinel_taylor,64,3.578513870332e-1,6.353818283166e-1,14352.00,8.00,6.00,0.0,4.100084304810e-3
3,1,0,1,0,sentinel_exact,128,4.906329327273e-1,6.873780997492e-1,14356.00,4.00,6.00,0.0,1.771450042725e-4
3,1,0,1,0,sentinel_taylor,128,4.689218789223e-1,6.791585399833e-1,14356.00,4.00,6.00,0.0,1.771450042725e-4
3,1,0,1,1,sentinel_exact,8,3.076023063385e-1,6.102864311102e-1,14349.00,11.00,6.00,0.0,9.955167770386e-4
3,1,0,1,1,sentinel_taylor,8,3.071664852127e-1,6.092835238361e-1,14348.00,12.00,6.00,0.0,9.955167770386e-4
3,1,0,1,1,sentinel_exact,16,5.332306626967e-1,6.977780873442e-1,14357.00,3.00,6.00,0.0,9.955167770386e-4
3,1,0,1,1,sentinel_taylor,16,5.296724072637e-1,6.971914419123e-1,14349.00,11.00,6.00,0.0,9.955167770386e-4
3,1,0,1,1,sentinel_exact,32,6.560531802033e-1,7.498433038512e-1,14359.00,1.00,6.00,0.0,9.955167770386e-4
3,1,0,1,1,sentinel_taylor,32,6.548310608048e-1,7.495472907090e-1,14358.00,2.00,6.00,0.0,9.955167770386e-4
3,1,0,1,1,sentinel_exact,64,6.332482698807e-1,7.575567627803e-1,14358.00,2.00,6.00,0.0,2.575874328613e-3
3,1,0,1,1,sentinel_taylor,64,6.313230528363e-1,7.561994984675e-1,14356.00,4.00,6.00,0.0,2.575874328613e-3
3,1,0,1,1,sentinel_exact,128,7.205190522738e-1,7.924357456293e-1,14357.00,3.00,6.00,0.0,1.771450042725e-4
3,1,0,1,1,sentinel_taylor,128,7.458836001065e-1,8.017974083879e-1,14354.00,6.00,6.00,0.0,1.771450042725e-4
3,1,0,1,2,sentinel_exact,8,3.165952104275e-1,6.185136170509e-1,14357.00,3.00,6.00,0.0,1.771450042725e-4
3,1,0,1,2,sentinel_taylor,8,3.237068415411e-1,6.221355436373e-1,14357.00,3.00,6.00,0.0,1.771450042725e-4
3,1,0,1,2,sentinel_exact,16,3.047229511015e-1,6.160061294142e-1,14357.00,3.00,6.00,0.0,3.886461257935e-3
3,1,0,1,2,sentinel_taylor,16,3.028193139094e-1,6.151863462208e-1,14355.00,5.00,6.00,0.0,3.886461257935e-3
3,1,0,1,2,sentinel_exact,32,2.317392719467e-1,5.881861242686e-1,14356.00,4.00,6.00,0.0,3.886461257935e-3
3,1,0,1,2,sentinel_taylor,32,2.143342609107e-1,5.811394344616e-1,14358.00,2.00,6.00,0.0,3.886461257935e-3
3,1,0,1,2,sentinel_exact,64,2.987787005383e-1,6.169812634952e-1,14357.00,3.00,6.00,0.0,4.100084304810e-3
3,1,0,1,2,sentinel_taylor,64,2.496262823652e-1,6.015880755032e-1,14357.00,3.00,6.00,0.0,4.100084304810e-3
3,1,0,1,2,sentinel_exact,128,4.650937560514e-1,6.817105446441e-1,14358.00,2.00,6.00,0.0,1.771450042725e-4
3,1,0,1,2,sentinel_taylor,128,4.753797639955e-1,6.872430850693e-1,14353.00,7.00,6.00,0.0,1.771450042725e-4
3,1,0,1,3,sentinel_exact,8,2.845798907297e-1,6.114417757860e-1,14281.00,79.00,6.00,0.0,4.639863967896e-3
3,1,0,1,3,sentinel_taylor,8,2.872897672129e-1,6.125192550063e-1,14282.00,78.00,6.00,0.0,4.639863967896e-3
3,1,0,1,3,sentinel_exact,16,3.505493706969e-1,6.281515531411e-1,14358.00,2.00,6.00,1.0,0.000000000000e0
3,1,0,1,3,sentinel_taylor,16,3.482789763823e-1,6.271764869759e-1,14358.00,2.00,6.00,1.0,0.000000000000e0
3,1,0,1,3,sentinel_exact,32,4.795157297460e-1,6.780912574016e-1,14355.00,5.00,6.00,1.0,0.000000000000e0
3,1,0,1,3,sentinel_taylor,32,4.770231106247e-1,6.772059335608e-1,14359.00,1.00,6.00,1.0,0.000000000000e0
3,1,0,1,3,sentinel_exact,64,3.278244652874e-1,6.216310328017e-1,14359.00,1.00,6.00,1.0,0.000000000000e0
3,1,0,1,3,sentinel_taylor,64,3.360602931493e-1,6.246865422123e-1,14356.00,4.00,6.00,1.0,0.000000000000e0
3,1,0,1,3,sentinel_exact,128,5.111767629831e-1,6.948857302118e-1,14352.00,8.00,6.00,0.0,1.771450042725e-4
3,1,0,1,3,sentinel_taylor,128,5.055160057600e-1,6.909090909091e-1,14355.00,5.00,6.00,0.0,1.771450042725e-4
4,1,0,1,-1,training_exact,96,3.691298528100e-1,6.385156304393e-1,14363.00,2.00,0.00,0.0,5.519866943359e-3
4,1,0,1,0,sentinel_exact,8,-7.407294324089e-3,4.861324041812e-1,14350.00,15.00,0.00,0.0,1.159834861755e-2
4,1,0,1,0,sentinel_taylor,8,-4.934616696377e-2,4.721583385602e-1,14349.00,16.00,0.00,0.0,1.159834861755e-2
4,1,0,1,0,sentinel_exact,16,3.150307248671e-1,6.110182476668e-1,14358.00,7.00,0.00,0.0,3.003001213074e-3
4,1,0,1,0,sentinel_taylor,16,3.090595994195e-1,6.095828400306e-1,14359.00,6.00,0.00,0.0,3.003001213074e-3
4,1,0,1,0,sentinel_exact,32,3.191677622681e-1,6.110414926204e-1,14364.00,1.00,0.00,0.0,3.003001213074e-3
4,1,0,1,0,sentinel_taylor,32,2.946893916680e-1,6.021303258145e-1,14364.00,1.00,0.00,0.0,5.519866943359e-3
4,1,0,1,0,sentinel_exact,64,3.499030292966e-1,6.282113764534e-1,14363.00,2.00,0.00,0.0,6.935596466064e-3
4,1,0,1,0,sentinel_taylor,64,3.577591734296e-1,6.322311172990e-1,14365.00,0.00,0.00,0.0,6.935596466064e-3
4,1,0,1,0,sentinel_exact,128,5.694799127998e-1,7.270449008006e-1,14365.00,0.00,0.00,0.0,3.003001213074e-3
4,1,0,1,0,sentinel_taylor,128,5.628278789382e-1,7.256335282651e-1,14364.00,1.00,0.00,0.0,3.003001213074e-3
4,1,0,1,1,sentinel_exact,8,4.993914603452e-1,6.980329241071e-1,14336.00,29.00,0.00,0.0,1.029658317566e-2
4,1,0,1,1,sentinel_taylor,8,4.988794077620e-1,6.981934853875e-1,14337.00,28.00,0.00,0.0,1.029658317566e-2
4,1,0,1,1,sentinel_exact,16,6.426493909826e-1,7.583925337791e-1,14358.00,7.00,0.00,0.0,3.003001213074e-3
4,1,0,1,1,sentinel_taylor,16,6.416682950779e-1,7.579915035866e-1,14359.00,6.00,0.00,0.0,3.003001213074e-3
4,1,0,1,1,sentinel_exact,32,6.923138457529e-1,7.760061272803e-1,14362.00,3.00,0.00,0.0,4.980564117432e-3
4,1,0,1,1,sentinel_taylor,32,6.919966854116e-1,7.749234196603e-1,14364.00,1.00,0.00,0.0,4.980564117432e-3
4,1,0,1,1,sentinel_exact,64,7.054712083289e-1,7.789612921192e-1,14364.00,1.00,0.00,0.0,6.751418113708e-3
4,1,0,1,1,sentinel_taylor,64,7.128620367487e-1,7.810650887574e-1,14365.00,0.00,0.00,0.0,3.003001213074e-3
4,1,0,1,1,sentinel_exact,128,7.654997221561e-1,8.078663418030e-1,14365.00,0.00,0.00,0.0,3.003001213074e-3
4,1,0,1,1,sentinel_taylor,128,7.744982016475e-1,8.114166376610e-1,14365.00,0.00,0.00,0.0,3.003001213074e-3
4,1,0,1,2,sentinel_exact,8,2.228402405939e-1,5.844892812106e-1,14274.00,91.00,0.00,0.0,7.243633270264e-3
4,1,0,1,2,sentinel_taylor,8,2.209833607521e-1,5.840689365280e-1,14274.00,91.00,0.00,0.0,7.243633270264e-3
4,1,0,1,2,sentinel_exact,16,2.032335638453e-1,5.729319116315e-1,14349.00,16.00,0.00,0.0,5.182623863220e-3
4,1,0,1,2,sentinel_taylor,16,1.987597515072e-1,5.717073170732e-1,14350.00,15.00,0.00,0.0,5.182623863220e-3
4,1,0,1,2,sentinel_exact,32,2.686542920519e-1,6.006407577657e-1,14358.00,7.00,0.00,0.0,5.182623863220e-3
4,1,0,1,2,sentinel_taylor,32,2.630924909027e-1,5.985513302688e-1,14358.00,7.00,0.00,0.0,5.182623863220e-3
4,1,0,1,2,sentinel_exact,64,5.715486077293e-1,7.173201476426e-1,14359.00,6.00,0.00,0.0,5.182623863220e-3
4,1,0,1,2,sentinel_taylor,64,5.551025891652e-1,7.075701650533e-1,14359.00,6.00,0.00,0.0,5.182623863220e-3
4,1,0,1,2,sentinel_exact,128,5.831575180646e-1,7.424812030075e-1,14364.00,1.00,0.00,0.0,3.003001213074e-3
4,1,0,1,2,sentinel_taylor,128,5.805898484811e-1,7.411920345356e-1,14362.00,3.00,0.00,0.0,3.003001213074e-3
4,1,0,1,3,sentinel_exact,8,2.449395539743e-1,6.001821493625e-1,14274.00,91.00,0.00,0.0,7.243633270264e-3
4,1,0,1,3,sentinel_taylor,8,2.489747548558e-1,6.011350101590e-1,14273.00,92.00,0.00,0.0,7.243633270264e-3
4,1,0,1,3,sentinel_exact,16,3.797676443168e-1,6.423693379791e-1,14350.00,15.00,0.00,0.0,1.465058326721e-2
4,1,0,1,3,sentinel_taylor,16,3.800451156103e-1,6.428322531187e-1,14349.00,16.00,0.00,0.0,1.159834861755e-2
4,1,0,1,3,sentinel_exact,32,6.009697117845e-1,7.420433177798e-1,14359.00,6.00,0.00,0.0,1.465058326721e-2
4,1,0,1,3,sentinel_taylor,32,6.000390815940e-1,7.413468904520e-1,14359.00,6.00,0.00,0.0,1.465058326721e-2
4,1,0,1,3,sentinel_exact,64,7.150115106771e-1,7.844065436826e-1,14365.00,0.00,0.00,0.0,3.003001213074e-3
4,1,0,1,3,sentinel_taylor,64,7.135459602714e-1,7.843369300383e-1,14365.00,0.00,0.00,0.0,3.003001213074e-3
4,1,0,1,3,sentinel_exact,128,7.625612935925e-1,8.117647058824e-1,14365.00,0.00,0.00,0.0,3.003001213074e-3
4,1,0,1,3,sentinel_taylor,128,7.620439311217e-1,8.112642717906e-1,14364.00,1.00,0.00,0.0,3.003001213074e-3
5,1,0,1,-1,training_exact,96,-1.958653724029e-1,4.343342855152e-1,14353.00,11.00,7.00,0.0,1.473402976990e-2
5,1,0,1,0,sentinel_exact,8,1.703857770471e-2,4.998954922316e-1,14353.00,11.00,7.00,0.0,5.628108978271e-3
5,1,0,1,0,sentinel_taylor,8,2.120203055885e-2,5.022293437369e-1,14354.00,10.00,7.00,0.0,5.628108978271e-3
5,1,0,1,0,sentinel_exact,16,1.600853945142e-1,5.536199567974e-1,14351.00,13.00,7.00,0.0,4.017829895020e-3
5,1,0,1,0,sentinel_taylor,16,1.511487384754e-1,5.521109098509e-1,14354.00,10.00,7.00,0.0,4.017829895020e-3
5,1,0,1,0,sentinel_exact,32,2.303215275628e-1,5.832985095417e-1,14358.00,6.00,7.00,0.0,5.822896957397e-3
5,1,0,1,0,sentinel_taylor,32,2.194886625940e-1,5.807619976318e-1,14357.00,7.00,7.00,0.0,5.822896957397e-3
5,1,0,1,0,sentinel_exact,64,3.419059006295e-1,6.310510552344e-1,14357.00,7.00,7.00,0.0,5.822896957397e-3
5,1,0,1,0,sentinel_taylor,64,3.390911883263e-1,6.312160468032e-1,14358.00,6.00,7.00,0.0,5.822896957397e-3
5,1,0,1,0,sentinel_exact,128,6.500545310997e-1,7.508705947904e-1,14358.00,1.00,7.00,0.0,4.907608032227e-3
5,1,0,1,0,sentinel_taylor,128,6.500482108944e-1,7.491815838964e-1,14357.00,2.00,7.00,0.0,4.907608032227e-3
5,1,0,1,1,sentinel_exact,8,4.461237857490e-1,6.714285714286e-1,14210.00,154.00,7.00,0.0,8.783578872681e-3
5,1,0,1,1,sentinel_taylor,8,4.446087771032e-1,6.702045406621e-1,14227.00,137.00,7.00,0.0,8.783578872681e-3
5,1,0,1,1,sentinel_exact,16,5.023188743105e-1,6.910398770864e-1,14319.00,45.00,7.00,0.0,6.005525588989e-3
5,1,0,1,1,sentinel_taylor,16,5.037842792321e-1,6.909484564883e-1,14318.00,46.00,7.00,0.0,6.005525588989e-3
5,1,0,1,1,sentinel_exact,32,5.891205407746e-1,7.280457206579e-1,14348.00,16.00,7.00,0.0,6.005525588989e-3
5,1,0,1,1,sentinel_taylor,32,6.053113039286e-1,7.314098543453e-1,14349.00,15.00,7.00,0.0,6.005525588989e-3
5,1,0,1,1,sentinel_exact,64,6.238867017305e-1,7.379161443098e-1,14358.00,6.00,7.00,0.0,3.750562667847e-3
5,1,0,1,1,sentinel_taylor,64,6.203245260713e-1,7.360869262381e-1,14357.00,7.00,7.00,0.0,3.750562667847e-3
5,1,0,1,1,sentinel_exact,128,7.177150422343e-1,7.881320518178e-1,14358.00,2.00,7.00,0.0,4.907608032227e-3
5,1,0,1,1,sentinel_taylor,128,7.156396136426e-1,7.869480429029e-1,14358.00,1.00,7.00,0.0,4.907608032227e-3
5,1,0,1,2,sentinel_exact,8,1.864884749018e-1,5.739264232760e-1,14298.00,66.00,7.00,0.0,8.884191513062e-3
5,1,0,1,2,sentinel_taylor,8,1.880739995001e-1,5.735067841656e-1,14298.00,66.00,7.00,0.0,1.007390022278e-2
5,1,0,1,2,sentinel_exact,16,1.928474550709e-1,5.708708080597e-1,14343.00,21.00,7.00,0.0,1.331877708435e-2
5,1,0,1,2,sentinel_taylor,16,2.017940314997e-1,5.742277386514e-1,14341.00,23.00,7.00,0.0,1.331877708435e-2
5,1,0,1,2,sentinel_exact,32,3.719172942177e-1,6.350710900474e-1,14348.00,16.00,7.00,0.0,6.259202957153e-3
5,1,0,1,2,sentinel_taylor,32,3.643069828502e-1,6.307756638093e-1,14349.00,15.00,7.00,0.0,6.259202957153e-3
5,1,0,1,2,sentinel_exact,64,5.873598320459e-1,7.141663184288e-1,14358.00,6.00,7.00,0.0,3.750562667847e-3
5,1,0,1,2,sentinel_taylor,64,5.765955783750e-1,7.087135195375e-1,14357.00,7.00,7.00,0.0,3.750562667847e-3
5,1,0,1,2,sentinel_exact,128,6.233497070081e-1,7.242460123981e-1,14357.00,7.00,7.00,0.0,3.750562667847e-3
5,1,0,1,2,sentinel_taylor,128,6.257630124305e-1,7.253604513478e-1,14357.00,7.00,7.00,0.0,3.750562667847e-3
5,1,0,1,3,sentinel_exact,8,2.310600496783e-1,5.874125874126e-1,14014.00,351.00,7.00,0.0,8.012771606445e-3
5,1,0,1,3,sentinel_taylor,8,2.315593399828e-1,5.877693734837e-1,14014.00,351.00,7.00,0.0,8.012771606445e-3
5,1,0,1,3,sentinel_exact,16,3.015831468784e-1,6.115540635054e-1,14298.00,66.00,7.00,0.0,8.012771606445e-3
5,1,0,1,3,sentinel_taylor,16,2.891884488052e-1,6.056091761085e-1,14298.00,66.00,7.00,0.0,8.012771606445e-3
5,1,0,1,3,sentinel_exact,32,5.816835251033e-1,7.275768346226e-1,14349.00,15.00,7.00,0.0,1.473402976990e-2
5,1,0,1,3,sentinel_taylor,32,5.743327127626e-1,7.269305826596e-1,14348.00,16.00,7.00,0.0,1.473402976990e-2
5,1,0,1,3,sentinel_exact,64,6.374456594421e-1,7.540047360357e-1,14358.00,6.00,7.00,0.0,3.750562667847e-3
5,1,0,1,3,sentinel_taylor,64,6.137367884963e-1,7.438183464512e-1,14357.00,7.00,7.00,0.0,3.750562667847e-3
5,1,0,1,3,sentinel_exact,128,6.270156919717e-1,7.347820030645e-1,14358.00,6.00,7.00,0.0,5.822896957397e-3
5,1,0,1,3,sentinel_taylor,128,6.120546730591e-1,7.267725309932e-1,14358.00,6.00,7.00,0.0,5.822896957397e-3
6,2,0,2,-1,training_exact,96,5.358658137148e-1,6.983773243262e-1,14359.00,5.00,1.00,0.0,3.075599670410e-4
6,2,0,2,0,sentinel_exact,8,-1.494741110205e-2,4.859012741071e-1,14363.00,1.00,1.00,0.0,2.948760986328e-3
6,2,0,2,0,sentinel_taylor,8,-1.530279816489e-2,4.860763018658e-1,14364.00,0.00,1.00,0.0,2.948760986328e-3
6,2,0,2,0,sentinel_exact,16,-7.780856114007e-2,4.679754942913e-1,14364.00,0.00,1.00,0.0,4.127502441406e-3
6,2,0,2,0,sentinel_taylor,16,-8.356695645910e-2,4.655388471178e-1,14364.00,0.00,1.00,0.0,4.127502441406e-3
6,2,0,2,0,sentinel_exact,32,-4.219205218347e-2,4.748642250383e-1,14362.00,2.00,1.00,0.0,6.060600280762e-4
6,2,0,2,0,sentinel_taylor,32,-4.168152573754e-2,4.768502402005e-1,14363.00,1.00,1.00,0.0,6.060600280762e-4
6,2,0,2,0,sentinel_exact,64,3.176975197972e-1,6.124068787858e-1,14363.00,1.00,1.00,0.0,2.656579017639e-3
6,2,0,2,0,sentinel_taylor,64,3.210943291612e-1,6.136759278602e-1,14361.00,3.00,1.00,0.0,2.656579017639e-3
6,2,0,2,0,sentinel_exact,128,3.383029770843e-1,6.203703703704e-1,14364.00,0.00,1.00,0.0,6.060600280762e-4
6,2,0,2,0,sentinel_taylor,128,3.328260888153e-1,6.177146438270e-1,14361.00,3.00,1.00,0.0,6.060600280762e-4
6,2,0,2,1,sentinel_exact,8,4.073280007622e-1,6.556669451406e-1,14364.00,0.00,1.00,0.0,4.127502441406e-3
6,2,0,2,1,sentinel_taylor,8,3.636071636191e-1,6.396992271810e-1,14363.00,1.00,1.00,0.0,1.500010490417e-3
6,2,0,2,1,sentinel_exact,16,3.966529230439e-1,6.419967973265e-1,14363.00,1.00,1.00,1.0,0.000000000000e0
6,2,0,2,1,sentinel_taylor,16,3.464602029301e-1,6.236162361624e-1,14363.00,1.00,1.00,0.0,1.500010490417e-3
6,2,0,2,1,sentinel_exact,32,4.963785572486e-1,6.918256510235e-1,14362.00,2.00,1.00,1.0,0.000000000000e0
6,2,0,2,1,sentinel_taylor,32,4.887555507789e-1,6.902457703822e-1,14363.00,1.00,1.00,0.0,1.500010490417e-3
6,2,0,2,1,sentinel_exact,64,7.077147231117e-1,7.754107490950e-1,14364.00,0.00,1.00,0.0,2.256631851196e-4
6,2,0,2,1,sentinel_taylor,64,7.099147048622e-1,7.763698391701e-1,14363.00,1.00,1.00,0.0,2.256631851196e-4
6,2,0,2,1,sentinel_exact,128,7.263809615117e-1,7.854358117516e-1,14364.00,0.00,1.00,0.0,6.060600280762e-4
6,2,0,2,1,sentinel_taylor,128,7.214474797048e-1,7.844707520891e-1,14360.00,4.00,1.00,0.0,6.060600280762e-4
6,2,0,2,2,sentinel_exact,8,5.109827803830e-1,6.952102478418e-1,14364.00,0.00,1.00,0.0,2.099156379700e-3
6,2,0,2,2,sentinel_taylor,8,5.098607236897e-1,6.947016639978e-1,14363.00,1.00,1.00,0.0,2.099156379700e-3
6,2,0,2,2,sentinel_exact,16,7.184633206096e-1,7.832080200501e-1,14364.00,0.00,1.00,0.0,2.256631851196e-4
6,2,0,2,2,sentinel_taylor,16,7.174007959166e-1,7.827903091061e-1,14364.00,0.00,1.00,0.0,2.256631851196e-4
6,2,0,2,2,sentinel_exact,32,6.570559010459e-1,7.542296177679e-1,14363.00,1.00,1.00,0.0,2.256631851196e-4
6,2,0,2,2,sentinel_taylor,32,6.579608795267e-1,7.558309545360e-1,14363.00,1.00,1.00,0.0,2.256631851196e-4
6,2,0,2,2,sentinel_exact,64,6.727018920279e-1,7.586158880457e-1,14363.00,1.00,1.00,0.0,1.056432723999e-3
6,2,0,2,2,sentinel_taylor,64,6.718624626441e-1,7.584430053617e-1,14361.00,3.00,1.00,0.0,1.056432723999e-3
6,2,0,2,2,sentinel_exact,128,5.775027692868e-1,7.152705243367e-1,14361.00,3.00,1.00,0.0,1.056432723999e-3
6,2,0,2,2,sentinel_taylor,128,5.733796774076e-1,7.133207993872e-1,14361.00,3.00,1.00,0.0,1.056432723999e-3
6,2,0,2,3,sentinel_exact,8,2.256035788807e-1,5.784013368612e-1,14362.00,2.00,1.00,0.0,1.072049140930e-3
6,2,0,2,3,sentinel_taylor,8,2.199538717165e-1,5.763821194820e-1,14362.00,2.00,1.00,0.0,1.072049140930e-3
6,2,0,2,3,sentinel_exact,16,1.702263301107e-1,5.565689619160e-1,14363.00,1.00,1.00,0.0,1.500010490417e-3
6,2,0,2,3,sentinel_taylor,16,1.795399143140e-1,5.600501288032e-1,14363.00,1.00,1.00,0.0,1.500010490417e-3
6,2,0,2,3,sentinel_exact,32,2.883093583389e-1,6.003898635478e-1,14364.00,0.00,1.00,0.0,2.948760986328e-3
6,2,0,2,3,sentinel_taylor,32,2.831705042786e-1,5.972705751288e-1,14362.00,2.00,1.00,0.0,2.948760986328e-3
6,2,0,2,3,sentinel_exact,64,5.044042923608e-1,6.884834981200e-1,14362.00,2.00,1.00,0.0,1.056432723999e-3
6,2,0,2,3,sentinel_taylor,64,4.738298336173e-1,6.783625730994e-1,14364.00,0.00,1.00,0.0,1.056432723999e-3
6,2,0,2,3,sentinel_exact,128,5.380206984822e-1,6.956763907262e-1,14363.00,1.00,1.00,0.0,6.060600280762e-4
6,2,0,2,3,sentinel_taylor,128,5.166331116075e-1,6.864642807408e-1,14362.00,2.00,1.00,0.0,6.060600280762e-4
7,2,0,2,-1,training_exact,96,2.473809297005e-1,5.938435824222e-1,14359.00,5.00,1.00,0.0,3.186941146851e-3
7,2,0,2,0,sentinel_exact,8,-6.749107998309e-2,4.743803954330e-1,14364.00,0.00,1.00,0.0,5.014538764954e-3
7,2,0,2,0,sentinel_taylor,8,-7.066521984187e-2,4.731968810916e-1,14364.00,0.00,1.00,0.0,5.014538764954e-3
7,2,0,2,0,sentinel_exact,16,3.430244948581e-2,5.122528543581e-1,14364.00,0.00,1.00,0.0,5.014538764954e-3
7,2,0,2,0,sentinel_taylor,16,3.291872479939e-2,5.121832358674e-1,14364.00,0.00,1.00,0.0,5.014538764954e-3
7,2,0,2,0,sentinel_exact,32,2.062409280848e-1,5.708716235032e-1,14364.00,0.00,1.00,0.0,5.014538764954e-3
7,2,0,2,0,sentinel_taylor,32,2.050623805805e-1,5.701058201058e-1,14364.00,0.00,1.00,0.0,5.014538764954e-3
7,2,0,2,0,sentinel_exact,64,5.170526053534e-1,6.938178780284e-1,14364.00,0.00,1.00,1.0,0.000000000000e0
7,2,0,2,0,sentinel_taylor,64,5.186244091234e-1,6.930520746310e-1,14364.00,0.00,1.00,1.0,0.000000000000e0
7,2,0,2,0,sentinel_exact,128,6.334751662180e-1,7.354313165773e-1,14363.00,1.00,1.00,1.0,0.000000000000e0
7,2,0,2,0,sentinel_taylor,128,6.375127625170e-1,7.363364199680e-1,14363.00,1.00,1.00,1.0,0.000000000000e0
7,2,0,2,1,sentinel_exact,8,4.777929285929e-1,6.840016708438e-1,14364.00,0.00,1.00,0.0,2.716541290283e-3
7,2,0,2,1,sentinel_taylor,8,4.688994747831e-1,6.798941798942e-1,14364.00,0.00,1.00,1.0,0.000000000000e0
7,2,0,2,1,sentinel_exact,16,3.593326363818e-1,6.325976467312e-1,14363.00,1.00,1.00,0.0,2.716541290283e-3
7,2,0,2,1,sentinel_taylor,16,3.549809508864e-1,6.316485658591e-1,14364.00,0.00,1.00,0.0,2.716541290283e-3
7,2,0,2,1,sentinel_exact,32,5.463501971473e-1,7.008493455862e-1,14364.00,0.00,1.00,0.0,2.716541290283e-3
7,2,0,2,1,sentinel_taylor,32,5.383290750900e-1,6.961637540904e-1,14363.00,1.00,1.00,0.0,2.716541290283e-3
7,2,0,2,1,sentinel_exact,64,6.072613226120e-1,7.334122397828e-1,14363.00,1.00,1.00,1.0,0.000000000000e0
7,2,0,2,1,sentinel_taylor,64,5.984786356207e-1,7.307852965748e-1,14364.00,0.00,1.00,1.0,0.000000000000e0
7,2,0,2,1,sentinel_exact,128,6.095308581364e-1,7.413312909066e-1,14362.00,2.00,1.00,1.0,0.000000000000e0
7,2,0,2,1,sentinel_taylor,128,6.066332073164e-1,7.402534113060e-1,14364.00,0.00,1.00,1.0,0.000000000000e0
7,2,0,2,2,sentinel_exact,8,2.429529881676e-1,5.854915065441e-1,14364.00,0.00,1.00,1.0,0.000000000000e0
7,2,0,2,2,sentinel_taylor,8,2.405507053271e-1,5.847953216374e-1,14364.00,0.00,1.00,1.0,0.000000000000e0
7,2,0,2,2,sentinel_exact,16,5.832491150208e-1,7.188109161793e-1,14364.00,0.00,1.00,1.0,0.000000000000e0
7,2,0,2,2,sentinel_taylor,16,5.791223668166e-1,7.170008354219e-1,14364.00,0.00,1.00,1.0,0.000000000000e0
7,2,0,2,2,sentinel_exact,32,6.172242580495e-1,7.256335282651e-1,14364.00,0.00,1.00,0.0,4.074573516846e-3
7,2,0,2,2,sentinel_taylor,32,6.140162969404e-1,7.251966859291e-1,14363.00,1.00,1.00,0.0,4.074573516846e-3
7,2,0,2,2,sentinel_exact,64,7.102623397894e-1,7.694235588972e-1,14364.00,0.00,1.00,1.0,0.000000000000e0
7,2,0,2,2,sentinel_taylor,64,7.057684134420e-1,7.678061686277e-1,14363.00,1.00,1.00,1.0,0.000000000000e0
7,2,0,2,2,sentinel_exact,128,2.509610047332e-1,5.946811473127e-1,14364.00,0.00,1.00,0.0,5.260109901428e-3
7,2,0,2,2,sentinel_taylor,128,2.540337772937e-1,5.959342801448e-1,14364.00,0.00,1.00,0.0,5.260109901428e-3
7,2,0,2,3,sentinel_exact,8,4.792511521371e-1,6.783625730994e-1,14364.00,0.00,1.00,1.0,0.000000000000e0
7,2,0,2,3,sentinel_taylor,8,4.799790426165e-1,6.788499025341e-1,14364.00,0.00,1.00,1.0,0.000000000000e0
7,2,0,2,3,sentinel_exact,16,4.672189759583e-1,6.781537176274e-1,14364.00,0.00,1.00,1.0,0.000000000000e0
7,2,0,2,3,sentinel_taylor,16,4.590363145294e-1,6.748816485659e-1,14364.00,0.00,1.00,1.0,0.000000000000e0
7,2,0,2,3,sentinel_exact,32,5.361890414624e-1,7.036340852130e-1,14364.00,0.00,1.00,1.0,0.000000000000e0
7,2,0,2,3,sentinel_taylor,32,5.364955859428e-1,7.041910331384e-1,14364.00,0.00,1.00,1.0,0.000000000000e0
7,2,0,2,3,sentinel_exact,64,6.234626214195e-1,7.443609022556e-1,14364.00,0.00,1.00,0.0,2.385854721069e-3
7,2,0,2,3,sentinel_taylor,64,6.159907523714e-1,7.408103592314e-1,14364.00,0.00,1.00,0.0,2.385854721069e-3
7,2,0,2,3,sentinel_exact,128,6.670118856283e-1,7.665529485484e-1,14363.00,1.00,1.00,1.0,0.000000000000e0
7,2,0,2,3,sentinel_taylor,128,6.610405780624e-1,7.642021720969e-1,14364.00,0.00,1.00,1.0,0.000000000000e0
8,2,0,2,-1,training_exact,96,5.688059276791e-2,5.191504178273e-1,14360.00,5.00,0.00,0.0,3.420233726501e-3
8,2,0,2,0,sentinel_exact,8,3.602200768193e-2,5.119387399930e-1,14365.00,0.00,0.00,0.0,7.087588310242e-3
8,2,0,2,0,sentinel_taylor,8,4.460283254428e-2,5.146895015316e-1,14364.00,1.00,0.00,0.0,7.087588310242e-3
8,2,0,2,0,sentinel_exact,16,4.348654441534e-2,5.133310128785e-1,14365.00,0.00,0.00,0.0,1.235032081604e-2
8,2,0,2,0,sentinel_taylor,16,4.503758526145e-2,5.153498085625e-1,14365.00,0.00,0.00,0.0,1.235032081604e-2
8,2,0,2,0,sentinel_exact,32,9.395521522218e-2,5.349112426036e-1,14365.00,0.00,0.00,0.0,6.881594657898e-3
8,2,0,2,0,sentinel_taylor,32,8.744572883654e-2,5.335189697181e-1,14365.00,0.00,0.00,0.0,6.881594657898e-3
8,2,0,2,0,sentinel_exact,64,3.614719011242e-1,6.263139575357e-1,14365.00,0.00,0.00,1.0,0.000000000000e0
8,2,0,2,0,sentinel_taylor,64,3.514621918528e-1,6.217194570136e-1,14365.00,0.00,0.00,1.0,0.000000000000e0
8,2,0,2,0,sentinel_exact,128,4.829000799946e-1,6.742081447964e-1,14365.00,0.00,0.00,0.0,9.062290191650e-4
8,2,0,2,0,sentinel_taylor,128,4.770427635395e-1,6.715628263140e-1,14365.00,0.00,0.00,0.0,9.062290191650e-4
8,2,0,2,1,sentinel_exact,8,4.473849084947e-1,6.704490080056e-1,14365.00,0.00,0.00,1.0,0.000000000000e0
8,2,0,2,1,sentinel_taylor,8,4.510707677652e-1,6.719805081796e-1,14365.00,0.00,0.00,1.0,0.000000000000e0
8,2,0,2,1,sentinel_exact,16,4.182106850838e-1,6.623042116255e-1,14365.00,0.00,0.00,1.0,0.000000000000e0
8,2,0,2,1,sentinel_taylor,16,4.222964225874e-1,6.628837986493e-1,14363.00,2.00,0.00,1.0,0.000000000000e0
8,2,0,2,1,sentinel_exact,32,4.925360739126e-1,6.776192133658e-1,14365.00,0.00,0.00,0.0,9.062290191650e-4
8,2,0,2,1,sentinel_taylor,32,4.914369111083e-1,6.773407587887e-1,14365.00,0.00,0.00,0.0,9.062290191650e-4
8,2,0,2,1,sentinel_exact,64,6.709643932316e-1,7.523842673164e-1,14365.00,0.00,0.00,0.0,9.062290191650e-4
8,2,0,2,1,sentinel_taylor,64,6.703635175652e-1,7.520361990950e-1,14365.00,0.00,0.00,0.0,9.062290191650e-4
8,2,0,2,1,sentinel_exact,128,6.741079988520e-1,7.564218586843e-1,14365.00,0.00,0.00,1.0,0.000000000000e0
8,2,0,2,1,sentinel_taylor,128,6.708960008793e-1,7.551688130874e-1,14365.00,0.00,0.00,1.0,0.000000000000e0
8,2,0,2,2,sentinel_exact,8,3.954384743620e-1,6.425339366516e-1,14365.00,0.00,0.00,0.0,3.720164299011e-3
8,2,0,2,2,sentinel_taylor,8,3.935747827627e-1,6.416985729203e-1,14365.00,0.00,0.00,0.0,3.720164299011e-3
8,2,0,2,2,sentinel_exact,16,6.989686189019e-1,7.654020187957e-1,14365.00,0.00,0.00,0.0,4.361271858215e-3
8,2,0,2,2,sentinel_taylor,16,7.028108035491e-1,7.682561782109e-1,14365.00,0.00,0.00,0.0,4.361271858215e-3
8,2,0,2,2,sentinel_exact,32,5.981411935687e-1,7.216846501914e-1,14365.00,0.00,0.00,0.0,4.361271858215e-3
8,2,0,2,2,sentinel_taylor,32,5.968319685395e-1,7.214061956143e-1,14365.00,0.00,0.00,0.0,4.361271858215e-3
8,2,0,2,2,sentinel_exact,64,6.233486605480e-1,7.281587191089e-1,14365.00,0.00,0.00,0.0,4.361271858215e-3
8,2,0,2,2,sentinel_taylor,64,6.197605046379e-1,7.266272189349e-1,14365.00,0.00,0.00,0.0,4.361271858215e-3
8,2,0,2,2,sentinel_exact,128,4.403600368830e-1,6.510964148973e-1,14365.00,0.00,0.00,0.0,7.087588310242e-3
8,2,0,2,2,sentinel_taylor,128,4.311754896023e-1,6.482384069071e-1,14362.00,3.00,0.00,0.0,7.087588310242e-3
8,2,0,2,3,sentinel_exact,8,3.400699800319e-1,6.245040027845e-1,14365.00,0.00,0.00,0.0,7.750630378723e-3
8,2,0,2,3,sentinel_taylor,8,3.390636354199e-1,6.240167072746e-1,14365.00,0.00,0.00,0.0,7.750630378723e-3
8,2,0,2,3,sentinel_exact,16,3.791366686818e-1,6.364775495997e-1,14365.00,0.00,0.00,0.0,2.529740333557e-3
8,2,0,2,3,sentinel_taylor,16,3.783623695507e-1,6.361990950226e-1,14365.00,0.00,0.00,0.0,2.529740333557e-3
8,2,0,2,3,sentinel_exact,32,4.704013776174e-1,6.696136442743e-1,14365.00,0.00,0.00,0.0,7.855892181396e-5
8,2,0,2,3,sentinel_taylor,32,4.707555522988e-1,6.698920988514e-1,14365.00,0.00,0.00,0.0,7.855892181396e-5
8,2,0,2,3,sentinel_exact,64,6.042671942648e-1,7.287852419074e-1,14365.00,0.00,0.00,0.0,7.855892181396e-5
8,2,0,2,3,sentinel_taylor,64,6.003175359213e-1,7.267664462235e-1,14365.00,0.00,0.00,0.0,7.855892181396e-5
8,2,0,2,3,sentinel_exact,128,7.642564468952e-1,7.910198398886e-1,14365.00,0.00,0.00,0.0,4.361271858215e-3
8,2,0,2,3,sentinel_taylor,128,7.629696710266e-1,7.907268170426e-1,14364.00,1.00,0.00,0.0,4.361271858215e-3
9,3,0,3,-1,training_exact,96,1.039147724232e-1,5.419831370636e-1,14351.00,13.00,4.00,0.0,2.550959587097e-3
9,3,0,3,0,sentinel_exact,8,-4.732941336677e-1,3.236297792325e-1,14359.00,5.00,4.00,0.0,5.253314971924e-3
9,3,0,3,0,sentinel_taylor,8,-4.920398414059e-1,3.159654499861e-1,14356.00,8.00,4.00,0.0,5.253314971924e-3
9,3,0,3,0,sentinel_exact,16,-4.062445041524e-1,3.439415041783e-1,14360.00,4.00,4.00,0.0,4.786968231201e-3
9,3,0,3,0,sentinel_taylor,16,-4.256409223004e-1,3.345170949098e-1,14361.00,3.00,4.00,0.0,4.786968231201e-3
9,3,0,3,0,sentinel_exact,32,-4.638947239863e-1,3.288997214485e-1,14360.00,4.00,4.00,0.0,4.786968231201e-3
9,3,0,3,0,sentinel_taylor,32,-4.664023365916e-1,3.269726304060e-1,14359.00,5.00,4.00,0.0,4.786968231201e-3
9,3,0,3,0,sentinel_exact,64,1.873142480983e-1,5.585265650024e-1,14361.00,3.00,4.00,0.0,3.127336502075e-3
9,3,0,3,0,sentinel_taylor,64,2.114775491165e-1,5.679459497109e-1,14357.00,7.00,4.00,0.0,3.127336502075e-3
9,3,0,3,0,sentinel_exact,128,5.449191712012e-1,7.101762206589e-1,14357.00,7.00,4.00,0.0,1.535654067993e-3
9,3,0,3,0,sentinel_taylor,128,5.445103676381e-1,7.117581499025e-1,14356.00,8.00,4.00,0.0,1.535654067993e-3
9,3,0,3,1,sentinel_exact,8,4.588006839277e-1,6.708217270195e-1,14360.00,4.00,4.00,0.0,2.788305282593e-4
9,3,0,3,1,sentinel_taylor,8,4.598512822737e-1,6.715648722056e-1,14359.00,5.00,4.00,0.0,2.788305282593e-4
9,3,0,3,1,sentinel_exact,16,6.410698583293e-1,7.432451253482e-1,14360.00,4.00,4.00,0.0,2.788305282593e-4
9,3,0,3,1,sentinel_taylor,16,6.175276227748e-1,7.372196684775e-1,14358.00,6.00,4.00,0.0,2.788305282593e-4
9,3,0,3,1,sentinel_exact,32,6.540437225208e-1,7.544568245125e-1,14360.00,4.00,4.00,0.0,1.459121704102e-4
9,3,0,3,1,sentinel_taylor,32,6.486431032799e-1,7.531517726545e-1,14357.00,7.00,4.00,0.0,1.459121704102e-4
9,3,0,3,1,sentinel_exact,64,5.849303859306e-1,7.283426183844e-1,14360.00,4.00,4.00,0.0,1.459121704102e-4
9,3,0,3,1,sentinel_taylor,64,5.887689301417e-1,7.305013927577e-1,14360.00,4.00,4.00,0.0,1.459121704102e-4
9,3,0,3,1,sentinel_exact,128,7.384538348803e-1,8.002089136490e-1,14360.00,4.00,4.00,0.0,1.459121704102e-4
9,3,0,3,1,sentinel_taylor,128,7.466675297190e-1,8.033985653597e-1,14359.00,5.00,4.00,0.0,1.459121704102e-4
9,3,0,3,2,sentinel_exact,8,3.036972902802e-1,6.124150493940e-1,14273.00,91.00,4.00,0.0,1.868963241577e-3
9,3,0,3,2,sentinel_taylor,8,3.047637778140e-1,6.128354235269e-1,14273.00,91.00,4.00,0.0,1.868963241577e-3
9,3,0,3,2,sentinel_exact,16,4.351489985344e-1,6.635793871866e-1,14360.00,4.00,4.00,1.0,0.000000000000e0
9,3,0,3,2,sentinel_taylor,16,4.351951421623e-1,6.620708864285e-1,14361.00,3.00,4.00,1.0,0.000000000000e0
9,3,0,3,2,sentinel_exact,32,2.993357958817e-1,6.106971237551e-1,14359.00,5.00,4.00,0.0,1.459121704102e-4
9,3,0,3,2,sentinel_taylor,32,2.964538894495e-1,6.104339346660e-1,14357.00,7.00,4.00,0.0,1.459121704102e-4
9,3,0,3,2,sentinel_exact,64,4.172579279080e-1,6.573358401226e-1,14361.00,3.00,4.00,0.0,1.459121704102e-4
9,3,0,3,2,sentinel_taylor,64,4.207259657135e-1,6.585875470121e-1,14358.00,6.00,4.00,0.0,1.459121704102e-4
9,3,0,3,2,sentinel_exact,128,6.035687744202e-1,7.333519086096e-1,14356.00,8.00,4.00,0.0,1.459121704102e-4
9,3,0,3,2,sentinel_taylor,128,6.137253381323e-1,7.373076119507e-1,14359.00,5.00,4.00,0.0,1.459121704102e-4
9,3,0,3,3,sentinel_exact,8,5.948949682462e-1,7.254874651811e-1,14360.00,4.00,4.00,0.0,1.459121704102e-4
9,3,0,3,3,sentinel_taylor,8,5.939154860772e-1,7.249303621170e-1,14360.00,4.00,4.00,0.0,1.459121704102e-4
9,3,0,3,3,sentinel_exact,16,5.480040620396e-1,7.030151103684e-1,14361.00,3.00,4.00,0.0,2.248764038086e-3
9,3,0,3,3,sentinel_taylor,16,5.502006290918e-1,7.040880284142e-1,14359.00,5.00,4.00,0.0,2.248764038086e-3
9,3,0,3,3,sentinel_exact,32,7.002218489120e-1,7.711858505675e-1,14361.00,3.00,4.00,0.0,2.248764038086e-3
9,3,0,3,3,sentinel_taylor,32,7.008406819986e-1,7.718504074100e-1,14359.00,5.00,4.00,0.0,2.248764038086e-3
9,3,0,3,3,sentinel_exact,64,6.955288226673e-1,7.660863509749e-1,14360.00,4.00,4.00,0.0,2.788305282593e-4
9,3,0,3,3,sentinel_taylor,64,6.962440789913e-1,7.651974096511e-1,14361.00,3.00,4.00,0.0,2.788305282593e-4
9,3,0,3,3,sentinel_exact,128,7.186684399962e-1,7.831174258253e-1,14358.00,6.00,4.00,0.0,2.788305282593e-4
9,3,0,3,3,sentinel_taylor,128,7.074812484850e-1,7.780098878908e-1,14361.00,3.00,4.00,0.0,2.788305282593e-4
10,3,0,3,-1,training_exact,96,-1.125973404257e-1,4.585627657350e-1,14347.00,17.00,11.00,0.0,1.718044281006e-2
10,3,0,3,0,sentinel_exact,8,6.035838044751e-1,7.338315407180e-1,14318.00,46.00,11.00,0.0,9.628295898438e-3
10,3,0,3,0,sentinel_taylor,8,6.037483289746e-1,7.332215936867e-1,14319.00,45.00,11.00,0.0,9.628295898438e-3
10,3,0,3,0,sentinel_exact,16,4.207813534584e-1,6.559642632791e-1,14327.00,37.00,11.00,0.0,9.628295898438e-3
10,3,0,3,0,sentinel_taylor,16,4.323770412105e-1,6.596175321050e-1,14328.00,36.00,11.00,0.0,9.628295898438e-3
10,3,0,3,0,sentinel_exact,32,4.310322829256e-1,6.584310441094e-1,14328.00,36.00,11.00,0.0,5.473971366882e-3
10,3,0,3,0,sentinel_taylor,32,4.333058323311e-1,6.597794220299e-1,14326.00,38.00,11.00,0.0,5.473971366882e-3
10,3,0,3,0,sentinel_exact,64,8.367792016241e-1,8.386376326075e-1,14328.00,36.00,11.00,0.0,5.473971366882e-3
10,3,0,3,0,sentinel_taylor,64,8.353513430569e-1,8.385881696429e-1,14336.00,28.00,11.00,0.0,5.473971366882e-3
10,3,0,3,0,sentinel_exact,128,7.473942495754e-1,7.906149769907e-1,14342.00,22.00,11.00,0.0,7.331252098083e-3
10,3,0,3,0,sentinel_taylor,128,7.359587478542e-1,7.872681634361e-1,14342.00,22.00,11.00,0.0,7.331252098083e-3
10,3,0,3,1,sentinel_exact,8,6.194789404143e-2,5.197225530722e-1,14273.00,91.00,11.00,0.0,5.875945091248e-3
10,3,0,3,1,sentinel_taylor,8,8.002582843162e-2,5.259581027114e-1,14273.00,91.00,11.00,0.0,5.875945091248e-3
10,3,0,3,1,sentinel_exact,16,2.017803582198e-1,5.711991060828e-1,14319.00,45.00,11.00,0.0,1.132702827454e-2
10,3,0,3,1,sentinel_taylor,16,2.058603705270e-1,5.724094444055e-1,14273.00,91.00,11.00,0.0,1.132702827454e-2
10,3,0,3,1,sentinel_exact,32,6.288574300680e-1,7.466025507004e-1,14349.00,15.00,11.00,0.0,3.295302391052e-3
10,3,0,3,1,sentinel_taylor,32,6.303938679504e-1,7.467419332358e-1,14349.00,15.00,11.00,0.0,3.295302391052e-3
10,3,0,3,1,sentinel_exact,64,6.576308323508e-1,7.535019862011e-1,14349.00,15.00,11.00,0.0,3.295302391052e-3
10,3,0,3,1,sentinel_taylor,64,6.636300238280e-1,7.565684019792e-1,14349.00,15.00,11.00,0.0,3.295302391052e-3
10,3,0,3,1,sentinel_exact,128,6.595129076900e-1,7.516900132413e-1,14349.00,15.00,11.00,1.0,0.000000000000e0
10,3,0,3,1,sentinel_taylor,128,6.541593793975e-1,7.513068934272e-1,14347.00,17.00,11.00,1.0,0.000000000000e0
10,3,0,3,2,sentinel_exact,8,1.855948332550e-1,5.660524450744e-1,14110.00,254.00,11.00,0.0,2.132296562195e-3
10,3,0,3,2,sentinel_taylor,8,1.862905041888e-1,5.664375310042e-1,14111.00,253.00,11.00,0.0,2.132296562195e-3
10,3,0,3,2,sentinel_exact,16,6.431394107373e-1,7.523018973214e-1,14336.00,28.00,11.00,1.0,0.000000000000e0
10,3,0,3,2,sentinel_taylor,16,6.396145360015e-1,7.502092633929e-1,14336.00,28.00,11.00,1.0,0.000000000000e0
10,3,0,3,2,sentinel_exact,32,6.543418192879e-1,7.621372767857e-1,14336.00,28.00,11.00,1.0,0.000000000000e0
10,3,0,3,2,sentinel_taylor,32,6.521034457416e-1,7.592605510987e-1,14335.00,29.00,11.00,1.0,0.000000000000e0
10,3,0,3,2,sentinel_exact,64,7.388606452471e-1,7.979910714286e-1,14336.00,28.00,11.00,0.0,2.132296562195e-3
10,3,0,3,2,sentinel_taylor,64,7.374304206056e-1,7.961077008929e-1,14336.00,28.00,11.00,0.0,2.132296562195e-3
10,3,0,3,2,sentinel_exact,128,6.359155179237e-1,7.503658791553e-1,14349.00,15.00,11.00,0.0,5.473971366882e-3
10,3,0,3,2,sentinel_taylor,128,6.374922598205e-1,7.527353822566e-1,14349.00,15.00,11.00,0.0,5.473971366882e-3
10,3,0,3,3,sentinel_exact,8,5.638006718442e-1,7.096570586998e-1,14259.00,105.00,11.00,0.0,3.295302391052e-3
10,3,0,3,3,sentinel_taylor,8,5.704835104457e-1,7.115505996213e-1,14259.00,105.00,11.00,0.0,3.295302391052e-3
10,3,0,3,3,sentinel_exact,16,7.418009148387e-1,8.022054718035e-1,14328.00,36.00,11.00,0.0,3.295302391052e-3
10,3,0,3,3,sentinel_taylor,16,7.523725668516e-1,8.067983527605e-1,14327.00,37.00,11.00,0.0,3.295302391052e-3
10,3,0,3,3,sentinel_exact,32,6.777848011587e-1,7.591378348214e-1,14336.00,28.00,11.00,0.0,3.295302391052e-3
10,3,0,3,3,sentinel_taylor,32,6.761335084897e-1,7.586495535714e-1,14336.00,28.00,11.00,0.0,3.295302391052e-3
10,3,0,3,3,sentinel_exact,64,5.805183774722e-1,7.166562086035e-1,14343.00,21.00,11.00,0.0,3.295302391052e-3
10,3,0,3,3,sentinel_taylor,64,5.769117325976e-1,7.162378860768e-1,14343.00,21.00,11.00,0.0,3.295302391052e-3
10,3,0,3,3,sentinel_exact,128,6.699809594310e-1,7.528747647920e-1,14349.00,15.00,11.00,0.0,3.295302391052e-3
10,3,0,3,3,sentinel_taylor,128,6.721549335413e-1,7.538504425395e-1,14349.00,15.00,11.00,0.0,3.295302391052e-3
11,3,0,3,-1,training_exact,96,1.847626166034e-1,5.672400584999e-1,14359.00,4.00,2.00,0.0,1.061916351318e-2
11,3,0,3,0,sentinel_exact,8,4.051763935984e-1,6.459973524699e-1,14353.00,10.00,2.00,0.0,6.417989730835e-3
11,3,0,3,0,sentinel_taylor,8,4.053525095428e-1,6.461120401338e-1,14352.00,11.00,2.00,0.0,6.417989730835e-3
11,3,0,3,0,sentinel_exact,16,1.963296354492e-1,5.667525593704e-1,14359.00,4.00,2.00,0.0,1.477599143982e-2
11,3,0,3,0,sentinel_taylor,16,2.004904726663e-1,5.678969359331e-1,14360.00,3.00,2.00,0.0,1.477599143982e-2
11,3,0,3,0,sentinel_exact,32,1.983765295988e-1,5.664043457065e-1,14359.00,4.00,2.00,0.0,6.417989730835e-3
11,3,0,3,0,sentinel_taylor,32,2.118338743678e-1,5.704735376045e-1,14360.00,3.00,2.00,0.0,6.417989730835e-3
11,3,0,3,0,sentinel_exact,64,7.306063054202e-1,7.871466369586e-1,14362.00,1.00,2.00,0.0,4.842281341553e-4
11,3,0,3,0,sentinel_taylor,64,7.300640507767e-1,7.874947778861e-1,14362.00,1.00,2.00,0.0,4.842281341553e-4
11,3,0,3,0,sentinel_exact,128,7.156027056554e-1,7.804623311517e-1,14362.00,1.00,2.00,0.0,6.417989730835e-3
11,3,0,3,0,sentinel_taylor,128,7.015236256319e-1,7.730817434898e-1,14362.00,1.00,2.00,0.0,6.417989730835e-3
11,3,0,3,1,sentinel_exact,8,1.023067041926e-1,5.317233196063e-1,14327.00,36.00,2.00,0.0,1.016044616699e-2
11,3,0,3,1,sentinel_taylor,8,1.043891622069e-1,5.326306972848e-1,14327.00,36.00,2.00,0.0,1.016044616699e-2
11,3,0,3,1,sentinel_exact,16,2.757511417575e-1,5.987327670241e-1,14362.00,1.00,2.00,0.0,1.506233215332e-2
11,3,0,3,1,sentinel_taylor,16,2.783586049645e-1,5.994986770645e-1,14362.00,1.00,2.00,0.0,1.506233215332e-2
11,3,0,3,1,sentinel_exact,32,5.357610220280e-1,7.082579027991e-1,14362.00,1.00,2.00,1.0,0.000000000000e0
11,3,0,3,1,sentinel_taylor,32,5.361835898358e-1,7.070045954602e-1,14362.00,1.00,2.00,1.0,0.000000000000e0
11,3,0,3,1,sentinel_exact,64,6.371455422456e-1,7.517755187300e-1,14362.00,1.00,2.00,1.0,0.000000000000e0
11,3,0,3,1,sentinel_taylor,64,6.426242682159e-1,7.533769669962e-1,14362.00,1.00,2.00,1.0,0.000000000000e0
11,3,0,3,1,sentinel_exact,128,6.606395795818e-1,7.606182982871e-1,14362.00,1.00,2.00,0.0,4.842281341553e-4
11,3,0,3,1,sentinel_taylor,128,6.646299537251e-1,7.618550240234e-1,14361.00,2.00,2.00,0.0,4.842281341553e-4
11,3,0,3,2,sentinel_exact,8,2.760007653545e-1,5.997028021511e-1,14132.00,231.00,2.00,0.0,5.370378494263e-3
11,3,0,3,2,sentinel_taylor,8,2.748500495986e-1,5.991495393338e-1,14110.00,253.00,2.00,0.0,5.370378494263e-3
11,3,0,3,2,sentinel_exact,16,6.692057373962e-1,7.587383372789e-1,14362.00,1.00,2.00,0.0,5.309581756592e-3
11,3,0,3,2,sentinel_taylor,16,6.646918338772e-1,7.572065171982e-1,14362.00,1.00,2.00,0.0,8.853197097778e-3
11,3,0,3,2,sentinel_exact,32,6.758434884141e-1,7.619777158774e-1,14360.00,3.00,2.00,0.0,3.344297409058e-3
11,3,0,3,2,sentinel_taylor,32,6.673542553251e-1,7.582509399805e-1,14362.00,1.00,2.00,0.0,3.344297409058e-3
11,3,0,3,2,sentinel_exact,64,7.323051257110e-1,8.019078122824e-1,14362.00,1.00,2.00,0.0,5.309581756592e-3
11,3,0,3,2,sentinel_taylor,64,7.316041028160e-1,8.018381840969e-1,14362.00,1.00,2.00,0.0,5.309581756592e-3
11,3,0,3,2,sentinel_exact,128,7.400127136732e-1,8.025344659518e-1,14362.00,1.00,2.00,0.0,3.533840179443e-3
11,3,0,3,2,sentinel_taylor,128,7.353603548596e-1,8.011557474065e-1,14363.00,0.00,2.00,0.0,3.533840179443e-3
11,3,0,3,3,sentinel_exact,8,5.654917791179e-1,7.111049068193e-1,14327.00,36.00,2.00,1.0,0.000000000000e0
11,3,0,3,3,sentinel_taylor,8,5.660157524247e-1,7.113840999511e-1,14327.00,36.00,2.00,0.0,1.016044616699e-2
11,3,0,3,3,sentinel_exact,16,6.648921228825e-1,7.583565459610e-1,14360.00,3.00,2.00,0.0,3.344297409058e-3
11,3,0,3,3,sentinel_taylor,16,6.658251933928e-1,7.582869080780e-1,14360.00,3.00,2.00,0.0,3.344297409058e-3
11,3,0,3,3,sentinel_exact,32,6.840750266858e-1,7.691504178273e-1,14360.00,3.00,2.00,0.0,3.344297409058e-3
11,3,0,3,3,sentinel_taylor,32,6.828134274225e-1,7.681058495822e-1,14360.00,3.00,2.00,0.0,3.344297409058e-3
11,3,0,3,3,sentinel_exact,64,6.841751409222e-1,7.709928979251e-1,14362.00,1.00,2.00,0.0,3.344297409058e-3
11,3,0,3,3,sentinel_taylor,64,6.813181176453e-1,7.681542853164e-1,14363.00,0.00,2.00,0.0,3.344297409058e-3
11,3,0,3,3,sentinel_exact,128,6.978475299631e-1,7.786519983289e-1,14362.00,1.00,2.00,0.0,3.344297409058e-3
11,3,0,3,3,sentinel_taylor,128,6.995227185021e-1,7.787370326533e-1,14363.00,0.00,2.00,0.0,3.344297409058e-3
12,4,0,4,-1,training_exact,96,2.657077046712e-1,6.008078557003e-1,14359.00,4.00,2.00,1.0,0.000000000000e0
12,4,0,4,0,sentinel_exact,8,1.177058964697e-1,5.373903356079e-1,14362.00,1.00,2.00,0.0,1.399755477905e-3
12,4,0,4,0,sentinel_taylor,8,1.169571716798e-1,5.374921673745e-1,14363.00,0.00,2.00,0.0,1.399755477905e-3
12,4,0,4,0,sentinel_exact,16,3.252793098229e-2,5.052565619996e-1,14363.00,0.00,2.00,0.0,2.133607864380e-3
12,4,0,4,0,sentinel_taylor,16,3.295784641859e-2,5.058487675811e-1,14362.00,1.00,2.00,0.0,2.133607864380e-3
12,4,0,4,0,sentinel_exact,32,-7.836923022436e-2,4.690154574572e-1,14362.00,1.00,2.00,0.0,2.133607864380e-3
12,4,0,4,0,sentinel_taylor,32,-7.492893585451e-2,4.704038997214e-1,14360.00,3.00,2.00,0.0,2.133607864380e-3
12,4,0,4,0,sentinel_exact,64,1.488367775887e-1,5.528166562217e-1,14361.00,2.00,2.00,0.0,2.133607864380e-3
12,4,0,4,0,sentinel_taylor,64,1.316293418563e-1,5.461318849662e-1,14361.00,2.00,2.00,0.0,2.133607864380e-3
12,4,0,4,0,sentinel_exact,128,6.216399905473e-1,7.297730121153e-1,14362.00,1.00,2.00,0.0,2.133607864380e-3
12,4,0,4,0,sentinel_taylor,128,5.888156247596e-1,7.163150198454e-1,14361.00,2.00,2.00,0.0,2.133607864380e-3
12,4,0,4,1,sentinel_exact,8,5.364571597460e-1,6.984403286450e-1,14362.00,1.00,2.00,0.0,6.697177886963e-4
12,4,0,4,1,sentinel_taylor,8,5.248899614564e-1,6.956067673884e-1,14363.00,0.00,2.00,0.0,6.697177886963e-4
12,4,0,4,1,sentinel_exact,16,4.955034999241e-1,6.790836930790e-1,14362.00,1.00,2.00,0.0,1.755893230438e-3
12,4,0,4,1,sentinel_taylor,16,4.763777411936e-1,6.716563392049e-1,14363.00,0.00,2.00,0.0,1.755893230438e-3
12,4,0,4,1,sentinel_exact,32,5.950935755081e-1,7.203230522871e-1,14363.00,0.00,2.00,0.0,9.395480155945e-4
12,4,0,4,1,sentinel_taylor,32,5.812900050439e-1,7.140171297263e-1,14361.00,2.00,2.00,0.0,9.395480155945e-4
12,4,0,4,1,sentinel_exact,64,4.956207441713e-1,6.804066286033e-1,14362.00,1.00,2.00,0.0,9.601116180420e-4
12,4,0,4,1,sentinel_taylor,64,4.932883733938e-1,6.771812547873e-1,14361.00,2.00,2.00,0.0,9.601116180420e-4
12,4,0,4,1,sentinel_exact,128,6.895109754662e-1,7.590864782064e-1,14362.00,1.00,2.00,0.0,9.601116180420e-4
12,4,0,4,1,sentinel_taylor,128,6.832905370955e-1,7.557103064067e-1,14360.00,3.00,2.00,0.0,9.601116180420e-4
12,4,0,4,2,sentinel_exact,8,2.745848057563e-1,6.024230608550e-1,14362.00,1.00,2.00,0.0,1.946628093719e-3
12,4,0,4,2,sentinel_taylor,8,2.556929174008e-1,5.953342618384e-1,14360.00,3.00,2.00,0.0,1.946628093719e-3
12,4,0,4,2,sentinel_exact,16,-6.074347462889e-2,4.799832903989e-1,14363.00,0.00,2.00,0.0,2.264738082886e-3
12,4,0,4,2,sentinel_taylor,16,-7.510226812662e-2,4.757693914497e-1,14362.00,1.00,2.00,0.0,2.264738082886e-3
12,4,0,4,2,sentinel_exact,32,-1.003622969370e-1,4.646985099568e-1,14362.00,1.00,2.00,0.0,2.264738082886e-3
12,4,0,4,2,sentinel_taylor,32,-1.140127723030e-1,4.592994916789e-1,14361.00,2.00,2.00,0.0,2.264738082886e-3
12,4,0,4,2,sentinel_exact,64,2.489406773196e-1,5.901936202814e-1,14358.00,5.00,2.00,0.0,9.395480155945e-4
12,4,0,4,2,sentinel_taylor,64,2.368356774028e-1,5.853930237416e-1,14363.00,0.00,2.00,0.0,9.395480155945e-4
12,4,0,4,2,sentinel_exact,128,6.405692211680e-1,7.410347468839e-1,14361.00,2.00,2.00,0.0,9.395480155945e-4
12,4,0,4,2,sentinel_taylor,128,6.395449948955e-1,7.409315602590e-1,14363.00,0.00,2.00,0.0,9.395480155945e-4
12,4,0,4,3,sentinel_exact,8,1.082066698543e-3,4.993037181451e-1,14362.00,1.00,2.00,0.0,2.133607864380e-3
12,4,0,4,3,sentinel_taylor,8,-1.644472697052e-3,4.981200389918e-1,14362.00,1.00,2.00,0.0,2.133607864380e-3
12,4,0,4,3,sentinel_exact,16,5.325209284036e-1,7.018521097340e-1,14362.00,1.00,2.00,0.0,9.574294090271e-4
12,4,0,4,3,sentinel_taylor,16,5.315231310077e-1,7.020609942905e-1,14362.00,1.00,2.00,0.0,9.574294090271e-4
12,4,0,4,3,sentinel_exact,32,5.648306124916e-1,7.147134600655e-1,14361.00,2.00,2.00,0.0,9.601116180420e-4
12,4,0,4,3,sentinel_taylor,32,5.570778319083e-1,7.105354780308e-1,14361.00,2.00,2.00,0.0,9.601116180420e-4
12,4,0,4,3,sentinel_exact,64,4.145888393318e-1,6.536238947295e-1,14363.00,0.00,2.00,0.0,2.133607864380e-3
12,4,0,4,3,sentinel_taylor,64,4.228767952263e-1,6.579167246902e-1,14362.00,1.00,2.00,0.0,2.133607864380e-3
12,4,0,4,3,sentinel_exact,128,7.207138220588e-1,7.713410388525e-1,14362.00,1.00,2.00,0.0,9.601116180420e-4
12,4,0,4,3,sentinel_taylor,128,7.031455712131e-1,7.614736402256e-1,14359.00,4.00,2.00,0.0,9.601116180420e-4
13,4,0,4,-1,training_exact,96,-2.411581296119e-1,4.127846250261e-1,14361.00,4.00,0.00,0.0,5.619406700134e-3
13,4,0,4,0,sentinel_exact,8,3.410242255780e-1,6.189514725336e-1,14363.00,2.00,0.00,0.0,3.102898597717e-3
13,4,0,4,0,sentinel_taylor,8,3.570705827826e-1,6.244082428293e-1,14364.00,1.00,0.00,0.0,3.102898597717e-3
13,4,0,4,0,sentinel_exact,16,3.756183557859e-1,6.344333054859e-1,14364.00,1.00,0.00,0.0,1.139044761658e-3
13,4,0,4,0,sentinel_taylor,16,3.794786304431e-1,6.352245040028e-1,14365.00,0.00,0.00,0.0,1.139044761658e-3
13,4,0,4,0,sentinel_exact,32,2.072227209165e-1,5.721545422903e-1,14365.00,0.00,0.00,0.0,3.162264823914e-3
13,4,0,4,0,sentinel_taylor,32,2.137761738143e-1,5.734075878872e-1,14365.00,0.00,0.00,0.0,3.162264823914e-3
13,4,0,4,0,sentinel_exact,64,3.811070781289e-1,6.364269303070e-1,14363.00,2.00,0.00,0.0,7.699728012085e-4
13,4,0,4,0,sentinel_taylor,64,3.941932379425e-1,6.426234073661e-1,14363.00,2.00,0.00,0.0,7.699728012085e-4
13,4,0,4,0,sentinel_exact,128,6.358546906773e-1,7.394361294814e-1,14365.00,0.00,0.00,0.0,1.062035560608e-3
13,4,0,4,0,sentinel_taylor,128,6.467990832978e-1,7.451963241437e-1,14364.00,1.00,0.00,0.0,1.062035560608e-3
13,4,0,4,1,sentinel_exact,8,1.957450186552e-1,5.704838148277e-1,14365.00,0.00,0.00,0.0,1.864075660706e-3
13,4,0,4,1,sentinel_taylor,8,1.895139868467e-1,5.681865645667e-1,14365.00,0.00,0.00,0.0,4.884004592896e-3
13,4,0,4,1,sentinel_exact,16,2.751900635682e-1,5.965193177863e-1,14365.00,0.00,0.00,0.0,1.864075660706e-3
13,4,0,4,1,sentinel_taylor,16,2.778231691306e-1,5.978419770275e-1,14365.00,0.00,0.00,0.0,3.102898597717e-3
13,4,0,4,1,sentinel_exact,32,3.096695794481e-1,6.103028193526e-1,14365.00,0.00,0.00,0.0,1.062035560608e-3
13,4,0,4,1,sentinel_taylor,32,3.123784051148e-1,6.109293421511e-1,14365.00,0.00,0.00,0.0,1.062035560608e-3
13,4,0,4,1,sentinel_exact,64,4.216474007853e-1,6.531152105813e-1,14365.00,0.00,0.00,0.0,1.463890075684e-4
13,4,0,4,1,sentinel_taylor,64,4.060239080418e-1,6.475666643459e-1,14363.00,2.00,0.00,0.0,1.062035560608e-3
13,4,0,4,1,sentinel_exact,128,4.066856007754e-1,6.542049568365e-1,14364.00,1.00,0.00,1.0,0.000000000000e0
13,4,0,4,1,sentinel_taylor,128,4.167671179341e-1,6.580577793247e-1,14365.00,0.00,0.00,1.0,0.000000000000e0
13,4,0,4,2,sentinel_exact,8,1.703538215571e-1,5.588938924852e-1,14212.00,153.00,0.00,0.0,2.380251884460e-3
13,4,0,4,2,sentinel_taylor,8,1.671936899788e-1,5.581198986772e-1,14212.00,153.00,0.00,0.0,2.380251884460e-3
13,4,0,4,2,sentinel_exact,16,9.479057895347e-2,5.294117647059e-1,14365.00,0.00,0.00,0.0,2.466201782227e-3
13,4,0,4,2,sentinel_taylor,16,9.704508399436e-2,5.290636964845e-1,14365.00,0.00,0.00,0.0,2.466201782227e-3
13,4,0,4,2,sentinel_exact,32,1.750612172617e-1,5.592760180995e-1,14365.00,0.00,0.00,0.0,2.466201782227e-3
13,4,0,4,2,sentinel_taylor,32,1.760064972735e-1,5.595544726766e-1,14365.00,0.00,0.00,0.0,2.466201782227e-3
13,4,0,4,2,sentinel_exact,64,3.651773010668e-1,6.347372084929e-1,14365.00,0.00,0.00,0.0,1.062035560608e-3
13,4,0,4,2,sentinel_taylor,64,3.711030098741e-1,6.380090497738e-1,14365.00,0.00,0.00,0.0,1.062035560608e-3
13,4,0,4,2,sentinel_exact,128,3.476776202379e-1,6.260094681147e-1,14364.00,1.00,0.00,0.0,5.098938941956e-3
13,4,0,4,2,sentinel_taylor,128,3.496180409255e-1,6.277758440654e-1,14365.00,0.00,0.00,0.0,5.098938941956e-3
13,4,0,4,3,sentinel_exact,8,1.340724606089e-1,5.497841526250e-1,14362.00,3.00,0.00,0.0,5.098938941956e-3
13,4,0,4,3,sentinel_taylor,8,1.364393288502e-1,5.503411781089e-1,14362.00,3.00,0.00,0.0,5.098938941956e-3
13,4,0,4,3,sentinel_exact,16,3.110081154854e-1,6.218586843021e-1,14365.00,0.00,0.00,0.0,2.466201782227e-3
13,4,0,4,3,sentinel_taylor,16,3.114673212792e-1,6.224852071006e-1,14365.00,0.00,0.00,0.0,2.466201782227e-3
13,4,0,4,3,sentinel_exact,32,4.468670806847e-1,6.668290985033e-1,14365.00,0.00,0.00,0.0,2.466201782227e-3
13,4,0,4,3,sentinel_taylor,32,4.445850288961e-1,6.651813687948e-1,14363.00,2.00,0.00,0.0,2.466201782227e-3
13,4,0,4,3,sentinel_exact,64,5.083908867191e-1,6.932822833275e-1,14365.00,0.00,0.00,0.0,3.230690956116e-3
13,4,0,4,3,sentinel_taylor,64,5.122297202813e-1,6.959760512392e-1,14364.00,1.00,0.00,0.0,3.230690956116e-3
13,4,0,4,3,sentinel_exact,128,5.529805954902e-1,7.096212754107e-1,14364.00,1.00,0.00,1.0,0.000000000000e0
13,4,0,4,3,sentinel_taylor,128,5.623622229957e-1,7.136790810999e-1,14365.00,0.00,0.00,1.0,0.000000000000e0
14,4,0,4,-1,training_exact,96,-7.974826621630e-2,4.726981473743e-1,14358.00,6.00,1.00,0.0,1.554834842682e-2
14,4,0,4,0,sentinel_exact,8,2.269309871471e-1,5.756457564576e-1,14363.00,1.00,1.00,0.0,8.610010147095e-3
14,4,0,4,0,sentinel_taylor,8,2.244456548820e-1,5.750191464179e-1,14363.00,1.00,1.00,0.0,8.610010147095e-3
14,4,0,4,0,sentinel_exact,16,3.316801090371e-1,6.174893824410e-1,14363.00,1.00,1.00,0.0,8.610010147095e-3
14,4,0,4,0,sentinel_taylor,16,3.306981890660e-1,6.169323957391e-1,14363.00,1.00,1.00,0.0,8.610010147095e-3
14,4,0,4,0,sentinel_exact,32,3.083263465211e-1,6.093706488443e-1,14364.00,0.00,1.00,0.0,8.610010147095e-3
14,4,0,4,0,sentinel_taylor,32,3.080234659190e-1,6.097883597884e-1,14364.00,0.00,1.00,0.0,8.610010147095e-3
14,4,0,4,0,sentinel_exact,64,2.787150526866e-1,5.999443013298e-1,14363.00,1.00,1.00,0.0,8.610010147095e-3
14,4,0,4,0,sentinel_taylor,64,2.795184931202e-1,6.004594820384e-1,14364.00,0.00,1.00,0.0,8.610010147095e-3
14,4,0,4,0,sentinel_exact,128,5.570795941397e-1,7.049362946460e-1,14363.00,1.00,1.00,0.0,8.610010147095e-3
14,4,0,4,0,sentinel_taylor,128,5.659974792502e-1,7.086263315463e-1,14363.00,1.00,1.00,0.0,8.610010147095e-3
14,4,0,4,1,sentinel_exact,8,1.437730251849e-1,5.534670008354e-1,14364.00,0.00,1.00,1.0,0.000000000000e0
14,4,0,4,1,sentinel_taylor,8,1.613694111354e-1,5.598719019772e-1,14364.00,0.00,1.00,1.0,0.000000000000e0
14,4,0,4,1,sentinel_exact,16,1.032615233551e-1,5.383597883598e-1,14364.00,0.00,1.00,0.0,2.196645736694e-2
14,4,0,4,1,sentinel_taylor,16,1.127802790532e-1,5.419799498747e-1,14364.00,0.00,1.00,0.0,2.196645736694e-2
14,4,0,4,1,sentinel_exact,32,1.898658348849e-1,5.838206627680e-1,14364.00,0.00,1.00,0.0,2.372479438782e-2
14,4,0,4,1,sentinel_taylor,32,1.846253804329e-1,5.791269233447e-1,14363.00,1.00,1.00,0.0,2.372479438782e-2
14,4,0,4,1,sentinel_exact,64,4.049672418753e-1,6.498189919243e-1,14364.00,0.00,1.00,0.0,1.160538196564e-2
14,4,0,4,1,sentinel_taylor,64,4.051760829356e-1,6.491924255082e-1,14364.00,0.00,1.00,0.0,1.160538196564e-2
14,4,0,4,1,sentinel_exact,128,3.121550992942e-1,6.160540239488e-1,14364.00,0.00,1.00,0.0,1.160538196564e-2
14,4,0,4,1,sentinel_taylor,128,3.130808391992e-1,6.160540239488e-1,14364.00,0.00,1.00,0.0,6.843090057373e-3
14,4,0,4,2,sentinel_exact,8,9.547211819185e-2,5.359231411863e-1,14364.00,0.00,1.00,0.0,1.649820804596e-2
14,4,0,4,2,sentinel_taylor,8,9.688637519703e-2,5.368978000557e-1,14364.00,0.00,1.00,0.0,1.649820804596e-2
14,4,0,4,2,sentinel_exact,16,1.340429858410e-1,5.469228627123e-1,14364.00,0.00,1.00,0.0,1.231575012207e-2
14,4,0,4,2,sentinel_taylor,16,1.456391605078e-1,5.512392091339e-1,14364.00,0.00,1.00,0.0,1.231575012207e-2
14,4,0,4,2,sentinel_exact,32,4.556768164298e-2,5.114530390587e-1,14363.00,1.00,1.00,0.0,2.217125892639e-2
14,4,0,4,2,sentinel_taylor,32,5.286487800202e-2,5.153856864383e-1,14364.00,0.00,1.00,0.0,2.217125892639e-2
14,4,0,4,2,sentinel_exact,64,1.661922962075e-1,5.630743525480e-1,14364.00,0.00,1.00,1.0,0.000000000000e0
14,4,0,4,2,sentinel_taylor,64,1.735798960558e-1,5.664856585909e-1,14364.00,0.00,1.00,1.0,0.000000000000e0
14,4,0,4,2,sentinel_exact,128,2.523972450079e-1,5.980924533556e-1,14364.00,0.00,1.00,1.0,0.000000000000e0
14,4,0,4,2,sentinel_taylor,128,2.553820844903e-1,5.996240601504e-1,14364.00,0.00,1.00,1.0,0.000000000000e0
14,4,0,4,3,sentinel_exact,8,1.985663244401e-1,5.731690336953e-1,14364.00,0.00,1.00,0.0,8.352398872375e-3
14,4,0,4,3,sentinel_taylor,8,1.996471685244e-1,5.738652186021e-1,14364.00,0.00,1.00,0.0,8.352398872375e-3
14,4,0,4,3,sentinel_exact,16,4.530287754892e-1,6.620022277917e-1,14364.00,0.00,1.00,0.0,6.306886672974e-3
14,4,0,4,3,sentinel_taylor,16,4.543221245121e-1,6.631857421331e-1,14364.00,0.00,1.00,0.0,6.306886672974e-3
14,4,0,4,3,sentinel_exact,32,4.882157390535e-1,6.823087098796e-1,14363.00,1.00,1.00,0.0,1.479387283325e-2
14,4,0,4,3,sentinel_taylor,32,4.771325005740e-1,6.792452830189e-1,14363.00,1.00,1.00,0.0,1.479387283325e-2
14,4,0,4,3,sentinel_exact,64,6.069987445103e-1,7.274246327369e-1,14363.00,1.00,1.00,0.0,7.038831710815e-3
14,4,0,4,3,sentinel_taylor,64,5.983088759284e-1,7.227095516569e-1,14364.00,0.00,1.00,0.0,7.038831710815e-3
14,4,0,4,3,sentinel_exact,128,5.544028573401e-1,7.074919927587e-1,14362.00,2.00,1.00,0.0,6.843090057373e-3
14,4,0,4,3,sentinel_taylor,128,5.561746156589e-1,7.085567082086e-1,14363.00,1.00,1.00,0.0,6.843090057373e-3
15,5,1,0,-1,training_exact,96,2.367802208483e-1,5.865719459535e-1,14358.00,6.00,1.00,0.0,5.912423133850e-3
15,5,1,0,0,sentinel_exact,8,3.758557456094e-1,6.329202060994e-1,14362.00,2.00,1.00,0.0,4.470229148865e-3
15,5,1,0,0,sentinel_taylor,8,3.839526919751e-1,6.371927870222e-1,14363.00,1.00,1.00,0.0,4.470229148865e-3
15,5,1,0,0,sentinel_exact,16,4.019145008541e-1,6.479598941652e-1,14362.00,2.00,1.00,1.0,0.000000000000e0
15,5,1,0,0,sentinel_taylor,16,4.036704754740e-1,6.479844043723e-1,14363.00,1.00,1.00,1.0,0.000000000000e0
15,5,1,0,0,sentinel_exact,32,4.659454521473e-1,6.758337394695e-1,14363.00,1.00,1.00,1.0,0.000000000000e0
15,5,1,0,0,sentinel_taylor,32,4.668192471208e-1,6.762760253464e-1,14361.00,3.00,1.00,1.0,0.000000000000e0
15,5,1,0,0,sentinel_exact,64,4.843735306298e-1,6.895759348235e-1,14361.00,3.00,1.00,0.0,4.470229148865e-3
15,5,1,0,0,sentinel_taylor,64,4.837781691345e-1,6.894102903293e-1,14363.00,1.00,1.00,0.0,4.470229148865e-3
15,5,1,0,0,sentinel_exact,128,8.015805990083e-1,8.300375992202e-1,14362.00,2.00,1.00,1.0,0.000000000000e0
15,5,1,0,0,sentinel_taylor,128,8.030109751475e-1,8.291562238931e-1,14364.00,0.00,1.00,1.0,0.000000000000e0
15,5,1,0,1,sentinel_exact,8,-2.229592045476e-1,4.204260651629e-1,14364.00,0.00,1.00,0.0,1.107585430145e-2
15,5,1,0,1,sentinel_taylor,8,-2.218282874606e-1,4.209830130883e-1,14364.00,0.00,1.00,0.0,1.107585430145e-2
15,5,1,0,1,sentinel_exact,16,1.243924824454e-1,5.453279487537e-1,14362.00,2.00,1.00,0.0,1.107585430145e-2
15,5,1,0,1,sentinel_taylor,16,1.185499555756e-1,5.418901037677e-1,14359.00,5.00,1.00,0.0,1.107585430145e-2
15,5,1,0,1,sentinel_exact,32,5.247751598673e-1,7.037526979043e-1,14363.00,1.00,1.00,0.0,4.470229148865e-3
15,5,1,0,1,sentinel_taylor,32,5.259463803303e-1,7.043096846063e-1,14363.00,1.00,1.00,0.0,4.470229148865e-3
15,5,1,0,1,sentinel_exact,64,6.444020791300e-1,7.615400682309e-1,14363.00,1.00,1.00,1.0,0.000000000000e0
15,5,1,0,1,sentinel_taylor,64,6.441472221358e-1,7.617323492550e-1,14362.00,2.00,1.00,1.0,0.000000000000e0
15,5,1,0,1,sentinel_exact,128,7.065459459494e-1,7.824422166527e-1,14364.00,0.00,1.00,1.0,0.000000000000e0
15,5,1,0,1,sentinel_taylor,128,7.004863190703e-1,7.806168627724e-1,14363.00,1.00,1.00,1.0,0.000000000000e0
15,5,1,0,2,sentinel_exact,8,3.102288465353e-1,6.107242339833e-1,14360.00,4.00,1.00,0.0,4.470229148865e-3
15,5,1,0,2,sentinel_taylor,8,3.022575151342e-1,6.077598216773e-1,14356.00,8.00,1.00,0.0,4.470229148865e-3
15,5,1,0,2,sentinel_exact,16,3.220878732348e-1,6.161932609301e-1,14364.00,0.00,1.00,0.0,4.729270935059e-3
15,5,1,0,2,sentinel_taylor,16,3.274928935860e-1,6.199164345404e-1,14360.00,4.00,1.00,0.0,4.729270935059e-3
15,5,1,0,2,sentinel_exact,32,4.769612282298e-1,6.782233361181e-1,14364.00,0.00,1.00,1.0,0.000000000000e0
15,5,1,0,2,sentinel_taylor,32,4.832859674431e-1,6.811503377202e-1,14361.00,3.00,1.00,1.0,0.000000000000e0
15,5,1,0,2,sentinel_exact,64,5.625815213409e-1,7.078604748312e-1,14363.00,1.00,1.00,0.0,7.453441619873e-3
15,5,1,0,2,sentinel_taylor,64,5.508949638741e-1,7.022906078117e-1,14363.00,1.00,1.00,0.0,7.453441619873e-3
15,5,1,0,2,sentinel_exact,128,7.965263970376e-1,8.103460279886e-1,14363.00,1.00,1.00,1.0,0.000000000000e0
15,5,1,0,2,sentinel_taylor,128,7.850928642757e-1,8.042479108635e-1,14360.00,4.00,1.00,1.0,0.000000000000e0
15,5,1,0,3,sentinel_exact,8,-3.396859302530e-1,3.752873162917e-1,14357.00,7.00,1.00,0.0,1.036775112152e-2
15,5,1,0,3,sentinel_taylor,8,-3.361030844036e-1,3.767338119467e-1,14347.00,17.00,1.00,0.0,1.036775112152e-2
15,5,1,0,3,sentinel_exact,16,2.632951617818e-1,5.907255256928e-1,14362.00,2.00,1.00,0.0,1.036775112152e-2
15,5,1,0,3,sentinel_taylor,16,2.650405531003e-1,5.909755588051e-1,14361.00,3.00,1.00,0.0,1.036775112152e-2
15,5,1,0,3,sentinel_exact,32,5.551682698179e-1,7.091136949105e-1,14363.00,1.00,1.00,1.0,0.000000000000e0
15,5,1,0,3,sentinel_taylor,32,5.614200712258e-1,7.121771217712e-1,14363.00,1.00,1.00,1.0,0.000000000000e0
15,5,1,0,3,sentinel_exact,64,5.970256618189e-1,7.258929193066e-1,14363.00,1.00,1.00,1.0,0.000000000000e0
15,5,1,0,3,sentinel_taylor,64,6.024754412995e-1,7.286589611475e-1,14362.00,2.00,1.00,1.0,0.000000000000e0
15,5,1,0,3,sentinel_exact,128,7.242669037604e-1,7.814675577833e-1,14364.00,0.00,1.00,1.0,0.000000000000e0
15,5,1,0,3,sentinel_taylor,128,7.270409035618e-1,7.822181995405e-1,14363.00,1.00,1.00,1.0,0.000000000000e0
16,5,1,0,-1,training_exact,96,1.942676112157e-1,5.660075198440e-1,14362.00,2.00,1.00,0.0,6.880283355713e-3
16,5,1,0,0,sentinel_exact,8,2.564556008181e-1,5.879281537176e-1,14364.00,0.00,1.00,0.0,1.566171646118e-3
16,5,1,0,0,sentinel_taylor,8,2.604834243095e-1,5.895293790031e-1,14364.00,0.00,1.00,0.0,1.566171646118e-3
16,5,1,0,0,sentinel_exact,16,4.479350369563e-1,6.683840423310e-1,14363.00,1.00,1.00,0.0,1.566171646118e-3
16,5,1,0,0,sentinel_taylor,16,4.514105625947e-1,6.687552213868e-1,14364.00,0.00,1.00,0.0,1.566171646118e-3
16,5,1,0,0,sentinel_exact,32,6.789292675659e-1,7.694075053958e-1,14363.00,1.00,1.00,0.0,1.566171646118e-3
16,5,1,0,0,sentinel_taylor,32,6.848081562816e-1,7.717209690894e-1,14364.00,0.00,1.00,0.0,1.566171646118e-3
16,5,1,0,0,sentinel_exact,64,6.164454497047e-1,7.337603564715e-1,14363.00,1.00,1.00,0.0,1.566171646118e-3
16,5,1,0,0,sentinel_taylor,64,6.129033242979e-1,7.319688109162e-1,14364.00,0.00,1.00,0.0,1.566171646118e-3
16,5,1,0,0,sentinel_exact,128,7.831063458983e-1,8.186438318017e-1,14364.00,0.00,1.00,1.0,0.000000000000e0
16,5,1,0,0,sentinel_taylor,128,7.916688293727e-1,8.218462823726e-1,14364.00,0.00,1.00,1.0,0.000000000000e0
16,5,1,0,1,sentinel_exact,8,2.775851866960e-1,6.048454469507e-1,14364.00,0.00,1.00,0.0,1.128745079041e-2
16,5,1,0,1,sentinel_taylor,8,2.873640777500e-1,6.084656084656e-1,14364.00,0.00,1.00,0.0,1.128745079041e-2
16,5,1,0,1,sentinel_exact,16,2.826572154892e-1,6.005987190198e-1,14364.00,0.00,1.00,0.0,1.128745079041e-2
16,5,1,0,1,sentinel_taylor,16,2.892511516798e-1,6.012671447469e-1,14363.00,1.00,1.00,0.0,7.176160812378e-3
16,5,1,0,1,sentinel_exact,32,5.934151558768e-1,7.238234475077e-1,14364.00,0.00,1.00,0.0,1.004767417908e-2
16,5,1,0,1,sentinel_taylor,32,5.944201474596e-1,7.242531857113e-1,14361.00,3.00,1.00,0.0,1.004767417908e-2
16,5,1,0,1,sentinel_exact,64,6.238583202707e-1,7.432470064049e-1,14364.00,0.00,1.00,1.0,0.000000000000e0
16,5,1,0,1,sentinel_taylor,64,6.235456693266e-1,7.426900584795e-1,14364.00,0.00,1.00,1.0,0.000000000000e0
16,5,1,0,1,sentinel_exact,128,7.340889883293e-1,7.840284063218e-1,14363.00,1.00,1.00,1.0,0.000000000000e0
16,5,1,0,1,sentinel_taylor,128,7.324727697516e-1,7.830687830688e-1,14364.00,0.00,1.00,1.0,0.000000000000e0
16,5,1,0,2,sentinel_exact,8,8.311166802255e-2,5.287604456825e-1,14360.00,4.00,1.00,0.0,5.098581314087e-3
16,5,1,0,2,sentinel_taylor,8,8.036736575683e-2,5.276791309797e-1,14361.00,3.00,1.00,0.0,5.098581314087e-3
16,5,1,0,2,sentinel_exact,16,3.299053681313e-1,6.231551099972e-1,14364.00,0.00,1.00,1.0,0.000000000000e0
16,5,1,0,2,sentinel_taylor,16,3.309229070693e-1,6.236162361624e-1,14363.00,1.00,1.00,1.0,0.000000000000e0
16,5,1,0,2,sentinel_exact,32,4.264619942857e-1,6.559454191033e-1,14364.00,0.00,1.00,1.0,0.000000000000e0
16,5,1,0,2,sentinel_taylor,32,4.232661296232e-1,6.543201281069e-1,14363.00,1.00,1.00,1.0,0.000000000000e0
16,5,1,0,2,sentinel_exact,64,6.575611150160e-1,7.551517683097e-1,14364.00,0.00,1.00,1.0,0.000000000000e0
16,5,1,0,2,sentinel_taylor,64,6.565877446938e-1,7.543859649123e-1,14364.00,0.00,1.00,1.0,0.000000000000e0
16,5,1,0,2,sentinel_exact,128,7.674083174972e-1,8.010861240688e-1,14363.00,1.00,1.00,1.0,0.000000000000e0
16,5,1,0,2,sentinel_taylor,128,7.635519388963e-1,7.989834284919e-1,14362.00,2.00,1.00,1.0,0.000000000000e0
16,5,1,0,3,sentinel_exact,8,2.715756421485e-1,6.099038863351e-1,14358.00,6.00,1.00,0.0,7.898092269897e-3
16,5,1,0,3,sentinel_taylor,8,2.720556131304e-1,6.097645911687e-1,14358.00,6.00,1.00,0.0,7.898092269897e-3
16,5,1,0,3,sentinel_exact,16,5.649981161560e-1,7.084377610693e-1,14364.00,0.00,1.00,0.0,1.004767417908e-2
16,5,1,0,3,sentinel_taylor,16,5.621659382674e-1,7.072542467279e-1,14364.00,0.00,1.00,0.0,1.004767417908e-2
16,5,1,0,3,sentinel_exact,32,6.745993701795e-1,7.612781954887e-1,14364.00,0.00,1.00,0.0,5.098581314087e-3
16,5,1,0,3,sentinel_taylor,32,6.706305782580e-1,7.595209914363e-1,14363.00,1.00,1.00,0.0,5.098581314087e-3
16,5,1,0,3,sentinel_exact,64,6.880722908489e-1,7.656315276424e-1,14362.00,2.00,1.00,1.0,0.000000000000e0
16,5,1,0,3,sentinel_taylor,64,6.861637912348e-1,7.652464494570e-1,14364.00,0.00,1.00,1.0,0.000000000000e0
16,5,1,0,3,sentinel_exact,128,7.850987537921e-1,8.090231845715e-1,14363.00,1.00,1.00,0.0,1.566171646118e-3
16,5,1,0,3,sentinel_taylor,128,7.833884645237e-1,8.081314397104e-1,14364.00,0.00,1.00,0.0,1.566171646118e-3
17,5,1,0,-1,training_exact,96,-2.246793335400e-1,4.246518105850e-1,14360.00,5.00,0.00,0.0,1.470947265625e-2
17,5,1,0,0,sentinel_exact,8,9.851331761149e-2,5.265979668570e-1,14362.00,3.00,0.00,0.0,9.701251983643e-4
17,5,1,0,0,sentinel_taylor,8,9.929738899374e-2,5.268764795989e-1,14362.00,3.00,0.00,0.0,9.701251983643e-4
17,5,1,0,0,sentinel_exact,16,3.736872637563e-1,6.330664810303e-1,14365.00,0.00,0.00,0.0,9.701251983643e-4
17,5,1,0,0,sentinel_taylor,16,3.689804043698e-1,6.318134354333e-1,14365.00,0.00,0.00,0.0,9.701251983643e-4
17,5,1,0,0,sentinel_exact,32,7.028059183811e-1,7.678384963453e-1,14365.00,0.00,0.00,0.0,9.701251983643e-4
17,5,1,0,0,sentinel_taylor,32,6.832135651516e-1,7.573626679663e-1,14363.00,2.00,0.00,0.0,9.701251983643e-4
17,5,1,0,0,sentinel_exact,64,6.124254248570e-1,7.362339018448e-1,14365.00,0.00,0.00,1.0,0.000000000000e0
17,5,1,0,0,sentinel_taylor,64,6.124474081130e-1,7.356769926906e-1,14365.00,0.00,0.00,1.0,0.000000000000e0
17,5,1,0,0,sentinel_exact,128,7.239831217445e-1,7.812043160459e-1,14365.00,0.00,0.00,0.0,9.701251983643e-4
17,5,1,0,0,sentinel_taylor,128,7.277390390504e-1,7.824422166527e-1,14364.00,1.00,0.00,0.0,9.701251983643e-4
17,5,1,0,1,sentinel_exact,8,2.058768571272e-1,5.847546119039e-1,14365.00,0.00,0.00,1.0,0.000000000000e0
17,5,1,0,1,sentinel_taylor,8,2.006765957707e-1,5.830838844414e-1,14365.00,0.00,0.00,1.0,0.000000000000e0
17,5,1,0,1,sentinel_exact,16,1.987762654112e-1,5.759832927254e-1,14365.00,0.00,0.00,1.0,0.000000000000e0
17,5,1,0,1,sentinel_taylor,16,1.910674702768e-1,5.736164288200e-1,14365.00,0.00,0.00,1.0,0.000000000000e0
17,5,1,0,1,sentinel_exact,32,5.004964552000e-1,6.840932822833e-1,14365.00,0.00,0.00,1.0,0.000000000000e0
17,5,1,0,1,sentinel_taylor,32,4.978951032297e-1,6.828402366864e-1,14365.00,0.00,0.00,1.0,0.000000000000e0
17,5,1,0,1,sentinel_exact,64,5.045560298240e-1,6.902192829795e-1,14365.00,0.00,0.00,0.0,9.727954864502e-3
17,5,1,0,1,sentinel_taylor,64,5.076474298811e-1,6.919381787803e-1,14364.00,1.00,0.00,0.0,9.727954864502e-3
17,5,1,0,1,sentinel_exact,128,6.770708532557e-1,7.676992690567e-1,14365.00,0.00,0.00,1.0,0.000000000000e0
17,5,1,0,1,sentinel_taylor,128,6.796298750191e-1,7.690058479532e-1,14364.00,1.00,0.00,1.0,0.000000000000e0
17,5,1,0,2,sentinel_exact,8,1.934831858623e-1,5.674208144796e-1,14365.00,0.00,0.00,0.0,1.084256172180e-2
17,5,1,0,2,sentinel_taylor,8,1.914851521425e-1,5.667942916812e-1,14365.00,0.00,0.00,0.0,1.084256172180e-2
17,5,1,0,2,sentinel_exact,16,4.251867050152e-1,6.563174382179e-1,14365.00,0.00,0.00,0.0,7.139205932617e-3
17,5,1,0,2,sentinel_taylor,16,4.261417553630e-1,6.567351200835e-1,14365.00,0.00,0.00,0.0,7.139205932617e-3
17,5,1,0,2,sentinel_exact,32,5.212730747858e-1,6.923076923077e-1,14365.00,0.00,0.00,0.0,2.867460250854e-3
17,5,1,0,2,sentinel_taylor,32,5.290542492134e-1,6.954887218045e-1,14364.00,1.00,0.00,0.0,2.867460250854e-3
17,5,1,0,2,sentinel_exact,64,7.394251378533e-1,7.779324747651e-1,14365.00,0.00,0.00,0.0,2.867460250854e-3
17,5,1,0,2,sentinel_taylor,64,7.413889753971e-1,7.780020884093e-1,14365.00,0.00,0.00,0.0,2.867460250854e-3
17,5,1,0,2,sentinel_exact,128,8.549031820763e-1,8.386355725722e-1,14365.00,0.00,0.00,0.0,7.808923721313e-3
17,5,1,0,2,sentinel_taylor,128,8.555309261668e-1,8.391924817264e-1,14365.00,0.00,0.00,0.0,7.808923721313e-3
17,5,1,0,3,sentinel_exact,8,2.929688097295e-1,6.096451319381e-1,14287.00,78.00,0.00,0.0,1.331567764282e-3
17,5,1,0,3,sentinel_taylor,8,2.923995611114e-1,6.092251697347e-1,14287.00,78.00,0.00,0.0,1.331567764282e-3
17,5,1,0,3,sentinel_exact,16,6.134195565489e-1,7.253741733380e-1,14365.00,0.00,0.00,0.0,1.331567764282e-3
17,5,1,0,3,sentinel_taylor,16,6.128455493066e-1,7.251653324052e-1,14365.00,0.00,0.00,0.0,1.331567764282e-3
17,5,1,0,3,sentinel_exact,32,6.925372952046e-1,7.661677688827e-1,14365.00,0.00,0.00,0.0,1.331567764282e-3
17,5,1,0,3,sentinel_taylor,32,6.910912854709e-1,7.647754959972e-1,14365.00,0.00,0.00,0.0,1.331567764282e-3
17,5,1,0,3,sentinel_exact,64,7.200021494754e-1,7.766638819270e-1,14364.00,1.00,0.00,0.0,7.808923721313e-3
17,5,1,0,3,sentinel_taylor,64,7.198673676883e-1,7.771667246780e-1,14365.00,0.00,0.00,0.0,7.808923721313e-3
17,5,1,0,3,sentinel_exact,128,8.065742148619e-1,8.206056387052e-1,14365.00,0.00,0.00,0.0,9.701251983643e-4
17,5,1,0,3,sentinel_taylor,128,8.060832554760e-1,8.195614340411e-1,14365.00,0.00,0.00,0.0,9.701251983643e-4
18,6,1,1,-1,training_exact,96,2.102594137279e-2,5.108490895137e-1,14333.00,14.00,29.00,0.0,3.691077232361e-3
18,6,1,1,0,sentinel_exact,8,-1.973570105399e-1,4.253235396992e-1,14295.00,69.00,29.00,0.0,3.309965133667e-3
18,6,1,1,0,sentinel_taylor,8,-1.875399697703e-1,4.288512662656e-1,14294.00,70.00,29.00,0.0,3.309965133667e-3
18,6,1,1,0,sentinel_exact,16,-3.678414528515e-1,3.559488004476e-1,14297.00,67.00,29.00,0.0,4.713535308838e-3
18,6,1,1,0,sentinel_taylor,16,-3.580564623844e-1,3.596307175829e-1,14298.00,66.00,29.00,0.0,4.713535308838e-3
18,6,1,1,0,sentinel_exact,32,-8.116244829951e-2,4.693906107885e-1,14293.00,71.00,29.00,0.0,2.872824668884e-3
18,6,1,1,0,sentinel_taylor,32,-6.843607205667e-2,4.740118922700e-1,14295.00,69.00,29.00,0.0,2.872824668884e-3
18,6,1,1,0,sentinel_exact,64,5.807618845908e-1,7.333892852147e-1,14298.00,66.00,29.00,1.0,0.000000000000e0
18,6,1,1,0,sentinel_taylor,64,5.683975128130e-1,7.273553892425e-1,14297.00,67.00,29.00,1.0,0.000000000000e0
18,6,1,1,0,sentinel_exact,128,8.000395739934e-1,8.201479000977e-1,14334.00,30.00,29.00,0.0,1.143574714661e-3
18,6,1,1,0,sentinel_taylor,128,8.063745847176e-1,8.222532263690e-1,14335.00,29.00,29.00,0.0,1.143574714661e-3
18,6,1,1,1,sentinel_exact,8,2.125200947413e-1,5.750629018731e-1,14308.00,56.00,29.00,0.0,1.143574714661e-3
18,6,1,1,1,sentinel_taylor,8,2.130282471693e-1,5.730360637406e-1,14308.00,56.00,29.00,0.0,1.143574714661e-3
18,6,1,1,1,sentinel_exact,16,1.924944916077e-1,5.775090858261e-1,14308.00,56.00,29.00,0.0,1.143574714661e-3
18,6,1,1,1,sentinel_taylor,16,1.856161110267e-1,5.726167179200e-1,14308.00,56.00,29.00,0.0,1.143574714661e-3
18,6,1,1,1,sentinel_exact,32,4.398432184917e-1,6.715970138840e-1,14333.00,31.00,29.00,0.0,1.143574714661e-3
18,6,1,1,1,sentinel_taylor,32,4.443814735196e-1,6.708754795954e-1,14335.00,29.00,29.00,0.0,1.143574714661e-3
18,6,1,1,1,sentinel_exact,64,5.824290248371e-1,7.265941119018e-1,14334.00,30.00,29.00,0.0,1.143574714661e-3
18,6,1,1,1,sentinel_taylor,64,5.909517295290e-1,7.301709103593e-1,14335.00,29.00,29.00,0.0,1.143574714661e-3
18,6,1,1,1,sentinel_exact,128,5.092446078974e-1,7.073800223214e-1,14336.00,28.00,29.00,0.0,1.143574714661e-3
18,6,1,1,1,sentinel_taylor,128,5.198825727249e-1,7.099204688154e-1,14334.00,30.00,29.00,0.0,1.143574714661e-3
18,6,1,1,2,sentinel_exact,8,-3.741488733177e-1,3.580972367961e-1,14295.00,69.00,29.00,0.0,4.713535308838e-3
18,6,1,1,2,sentinel_taylor,8,-3.744755680877e-1,3.591411386208e-1,14298.00,66.00,29.00,0.0,4.713535308838e-3
18,6,1,1,2,sentinel_exact,16,-3.233767344147e-1,3.771189396582e-1,14335.00,29.00,29.00,0.0,4.713535308838e-3
18,6,1,1,2,sentinel_taylor,16,-3.346887027175e-1,3.706830391404e-1,14333.00,31.00,29.00,0.0,4.713535308838e-3
18,6,1,1,2,sentinel_exact,32,-1.768677653751e-1,4.323588920673e-1,14333.00,31.00,29.00,0.0,4.713535308838e-3
18,6,1,1,2,sentinel_taylor,32,-1.862583616116e-1,4.258690492810e-1,14326.00,38.00,29.00,0.0,4.713535308838e-3
18,6,1,1,2,sentinel_exact,64,1.358837841605e-1,5.482520410299e-1,14331.00,33.00,29.00,0.0,3.630995750427e-3
18,6,1,1,2,sentinel_taylor,64,1.232826851671e-1,5.415416811999e-1,14335.00,29.00,29.00,0.0,3.630995750427e-3
18,6,1,1,2,sentinel_exact,128,2.718648548033e-1,6.020230205790e-1,14335.00,22.00,29.00,0.0,3.050208091736e-3
18,6,1,1,2,sentinel_taylor,128,2.488844022981e-1,5.920161909414e-1,14329.00,28.00,29.00,0.0,3.050208091736e-3
18,6,1,1,3,sentinel_exact,8,2.252873453996e-1,5.782331957753e-1,14297.00,67.00,29.00,0.0,2.407193183899e-3
18,6,1,1,3,sentinel_taylor,8,2.068972272682e-1,5.708889976918e-1,14297.00,67.00,29.00,0.0,2.407193183899e-3
18,6,1,1,3,sentinel_exact,16,3.707949814138e-2,5.124492936075e-1,14298.00,66.00,29.00,0.0,3.050208091736e-3
18,6,1,1,3,sentinel_taylor,16,3.573703773476e-2,5.130805819810e-1,14296.00,68.00,29.00,0.0,3.050208091736e-3
18,6,1,1,3,sentinel_exact,32,2.641122950360e-1,5.969284467714e-1,14325.00,39.00,29.00,0.0,3.050208091736e-3
18,6,1,1,3,sentinel_taylor,32,2.648132439666e-1,5.959793382661e-1,14326.00,38.00,29.00,0.0,3.050208091736e-3
18,6,1,1,3,sentinel_exact,64,1.548122955270e-1,5.516880580357e-1,14336.00,28.00,29.00,0.0,2.872824668884e-3
18,6,1,1,3,sentinel_taylor,64,1.523881529490e-1,5.528188668713e-1,14332.00,32.00,29.00,0.0,2.872824668884e-3
18,6,1,1,3,sentinel_exact,128,4.124914500684e-1,6.673177537496e-1,14335.00,29.00,29.00,0.0,3.050208091736e-3
18,6,1,1,3,sentinel_taylor,128,4.069834833157e-1,6.662247034194e-1,14330.00,34.00,29.00,0.0,3.050208091736e-3
19,6,1,1,-1,training_exact,96,-5.300317195022e-1,3.004953603572e-1,14333.00,32.00,10.00,0.0,1.406204700470e-2
19,6,1,1,0,sentinel_exact,8,-2.151500077141e-1,4.192737430168e-1,14320.00,45.00,10.00,0.0,1.026797294617e-2
19,6,1,1,0,sentinel_taylor,8,-2.151451219941e-1,4.194134078212e-1,14320.00,45.00,10.00,0.0,1.026797294617e-2
19,6,1,1,0,sentinel_exact,16,-1.019037488275e-1,4.604171026017e-1,14337.00,28.00,10.00,0.0,1.478064060211e-2
19,6,1,1,0,sentinel_taylor,16,-9.998864133936e-2,4.627885889656e-1,14337.00,28.00,10.00,0.0,1.478064060211e-2
19,6,1,1,0,sentinel_exact,32,1.396886850638e-1,5.531173807036e-1,14355.00,10.00,10.00,0.0,1.478064060211e-2
19,6,1,1,0,sentinel_taylor,32,1.314814023217e-1,5.494252873563e-1,14355.00,10.00,10.00,0.0,1.478064060211e-2
19,6,1,1,0,sentinel_exact,64,6.203545497292e-1,7.445489376524e-1,14355.00,10.00,10.00,0.0,9.562969207764e-4
19,6,1,1,0,sentinel_taylor,64,6.039244758543e-1,7.349170962798e-1,14354.00,11.00,10.00,1.0,0.000000000000e0
19,6,1,1,0,sentinel_exact,128,7.236543925784e-1,7.871673401143e-1,14354.00,11.00,10.00,1.0,0.000000000000e0
19,6,1,1,0,sentinel_taylor,128,7.215024221881e-1,7.855649993033e-1,14354.00,11.00,10.00,1.0,0.000000000000e0
19,6,1,1,1,sentinel_exact,8,3.998436737908e-1,6.456437389771e-1,14175.00,190.00,10.00,1.0,0.000000000000e0
19,6,1,1,1,sentinel_taylor,8,3.972416400036e-1,6.457598419642e-1,14174.00,191.00,10.00,1.0,0.000000000000e0
19,6,1,1,1,sentinel_exact,16,5.379970330099e-1,7.084234768651e-1,14329.00,36.00,10.00,1.0,0.000000000000e0
19,6,1,1,1,sentinel_taylor,16,5.315285175441e-1,7.053527810733e-1,14329.00,36.00,10.00,1.0,0.000000000000e0
19,6,1,1,1,sentinel_exact,32,5.859453861182e-1,7.338024244113e-1,14354.00,11.00,10.00,0.0,2.586960792542e-3
19,6,1,1,1,sentinel_taylor,32,5.838679164055e-1,7.335237564442e-1,14354.00,11.00,10.00,0.0,2.586960792542e-3
19,6,1,1,1,sentinel_exact,64,6.019215068191e-1,7.299707398635e-1,14354.00,11.00,10.00,0.0,2.586960792542e-3
19,6,1,1,1,sentinel_taylor,64,6.061155285672e-1,7.312247457155e-1,14354.00,11.00,10.00,0.0,2.586960792542e-3
19,6,1,1,1,sentinel_exact,128,7.051313836966e-1,7.830721003135e-1,14355.00,10.00,10.00,1.0,0.000000000000e0
19,6,1,1,1,sentinel_taylor,128,7.031288452579e-1,7.819423157308e-1,14354.00,11.00,10.00,1.0,0.000000000000e0
19,6,1,1,2,sentinel_exact,8,1.429594413251e-1,5.503681990420e-1,13987.00,378.00,10.00,0.0,9.727478027344e-3
19,6,1,1,2,sentinel_taylor,8,1.587667091004e-1,5.538714520626e-1,13987.00,378.00,10.00,0.0,9.727478027344e-3
19,6,1,1,2,sentinel_exact,16,-9.784988133803e-2,4.626896985803e-1,14299.00,66.00,10.00,0.0,2.424168586731e-2
19,6,1,1,2,sentinel_taylor,16,-6.000474029047e-2,4.784949996503e-1,14299.00,66.00,10.00,0.0,2.424168586731e-2
19,6,1,1,2,sentinel_exact,32,2.797844187039e-1,6.057960893855e-1,14320.00,45.00,10.00,0.0,2.038407325745e-2
19,6,1,1,2,sentinel_taylor,32,3.094798247168e-1,6.167597765363e-1,14320.00,45.00,10.00,0.0,2.038407325745e-2
19,6,1,1,2,sentinel_exact,64,6.708880007365e-1,7.577700348432e-1,14350.00,15.00,10.00,1.0,0.000000000000e0
19,6,1,1,2,sentinel_taylor,64,6.774709857358e-1,7.620905923345e-1,14350.00,15.00,10.00,1.0,0.000000000000e0
19,6,1,1,2,sentinel_exact,128,2.693148995157e-1,6.019505398816e-1,14355.00,10.00,10.00,1.0,0.000000000000e0
19,6,1,1,2,sentinel_taylor,128,2.809825301913e-1,6.059360412457e-1,14353.00,12.00,10.00,1.0,0.000000000000e0
19,6,1,1,3,sentinel_exact,8,3.311323092566e-1,6.177877849704e-1,14212.00,153.00,10.00,1.0,0.000000000000e0
19,6,1,1,3,sentinel_taylor,8,3.307974729737e-1,6.175063326766e-1,14212.00,153.00,10.00,1.0,0.000000000000e0
19,6,1,1,3,sentinel_exact,16,-1.311327241504e-2,5.036312849162e-1,14320.00,45.00,10.00,0.0,2.424168586731e-2
19,6,1,1,3,sentinel_taylor,16,-2.100859589592e-3,5.076117318436e-1,14320.00,45.00,10.00,0.0,2.424168586731e-2
19,6,1,1,3,sentinel_exact,32,-1.545897673338e-1,4.507670850767e-1,14340.00,21.00,10.00,0.0,2.424168586731e-2
19,6,1,1,3,sentinel_taylor,32,-1.575527592480e-1,4.489539748954e-1,14340.00,21.00,10.00,0.0,2.424168586731e-2
19,6,1,1,3,sentinel_exact,64,-8.175847911535e-3,5.023372636573e-1,14333.00,28.00,10.00,0.0,2.424168586731e-2
19,6,1,1,3,sentinel_taylor,64,-9.487442392896e-3,5.012901876003e-1,14339.00,22.00,10.00,0.0,2.424168586731e-2
19,6,1,1,3,sentinel_exact,128,5.320826175875e-1,7.073170731707e-1,14350.00,11.00,10.00,0.0,9.562969207764e-4
19,6,1,1,3,sentinel_taylor,128,5.315122599415e-1,7.091289198606e-1,14350.00,11.00,10.00,0.0,1.088917255402e-2
20,6,1,1,-1,training_exact,96,-3.298924218682e-1,3.812201293225e-1,14228.00,109.00,106.00,0.0,2.049708366394e-2
20,6,1,1,0,sentinel_exact,8,-1.745422357151e-1,4.290667232718e-1,14133.00,231.00,106.00,0.0,1.158952713013e-2
20,6,1,1,0,sentinel_taylor,8,-1.659418608247e-1,4.319677350881e-1,14133.00,231.00,106.00,0.0,1.158952713013e-2
20,6,1,1,0,sentinel_exact,16,-7.267712621318e-2,4.771426552674e-1,14153.00,211.00,106.00,0.0,1.451206207275e-2
20,6,1,1,0,sentinel_taylor,16,-7.074618404995e-2,4.766143846263e-1,14154.00,210.00,106.00,0.0,1.451206207275e-2
20,6,1,1,0,sentinel_exact,32,1.043945663827e-1,5.447051363348e-1,14193.00,171.00,106.00,0.0,1.158952713013e-2
20,6,1,1,0,sentinel_taylor,32,1.262296003067e-1,5.520011273957e-1,14192.00,172.00,106.00,0.0,1.158952713013e-2
20,6,1,1,0,sentinel_exact,64,6.423316907958e-1,7.504046161424e-1,14211.00,153.00,106.00,0.0,1.158952713013e-2
20,6,1,1,0,sentinel_taylor,64,6.515891846048e-1,7.538526493561e-1,14211.00,153.00,106.00,0.0,1.158952713013e-2
20,6,1,1,0,sentinel_exact,128,7.286620579789e-1,7.928320449754e-1,14230.00,120.00,106.00,0.0,1.158952713013e-2
20,6,1,1,0,sentinel_taylor,128,7.186374241443e-1,7.871398453970e-1,14230.00,120.00,106.00,0.0,1.158952713013e-2
20,6,1,1,1,sentinel_exact,8,3.584124251892e-1,6.263712930851e-1,14129.00,235.00,106.00,0.0,1.359653472900e-2
20,6,1,1,1,sentinel_taylor,8,3.497418827680e-1,6.186836518047e-1,14130.00,234.00,106.00,0.0,1.359653472900e-2
20,6,1,1,1,sentinel_exact,16,5.771075817174e-1,7.167454660927e-1,14171.00,193.00,106.00,1.0,0.000000000000e0
20,6,1,1,1,sentinel_taylor,16,5.708469410086e-1,7.125291498834e-1,14151.00,213.00,106.00,1.0,0.000000000000e0
20,6,1,1,1,sentinel_exact,32,6.858719343659e-1,7.656591277390e-1,14193.00,171.00,106.00,0.0,8.486747741699e-3
20,6,1,1,1,sentinel_taylor,32,6.792900761185e-1,7.633878241263e-1,14192.00,172.00,106.00,0.0,8.486747741699e-3
20,6,1,1,1,sentinel_exact,64,7.338748944638e-1,7.842516360566e-1,14211.00,153.00,106.00,0.0,8.486747741699e-3
20,6,1,1,1,sentinel_taylor,64,7.241594305781e-1,7.788190529876e-1,14192.00,172.00,106.00,0.0,8.486747741699e-3
20,6,1,1,1,sentinel_exact,128,7.844156844597e-1,8.171416537976e-1,14246.00,91.00,106.00,0.0,8.486747741699e-3
20,6,1,1,1,sentinel_taylor,128,7.608704435015e-1,8.057700407132e-1,14246.00,91.00,106.00,0.0,8.486747741699e-3
20,6,1,1,2,sentinel_exact,8,-1.435234980505e-2,4.896675008938e-1,13985.00,379.00,106.00,0.0,1.555347442627e-2
20,6,1,1,2,sentinel_taylor,8,1.000555854576e-2,5.032890032890e-1,13986.00,378.00,106.00,0.0,1.555347442627e-2
20,6,1,1,2,sentinel_exact,16,4.540106121547e-2,5.192700627070e-1,14193.00,171.00,106.00,0.0,1.826286315918e-2
20,6,1,1,2,sentinel_taylor,16,4.535215873678e-2,5.194109772423e-1,14193.00,171.00,106.00,0.0,1.826286315918e-2
20,6,1,1,2,sentinel_exact,32,2.582527673981e-1,6.004368350595e-1,14193.00,171.00,106.00,0.0,1.826286315918e-2
20,6,1,1,2,sentinel_taylor,32,2.423460136423e-1,5.936024800958e-1,14193.00,171.00,106.00,0.0,1.826286315918e-2
20,6,1,1,2,sentinel_exact,64,6.050789267608e-1,7.269076305221e-1,14193.00,171.00,106.00,0.0,1.902627944946e-2
20,6,1,1,2,sentinel_taylor,64,6.047537252775e-1,7.264848869161e-1,14193.00,171.00,106.00,0.0,1.902627944946e-2
20,6,1,1,2,sentinel_exact,128,3.657696350232e-1,6.463054187192e-1,14210.00,154.00,106.00,0.0,1.826286315918e-2
20,6,1,1,2,sentinel_taylor,128,3.690005304538e-1,6.465869106263e-1,14210.00,154.00,106.00,0.0,1.826286315918e-2
20,6,1,1,3,sentinel_exact,8,2.550506807433e-1,5.853274108038e-1,13958.00,406.00,106.00,0.0,1.359653472900e-2
20,6,1,1,3,sentinel_taylor,8,2.582558535981e-1,5.884080813870e-1,13958.00,406.00,106.00,0.0,1.359653472900e-2
20,6,1,1,3,sentinel_exact,16,6.148286793176e-2,5.181714934696e-1,14088.00,276.00,106.00,0.0,2.184009552002e-2
20,6,1,1,3,sentinel_taylor,16,6.678158458718e-2,5.218996237666e-1,14087.00,277.00,106.00,0.0,2.184009552002e-2
20,6,1,1,3,sentinel_exact,32,1.374841913662e-1,5.587130607328e-1,14111.00,253.00,106.00,0.0,1.158952713013e-2
20,6,1,1,3,sentinel_taylor,32,1.445201722260e-1,5.595634611296e-1,14111.00,253.00,106.00,0.0,1.158952713013e-2
20,6,1,1,3,sentinel_exact,64,1.443584710674e-1,5.595665329674e-1,14211.00,153.00,106.00,0.0,8.991479873657e-3
20,6,1,1,3,sentinel_taylor,64,1.468473469944e-1,5.604813172894e-1,14211.00,153.00,106.00,0.0,8.991479873657e-3
20,6,1,1,3,sentinel_exact,128,5.525381281999e-1,7.223786066151e-1,14210.00,154.00,106.00,0.0,1.555347442627e-2
20,6,1,1,3,sentinel_taylor,128,5.473736754117e-1,7.186994158632e-1,14209.00,155.00,106.00,0.0,1.555347442627e-2
21,7,1,2,-1,training_exact,96,3.645936380235e-2,5.091580193607e-1,14359.00,5.00,1.00,0.0,5.517363548279e-3
21,7,1,2,0,sentinel_exact,8,3.250348526419e-2,5.151768309663e-1,14364.00,0.00,1.00,0.0,7.350206375122e-3
21,7,1,2,0,sentinel_taylor,8,3.061903055003e-2,5.142021720969e-1,14364.00,0.00,1.00,0.0,7.350206375122e-3
21,7,1,2,0,sentinel_exact,16,2.904430555603e-1,6.098885793872e-1,14360.00,4.00,1.00,1.0,0.000000000000e0
21,7,1,2,0,sentinel_taylor,16,2.893026226684e-1,6.096643921459e-1,14362.00,2.00,1.00,1.0,0.000000000000e0
21,7,1,2,0,sentinel_exact,32,4.324673548248e-1,6.610039685303e-1,14363.00,1.00,1.00,0.0,9.536743164062e-4
21,7,1,2,0,sentinel_taylor,32,4.312973556553e-1,6.612128385435e-1,14363.00,1.00,1.00,0.0,9.536743164062e-4
21,7,1,2,0,sentinel_exact,64,3.929704831862e-1,6.443191311612e-1,14364.00,0.00,1.00,0.0,1.435279846191e-3
21,7,1,2,0,sentinel_taylor,64,3.903151248323e-1,6.429665738162e-1,14360.00,4.00,1.00,0.0,1.435279846191e-3
21,7,1,2,0,sentinel_exact,128,6.740998614445e-1,7.614870509607e-1,14364.00,0.00,1.00,1.0,0.000000000000e0
21,7,1,2,0,sentinel_taylor,128,6.684481267800e-1,7.587551347212e-1,14363.00,1.00,1.00,1.0,0.000000000000e0
21,7,1,2,1,sentinel_exact,8,1.091775321078e-1,5.346376105270e-1,14363.00,1.00,1.00,0.0,3.373861312866e-3
21,7,1,2,1,sentinel_taylor,8,1.168667959609e-1,5.377706607255e-1,14363.00,1.00,1.00,0.0,3.373861312866e-3
21,7,1,2,1,sentinel_exact,16,1.364966463281e-1,5.450114878507e-1,14363.00,1.00,1.00,0.0,1.435279846191e-3
21,7,1,2,1,sentinel_taylor,16,1.254647021754e-1,5.399986075332e-1,14363.00,1.00,1.00,0.0,1.435279846191e-3
21,7,1,2,1,sentinel_exact,32,5.428771720705e-1,7.006892710437e-1,14363.00,1.00,1.00,0.0,3.696203231812e-3
21,7,1,2,1,sentinel_taylor,32,5.274900953097e-1,6.937269372694e-1,14363.00,1.00,1.00,0.0,3.696203231812e-3
21,7,1,2,1,sentinel_exact,64,6.354850272563e-1,7.458228905597e-1,14364.00,0.00,1.00,0.0,3.584146499634e-3
21,7,1,2,1,sentinel_taylor,64,6.287774607843e-1,7.428810137158e-1,14363.00,1.00,1.00,0.0,3.584146499634e-3
21,7,1,2,1,sentinel_exact,128,6.394879846020e-1,7.475978276006e-1,14362.00,2.00,1.00,0.0,3.696203231812e-3
21,7,1,2,1,sentinel_taylor,128,6.358497490547e-1,7.464141484473e-1,14362.00,2.00,1.00,0.0,3.696203231812e-3
21,7,1,2,2,sentinel_exact,8,2.265298443840e-1,5.854820627803e-1,14272.00,92.00,1.00,0.0,9.536743164062e-4
21,7,1,2,2,sentinel_taylor,8,2.324547642752e-1,5.877942825112e-1,14272.00,92.00,1.00,0.0,9.536743164062e-4
21,7,1,2,2,sentinel_exact,16,2.445373035167e-1,5.935802812979e-1,14362.00,2.00,1.00,1.0,0.000000000000e0
21,7,1,2,2,sentinel_taylor,16,2.477093071899e-1,5.944986072423e-1,14360.00,4.00,1.00,1.0,0.000000000000e0
21,7,1,2,2,sentinel_exact,32,4.913617911002e-1,6.840492933231e-1,14363.00,1.00,1.00,1.0,0.000000000000e0
21,7,1,2,2,sentinel_taylor,32,5.020697858892e-1,6.859509885826e-1,14364.00,0.00,1.00,1.0,0.000000000000e0
21,7,1,2,2,sentinel_exact,64,6.760307252831e-1,7.556390977444e-1,14364.00,0.00,1.00,0.0,2.587914466858e-3
21,7,1,2,2,sentinel_taylor,64,6.760624788947e-1,7.547340573656e-1,14364.00,0.00,1.00,0.0,2.587914466858e-3
21,7,1,2,2,sentinel_exact,128,6.269241479035e-1,7.355009399151e-1,14363.00,1.00,1.00,0.0,2.587914466858e-3
21,7,1,2,2,sentinel_taylor,128,6.356530638684e-1,7.393968939341e-1,14359.00,5.00,1.00,0.0,2.587914466858e-3
21,7,1,2,3,sentinel_exact,8,9.492747959219e-2,5.267701733621e-1,14363.00,1.00,1.00,0.0,3.984332084656e-3
21,7,1,2,3,sentinel_taylor,8,9.655302123585e-2,5.268397966999e-1,14363.00,1.00,1.00,0.0,3.984332084656e-3
21,7,1,2,3,sentinel_exact,16,4.962405555906e-1,6.795460874408e-1,14364.00,0.00,1.00,0.0,5.649089813232e-3
21,7,1,2,3,sentinel_taylor,16,4.972814006771e-1,6.804985030982e-1,14363.00,1.00,1.00,0.0,5.649089813232e-3
21,7,1,2,3,sentinel_exact,32,5.339394202158e-1,6.966026176552e-1,14364.00,0.00,1.00,0.0,4.054784774780e-3
21,7,1,2,3,sentinel_taylor,32,5.344737778967e-1,6.960033421529e-1,14362.00,2.00,1.00,0.0,4.054784774780e-3
21,7,1,2,3,sentinel_exact,64,6.460007523168e-1,7.396087168419e-1,14363.00,1.00,1.00,1.0,0.000000000000e0
21,7,1,2,3,sentinel_taylor,64,6.396146086243e-1,7.363364199680e-1,14363.00,1.00,1.00,0.0,4.054784774780e-3
21,7,1,2,3,sentinel_exact,128,7.582498375680e-1,7.973960871684e-1,14363.00,1.00,1.00,1.0,0.000000000000e0
21,7,1,2,3,sentinel_taylor,128,7.576475918827e-1,7.968945829272e-1,14362.00,2.00,1.00,1.0,0.000000000000e0
22,7,1,2,-1,training_exact,96,2.648002813885e-1,5.906400167143e-1,14359.00,6.00,0.00,0.0,4.344105720520e-3
22,7,1,2,0,sentinel_exact,8,8.900605409906e-2,5.253327758032e-1,14349.00,16.00,0.00,0.0,1.127731800079e-2
22,7,1,2,0,sentinel_taylor,8,6.996830671921e-2,5.189599888471e-1,14346.00,19.00,0.00,0.0,9.160161018372e-3
22,7,1,2,0,sentinel_exact,16,4.278973483108e-1,6.608362369338e-1,14350.00,15.00,0.00,1.0,0.000000000000e0
22,7,1,2,0,sentinel_taylor,16,4.246379095956e-1,6.582340232769e-1,14349.00,16.00,0.00,1.0,0.000000000000e0
22,7,1,2,0,sentinel_exact,32,4.145950046618e-1,6.541222384835e-1,14349.00,16.00,0.00,1.0,0.000000000000e0
22,7,1,2,0,sentinel_taylor,32,4.055081447577e-1,6.499651567944e-1,14350.00,15.00,0.00,1.0,0.000000000000e0
22,7,1,2,0,sentinel_exact,64,4.542582783506e-1,6.641114982578e-1,14350.00,15.00,0.00,0.0,1.302480697632e-3
22,7,1,2,0,sentinel_taylor,64,4.646336594156e-1,6.674332706112e-1,14349.00,16.00,0.00,0.0,1.302480697632e-3
22,7,1,2,0,sentinel_exact,128,5.034678671197e-1,6.843754351762e-1,14362.00,3.00,0.00,1.0,0.000000000000e0
22,7,1,2,0,sentinel_taylor,128,5.076251552586e-1,6.867427934828e-1,14362.00,3.00,0.00,1.0,0.000000000000e0
22,7,1,2,1,sentinel_exact,8,1.551887328214e-1,5.531263055285e-1,14362.00,3.00,0.00,0.0,8.775234222412e-3
22,7,1,2,1,sentinel_taylor,8,1.545487742477e-1,5.525692800446e-1,14362.00,3.00,0.00,0.0,8.775234222412e-3
22,7,1,2,1,sentinel_exact,16,1.894605970789e-1,5.715777746832e-1,14362.00,3.00,0.00,0.0,1.302480697632e-3
22,7,1,2,1,sentinel_taylor,16,1.934491078151e-1,5.738652186021e-1,14364.00,1.00,0.00,0.0,1.302480697632e-3
22,7,1,2,1,sentinel_exact,32,5.533534276827e-1,6.994360509643e-1,14363.00,2.00,0.00,0.0,1.414299011230e-3
22,7,1,2,1,sentinel_taylor,32,5.528022867486e-1,7.007797270955e-1,14364.00,1.00,0.00,0.0,1.414299011230e-3
22,7,1,2,1,sentinel_exact,64,5.349955117519e-1,7.003132613992e-1,14365.00,0.00,0.00,1.0,0.000000000000e0
22,7,1,2,1,sentinel_taylor,64,5.359261362595e-1,7.001044204664e-1,14365.00,0.00,0.00,1.0,0.000000000000e0
22,7,1,2,1,sentinel_exact,128,5.956155617027e-1,7.262791507135e-1,14365.00,0.00,0.00,1.0,0.000000000000e0
22,7,1,2,1,sentinel_taylor,128,5.971250786207e-1,7.277410372433e-1,14365.00,0.00,0.00,1.0,0.000000000000e0
22,7,1,2,2,sentinel_exact,8,2.939177620139e-1,6.015373864430e-1,14310.00,55.00,0.00,0.0,1.414299011230e-3
22,7,1,2,2,sentinel_taylor,8,2.924648619330e-1,6.014853219365e-1,14273.00,92.00,0.00,0.0,1.414299011230e-3
22,7,1,2,2,sentinel_exact,16,1.829462363670e-1,5.647780333124e-1,14349.00,16.00,0.00,0.0,1.414299011230e-3
22,7,1,2,2,sentinel_taylor,16,1.917750332484e-1,5.680139372822e-1,14350.00,15.00,0.00,0.0,1.414299011230e-3
22,7,1,2,2,sentinel_exact,32,3.842416692619e-1,6.396797772363e-1,14365.00,0.00,0.00,1.0,0.000000000000e0
22,7,1,2,2,sentinel_taylor,32,3.844153274684e-1,6.390281258702e-1,14364.00,1.00,0.00,1.0,0.000000000000e0
22,7,1,2,2,sentinel_exact,64,4.160807518274e-1,6.520013922729e-1,14365.00,0.00,0.00,1.0,0.000000000000e0
22,7,1,2,2,sentinel_taylor,64,4.178897404693e-1,6.518379281537e-1,14364.00,1.00,0.00,1.0,0.000000000000e0
22,7,1,2,2,sentinel_exact,128,4.518548372323e-1,6.645318482423e-1,14365.00,0.00,0.00,0.0,1.302480697632e-3
22,7,1,2,2,sentinel_taylor,128,4.549562532673e-1,6.652509921326e-1,14363.00,2.00,0.00,0.0,1.302480697632e-3
22,7,1,2,3,sentinel_exact,8,1.055585885229e-2,5.005923757753e-1,14349.00,16.00,0.00,0.0,1.127731800079e-2
22,7,1,2,3,sentinel_taylor,8,1.562432255368e-2,5.030662020906e-1,14350.00,15.00,0.00,0.0,1.127731800079e-2
22,7,1,2,3,sentinel_exact,16,4.532668448445e-1,6.625548818733e-1,14349.00,16.00,0.00,0.0,1.127731800079e-2
22,7,1,2,3,sentinel_taylor,16,4.524922523666e-1,6.618815331010e-1,14350.00,15.00,0.00,0.0,1.127731800079e-2
22,7,1,2,3,sentinel_exact,32,6.292943099054e-1,7.343368875880e-1,14349.00,16.00,0.00,1.0,0.000000000000e0
22,7,1,2,3,sentinel_taylor,32,6.303918905917e-1,7.347735191638e-1,14350.00,15.00,0.00,1.0,0.000000000000e0
22,7,1,2,3,sentinel_exact,64,6.604855721093e-1,7.455571816851e-1,14349.00,16.00,0.00,1.0,0.000000000000e0
22,7,1,2,3,sentinel_taylor,64,6.632111507858e-1,7.471777003484e-1,14350.00,15.00,0.00,1.0,0.000000000000e0
22,7,1,2,3,sentinel_exact,128,7.800921953899e-1,8.055555555556e-1,14364.00,1.00,0.00,1.0,0.000000000000e0
22,7,1,2,3,sentinel_taylor,128,7.894453373463e-1,8.095105479357e-1,14363.00,2.00,0.00,1.0,0.000000000000e0
23,7,1,2,-1,training_exact,96,-3.499982901894e-2,4.844391840145e-1,14363.00,2.00,0.00,0.0,9.993791580200e-3
23,7,1,2,0,sentinel_exact,8,8.609991762382e-2,5.299359509886e-1,14364.00,1.00,0.00,0.0,1.426959037781e-2
23,7,1,2,0,sentinel_taylor,8,1.015907948723e-1,5.370370370370e-1,14364.00,1.00,0.00,0.0,1.426959037781e-2
23,7,1,2,0,sentinel_exact,16,2.420565592886e-1,5.882762461710e-1,14364.00,1.00,0.00,0.0,1.426959037781e-2
23,7,1,2,0,sentinel_taylor,16,2.722605165585e-1,5.996658079788e-1,14363.00,2.00,0.00,0.0,1.522135734558e-2
23,7,1,2,0,sentinel_exact,32,3.628255357817e-1,6.302304532479e-1,14363.00,2.00,0.00,0.0,1.367592811584e-2
23,7,1,2,0,sentinel_taylor,32,3.683875313192e-1,6.334772315833e-1,14362.00,3.00,0.00,1.0,0.000000000000e0
23,7,1,2,0,sentinel_exact,64,4.006778170627e-1,6.449008005569e-1,14365.00,0.00,0.00,1.0,0.000000000000e0
23,7,1,2,0,sentinel_taylor,64,4.177724963652e-1,6.524644945698e-1,14364.00,1.00,0.00,1.0,0.000000000000e0
23,7,1,2,0,sentinel_exact,128,5.418982541631e-1,7.003828750435e-1,14365.00,0.00,0.00,0.0,3.422617912292e-3
23,7,1,2,0,sentinel_taylor,128,5.415562924017e-1,6.996171249565e-1,14365.00,0.00,0.00,0.0,3.422617912292e-3
23,7,1,2,1,sentinel_exact,8,1.937335507233e-2,5.054646710755e-1,14365.00,0.00,0.00,0.0,1.265144348145e-2
23,7,1,2,1,sentinel_taylor,8,1.958953571946e-2,5.054302422723e-1,14364.00,1.00,0.00,0.0,1.265144348145e-2
23,7,1,2,1,sentinel_exact,16,6.746783422182e-2,5.241211277410e-1,14365.00,0.00,0.00,1.0,0.000000000000e0
23,7,1,2,1,sentinel_taylor,16,6.856211185813e-2,5.243299686739e-1,14365.00,0.00,0.00,1.0,0.000000000000e0
23,7,1,2,1,sentinel_exact,32,3.499941988630e-1,6.195614340411e-1,14365.00,0.00,0.00,1.0,0.000000000000e0
23,7,1,2,1,sentinel_taylor,32,3.497597107981e-1,6.199095022624e-1,14365.00,0.00,0.00,1.0,0.000000000000e0
23,7,1,2,1,sentinel_exact,64,5.695141089759e-1,7.052558301427e-1,14365.00,0.00,0.00,1.0,0.000000000000e0
23,7,1,2,1,sentinel_taylor,64,5.665732378283e-1,7.042812391229e-1,14365.00,0.00,0.00,1.0,0.000000000000e0
23,7,1,2,1,sentinel_exact,128,6.364164849995e-1,7.412460842325e-1,14365.00,0.00,0.00,1.0,0.000000000000e0
23,7,1,2,1,sentinel_taylor,128,6.376035808282e-1,7.422902888966e-1,14365.00,0.00,0.00,1.0,0.000000000000e0
23,7,1,2,2,sentinel_exact,8,2.283315319276e-1,5.819700661330e-1,14365.00,0.00,0.00,0.0,5.357503890991e-3
23,7,1,2,2,sentinel_taylor,8,2.300511110704e-1,5.823181343543e-1,14365.00,0.00,0.00,0.0,5.357503890991e-3
23,7,1,2,2,sentinel_exact,16,2.691202423043e-1,5.940828402367e-1,14365.00,0.00,0.00,0.0,3.422617912292e-3
23,7,1,2,2,sentinel_taylor,16,2.737464964186e-1,5.956839540550e-1,14365.00,0.00,0.00,0.0,3.422617912292e-3
23,7,1,2,2,sentinel_exact,32,4.541435384493e-1,6.584058475461e-1,14365.00,0.00,0.00,0.0,3.422617912292e-3
23,7,1,2,2,sentinel_taylor,32,4.547639547878e-1,6.583362339018e-1,14365.00,0.00,0.00,0.0,3.422617912292e-3
23,7,1,2,2,sentinel_exact,64,4.960362967984e-1,6.762965541246e-1,14365.00,0.00,0.00,0.0,3.422617912292e-3
23,7,1,2,2,sentinel_taylor,64,4.974114715958e-1,6.771319178559e-1,14365.00,0.00,0.00,0.0,3.422617912292e-3
23,7,1,2,2,sentinel_exact,128,5.050885131380e-1,6.820744865994e-1,14365.00,0.00,0.00,0.0,3.422617912292e-3
23,7,1,2,2,sentinel_taylor,128,5.085838508558e-1,6.837452140620e-1,14365.00,0.00,0.00,0.0,3.422617912292e-3
23,7,1,2,3,sentinel_exact,8,1.462644623961e-1,5.499164578112e-1,14364.00,1.00,0.00,1.0,0.000000000000e0
23,7,1,2,3,sentinel_taylor,8,1.483662166206e-1,5.507831534981e-1,14365.00,0.00,0.00,1.0,0.000000000000e0
23,7,1,2,3,sentinel_exact,16,3.862814627913e-1,6.386104149262e-1,14364.00,1.00,0.00,1.0,0.000000000000e0
23,7,1,2,3,sentinel_taylor,16,3.801774416238e-1,6.351294903926e-1,14364.00,1.00,0.00,1.0,0.000000000000e0
23,7,1,2,3,sentinel_exact,32,4.908922148741e-1,6.765750087017e-1,14365.00,0.00,0.00,0.0,3.422617912292e-3
23,7,1,2,3,sentinel_taylor,32,4.878731810382e-1,6.734423947094e-1,14365.00,0.00,0.00,0.0,3.422617912292e-3
23,7,1,2,3,sentinel_exact,64,5.452226110002e-1,7.001044204664e-1,14365.00,0.00,0.00,1.0,0.000000000000e0
23,7,1,2,3,sentinel_taylor,64,5.303296026892e-1,6.941446772958e-1,14363.00,2.00,0.00,1.0,0.000000000000e0
23,7,1,2,3,sentinel_exact,128,7.163606919366e-1,7.822181995405e-1,14363.00,2.00,0.00,1.0,0.000000000000e0
23,7,1,2,3,sentinel_taylor,128,7.051064723675e-1,7.767179558588e-1,14363.00,2.00,0.00,1.0,0.000000000000e0
24,8,1,3,-1,training_exact,96,-2.005478752744e-1,4.296461409863e-1,14356.00,7.00,3.00,0.0,2.313375473022e-3
24,8,1,3,0,sentinel_exact,8,1.840308623697e-1,5.660856679133e-1,14171.00,192.00,3.00,0.0,2.313375473022e-3
24,8,1,3,0,sentinel_taylor,8,1.827704590036e-1,5.655118888027e-1,14173.00,190.00,3.00,0.0,2.313375473022e-3
24,8,1,3,0,sentinel_exact,16,1.409389210938e-1,5.512918726931e-1,14359.00,4.00,3.00,0.0,2.313375473022e-3
24,8,1,3,0,sentinel_taylor,16,1.467912877594e-1,5.538997214485e-1,14360.00,3.00,3.00,0.0,2.313375473022e-3
24,8,1,3,0,sentinel_exact,32,1.153026710381e-1,5.441883139494e-1,14359.00,4.00,3.00,0.0,2.313375473022e-3
24,8,1,3,0,sentinel_taylor,32,1.174142939406e-1,5.456508113378e-1,14359.00,4.00,3.00,0.0,2.313375473022e-3
24,8,1,3,0,sentinel_exact,64,4.235499869935e-1,6.620247876340e-1,14362.00,1.00,3.00,0.0,2.273321151733e-4
24,8,1,3,0,sentinel_taylor,64,4.249653762448e-1,6.631615598886e-1,14360.00,3.00,3.00,0.0,2.273321151733e-4
24,8,1,3,0,sentinel_exact,128,5.746156279354e-1,7.169614259852e-1,14362.00,1.00,3.00,0.0,1.286029815674e-3
24,8,1,3,0,sentinel_taylor,128,5.760375670569e-1,7.168720841167e-1,14361.00,2.00,3.00,0.0,1.286029815674e-3
24,8,1,3,1,sentinel_exact,8,-1.181114382826e-2,4.933853223785e-1,14362.00,1.00,3.00,0.0,2.152323722839e-3
24,8,1,3,1,sentinel_taylor,8,-3.986802662184e-2,4.829723518351e-1,14359.00,4.00,3.00,0.0,2.152323722839e-3
24,8,1,3,1,sentinel_exact,16,1.295842833992e-1,5.518729981897e-1,14362.00,1.00,3.00,0.0,2.521038055420e-3
24,8,1,3,1,sentinel_taylor,16,1.118303864485e-1,5.439036278811e-1,14361.00,2.00,3.00,0.0,2.521038055420e-3
24,8,1,3,1,sentinel_exact,32,4.736197068280e-1,6.863728152636e-1,14361.00,2.00,3.00,0.0,3.332972526550e-3
24,8,1,3,1,sentinel_taylor,32,4.674008689520e-1,6.844230903140e-1,14361.00,2.00,3.00,0.0,3.332972526550e-3
24,8,1,3,1,sentinel_exact,64,4.256895143023e-1,6.597715559270e-1,14358.00,5.00,3.00,0.0,2.152323722839e-3
24,8,1,3,1,sentinel_taylor,64,4.384523458408e-1,6.646235285923e-1,14357.00,6.00,3.00,0.0,7.269382476807e-4
24,8,1,3,1,sentinel_exact,128,3.681395113101e-1,6.350466638808e-1,14358.00,5.00,3.00,0.0,7.269382476807e-4
24,8,1,3,1,sentinel_taylor,128,3.768811019025e-1,6.388579387187e-1,14360.00,3.00,3.00,0.0,7.269382476807e-4
24,8,1,3,2,sentinel_exact,8,2.725330288382e-1,6.064385757090e-1,14351.00,12.00,3.00,0.0,2.313375473022e-3
24,8,1,3,2,sentinel_taylor,8,2.715955146499e-1,6.055582642613e-1,14357.00,6.00,3.00,0.0,2.313375473022e-3
24,8,1,3,2,sentinel_exact,16,1.098946998175e-1,5.477715877437e-1,14360.00,3.00,3.00,0.0,2.313375473022e-3
24,8,1,3,2,sentinel_taylor,16,1.089494163424e-1,5.472841225627e-1,14360.00,3.00,3.00,0.0,2.313375473022e-3
24,8,1,3,2,sentinel_exact,32,1.297278647782e-1,5.567161061207e-1,14361.00,2.00,3.00,0.0,2.313375473022e-3
24,8,1,3,2,sentinel_taylor,32,1.327170671298e-1,5.582561459712e-1,14359.00,4.00,3.00,0.0,2.313375473022e-3
24,8,1,3,2,sentinel_exact,64,2.098968981512e-1,5.848885793872e-1,14360.00,3.00,3.00,0.0,2.313375473022e-3
24,8,1,3,2,sentinel_taylor,64,2.085074447320e-1,5.835480950059e-1,14357.00,6.00,3.00,0.0,2.313375473022e-3
24,8,1,3,2,sentinel_exact,128,3.455572897966e-1,6.356545961003e-1,14360.00,3.00,3.00,0.0,2.313375473022e-3
24,8,1,3,2,sentinel_taylor,128,3.427735710807e-1,6.341599331290e-1,14356.00,7.00,3.00,0.0,2.313375473022e-3
24,8,1,3,3,sentinel_exact,8,2.111377353744e-2,5.135793871866e-1,14360.00,3.00,3.00,0.0,2.152323722839e-3
24,8,1,3,3,sentinel_taylor,8,5.509458342141e-2,5.239587686307e-1,14358.00,5.00,3.00,0.0,2.152323722839e-3
24,8,1,3,3,sentinel_exact,16,9.943802008181e-2,5.457204540706e-1,14359.00,4.00,3.00,0.0,3.038763999939e-3
24,8,1,3,3,sentinel_taylor,16,1.178233565624e-1,5.511142061281e-1,14360.00,3.00,3.00,0.0,3.038763999939e-3
24,8,1,3,3,sentinel_exact,32,1.139878749686e-1,5.481894150418e-1,14360.00,3.00,3.00,0.0,2.152323722839e-3
24,8,1,3,3,sentinel_taylor,32,1.065201275521e-1,5.447709232697e-1,14362.00,1.00,3.00,0.0,2.152323722839e-3
24,8,1,3,3,sentinel_exact,64,3.396545565018e-1,6.319197827449e-1,14361.00,2.00,3.00,0.0,2.313375473022e-3
24,8,1,3,3,sentinel_taylor,64,3.450062744069e-1,6.345658380336e-1,14361.00,2.00,3.00,0.0,2.313375473022e-3
24,8,1,3,3,sentinel_exact,128,3.223662878000e-1,6.258095967686e-1,14359.00,4.00,3.00,0.0,2.273321151733e-4
24,8,1,3,3,sentinel_taylor,128,3.277446806432e-1,6.275766016713e-1,14360.00,3.00,3.00,0.0,2.273321151733e-4
25,8,1,3,-1,training_exact,96,-2.732553344997e-1,4.006576185812e-1,14294.00,71.00,66.00,0.0,2.081608772278e-2
25,8,1,3,0,sentinel_exact,8,-6.689835306402e-2,4.744258137241e-1,14194.00,171.00,66.00,0.0,1.522541046143e-2
25,8,1,3,0,sentinel_taylor,8,-6.297705492541e-2,4.750582092711e-1,14173.00,192.00,66.00,0.0,1.522541046143e-2
25,8,1,3,0,sentinel_exact,16,-1.523606369313e-1,4.423695621765e-1,14298.00,67.00,66.00,0.0,1.202321052551e-2
25,8,1,3,0,sentinel_taylor,16,-1.486281931146e-1,4.437373242884e-1,14299.00,66.00,66.00,0.0,1.202321052551e-2
25,8,1,3,0,sentinel_exact,32,2.521199874407e-1,5.919994405203e-1,14299.00,66.00,66.00,0.0,6.147384643555e-3
25,8,1,3,0,sentinel_taylor,32,2.525989011862e-1,5.924190502832e-1,14299.00,66.00,66.00,0.0,6.147384643555e-3
25,8,1,3,0,sentinel_exact,64,5.376307697195e-1,7.008182390377e-1,14299.00,66.00,66.00,0.0,1.216888427734e-3
25,8,1,3,0,sentinel_taylor,64,5.365996391043e-1,6.999090845514e-1,14299.00,66.00,66.00,0.0,1.216888427734e-3
25,8,1,3,0,sentinel_exact,128,6.188066495707e-1,7.399818169103e-1,14299.00,66.00,66.00,0.0,5.002021789551e-4
25,8,1,3,0,sentinel_taylor,128,6.136656571197e-1,7.381635079376e-1,14299.00,66.00,66.00,0.0,5.002021789551e-4
25,8,1,3,1,sentinel_exact,8,-1.323121393639e-3,5.104552765928e-1,14299.00,66.00,66.00,0.0,1.379871368408e-2
25,8,1,3,1,sentinel_taylor,8,-8.570356949564e-3,5.084970976991e-1,14299.00,66.00,66.00,0.0,1.379871368408e-2
25,8,1,3,1,sentinel_exact,16,3.544584792778e-1,6.348695712987e-1,14299.00,66.00,66.00,0.0,1.598596572876e-3
25,8,1,3,1,sentinel_taylor,16,3.368364081958e-1,6.280858801315e-1,14299.00,66.00,66.00,0.0,5.002021789551e-4
25,8,1,3,1,sentinel_exact,32,3.292764126428e-1,6.257080914749e-1,14299.00,66.00,66.00,0.0,5.002021789551e-4
25,8,1,3,1,sentinel_taylor,32,3.265128848567e-1,6.250087418701e-1,14299.00,66.00,66.00,0.0,5.002021789551e-4
25,8,1,3,1,sentinel_exact,64,4.055424526142e-1,6.569450272765e-1,14298.00,67.00,66.00,0.0,5.002021789551e-4
25,8,1,3,1,sentinel_taylor,64,4.045100996496e-1,6.565253881662e-1,14298.00,67.00,66.00,0.0,5.002021789551e-4
25,8,1,3,1,sentinel_exact,128,4.796993105841e-1,6.882299461501e-1,14299.00,66.00,66.00,0.0,5.002021789551e-4
25,8,1,3,1,sentinel_taylor,128,4.778569587267e-1,6.880201412686e-1,14299.00,66.00,66.00,0.0,5.002021789551e-4
25,8,1,3,2,sentinel_exact,8,2.250772431672e-2,5.081474228967e-1,14299.00,66.00,66.00,0.0,2.227544784546e-2
25,8,1,3,2,sentinel_taylor,8,5.160662122687e-2,5.187775368907e-1,14299.00,66.00,66.00,0.0,2.227544784546e-2
25,8,1,3,2,sentinel_exact,16,1.377817741555e-1,5.552835862648e-1,14299.00,66.00,66.00,0.0,2.227544784546e-2
25,8,1,3,2,sentinel_taylor,16,1.557533519402e-1,5.632955658134e-1,14298.00,67.00,66.00,0.0,2.227544784546e-2
25,8,1,3,2,sentinel_exact,32,2.837455720305e-1,6.043502587775e-1,14298.00,67.00,66.00,0.0,6.147384643555e-3
25,8,1,3,2,sentinel_taylor,32,2.902034039527e-1,6.067557171830e-1,14299.00,66.00,66.00,0.0,9.021282196045e-3
25,8,1,3,2,sentinel_exact,64,6.433998477738e-1,7.497027764179e-1,14299.00,66.00,66.00,0.0,5.002021789551e-4
25,8,1,3,2,sentinel_taylor,64,6.619504250970e-1,7.555073781383e-1,14299.00,66.00,66.00,0.0,5.002021789551e-4
25,8,1,3,2,sentinel_exact,128,5.197219122110e-1,7.002377954959e-1,14298.00,67.00,66.00,0.0,1.598596572876e-3
25,8,1,3,2,sentinel_taylor,128,5.223791520901e-1,7.029654497132e-1,14298.00,67.00,66.00,0.0,1.598596572876e-3
25,8,1,3,3,sentinel_exact,8,1.398384812456e-1,5.425211730944e-1,14287.00,78.00,66.00,0.0,1.654148101807e-2
25,8,1,3,3,sentinel_taylor,8,1.383747924550e-1,5.418912297893e-1,14287.00,78.00,66.00,0.0,1.654148101807e-2
25,8,1,3,3,sentinel_exact,16,1.975897932730e-1,5.710189523743e-1,14299.00,66.00,66.00,0.0,1.654148101807e-2
25,8,1,3,3,sentinel_taylor,16,1.952905186074e-1,5.703196027694e-1,14299.00,66.00,66.00,0.0,1.654148101807e-2
25,8,1,3,3,sentinel_exact,32,5.921059865440e-2,5.155605287083e-1,14299.00,66.00,66.00,0.0,1.460766792297e-2
25,8,1,3,3,sentinel_taylor,32,4.203567663060e-2,5.094062521855e-1,14299.00,66.00,66.00,0.0,1.460766792297e-2
25,8,1,3,3,sentinel_exact,64,2.290857023478e-1,5.913700258759e-1,14299.00,66.00,66.00,0.0,1.316523551941e-2
25,8,1,3,3,sentinel_taylor,64,2.367707471133e-1,5.917039731393e-1,14296.00,69.00,66.00,0.0,1.316523551941e-2
25,8,1,3,3,sentinel_exact,128,5.683744472484e-1,7.192614351658e-1,14298.00,67.00,66.00,0.0,1.216888427734e-3
25,8,1,3,3,sentinel_taylor,128,5.724619709500e-1,7.213091824603e-1,14299.00,66.00,66.00,0.0,1.216888427734e-3
26,8,1,3,-1,training_exact,96,-1.445698450657e-1,4.521454444135e-1,14356.00,7.00,5.00,0.0,1.955080032349e-2
26,8,1,3,0,sentinel_exact,8,-1.632993785556e-1,4.406885977140e-1,14348.00,15.00,5.00,0.0,1.887226104736e-2
26,8,1,3,0,sentinel_taylor,8,-1.633677726202e-1,4.406885977140e-1,14348.00,15.00,5.00,0.0,1.887226104736e-2
26,8,1,3,0,sentinel_exact,16,-9.432030041129e-2,4.625731809311e-1,14348.00,15.00,5.00,0.0,8.293151855469e-3
26,8,1,3,0,sentinel_taylor,16,-9.550382031540e-2,4.619084129086e-1,14347.00,16.00,5.00,0.0,8.293151855469e-3
26,8,1,3,0,sentinel_exact,32,1.932388861750e-1,5.679665738162e-1,14360.00,3.00,5.00,0.0,1.278734207153e-2
26,8,1,3,0,sentinel_taylor,32,1.965205178311e-1,5.683844011142e-1,14360.00,3.00,5.00,0.0,1.278734207153e-2
26,8,1,3,0,sentinel_exact,64,5.346665852471e-1,6.989554317549e-1,14360.00,3.00,5.00,0.0,1.874208450317e-3
26,8,1,3,0,sentinel_taylor,64,5.367892037132e-1,7.000696378830e-1,14360.00,3.00,5.00,0.0,1.874208450317e-3
26,8,1,3,0,sentinel_exact,128,6.164924279438e-1,7.421309192201e-1,14360.00,3.00,5.00,0.0,1.680374145508e-2
26,8,1,3,0,sentinel_taylor,128,6.172158141280e-1,7.429486733059e-1,14359.00,4.00,5.00,0.0,1.680374145508e-2
26,8,1,3,1,sentinel_exact,8,1.207119756954e-1,5.470633317077e-1,14353.00,10.00,5.00,0.0,1.874208450317e-3
26,8,1,3,1,sentinel_taylor,8,1.203577953908e-1,5.468543161708e-1,14353.00,10.00,5.00,0.0,1.874208450317e-3
26,8,1,3,1,sentinel_exact,16,3.543295065953e-1,6.366991643454e-1,14360.00,3.00,5.00,0.0,1.874208450317e-3
26,8,1,3,1,sentinel_taylor,16,3.554360039084e-1,6.371866295265e-1,14360.00,3.00,5.00,0.0,1.874208450317e-3
26,8,1,3,1,sentinel_exact,32,4.645896433809e-1,6.752785515320e-1,14360.00,3.00,5.00,0.0,4.028797149658e-3
26,8,1,3,1,sentinel_taylor,32,4.676563263316e-1,6.759052924791e-1,14360.00,3.00,5.00,0.0,4.028797149658e-3
26,8,1,3,1,sentinel_exact,64,5.307523204694e-1,6.931058495822e-1,14360.00,3.00,5.00,0.0,4.028797149658e-3
26,8,1,3,1,sentinel_taylor,64,5.350341963854e-1,6.941504178273e-1,14360.00,3.00,5.00,0.0,4.028797149658e-3
26,8,1,3,1,sentinel_exact,128,5.301859612763e-1,7.012326763702e-1,14359.00,4.00,5.00,0.0,4.028797149658e-3
26,8,1,3,1,sentinel_taylor,128,5.305569125554e-1,7.003481894150e-1,14360.00,3.00,5.00,0.0,4.028797149658e-3
26,8,1,3,2,sentinel_exact,8,-2.236714993545e-1,4.131494637136e-1,14358.00,5.00,5.00,0.0,1.278734207153e-2
26,8,1,3,2,sentinel_taylor,8,-2.239179286763e-1,4.132311977716e-1,14360.00,3.00,5.00,0.0,1.278734207153e-2
26,8,1,3,2,sentinel_exact,16,-1.085368832439e-1,4.596796657382e-1,14360.00,3.00,5.00,0.0,2.727317810059e-2
26,8,1,3,2,sentinel_taylor,16,-1.092977528091e-1,4.591922005571e-1,14360.00,3.00,5.00,0.0,4.028797149658e-3
26,8,1,3,2,sentinel_exact,32,-4.586712261850e-2,4.908774373259e-1,14360.00,3.00,5.00,0.0,4.028797149658e-3
26,8,1,3,2,sentinel_taylor,32,-4.439059867526e-2,4.916776934327e-1,14359.00,4.00,5.00,0.0,4.028797149658e-3
26,8,1,3,2,sentinel_exact,64,3.161846604790e-1,6.189415041783e-1,14360.00,3.00,5.00,0.0,4.028797149658e-3
26,8,1,3,2,sentinel_taylor,64,3.148778700540e-1,6.181058495822e-1,14360.00,3.00,5.00,0.0,4.028797149658e-3
26,8,1,3,2,sentinel_exact,128,4.392415730340e-1,6.613509749304e-1,14360.00,3.00,5.00,0.0,4.028797149658e-3
26,8,1,3,2,sentinel_taylor,128,4.422862725944e-1,6.630919220056e-1,14360.00,3.00,5.00,0.0,4.028797149658e-3
26,8,1,3,3,sentinel_exact,8,3.578885917738e-1,6.327738700467e-1,14359.00,4.00,5.00,0.0,1.680374145508e-2
26,8,1,3,3,sentinel_taylor,8,3.547692529417e-1,6.311207076687e-1,14357.00,6.00,5.00,0.0,1.680374145508e-2
26,8,1,3,3,sentinel_exact,16,3.692440156329e-1,6.416434540390e-1,14360.00,3.00,5.00,0.0,1.353955268860e-2
26,8,1,3,3,sentinel_taylor,16,3.410197850515e-1,6.309192200557e-1,14360.00,3.00,5.00,0.0,1.353955268860e-2
26,8,1,3,3,sentinel_exact,32,3.074206155352e-1,6.089832869081e-1,14360.00,3.00,5.00,0.0,1.680374145508e-2
26,8,1,3,3,sentinel_taylor,32,3.054750854912e-1,6.094011142061e-1,14360.00,3.00,5.00,0.0,1.680374145508e-2
26,8,1,3,3,sentinel_exact,64,2.510454323402e-1,5.963091922006e-1,14360.00,3.00,5.00,0.0,4.028797149658e-3
26,8,1,3,3,sentinel_taylor,64,2.509318514902e-1,5.956824512535e-1,14360.00,3.00,5.00,0.0,4.028797149658e-3
26,8,1,3,3,sentinel_exact,128,5.780471421597e-1,7.268105849582e-1,14360.00,3.00,5.00,0.0,4.028797149658e-3
26,8,1,3,3,sentinel_taylor,128,5.717159257454e-1,7.224233983287e-1,14360.00,3.00,5.00,0.0,4.028797149658e-3
27,9,1,4,-1,training_exact,96,-8.672314762709e-2,4.789997910427e-1,14357.00,6.00,2.00,0.0,4.415631294250e-3
27,9,1,4,0,sentinel_exact,8,2.890701426350e-1,5.967551006197e-1,14361.00,2.00,2.00,0.0,3.607153892517e-3
27,9,1,4,0,sentinel_taylor,8,2.961805220548e-1,5.991922568066e-1,14361.00,2.00,2.00,0.0,1.758575439453e-3
27,9,1,4,0,sentinel_exact,16,2.244179762519e-1,5.768802228412e-1,14360.00,3.00,2.00,0.0,3.607153892517e-3
27,9,1,4,0,sentinel_taylor,16,2.276872458943e-1,5.772578511246e-1,14361.00,2.00,2.00,0.0,3.607153892517e-3
27,9,1,4,0,sentinel_exact,32,2.652052659766e-1,5.938587940398e-1,14362.00,1.00,2.00,0.0,3.607153892517e-3
27,9,1,4,0,sentinel_taylor,32,2.679276944515e-1,5.950142747720e-1,14361.00,2.00,2.00,0.0,3.607153892517e-3
27,9,1,4,0,sentinel_exact,64,4.061167263475e-1,6.431107707303e-1,14363.00,0.00,2.00,0.0,1.758575439453e-3
27,9,1,4,0,sentinel_taylor,64,4.090708132128e-1,6.434988508949e-1,14359.00,4.00,2.00,0.0,1.758575439453e-3
27,9,1,4,0,sentinel_exact,128,7.154280605788e-1,7.831082022003e-1,14362.00,1.00,2.00,1.0,0.000000000000e0
27,9,1,4,0,sentinel_taylor,128,7.041112553621e-1,7.776152667502e-1,14358.00,5.00,2.00,1.0,0.000000000000e0
27,9,1,4,1,sentinel_exact,8,-2.373054414219e-2,4.853576906986e-1,14342.00,21.00,2.00,0.0,6.431102752686e-3
27,9,1,4,1,sentinel_taylor,8,-2.673136488112e-2,4.841723608981e-1,14342.00,21.00,2.00,0.0,6.431102752686e-3
27,9,1,4,1,sentinel_exact,16,5.288811486025e-2,5.162570493629e-1,14363.00,0.00,2.00,0.0,4.415631294250e-3
27,9,1,4,1,sentinel_taylor,16,5.057742756512e-2,5.158393093365e-1,14363.00,0.00,2.00,0.0,4.415631294250e-3
27,9,1,4,1,sentinel_exact,32,3.988915540230e-1,6.481236510478e-1,14363.00,0.00,2.00,0.0,1.758575439453e-3
27,9,1,4,1,sentinel_taylor,32,3.971868708427e-1,6.474028686812e-1,14362.00,1.00,2.00,0.0,1.758575439453e-3
27,9,1,4,1,sentinel_exact,64,4.611570419522e-1,6.725386436429e-1,14362.00,1.00,2.00,0.0,1.891732215881e-3
27,9,1,4,1,sentinel_taylor,64,4.637312470387e-1,6.752767527675e-1,14363.00,0.00,2.00,0.0,1.891732215881e-3
27,9,1,4,1,sentinel_exact,128,4.153221226595e-1,6.583107025973e-1,14361.00,2.00,2.00,0.0,1.891732215881e-3
27,9,1,4,1,sentinel_taylor,128,4.071897679844e-1,6.551532033426e-1,14360.00,3.00,2.00,0.0,1.891732215881e-3
27,9,1,4,2,sentinel_exact,8,1.077938724004e-1,5.364155410110e-1,14362.00,1.00,2.00,0.0,4.415631294250e-3
27,9,1,4,2,sentinel_taylor,8,9.318858527465e-2,5.299115537294e-1,14359.00,4.00,2.00,0.0,4.415631294250e-3
27,9,1,4,2,sentinel_exact,16,2.043260658230e-1,5.770382232124e-1,14363.00,0.00,2.00,0.0,7.312774658203e-3
27,9,1,4,2,sentinel_taylor,16,2.011569320356e-1,5.767998885949e-1,14362.00,1.00,2.00,0.0,7.312774658203e-3
27,9,1,4,2,sentinel_exact,32,3.118929022654e-1,6.192034535580e-1,14362.00,1.00,2.00,0.0,7.312774658203e-3
27,9,1,4,2,sentinel_taylor,32,3.116510860054e-1,6.192034535580e-1,14362.00,1.00,2.00,0.0,7.312774658203e-3
27,9,1,4,2,sentinel_exact,64,2.319773718743e-1,5.844879203509e-1,14363.00,0.00,2.00,0.0,7.312774658203e-3
27,9,1,4,2,sentinel_taylor,64,2.327373006694e-1,5.841515214818e-1,14361.00,2.00,2.00,0.0,7.312774658203e-3
27,9,1,4,2,sentinel_exact,128,4.466873554294e-1,6.680130928338e-1,14359.00,4.00,2.00,1.0,0.000000000000e0
27,9,1,4,2,sentinel_taylor,128,4.472817892989e-1,6.675024376654e-1,14358.00,5.00,2.00,1.0,0.000000000000e0
27,9,1,4,3,sentinel_exact,8,-1.906611293186e-1,4.319732627768e-1,14362.00,1.00,2.00,0.0,5.785107612610e-3
27,9,1,4,3,sentinel_taylor,8,-1.908478707971e-1,4.315254473299e-1,14363.00,0.00,2.00,0.0,5.785107612610e-3
27,9,1,4,3,sentinel_exact,16,1.932977855508e-1,5.726519529346e-1,14363.00,0.00,2.00,1.0,0.000000000000e0
27,9,1,4,3,sentinel_taylor,16,1.925157593342e-1,5.721649484536e-1,14356.00,7.00,2.00,1.0,0.000000000000e0
27,9,1,4,3,sentinel_exact,32,3.848304263478e-1,6.409970756162e-1,14362.00,1.00,2.00,0.0,7.312774658203e-3
27,9,1,4,3,sentinel_taylor,32,3.922852064019e-1,6.432948057374e-1,14362.00,1.00,2.00,0.0,7.312774658203e-3
27,9,1,4,3,sentinel_exact,64,5.067659659703e-1,6.943535473091e-1,14363.00,0.00,2.00,0.0,6.431102752686e-3
27,9,1,4,3,sentinel_taylor,64,4.978334226914e-1,6.903418981965e-1,14361.00,2.00,2.00,0.0,6.431102752686e-3
27,9,1,4,3,sentinel_exact,128,5.749364774333e-1,7.245508982036e-1,14362.00,1.00,2.00,1.0,0.000000000000e0
27,9,1,4,3,sentinel_taylor,128,5.702953827670e-1,7.210808552128e-1,14359.00,4.00,2.00,1.0,0.000000000000e0
28,9,1,4,-1,training_exact,96,-2.449184968792e-2,4.927233479563e-1,14361.00,3.00,1.00,0.0,1.220715045929e-2
28,9,1,4,0,sentinel_exact,8,-4.911431795643e-2,4.779642136044e-1,14363.00,1.00,1.00,0.0,1.849937438965e-2
28,9,1,4,0,sentinel_taylor,8,-4.729336935335e-2,4.785212003063e-1,14363.00,1.00,1.00,0.0,1.849937438965e-2
28,9,1,4,0,sentinel_exact,16,-8.948783835936e-2,4.662674928636e-1,14363.00,1.00,1.00,0.0,6.250023841858e-3
28,9,1,4,0,sentinel_taylor,16,-9.574568776798e-2,4.630325814536e-1,14364.00,0.00,1.00,0.0,6.250023841858e-3
28,9,1,4,0,sentinel_exact,32,4.074110486692e-1,6.471038707881e-1,14364.00,0.00,1.00,0.0,1.101934909821e-2
28,9,1,4,0,sentinel_taylor,32,4.007821163551e-1,6.438766274455e-1,14363.00,1.00,1.00,0.0,1.101934909821e-2
28,9,1,4,0,sentinel_exact,64,5.074156941099e-1,6.864861101441e-1,14363.00,1.00,1.00,0.0,1.101934909821e-2
28,9,1,4,0,sentinel_taylor,64,5.099730826913e-1,6.875304602103e-1,14363.00,1.00,1.00,0.0,1.101934909821e-2
28,9,1,4,0,sentinel_exact,128,7.352719727360e-1,7.870370370370e-1,14364.00,0.00,1.00,1.0,0.000000000000e0
28,9,1,4,0,sentinel_taylor,128,7.363195198849e-1,7.881214315555e-1,14362.00,2.00,1.00,1.0,0.000000000000e0
28,9,1,4,1,sentinel_exact,8,2.192342616583e-1,5.879281537176e-1,14364.00,0.00,1.00,0.0,1.101934909821e-2
28,9,1,4,1,sentinel_taylor,8,2.166258449067e-1,5.865478345634e-1,14362.00,2.00,1.00,0.0,1.101934909821e-2
28,9,1,4,1,sentinel_exact,16,2.369613259332e-1,5.864661654135e-1,14364.00,0.00,1.00,0.0,1.465153694153e-2
28,9,1,4,1,sentinel_taylor,16,2.485171979392e-1,5.906432748538e-1,14364.00,0.00,1.00,0.0,1.465153694153e-2
28,9,1,4,1,sentinel_exact,32,5.587450972730e-1,7.046087440824e-1,14364.00,0.00,1.00,0.0,9.252667427063e-3
28,9,1,4,1,sentinel_taylor,32,5.707690729405e-1,7.098795516257e-1,14363.00,1.00,1.00,0.0,9.252667427063e-3
28,9,1,4,1,sentinel_exact,64,6.147694596208e-1,7.296017822334e-1,14364.00,0.00,1.00,1.0,0.000000000000e0
28,9,1,4,1,sentinel_taylor,64,6.236771093432e-1,7.336721905027e-1,14362.00,2.00,1.00,1.0,0.000000000000e0
28,9,1,4,1,sentinel_exact,128,6.331254896622e-1,7.400445558340e-1,14364.00,0.00,1.00,1.0,0.000000000000e0
28,9,1,4,1,sentinel_taylor,128,6.290158395564e-1,7.377471456419e-1,14364.00,0.00,1.00,1.0,0.000000000000e0
28,9,1,4,2,sentinel_exact,8,-6.970650503266e-2,4.760512392091e-1,14364.00,0.00,1.00,0.0,1.549434661865e-2
28,9,1,4,2,sentinel_taylor,8,-6.898236267921e-2,4.770226987885e-1,14362.00,2.00,1.00,0.0,1.549434661865e-2
28,9,1,4,2,sentinel_exact,16,2.227431717481e-1,5.838613103112e-1,14363.00,1.00,1.00,1.0,0.000000000000e0
28,9,1,4,2,sentinel_taylor,16,2.263679708453e-1,5.850449070528e-1,14363.00,1.00,1.00,1.0,0.000000000000e0
28,9,1,4,2,sentinel_exact,32,3.617737811652e-1,6.329016986912e-1,14364.00,0.00,1.00,1.0,0.000000000000e0
28,9,1,4,2,sentinel_taylor,32,3.643071872556e-1,6.340342570673e-1,14362.00,2.00,1.00,1.0,0.000000000000e0
28,9,1,4,2,sentinel_exact,64,6.160530383017e-1,7.300194931774e-1,14364.00,0.00,1.00,1.0,0.000000000000e0
28,9,1,4,2,sentinel_taylor,64,6.201700161639e-1,7.316207184628e-1,14364.00,0.00,1.00,1.0,0.000000000000e0
28,9,1,4,2,sentinel_exact,128,5.450238732201e-1,7.076023391813e-1,14364.00,0.00,1.00,1.0,0.000000000000e0
28,9,1,4,2,sentinel_taylor,128,5.485943819245e-1,7.097897228798e-1,14362.00,2.00,1.00,1.0,0.000000000000e0
28,9,1,4,3,sentinel_exact,8,4.268242713940e-1,6.513441983563e-1,14358.00,6.00,1.00,0.0,1.101934909821e-2
28,9,1,4,3,sentinel_taylor,8,4.095868402522e-1,6.452848586154e-1,14358.00,6.00,1.00,0.0,1.101934909821e-2
28,9,1,4,3,sentinel_exact,16,5.774804333397e-1,7.150118367915e-1,14362.00,2.00,1.00,1.0,0.000000000000e0
28,9,1,4,3,sentinel_taylor,16,5.722183988975e-1,7.125452520189e-1,14364.00,0.00,1.00,1.0,0.000000000000e0
28,9,1,4,3,sentinel_exact,32,5.374310961897e-1,7.055137844612e-1,14364.00,0.00,1.00,1.0,0.000000000000e0
28,9,1,4,3,sentinel_taylor,32,5.331666674809e-1,7.034742045534e-1,14363.00,1.00,1.00,1.0,0.000000000000e0
28,9,1,4,3,sentinel_exact,64,5.632825438078e-1,7.116201350693e-1,14363.00,1.00,1.00,1.0,0.000000000000e0
28,9,1,4,3,sentinel_taylor,64,5.679121206589e-1,7.133110554163e-1,14364.00,0.00,1.00,1.0,0.000000000000e0
28,9,1,4,3,sentinel_exact,128,7.055432646011e-1,7.686577554999e-1,14364.00,0.00,1.00,1.0,0.000000000000e0
28,9,1,4,3,sentinel_taylor,128,7.063139003268e-1,7.683792815372e-1,14364.00,0.00,1.00,1.0,0.000000000000e0
29,9,1,4,-1,training_exact,96,1.829914014779e-1,5.565380866175e-1,14362.00,2.00,1.00,0.0,1.341009140015e-2
29,9,1,4,0,sentinel_exact,8,1.256738503329e-1,5.443593314763e-1,14360.00,4.00,1.00,0.0,1.583075523376e-2
29,9,1,4,0,sentinel_taylor,8,1.246562820017e-1,5.446316668988e-1,14362.00,2.00,1.00,0.0,1.583075523376e-2
29,9,1,4,0,sentinel_exact,16,3.006543690554e-1,6.142170855671e-1,14363.00,1.00,1.00,0.0,6.499052047729e-3
29,9,1,4,0,sentinel_taylor,16,2.943923664225e-1,6.116139813396e-1,14362.00,2.00,1.00,0.0,6.499052047729e-3
29,9,1,4,0,sentinel_exact,32,4.365711675635e-1,6.600751984403e-1,14362.00,2.00,1.00,0.0,8.822202682495e-3
29,9,1,4,0,sentinel_taylor,32,4.250599502080e-1,6.553188526873e-1,14364.00,0.00,1.00,0.0,8.822202682495e-3
29,9,1,4,0,sentinel_exact,64,4.088729360917e-1,6.473127262601e-1,14364.00,0.00,1.00,0.0,8.822202682495e-3
29,9,1,4,0,sentinel_taylor,64,3.692761825320e-1,6.333194096352e-1,14364.00,0.00,1.00,0.0,8.822202682495e-3
29,9,1,4,0,sentinel_exact,128,5.460167842264e-1,7.093428014481e-1,14364.00,0.00,1.00,0.0,5.647420883179e-3
29,9,1,4,0,sentinel_taylor,128,5.184342040342e-1,6.994360509643e-1,14363.00,1.00,1.00,0.0,5.647420883179e-3
29,9,1,4,1,sentinel_exact,8,1.175750743920e-1,5.401698691172e-1,14364.00,0.00,1.00,0.0,1.295328140259e-2
29,9,1,4,1,sentinel_taylor,8,1.120365117681e-1,5.382205513784e-1,14364.00,0.00,1.00,0.0,1.295328140259e-2
29,9,1,4,1,sentinel_exact,16,2.437431645772e-1,5.892509050404e-1,14364.00,0.00,1.00,0.0,3.027677536011e-3
29,9,1,4,1,sentinel_taylor,16,2.397397669407e-1,5.876496797549e-1,14364.00,0.00,1.00,0.0,3.027677536011e-3
29,9,1,4,1,sentinel_exact,32,4.736026731657e-1,6.745335561125e-1,14364.00,0.00,1.00,0.0,5.647420883179e-3
29,9,1,4,1,sentinel_taylor,32,4.717524146485e-1,6.737677527151e-1,14364.00,0.00,1.00,0.0,5.647420883179e-3
29,9,1,4,1,sentinel_exact,64,5.256895876856e-1,6.906154274575e-1,14364.00,0.00,1.00,0.0,3.027677536011e-3
29,9,1,4,1,sentinel_taylor,64,5.236601189051e-1,6.904546403955e-1,14363.00,1.00,1.00,0.0,3.027677536011e-3
29,9,1,4,1,sentinel_exact,128,5.574869657297e-1,7.078197897082e-1,14361.00,3.00,1.00,0.0,5.647420883179e-3
29,9,1,4,1,sentinel_taylor,128,5.530310061993e-1,7.054932813479e-1,14363.00,1.00,1.00,0.0,5.647420883179e-3
29,9,1,4,2,sentinel_exact,8,1.549112150703e-1,5.541631857421e-1,14364.00,0.00,1.00,0.0,9.219169616699e-3
29,9,1,4,2,sentinel_taylor,8,1.518592044866e-1,5.531189083821e-1,14364.00,0.00,1.00,0.0,9.219169616699e-3
29,9,1,4,2,sentinel_exact,16,2.144443514905e-1,5.781815650237e-1,14364.00,0.00,1.00,0.0,1.295328140259e-2
29,9,1,4,2,sentinel_taylor,16,2.083281173956e-1,5.763018657755e-1,14364.00,0.00,1.00,0.0,1.295328140259e-2
29,9,1,4,2,sentinel_exact,32,1.965108887409e-1,5.701058201058e-1,14364.00,0.00,1.00,0.0,1.072955131531e-2
29,9,1,4,2,sentinel_taylor,32,1.867332189797e-1,5.649540517962e-1,14364.00,0.00,1.00,0.0,1.072955131531e-2
29,9,1,4,2,sentinel_exact,64,4.456976272710e-1,6.595418784377e-1,14363.00,1.00,1.00,0.0,6.674289703369e-3
29,9,1,4,2,sentinel_taylor,64,4.360772321110e-1,6.560846560847e-1,14364.00,0.00,1.00,0.0,6.674289703369e-3
29,9,1,4,2,sentinel_exact,128,5.010182528309e-1,6.893622946255e-1,14364.00,0.00,1.00,0.0,1.139068603516e-2
29,9,1,4,2,sentinel_taylor,128,4.985597905240e-1,6.883876357561e-1,14364.00,0.00,1.00,0.0,1.139068603516e-2
29,9,1,4,3,sentinel_exact,8,4.715653832298e-1,6.704276361610e-1,14358.00,6.00,1.00,0.0,6.674289703369e-3
29,9,1,4,3,sentinel_taylor,8,4.677585904801e-1,6.691739796629e-1,14358.00,6.00,1.00,0.0,6.674289703369e-3
29,9,1,4,3,sentinel_exact,16,3.121613963781e-1,6.055837916870e-1,14363.00,1.00,1.00,0.0,8.817434310913e-3
29,9,1,4,3,sentinel_taylor,16,3.153306530012e-1,6.062104017267e-1,14363.00,1.00,1.00,0.0,8.817434310913e-3
29,9,1,4,3,sentinel_exact,32,4.225001206027e-1,6.521860206071e-1,14364.00,0.00,1.00,1.0,0.000000000000e0
29,9,1,4,3,sentinel_taylor,32,4.319272793445e-1,6.560150375940e-1,14364.00,0.00,1.00,1.0,0.000000000000e0
29,9,1,4,3,sentinel_exact,64,4.648227995817e-1,6.746031746032e-1,14364.00,0.00,1.00,0.0,5.647420883179e-3
29,9,1,4,3,sentinel_taylor,64,4.657399904374e-1,6.743247006405e-1,14364.00,0.00,1.00,0.0,5.647420883179e-3
29,9,1,4,3,sentinel_exact,128,5.640641716455e-1,7.118986284202e-1,14363.00,1.00,1.00,1.0,0.000000000000e0
29,9,1,4,3,sentinel_taylor,128,5.595322931571e-1,7.106948892912e-1,14362.00,2.00,1.00,1.0,0.000000000000e0
30,10,2,0,-1,training_exact,96,1.058019414916e-1,5.322378498816e-1,14362.00,0.00,3.00,0.0,1.552581787109e-3
30,10,2,0,0,sentinel_exact,8,5.981218925680e-1,7.252976812200e-1,14361.00,1.00,3.00,1.0,0.000000000000e0
30,10,2,0,0,sentinel_taylor,8,6.006414241281e-1,7.261332776269e-1,14361.00,1.00,3.00,1.0,0.000000000000e0
30,10,2,0,0,sentinel_exact,16,6.592302060273e-1,7.545606461496e-1,14362.00,0.00,3.00,0.0,8.344650268555e-6
30,10,2,0,0,sentinel_taylor,16,6.624560486471e-1,7.558665831070e-1,14361.00,1.00,3.00,0.0,8.344650268555e-6
30,10,2,0,0,sentinel_exact,32,7.305505719941e-1,7.942343847921e-1,14361.00,1.00,3.00,0.0,2.901554107666e-4
30,10,2,0,0,sentinel_taylor,32,7.328322353878e-1,7.952503656243e-1,14359.00,3.00,3.00,0.0,2.901554107666e-4
30,10,2,0,0,sentinel_exact,64,7.598279194313e-1,8.016713091922e-1,14360.00,2.00,3.00,1.0,0.000000000000e0
30,10,2,0,0,sentinel_taylor,64,7.609965535013e-1,8.025628525663e-1,14359.00,3.00,3.00,1.0,0.000000000000e0
30,10,2,0,0,sentinel_exact,128,8.376904076381e-1,8.362813370474e-1,14360.00,2.00,3.00,1.0,0.000000000000e0
30,10,2,0,0,sentinel_taylor,128,8.400579870867e-1,8.381031961563e-1,14361.00,1.00,3.00,1.0,0.000000000000e0
30,10,2,0,1,sentinel_exact,8,-2.945304309883e-2,4.877673703341e-1,14306.00,56.00,3.00,0.0,1.552581787109e-3
30,10,2,0,1,sentinel_taylor,8,-1.403697162751e-2,4.938435707290e-1,14294.00,68.00,3.00,0.0,1.552581787109e-3
30,10,2,0,1,sentinel_exact,16,3.271058741540e-1,6.274824054073e-1,14351.00,11.00,3.00,0.0,6.524562835693e-3
30,10,2,0,1,sentinel_taylor,16,3.362728533123e-1,6.321109871723e-1,14344.00,18.00,3.00,0.0,6.524562835693e-3
30,10,2,0,1,sentinel_exact,32,5.185542074511e-1,7.103467483637e-1,14362.00,0.00,3.00,0.0,2.901554107666e-4
30,10,2,0,1,sentinel_taylor,32,5.215983097268e-1,7.125348189415e-1,14360.00,2.00,3.00,0.0,2.901554107666e-4
30,10,2,0,1,sentinel_exact,64,5.804274163469e-1,7.285197047765e-1,14362.00,0.00,3.00,0.0,2.901554107666e-4
30,10,2,0,1,sentinel_taylor,64,5.807412889671e-1,7.291463584459e-1,14362.00,0.00,3.00,0.0,2.901554107666e-4
30,10,2,0,1,sentinel_exact,128,6.289543217645e-1,7.510792368751e-1,14362.00,0.00,3.00,0.0,2.901554107666e-4
30,10,2,0,1,sentinel_taylor,128,6.298812840942e-1,7.519844032865e-1,14362.00,0.00,3.00,0.0,2.901554107666e-4
30,10,2,0,2,sentinel_exact,8,4.091752072019e-1,6.561454849498e-1,14352.00,10.00,3.00,0.0,6.524562835693e-3
30,10,2,0,2,sentinel_taylor,8,4.082306000149e-1,6.559559489789e-1,14347.00,15.00,3.00,0.0,6.524562835693e-3
30,10,2,0,2,sentinel_exact,16,4.827141066210e-1,6.882049853781e-1,14362.00,0.00,3.00,0.0,2.901554107666e-4
30,10,2,0,2,sentinel_taylor,16,4.799689302559e-1,6.867209804331e-1,14361.00,1.00,3.00,0.0,2.901554107666e-4
30,10,2,0,2,sentinel_exact,32,4.104257004282e-1,6.528338671494e-1,14362.00,0.00,3.00,0.0,2.901554107666e-4
30,10,2,0,2,sentinel_taylor,32,4.087173593651e-1,6.519044634775e-1,14361.00,1.00,3.00,0.0,2.901554107666e-4
30,10,2,0,2,sentinel_exact,64,4.287145817044e-1,6.620944158195e-1,14362.00,0.00,3.00,1.0,0.000000000000e0
30,10,2,0,2,sentinel_taylor,64,4.322534629862e-1,6.643220279964e-1,14359.00,3.00,3.00,1.0,0.000000000000e0
30,10,2,0,2,sentinel_exact,128,5.602348794525e-1,7.058004317248e-1,14361.00,1.00,3.00,1.0,0.000000000000e0
30,10,2,0,2,sentinel_taylor,128,5.589024466207e-1,7.061485968944e-1,14361.00,1.00,3.00,1.0,0.000000000000e0
30,10,2,0,3,sentinel_exact,8,2.646122017289e-1,5.905703739815e-1,14359.00,3.00,3.00,0.0,2.853751182556e-3
30,10,2,0,3,sentinel_taylor,8,2.515257027639e-1,5.846389527192e-1,14361.00,1.00,3.00,0.0,2.853751182556e-3
30,10,2,0,3,sentinel_exact,16,-7.745570213135e-2,4.759782760061e-1,14362.00,0.00,3.00,0.0,7.741928100586e-3
30,10,2,0,3,sentinel_taylor,16,-8.541381188615e-2,4.727348701163e-1,14359.00,3.00,3.00,0.0,7.741928100586e-3
30,10,2,0,3,sentinel_exact,32,5.240894624097e-1,6.935023330315e-1,14359.00,3.00,3.00,0.0,2.901554107666e-4
30,10,2,0,3,sentinel_taylor,32,5.176013248624e-1,6.907862664531e-1,14359.00,3.00,3.00,0.0,2.901554107666e-4
30,10,2,0,3,sentinel_exact,64,5.995508077039e-1,7.344196086623e-1,14361.00,1.00,3.00,0.0,2.901554107666e-4
30,10,2,0,3,sentinel_taylor,64,6.054097294526e-1,7.377437325905e-1,14360.00,2.00,3.00,0.0,2.901554107666e-4
30,10,2,0,3,sentinel_exact,128,5.908478596199e-1,7.268992409999e-1,14361.00,1.00,3.00,0.0,2.901554107666e-4
30,10,2,0,3,sentinel_taylor,128,5.992735737416e-1,7.306594248311e-1,14361.00,1.00,3.00,0.0,2.901554107666e-4
31,10,2,0,-1,training_exact,96,2.791967537964e-1,5.979805013928e-1,14360.00,4.00,1.00,0.0,3.691196441650e-3
31,10,2,0,0,sentinel_exact,8,4.886306804617e-1,6.841409078251e-1,14364.00,0.00,1.00,1.0,0.000000000000e0
31,10,2,0,0,sentinel_taylor,8,4.900021922206e-1,6.847674742412e-1,14364.00,0.00,1.00,1.0,0.000000000000e0
31,10,2,0,0,sentinel_exact,16,4.296874284400e-1,6.601921470343e-1,14364.00,0.00,1.00,1.0,0.000000000000e0
31,10,2,0,0,sentinel_taylor,16,4.300806847056e-1,6.605402394876e-1,14364.00,0.00,1.00,1.0,0.000000000000e0
31,10,2,0,0,sentinel_exact,32,6.232879765562e-1,7.354497354497e-1,14364.00,0.00,1.00,1.0,0.000000000000e0
31,10,2,0,0,sentinel_taylor,32,6.251125879256e-1,7.356585909217e-1,14364.00,0.00,1.00,1.0,0.000000000000e0
31,10,2,0,0,sentinel_exact,64,6.404740081425e-1,7.471456418825e-1,14364.00,0.00,1.00,1.0,0.000000000000e0
31,10,2,0,0,sentinel_taylor,64,6.381132492556e-1,7.456140350877e-1,14364.00,0.00,1.00,1.0,0.000000000000e0
31,10,2,0,0,sentinel_exact,128,7.040447383962e-1,7.715817321080e-1,14364.00,0.00,1.00,1.0,0.000000000000e0
31,10,2,0,0,sentinel_taylor,128,7.060077869673e-1,7.720531922300e-1,14363.00,1.00,1.00,1.0,0.000000000000e0
31,10,2,0,1,sentinel_exact,8,-5.502904235934e-2,4.714892431943e-1,14363.00,1.00,1.00,0.0,9.252071380615e-3
31,10,2,0,1,sentinel_taylor,8,-6.781118290974e-2,4.665413272056e-1,14361.00,3.00,1.00,0.0,9.252071380615e-3
31,10,2,0,1,sentinel_exact,16,2.221361888804e-1,5.705632528023e-1,14363.00,1.00,1.00,0.0,1.127779483795e-2
31,10,2,0,1,sentinel_taylor,16,2.234600710304e-1,5.708417461533e-1,14363.00,1.00,1.00,0.0,1.127779483795e-2
31,10,2,0,1,sentinel_exact,32,5.512720069322e-1,7.055834029518e-1,14364.00,0.00,1.00,0.0,5.520105361938e-3
31,10,2,0,1,sentinel_taylor,32,5.507456297567e-1,7.053049289891e-1,14364.00,0.00,1.00,0.0,5.520105361938e-3
31,10,2,0,1,sentinel_exact,64,5.424786991279e-1,7.034948482317e-1,14364.00,0.00,1.00,1.0,0.000000000000e0
31,10,2,0,1,sentinel_taylor,64,5.394279098369e-1,7.027986633250e-1,14364.00,0.00,1.00,1.0,0.000000000000e0
31,10,2,0,1,sentinel_exact,128,5.891088776382e-1,7.254246727931e-1,14364.00,0.00,1.00,1.0,0.000000000000e0
31,10,2,0,1,sentinel_taylor,128,5.881770312695e-1,7.253550543024e-1,14364.00,0.00,1.00,1.0,0.000000000000e0
31,10,2,0,2,sentinel_exact,8,4.297436079065e-1,6.570593149541e-1,14364.00,0.00,1.00,1.0,0.000000000000e0
31,10,2,0,2,sentinel_taylor,8,4.298400900338e-1,6.571289334447e-1,14364.00,0.00,1.00,1.0,0.000000000000e0
31,10,2,0,2,sentinel_exact,16,5.791431287934e-1,7.184628237260e-1,14364.00,0.00,1.00,1.0,0.000000000000e0
31,10,2,0,2,sentinel_taylor,16,5.840982701599e-1,7.205319223004e-1,14363.00,1.00,1.00,1.0,0.000000000000e0
31,10,2,0,2,sentinel_exact,32,5.020209341791e-1,6.870648844333e-1,14364.00,0.00,1.00,1.0,0.000000000000e0
31,10,2,0,2,sentinel_taylor,32,5.066862724864e-1,6.883180172654e-1,14364.00,0.00,1.00,1.0,0.000000000000e0
31,10,2,0,2,sentinel_exact,64,5.550445802387e-1,7.083681425787e-1,14364.00,0.00,1.00,1.0,0.000000000000e0
31,10,2,0,2,sentinel_taylor,64,5.551560568830e-1,7.091833182483e-1,14363.00,1.00,1.00,1.0,0.000000000000e0
31,10,2,0,2,sentinel_exact,128,6.858584680471e-1,7.604427736007e-1,14364.00,0.00,1.00,1.0,0.000000000000e0
31,10,2,0,2,sentinel_taylor,128,6.796970699917e-1,7.572592437853e-1,14361.00,3.00,1.00,1.0,0.000000000000e0
31,10,2,0,3,sentinel_exact,8,5.725530331112e-1,7.134502923977e-1,14364.00,0.00,1.00,0.0,1.019680500031e-2
31,10,2,0,3,sentinel_taylor,8,5.703180673776e-1,7.130325814536e-1,14364.00,0.00,1.00,0.0,5.716919898987e-3
31,10,2,0,3,sentinel_exact,16,3.973634732101e-1,6.507936507937e-1,14364.00,0.00,1.00,0.0,5.520105361938e-3
31,10,2,0,3,sentinel_taylor,16,3.970569287297e-1,6.511417432470e-1,14364.00,0.00,1.00,0.0,5.520105361938e-3
31,10,2,0,3,sentinel_exact,32,7.034401984846e-1,7.651768309663e-1,14364.00,0.00,1.00,0.0,5.520105361938e-3
31,10,2,0,3,sentinel_taylor,32,6.999998168062e-1,7.633667502089e-1,14364.00,0.00,1.00,0.0,5.520105361938e-3
31,10,2,0,3,sentinel_exact,64,7.217783498859e-1,7.785281626401e-1,14363.00,1.00,1.00,1.0,0.000000000000e0
31,10,2,0,3,sentinel_taylor,64,7.173922468674e-1,7.766638819270e-1,14364.00,0.00,1.00,1.0,0.000000000000e0
31,10,2,0,3,sentinel_exact,128,6.576457858047e-1,7.523497876488e-1,14363.00,1.00,1.00,1.0,0.000000000000e0
31,10,2,0,3,sentinel_taylor,128,6.548762920531e-1,7.524021723994e-1,14362.00,2.00,1.00,1.0,0.000000000000e0
32,10,2,0,-1,training_exact,96,1.497414828570e-1,5.547201336675e-1,14364.00,1.00,0.00,0.0,1.828575134277e-2
32,10,2,0,0,sentinel_exact,8,4.819718980710e-1,6.768534632788e-1,14365.00,0.00,0.00,0.0,6.393313407898e-3
32,10,2,0,0,sentinel_taylor,8,4.812317951161e-1,6.765750087017e-1,14365.00,0.00,0.00,0.0,6.393313407898e-3
32,10,2,0,0,sentinel_exact,16,4.530590311491e-1,6.634180299339e-1,14365.00,0.00,0.00,0.0,6.393313407898e-3
32,10,2,0,0,sentinel_taylor,16,4.515983659113e-1,6.629307344239e-1,14365.00,0.00,0.00,0.0,6.393313407898e-3
32,10,2,0,0,sentinel_exact,32,5.869614865566e-1,7.173686042464e-1,14365.00,0.00,0.00,0.0,2.193450927734e-3
32,10,2,0,0,sentinel_taylor,32,5.718931858013e-1,7.123564218587e-1,14365.00,0.00,0.00,0.0,2.193450927734e-3
32,10,2,0,0,sentinel_exact,64,6.491818254542e-1,7.426900584795e-1,14364.00,1.00,0.00,0.0,2.339482307434e-3
32,10,2,0,0,sentinel_taylor,64,6.278356873737e-1,7.333797424295e-1,14365.00,0.00,0.00,0.0,2.339482307434e-3
32,10,2,0,0,sentinel_exact,128,7.212865089979e-1,7.764009745910e-1,14365.00,0.00,0.00,0.0,2.339482307434e-3
32,10,2,0,0,sentinel_taylor,128,7.143951944574e-1,7.729741019215e-1,14364.00,1.00,0.00,0.0,2.339482307434e-3
32,10,2,0,1,sentinel_exact,8,1.725455664605e-1,5.521826916382e-1,14363.00,2.00,0.00,0.0,2.193450927734e-3
32,10,2,0,1,sentinel_taylor,8,1.686800695404e-1,5.504037872459e-1,14364.00,1.00,0.00,0.0,2.193450927734e-3
32,10,2,0,1,sentinel_exact,16,2.749140515752e-1,5.977027497389e-1,14365.00,0.00,0.00,0.0,2.193450927734e-3
32,10,2,0,1,sentinel_taylor,16,2.752877669286e-1,5.976331360947e-1,14365.00,0.00,0.00,0.0,2.193450927734e-3
32,10,2,0,1,sentinel_exact,32,5.091920542742e-1,6.868082144100e-1,14365.00,0.00,0.00,0.0,1.168370246887e-3
32,10,2,0,1,sentinel_taylor,32,5.120914014936e-1,6.877131917856e-1,14365.00,0.00,0.00,0.0,1.168370246887e-3
32,10,2,0,1,sentinel_exact,64,5.886737379474e-1,7.171597633136e-1,14365.00,0.00,0.00,0.0,2.193450927734e-3
32,10,2,0,1,sentinel_taylor,64,5.926331666270e-1,7.188304907762e-1,14365.00,0.00,0.00,0.0,2.193450927734e-3
32,10,2,0,1,sentinel_exact,128,6.546601449674e-1,7.503654716324e-1,14365.00,0.00,0.00,0.0,2.193450927734e-3
32,10,2,0,1,sentinel_taylor,128,6.591715976331e-1,7.525931082492e-1,14365.00,0.00,0.00,0.0,2.193450927734e-3
32,10,2,0,2,sentinel_exact,8,3.580659363744e-1,6.326928432192e-1,14364.00,1.00,0.00,0.0,2.193450927734e-3
32,10,2,0,2,sentinel_taylor,8,3.651992843229e-1,6.357814131570e-1,14365.00,0.00,0.00,0.0,2.193450927734e-3
32,10,2,0,2,sentinel_exact,16,4.280103321304e-1,6.591019839889e-1,14365.00,0.00,0.00,0.0,2.193450927734e-3
32,10,2,0,2,sentinel_taylor,16,4.270210856065e-1,6.594500522102e-1,14365.00,0.00,0.00,0.0,2.193450927734e-3
32,10,2,0,2,sentinel_exact,32,4.409316015413e-1,6.577793247477e-1,14365.00,0.00,0.00,0.0,1.168370246887e-3
32,10,2,0,2,sentinel_taylor,32,4.389140271493e-1,6.565262791507e-1,14365.00,0.00,0.00,0.0,1.168370246887e-3
32,10,2,0,2,sentinel_exact,64,5.400760864919e-1,6.983640793596e-1,14365.00,0.00,0.00,0.0,1.168370246887e-3
32,10,2,0,2,sentinel_taylor,64,5.452079554961e-1,7.002436477550e-1,14365.00,0.00,0.00,0.0,1.168370246887e-3
32,10,2,0,2,sentinel_exact,128,6.009355096757e-1,7.208492864601e-1,14365.00,0.00,0.00,0.0,6.470203399658e-3
32,10,2,0,2,sentinel_taylor,128,6.026640058770e-1,7.217348927875e-1,14364.00,1.00,0.00,0.0,6.470203399658e-3
32,10,2,0,3,sentinel_exact,8,-8.831827064161e-2,4.722473709868e-1,14359.00,6.00,0.00,0.0,1.247441768646e-2
32,10,2,0,3,sentinel_taylor,8,-8.647410845300e-2,4.728045128491e-1,14359.00,6.00,0.00,0.0,1.247441768646e-2
32,10,2,0,3,sentinel_exact,16,-1.700404858300e-2,4.945353289245e-1,14365.00,0.00,0.00,0.0,1.117837429047e-2
32,10,2,0,3,sentinel_taylor,16,-8.921538095151e-3,4.975287156283e-1,14365.00,0.00,0.00,0.0,1.117837429047e-2
32,10,2,0,3,sentinel_exact,32,4.601989852279e-1,6.752297410192e-1,14364.00,1.00,0.00,0.0,2.339482307434e-3
32,10,2,0,3,sentinel_taylor,32,4.586403356110e-1,6.748346675948e-1,14365.00,0.00,0.00,0.0,2.339482307434e-3
32,10,2,0,3,sentinel_exact,64,5.646020725325e-1,7.101983988862e-1,14365.00,0.00,0.00,0.0,2.339482307434e-3
32,10,2,0,3,sentinel_taylor,64,5.666929244448e-1,7.105464671076e-1,14365.00,0.00,0.00,0.0,2.339482307434e-3
32,10,2,0,3,sentinel_exact,128,6.843473110203e-1,7.624086320919e-1,14365.00,0.00,0.00,0.0,2.193450927734e-3
32,10,2,0,3,sentinel_taylor,128,6.890126464787e-1,7.636616776888e-1,14365.00,0.00,0.00,0.0,2.193450927734e-3
33,11,2,1,-1,training_exact,96,-1.704290939631e-1,4.401428171381e-1,14284.00,42.00,67.00,0.0,4.742980003357e-3
33,11,2,1,0,sentinel_exact,8,1.512073337378e-1,5.637851447755e-1,14298.00,66.00,67.00,0.0,3.309130668640e-3
33,11,2,1,0,sentinel_taylor,8,1.543312704600e-1,5.653937613652e-1,14298.00,66.00,67.00,0.0,3.309130668640e-3
33,11,2,1,0,sentinel_exact,16,1.321265188264e-1,5.516156105749e-1,14298.00,66.00,67.00,0.0,2.809643745422e-3
33,11,2,1,0,sentinel_taylor,16,1.215245856075e-1,5.488947957471e-1,14296.00,68.00,67.00,0.0,2.809643745422e-3
33,11,2,1,0,sentinel_exact,32,4.341564369617e-1,6.775772835362e-1,14298.00,21.00,67.00,0.0,2.099871635437e-3
33,11,2,1,0,sentinel_taylor,32,4.399999799105e-1,6.807721899699e-1,14297.00,22.00,67.00,0.0,2.099871635437e-3
33,11,2,1,0,sentinel_exact,64,3.512192623825e-1,6.354224958030e-1,14296.00,23.00,67.00,0.0,2.099871635437e-3
33,11,2,1,0,sentinel_taylor,64,3.492312198337e-1,6.356957951445e-1,14293.00,26.00,67.00,0.0,2.099871635437e-3
33,11,2,1,0,sentinel_exact,128,5.190182953685e-1,6.966496467790e-1,14297.00,22.00,67.00,1.0,0.000000000000e0
33,11,2,1,0,sentinel_taylor,128,5.105730125332e-1,6.950860982780e-1,14286.00,33.00,67.00,1.0,0.000000000000e0
33,11,2,1,1,sentinel_exact,8,2.226846555710e-1,5.879143936215e-1,14298.00,28.00,67.00,0.0,5.272388458252e-3
33,11,2,1,1,sentinel_taylor,8,2.203749382154e-1,5.856183547846e-1,14296.00,30.00,67.00,0.0,5.272388458252e-3
33,11,2,1,1,sentinel_exact,16,1.075982852467e-1,5.475274533119e-1,14297.00,29.00,67.00,0.0,3.135561943054e-3
33,11,2,1,1,sentinel_taylor,16,1.046591890148e-1,5.447296635658e-1,14297.00,29.00,67.00,0.0,3.135561943054e-3
33,11,2,1,1,sentinel_exact,32,1.294239885739e-1,5.512659113163e-1,14298.00,28.00,67.00,0.0,3.135561943054e-3
33,11,2,1,1,sentinel_taylor,32,1.262869999977e-1,5.495174150231e-1,14298.00,28.00,67.00,0.0,3.135561943054e-3
33,11,2,1,1,sentinel_exact,64,4.594310697193e-1,6.788137371477e-1,14297.00,29.00,67.00,0.0,9.583234786987e-4
33,11,2,1,1,sentinel_taylor,64,4.617147002371e-1,6.777443503813e-1,14293.00,33.00,67.00,0.0,9.583234786987e-4
33,11,2,1,1,sentinel_exact,128,3.975579297861e-1,6.489644556395e-1,14292.00,16.00,67.00,0.0,9.583234786987e-4
33,11,2,1,1,sentinel_taylor,128,3.924293518712e-1,6.464907984046e-1,14291.00,17.00,67.00,0.0,9.583234786987e-4
33,11,2,1,2,sentinel_exact,8,1.047600023702e-1,5.361589033431e-1,14298.00,66.00,67.00,0.0,3.488540649414e-3
33,11,2,1,2,sentinel_taylor,8,1.034894141061e-1,5.356693243810e-1,14298.00,66.00,67.00,0.0,3.488540649414e-3
33,11,2,1,2,sentinel_exact,16,7.885860763498e-2,5.274863617289e-1,14298.00,45.00,67.00,0.0,3.581166267395e-3
33,11,2,1,2,sentinel_taylor,16,7.906022473930e-2,5.276631461146e-1,14297.00,46.00,67.00,0.0,3.581166267395e-3
33,11,2,1,2,sentinel_exact,32,8.585918187908e-2,5.296544971325e-1,14298.00,28.00,67.00,0.0,3.581166267395e-3
33,11,2,1,2,sentinel_taylor,32,8.413992661913e-2,5.291689983212e-1,14296.00,30.00,67.00,0.0,3.581166267395e-3
33,11,2,1,2,sentinel_exact,64,1.368836654002e-1,5.501538891998e-1,14296.00,30.00,67.00,0.0,3.488540649414e-3
33,11,2,1,2,sentinel_taylor,64,1.428270410108e-1,5.539935655336e-1,14298.00,28.00,67.00,0.0,3.488540649414e-3
33,11,2,1,2,sentinel_exact,128,1.981293201007e-1,5.765652325988e-1,14295.00,24.00,67.00,0.0,3.488540649414e-3
33,11,2,1,2,sentinel_taylor,128,2.073384597609e-1,5.800923335199e-1,14296.00,23.00,67.00,0.0,3.488540649414e-3
33,11,2,1,3,sentinel_exact,8,1.437978780527e-1,5.433716367713e-1,14272.00,92.00,67.00,0.0,3.326058387756e-3
33,11,2,1,3,sentinel_taylor,8,1.417793878409e-1,5.409893497758e-1,14272.00,92.00,67.00,0.0,3.326058387756e-3
33,11,2,1,3,sentinel_exact,16,2.694323018406e-1,5.955095474575e-1,14297.00,16.00,67.00,0.0,9.583234786987e-4
33,11,2,1,3,sentinel_taylor,16,2.584333240048e-1,5.909059111577e-1,14295.00,18.00,67.00,0.0,9.583234786987e-4
33,11,2,1,3,sentinel_exact,32,4.505966325203e-1,6.728684339372e-1,14297.00,16.00,67.00,0.0,9.583234786987e-4
33,11,2,1,3,sentinel_taylor,32,4.481678245299e-1,6.713306282356e-1,14294.00,19.00,67.00,0.0,9.583234786987e-4
33,11,2,1,3,sentinel_exact,64,5.259276693492e-1,7.030637940683e-1,14296.00,17.00,67.00,0.0,9.583234786987e-4
33,11,2,1,3,sentinel_taylor,64,5.207652004586e-1,6.996431819772e-1,14293.00,20.00,67.00,0.0,9.583234786987e-4
33,11,2,1,3,sentinel_exact,128,3.967104021381e-1,6.494996851165e-1,14291.00,22.00,67.00,0.0,2.809643745422e-3
33,11,2,1,3,sentinel_taylor,128,4.135535400558e-1,6.544246239944e-1,14295.00,18.00,67.00,0.0,3.581166267395e-3
34,11,2,1,-1,training_exact,96,-1.768356357160e-1,4.306364465652e-1,14251.00,54.00,105.00,0.0,1.018095016479e-2
34,11,2,1,0,sentinel_exact,8,1.451653023550e-1,5.534260039315e-1,14244.00,121.00,105.00,0.0,1.018095016479e-2
34,11,2,1,0,sentinel_taylor,8,1.399231228974e-1,5.524745524746e-1,14245.00,120.00,105.00,0.0,1.018095016479e-2
34,11,2,1,0,sentinel_exact,16,4.364624149309e-1,6.657072657073e-1,14245.00,120.00,105.00,1.0,0.000000000000e0
34,11,2,1,0,sentinel_taylor,16,4.262348991215e-1,6.610038610039e-1,14245.00,120.00,105.00,1.0,0.000000000000e0
34,11,2,1,0,sentinel_exact,32,4.476139271494e-1,6.677430677431e-1,14245.00,120.00,105.00,1.0,0.000000000000e0
34,11,2,1,0,sentinel_taylor,32,4.397575132366e-1,6.645840645841e-1,14245.00,120.00,105.00,1.0,0.000000000000e0
34,11,2,1,0,sentinel_exact,64,5.360117886011e-1,7.074849038056e-1,14242.00,123.00,105.00,0.0,5.030632019043e-4
34,11,2,1,0,sentinel_taylor,64,5.262416215865e-1,7.026325026325e-1,14245.00,120.00,105.00,0.0,5.030632019043e-4
34,11,2,1,0,sentinel_exact,128,5.647016264699e-1,7.168129168129e-1,14245.00,106.00,105.00,0.0,3.481388092041e-3
34,11,2,1,0,sentinel_taylor,128,5.604444978530e-1,7.130019657400e-1,14244.00,121.00,105.00,0.0,3.481388092041e-3
34,11,2,1,1,sentinel_exact,8,-1.775486721481e-1,4.328032648466e-1,14212.00,153.00,105.00,0.0,4.407525062561e-3
34,11,2,1,1,sentinel_taylor,8,-1.682289427426e-1,4.362113855464e-1,14211.00,154.00,105.00,0.0,4.407525062561e-3
34,11,2,1,1,sentinel_exact,16,1.099752625938e-1,5.382995155515e-1,14243.00,122.00,105.00,0.0,4.407525062561e-3
34,11,2,1,1,sentinel_taylor,16,1.037699300626e-1,5.356265356265e-1,14245.00,120.00,105.00,0.0,5.030632019043e-4
34,11,2,1,1,sentinel_exact,32,4.640765415301e-2,5.201151442814e-1,14243.00,122.00,105.00,0.0,3.170132637024e-3
34,11,2,1,1,sentinel_taylor,32,5.272778065296e-2,5.229602583907e-1,14242.00,123.00,105.00,0.0,3.170132637024e-3
34,11,2,1,1,sentinel_exact,64,2.294309972741e-1,5.902421902422e-1,14245.00,120.00,105.00,0.0,1.654744148254e-3
34,11,2,1,1,sentinel_taylor,64,2.590551043712e-1,6.035100035100e-1,14245.00,120.00,105.00,0.0,1.654744148254e-3
34,11,2,1,1,sentinel_exact,128,4.198613909087e-1,6.673913043478e-1,14260.00,66.00,105.00,0.0,1.654744148254e-3
34,11,2,1,1,sentinel_taylor,128,4.272228977873e-1,6.687237026648e-1,14260.00,105.00,105.00,0.0,1.654744148254e-3
34,11,2,1,2,sentinel_exact,8,-1.616520724233e-1,4.449509116410e-1,14260.00,105.00,105.00,0.0,1.018095016479e-2
34,11,2,1,2,sentinel_taylor,8,-1.622362495341e-1,4.446002805049e-1,14260.00,105.00,105.00,0.0,1.018095016479e-2
34,11,2,1,2,sentinel_exact,16,-1.605070367109e-1,4.446314608318e-1,14259.00,106.00,105.00,0.0,7.190346717834e-3
34,11,2,1,2,sentinel_taylor,16,-1.587629621935e-1,4.457223001403e-1,14260.00,105.00,105.00,0.0,7.190346717834e-3
34,11,2,1,2,sentinel_exact,32,-3.588301792250e-1,3.676016830295e-1,14260.00,105.00,105.00,0.0,7.190346717834e-3
34,11,2,1,2,sentinel_taylor,32,-3.621152588772e-1,3.662692847125e-1,14260.00,105.00,105.00,0.0,7.190346717834e-3
34,11,2,1,2,sentinel_exact,64,-1.187909718862e-1,4.559545518306e-1,14258.00,107.00,105.00,0.0,7.190346717834e-3
34,11,2,1,2,sentinel_taylor,64,-1.255821911530e-1,4.523842917251e-1,14260.00,105.00,105.00,0.0,7.190346717834e-3
34,11,2,1,2,sentinel_exact,128,1.603463291407e-1,5.660589060309e-1,14260.00,91.00,105.00,0.0,3.170132637024e-3
34,11,2,1,2,sentinel_taylor,128,1.503791651645e-1,5.610098176718e-1,14260.00,105.00,105.00,0.0,3.170132637024e-3
34,11,2,1,3,sentinel_exact,8,3.451774363492e-1,6.237276237276e-1,14245.00,120.00,105.00,0.0,3.481388092041e-3
34,11,2,1,3,sentinel_taylor,8,3.469227628999e-1,6.249210249210e-1,14245.00,120.00,105.00,0.0,3.481388092041e-3
34,11,2,1,3,sentinel_exact,16,5.820565638478e-1,7.256084730308e-1,14257.00,108.00,105.00,0.0,3.481388092041e-3
34,11,2,1,3,sentinel_taylor,16,5.727954341304e-1,7.214586255259e-1,14260.00,105.00,105.00,0.0,3.481388092041e-3
34,11,2,1,3,sentinel_exact,32,7.782079208431e-1,8.053295932679e-1,14260.00,78.00,105.00,1.0,0.000000000000e0
34,11,2,1,3,sentinel_taylor,32,7.723971205686e-1,8.031280684528e-1,14258.00,80.00,105.00,1.0,0.000000000000e0
34,11,2,1,3,sentinel_exact,64,6.027900324646e-1,7.329593267882e-1,14260.00,78.00,105.00,1.0,0.000000000000e0
34,11,2,1,3,sentinel_taylor,64,5.933685550947e-1,7.266479663394e-1,14260.00,78.00,105.00,1.0,0.000000000000e0
34,11,2,1,3,sentinel_exact,128,6.299171846247e-1,7.425485658181e-1,14259.00,79.00,105.00,0.0,3.481388092041e-3
34,11,2,1,3,sentinel_taylor,128,6.309933654991e-1,7.424964936886e-1,14260.00,78.00,105.00,0.0,3.481388092041e-3
35,11,2,1,-1,training_exact,96,1.208276547479e-2,5.115719442282e-1,14129.00,235.00,232.00,0.0,1.435422897339e-2
35,11,2,1,0,sentinel_exact,8,2.180127135590e-1,5.875483593638e-1,13958.00,406.00,232.00,1.0,0.000000000000e0
35,11,2,1,0,sentinel_taylor,8,2.154363801775e-1,5.859722023212e-1,13958.00,406.00,232.00,1.0,0.000000000000e0
35,11,2,1,0,sentinel_exact,16,4.620518670046e-1,6.891457931920e-1,14013.00,351.00,232.00,1.0,0.000000000000e0
35,11,2,1,0,sentinel_taylor,16,4.600944890690e-1,6.890522409363e-1,14012.00,352.00,232.00,0.0,6.674885749817e-3
35,11,2,1,0,sentinel_exact,32,3.884076181921e-1,6.567121729238e-1,14064.00,300.00,232.00,0.0,6.674885749817e-3
35,11,2,1,0,sentinel_taylor,32,3.963454681642e-1,6.623764488374e-1,14063.00,301.00,232.00,0.0,6.674885749817e-3
35,11,2,1,0,sentinel_exact,64,5.079502395424e-1,7.021863723201e-1,14133.00,153.00,232.00,0.0,7.989406585693e-4
35,11,2,1,0,sentinel_taylor,64,5.059889235922e-1,7.034390036796e-1,14132.00,154.00,232.00,0.0,7.989406585693e-4
35,11,2,1,0,sentinel_exact,128,7.912659399877e-1,8.214108823321e-1,14133.00,153.00,232.00,0.0,4.170656204224e-3
35,11,2,1,0,sentinel_taylor,128,7.847320823584e-1,8.172362555721e-1,14133.00,153.00,232.00,0.0,4.170656204224e-3
35,11,2,1,1,sentinel_exact,8,3.712870248718e-2,5.093856655290e-1,14064.00,300.00,232.00,0.0,2.812981605530e-3
35,11,2,1,1,sentinel_taylor,8,3.722793757386e-2,5.095292277059e-1,14062.00,302.00,232.00,0.0,2.812981605530e-3
35,11,2,1,1,sentinel_exact,16,1.504019512437e-1,5.427718125578e-1,14063.00,301.00,232.00,0.0,2.812981605530e-3
35,11,2,1,1,sentinel_taylor,16,1.483090836289e-1,5.423777019340e-1,14064.00,300.00,232.00,0.0,2.812981605530e-3
35,11,2,1,1,sentinel_exact,32,2.044516766489e-1,5.631088672403e-1,14063.00,301.00,232.00,0.0,9.267330169678e-4
35,11,2,1,1,sentinel_taylor,32,2.104031777245e-1,5.648556393116e-1,14062.00,302.00,232.00,0.0,9.267330169678e-4
35,11,2,1,1,sentinel_exact,64,5.226588154946e-1,7.089504641769e-1,14111.00,232.00,232.00,0.0,1.530170440674e-3
35,11,2,1,1,sentinel_taylor,64,5.244323056719e-1,7.107221316703e-1,14111.00,232.00,232.00,0.0,1.530170440674e-3
35,11,2,1,1,sentinel_exact,128,7.147163130591e-1,7.813762313089e-1,14111.00,212.00,232.00,0.0,2.812981605530e-3
35,11,2,1,1,sentinel_taylor,128,7.310354310963e-1,7.908871882086e-1,14112.00,211.00,232.00,0.0,2.812981605530e-3
35,11,2,1,2,sentinel_exact,8,5.416968523696e-2,5.218864931131e-1,13867.00,497.00,232.00,0.0,7.823705673218e-3
35,11,2,1,2,sentinel_taylor,8,5.547364414663e-2,5.212719930776e-1,13868.00,496.00,232.00,0.0,7.823705673218e-3
35,11,2,1,2,sentinel_exact,16,-2.955479005699e-2,4.931029579067e-1,14064.00,300.00,232.00,0.0,1.667940616608e-2
35,11,2,1,2,sentinel_taylor,16,-2.602686047153e-2,4.923908405632e-1,14062.00,302.00,232.00,0.0,1.667940616608e-2
35,11,2,1,2,sentinel_exact,32,-5.755489983470e-2,4.616256820920e-1,14111.00,253.00,232.00,0.0,2.812981605530e-3
35,11,2,1,2,sentinel_taylor,32,-4.844492759977e-2,4.638934164836e-1,14111.00,253.00,232.00,0.0,2.812981605530e-3
35,11,2,1,2,sentinel_exact,64,1.735558658286e-1,5.608390617249e-1,14111.00,253.00,232.00,0.0,2.812981605530e-3
35,11,2,1,2,sentinel_taylor,64,1.540126372972e-1,5.536815250514e-1,14111.00,253.00,232.00,0.0,2.812981605530e-3
35,11,2,1,2,sentinel_exact,128,2.624205818402e-1,5.982875742995e-1,14132.00,192.00,232.00,0.0,6.781101226807e-3
35,11,2,1,2,sentinel_taylor,128,2.505617993110e-1,5.919898103595e-1,14132.00,191.00,232.00,0.0,6.781101226807e-3
35,11,2,1,3,sentinel_exact,8,6.673784235922e-1,7.698453046699e-1,13769.00,595.00,232.00,0.0,2.334713935852e-3
35,11,2,1,3,sentinel_taylor,8,6.647173878815e-1,7.687559009369e-1,13769.00,595.00,232.00,0.0,2.334713935852e-3
35,11,2,1,3,sentinel_exact,16,6.558054229112e-1,7.560317910871e-1,14092.00,231.00,232.00,0.0,3.494501113892e-3
35,11,2,1,3,sentinel_taylor,16,6.571309499551e-1,7.572381493046e-1,14092.00,231.00,232.00,0.0,3.494501113892e-3
35,11,2,1,3,sentinel_exact,32,8.205942595991e-1,8.326710190179e-1,14092.00,231.00,232.00,0.0,7.989406585693e-4
35,11,2,1,3,sentinel_taylor,32,8.153851708652e-1,8.306131138234e-1,14092.00,231.00,232.00,0.0,7.989406585693e-4
35,11,2,1,3,sentinel_exact,64,7.352159839312e-1,7.994756607383e-1,14113.00,210.00,232.00,0.0,2.812981605530e-3
35,11,2,1,3,sentinel_taylor,64,7.346738551341e-1,8.007510805640e-1,14113.00,210.00,232.00,0.0,7.989406585693e-4
35,11,2,1,3,sentinel_exact,128,6.914831451550e-1,7.755448627229e-1,14132.00,191.00,232.00,0.0,7.989406585693e-4
35,11,2,1,3,sentinel_taylor,128,6.984361277128e-1,7.760951100418e-1,14131.00,192.00,232.00,0.0,7.989406585693e-4
36,12,2,2,-1,training_exact,96,-9.602297985843e-2,4.639699227181e-1,14363.00,1.00,1.00,0.0,1.082658767700e-3
36,12,2,2,0,sentinel_exact,8,7.861876675081e-1,8.135616819827e-1,14364.00,0.00,1.00,0.0,7.585287094116e-4
36,12,2,2,0,sentinel_taylor,8,7.798650349383e-1,8.120300751880e-1,14364.00,0.00,1.00,0.0,7.585287094116e-4
36,12,2,2,0,sentinel_exact,16,7.375887650839e-1,7.894040657199e-1,14364.00,0.00,1.00,0.0,1.060843467712e-3
36,12,2,2,0,sentinel_taylor,16,7.344407208563e-1,7.895982733412e-1,14363.00,1.00,1.00,0.0,1.060843467712e-3
36,12,2,2,0,sentinel_exact,32,7.843117618432e-1,8.088972431078e-1,14364.00,0.00,1.00,1.0,0.000000000000e0
36,12,2,2,0,sentinel_taylor,32,7.853210292085e-1,8.102764046508e-1,14363.00,1.00,1.00,1.0,0.000000000000e0
36,12,2,2,0,sentinel_exact,64,8.321986505938e-1,8.304093567251e-1,14364.00,0.00,1.00,0.0,1.060843467712e-3
36,12,2,2,0,sentinel_taylor,64,8.312660905418e-1,8.298405625566e-1,14363.00,1.00,1.00,0.0,1.060843467712e-3
36,12,2,2,0,sentinel_exact,128,7.532466580811e-1,7.985656593789e-1,14362.00,2.00,1.00,0.0,1.060843467712e-3
36,12,2,2,0,sentinel_taylor,128,7.494952998468e-1,7.976464034538e-1,14361.00,3.00,1.00,0.0,1.060843467712e-3
36,12,2,2,1,sentinel_exact,8,1.330038281468e-1,5.497841526250e-1,14362.00,2.00,1.00,0.0,6.398797035217e-3
36,12,2,2,1,sentinel_taylor,8,1.271781769508e-1,5.480749147114e-1,14363.00,1.00,1.00,0.0,6.398797035217e-3
36,12,2,2,1,sentinel_exact,16,1.860054420838e-1,5.705632528023e-1,14363.00,1.00,1.00,0.0,6.398797035217e-3
36,12,2,2,1,sentinel_taylor,16,1.785056967306e-1,5.679270245805e-1,14361.00,3.00,1.00,0.0,6.398797035217e-3
36,12,2,2,1,sentinel_exact,32,5.717078985278e-1,7.200640490114e-1,14364.00,0.00,1.00,0.0,5.783796310425e-3
36,12,2,2,1,sentinel_taylor,32,5.702765434241e-1,7.192286271234e-1,14364.00,0.00,1.00,0.0,5.783796310425e-3
36,12,2,2,1,sentinel_exact,64,6.784928731336e-1,7.729266764153e-1,14361.00,3.00,1.00,0.0,1.082658767700e-3
36,12,2,2,1,sentinel_taylor,64,6.652271696114e-1,7.650375939850e-1,14364.00,0.00,1.00,0.0,1.082658767700e-3
36,12,2,2,1,sentinel_exact,128,5.391202396191e-1,7.060584958217e-1,14360.00,4.00,1.00,0.0,4.677653312683e-3
36,12,2,2,1,sentinel_taylor,128,5.356266796613e-1,7.042194680407e-1,14362.00,2.00,1.00,0.0,4.677653312683e-3
36,12,2,2,2,sentinel_exact,8,4.545681595158e-1,6.665506196909e-1,14362.00,2.00,1.00,1.0,0.000000000000e0
36,12,2,2,2,sentinel_taylor,8,4.662192240754e-1,6.724702277317e-1,14359.00,5.00,1.00,1.0,0.000000000000e0
36,12,2,2,2,sentinel_exact,16,5.790714261288e-1,7.215066490288e-1,14363.00,1.00,1.00,0.0,6.398797035217e-3
36,12,2,2,2,sentinel_taylor,16,5.830928910295e-1,7.229494499373e-1,14362.00,2.00,1.00,0.0,6.398797035217e-3
36,12,2,2,2,sentinel_exact,32,4.096631125013e-1,6.604706209969e-1,14364.00,0.00,1.00,0.0,6.398797035217e-3
36,12,2,2,2,sentinel_taylor,32,4.134725770758e-1,6.614913318945e-1,14363.00,1.00,1.00,0.0,6.398797035217e-3
36,12,2,2,2,sentinel_exact,64,4.704874426603e-1,6.812643598134e-1,14363.00,1.00,1.00,1.0,0.000000000000e0
36,12,2,2,2,sentinel_taylor,64,4.722085335493e-1,6.821473332405e-1,14362.00,2.00,1.00,1.0,0.000000000000e0
36,12,2,2,2,sentinel_exact,128,6.443739893796e-1,7.449697138481e-1,14363.00,1.00,1.00,1.0,0.000000000000e0
36,12,2,2,2,sentinel_taylor,128,6.350396431869e-1,7.407226902458e-1,14363.00,1.00,1.00,1.0,0.000000000000e0
36,12,2,2,3,sentinel_exact,8,1.327313174268e-1,5.510999721526e-1,14364.00,0.00,1.00,0.0,4.677653312683e-3
36,12,2,2,3,sentinel_taylor,8,1.266309601376e-1,5.490114174325e-1,14364.00,0.00,1.00,0.0,4.677653312683e-3
36,12,2,2,3,sentinel_exact,16,1.376641188465e-1,5.516569200780e-1,14364.00,0.00,1.00,0.0,6.398797035217e-3
36,12,2,2,3,sentinel_taylor,16,1.411521309421e-1,5.531885268727e-1,14364.00,0.00,1.00,0.0,6.398797035217e-3
36,12,2,2,3,sentinel_exact,32,6.658817825257e-1,7.568922305764e-1,14364.00,0.00,1.00,0.0,7.585287094116e-4
36,12,2,2,3,sentinel_taylor,32,6.500868033824e-1,7.493038150933e-1,14364.00,0.00,1.00,0.0,7.585287094116e-4
36,12,2,2,3,sentinel_exact,64,7.076072493496e-1,7.837649679755e-1,14364.00,0.00,1.00,0.0,1.060843467712e-3
36,12,2,2,3,sentinel_taylor,64,7.083009436320e-1,7.827903091061e-1,14364.00,0.00,1.00,0.0,1.060843467712e-3
36,12,2,2,3,sentinel_exact,128,7.769021787253e-1,8.135616819827e-1,14364.00,0.00,1.00,1.0,0.000000000000e0
36,12,2,2,3,sentinel_taylor,128,7.743930923526e-1,8.113509749304e-1,14360.00,4.00,1.00,1.0,0.000000000000e0
37,12,2,2,-1,training_exact,96,-1.354573255626e-1,4.529694353547e-1,14363.00,1.00,1.00,0.0,7.569193840027e-3
37,12,2,2,0,sentinel_exact,8,6.402655096936e-1,7.429844718334e-1,14361.00,3.00,1.00,0.0,3.910541534424e-3
37,12,2,2,0,sentinel_taylor,8,6.403277957760e-1,7.427059396978e-1,14361.00,3.00,1.00,0.0,3.910541534424e-3
37,12,2,2,0,sentinel_exact,16,6.197669895562e-1,7.363547758285e-1,14364.00,0.00,1.00,0.0,4.605531692505e-3
37,12,2,2,0,sentinel_taylor,16,6.191270321549e-1,7.359370648844e-1,14364.00,0.00,1.00,0.0,4.605531692505e-3
37,12,2,2,0,sentinel_exact,32,6.742036713283e-1,7.529239766082e-1,14364.00,0.00,1.00,0.0,6.567478179932e-3
37,12,2,2,0,sentinel_taylor,32,6.682987208792e-1,7.496519075466e-1,14364.00,0.00,1.00,0.0,6.567478179932e-3
37,12,2,2,0,sentinel_exact,64,6.899058322226e-1,7.661514898357e-1,14364.00,0.00,1.00,1.0,0.000000000000e0
37,12,2,2,0,sentinel_taylor,64,6.879077972826e-1,7.646895015316e-1,14364.00,0.00,1.00,1.0,0.000000000000e0
37,12,2,2,0,sentinel_exact,128,7.851361344498e-1,8.076441102757e-1,14364.00,0.00,1.00,1.0,0.000000000000e0
37,12,2,2,0,sentinel_taylor,128,7.828645299337e-1,8.072263993317e-1,14364.00,0.00,1.00,1.0,0.000000000000e0
37,12,2,2,1,sentinel_exact,8,1.097944194148e-1,5.386115173038e-1,14361.00,3.00,1.00,0.0,1.054465770721e-2
37,12,2,2,1,sentinel_taylor,8,1.055748452315e-1,5.379151869647e-1,14361.00,3.00,1.00,0.0,1.054465770721e-2
37,12,2,2,1,sentinel_exact,16,2.395029823987e-1,5.855322704170e-1,14363.00,1.00,1.00,0.0,1.045167446136e-2
37,12,2,2,1,sentinel_taylor,16,2.369810113287e-1,5.837916869735e-1,14363.00,1.00,1.00,0.0,1.045167446136e-2
37,12,2,2,1,sentinel_exact,32,3.685069931266e-1,6.345471001880e-1,14363.00,1.00,1.00,1.0,0.000000000000e0
37,12,2,2,1,sentinel_taylor,32,3.647451864274e-1,6.333890281259e-1,14364.00,0.00,1.00,1.0,0.000000000000e0
37,12,2,2,1,sentinel_exact,64,5.420903280332e-1,7.073238652186e-1,14364.00,0.00,1.00,1.0,0.000000000000e0
37,12,2,2,1,sentinel_taylor,64,5.398113957606e-1,7.050264550265e-1,14364.00,0.00,1.00,1.0,0.000000000000e0
37,12,2,2,1,sentinel_exact,128,4.979821190529e-1,6.966722361459e-1,14364.00,0.00,1.00,1.0,0.000000000000e0
37,12,2,2,1,sentinel_taylor,128,4.901768370839e-1,6.929824561404e-1,14364.00,0.00,1.00,1.0,0.000000000000e0
37,12,2,2,2,sentinel_exact,8,2.456764710014e-1,5.830548593706e-1,14364.00,0.00,1.00,0.0,4.434466362000e-3
37,12,2,2,2,sentinel_taylor,8,2.416929092267e-1,5.820220025066e-1,14362.00,2.00,1.00,0.0,4.434466362000e-3
37,12,2,2,2,sentinel_exact,16,3.790465245368e-1,6.344333054859e-1,14364.00,0.00,1.00,0.0,4.434466362000e-3
37,12,2,2,2,sentinel_taylor,16,3.799698218562e-1,6.350598719020e-1,14364.00,0.00,1.00,0.0,4.434466362000e-3
37,12,2,2,2,sentinel_exact,32,3.235863994397e-1,6.128515733779e-1,14364.00,0.00,1.00,0.0,1.606404781342e-2
37,12,2,2,2,sentinel_taylor,32,3.196428451481e-1,6.113199665831e-1,14364.00,0.00,1.00,0.0,1.606404781342e-2
37,12,2,2,2,sentinel_exact,64,4.075075307965e-1,6.575466443887e-1,14364.00,0.00,1.00,1.0,0.000000000000e0
37,12,2,2,2,sentinel_taylor,64,4.006976024192e-1,6.541353383459e-1,14364.00,0.00,1.00,1.0,0.000000000000e0
37,12,2,2,2,sentinel_exact,128,7.466365577110e-1,7.951681403606e-1,14363.00,1.00,1.00,1.0,0.000000000000e0
37,12,2,2,2,sentinel_taylor,128,7.391439221108e-1,7.897375200167e-1,14363.00,1.00,1.00,1.0,0.000000000000e0
37,12,2,2,3,sentinel_exact,8,-2.301700322740e-2,4.897191050394e-1,14347.00,17.00,1.00,0.0,1.419305801392e-2
37,12,2,2,3,sentinel_taylor,8,-2.438975240134e-2,4.898940618902e-1,14348.00,16.00,1.00,0.0,1.419305801392e-2
37,12,2,2,3,sentinel_exact,16,-1.350994040702e-1,4.411027568922e-1,14364.00,0.00,1.00,1.0,0.000000000000e0
37,12,2,2,3,sentinel_taylor,16,-1.362401746938e-1,4.406461045743e-1,14363.00,1.00,1.00,1.0,0.000000000000e0
37,12,2,2,3,sentinel_exact,32,4.371837233431e-1,6.622110832637e-1,14364.00,0.00,1.00,1.0,0.000000000000e0
37,12,2,2,3,sentinel_taylor,32,4.264976722146e-1,6.575924249809e-1,14363.00,1.00,1.00,1.0,0.000000000000e0
37,12,2,2,3,sentinel_exact,64,6.489949676633e-1,7.548732943470e-1,14364.00,0.00,1.00,1.0,0.000000000000e0
37,12,2,2,3,sentinel_taylor,64,6.370262987076e-1,7.474241158452e-1,14364.00,0.00,1.00,1.0,0.000000000000e0
37,12,2,2,3,sentinel_exact,128,7.180566301237e-1,7.846003898635e-1,14364.00,0.00,1.00,1.0,0.000000000000e0
37,12,2,2,3,sentinel_taylor,128,7.166208274508e-1,7.838195363086e-1,14363.00,1.00,1.00,1.0,0.000000000000e0
38,12,2,2,-1,training_exact,96,4.231741803742e-1,6.445481130762e-1,14362.00,2.00,1.00,0.0,3.164291381836e-3
38,12,2,2,0,sentinel_exact,8,6.448303593838e-1,7.440824282930e-1,14364.00,0.00,1.00,1.0,0.000000000000e0
38,12,2,2,0,sentinel_taylor,8,6.450917160325e-1,7.444305207463e-1,14364.00,0.00,1.00,1.0,0.000000000000e0
38,12,2,2,0,sentinel_exact,16,7.042035064537e-1,7.669869117238e-1,14364.00,0.00,1.00,0.0,4.649400711060e-3
38,12,2,2,0,sentinel_taylor,16,7.040422958107e-1,7.671957671958e-1,14364.00,0.00,1.00,0.0,4.649400711060e-3
38,12,2,2,0,sentinel_exact,32,7.195148536679e-1,7.772904483431e-1,14364.00,0.00,1.00,0.0,1.423954963684e-2
38,12,2,2,0,sentinel_taylor,32,7.188333723131e-1,7.771512113617e-1,14364.00,0.00,1.00,0.0,1.423954963684e-2
38,12,2,2,0,sentinel_exact,64,7.471820196397e-1,7.902394876079e-1,14364.00,0.00,1.00,1.0,0.000000000000e0
38,12,2,2,0,sentinel_taylor,64,7.480149412957e-1,7.901698691172e-1,14364.00,0.00,1.00,1.0,0.000000000000e0
38,12,2,2,0,sentinel_exact,128,7.336855134530e-1,7.832080200501e-1,14364.00,0.00,1.00,1.0,0.000000000000e0
38,12,2,2,0,sentinel_taylor,128,7.320636366802e-1,7.823725981621e-1,14364.00,0.00,1.00,1.0,0.000000000000e0
38,12,2,2,1,sentinel_exact,8,1.739509322703e-1,5.583147321429e-1,14336.00,28.00,1.00,0.0,1.578450202942e-2
38,12,2,2,1,sentinel_taylor,8,1.681056279860e-1,5.555633065923e-1,14335.00,29.00,1.00,0.0,1.578450202942e-2
38,12,2,2,1,sentinel_exact,16,2.703184948300e-1,5.981620718463e-1,14364.00,0.00,1.00,0.0,1.578450202942e-2
38,12,2,2,1,sentinel_taylor,16,2.710868535083e-1,5.980644712107e-1,14363.00,1.00,1.00,0.0,1.578450202942e-2
38,12,2,2,1,sentinel_exact,32,4.126472346541e-1,6.508146497702e-1,14362.00,2.00,1.00,1.0,0.000000000000e0
38,12,2,2,1,sentinel_taylor,32,4.184124537665e-1,6.534391534392e-1,14364.00,0.00,1.00,1.0,0.000000000000e0
38,12,2,2,1,sentinel_exact,64,4.139535139341e-1,6.549707602339e-1,14364.00,0.00,1.00,1.0,0.000000000000e0
38,12,2,2,1,sentinel_taylor,64,4.236838119990e-1,6.579405416696e-1,14363.00,1.00,1.00,1.0,0.000000000000e0
38,12,2,2,1,sentinel_exact,128,4.847054455613e-1,6.823308270677e-1,14364.00,0.00,1.00,1.0,0.000000000000e0
38,12,2,2,1,sentinel_taylor,128,4.909572431515e-1,6.849763297132e-1,14364.00,0.00,1.00,1.0,0.000000000000e0
38,12,2,2,2,sentinel_exact,8,3.086292271233e-1,6.086048454470e-1,14364.00,0.00,1.00,0.0,2.492046356201e-2
38,12,2,2,2,sentinel_taylor,8,3.090346963165e-1,6.088833194096e-1,14364.00,0.00,1.00,0.0,2.492046356201e-2
38,12,2,2,2,sentinel_exact,16,3.364539398599e-1,6.171679197995e-1,14364.00,0.00,1.00,0.0,7.407188415527e-3
38,12,2,2,2,sentinel_taylor,16,3.391847504503e-1,6.182121971596e-1,14364.00,0.00,1.00,0.0,7.407188415527e-3
38,12,2,2,2,sentinel_exact,32,3.514086695909e-1,6.240601503759e-1,14364.00,0.00,1.00,0.0,7.407188415527e-3
38,12,2,2,2,sentinel_taylor,32,3.293313605385e-1,6.177944862155e-1,14364.00,0.00,1.00,0.0,7.407188415527e-3
38,12,2,2,2,sentinel_exact,64,4.242551182853e-1,6.554580896686e-1,14364.00,0.00,1.00,1.0,0.000000000000e0
38,12,2,2,2,sentinel_taylor,64,4.238630833124e-1,6.557365636313e-1,14364.00,0.00,1.00,1.0,0.000000000000e0
38,12,2,2,2,sentinel_exact,128,7.456676166290e-1,7.848092453356e-1,14364.00,0.00,1.00,1.0,0.000000000000e0
38,12,2,2,2,sentinel_taylor,128,7.395318418501e-1,7.828599275968e-1,14364.00,0.00,1.00,1.0,0.000000000000e0
38,12,2,2,3,sentinel_exact,8,-1.337622518712e-1,4.555075894722e-1,14362.00,2.00,1.00,0.0,1.909995079041e-2
38,12,2,2,3,sentinel_taylor,8,-1.263122798618e-1,4.581911856854e-1,14363.00,1.00,1.00,0.0,1.909995079041e-2
38,12,2,2,3,sentinel_exact,16,-1.794824039194e-1,4.348370927318e-1,14364.00,0.00,1.00,0.0,1.909995079041e-2
38,12,2,2,3,sentinel_taylor,16,-1.816746244067e-1,4.314954051796e-1,14364.00,0.00,1.00,0.0,1.909995079041e-2
38,12,2,2,3,sentinel_exact,32,3.775579992281e-1,6.393511104922e-1,14363.00,1.00,1.00,1.0,0.000000000000e0
38,12,2,2,3,sentinel_taylor,32,3.952237683111e-1,6.471038707881e-1,14364.00,0.00,1.00,1.0,0.000000000000e0
38,12,2,2,3,sentinel_exact,64,5.649700264228e-1,7.150515176831e-1,14364.00,0.00,1.00,1.0,0.000000000000e0
38,12,2,2,3,sentinel_taylor,64,5.720071152517e-1,7.188805346700e-1,14364.00,0.00,1.00,1.0,0.000000000000e0
38,12,2,2,3,sentinel_exact,128,6.845785532445e-1,7.647591200223e-1,14364.00,0.00,1.00,1.0,0.000000000000e0
38,12,2,2,3,sentinel_taylor,128,6.854200239497e-1,7.654553049290e-1,14364.00,0.00,1.00,1.0,0.000000000000e0
39,13,2,3,-1,training_exact,96,-1.688523909439e-1,4.448857302118e-1,14352.00,8.00,6.00,0.0,2.098202705383e-3
39,13,2,3,0,sentinel_exact,8,2.674066913666e-1,5.924507277666e-1,14359.00,1.00,6.00,0.0,4.315376281738e-5
39,13,2,3,0,sentinel_taylor,8,2.691336056432e-1,5.930078696288e-1,14359.00,1.00,6.00,0.0,4.315376281738e-5
39,13,2,3,0,sentinel_exact,16,2.707898500376e-1,6.017551190974e-1,14358.00,2.00,6.00,0.0,4.315376281738e-5
39,13,2,3,0,sentinel_taylor,16,2.734646595848e-1,6.024935571498e-1,14357.00,3.00,6.00,0.0,4.315376281738e-5
39,13,2,3,0,sentinel_exact,32,4.213512066131e-1,6.574970401839e-1,14359.00,1.00,6.00,0.0,4.315376281738e-5
39,13,2,3,0,sentinel_taylor,32,4.326673180267e-1,6.620454228786e-1,14354.00,6.00,6.00,0.0,4.315376281738e-5
39,13,2,3,0,sentinel_exact,64,4.814921113167e-1,6.826192964124e-1,14355.00,5.00,6.00,0.0,4.315376281738e-5
39,13,2,3,0,sentinel_taylor,64,4.781469166682e-1,6.823693379791e-1,14350.00,10.00,6.00,0.0,4.315376281738e-5
39,13,2,3,0,sentinel_exact,128,5.097880925906e-1,6.981473742861e-1,14358.00,2.00,6.00,0.0,4.315376281738e-5
39,13,2,3,0,sentinel_taylor,128,5.060735222280e-1,6.971997770967e-1,14356.00,4.00,6.00,0.0,4.315376281738e-5
39,13,2,3,1,sentinel_exact,8,-1.085537825717e-1,4.623581029320e-1,14359.00,1.00,6.00,0.0,9.448528289795e-4
39,13,2,3,1,sentinel_taylor,8,-1.103895271194e-1,4.614473775858e-1,14357.00,3.00,6.00,0.0,9.448528289795e-4
39,13,2,3,1,sentinel_exact,16,1.040728430522e-1,5.381990389303e-1,14359.00,1.00,6.00,0.0,9.448528289795e-4
39,13,2,3,1,sentinel_taylor,16,1.219294297830e-1,5.454418831395e-1,14359.00,1.00,6.00,0.0,9.448528289795e-4
39,13,2,3,1,sentinel_exact,32,4.734386010779e-1,6.805961833124e-1,14358.00,2.00,6.00,0.0,4.564523696899e-4
39,13,2,3,1,sentinel_taylor,32,4.758735786412e-1,6.812452120621e-1,14359.00,1.00,6.00,0.0,4.564523696899e-4
39,13,2,3,1,sentinel_exact,64,4.560625305328e-1,6.744218445249e-1,14356.00,4.00,6.00,0.0,4.564523696899e-4
39,13,2,3,1,sentinel_taylor,64,4.697728383003e-1,6.795068264140e-1,14356.00,4.00,6.00,0.0,4.564523696899e-4
39,13,2,3,1,sentinel_exact,128,3.648285725114e-1,6.379022147931e-1,14358.00,2.00,6.00,0.0,4.564523696899e-4
39,13,2,3,1,sentinel_taylor,128,3.580723974551e-1,6.339951236503e-1,14355.00,5.00,6.00,0.0,4.564523696899e-4
39,13,2,3,2,sentinel_exact,8,1.952780985388e-1,5.763632564942e-1,14359.00,1.00,6.00,0.0,8.034706115723e-4
39,13,2,3,2,sentinel_taylor,8,1.963613891777e-1,5.778953966154e-1,14359.00,1.00,6.00,0.0,8.034706115723e-4
39,13,2,3,2,sentinel_exact,16,2.917326676454e-1,6.129683799972e-1,14358.00,2.00,6.00,0.0,4.564523696899e-4
39,13,2,3,2,sentinel_taylor,16,2.922395063034e-1,6.129683799972e-1,14358.00,2.00,6.00,0.0,4.564523696899e-4
39,13,2,3,2,sentinel_exact,32,2.801826816403e-1,6.054042760638e-1,14359.00,1.00,6.00,0.0,4.564523696899e-4
39,13,2,3,2,sentinel_taylor,32,2.702817900817e-1,6.021730045967e-1,14358.00,2.00,6.00,0.0,4.564523696899e-4
39,13,2,3,2,sentinel_exact,64,1.629291872687e-1,5.604234868009e-1,14357.00,3.00,6.00,0.0,4.564523696899e-4
39,13,2,3,2,sentinel_taylor,64,1.636015122123e-1,5.607717489726e-1,14357.00,3.00,6.00,0.0,9.448528289795e-4
39,13,2,3,2,sentinel_exact,128,3.040476257366e-1,6.156846357431e-1,14358.00,2.00,6.00,0.0,1.426100730896e-3
39,13,2,3,2,sentinel_taylor,128,3.124236304781e-1,6.184073016094e-1,14353.00,7.00,6.00,0.0,1.426100730896e-3
39,13,2,3,3,sentinel_exact,8,2.157151705424e-1,5.859009292252e-1,14313.00,47.00,6.00,0.0,1.524090766907e-3
39,13,2,3,3,sentinel_taylor,8,2.137792181880e-1,5.850625305666e-1,14313.00,47.00,6.00,0.0,1.524090766907e-3
39,13,2,3,3,sentinel_exact,16,-1.205910353012e-2,4.996865640454e-1,14357.00,3.00,6.00,0.0,2.278327941895e-3
39,13,2,3,3,sentinel_taylor,16,-1.107170380032e-2,5.003483349589e-1,14354.00,6.00,6.00,0.0,1.524090766907e-3
39,13,2,3,3,sentinel_exact,32,1.194633118364e-1,5.487983281087e-1,14355.00,5.00,6.00,0.0,1.524090766907e-3
39,13,2,3,3,sentinel_taylor,32,7.974953621233e-2,5.362167432790e-1,14358.00,2.00,6.00,0.0,1.524090766907e-3
39,13,2,3,3,sentinel_exact,64,2.095402098813e-1,5.799888517280e-1,14352.00,8.00,6.00,0.0,4.315376281738e-5
39,13,2,3,3,sentinel_taylor,64,1.887357245539e-1,5.730603148071e-1,14358.00,2.00,6.00,0.0,4.315376281738e-5
39,13,2,3,3,sentinel_exact,128,2.913968107033e-1,6.133166179134e-1,14358.00,2.00,6.00,0.0,4.315376281738e-5
39,13,2,3,3,sentinel_taylor,128,2.744807801172e-1,6.080657518980e-1,14357.00,3.00,6.00,0.0,4.315376281738e-5
40,13,2,3,-1,training_exact,96,4.649618359335e-1,6.737041453321e-1,14257.00,108.00,105.00,0.0,3.789663314819e-3
40,13,2,3,0,sentinel_exact,8,1.934262297533e-1,5.758235583339e-1,14237.00,78.00,105.00,0.0,7.575631141663e-3
40,13,2,3,0,sentinel_taylor,8,1.931720576012e-1,5.761045164009e-1,14237.00,78.00,105.00,0.0,7.575631141663e-3
40,13,2,3,0,sentinel_exact,16,1.281318185301e-1,5.535063113604e-1,14260.00,55.00,105.00,0.0,7.575631141663e-3
40,13,2,3,0,sentinel_taylor,16,1.301063669375e-1,5.546283309958e-1,14260.00,55.00,105.00,0.0,7.575631141663e-3
40,13,2,3,0,sentinel_exact,32,3.386890277203e-1,6.384291725105e-1,14260.00,66.00,105.00,0.0,9.801506996155e-3
40,13,2,3,0,sentinel_taylor,32,3.408762703834e-1,6.377980364656e-1,14260.00,67.00,105.00,0.0,9.801506996155e-3
40,13,2,3,0,sentinel_exact,64,3.418749864129e-1,6.382889200561e-1,14260.00,78.00,105.00,0.0,7.575631141663e-3
40,13,2,3,0,sentinel_taylor,64,3.561532710078e-1,6.429823946132e-1,14257.00,83.00,105.00,0.0,7.575631141663e-3
40,13,2,3,0,sentinel_exact,128,5.151103552744e-1,6.956796184598e-1,14258.00,93.00,105.00,0.0,7.575631141663e-3
40,13,2,3,0,sentinel_taylor,128,5.125369227910e-1,6.953015427770e-1,14260.00,80.00,105.00,0.0,7.575631141663e-3
40,13,2,3,1,sentinel_exact,8,7.093596661147e-2,5.316269284712e-1,14260.00,105.00,105.00,0.0,2.096891403198e-3
40,13,2,3,1,sentinel_taylor,8,7.014158351105e-2,5.314165497896e-1,14260.00,105.00,105.00,0.0,2.096891403198e-3
40,13,2,3,1,sentinel_exact,16,4.357741263314e-2,5.143057503506e-1,14260.00,105.00,105.00,0.0,6.365537643433e-3
40,13,2,3,1,sentinel_taylor,16,4.383161522527e-2,5.153576437588e-1,14260.00,105.00,105.00,0.0,6.365537643433e-3
40,13,2,3,1,sentinel_exact,32,4.691052190970e-1,6.868162692847e-1,14260.00,105.00,105.00,0.0,6.365537643433e-3
40,13,2,3,1,sentinel_taylor,32,4.689805620566e-1,6.871669004208e-1,14260.00,105.00,105.00,0.0,6.365537643433e-3
40,13,2,3,1,sentinel_exact,64,4.943446033890e-1,6.929873772791e-1,14260.00,105.00,105.00,0.0,6.365537643433e-3
40,13,2,3,1,sentinel_taylor,64,5.011249686830e-1,6.959326788219e-1,14260.00,105.00,105.00,0.0,6.365537643433e-3
40,13,2,3,1,sentinel_exact,128,4.302684403815e-1,6.752454417952e-1,14260.00,105.00,105.00,0.0,6.365537643433e-3
40,13,2,3,1,sentinel_taylor,128,4.412297744328e-1,6.790798793744e-1,14259.00,94.00,105.00,0.0,6.365537643433e-3
40,13,2,3,2,sentinel_exact,8,-1.818147376397e-1,4.469845722300e-1,14260.00,105.00,105.00,0.0,1.679754257202e-2
40,13,2,3,2,sentinel_taylor,8,-1.764055997898e-1,4.504908835905e-1,14260.00,105.00,105.00,0.0,1.679754257202e-2
40,13,2,3,2,sentinel_exact,16,-1.811596771138e-1,4.458625525947e-1,14260.00,105.00,105.00,0.0,1.679754257202e-2
40,13,2,3,2,sentinel_taylor,16,-1.790942810527e-1,4.460028050491e-1,14260.00,105.00,105.00,0.0,1.679754257202e-2
40,13,2,3,2,sentinel_exact,32,-1.623804606200e-1,4.488779803647e-1,14260.00,105.00,105.00,0.0,1.679754257202e-2
40,13,2,3,2,sentinel_taylor,32,-1.513886427659e-1,4.542075736325e-1,14260.00,105.00,105.00,0.0,1.679754257202e-2
40,13,2,3,2,sentinel_exact,64,-1.504084962328e-1,4.522440392707e-1,14260.00,105.00,105.00,0.0,6.365537643433e-3
40,13,2,3,2,sentinel_taylor,64,-1.545979504916e-1,4.537868162693e-1,14260.00,105.00,105.00,0.0,6.365537643433e-3
40,13,2,3,2,sentinel_exact,128,2.094543810228e-1,5.789621318373e-1,14260.00,105.00,105.00,0.0,6.365537643433e-3
40,13,2,3,2,sentinel_taylor,128,1.988673305275e-1,5.782718473839e-1,14258.00,107.00,105.00,0.0,6.365537643433e-3
40,13,2,3,3,sentinel_exact,8,4.207918967745e-1,6.617471361304e-1,14229.00,136.00,105.00,0.0,6.365537643433e-3
40,13,2,3,3,sentinel_taylor,8,4.210534730559e-1,6.617471361304e-1,14229.00,136.00,105.00,0.0,6.365537643433e-3
40,13,2,3,3,sentinel_exact,16,3.471942345794e-1,6.250788975384e-1,14259.00,92.00,105.00,0.0,1.187825202942e-2
40,13,2,3,3,sentinel_taylor,16,3.484246262353e-1,6.252454417952e-1,14260.00,91.00,105.00,0.0,1.187825202942e-2
40,13,2,3,3,sentinel_exact,32,4.986291670691e-1,6.936185133240e-1,14260.00,91.00,105.00,0.0,6.365537643433e-3
40,13,2,3,3,sentinel_taylor,32,4.997412320600e-1,6.949509116410e-1,14260.00,91.00,105.00,0.0,6.365537643433e-3
40,13,2,3,3,sentinel_exact,64,4.237067967988e-1,6.731187320289e-1,14259.00,92.00,105.00,0.0,2.096891403198e-3
40,13,2,3,3,sentinel_taylor,64,4.238427511582e-1,6.737802737803e-1,14245.00,106.00,105.00,0.0,2.096891403198e-3
40,13,2,3,3,sentinel_exact,128,6.019176970163e-1,7.403043691703e-1,14259.00,68.00,105.00,0.0,8.119225502014e-3
40,13,2,3,3,sentinel_taylor,128,5.953254128913e-1,7.368494880067e-1,14258.00,68.00,105.00,0.0,6.365537643433e-3
41,13,2,3,-1,training_exact,96,-2.218397500727e-1,4.174155346569e-1,14355.00,6.00,7.00,0.0,9.273767471313e-3
41,13,2,3,0,sentinel_exact,8,3.123151217631e-1,6.152345111158e-1,14349.00,15.00,7.00,0.0,4.861831665039e-3
41,13,2,3,0,sentinel_taylor,8,2.732530697091e-1,5.999581473214e-1,14336.00,28.00,7.00,0.0,4.861831665039e-3
41,13,2,3,0,sentinel_exact,16,6.098459080863e-2,5.206519467855e-1,14357.00,4.00,7.00,0.0,4.861831665039e-3
41,13,2,3,0,sentinel_taylor,16,8.341592487137e-4,4.996863892954e-1,14349.00,12.00,7.00,0.0,4.943251609802e-3
41,13,2,3,0,sentinel_exact,32,2.268546252299e-1,5.851789942889e-1,14358.00,3.00,7.00,0.0,5.491137504578e-3
41,13,2,3,0,sentinel_taylor,32,1.916250303812e-1,5.693389983980e-1,14357.00,4.00,7.00,0.0,1.174676418304e-2
41,13,2,3,0,sentinel_exact,64,1.938330295359e-1,5.713887728096e-1,14358.00,3.00,7.00,0.0,5.491137504578e-3
41,13,2,3,0,sentinel_taylor,64,1.686702182234e-1,5.596656217346e-1,14355.00,6.00,7.00,0.0,5.491137504578e-3
41,13,2,3,0,sentinel_exact,128,3.243952259288e-1,6.140130937456e-1,14358.00,3.00,7.00,0.0,4.802703857422e-3
41,13,2,3,0,sentinel_taylor,128,3.008499054120e-1,6.043045204430e-1,14357.00,4.00,7.00,0.0,4.802703857422e-3
41,13,2,3,1,sentinel_exact,8,-3.633023915037e-2,4.864883688536e-1,14358.00,6.00,7.00,0.0,1.664662361145e-2
41,13,2,3,1,sentinel_taylor,8,-3.724133466945e-2,4.861401309375e-1,14358.00,6.00,7.00,0.0,1.664662361145e-2
41,13,2,3,1,sentinel_exact,16,-1.982426603990e-2,4.938013650926e-1,14358.00,6.00,7.00,0.0,1.664662361145e-2
41,13,2,3,1,sentinel_taylor,16,-1.884233467616e-2,4.940799554255e-1,14358.00,6.00,7.00,0.0,1.664662361145e-2
41,13,2,3,1,sentinel_exact,32,3.828154578563e-1,6.341157623459e-1,14357.00,7.00,7.00,0.0,3.386497497559e-3
41,13,2,3,1,sentinel_taylor,32,3.807854107472e-1,6.330965315504e-1,14358.00,6.00,7.00,0.0,3.386497497559e-3
41,13,2,3,1,sentinel_exact,64,4.011363122931e-1,6.479481641469e-1,14353.00,11.00,7.00,0.0,3.829836845398e-3
41,13,2,3,1,sentinel_taylor,64,3.919838201062e-1,6.449118896705e-1,14357.00,7.00,7.00,0.0,3.829836845398e-3
41,13,2,3,1,sentinel_exact,128,4.415369179935e-1,6.559409388494e-1,14358.00,6.00,7.00,0.0,4.861831665039e-3
41,13,2,3,1,sentinel_taylor,128,4.342547907379e-1,6.524101421009e-1,14356.00,8.00,7.00,0.0,4.861831665039e-3
41,13,2,3,2,sentinel_exact,8,1.630164833789e-1,5.584343223290e-1,14358.00,6.00,7.00,0.0,1.664662361145e-2
41,13,2,3,2,sentinel_taylor,8,1.620772977835e-1,5.579467892464e-1,14358.00,6.00,7.00,0.0,1.664662361145e-2
41,13,2,3,2,sentinel_exact,16,2.082158588022e-1,5.748015043878e-1,14358.00,6.00,7.00,0.0,3.829836845398e-3
41,13,2,3,2,sentinel_taylor,16,2.053457857863e-1,5.739657333891e-1,14358.00,6.00,7.00,0.0,3.829836845398e-3
41,13,2,3,2,sentinel_exact,32,1.619148638639e-1,5.548822955843e-1,14358.00,6.00,7.00,0.0,3.829836845398e-3
41,13,2,3,2,sentinel_taylor,32,1.596188054512e-1,5.545340576682e-1,14358.00,6.00,7.00,0.0,3.829836845398e-3
41,13,2,3,2,sentinel_exact,64,1.943020099615e-1,5.663044992339e-1,14358.00,3.00,7.00,0.0,9.305953979492e-3
41,13,2,3,2,sentinel_taylor,64,1.861876715566e-1,5.635185959047e-1,14358.00,3.00,7.00,0.0,9.305953979492e-3
41,13,2,3,2,sentinel_exact,128,4.530805559894e-1,6.628822177335e-1,14357.00,4.00,7.00,0.0,1.288414001465e-3
41,13,2,3,2,sentinel_taylor,128,4.590160931251e-1,6.651807480671e-1,14357.00,4.00,7.00,0.0,1.288414001465e-3
41,13,2,3,3,sentinel_exact,8,2.986002234605e-1,6.032650763493e-1,14211.00,153.00,7.00,0.0,3.829836845398e-3
41,13,2,3,3,sentinel_taylor,8,2.953093141391e-1,6.017873478291e-1,14211.00,153.00,7.00,0.0,3.829836845398e-3
41,13,2,3,3,sentinel_exact,16,2.162630550157e-1,5.792589497144e-1,14358.00,6.00,7.00,0.0,3.386497497559e-3
41,13,2,3,3,sentinel_taylor,16,2.117859424140e-1,5.773009127012e-1,14353.00,11.00,7.00,0.0,3.386497497559e-3
41,13,2,3,3,sentinel_exact,32,2.503782988963e-1,5.932994358153e-1,14357.00,4.00,7.00,0.0,2.193212509155e-3
41,13,2,3,3,sentinel_taylor,32,2.415433862133e-1,5.899561189664e-1,14357.00,4.00,7.00,0.0,2.193212509155e-3
41,13,2,3,3,sentinel_exact,64,1.859722958400e-1,5.662046388521e-1,14357.00,7.00,7.00,0.0,6.628036499023e-5
41,13,2,3,3,sentinel_taylor,64,1.765254752722e-1,5.628613220032e-1,14357.00,7.00,7.00,0.0,6.628036499023e-5
41,13,2,3,3,sentinel_exact,128,3.527099901136e-1,6.225797464828e-1,14358.00,6.00,7.00,1.0,0.000000000000e0
41,13,2,3,3,sentinel_taylor,128,3.552981580227e-1,6.234589398899e-1,14357.00,7.00,7.00,1.0,0.000000000000e0
42,14,2,4,-1,training_exact,96,-2.282570662828e-1,4.241432153803e-1,14356.00,7.00,2.00,0.0,7.293462753296e-3
42,14,2,4,0,sentinel_exact,8,5.591500280593e-1,7.213480016711e-1,14362.00,1.00,2.00,1.0,0.000000000000e0
42,14,2,4,0,sentinel_taylor,8,5.527511213022e-1,7.183147632312e-1,14360.00,3.00,2.00,1.0,0.000000000000e0
42,14,2,4,0,sentinel_exact,16,4.418502686888e-1,6.772777932572e-1,14356.00,7.00,2.00,1.0,0.000000000000e0
42,14,2,4,0,sentinel_taylor,16,4.357793459228e-1,6.744671959883e-1,14358.00,5.00,2.00,1.0,0.000000000000e0
42,14,2,4,0,sentinel_exact,32,5.919267614721e-1,7.266587760217e-1,14363.00,0.00,2.00,1.0,0.000000000000e0
42,14,2,4,0,sentinel_taylor,32,5.891860369260e-1,7.248607242340e-1,14360.00,3.00,2.00,1.0,0.000000000000e0
42,14,2,4,0,sentinel_exact,64,5.706033254622e-1,7.246901545746e-1,14362.00,1.00,2.00,1.0,0.000000000000e0
42,14,2,4,0,sentinel_taylor,64,5.639277311346e-1,7.216265144130e-1,14362.00,1.00,2.00,1.0,0.000000000000e0
42,14,2,4,0,sentinel_exact,128,7.236351578860e-1,7.870073805877e-1,14362.00,1.00,2.00,1.0,0.000000000000e0
42,14,2,4,0,sentinel_taylor,128,7.170162731761e-1,7.833263685750e-1,14358.00,5.00,2.00,1.0,0.000000000000e0
42,14,2,4,1,sentinel_exact,8,2.938561459305e-1,6.009749303621e-1,14360.00,3.00,2.00,0.0,1.237988471985e-3
42,14,2,4,1,sentinel_taylor,8,2.948209701493e-1,6.012534818942e-1,14360.00,3.00,2.00,0.0,1.237988471985e-3
42,14,2,4,1,sentinel_exact,16,3.876773627815e-1,6.350278551532e-1,14360.00,3.00,2.00,0.0,1.109242439270e-3
42,14,2,4,1,sentinel_taylor,16,3.947511119907e-1,6.384401114206e-1,14360.00,3.00,2.00,0.0,1.109242439270e-3
42,14,2,4,1,sentinel_exact,32,3.025316818993e-1,6.077148029522e-1,14362.00,1.00,2.00,0.0,9.158849716187e-4
42,14,2,4,1,sentinel_taylor,32,3.109075076667e-1,6.109602395376e-1,14361.00,2.00,2.00,0.0,9.158849716187e-4
42,14,2,4,1,sentinel_exact,64,5.398102717079e-1,6.938022284123e-1,14360.00,3.00,2.00,0.0,9.158849716187e-4
42,14,2,4,1,sentinel_taylor,64,5.527579028626e-1,6.989344661885e-1,14359.00,4.00,2.00,0.0,9.158849716187e-4
42,14,2,4,1,sentinel_exact,128,5.678812264032e-1,7.127037191809e-1,14358.00,5.00,2.00,0.0,9.158849716187e-4
42,14,2,4,1,sentinel_taylor,128,5.740194662574e-1,7.171112194443e-1,14359.00,4.00,2.00,0.0,9.158849716187e-4
42,14,2,4,2,sentinel_exact,8,3.966592513358e-1,6.512259682363e-1,14356.00,7.00,2.00,0.0,9.158849716187e-4
42,14,2,4,2,sentinel_taylor,8,3.939565106737e-1,6.489969350794e-1,14356.00,7.00,2.00,0.0,9.158849716187e-4
42,14,2,4,2,sentinel_exact,16,5.348401661694e-1,6.989973541290e-1,14362.00,1.00,2.00,0.0,9.158849716187e-4
42,14,2,4,2,sentinel_taylor,16,5.377181921160e-1,7.008356545961e-1,14360.00,3.00,2.00,0.0,9.158849716187e-4
42,14,2,4,2,sentinel_exact,32,5.113681121296e-1,6.930789583623e-1,14362.00,1.00,2.00,0.0,9.158849716187e-4
42,14,2,4,2,sentinel_taylor,32,5.150665056186e-1,6.952858436042e-1,14361.00,2.00,2.00,0.0,9.158849716187e-4
42,14,2,4,2,sentinel_exact,64,5.346731753548e-1,7.073323584709e-1,14361.00,2.00,2.00,0.0,8.625984191895e-4
42,14,2,4,2,sentinel_taylor,64,5.251828434617e-1,7.006338371526e-1,14357.00,6.00,2.00,0.0,8.625984191895e-4
42,14,2,4,2,sentinel_exact,128,5.753630604675e-1,7.246709839148e-1,14361.00,2.00,2.00,0.0,8.625984191895e-4
42,14,2,4,2,sentinel_taylor,128,5.735674065879e-1,7.253168082440e-1,14362.00,1.00,2.00,0.0,8.625984191895e-4
42,14,2,4,3,sentinel_exact,8,-2.383679857010e-1,4.052638927674e-1,14324.00,39.00,2.00,0.0,2.520084381104e-3
42,14,2,4,3,sentinel_taylor,8,-3.140486791659e-1,3.794331192404e-1,14324.00,39.00,2.00,0.0,2.520084381104e-3
42,14,2,4,3,sentinel_exact,16,4.127605629678e-2,5.104086889926e-1,14363.00,0.00,2.00,0.0,4.892468452454e-3
42,14,2,4,3,sentinel_taylor,16,2.398499762153e-2,5.044562038713e-1,14362.00,1.00,2.00,0.0,4.892468452454e-3
42,14,2,4,3,sentinel_exact,32,3.194869098630e-1,6.186464280741e-1,14362.00,1.00,2.00,0.0,4.892468452454e-3
42,14,2,4,3,sentinel_taylor,32,3.326137865970e-1,6.229108635097e-1,14360.00,3.00,2.00,0.0,4.892468452454e-3
42,14,2,4,3,sentinel_exact,64,4.270270138238e-1,6.557342803426e-1,14361.00,2.00,2.00,0.0,9.158849716187e-4
42,14,2,4,3,sentinel_taylor,64,4.285798031762e-1,6.564523991921e-1,14359.00,4.00,2.00,0.0,9.158849716187e-4
42,14,2,4,3,sentinel_exact,128,4.680884584501e-1,6.795264623955e-1,14360.00,3.00,2.00,0.0,8.625984191895e-4
42,14,2,4,3,sentinel_taylor,128,4.677336720394e-1,6.798746518106e-1,14360.00,3.00,2.00,0.0,8.625984191895e-4
43,14,2,4,-1,training_exact,96,1.404427313757e-1,5.404859708974e-1,14363.00,2.00,1.00,0.0,1.040160655975e-2
43,14,2,4,0,sentinel_exact,8,6.918880827681e-1,7.637883008357e-1,14360.00,5.00,1.00,1.0,0.000000000000e0
43,14,2,4,0,sentinel_taylor,8,6.877275044970e-1,7.608968110291e-1,14362.00,3.00,1.00,1.0,0.000000000000e0
43,14,2,4,0,sentinel_exact,16,6.247477261011e-1,7.403564963097e-1,14362.00,3.00,1.00,1.0,0.000000000000e0
43,14,2,4,0,sentinel_taylor,16,6.276128858923e-1,7.403564963097e-1,14362.00,3.00,1.00,1.0,0.000000000000e0
43,14,2,4,0,sentinel_exact,32,6.959475674598e-1,7.771512113617e-1,14364.00,0.00,1.00,1.0,0.000000000000e0
43,14,2,4,0,sentinel_taylor,32,7.009304418822e-1,7.799359509886e-1,14364.00,0.00,1.00,1.0,0.000000000000e0
43,14,2,4,0,sentinel_exact,64,6.916771290810e-1,7.689201420316e-1,14363.00,1.00,1.00,1.0,0.000000000000e0
43,14,2,4,0,sentinel_taylor,64,6.923337622108e-1,7.706070732387e-1,14364.00,0.00,1.00,1.0,0.000000000000e0
43,14,2,4,0,sentinel_exact,128,7.191455087493e-1,7.840679618411e-1,14361.00,3.00,1.00,1.0,0.000000000000e0
43,14,2,4,0,sentinel_taylor,128,7.174074334177e-1,7.849731912819e-1,14361.00,3.00,1.00,1.0,0.000000000000e0
43,14,2,4,1,sentinel_exact,8,1.452978613799e-1,5.423693379791e-1,14350.00,15.00,1.00,0.0,9.671211242676e-3
43,14,2,4,1,sentinel_taylor,8,1.467365749895e-1,5.429965156794e-1,14350.00,15.00,1.00,0.0,9.671211242676e-3
43,14,2,4,1,sentinel_exact,16,2.544031598510e-1,5.802787456446e-1,14350.00,15.00,1.00,0.0,8.161306381226e-3
43,14,2,4,1,sentinel_taylor,16,2.556147081538e-1,5.804181184669e-1,14350.00,15.00,1.00,0.0,8.161306381226e-3
43,14,2,4,1,sentinel_exact,32,3.624361403686e-1,6.364459930314e-1,14350.00,15.00,1.00,0.0,8.161306381226e-3
43,14,2,4,1,sentinel_taylor,32,3.550984566959e-1,6.342160278746e-1,14350.00,15.00,1.00,0.0,8.161306381226e-3
43,14,2,4,1,sentinel_exact,64,3.922550451634e-1,6.453634085213e-1,14364.00,1.00,1.00,0.0,8.161306381226e-3
43,14,2,4,1,sentinel_taylor,64,3.888385782903e-1,6.439662976116e-1,14361.00,4.00,1.00,0.0,8.161306381226e-3
43,14,2,4,1,sentinel_exact,128,5.803039074177e-1,7.286400668477e-1,14361.00,4.00,1.00,0.0,4.518866539001e-3
43,14,2,4,1,sentinel_taylor,128,5.711691334794e-1,7.240635009052e-1,14362.00,3.00,1.00,0.0,4.518866539001e-3
43,14,2,4,2,sentinel_exact,8,5.564931075984e-1,7.222454380833e-1,14358.00,7.00,1.00,1.0,0.000000000000e0
43,14,2,4,2,sentinel_taylor,8,5.562570568337e-1,7.220558534717e-1,14359.00,6.00,1.00,1.0,0.000000000000e0
43,14,2,4,2,sentinel_exact,16,5.914097931803e-1,7.451267056530e-1,14364.00,0.00,1.00,1.0,0.000000000000e0
43,14,2,4,2,sentinel_taylor,16,5.910531756971e-1,7.447786131997e-1,14364.00,0.00,1.00,1.0,0.000000000000e0
43,14,2,4,2,sentinel_exact,32,5.909163909091e-1,7.378863826232e-1,14364.00,0.00,1.00,1.0,0.000000000000e0
43,14,2,4,2,sentinel_taylor,32,5.915551270176e-1,7.378167641326e-1,14364.00,0.00,1.00,1.0,0.000000000000e0
43,14,2,4,2,sentinel_exact,64,5.968933976304e-1,7.314814814815e-1,14364.00,0.00,1.00,1.0,0.000000000000e0
43,14,2,4,2,sentinel_taylor,64,5.936105627169e-1,7.304372041214e-1,14364.00,0.00,1.00,1.0,0.000000000000e0
43,14,2,4,2,sentinel_exact,128,6.510809356813e-1,7.475633528265e-1,14364.00,0.00,1.00,1.0,0.000000000000e0
43,14,2,4,2,sentinel_taylor,128,6.516997057293e-1,7.485029940120e-1,14362.00,2.00,1.00,1.0,0.000000000000e0
43,14,2,4,3,sentinel_exact,8,5.052872514165e-2,5.224609375000e-1,14336.00,29.00,1.00,0.0,8.161306381226e-3
43,14,2,4,3,sentinel_taylor,8,4.437306306367e-2,5.200530096952e-1,14337.00,28.00,1.00,0.0,8.161306381226e-3
43,14,2,4,3,sentinel_exact,16,2.096686928798e-1,5.814634146341e-1,14350.00,15.00,1.00,0.0,1.162612438202e-2
43,14,2,4,3,sentinel_taylor,16,2.000912326198e-1,5.776012265663e-1,14349.00,16.00,1.00,0.0,1.162612438202e-2
43,14,2,4,3,sentinel_exact,32,3.682041123395e-1,6.335723734596e-1,14363.00,1.00,1.00,0.0,7.813334465027e-3
43,14,2,4,3,sentinel_taylor,32,3.667688685151e-1,6.315789473684e-1,14364.00,0.00,1.00,0.0,7.813334465027e-3
43,14,2,4,3,sentinel_exact,64,4.699986382587e-1,6.739069896965e-1,14364.00,0.00,1.00,0.0,8.161306381226e-3
43,14,2,4,3,sentinel_taylor,64,4.730738534047e-1,6.749512670565e-1,14364.00,0.00,1.00,0.0,7.217764854431e-3
43,14,2,4,3,sentinel_exact,128,5.985636358419e-1,7.212087453001e-1,14362.00,2.00,1.00,1.0,0.000000000000e0
43,14,2,4,3,sentinel_taylor,128,5.937436836267e-1,7.190893901420e-1,14364.00,0.00,1.00,1.0,0.000000000000e0
44,14,2,4,-1,training_exact,96,-2.451859604821e-1,4.164055427895e-1,14361.00,4.00,0.00,0.0,1.103639602661e-2
44,14,2,4,0,sentinel_exact,8,5.871371955567e-1,7.118077324974e-1,14355.00,10.00,0.00,0.0,8.200168609619e-3
44,14,2,4,0,sentinel_taylor,8,5.871445233982e-1,7.119470567746e-1,14355.00,10.00,0.00,0.0,8.200168609619e-3
44,14,2,4,0,sentinel_exact,16,5.446230656230e-1,7.014343406211e-1,14362.00,3.00,0.00,0.0,8.200168609619e-3
44,14,2,4,0,sentinel_taylor,16,5.484115226756e-1,7.026180197744e-1,14362.00,3.00,0.00,0.0,8.200168609619e-3
44,14,2,4,0,sentinel_exact,32,7.154389628788e-1,7.674208144796e-1,14365.00,0.00,0.00,1.0,0.000000000000e0
44,14,2,4,0,sentinel_taylor,32,7.192738197739e-1,7.686738600766e-1,14365.00,0.00,0.00,1.0,0.000000000000e0
44,14,2,4,0,sentinel_exact,64,7.170380719697e-1,7.769423558897e-1,14364.00,1.00,0.00,0.0,8.200168609619e-3
44,14,2,4,0,sentinel_taylor,64,7.205732744671e-1,7.782109293422e-1,14365.00,0.00,0.00,0.0,8.200168609619e-3
44,14,2,4,0,sentinel_exact,128,7.903847680461e-1,8.115558649495e-1,14365.00,0.00,0.00,1.0,0.000000000000e0
44,14,2,4,0,sentinel_taylor,128,7.933109836896e-1,8.136442742778e-1,14365.00,0.00,0.00,1.0,0.000000000000e0
44,14,2,4,1,sentinel_exact,8,1.862424079929e-1,5.673452314557e-1,14344.00,21.00,0.00,0.0,1.897573471069e-3
44,14,2,4,1,sentinel_taylor,8,1.837533297686e-1,5.662297824875e-1,14344.00,21.00,0.00,0.0,1.897573471069e-3
44,14,2,4,1,sentinel_exact,16,2.206086201449e-1,5.788887341596e-1,14362.00,3.00,0.00,0.0,1.381587982178e-2
44,14,2,4,1,sentinel_taylor,16,2.226408550049e-1,5.793065032725e-1,14362.00,3.00,0.00,0.0,1.381587982178e-2
44,14,2,4,1,sentinel_exact,32,4.698887219111e-1,6.795460874408e-1,14364.00,1.00,0.00,0.0,1.073074340820e-2
44,14,2,4,1,sentinel_taylor,32,4.789751399755e-1,6.835839598997e-1,14364.00,1.00,0.00,0.0,1.073074340820e-2
44,14,2,4,1,sentinel_exact,64,5.418835986590e-1,7.069961712496e-1,14365.00,0.00,0.00,0.0,4.615306854248e-3
44,14,2,4,1,sentinel_taylor,64,5.488742740946e-1,7.106856943961e-1,14365.00,0.00,0.00,0.0,4.615306854248e-3
44,14,2,4,1,sentinel_exact,128,6.512600680260e-1,7.495301079011e-1,14365.00,0.00,0.00,0.0,1.980781555176e-3
44,14,2,4,1,sentinel_taylor,128,6.569293055123e-1,7.524538809607e-1,14365.00,0.00,0.00,0.0,1.980781555176e-3
44,14,2,4,2,sentinel_exact,8,4.791663359318e-1,6.760710553814e-1,14355.00,10.00,0.00,0.0,4.267215728760e-3
44,14,2,4,2,sentinel_taylor,8,4.785092728085e-1,6.761407175200e-1,14355.00,10.00,0.00,0.0,4.267215728760e-3
44,14,2,4,2,sentinel_exact,16,5.316797813409e-1,6.941233811447e-1,14362.00,3.00,0.00,0.0,4.267215728760e-3
44,14,2,4,2,sentinel_taylor,16,5.314575056531e-1,6.935663556608e-1,14362.00,3.00,0.00,0.0,4.267215728760e-3
44,14,2,4,2,sentinel_exact,32,5.944752379843e-1,7.225703146756e-1,14364.00,1.00,0.00,0.0,4.267215728760e-3
44,14,2,4,2,sentinel_taylor,32,6.036604653396e-1,7.267093719538e-1,14362.00,3.00,0.00,0.0,4.267215728760e-3
44,14,2,4,2,sentinel_exact,64,6.906736036053e-1,7.609467455621e-1,14365.00,0.00,0.00,0.0,4.615306854248e-3
44,14,2,4,2,sentinel_taylor,64,7.022596372275e-1,7.667618185616e-1,14363.00,2.00,0.00,0.0,4.615306854248e-3
44,14,2,4,2,sentinel_exact,128,7.349023697984e-1,7.770660725475e-1,14363.00,2.00,0.00,0.0,1.980781555176e-3
44,14,2,4,2,sentinel_taylor,128,7.411007504839e-1,7.800208840933e-1,14365.00,0.00,0.00,0.0,1.980781555176e-3
44,14,2,4,3,sentinel_exact,8,4.958871991045e-1,6.780194419190e-1,14299.00,66.00,0.00,0.0,3.577232360840e-3
44,14,2,4,3,sentinel_taylor,8,4.951137522902e-1,6.772138606930e-1,14285.00,80.00,0.00,0.0,3.577232360840e-3
44,14,2,4,3,sentinel_exact,16,4.298618551887e-1,6.611823759063e-1,14344.00,21.00,0.00,0.0,4.737615585327e-3
44,14,2,4,3,sentinel_taylor,16,4.303289926635e-1,6.614398215904e-1,14349.00,16.00,0.00,0.0,4.737615585327e-3
44,14,2,4,3,sentinel_exact,32,4.338825690382e-1,6.563631300473e-1,14364.00,1.00,0.00,0.0,6.591081619263e-3
44,14,2,4,3,sentinel_taylor,32,4.350540544505e-1,6.573835549676e-1,14363.00,2.00,0.00,0.0,6.591081619263e-3
44,14,2,4,3,sentinel_exact,64,5.800001221292e-1,7.170901496693e-1,14365.00,0.00,0.00,0.0,4.615306854248e-3
44,14,2,4,3,sentinel_taylor,64,5.686143639905e-1,7.129629629630e-1,14364.00,1.00,0.00,0.0,4.615306854248e-3
44,14,2,4,3,sentinel_exact,128,6.260651962710e-1,7.360066833751e-1,14364.00,1.00,0.00,0.0,1.980781555176e-3
44,14,2,4,3,sentinel_taylor,128,6.251712099776e-1,7.359370648844e-1,14364.00,1.00,0.00,0.0,1.980781555176e-3
45,15,3,0,-1,training_exact,96,3.850295920140e-1,6.377185040741e-1,14359.00,4.00,2.00,0.0,1.343309879303e-3
45,15,3,0,0,sentinel_exact,8,4.040163482448e-1,6.375852945272e-1,14362.00,1.00,2.00,0.0,2.555429935455e-3
45,15,3,0,0,sentinel_taylor,8,4.068421746844e-1,6.390726171413e-1,14363.00,0.00,2.00,0.0,2.555429935455e-3
45,15,3,0,0,sentinel_exact,16,4.038463417378e-1,6.371927870222e-1,14363.00,0.00,2.00,0.0,2.555429935455e-3
45,15,3,0,0,sentinel_taylor,16,4.076206364657e-1,6.385349209665e-1,14361.00,2.00,2.00,0.0,2.555429935455e-3
45,15,3,0,0,sentinel_exact,32,4.329326676473e-1,6.526491680011e-1,14363.00,0.00,2.00,0.0,1.482605934143e-3
45,15,3,0,0,sentinel_taylor,32,4.350250090529e-1,6.534605208188e-1,14362.00,1.00,2.00,0.0,1.482605934143e-3
45,15,3,0,0,sentinel_exact,64,5.887978075344e-1,7.127341084732e-1,14363.00,0.00,2.00,0.0,1.482605934143e-3
45,15,3,0,0,sentinel_taylor,64,5.872528712614e-1,7.118986284202e-1,14363.00,0.00,2.00,0.0,1.482605934143e-3
45,15,3,0,0,sentinel_exact,128,5.871347643239e-1,7.146636958641e-1,14362.00,1.00,2.00,0.0,1.482605934143e-3
45,15,3,0,0,sentinel_taylor,128,5.862368603925e-1,7.138778636585e-1,14361.00,2.00,2.00,0.0,1.482605934143e-3
45,15,3,0,1,sentinel_exact,8,4.486257641534e-1,6.579827249930e-1,14356.00,7.00,2.00,0.0,2.578556537628e-3
45,15,3,0,1,sentinel_taylor,8,4.489495330071e-1,6.558495821727e-1,14360.00,3.00,2.00,0.0,2.578556537628e-3
45,15,3,0,1,sentinel_exact,16,9.360998972294e-2,5.380972280262e-1,14358.00,5.00,2.00,0.0,2.449274063110e-3
45,15,3,0,1,sentinel_taylor,16,9.394439569447e-2,5.390614120596e-1,14362.00,1.00,2.00,0.0,2.449274063110e-3
45,15,3,0,1,sentinel_exact,32,1.487354101048e-1,5.599192256807e-1,14361.00,2.00,2.00,0.0,2.578556537628e-3
45,15,3,0,1,sentinel_taylor,32,1.268669020509e-1,5.477334447462e-1,14361.00,2.00,2.00,0.0,2.578556537628e-3
45,15,3,0,1,sentinel_exact,64,7.623753669993e-1,7.978834505326e-1,14363.00,0.00,2.00,0.0,1.343309879303e-3
45,15,3,0,1,sentinel_taylor,64,7.467792865561e-1,7.907786599805e-1,14358.00,5.00,2.00,0.0,1.343309879303e-3
45,15,3,0,1,sentinel_exact,128,7.158575190161e-1,7.776230592495e-1,14363.00,0.00,2.00,0.0,1.343309879303e-3
45,15,3,0,1,sentinel_taylor,128,7.121766237891e-1,7.759052924791e-1,14360.00,3.00,2.00,0.0,1.343309879303e-3
45,15,3,0,2,sentinel_exact,8,3.001731794180e-1,6.086472185477e-1,14363.00,0.00,2.00,0.0,3.403544425964e-3
45,15,3,0,2,sentinel_taylor,8,2.827912924164e-1,6.022838044841e-1,14362.00,1.00,2.00,0.0,3.403544425964e-3
45,15,3,0,2,sentinel_exact,16,3.442291099147e-1,6.301350786798e-1,14362.00,1.00,2.00,1.0,0.000000000000e0
45,15,3,0,2,sentinel_taylor,16,3.266624124866e-1,6.240250696379e-1,14360.00,3.00,2.00,1.0,0.000000000000e0
45,15,3,0,2,sentinel_exact,32,4.618507370817e-1,6.770644756998e-1,14362.00,1.00,2.00,1.0,0.000000000000e0
45,15,3,0,2,sentinel_taylor,32,4.521866357436e-1,6.723297590865e-1,14362.00,1.00,2.00,1.0,0.000000000000e0
45,15,3,0,2,sentinel_exact,64,5.744960320082e-1,7.134201546069e-1,14359.00,4.00,2.00,1.0,0.000000000000e0
45,15,3,0,2,sentinel_taylor,64,5.737509510835e-1,7.121370378107e-1,14361.00,2.00,2.00,1.0,0.000000000000e0
45,15,3,0,2,sentinel_exact,128,6.787102857053e-1,7.555369828667e-1,14358.00,5.00,2.00,0.0,1.343309879303e-3
45,15,3,0,2,sentinel_taylor,128,6.776163971166e-1,7.571727019499e-1,14360.00,3.00,2.00,0.0,1.343309879303e-3
45,15,3,0,3,sentinel_exact,8,-1.007226402444e-1,4.686999512569e-1,14361.00,2.00,2.00,0.0,3.590822219849e-3
45,15,3,0,3,sentinel_taylor,8,-1.003673659811e-1,4.676509506233e-1,14359.00,4.00,2.00,0.0,3.590822219849e-3
45,15,3,0,3,sentinel_exact,16,5.458818874126e-2,5.268764795989e-1,14362.00,1.00,2.00,0.0,3.403544425964e-3
45,15,3,0,3,sentinel_taylor,16,3.610387833965e-2,5.196685929123e-1,14363.00,0.00,2.00,0.0,3.403544425964e-3
45,15,3,0,3,sentinel_exact,32,2.836897275657e-1,6.020472111970e-1,14361.00,2.00,2.00,0.0,3.403544425964e-3
45,15,3,0,3,sentinel_taylor,32,2.745997966543e-1,5.987465181058e-1,14360.00,3.00,2.00,0.0,3.403544425964e-3
45,15,3,0,3,sentinel_exact,64,3.280508254122e-1,6.248868463199e-1,14361.00,2.00,2.00,0.0,3.403544425964e-3
45,15,3,0,3,sentinel_taylor,64,3.298719776748e-1,6.254178272981e-1,14360.00,3.00,2.00,0.0,3.403544425964e-3
45,15,3,0,3,sentinel_exact,128,3.414445590426e-1,6.285336304136e-1,14362.00,1.00,2.00,1.0,0.000000000000e0
45,15,3,0,3,sentinel_taylor,128,3.527683992558e-1,6.335468597688e-1,14362.00,1.00,2.00,1.0,0.000000000000e0
46,15,3,0,-1,training_exact,96,1.304836345896e-2,5.046670381722e-1,14356.00,9.00,0.00,0.0,1.393198966980e-3
46,15,3,0,0,sentinel_exact,8,2.771477946520e-2,5.097807170205e-1,14365.00,0.00,0.00,0.0,2.685964107513e-3
46,15,3,0,0,sentinel_taylor,8,2.855382450879e-2,5.098858256753e-1,14364.00,1.00,0.00,0.0,2.685964107513e-3
46,15,3,0,0,sentinel_exact,16,8.214420056576e-3,5.035856018938e-1,14363.00,2.00,0.00,0.0,2.685964107513e-3
46,15,3,0,0,sentinel_taylor,16,1.710907969541e-2,5.067873303167e-1,14365.00,0.00,0.00,0.0,2.685964107513e-3
46,15,3,0,0,sentinel_exact,32,1.265637117507e-1,5.461886529760e-1,14365.00,0.00,0.00,0.0,2.685964107513e-3
46,15,3,0,0,sentinel_taylor,32,1.306357386115e-1,5.473471661329e-1,14362.00,3.00,0.00,0.0,2.685964107513e-3
46,15,3,0,0,sentinel_exact,64,4.019210923236e-1,6.446919596241e-1,14365.00,0.00,0.00,0.0,2.685964107513e-3
46,15,3,0,0,sentinel_taylor,64,3.862909972460e-1,6.378002088409e-1,14365.00,0.00,0.00,0.0,2.685964107513e-3
46,15,3,0,0,sentinel_exact,128,3.742824900712e-1,6.318317900160e-1,14363.00,2.00,0.00,0.0,2.685964107513e-3
46,15,3,0,0,sentinel_taylor,128,3.576093912587e-1,6.264011696721e-1,14363.00,2.00,0.00,0.0,2.685964107513e-3
46,15,3,0,1,sentinel_exact,8,3.035804028923e-1,6.064466722361e-1,14364.00,1.00,0.00,0.0,2.941012382507e-3
46,15,3,0,1,sentinel_taylor,8,3.137535799122e-1,6.096762965541e-1,14365.00,0.00,0.00,0.0,2.941012382507e-3
46,15,3,0,1,sentinel_exact,16,3.338194075512e-1,6.141315697877e-1,14365.00,0.00,0.00,0.0,1.393198966980e-3
46,15,3,0,1,sentinel_taylor,16,3.374124486294e-1,6.158022972503e-1,14365.00,0.00,0.00,0.0,1.393198966980e-3
46,15,3,0,1,sentinel_exact,32,2.624324472860e-1,5.900452488688e-1,14365.00,0.00,0.00,0.0,2.110421657562e-3
46,15,3,0,1,sentinel_taylor,32,2.610317847545e-1,5.894597605124e-1,14364.00,1.00,0.00,0.0,2.110421657562e-3
46,15,3,0,1,sentinel_exact,64,5.409252147492e-1,6.954887218045e-1,14364.00,1.00,0.00,0.0,2.334833145142e-3
46,15,3,0,1,sentinel_taylor,64,5.454357819458e-1,6.955371440507e-1,14363.00,2.00,0.00,0.0,2.334833145142e-3
46,15,3,0,1,sentinel_exact,128,6.539493530206e-1,7.431256526279e-1,14365.00,0.00,0.00,0.0,2.334833145142e-3
46,15,3,0,1,sentinel_taylor,128,6.543983663983e-1,7.422544036761e-1,14363.00,2.00,0.00,0.0,2.334833145142e-3
46,15,3,0,2,sentinel_exact,8,1.901197476811e-1,5.727810650888e-1,14365.00,0.00,0.00,0.0,2.685964107513e-3
46,15,3,0,2,sentinel_taylor,8,1.904959056186e-1,5.731291333101e-1,14365.00,0.00,0.00,0.0,2.685964107513e-3
46,15,3,0,2,sentinel_exact,16,2.928183711741e-1,6.049846839321e-1,14364.00,1.00,0.00,0.0,2.692103385925e-3
46,15,3,0,2,sentinel_taylor,16,2.921074004189e-1,6.043856595893e-1,14365.00,0.00,0.00,0.0,2.692103385925e-3
46,15,3,0,2,sentinel_exact,32,2.476123712148e-1,5.897096706816e-1,14363.00,2.00,0.00,0.0,2.685964107513e-3
46,15,3,0,2,sentinel_taylor,32,2.455297659394e-1,5.883049077619e-1,14365.00,0.00,0.00,0.0,2.685964107513e-3
46,15,3,0,2,sentinel_exact,64,2.772615441171e-1,5.991367307157e-1,14364.00,1.00,0.00,0.0,1.144349575043e-3
46,15,3,0,2,sentinel_taylor,64,2.807507775055e-1,6.002506265664e-1,14364.00,1.00,0.00,0.0,1.144349575043e-3
46,15,3,0,2,sentinel_exact,128,4.150556269002e-1,6.478206377942e-1,14362.00,3.00,0.00,0.0,3.268718719482e-3
46,15,3,0,2,sentinel_taylor,128,4.194588455127e-1,6.481726418378e-1,14365.00,0.00,0.00,0.0,3.268718719482e-3
46,15,3,0,3,sentinel_exact,8,5.163015103118e-2,5.236006683375e-1,14364.00,1.00,0.00,0.0,1.144349575043e-3
46,15,3,0,3,sentinel_taylor,8,6.642489141182e-2,5.281954887218e-1,14364.00,1.00,0.00,0.0,1.144349575043e-3
46,15,3,0,3,sentinel_exact,16,1.487228338860e-1,5.613644274278e-1,14365.00,0.00,0.00,0.0,1.144349575043e-3
46,15,3,0,3,sentinel_taylor,16,1.621889976113e-1,5.665947225510e-1,14363.00,2.00,0.00,0.0,1.144349575043e-3
46,15,3,0,3,sentinel_exact,32,4.104896770293e-1,6.538809606683e-1,14365.00,0.00,0.00,0.0,1.393198966980e-3
46,15,3,0,3,sentinel_taylor,32,4.305606527566e-1,6.623503202451e-1,14364.00,1.00,0.00,0.0,1.144349575043e-3
46,15,3,0,3,sentinel_exact,64,2.410880741374e-1,5.831940963520e-1,14364.00,1.00,0.00,0.0,2.685964107513e-3
46,15,3,0,3,sentinel_taylor,64,2.466768603966e-1,5.847664137019e-1,14363.00,2.00,0.00,0.0,2.685964107513e-3
46,15,3,0,3,sentinel_exact,128,3.354418978430e-1,6.139813396463e-1,14362.00,3.00,0.00,0.0,1.209020614624e-3
46,15,3,0,3,sentinel_taylor,128,3.381967246150e-1,6.154970760234e-1,14364.00,1.00,0.00,0.0,1.209020614624e-3
47,15,3,0,-1,training_exact,96,2.239875330436e-1,5.799916457811e-1,14364.00,1.00,0.00,0.0,6.683230400085e-3
47,15,3,0,0,sentinel_exact,8,-2.472017146940e-2,4.932126696833e-1,14365.00,0.00,0.00,0.0,5.039453506470e-3
47,15,3,0,0,sentinel_taylor,8,-2.710169087878e-2,4.927949878176e-1,14365.00,0.00,0.00,0.0,5.039453506470e-3
47,15,3,0,0,sentinel_exact,16,8.264482996562e-3,5.033762617473e-1,14365.00,0.00,0.00,0.0,5.039453506470e-3
47,15,3,0,0,sentinel_taylor,16,2.255726332888e-3,5.006613296206e-1,14365.00,0.00,0.00,0.0,5.039453506470e-3
47,15,3,0,0,sentinel_exact,32,1.006711614311e-1,5.318852687274e-1,14364.00,1.00,0.00,0.0,4.352569580078e-3
47,15,3,0,0,sentinel_taylor,32,9.946812733190e-2,5.317786286112e-1,14365.00,0.00,0.00,0.0,4.352569580078e-3
47,15,3,0,0,sentinel_exact,64,3.008787195975e-1,6.064044552732e-1,14365.00,0.00,0.00,0.0,7.964611053467e-3
47,15,3,0,0,sentinel_taylor,64,2.968767269843e-1,6.046365914787e-1,14364.00,1.00,0.00,0.0,7.964611053467e-3
47,15,3,0,0,sentinel_exact,128,2.251293042910e-1,5.798816568047e-1,14365.00,0.00,0.00,0.0,7.964611053467e-3
47,15,3,0,0,sentinel_taylor,128,2.154690161083e-1,5.769284321916e-1,14364.00,1.00,0.00,0.0,7.964611053467e-3
47,15,3,0,1,sentinel_exact,8,-6.325071292921e-3,5.001740341107e-1,14365.00,0.00,0.00,0.0,8.095979690552e-3
47,15,3,0,1,sentinel_taylor,8,-4.544427549905e-3,5.005917159763e-1,14365.00,0.00,0.00,0.0,8.095979690552e-3
47,15,3,0,1,sentinel_exact,16,5.824463700148e-2,5.196658545075e-1,14365.00,0.00,0.00,0.0,8.095979690552e-3
47,15,3,0,1,sentinel_taylor,16,3.660822784424e-2,5.128437173686e-1,14365.00,0.00,0.00,0.0,8.095979690552e-3
47,15,3,0,1,sentinel_exact,32,1.248979457246e-1,5.460178223336e-1,14364.00,1.00,0.00,0.0,8.095979690552e-3
47,15,3,0,1,sentinel_taylor,32,1.212755173698e-1,5.454229028890e-1,14365.00,0.00,0.00,0.0,8.095979690552e-3
47,15,3,0,1,sentinel_exact,64,2.040717875440e-1,5.746606334842e-1,14365.00,0.00,0.00,0.0,7.964611053467e-3
47,15,3,0,1,sentinel_taylor,64,2.015705815182e-1,5.750087017055e-1,14365.00,0.00,0.00,0.0,7.964611053467e-3
47,15,3,0,1,sentinel_exact,128,2.883238377880e-1,6.048729550992e-1,14365.00,0.00,0.00,0.0,6.683230400085e-3
47,15,3,0,1,sentinel_taylor,128,2.817972533143e-1,6.041072050122e-1,14365.00,0.00,0.00,0.0,6.683230400085e-3
47,15,3,0,2,sentinel_exact,8,-4.289299650100e-2,4.814479638009e-1,14365.00,0.00,0.00,0.0,7.964611053467e-3
47,15,3,0,2,sentinel_taylor,8,-4.369174815234e-2,4.807852965748e-1,14364.00,1.00,0.00,0.0,7.964611053467e-3
47,15,3,0,2,sentinel_exact,16,1.748060739774e-1,5.642578668894e-1,14364.00,1.00,0.00,0.0,7.628440856934e-3
47,15,3,0,2,sentinel_taylor,16,1.741745592662e-1,5.640793595545e-1,14365.00,0.00,0.00,0.0,7.628440856934e-3
47,15,3,0,2,sentinel_exact,32,2.179700905588e-1,5.757048381483e-1,14365.00,0.00,0.00,0.0,7.628440856934e-3
47,15,3,0,2,sentinel_taylor,32,2.192451194118e-1,5.764009745910e-1,14365.00,0.00,0.00,0.0,7.628440856934e-3
47,15,3,0,2,sentinel_exact,64,3.045132846038e-1,6.123912286808e-1,14365.00,0.00,0.00,0.0,2.842187881470e-3
47,15,3,0,2,sentinel_taylor,64,3.018777364574e-1,6.110685694396e-1,14365.00,0.00,0.00,0.0,2.842187881470e-3
47,15,3,0,2,sentinel_exact,128,2.793619970567e-1,6.040375913679e-1,14365.00,0.00,0.00,0.0,7.964611053467e-3
47,15,3,0,2,sentinel_taylor,128,2.772638173924e-1,6.034110685694e-1,14365.00,0.00,0.00,0.0,7.964611053467e-3
47,15,3,0,3,sentinel_exact,8,2.337919284811e-2,5.096414897320e-1,14365.00,0.00,0.00,0.0,7.628440856934e-3
47,15,3,0,3,sentinel_taylor,8,2.243635542040e-2,5.095022624434e-1,14365.00,0.00,0.00,0.0,7.628440856934e-3
47,15,3,0,3,sentinel_exact,16,-4.236051318690e-2,4.888270100940e-1,14365.00,0.00,0.00,0.0,8.922100067139e-3
47,15,3,0,3,sentinel_taylor,16,-4.350608508741e-2,4.893143056039e-1,14365.00,0.00,0.00,0.0,8.922100067139e-3
47,15,3,0,3,sentinel_exact,32,1.645825318605e-1,5.633832231117e-1,14365.00,0.00,0.00,0.0,8.095979690552e-3
47,15,3,0,3,sentinel_taylor,32,1.867465391638e-1,5.711799512704e-1,14365.00,0.00,0.00,0.0,8.095979690552e-3
47,15,3,0,3,sentinel_exact,64,7.114401004397e-2,5.296247302096e-1,14363.00,2.00,0.00,0.0,8.095979690552e-3
47,15,3,0,3,sentinel_taylor,64,8.013751747974e-2,5.331012878524e-1,14365.00,0.00,0.00,0.0,8.095979690552e-3
47,15,3,0,3,sentinel_exact,128,1.986663491307e-1,5.709014966934e-1,14365.00,0.00,0.00,1.0,0.000000000000e0
47,15,3,0,3,sentinel_taylor,128,2.119565781576e-1,5.748398774715e-1,14364.00,1.00,0.00,1.0,0.000000000000e0
48,16,3,1,-1,training_exact,96,1.455293558748e-1,5.540380461292e-1,14351.00,12.00,3.00,0.0,2.823948860168e-3
48,16,3,1,0,sentinel_exact,8,-3.143102442963e-1,3.800140745954e-1,14210.00,153.00,3.00,0.0,4.250764846802e-3
48,16,3,1,0,sentinel_taylor,8,-3.123979778313e-1,3.806742205644e-1,14209.00,154.00,3.00,0.0,4.250764846802e-3
48,16,3,1,0,sentinel_exact,16,-2.733602956064e-1,3.956258271227e-1,14357.00,6.00,3.00,0.0,4.250764846802e-3
48,16,3,1,0,sentinel_taylor,16,-2.740478884635e-1,3.948596503448e-1,14357.00,6.00,3.00,0.0,4.250764846802e-3
48,16,3,1,0,sentinel_exact,32,-1.471955368941e-1,4.485376044568e-1,14360.00,3.00,3.00,0.0,3.171682357788e-3
48,16,3,1,0,sentinel_taylor,32,-1.543747439112e-1,4.455514526580e-1,14353.00,10.00,3.00,0.0,3.171682357788e-3
48,16,3,1,0,sentinel_exact,64,-1.335963190147e-1,4.473922428800e-1,14361.00,2.00,3.00,0.0,3.171682357788e-3
48,16,3,1,0,sentinel_taylor,64,-1.332903844334e-1,4.477404080496e-1,14361.00,2.00,3.00,0.0,3.171682357788e-3
48,16,3,1,0,sentinel_exact,128,1.333899200357e-1,5.375670217951e-1,14361.00,2.00,3.00,0.0,3.171682357788e-3
48,16,3,1,0,sentinel_taylor,128,1.302339583750e-1,5.356321839080e-1,14355.00,8.00,3.00,0.0,3.171682357788e-3
48,16,3,1,1,sentinel_exact,8,9.274712365500e-3,5.019167770266e-1,14347.00,16.00,3.00,0.0,3.171682357788e-3
48,16,3,1,1,sentinel_taylor,8,9.042655836096e-3,5.018817953722e-1,14348.00,15.00,3.00,0.0,3.171682357788e-3
48,16,3,1,1,sentinel_exact,16,3.577933415522e-1,6.297483794522e-1,14347.00,16.00,3.00,0.0,1.183152198792e-3
48,16,3,1,1,sentinel_taylor,16,3.626551993521e-1,6.316559799275e-1,14348.00,15.00,3.00,0.0,1.183152198792e-3
48,16,3,1,1,sentinel_exact,32,5.042363902765e-1,6.927631120708e-1,14357.00,6.00,3.00,1.0,0.000000000000e0
48,16,3,1,1,sentinel_taylor,32,5.017476859437e-1,6.918628953602e-1,14354.00,9.00,3.00,1.0,0.000000000000e0
48,16,3,1,1,sentinel_exact,64,4.210878562979e-1,6.588218911015e-1,14362.00,1.00,3.00,1.0,0.000000000000e0
48,16,3,1,1,sentinel_taylor,64,4.087154159369e-1,6.551532033426e-1,14360.00,3.00,3.00,1.0,0.000000000000e0
48,16,3,1,1,sentinel_exact,128,4.901865834558e-1,6.881832741453e-1,14361.00,2.00,3.00,1.0,0.000000000000e0
48,16,3,1,1,sentinel_taylor,128,4.865516773921e-1,6.872823513024e-1,14358.00,5.00,3.00,1.0,0.000000000000e0
48,16,3,1,2,sentinel_exact,8,2.516226539567e-1,5.827237896203e-1,14355.00,8.00,3.00,0.0,3.872632980347e-3
48,16,3,1,2,sentinel_taylor,8,2.541066294770e-1,5.819169685149e-1,14356.00,7.00,3.00,0.0,3.872632980347e-3
48,16,3,1,2,sentinel_exact,16,-1.926360347752e-2,4.807049317359e-1,14356.00,7.00,3.00,0.0,3.872632980347e-3
48,16,3,1,2,sentinel_taylor,16,-9.388151900825e-3,4.847450543327e-1,14356.00,7.00,3.00,0.0,3.872632980347e-3
48,16,3,1,2,sentinel_exact,32,2.890576863565e-1,6.029811241903e-1,14357.00,6.00,3.00,0.0,9.874105453491e-4
48,16,3,1,2,sentinel_taylor,32,2.978974680611e-1,6.051403496552e-1,14357.00,6.00,3.00,0.0,9.874105453491e-4
48,16,3,1,2,sentinel_exact,64,5.052610624028e-1,6.922058925959e-1,14357.00,6.00,3.00,0.0,9.874105453491e-4
48,16,3,1,2,sentinel_taylor,64,5.004515763081e-1,6.892804903531e-1,14357.00,6.00,3.00,0.0,9.874105453491e-4
48,16,3,1,2,sentinel_exact,128,5.507619668736e-1,7.037604456825e-1,14360.00,3.00,3.00,0.0,9.874105453491e-4
48,16,3,1,2,sentinel_taylor,128,5.512916729005e-1,7.046863031822e-1,14361.00,2.00,3.00,0.0,9.874105453491e-4
48,16,3,1,3,sentinel_exact,8,-7.450532575966e-2,4.827465772562e-1,14316.00,47.00,3.00,0.0,3.747582435608e-3
48,16,3,1,3,sentinel_taylor,8,-7.313484919050e-2,4.829922469791e-1,14317.00,46.00,3.00,0.0,3.747582435608e-3
48,16,3,1,3,sentinel_exact,16,1.502422188355e-1,5.547577553154e-1,14345.00,18.00,3.00,0.0,1.333713531494e-3
48,16,3,1,3,sentinel_taylor,16,1.495251198572e-1,5.550986268906e-1,14347.00,16.00,3.00,0.0,1.333713531494e-3
48,16,3,1,3,sentinel_exact,32,1.247768080684e-1,5.416434540390e-1,14360.00,3.00,3.00,0.0,1.333713531494e-3
48,16,3,1,3,sentinel_taylor,32,1.539700684659e-1,5.534818941504e-1,14360.00,3.00,3.00,0.0,1.333713531494e-3
48,16,3,1,3,sentinel_exact,64,-1.000119687055e-1,4.545264623955e-1,14360.00,3.00,3.00,0.0,1.333713531494e-3
48,16,3,1,3,sentinel_taylor,64,-7.965234574415e-2,4.638579387187e-1,14360.00,3.00,3.00,0.0,1.333713531494e-3
48,16,3,1,3,sentinel_exact,128,-2.090984256249e-2,4.895528625157e-1,14358.00,5.00,3.00,0.0,9.874105453491e-4
48,16,3,1,3,sentinel_taylor,128,2.436608606232e-2,5.082869080780e-1,14360.00,3.00,3.00,0.0,9.874105453491e-4
49,16,3,1,-1,training_exact,96,-1.195838765922e-1,4.568719057248e-1,14341.00,24.00,21.00,0.0,9.746313095093e-3
49,16,3,1,0,sentinel_exact,8,-4.509460848668e-1,3.391261864880e-1,14328.00,37.00,21.00,0.0,1.201677322388e-2
49,16,3,1,0,sentinel_taylor,8,-4.500312382739e-1,3.395449469570e-1,14328.00,37.00,21.00,0.0,1.201677322388e-2
49,16,3,1,0,sentinel_exact,16,-4.583769486729e-1,3.381254797962e-1,14329.00,36.00,21.00,0.0,1.201677322388e-2
49,16,3,1,0,sentinel_taylor,16,-4.582160006493e-1,3.382188721385e-1,14328.00,37.00,21.00,0.0,1.201677322388e-2
49,16,3,1,0,sentinel_exact,32,-2.642140631622e-1,4.116006692694e-1,14344.00,21.00,21.00,0.0,9.746313095093e-3
49,16,3,1,0,sentinel_taylor,32,-2.622989463193e-1,4.124372559955e-1,14344.00,21.00,21.00,0.0,9.746313095093e-3
49,16,3,1,0,sentinel_exact,64,-1.043433335491e-1,4.706497490240e-1,14344.00,21.00,21.00,0.0,5.790233612061e-3
49,16,3,1,0,sentinel_taylor,64,-1.039182948620e-1,4.695343000558e-1,14344.00,21.00,21.00,0.0,5.790233612061e-3
49,16,3,1,0,sentinel_exact,128,6.250877863668e-2,5.213329615170e-1,14344.00,21.00,21.00,0.0,6.138682365417e-3
49,16,3,1,0,sentinel_taylor,128,5.376868096170e-2,5.177102217264e-1,14342.00,23.00,21.00,0.0,6.138682365417e-3
49,16,3,1,1,sentinel_exact,8,-2.463977175924e-2,4.900551329472e-1,14329.00,36.00,21.00,0.0,8.758068084717e-3
49,16,3,1,1,sentinel_taylor,8,-2.375546130697e-2,4.901249214879e-1,14329.00,36.00,21.00,0.0,8.758068084717e-3
49,16,3,1,1,sentinel_exact,16,1.192683186920e-1,5.362551469049e-1,14329.00,36.00,21.00,0.0,1.946806907654e-3
49,16,3,1,1,sentinel_taylor,16,1.102103109820e-1,5.325935231714e-1,14328.00,37.00,21.00,0.0,8.758068084717e-3
49,16,3,1,1,sentinel_exact,32,4.134749861779e-1,6.524530672064e-1,14329.00,36.00,21.00,0.0,7.251501083374e-4
49,16,3,1,1,sentinel_taylor,32,4.142493685352e-1,6.520343359620e-1,14329.00,36.00,21.00,0.0,7.251501083374e-4
49,16,3,1,1,sentinel_exact,64,3.918218336295e-1,6.433556672250e-1,14328.00,37.00,21.00,0.0,7.251501083374e-4
49,16,3,1,1,sentinel_taylor,64,4.139601440389e-1,6.520100502513e-1,14328.00,37.00,21.00,0.0,7.251501083374e-4
49,16,3,1,1,sentinel_exact,128,5.754575428231e-1,7.223732831346e-1,14343.00,22.00,21.00,0.0,7.251501083374e-4
49,16,3,1,1,sentinel_taylor,128,5.824385739708e-1,7.250418293363e-1,14344.00,21.00,21.00,0.0,7.251501083374e-4
49,16,3,1,2,sentinel_exact,8,2.600251137548e-1,6.012989733920e-1,14319.00,46.00,21.00,0.0,6.138682365417e-3
49,16,3,1,2,sentinel_taylor,8,2.416151573490e-1,5.958100558659e-1,14320.00,45.00,21.00,0.0,6.138682365417e-3
49,16,3,1,2,sentinel_exact,16,4.048346379191e-1,6.671086607579e-1,14329.00,36.00,21.00,0.0,9.746313095093e-3
49,16,3,1,2,sentinel_taylor,16,4.035668005579e-1,6.663409868100e-1,14329.00,36.00,21.00,0.0,9.746313095093e-3
49,16,3,1,2,sentinel_exact,32,5.062133882038e-1,6.957492845676e-1,14327.00,38.00,21.00,0.0,1.946806907654e-3
49,16,3,1,2,sentinel_taylor,32,5.025167430434e-1,6.940470374764e-1,14329.00,36.00,21.00,0.0,1.946806907654e-3
49,16,3,1,2,sentinel_exact,64,4.814836301991e-1,6.757303214111e-1,14343.00,22.00,21.00,0.0,7.251501083374e-4
49,16,3,1,2,sentinel_taylor,64,4.756610389753e-1,6.734523145566e-1,14344.00,21.00,21.00,0.0,7.251501083374e-4
49,16,3,1,2,sentinel_exact,128,5.600523237601e-1,7.091264031235e-1,14343.00,22.00,21.00,0.0,7.251501083374e-4
49,16,3,1,2,sentinel_taylor,128,5.632800772886e-1,7.124930284439e-1,14344.00,21.00,21.00,0.0,7.251501083374e-4
49,16,3,1,3,sentinel_exact,8,-5.360587314732e-2,4.780960404381e-1,14244.00,121.00,21.00,0.0,9.926557540894e-4
49,16,3,1,3,sentinel_taylor,8,-5.582714774627e-2,4.775008775009e-1,14245.00,120.00,21.00,0.0,9.926557540894e-4
49,16,3,1,3,sentinel_exact,16,1.215904320929e-1,5.484683172472e-1,14298.00,67.00,21.00,0.0,9.939670562744e-4
49,16,3,1,3,sentinel_taylor,16,1.230427773509e-1,5.483600251766e-1,14299.00,66.00,21.00,0.0,9.939670562744e-4
49,16,3,1,3,sentinel_exact,32,1.226981651275e-1,5.426659230340e-1,14344.00,21.00,21.00,0.0,7.251501083374e-4
49,16,3,1,3,sentinel_taylor,32,1.262352686843e-1,5.427356385945e-1,14344.00,21.00,21.00,0.0,7.251501083374e-4
49,16,3,1,3,sentinel_exact,64,1.689101299666e-1,5.591187953151e-1,14344.00,21.00,21.00,0.0,5.714416503906e-3
49,16,3,1,3,sentinel_taylor,64,1.728918142190e-1,5.612102621305e-1,14344.00,21.00,21.00,0.0,5.714416503906e-3
49,16,3,1,3,sentinel_exact,128,2.415015111479e-1,5.911594506031e-1,14343.00,22.00,21.00,0.0,9.746313095093e-3
49,16,3,1,3,sentinel_taylor,128,2.492888540933e-1,5.937674288901e-1,14344.00,21.00,21.00,0.0,9.746313095093e-3
50,16,3,1,-1,training_exact,96,-1.424959355457e-1,4.510721519871e-1,14317.00,40.00,36.00,0.0,1.118361949921e-2
50,16,3,1,0,sentinel_exact,8,-4.427284787285e-1,3.455933865770e-1,14274.00,91.00,36.00,0.0,2.122068405151e-2
50,16,3,1,0,sentinel_taylor,8,-4.451230518941e-1,3.448928121059e-1,14274.00,91.00,36.00,0.0,2.122068405151e-2
50,16,3,1,0,sentinel_exact,16,-4.708746530782e-1,3.325174825175e-1,14300.00,57.00,36.00,0.0,2.122068405151e-2
50,16,3,1,0,sentinel_taylor,16,-4.717416633855e-1,3.326340815328e-1,14301.00,56.00,36.00,0.0,2.122068405151e-2
50,16,3,1,0,sentinel_exact,32,-4.318347012519e-1,3.403020556566e-1,14302.00,55.00,36.00,0.0,1.922130584717e-2
50,16,3,1,0,sentinel_taylor,32,-4.368674692226e-1,3.384142078031e-1,14302.00,55.00,36.00,0.0,1.922130584717e-2
50,16,3,1,0,sentinel_exact,64,-1.152871033160e-1,4.593385077967e-1,14301.00,56.00,36.00,0.0,1.286685466766e-2
50,16,3,1,0,sentinel_taylor,64,-1.150048558584e-1,4.597259124598e-1,14302.00,55.00,36.00,0.0,1.286685466766e-2
50,16,3,1,0,sentinel_exact,128,1.171838212160e-1,5.456959195081e-1,14312.00,45.00,36.00,0.0,1.286685466766e-2
50,16,3,1,0,sentinel_taylor,128,1.267750752468e-1,5.499580771381e-1,14312.00,45.00,36.00,0.0,1.286685466766e-2
50,16,3,1,1,sentinel_exact,8,-1.186988098252e-1,4.540880503145e-1,14310.00,55.00,36.00,0.0,2.085804939270e-3
50,16,3,1,1,sentinel_taylor,8,-1.142963593965e-1,4.557651991614e-1,14310.00,55.00,36.00,0.0,2.085804939270e-3
50,16,3,1,1,sentinel_exact,16,1.254979327681e-1,5.531795946890e-1,14310.00,55.00,36.00,0.0,7.144570350647e-3
50,16,3,1,1,sentinel_taylor,16,1.236485126935e-1,5.524109014675e-1,14310.00,55.00,36.00,0.0,7.144570350647e-3
50,16,3,1,1,sentinel_exact,32,3.966615165558e-1,6.418588399720e-1,14310.00,55.00,36.00,0.0,2.085804939270e-3
50,16,3,1,1,sentinel_taylor,32,3.974994968539e-1,6.419986023760e-1,14310.00,55.00,36.00,0.0,2.085804939270e-3
50,16,3,1,1,sentinel_exact,64,1.193170262782e-1,5.409687325516e-1,14328.00,37.00,36.00,0.0,1.353871822357e-2
50,16,3,1,1,sentinel_taylor,64,1.337596267185e-1,5.476306790425e-1,14329.00,36.00,36.00,0.0,1.353871822357e-2
50,16,3,1,1,sentinel_exact,128,3.042134642750e-1,6.156047177054e-1,14329.00,36.00,36.00,0.0,4.708290100098e-3
50,16,3,1,1,sentinel_taylor,128,2.961444267331e-1,6.127433875358e-1,14329.00,36.00,36.00,0.0,4.708290100098e-3
50,16,3,1,2,sentinel_exact,8,3.285173132188e-1,6.307013241785e-1,14273.00,92.00,36.00,0.0,1.025402545929e-2
50,16,3,1,2,sentinel_taylor,8,3.292477016592e-1,6.307271963010e-1,14274.00,91.00,36.00,0.0,1.025402545929e-2
50,16,3,1,2,sentinel_exact,16,4.056883413646e-1,6.536359815048e-1,14274.00,91.00,36.00,0.0,2.085804939270e-3
50,16,3,1,2,sentinel_taylor,16,4.053780242298e-1,6.532156368222e-1,14274.00,91.00,36.00,0.0,2.085804939270e-3
50,16,3,1,2,sentinel_exact,32,4.477692995862e-1,6.787165475690e-1,14274.00,91.00,36.00,0.0,2.085804939270e-3
50,16,3,1,2,sentinel_taylor,32,4.538085437738e-1,6.814965319134e-1,14273.00,92.00,36.00,0.0,2.085804939270e-3
50,16,3,1,2,sentinel_exact,64,5.671892856597e-1,7.243742133967e-1,14302.00,55.00,36.00,0.0,4.708290100098e-3
50,16,3,1,2,sentinel_taylor,64,5.713221234750e-1,7.261030697154e-1,14301.00,56.00,36.00,0.0,4.708290100098e-3
50,16,3,1,2,sentinel_exact,128,6.098480920530e-1,7.495987158909e-1,14329.00,21.00,36.00,0.0,2.085804939270e-3
50,16,3,1,2,sentinel_taylor,128,6.127285823253e-1,7.506281407035e-1,14328.00,22.00,36.00,0.0,2.085804939270e-3
50,16,3,1,3,sentinel_exact,8,-2.292935783417e-1,4.202878202878e-1,14245.00,120.00,36.00,0.0,1.289415359497e-2
50,16,3,1,3,sentinel_taylor,8,-2.306707882083e-1,4.197556866049e-1,14244.00,121.00,36.00,0.0,1.289415359497e-2
50,16,3,1,3,sentinel_exact,16,-1.980327446467e-1,4.326876005315e-1,14299.00,66.00,36.00,0.0,1.289415359497e-2
50,16,3,1,3,sentinel_taylor,16,-1.962163529332e-1,4.335571408589e-1,14298.00,67.00,36.00,0.0,1.289415359497e-2
50,16,3,1,3,sentinel_exact,32,1.792106027275e-1,5.673882681564e-1,14320.00,45.00,36.00,0.0,1.010668277740e-2
50,16,3,1,3,sentinel_taylor,32,1.832074776394e-1,5.679865912424e-1,14319.00,46.00,36.00,0.0,1.010668277740e-2
50,16,3,1,3,sentinel_exact,64,1.423822393771e-1,5.563547486034e-1,14320.00,45.00,36.00,0.0,1.289415359497e-2
50,16,3,1,3,sentinel_taylor,64,1.652219321773e-1,5.627793296089e-1,14320.00,45.00,36.00,0.0,1.289415359497e-2
50,16,3,1,3,sentinel_exact,128,3.016117310077e-1,6.069509386559e-1,14329.00,36.00,36.00,0.0,1.010668277740e-2
50,16,3,1,3,sentinel_taylor,128,2.998517744016e-1,6.060859854830e-1,14328.00,37.00,36.00,0.0,1.010668277740e-2
51,17,3,2,-1,training_exact,96,3.064861342904e-1,6.122022565817e-1,14358.00,5.00,3.00,0.0,2.119719982147e-3
51,17,3,2,0,sentinel_exact,8,2.667971831898e-1,5.930208260779e-1,14357.00,6.00,3.00,0.0,2.410411834717e-4
51,17,3,2,0,sentinel_taylor,8,2.672881467730e-1,5.933690882496e-1,14357.00,6.00,3.00,0.0,2.410411834717e-4
51,17,3,2,0,sentinel_exact,16,3.962530646896e-1,6.462191895279e-1,14362.00,1.00,3.00,0.0,2.410411834717e-4
51,17,3,2,0,sentinel_taylor,16,3.933539488182e-1,6.450107931203e-1,14361.00,2.00,3.00,0.0,2.410411834717e-4
51,17,3,2,0,sentinel_exact,32,3.952098367995e-1,6.427377802534e-1,14362.00,0.00,3.00,0.0,9.460449218750e-4
51,17,3,2,0,sentinel_taylor,32,4.008009252543e-1,6.439214594068e-1,14362.00,0.00,3.00,0.0,9.460449218750e-4
51,17,3,2,0,sentinel_exact,64,5.392777867688e-1,7.060789638605e-1,14361.00,1.00,3.00,0.0,2.410411834717e-4
51,17,3,2,0,sentinel_taylor,64,5.340766143711e-1,7.039693593315e-1,14360.00,2.00,3.00,0.0,2.410411834717e-4
51,17,3,2,0,sentinel_exact,128,5.236858239236e-1,6.989554317549e-1,14360.00,2.00,3.00,0.0,2.410411834717e-4
51,17,3,2,0,sentinel_taylor,128,5.232983533889e-1,6.980711649607e-1,14361.00,1.00,3.00,0.0,2.410411834717e-4
51,17,3,2,1,sentinel_exact,8,5.934337034887e-1,7.219050271550e-1,14362.00,1.00,3.00,1.0,0.000000000000e0
51,17,3,2,1,sentinel_taylor,8,5.898795922330e-1,7.198969287555e-1,14359.00,4.00,3.00,1.0,0.000000000000e0
51,17,3,2,1,sentinel_exact,16,5.296045500650e-1,7.049442896936e-1,14360.00,3.00,3.00,0.0,6.771087646484e-4
51,17,3,2,1,sentinel_taylor,16,5.338311337788e-1,7.066360281317e-1,14361.00,2.00,3.00,0.0,6.771087646484e-4
51,17,3,2,1,sentinel_exact,32,6.133672202605e-1,7.327994428969e-1,14360.00,3.00,3.00,0.0,6.771087646484e-4
51,17,3,2,1,sentinel_taylor,32,6.046618136387e-1,7.303621169916e-1,14360.00,3.00,3.00,0.0,6.771087646484e-4
51,17,3,2,1,sentinel_exact,64,6.579099709092e-1,7.528027296149e-1,14361.00,2.00,3.00,1.0,0.000000000000e0
51,17,3,2,1,sentinel_taylor,64,6.505195086738e-1,7.507310959476e-1,14362.00,1.00,3.00,1.0,0.000000000000e0
51,17,3,2,1,sentinel_exact,128,6.709912933475e-1,7.573140150460e-1,14356.00,7.00,3.00,1.0,0.000000000000e0
51,17,3,2,1,sentinel_taylor,128,6.746950724291e-1,7.599415001045e-1,14359.00,4.00,3.00,1.0,0.000000000000e0
51,17,3,2,2,sentinel_exact,8,3.599820225161e-1,6.278114337442e-1,14361.00,2.00,3.00,1.0,0.000000000000e0
51,17,3,2,2,sentinel_taylor,8,3.571830290981e-1,6.260445682451e-1,14360.00,3.00,3.00,1.0,0.000000000000e0
51,17,3,2,2,sentinel_exact,16,3.403179278998e-1,6.161827170810e-1,14361.00,2.00,3.00,1.0,0.000000000000e0
51,17,3,2,2,sentinel_taylor,16,3.364722707519e-1,6.148328690808e-1,14360.00,3.00,3.00,1.0,0.000000000000e0
51,17,3,2,2,sentinel_exact,32,4.430081997849e-1,6.597729963094e-1,14361.00,2.00,3.00,0.0,2.410411834717e-4
51,17,3,2,2,sentinel_taylor,32,4.435614470901e-1,6.598426293434e-1,14361.00,2.00,3.00,0.0,2.410411834717e-4
51,17,3,2,2,sentinel_exact,64,5.636808410340e-1,7.065459610028e-1,14360.00,2.00,3.00,0.0,2.410411834717e-4
51,17,3,2,2,sentinel_taylor,64,5.755818568859e-1,7.109625296002e-1,14358.00,4.00,3.00,0.0,2.410411834717e-4
51,17,3,2,2,sentinel_exact,128,6.603090120598e-1,7.482244812700e-1,14362.00,0.00,3.00,0.0,2.410411834717e-4
51,17,3,2,2,sentinel_taylor,128,6.678309700216e-1,7.517933003691e-1,14359.00,3.00,3.00,0.0,2.410411834717e-4
51,17,3,2,3,sentinel_exact,8,1.963977442498e-1,5.719063545151e-1,14352.00,11.00,3.00,0.0,4.601001739502e-3
51,17,3,2,3,sentinel_taylor,8,1.927781326514e-1,5.696564220503e-1,14349.00,14.00,3.00,0.0,4.601001739502e-3
51,17,3,2,3,sentinel_exact,16,5.412269747598e-1,7.071234593691e-1,14361.00,1.00,3.00,0.0,3.461241722107e-4
51,17,3,2,3,sentinel_taylor,16,5.383438242705e-1,7.050835654596e-1,14360.00,2.00,3.00,0.0,3.461241722107e-4
51,17,3,2,3,sentinel_exact,32,6.539077823459e-1,7.522284122563e-1,14360.00,2.00,3.00,0.0,6.771087646484e-4
51,17,3,2,3,sentinel_taylor,32,6.307910168595e-1,7.433129005294e-1,14356.00,6.00,3.00,0.0,6.771087646484e-4
51,17,3,2,3,sentinel_exact,64,4.650630249292e-1,6.788748085225e-1,14362.00,0.00,3.00,0.0,2.410411834717e-4
51,17,3,2,3,sentinel_taylor,64,4.437959360142e-1,6.711699164345e-1,14360.00,2.00,3.00,0.0,2.410411834717e-4
51,17,3,2,3,sentinel_exact,128,4.364043832311e-1,6.613049230555e-1,14361.00,1.00,3.00,0.0,2.410411834717e-4
51,17,3,2,3,sentinel_taylor,128,4.299149427548e-1,6.597256076328e-1,14359.00,3.00,3.00,0.0,2.410411834717e-4
52,17,3,2,-1,training_exact,96,1.792176022700e-1,5.628742514970e-1,14362.00,3.00,0.00,0.0,5.728363990784e-3
52,17,3,2,0,sentinel_exact,8,7.305890901985e-2,5.188304907762e-1,14365.00,0.00,0.00,0.0,3.086090087891e-3
52,17,3,2,0,sentinel_taylor,8,5.716257228522e-2,5.138183083884e-1,14365.00,0.00,0.00,0.0,3.086090087891e-3
52,17,3,2,0,sentinel_exact,16,1.398318280909e-1,5.457013574661e-1,14365.00,0.00,0.00,0.0,1.806080341339e-3
52,17,3,2,0,sentinel_taylor,16,1.256770537552e-1,5.411764705882e-1,14365.00,0.00,0.00,0.0,1.806080341339e-3
52,17,3,2,0,sentinel_exact,32,2.246554429931e-1,5.766794291681e-1,14365.00,0.00,0.00,0.0,4.021167755127e-3
52,17,3,2,0,sentinel_taylor,32,2.211234665152e-1,5.753567699269e-1,14365.00,0.00,0.00,0.0,4.021167755127e-3
52,17,3,2,0,sentinel_exact,64,5.717124345845e-1,7.085276714236e-1,14365.00,0.00,0.00,0.0,4.531145095825e-4
52,17,3,2,0,sentinel_taylor,64,5.768736145969e-1,7.102680125305e-1,14365.00,0.00,0.00,0.0,4.531145095825e-4
52,17,3,2,0,sentinel_exact,128,6.135884695310e-1,7.272347535505e-1,14364.00,1.00,0.00,0.0,4.531145095825e-4
52,17,3,2,0,sentinel_taylor,128,6.142060686000e-1,7.274625826662e-1,14365.00,0.00,0.00,0.0,4.531145095825e-4
52,17,3,2,1,sentinel_exact,8,2.511295431327e-1,5.913394597605e-1,14364.00,1.00,0.00,0.0,5.728363990784e-3
52,17,3,2,1,sentinel_taylor,8,2.538334852826e-1,5.925229741019e-1,14364.00,1.00,0.00,0.0,5.728363990784e-3
52,17,3,2,1,sentinel_exact,16,2.846564717219e-1,6.079086605402e-1,14364.00,1.00,0.00,0.0,3.364682197571e-3
52,17,3,2,1,sentinel_taylor,16,2.862940504760e-1,6.089801601114e-1,14365.00,0.00,0.00,0.0,3.364682197571e-3
52,17,3,2,1,sentinel_exact,32,3.974316229139e-1,6.498433693004e-1,14365.00,0.00,0.00,0.0,3.364682197571e-3
52,17,3,2,1,sentinel_taylor,32,3.953910854179e-1,6.498886104149e-1,14364.00,1.00,0.00,0.0,3.364682197571e-3
52,17,3,2,1,sentinel_exact,64,5.725551260679e-1,7.180647406892e-1,14365.00,0.00,0.00,0.0,3.364682197571e-3
52,17,3,2,1,sentinel_taylor,64,5.742359745215e-1,7.193678641047e-1,14364.00,1.00,0.00,0.0,3.364682197571e-3
52,17,3,2,1,sentinel_exact,128,6.737049724904e-1,7.550991994431e-1,14365.00,0.00,0.00,0.0,1.806080341339e-3
52,17,3,2,1,sentinel_taylor,128,6.770610829196e-1,7.563522450400e-1,14365.00,0.00,0.00,0.0,1.806080341339e-3
52,17,3,2,2,sentinel_exact,8,4.263874954279e-1,6.532302979671e-1,14364.00,1.00,0.00,0.0,4.531145095825e-4
52,17,3,2,2,sentinel_taylor,8,4.352516382116e-1,6.570593149541e-1,14364.00,1.00,0.00,0.0,4.531145095825e-4
52,17,3,2,2,sentinel_exact,16,4.654068617157e-1,6.665042122119e-1,14363.00,2.00,0.00,0.0,4.531145095825e-4
52,17,3,2,2,sentinel_taylor,16,4.648655448279e-1,6.667362851573e-1,14364.00,1.00,0.00,0.0,4.531145095825e-4
52,17,3,2,2,sentinel_exact,32,3.540366753989e-1,6.322311172990e-1,14365.00,0.00,0.00,0.0,3.989040851593e-3
52,17,3,2,2,sentinel_taylor,32,3.553629985161e-1,6.329272537417e-1,14365.00,0.00,0.00,0.0,3.989040851593e-3
52,17,3,2,2,sentinel_exact,64,4.509803921569e-1,6.666202575705e-1,14365.00,0.00,0.00,0.0,1.806080341339e-3
52,17,3,2,2,sentinel_taylor,64,4.582519647535e-1,6.689175078315e-1,14365.00,0.00,0.00,0.0,1.806080341339e-3
52,17,3,2,2,sentinel_exact,128,5.310678366644e-1,6.935607379046e-1,14365.00,0.00,0.00,0.0,1.806080341339e-3
52,17,3,2,2,sentinel_taylor,128,5.408479430389e-1,6.981552384267e-1,14365.00,0.00,0.00,0.0,1.806080341339e-3
52,17,3,2,3,sentinel_exact,8,1.469203863197e-1,5.509990948966e-1,14363.00,2.00,0.00,0.0,5.530476570129e-3
52,17,3,2,3,sentinel_taylor,8,1.295876307546e-1,5.428471980508e-1,14365.00,0.00,0.00,0.0,5.530476570129e-3
52,17,3,2,3,sentinel_exact,16,2.361551285105e-1,5.928994082840e-1,14365.00,0.00,0.00,0.0,3.922522068024e-3
52,17,3,2,3,sentinel_taylor,16,2.107987926300e-1,5.827067669173e-1,14364.00,1.00,0.00,0.0,3.922522068024e-3
52,17,3,2,3,sentinel_exact,32,4.585035509065e-1,6.694048033415e-1,14365.00,0.00,0.00,0.0,4.531145095825e-4
52,17,3,2,3,sentinel_taylor,32,4.542952560716e-1,6.679197994987e-1,14364.00,1.00,0.00,0.0,4.531145095825e-4
52,17,3,2,3,sentinel_exact,64,4.909019852102e-1,6.820744865994e-1,14365.00,0.00,0.00,0.0,4.531145095825e-4
52,17,3,2,3,sentinel_taylor,64,4.906162028810e-1,6.820048729551e-1,14365.00,0.00,0.00,0.0,4.531145095825e-4
52,17,3,2,3,sentinel_exact,128,5.221670605333e-1,6.895231465367e-1,14365.00,0.00,0.00,0.0,4.531145095825e-4
52,17,3,2,3,sentinel_taylor,128,5.209359981925e-1,6.891750783153e-1,14365.00,0.00,0.00,0.0,4.531145095825e-4
53,17,3,2,-1,training_exact,96,-3.384869977809e-1,3.810584958217e-1,14360.00,4.00,1.00,0.0,1.404738426208e-2
53,17,3,2,0,sentinel_exact,8,2.873640777500e-1,5.913394597605e-1,14364.00,0.00,1.00,0.0,5.492925643921e-3
53,17,3,2,0,sentinel_taylor,8,2.850851454774e-1,5.914786967419e-1,14364.00,0.00,1.00,0.0,5.492925643921e-3
53,17,3,2,0,sentinel_exact,16,3.162781836202e-1,6.095795043163e-1,14364.00,0.00,1.00,0.0,5.492925643921e-3
53,17,3,2,0,sentinel_taylor,16,3.138746794870e-1,6.086744639376e-1,14364.00,0.00,1.00,0.0,5.492925643921e-3
53,17,3,2,0,sentinel_exact,32,2.638016767129e-1,5.948900027847e-1,14364.00,0.00,1.00,0.0,5.056142807007e-3
53,17,3,2,0,sentinel_taylor,32,2.598361391517e-1,5.930103035366e-1,14364.00,0.00,1.00,0.0,5.056142807007e-3
53,17,3,2,0,sentinel_exact,64,5.777581828142e-1,7.138680033417e-1,14364.00,0.00,1.00,1.0,0.000000000000e0
53,17,3,2,0,sentinel_taylor,64,5.757369433120e-1,7.131021999443e-1,14364.00,0.00,1.00,1.0,0.000000000000e0
53,17,3,2,0,sentinel_exact,128,5.295207830442e-1,6.954887218045e-1,14364.00,0.00,1.00,1.0,0.000000000000e0
53,17,3,2,0,sentinel_taylor,128,5.305979632502e-1,6.955583402952e-1,14364.00,0.00,1.00,1.0,0.000000000000e0
53,17,3,2,1,sentinel_exact,8,2.806640657203e-1,6.008771929825e-1,14364.00,0.00,1.00,0.0,6.146430969238e-3
53,17,3,2,1,sentinel_taylor,8,2.636539002900e-1,5.943330548594e-1,14364.00,0.00,1.00,0.0,6.146430969238e-3
53,17,3,2,1,sentinel_exact,16,2.538623406823e-1,5.915895008007e-1,14363.00,1.00,1.00,0.0,5.374908447266e-3
53,17,3,2,1,sentinel_taylor,16,2.365277670067e-1,5.846560846561e-1,14364.00,0.00,1.00,0.0,5.374908447266e-3
53,17,3,2,1,sentinel_exact,32,2.915054814672e-1,6.123642439432e-1,14364.00,0.00,1.00,0.0,1.180720329285e-2
53,17,3,2,1,sentinel_taylor,32,2.760768901490e-1,6.052631578947e-1,14364.00,0.00,1.00,0.0,1.180720329285e-2
53,17,3,2,1,sentinel_exact,64,3.782370384121e-1,6.364269303070e-1,14363.00,1.00,1.00,0.0,5.374908447266e-3
53,17,3,2,1,sentinel_taylor,64,3.729290691491e-1,6.356864383180e-1,14364.00,0.00,1.00,0.0,5.374908447266e-3
53,17,3,2,1,sentinel_exact,128,4.564801488024e-1,6.664578111947e-1,14364.00,0.00,1.00,0.0,5.056142807007e-3
53,17,3,2,1,sentinel_taylor,128,4.553971402191e-1,6.660864721855e-1,14363.00,1.00,1.00,0.0,5.056142807007e-3
53,17,3,2,2,sentinel_exact,8,4.265560338274e-1,6.501670843776e-1,14364.00,0.00,1.00,0.0,7.280588150024e-3
53,17,3,2,2,sentinel_taylor,8,4.227675837151e-1,6.485658590922e-1,14364.00,0.00,1.00,0.0,7.280588150024e-3
53,17,3,2,2,sentinel_exact,16,4.851878561978e-1,6.737677527151e-1,14364.00,0.00,1.00,0.0,3.084659576416e-3
53,17,3,2,2,sentinel_taylor,16,4.832865985022e-1,6.722133259068e-1,14363.00,1.00,1.00,0.0,3.084659576416e-3
53,17,3,2,2,sentinel_exact,32,4.299353508683e-1,6.544138123085e-1,14364.00,0.00,1.00,1.0,0.000000000000e0
53,17,3,2,2,sentinel_taylor,32,4.291906243741e-1,6.537631414050e-1,14363.00,1.00,1.00,1.0,0.000000000000e0
53,17,3,2,2,sentinel_exact,64,3.302424449304e-1,6.182818156502e-1,14364.00,0.00,1.00,0.0,9.103059768677e-3
53,17,3,2,2,sentinel_taylor,64,3.357506802605e-1,6.191603425468e-1,14363.00,1.00,1.00,0.0,9.103059768677e-3
53,17,3,2,2,sentinel_exact,128,4.474828851088e-1,6.672932330827e-1,14364.00,0.00,1.00,0.0,5.056142807007e-3
53,17,3,2,2,sentinel_taylor,128,4.443270646413e-1,6.661793372320e-1,14364.00,0.00,1.00,0.0,5.056142807007e-3
53,17,3,2,3,sentinel_exact,8,2.897602541266e-1,6.054720133668e-1,14364.00,0.00,1.00,0.0,6.146430969238e-3
53,17,3,2,3,sentinel_taylor,8,2.877562884402e-1,6.048875583095e-1,14363.00,1.00,1.00,0.0,6.146430969238e-3
53,17,3,2,3,sentinel_exact,16,2.472995690669e-1,5.875104427736e-1,14364.00,0.00,1.00,0.0,6.146430969238e-3
53,17,3,2,3,sentinel_taylor,16,2.475684046487e-1,5.863677504700e-1,14363.00,1.00,1.00,0.0,6.146430969238e-3
53,17,3,2,3,sentinel_exact,32,3.135339388096e-1,6.150793650794e-1,14364.00,0.00,1.00,0.0,6.034135818481e-3
53,17,3,2,3,sentinel_taylor,32,3.124946186789e-1,6.143135616820e-1,14364.00,0.00,1.00,0.0,6.034135818481e-3
53,17,3,2,3,sentinel_exact,64,3.851126856289e-1,6.468950153161e-1,14364.00,0.00,1.00,0.0,7.280588150024e-3
53,17,3,2,3,sentinel_taylor,64,3.958405211501e-1,6.514202172097e-1,14364.00,0.00,1.00,0.0,7.280588150024e-3
53,17,3,2,3,sentinel_exact,128,4.777623962742e-1,6.778752436647e-1,14364.00,0.00,1.00,0.0,5.056142807007e-3
53,17,3,2,3,sentinel_taylor,128,4.788859856047e-1,6.775271512114e-1,14364.00,0.00,1.00,0.0,5.056142807007e-3
54,18,3,3,-1,training_exact,96,-7.718025927873e-2,4.818739542666e-1,14344.00,19.00,8.00,0.0,1.501441001892e-3
54,18,3,3,0,sentinel_exact,8,-2.590379986150e-1,4.089864158830e-1,14355.00,8.00,8.00,0.0,1.297116279602e-3
54,18,3,3,0,sentinel_taylor,8,-2.461779153244e-1,4.154071184788e-1,14357.00,6.00,8.00,0.0,1.297116279602e-3
54,18,3,3,0,sentinel_exact,16,-2.787917351619e-1,4.042627289824e-1,14357.00,6.00,8.00,0.0,1.458764076233e-3
54,18,3,3,0,sentinel_taylor,16,-2.705460567697e-1,4.074693422520e-1,14352.00,11.00,8.00,0.0,1.458764076233e-3
54,18,3,3,0,sentinel_exact,32,-3.972586511384e-1,3.609389148151e-1,14357.00,6.00,8.00,0.0,1.856207847595e-3
54,18,3,3,0,sentinel_taylor,32,-3.951723708470e-1,3.623945919576e-1,14349.00,14.00,8.00,0.0,1.856207847595e-3
54,18,3,3,0,sentinel_exact,64,-2.477303495937e-1,4.154360546113e-1,14356.00,7.00,8.00,0.0,6.648302078247e-4
54,18,3,3,0,sentinel_taylor,64,-2.458792752260e-1,4.168350637586e-1,14351.00,12.00,8.00,0.0,6.648302078247e-4
54,18,3,3,0,sentinel_exact,128,9.410059184613e-2,5.335376471408e-1,14357.00,6.00,8.00,0.0,1.297116279602e-3
54,18,3,3,0,sentinel_taylor,128,9.020761148584e-2,5.325109763747e-1,14349.00,14.00,8.00,0.0,1.297116279602e-3
54,18,3,3,1,sentinel_exact,8,-2.618253187006e-1,4.061433447099e-1,14357.00,6.00,8.00,0.0,1.793384552002e-3
54,18,3,3,1,sentinel_taylor,8,-2.759204390850e-1,4.004318450930e-1,14357.00,6.00,8.00,0.0,1.793384552002e-3
54,18,3,3,1,sentinel_exact,16,3.137311177972e-1,6.138200055726e-1,14356.00,7.00,8.00,1.0,0.000000000000e0
54,18,3,3,1,sentinel_taylor,16,3.032229738024e-1,6.090136528281e-1,14356.00,7.00,8.00,1.0,0.000000000000e0
54,18,3,3,1,sentinel_exact,32,4.202329402958e-1,6.564502646977e-1,14356.00,7.00,8.00,1.0,0.000000000000e0
54,18,3,3,1,sentinel_taylor,32,4.103817511764e-1,6.517347080953e-1,14354.00,9.00,8.00,1.0,0.000000000000e0
54,18,3,3,1,sentinel_exact,64,3.225636256273e-1,6.207160769016e-1,14356.00,7.00,8.00,1.0,0.000000000000e0
54,18,3,3,1,sentinel_taylor,64,3.184919753833e-1,6.185301288750e-1,14355.00,8.00,8.00,1.0,0.000000000000e0
54,18,3,3,1,sentinel_exact,128,5.328496126004e-1,7.007594231171e-1,14353.00,10.00,8.00,0.0,6.227493286133e-4
54,18,3,3,1,sentinel_taylor,128,5.310155271528e-1,6.994843924192e-1,14352.00,11.00,8.00,0.0,6.227493286133e-4
54,18,3,3,2,sentinel_exact,8,3.536446104032e-1,6.306941053366e-1,14335.00,28.00,8.00,0.0,1.297116279602e-3
54,18,3,3,2,sentinel_taylor,8,3.482791600874e-1,6.286013254273e-1,14335.00,28.00,8.00,0.0,1.297116279602e-3
54,18,3,3,2,sentinel_exact,16,2.475826163269e-2,5.048482734566e-1,14335.00,28.00,8.00,0.0,2.613425254822e-3
54,18,3,3,2,sentinel_taylor,16,1.076510538696e-2,4.996511790149e-1,14334.00,29.00,8.00,0.0,2.613425254822e-3
54,18,3,3,2,sentinel_exact,32,-4.716217794190e-2,4.812774562443e-1,14341.00,22.00,8.00,1.0,0.000000000000e0
54,18,3,3,2,sentinel_taylor,32,-6.305319329650e-2,4.764627937792e-1,14339.00,24.00,8.00,1.0,0.000000000000e0
54,18,3,3,2,sentinel_exact,64,4.204933359225e-1,6.497387669801e-1,14355.00,8.00,8.00,1.0,0.000000000000e0
54,18,3,3,2,sentinel_taylor,64,4.146102861163e-1,6.488331591780e-1,14355.00,8.00,8.00,1.0,0.000000000000e0
54,18,3,3,2,sentinel_exact,128,4.830048620347e-1,6.813653779171e-1,14355.00,8.00,8.00,1.0,0.000000000000e0
54,18,3,3,2,sentinel_taylor,128,4.799225689049e-1,6.802285077330e-1,14354.00,9.00,8.00,1.0,0.000000000000e0
54,18,3,3,3,sentinel_exact,8,-4.688371525074e-1,3.308013937282e-1,14350.00,13.00,8.00,0.0,1.458764076233e-3
54,18,3,3,3,sentinel_taylor,8,-4.642029046643e-1,3.336817168339e-1,14352.00,11.00,8.00,0.0,1.458764076233e-3
54,18,3,3,3,sentinel_exact,16,1.801930535202e-1,5.634057971014e-1,14352.00,11.00,8.00,0.0,6.227493286133e-4
54,18,3,3,3,sentinel_taylor,16,1.820295253694e-1,5.665505226481e-1,14350.00,13.00,8.00,0.0,6.227493286133e-4
54,18,3,3,3,sentinel_exact,32,1.677138374939e-1,5.594873223739e-1,14356.00,7.00,8.00,0.0,1.297116279602e-3
54,18,3,3,3,sentinel_taylor,32,1.659162730485e-1,5.599832799220e-1,14354.00,9.00,8.00,0.0,1.297116279602e-3
54,18,3,3,3,sentinel_exact,64,1.410611216009e-3,4.989900397019e-1,14357.00,6.00,8.00,0.0,1.297116279602e-3
54,18,3,3,3,sentinel_taylor,64,-3.999000967282e-2,4.849857172717e-1,14353.00,10.00,8.00,0.0,1.297116279602e-3
54,18,3,3,3,sentinel_exact,128,-2.072249162336e-1,4.323138019926e-1,14353.00,10.00,8.00,0.0,2.613425254822e-3
54,18,3,3,3,sentinel_taylor,128,-2.268934811715e-1,4.251463618623e-1,14348.00,15.00,8.00,0.0,2.613425254822e-3
55,18,3,3,-1,training_exact,96,-1.651657393930e-1,4.283713765579e-1,14282.00,82.00,79.00,0.0,8.966803550720e-3
55,18,3,3,0,sentinel_exact,8,-2.632944048846e-1,4.054982817869e-1,14259.00,105.00,79.00,0.0,7.669806480408e-3
55,18,3,3,0,sentinel_taylor,8,-2.638247451799e-1,4.053580194965e-1,14259.00,105.00,79.00,0.0,7.669806480408e-3
55,18,3,3,0,sentinel_exact,16,-2.412931919261e-1,4.163108155408e-1,14285.00,79.00,79.00,0.0,4.953384399414e-3
55,18,3,3,0,sentinel_taylor,16,-2.425284687943e-1,4.152607630382e-1,14285.00,79.00,79.00,0.0,4.953384399414e-3
55,18,3,3,0,sentinel_exact,32,-2.336052529170e-1,4.185916281674e-1,14286.00,78.00,79.00,0.0,4.953384399414e-3
55,18,3,3,0,sentinel_taylor,32,-2.358534310069e-1,4.174716505670e-1,14286.00,78.00,79.00,0.0,4.953384399414e-3
55,18,3,3,0,sentinel_exact,64,9.989370021016e-2,5.421071053553e-1,14285.00,79.00,79.00,1.0,0.000000000000e0
55,18,3,3,0,sentinel_taylor,64,9.498075300620e-2,5.401848221787e-1,14284.00,80.00,79.00,1.0,0.000000000000e0
55,18,3,3,0,sentinel_exact,128,4.259029372953e-1,6.526426321316e-1,14285.00,79.00,79.00,1.0,0.000000000000e0
55,18,3,3,0,sentinel_taylor,128,4.275196883827e-1,6.547885746290e-1,14284.00,80.00,79.00,1.0,0.000000000000e0
55,18,3,3,1,sentinel_exact,8,-1.406259831961e-1,4.591908161837e-1,14286.00,78.00,79.00,0.0,4.547595977783e-3
55,18,3,3,1,sentinel_taylor,8,-1.401836785936e-1,4.594708105838e-1,14286.00,78.00,79.00,0.0,4.953384399414e-3
55,18,3,3,1,sentinel_exact,16,3.914505697116e-1,6.446871062579e-1,14286.00,78.00,79.00,1.0,0.000000000000e0
55,18,3,3,1,sentinel_taylor,16,3.921118224916e-1,6.457122856143e-1,14285.00,79.00,79.00,1.0,0.000000000000e0
55,18,3,3,1,sentinel_exact,32,5.089068783865e-1,6.937561248775e-1,14286.00,78.00,79.00,1.0,0.000000000000e0
55,18,3,3,1,sentinel_taylor,32,5.047465270842e-1,6.927061458771e-1,14286.00,78.00,79.00,1.0,0.000000000000e0
55,18,3,3,1,sentinel_exact,64,4.192478491080e-1,6.519882385886e-1,14284.00,80.00,79.00,0.0,3.809928894043e-4
55,18,3,3,1,sentinel_taylor,64,4.134304286203e-1,6.506125306265e-1,14285.00,79.00,79.00,0.0,3.809928894043e-4
55,18,3,3,1,sentinel_exact,128,5.705965006598e-1,7.031151557578e-1,14285.00,79.00,79.00,0.0,3.809928894043e-4
55,18,3,3,1,sentinel_taylor,128,5.633958730049e-1,7.020859582808e-1,14286.00,78.00,79.00,0.0,3.809928894043e-4
55,18,3,3,2,sentinel_exact,8,3.572638360202e-1,6.254734184318e-1,14258.00,106.00,79.00,1.0,0.000000000000e0
55,18,3,3,2,sentinel_taylor,8,3.549357415282e-1,6.245178483765e-1,14259.00,105.00,79.00,1.0,0.000000000000e0
55,18,3,3,2,sentinel_exact,16,6.188121880964e-2,5.225838125964e-1,14258.00,106.00,79.00,0.0,4.914522171021e-3
55,18,3,3,2,sentinel_taylor,16,4.008590563588e-2,5.146924749281e-1,14259.00,105.00,79.00,0.0,4.914522171021e-3
55,18,3,3,2,sentinel_exact,32,2.299496603294e-1,5.804690234512e-1,14285.00,79.00,79.00,1.0,0.000000000000e0
55,18,3,3,2,sentinel_taylor,32,2.209726913563e-1,5.777684446311e-1,14286.00,78.00,79.00,1.0,0.000000000000e0
55,18,3,3,2,sentinel_exact,64,3.933739797664e-1,6.348617430872e-1,14285.00,79.00,79.00,1.0,0.000000000000e0
55,18,3,3,2,sentinel_taylor,64,3.818471726700e-1,6.289814490725e-1,14285.00,79.00,79.00,1.0,0.000000000000e0
55,18,3,3,2,sentinel_exact,128,5.008268774579e-1,6.749265014700e-1,14286.00,78.00,79.00,1.0,0.000000000000e0
55,18,3,3,2,sentinel_taylor,128,4.907836860369e-1,6.716135806790e-1,14285.00,79.00,79.00,1.0,0.000000000000e0
55,18,3,3,3,sentinel_exact,8,1.590893150121e-2,5.070907048582e-1,14244.00,120.00,79.00,0.0,6.363630294800e-3
55,18,3,3,3,sentinel_taylor,8,1.201541054846e-2,5.037208649256e-1,14244.00,120.00,79.00,0.0,6.363630294800e-3
55,18,3,3,3,sentinel_exact,16,1.617131033001e-1,5.497051390059e-1,14244.00,120.00,79.00,0.0,6.363630294800e-3
55,18,3,3,3,sentinel_taylor,16,1.774449428274e-1,5.552201081233e-1,14243.00,121.00,79.00,0.0,5.064010620117e-3
55,18,3,3,3,sentinel_exact,32,3.262108401349e-1,6.091704585229e-1,14285.00,79.00,79.00,0.0,4.781246185303e-3
55,18,3,3,3,sentinel_taylor,32,3.359965299839e-1,6.107105355268e-1,14285.00,79.00,79.00,0.0,4.781246185303e-3
55,18,3,3,3,sentinel_exact,64,1.091893668508e-1,5.338093238135e-1,14286.00,78.00,79.00,0.0,4.781246185303e-3
55,18,3,3,3,sentinel_taylor,64,1.102964849571e-1,5.347241669000e-1,14284.00,80.00,79.00,0.0,4.781246185303e-3
55,18,3,3,3,sentinel_exact,128,-2.296442011632e-2,4.807140357018e-1,14285.00,79.00,79.00,0.0,4.953384399414e-3
55,18,3,3,3,sentinel_taylor,128,-2.935264602656e-2,4.771516680684e-1,14268.00,96.00,79.00,0.0,4.953384399414e-3
56,18,3,3,-1,training_exact,96,2.503198276015e-1,5.880755032388e-1,14357.00,5.00,4.00,1.0,0.000000000000e0
56,18,3,3,0,sentinel_exact,8,-1.846953325133e-1,4.316551772161e-1,14361.00,1.00,4.00,0.0,1.402235031128e-2
56,18,3,3,0,sentinel_taylor,8,-1.673492692074e-1,4.377828842003e-1,14361.00,1.00,4.00,0.0,1.402235031128e-2
56,18,3,3,0,sentinel_exact,16,-6.792236223032e-2,4.679339878839e-1,14361.00,1.00,4.00,0.0,1.402235031128e-2
56,18,3,3,0,sentinel_taylor,16,-5.001636537286e-2,4.740250696379e-1,14360.00,2.00,4.00,0.0,1.402235031128e-2
56,18,3,3,0,sentinel_exact,32,-4.402895938215e-2,4.855153203343e-1,14360.00,2.00,4.00,0.0,1.402235031128e-2
56,18,3,3,0,sentinel_taylor,32,-2.669263955598e-2,4.909128890746e-1,14361.00,1.00,4.00,0.0,1.402235031128e-2
56,18,3,3,0,sentinel_exact,64,2.522613844748e-1,5.909882303782e-1,14359.00,3.00,4.00,0.0,1.015377044678e-2
56,18,3,3,0,sentinel_taylor,64,2.910471640277e-1,6.054317548747e-1,14360.00,2.00,4.00,0.0,1.015377044678e-2
56,18,3,3,0,sentinel_exact,128,4.601414871115e-1,6.680593273449e-1,14361.00,1.00,4.00,1.0,0.000000000000e0
56,18,3,3,0,sentinel_taylor,128,4.727492116535e-1,6.710306406685e-1,14360.00,2.00,4.00,1.0,0.000000000000e0
56,18,3,3,1,sentinel_exact,8,-4.425267282070e-2,4.717191418222e-1,14356.00,6.00,4.00,0.0,1.071488857269e-2
56,18,3,3,1,sentinel_taylor,8,-4.506975167894e-2,4.719609892024e-1,14355.00,7.00,4.00,0.0,1.071488857269e-2
56,18,3,3,1,sentinel_exact,16,3.626955218145e-1,6.304574890328e-1,14361.00,1.00,4.00,0.0,4.704952239990e-3
56,18,3,3,1,sentinel_taylor,16,3.588252356343e-1,6.284381310494e-1,14361.00,1.00,4.00,0.0,4.704952239990e-3
56,18,3,3,1,sentinel_exact,32,4.917205308981e-1,6.805236404150e-1,14361.00,1.00,4.00,1.0,0.000000000000e0
56,18,3,3,1,sentinel_taylor,32,4.913810106841e-1,6.805932734489e-1,14361.00,1.00,4.00,1.0,0.000000000000e0
56,18,3,3,1,sentinel_exact,64,4.974960353640e-1,6.844487777700e-1,14359.00,3.00,4.00,1.0,0.000000000000e0
56,18,3,3,1,sentinel_taylor,64,4.941179272389e-1,6.829862803816e-1,14359.00,3.00,4.00,1.0,0.000000000000e0
56,18,3,3,1,sentinel_exact,128,5.405409366371e-1,7.018802228412e-1,14360.00,2.00,4.00,1.0,0.000000000000e0
56,18,3,3,1,sentinel_taylor,128,5.478357405091e-1,7.047844557420e-1,14359.00,3.00,4.00,1.0,0.000000000000e0
56,18,3,3,2,sentinel_exact,8,3.583254711973e-1,6.326715430164e-1,14355.00,7.00,4.00,0.0,8.002281188965e-3
56,18,3,3,2,sentinel_taylor,8,3.661967702671e-1,6.362243120864e-1,14355.00,7.00,4.00,0.0,8.002281188965e-3
56,18,3,3,2,sentinel_exact,16,2.414967232617e-1,5.912256267409e-1,14360.00,2.00,4.00,0.0,1.029431819916e-2
56,18,3,3,2,sentinel_taylor,16,2.475676368848e-1,5.937608801615e-1,14361.00,1.00,4.00,0.0,1.029431819916e-2
56,18,3,3,2,sentinel_exact,32,1.754354682603e-1,5.544878490356e-1,14361.00,1.00,4.00,0.0,2.830266952515e-3
56,18,3,3,2,sentinel_taylor,32,1.852717840997e-1,5.588747301720e-1,14361.00,1.00,4.00,0.0,2.830266952515e-3
56,18,3,3,2,sentinel_exact,64,3.156499888562e-1,6.052503307569e-1,14361.00,1.00,4.00,1.0,0.000000000000e0
56,18,3,3,2,sentinel_taylor,64,3.273660787348e-1,6.096100278552e-1,14360.00,2.00,4.00,1.0,0.000000000000e0
56,18,3,3,2,sentinel_exact,128,4.135356206174e-1,6.463338207646e-1,14361.00,1.00,4.00,1.0,0.000000000000e0
56,18,3,3,2,sentinel_taylor,128,4.329056353065e-1,6.536211699164e-1,14360.00,2.00,4.00,1.0,0.000000000000e0
56,18,3,3,3,sentinel_exact,8,2.274188673044e-2,5.078369905956e-1,14355.00,7.00,4.00,0.0,8.827567100525e-3
56,18,3,3,3,sentinel_taylor,8,3.709219923153e-2,5.143852316266e-1,14355.00,7.00,4.00,0.0,8.827567100525e-3
56,18,3,3,3,sentinel_exact,16,2.833702573792e-1,6.003064920591e-1,14356.00,6.00,4.00,0.0,1.049423217773e-2
56,18,3,3,3,sentinel_taylor,16,2.950705149957e-1,6.061302681992e-1,14355.00,7.00,4.00,1.0,0.000000000000e0
56,18,3,3,3,sentinel_exact,32,2.930665777565e-1,6.048746518106e-1,14360.00,2.00,4.00,0.0,1.040625572205e-2
56,18,3,3,3,sentinel_taylor,32,3.000186247604e-1,6.079660190795e-1,14361.00,1.00,4.00,0.0,1.040625572205e-2
56,18,3,3,3,sentinel_exact,64,9.264383047209e-2,5.337372049300e-1,14361.00,1.00,4.00,0.0,2.830266952515e-3
56,18,3,3,3,sentinel_taylor,64,1.118987790098e-1,5.390989485412e-1,14361.00,1.00,4.00,0.0,2.830266952515e-3
56,18,3,3,3,sentinel_exact,128,1.768351811550e-1,5.619777158774e-1,14360.00,2.00,4.00,0.0,2.830266952515e-3
56,18,3,3,3,sentinel_taylor,128,1.845807561418e-1,5.650811337837e-1,14359.00,3.00,4.00,0.0,2.830266952515e-3
57,19,3,4,-1,training_exact,96,5.626734619488e-1,7.069349672748e-1,14362.00,0.00,3.00,0.0,3.116130828857e-4
57,19,3,4,0,sentinel_exact,8,-3.451241510455e-1,3.712216186098e-1,14358.00,4.00,3.00,0.0,2.449333667755e-3
57,19,3,4,0,sentinel_taylor,8,-3.933788551800e-1,3.580582253796e-1,14358.00,4.00,3.00,0.0,2.449333667755e-3
57,19,3,4,0,sentinel_exact,16,-9.511445365986e-2,4.730171993594e-1,14361.00,1.00,3.00,0.0,2.449333667755e-3
57,19,3,4,0,sentinel_taylor,16,-1.235778791861e-1,4.614259852388e-1,14362.00,0.00,3.00,0.0,2.449333667755e-3
57,19,3,4,0,sentinel_exact,32,1.591311702151e-1,5.658774373259e-1,14360.00,2.00,3.00,0.0,2.449333667755e-3
57,19,3,4,0,sentinel_taylor,32,1.546307898613e-1,5.664043457065e-1,14359.00,3.00,3.00,0.0,1.130223274231e-3
57,19,3,4,0,sentinel_exact,64,2.362779791220e-1,5.892757660167e-1,14360.00,2.00,3.00,0.0,1.130223274231e-3
57,19,3,4,0,sentinel_taylor,64,2.238415246656e-1,5.830779944290e-1,14360.00,2.00,3.00,0.0,1.130223274231e-3
57,19,3,4,0,sentinel_exact,128,3.388503433682e-1,6.260360799610e-1,14357.00,5.00,3.00,0.0,1.130223274231e-3
57,19,3,4,0,sentinel_taylor,128,3.212693667089e-1,6.178703252316e-1,14359.00,3.00,3.00,0.0,1.130223274231e-3
57,19,3,4,1,sentinel_exact,8,2.204907651781e-1,5.835944572105e-1,14361.00,1.00,3.00,0.0,1.130223274231e-3
57,19,3,4,1,sentinel_taylor,8,2.144894525848e-1,5.816852367688e-1,14360.00,2.00,3.00,0.0,1.130223274231e-3
57,19,3,4,1,sentinel_exact,16,3.717310513032e-1,6.441055636794e-1,14361.00,1.00,3.00,0.0,1.130223274231e-3
57,19,3,4,1,sentinel_taylor,16,3.734769660291e-1,6.445883827831e-1,14358.00,4.00,3.00,0.0,1.130223274231e-3
57,19,3,4,1,sentinel_exact,32,5.428601786512e-1,7.079880214500e-1,14359.00,3.00,3.00,0.0,1.130223274231e-3
57,19,3,4,1,sentinel_taylor,32,5.594560348803e-1,7.138579387187e-1,14360.00,2.00,3.00,0.0,1.130223274231e-3
57,19,3,4,1,sentinel_exact,64,4.704003712740e-1,6.805710306407e-1,14360.00,2.00,3.00,0.0,1.130223274231e-3
57,19,3,4,1,sentinel_taylor,64,4.715321549440e-1,6.810615030995e-1,14357.00,5.00,3.00,0.0,1.130223274231e-3
57,19,3,4,1,sentinel_exact,128,3.760552758450e-1,6.414345403900e-1,14360.00,2.00,3.00,0.0,1.130223274231e-3
57,19,3,4,1,sentinel_taylor,128,3.699053492927e-1,6.381748519680e-1,14355.00,7.00,3.00,0.0,1.130223274231e-3
57,19,3,4,2,sentinel_exact,8,-3.485301104175e-1,3.707262725437e-1,14361.00,1.00,3.00,0.0,8.857846260071e-4
57,19,3,4,2,sentinel_taylor,8,-3.575239450295e-1,3.655988857939e-1,14360.00,2.00,3.00,0.0,8.857846260071e-4
57,19,3,4,2,sentinel_exact,16,-2.942931903604e-1,3.894150417827e-1,14360.00,2.00,3.00,0.0,2.650976181030e-3
57,19,3,4,2,sentinel_taylor,16,-2.976320311481e-1,3.880648979876e-1,14361.00,1.00,3.00,0.0,2.650976181030e-3
57,19,3,4,2,sentinel_exact,32,-9.605624806503e-2,4.663602173005e-1,14358.00,4.00,3.00,0.0,2.650976181030e-3
57,19,3,4,2,sentinel_taylor,32,-1.216728087665e-1,4.551532033426e-1,14360.00,2.00,3.00,0.0,2.650976181030e-3
57,19,3,4,2,sentinel_exact,64,-1.722635528552e-2,4.917838741122e-1,14362.00,0.00,3.00,0.0,1.505374908447e-3
57,19,3,4,2,sentinel_taylor,64,-2.446742378816e-2,4.895202283964e-1,14361.00,1.00,3.00,0.0,1.505374908447e-3
57,19,3,4,2,sentinel_exact,128,1.708294557170e-1,5.675882721638e-1,14359.00,3.00,3.00,0.0,1.130223274231e-3
57,19,3,4,2,sentinel_taylor,128,1.625765447569e-1,5.638972073264e-1,14359.00,3.00,3.00,0.0,1.130223274231e-3
57,19,3,4,3,sentinel_exact,8,-5.945202936486e-2,4.812338973609e-1,14361.00,1.00,3.00,0.0,1.064538955688e-3
57,19,3,4,3,sentinel_taylor,8,-5.193685408682e-2,4.863848457413e-1,14359.00,3.00,3.00,0.0,1.064538955688e-3
57,19,3,4,3,sentinel_exact,16,5.596861762325e-1,7.146636958641e-1,14362.00,0.00,3.00,0.0,2.959966659546e-4
57,19,3,4,3,sentinel_taylor,16,5.575285600182e-1,7.144647955986e-1,14359.00,3.00,3.00,0.0,1.130223274231e-3
57,19,3,4,3,sentinel_exact,32,4.679349000923e-1,6.785739154655e-1,14361.00,1.00,3.00,0.0,1.130223274231e-3
57,19,3,4,3,sentinel_taylor,32,4.678106136707e-1,6.770891364903e-1,14360.00,2.00,3.00,0.0,1.130223274231e-3
57,19,3,4,3,sentinel_exact,64,3.121489152133e-1,6.131773227469e-1,14358.00,4.00,3.00,1.0,0.000000000000e0
57,19,3,4,3,sentinel_taylor,64,3.051991748933e-1,6.107513404359e-1,14361.00,1.00,3.00,1.0,0.000000000000e0
57,19,3,4,3,sentinel_exact,128,6.929893179119e-2,5.252159375871e-1,14356.00,6.00,3.00,1.0,0.000000000000e0
57,19,3,4,3,sentinel_taylor,128,5.665126606201e-2,5.218421235979e-1,14353.00,9.00,3.00,0.0,1.130223274231e-3
58,19,3,4,-1,training_exact,96,3.614483581532e-1,6.310145533041e-1,14361.00,4.00,0.00,1.0,0.000000000000e0
58,19,3,4,0,sentinel_exact,8,-1.525416173347e-1,4.507591586572e-1,14358.00,7.00,0.00,0.0,6.216406822205e-3
58,19,3,4,0,sentinel_taylor,8,-1.833475818305e-1,4.372170763981e-1,14359.00,6.00,0.00,0.0,6.216406822205e-3
58,19,3,4,0,sentinel_exact,16,-6.134190844211e-2,4.848569240409e-1,14363.00,2.00,0.00,0.0,6.216406822205e-3
58,19,3,4,0,sentinel_taylor,16,-9.775721662334e-2,4.707233864791e-1,14363.00,2.00,0.00,0.0,6.216406822205e-3
58,19,3,4,0,sentinel_exact,32,8.733108737337e-2,5.325163626236e-1,14362.00,3.00,0.00,0.0,6.545543670654e-3
58,19,3,4,0,sentinel_taylor,32,8.249598346870e-2,5.295223506475e-1,14362.00,3.00,0.00,0.0,6.216406822205e-3
58,19,3,4,0,sentinel_exact,64,3.354404717127e-1,6.207616793149e-1,14363.00,2.00,0.00,1.0,0.000000000000e0
58,19,3,4,0,sentinel_taylor,64,3.194219862143e-1,6.137186629526e-1,14360.00,5.00,0.00,1.0,0.000000000000e0
58,19,3,4,0,sentinel_exact,128,5.412098766211e-1,7.002297890119e-1,14361.00,4.00,0.00,0.0,6.545543670654e-3
58,19,3,4,0,sentinel_taylor,128,5.340808472872e-1,6.976047904192e-1,14362.00,3.00,0.00,1.0,0.000000000000e0
58,19,3,4,1,sentinel_exact,8,1.765451964435e-1,5.645993031359e-1,14350.00,15.00,0.00,0.0,5.429148674011e-3
58,19,3,4,1,sentinel_taylor,8,1.802164786757e-1,5.655052264808e-1,14350.00,15.00,0.00,0.0,5.429148674011e-3
58,19,3,4,1,sentinel_exact,16,3.214332603204e-1,6.115984405458e-1,14364.00,1.00,0.00,0.0,5.323052406311e-3
58,19,3,4,1,sentinel_taylor,16,3.361009862550e-1,6.180033416876e-1,14364.00,1.00,0.00,0.0,5.323052406311e-3
58,19,3,4,1,sentinel_exact,32,5.634983686583e-1,7.062795878585e-1,14364.00,1.00,0.00,1.0,0.000000000000e0
58,19,3,4,1,sentinel_taylor,32,5.604011702428e-1,7.050264550265e-1,14364.00,1.00,0.00,1.0,0.000000000000e0
58,19,3,4,1,sentinel_exact,64,5.148689339153e-1,6.890142021721e-1,14364.00,1.00,0.00,1.0,0.000000000000e0
58,19,3,4,1,sentinel_taylor,64,5.137053556166e-1,6.881570702499e-1,14363.00,2.00,0.00,1.0,0.000000000000e0
58,19,3,4,1,sentinel_exact,128,6.338395588693e-1,7.419422206753e-1,14365.00,0.00,0.00,1.0,0.000000000000e0
58,19,3,4,1,sentinel_taylor,128,6.258620794939e-1,7.386703793944e-1,14365.00,0.00,0.00,1.0,0.000000000000e0
58,19,3,4,2,sentinel_exact,8,3.080762713862e-1,6.200000000000e-1,14350.00,15.00,0.00,0.0,2.220869064331e-3
58,19,3,4,2,sentinel_taylor,8,3.146119288310e-1,6.216894340675e-1,14348.00,17.00,0.00,0.0,2.220869064331e-3
58,19,3,4,2,sentinel_exact,16,4.072508549172e-1,6.508113378369e-1,14359.00,6.00,0.00,0.0,1.927971839905e-3
58,19,3,4,2,sentinel_taylor,16,4.040021983466e-1,6.496274113796e-1,14359.00,6.00,0.00,0.0,1.927971839905e-3
58,19,3,4,2,sentinel_exact,32,4.632397213012e-1,6.744865993735e-1,14365.00,0.00,0.00,0.0,1.927971839905e-3
58,19,3,4,2,sentinel_taylor,32,4.610145272684e-1,6.722589627567e-1,14365.00,0.00,0.00,0.0,1.927971839905e-3
58,19,3,4,2,sentinel_exact,64,5.920371761286e-1,7.196658545075e-1,14365.00,0.00,0.00,1.0,0.000000000000e0
58,19,3,4,2,sentinel_taylor,64,5.901787300877e-1,7.189501531607e-1,14364.00,1.00,0.00,1.0,0.000000000000e0
58,19,3,4,2,sentinel_exact,128,5.583420706653e-1,7.030075187970e-1,14364.00,1.00,0.00,0.0,1.927971839905e-3
58,19,3,4,2,sentinel_taylor,128,5.596802657531e-1,7.033066481030e-1,14365.00,0.00,0.00,0.0,1.927971839905e-3
58,19,3,4,3,sentinel_exact,8,-1.521009275713e-1,4.518621649843e-1,14365.00,0.00,0.00,0.0,6.426334381104e-3
58,19,3,4,3,sentinel_taylor,8,-1.514659482209e-1,4.519632414369e-1,14364.00,1.00,0.00,0.0,6.426334381104e-3
58,19,3,4,3,sentinel_exact,16,5.196234265934e-2,5.222082985241e-1,14364.00,1.00,0.00,0.0,3.045558929443e-3
58,19,3,4,3,sentinel_taylor,16,5.138097593444e-2,5.214758092586e-1,14365.00,0.00,0.00,0.0,3.045558929443e-3
58,19,3,4,3,sentinel_exact,32,3.637215209971e-1,6.357117995127e-1,14365.00,0.00,0.00,1.0,0.000000000000e0
58,19,3,4,3,sentinel_taylor,32,3.678985643094e-1,6.371484266221e-1,14364.00,1.00,0.00,1.0,0.000000000000e0
58,19,3,4,3,sentinel_exact,64,1.722817670653e-1,5.670820859152e-1,14363.00,2.00,0.00,0.0,5.797147750854e-4
58,19,3,4,3,sentinel_taylor,64,1.728642185040e-1,5.675299359510e-1,14364.00,1.00,0.00,0.0,5.797147750854e-4
58,19,3,4,3,sentinel_exact,128,5.015849326672e-1,6.869256474520e-1,14364.00,1.00,0.00,0.0,3.045558929443e-3
58,19,3,4,3,sentinel_taylor,128,5.082565445985e-1,6.910546467108e-1,14365.00,0.00,0.00,0.0,3.045558929443e-3
59,19,3,4,-1,training_exact,96,-1.587023015903e-1,4.459685280602e-1,14362.00,3.00,0.00,0.0,1.011359691620e-2
59,19,3,4,0,sentinel_exact,8,-3.949812074809e-2,4.882681564246e-1,14320.00,45.00,0.00,0.0,6.670475006104e-3
59,19,3,4,0,sentinel_taylor,8,-4.123741581721e-2,4.878491620112e-1,14320.00,45.00,0.00,0.0,6.670475006104e-3
59,19,3,4,0,sentinel_exact,16,-9.712568926668e-2,4.696136442743e-1,14365.00,0.00,0.00,0.0,1.189112663269e-2
59,19,3,4,0,sentinel_taylor,16,-9.522053188522e-2,4.699248120301e-1,14364.00,1.00,0.00,0.0,1.189112663269e-2
59,19,3,4,0,sentinel_exact,32,1.284799973620e-3,5.036897800056e-1,14364.00,1.00,0.00,0.0,1.349401473999e-2
59,19,3,4,0,sentinel_taylor,32,1.356856245905e-3,5.036201615149e-1,14364.00,1.00,0.00,0.0,1.349401473999e-2
59,19,3,4,0,sentinel_exact,64,1.991304400926e-1,5.746606334842e-1,14365.00,0.00,0.00,0.0,6.670475006104e-3
59,19,3,4,0,sentinel_taylor,64,1.964729086901e-1,5.732683605987e-1,14365.00,0.00,0.00,0.0,6.670475006104e-3
59,19,3,4,0,sentinel_exact,128,3.813911737227e-1,6.384963452837e-1,14365.00,0.00,0.00,0.0,6.670475006104e-3
59,19,3,4,0,sentinel_taylor,128,3.692957232161e-1,6.343636869953e-1,14364.00,1.00,0.00,0.0,6.670475006104e-3
59,19,3,4,1,sentinel_exact,8,1.513169505053e-1,5.556251740462e-1,14364.00,1.00,0.00,1.0,0.000000000000e0
59,19,3,4,1,sentinel_taylor,8,1.507355231099e-1,5.551688130874e-1,14365.00,0.00,0.00,1.0,0.000000000000e0
59,19,3,4,1,sentinel_exact,16,2.398361026130e-1,5.875391576749e-1,14365.00,0.00,0.00,1.0,0.000000000000e0
59,19,3,4,1,sentinel_taylor,16,2.527500442718e-1,5.915071353985e-1,14365.00,0.00,0.00,1.0,0.000000000000e0
59,19,3,4,1,sentinel_exact,32,2.480895939815e-1,5.920640445527e-1,14365.00,0.00,0.00,0.0,7.474303245544e-3
59,19,3,4,1,sentinel_taylor,32,2.478209097404e-1,5.912286808214e-1,14365.00,0.00,0.00,0.0,1.062631607056e-3
59,19,3,4,1,sentinel_exact,64,2.012725862690e-1,5.766098155238e-1,14365.00,0.00,0.00,0.0,5.249023437500e-3
59,19,3,4,1,sentinel_taylor,64,2.057376298386e-1,5.780020884093e-1,14365.00,0.00,0.00,0.0,5.249023437500e-3
59,19,3,4,1,sentinel_exact,128,3.906363541991e-1,6.366863905325e-1,14365.00,0.00,0.00,0.0,1.062631607056e-3
59,19,3,4,1,sentinel_taylor,128,3.796293129983e-1,6.315532966650e-1,14363.00,2.00,0.00,0.0,1.062631607056e-3
59,19,3,4,2,sentinel_exact,8,2.154739012793e-1,5.765107212476e-1,14364.00,1.00,0.00,0.0,1.349401473999e-2
59,19,3,4,2,sentinel_taylor,8,2.169784014509e-1,5.761921336582e-1,14365.00,0.00,0.00,0.0,1.349401473999e-2
59,19,3,4,2,sentinel_exact,16,2.113690072728e-2,5.004524886878e-1,14365.00,0.00,0.00,0.0,1.062631607056e-3
59,19,3,4,2,sentinel_taylor,16,1.939168629386e-2,4.995822890560e-1,14364.00,1.00,0.00,0.0,1.349401473999e-2
59,19,3,4,2,sentinel_exact,32,2.220186735548e-2,5.015663069962e-1,14365.00,0.00,0.00,0.0,1.349401473999e-2
59,19,3,4,2,sentinel_taylor,32,2.604649458662e-2,5.021928297946e-1,14365.00,0.00,0.00,0.0,1.349401473999e-2
59,19,3,4,2,sentinel_exact,64,2.153775506716e-1,5.709809928288e-1,14363.00,2.00,0.00,0.0,1.062631607056e-3
59,19,3,4,2,sentinel_taylor,64,2.176647675576e-1,5.714584058475e-1,14365.00,0.00,0.00,0.0,1.062631607056e-3
59,19,3,4,2,sentinel_exact,128,2.865163256209e-1,5.981900452489e-1,14365.00,0.00,0.00,0.0,1.062631607056e-3
59,19,3,4,2,sentinel_taylor,128,2.877205195376e-1,5.986077271145e-1,14365.00,0.00,0.00,0.0,1.062631607056e-3
59,19,3,4,3,sentinel_exact,8,1.139613387332e-1,5.399289841955e-1,14363.00,2.00,0.00,0.0,7.532477378845e-3
59,19,3,4,3,sentinel_taylor,8,1.116811837754e-1,5.394416208313e-1,14363.00,2.00,0.00,0.0,7.532477378845e-3
59,19,3,4,3,sentinel_exact,16,3.867970845285e-1,6.343382301748e-1,14363.00,2.00,0.00,0.0,7.532477378845e-3
59,19,3,4,3,sentinel_taylor,16,3.866231886713e-1,6.347372084929e-1,14365.00,0.00,0.00,0.0,7.532477378845e-3
59,19,3,4,3,sentinel_exact,32,2.999360653246e-1,6.102060707324e-1,14364.00,1.00,0.00,0.0,8.760690689087e-3
59,19,3,4,3,sentinel_taylor,32,2.994473653678e-1,6.099547511312e-1,14365.00,0.00,0.00,0.0,8.760690689087e-3
59,19,3,4,3,sentinel_exact,64,1.914607263024e-1,5.686738600766e-1,14365.00,0.00,0.00,0.0,5.996584892273e-3
59,19,3,4,3,sentinel_taylor,64,1.861700893375e-1,5.671423599025e-1,14365.00,0.00,0.00,0.0,5.996584892273e-3
59,19,3,4,3,sentinel_exact,128,2.174926981960e-1,5.742133110554e-1,14364.00,1.00,0.00,0.0,5.996584892273e-3
59,19,3,4,3,sentinel_taylor,128,2.093184579967e-1,5.721545422903e-1,14365.00,0.00,0.00,0.0,5.996584892273e-3
60,20,4,0,-1,training_exact,96,2.541766889497e-2,5.101699637782e-1,14356.00,6.00,3.00,0.0,2.438068389893e-3
60,20,4,0,0,sentinel_exact,8,1.277718036137e-2,5.101657150815e-1,14362.00,0.00,3.00,0.0,2.784013748169e-3
60,20,4,0,0,sentinel_taylor,8,1.473491503153e-2,5.110708814928e-1,14362.00,0.00,3.00,0.0,2.784013748169e-3
60,20,4,0,0,sentinel_exact,16,4.275824419419e-1,6.601448266258e-1,14362.00,0.00,3.00,0.0,1.304388046265e-3
60,20,4,0,0,sentinel_taylor,16,4.391007360748e-1,6.647865747511e-1,14361.00,1.00,3.00,0.0,1.304388046265e-3
60,20,4,0,0,sentinel_exact,32,6.054180375720e-1,7.211504979455e-1,14359.00,3.00,3.00,0.0,1.304388046265e-3
60,20,4,0,0,sentinel_taylor,32,6.186226951082e-1,7.259558465074e-1,14359.00,3.00,3.00,0.0,1.304388046265e-3
60,20,4,0,0,sentinel_exact,64,4.822093741833e-1,6.766487916986e-1,14359.00,3.00,3.00,0.0,1.304388046265e-3
60,20,4,0,0,sentinel_taylor,64,4.900543721193e-1,6.790862873459e-1,14359.00,3.00,3.00,0.0,1.304388046265e-3
60,20,4,0,0,sentinel_exact,128,4.807896404878e-1,6.894366687557e-1,14361.00,1.00,3.00,0.0,2.595186233521e-4
60,20,4,0,0,sentinel_taylor,128,4.835619600343e-1,6.891148408664e-1,14359.00,3.00,3.00,0.0,2.595186233521e-4
60,20,4,0,1,sentinel_exact,8,2.059572654341e-1,5.752298690443e-1,14356.00,6.00,3.00,0.0,1.304388046265e-3
60,20,4,0,1,sentinel_taylor,8,2.022835899205e-1,5.746029534689e-1,14356.00,6.00,3.00,0.0,1.304388046265e-3
60,20,4,0,1,sentinel_exact,16,-4.430738792323e-2,4.834958217270e-1,14360.00,2.00,3.00,0.0,2.147197723389e-3
60,20,4,0,1,sentinel_taylor,16,-5.438921741764e-2,4.796991433944e-1,14359.00,3.00,3.00,0.0,2.147197723389e-3
60,20,4,0,1,sentinel_exact,32,3.710294173327e-3,5.018452753986e-1,14361.00,1.00,3.00,0.0,2.147197723389e-3
60,20,4,0,1,sentinel_taylor,32,8.371982254575e-4,5.005571030641e-1,14360.00,2.00,3.00,0.0,2.147197723389e-3
60,20,4,0,1,sentinel_exact,64,5.119650708369e-1,6.948314293675e-1,14356.00,6.00,3.00,0.0,9.160041809082e-4
60,20,4,0,1,sentinel_taylor,64,5.038333513483e-1,6.912574016022e-1,14355.00,7.00,3.00,0.0,9.160041809082e-4
60,20,4,0,1,sentinel_exact,128,5.323481547749e-1,7.077298050139e-1,14360.00,2.00,3.00,0.0,1.034736633301e-3
60,20,4,0,1,sentinel_taylor,128,5.306682999483e-1,7.069229697729e-1,14358.00,4.00,3.00,0.0,4.812479019165e-4
60,20,4,0,2,sentinel_exact,8,-1.511351624660e-1,4.368472357610e-1,14362.00,0.00,3.00,0.0,2.989768981934e-3
60,20,4,0,2,sentinel_taylor,8,-1.554756422026e-1,4.359420693497e-1,14362.00,0.00,3.00,0.0,2.989768981934e-3
60,20,4,0,2,sentinel_exact,16,-3.292580755080e-1,3.737204930019e-1,14361.00,1.00,3.00,0.0,2.989768981934e-3
60,20,4,0,2,sentinel_taylor,16,-3.293030549510e-1,3.750261160248e-1,14359.00,3.00,3.00,0.0,2.989768981934e-3
60,20,4,0,2,sentinel_exact,32,-8.139559735652e-2,4.735412895140e-1,14362.00,0.00,3.00,0.0,1.325130462646e-3
60,20,4,0,2,sentinel_taylor,32,-8.179623181651e-2,4.720423368846e-1,14361.00,1.00,3.00,0.0,1.325130462646e-3
60,20,4,0,2,sentinel_exact,64,-7.184477283851e-2,4.752716634160e-1,14356.00,6.00,3.00,0.0,2.595186233521e-4
60,20,4,0,2,sentinel_taylor,64,-6.958149248446e-2,4.756963788301e-1,14360.00,2.00,3.00,0.0,2.595186233521e-4
60,20,4,0,2,sentinel_exact,128,3.298841906321e-1,6.254178272981e-1,14360.00,2.00,3.00,0.0,2.595186233521e-4
60,20,4,0,2,sentinel_taylor,128,3.237805499868e-1,6.236941078145e-1,14358.00,4.00,3.00,0.0,2.595186233521e-4
60,20,4,0,3,sentinel_exact,8,3.592414781092e-1,6.381867557970e-1,14361.00,1.00,3.00,0.0,2.147197723389e-3
60,20,4,0,3,sentinel_taylor,8,3.567622492837e-1,6.367940951187e-1,14361.00,1.00,3.00,0.0,2.147197723389e-3
60,20,4,0,3,sentinel_exact,16,3.476308389386e-1,6.313370473538e-1,14360.00,2.00,3.00,0.0,2.147197723389e-3
60,20,4,0,3,sentinel_taylor,16,3.379569554319e-1,6.267409470752e-1,14360.00,2.00,3.00,0.0,2.147197723389e-3
60,20,4,0,3,sentinel_exact,32,6.789032282495e-1,7.561451152427e-1,14361.00,1.00,3.00,0.0,4.812479019165e-4
60,20,4,0,3,sentinel_taylor,32,6.748367429942e-1,7.536393396949e-1,14357.00,5.00,3.00,0.0,4.812479019165e-4
60,20,4,0,3,sentinel_exact,64,5.413643200118e-1,6.984403286450e-1,14362.00,0.00,3.00,0.0,4.812479019165e-4
60,20,4,0,3,sentinel_taylor,64,5.575746288025e-1,7.025069637883e-1,14360.00,2.00,3.00,0.0,4.812479019165e-4
60,20,4,0,3,sentinel_exact,128,5.907245088261e-1,7.232086902026e-1,14361.00,1.00,3.00,1.0,0.000000000000e0
60,20,4,0,3,sentinel_taylor,128,5.710047807748e-1,7.144747840624e-1,14356.00,6.00,3.00,1.0,0.000000000000e0
61,20,4,0,-1,training_exact,96,-2.193181353238e-1,4.230259948428e-1,14349.00,15.00,16.00,0.0,9.720683097839e-3
61,20,4,0,0,sentinel_exact,8,7.985133599127e-2,5.293174370773e-1,14343.00,21.00,16.00,0.0,7.181286811829e-3
61,20,4,0,0,sentinel_taylor,8,7.975733993036e-2,5.280992888021e-1,14342.00,22.00,16.00,0.0,7.181286811829e-3
61,20,4,0,0,sentinel_exact,16,3.130026216170e-1,6.155132761865e-1,14349.00,15.00,16.00,0.0,7.181286811829e-3
61,20,4,0,0,sentinel_taylor,16,2.994130819640e-1,6.106503101694e-1,14347.00,17.00,16.00,0.0,7.181286811829e-3
61,20,4,0,0,sentinel_exact,32,6.565938276891e-1,7.445118126699e-1,14349.00,15.00,16.00,0.0,7.181286811829e-3
61,20,4,0,0,sentinel_taylor,32,6.526443966491e-1,7.435879565096e-1,14348.00,16.00,16.00,0.0,7.181286811829e-3
61,20,4,0,0,sentinel_exact,64,7.094723908697e-1,7.629634792306e-1,14348.00,16.00,16.00,1.0,0.000000000000e0
61,20,4,0,0,sentinel_taylor,64,7.123276964044e-1,7.648699532808e-1,14341.00,23.00,16.00,1.0,0.000000000000e0
61,20,4,0,0,sentinel_exact,128,7.391022376275e-1,7.775996654586e-1,14348.00,16.00,16.00,1.0,0.000000000000e0
61,20,4,0,0,sentinel_taylor,128,7.365398543423e-1,7.769724003345e-1,14348.00,16.00,16.00,1.0,0.000000000000e0
61,20,4,0,1,sentinel_exact,8,-1.063561477617e-1,4.596290614977e-1,14342.00,22.00,16.00,0.0,1.246750354767e-2
61,20,4,0,1,sentinel_taylor,8,-1.066602016057e-1,4.594575751238e-1,14343.00,21.00,16.00,0.0,1.246750354767e-2
61,20,4,0,1,sentinel_exact,16,2.560948948538e-2,5.093076762184e-1,14343.00,21.00,16.00,0.0,9.847044944763e-3
61,20,4,0,1,sentinel_taylor,16,2.728641761699e-2,5.097259987450e-1,14343.00,21.00,16.00,0.0,9.847044944763e-3
61,20,4,0,1,sentinel_exact,32,3.063990747200e-1,6.040577285087e-1,14343.00,21.00,16.00,0.0,1.089000701904e-2
61,20,4,0,1,sentinel_taylor,32,3.041981828824e-1,6.028027609287e-1,14343.00,21.00,16.00,0.0,1.089000701904e-2
61,20,4,0,1,sentinel_exact,64,5.456260889055e-1,6.960763816294e-1,14349.00,15.00,16.00,1.0,0.000000000000e0
61,20,4,0,1,sentinel_taylor,64,5.492700317612e-1,6.969401268558e-1,14347.00,17.00,16.00,1.0,0.000000000000e0
61,20,4,0,1,sentinel_exact,128,6.424396609792e-1,7.431876785839e-1,14349.00,15.00,16.00,1.0,0.000000000000e0
61,20,4,0,1,sentinel_taylor,128,6.444137479558e-1,7.441455255088e-1,14348.00,16.00,16.00,1.0,0.000000000000e0
61,20,4,0,2,sentinel_exact,8,-2.098991230133e-1,4.236532162520e-1,14349.00,15.00,16.00,0.0,1.098203659058e-2
61,20,4,0,2,sentinel_taylor,8,-2.083089318789e-1,4.238622900551e-1,14349.00,15.00,16.00,0.0,8.326172828674e-3
61,20,4,0,2,sentinel_exact,16,3.544709469516e-2,5.106976095895e-1,14349.00,15.00,16.00,0.0,9.610056877136e-3
61,20,4,0,2,sentinel_taylor,16,3.151314258775e-2,5.086068715590e-1,14349.00,15.00,16.00,0.0,9.610056877136e-3
61,20,4,0,2,sentinel_exact,32,1.632902564704e-1,5.561750766657e-1,14348.00,16.00,16.00,0.0,8.295893669128e-3
61,20,4,0,2,sentinel_taylor,32,1.662215876649e-1,5.580957691503e-1,14347.00,17.00,16.00,0.0,8.295893669128e-3
61,20,4,0,2,sentinel_exact,64,4.749544743389e-1,6.693615834960e-1,14348.00,16.00,16.00,0.0,1.089000701904e-2
61,20,4,0,2,sentinel_taylor,64,4.707967260628e-1,6.686877134295e-1,14349.00,15.00,16.00,0.0,1.089000701904e-2
61,20,4,0,2,sentinel_exact,128,6.128318165248e-1,7.259739354659e-1,14349.00,15.00,16.00,1.0,0.000000000000e0
61,20,4,0,2,sentinel_taylor,128,6.221644932820e-1,7.293002509060e-1,14348.00,16.00,16.00,1.0,0.000000000000e0
61,20,4,0,3,sentinel_exact,8,3.024736216866e-1,5.982012131353e-1,14343.00,21.00,16.00,0.0,1.089990139008e-2
61,20,4,0,3,sentinel_taylor,8,3.062525114456e-1,5.994561807153e-1,14343.00,21.00,16.00,0.0,1.089990139008e-2
61,20,4,0,3,sentinel_exact,16,1.943240894758e-1,5.690280295635e-1,14342.00,22.00,16.00,0.0,1.089990139008e-2
61,20,4,0,3,sentinel_taylor,16,2.023440353173e-1,5.718468939552e-1,14343.00,21.00,16.00,0.0,1.089990139008e-2
61,20,4,0,3,sentinel_exact,32,4.921265949248e-1,6.795372177307e-1,14348.00,16.00,16.00,1.0,0.000000000000e0
61,20,4,0,3,sentinel_taylor,32,4.906069412699e-1,6.786535647083e-1,14349.00,15.00,16.00,1.0,0.000000000000e0
61,20,4,0,3,sentinel_exact,64,5.651724936018e-1,7.067391455851e-1,14349.00,15.00,16.00,1.0,0.000000000000e0
61,20,4,0,3,sentinel_taylor,64,5.646134624051e-1,7.070671870644e-1,14348.00,16.00,16.00,1.0,0.000000000000e0
61,20,4,0,3,sentinel_exact,128,6.383102936786e-1,7.431876785839e-1,14349.00,15.00,16.00,1.0,0.000000000000e0
61,20,4,0,3,sentinel_taylor,128,6.400685908167e-1,7.432912804071e-1,14347.00,17.00,16.00,1.0,0.000000000000e0
62,20,4,0,-1,training_exact,96,1.569251268160e-1,5.626566416040e-1,14364.00,1.00,0.00,0.0,2.162575721741e-2
62,20,4,0,0,sentinel_exact,8,1.027656157449e-1,5.294813783502e-1,14365.00,0.00,0.00,0.0,1.408934593201e-2
62,20,4,0,0,sentinel_taylor,8,1.039844651657e-1,5.301775147929e-1,14365.00,0.00,0.00,0.0,1.408934593201e-2
62,20,4,0,0,sentinel_exact,16,3.814302550668e-1,6.332753219631e-1,14365.00,0.00,0.00,0.0,4.857063293457e-3
62,20,4,0,0,sentinel_taylor,16,3.840267218691e-1,6.345979812043e-1,14365.00,0.00,0.00,0.0,4.857063293457e-3
62,20,4,0,0,sentinel_exact,32,6.189202557385e-1,7.318482422555e-1,14365.00,0.00,0.00,0.0,4.857063293457e-3
62,20,4,0,0,sentinel_taylor,32,6.223911676162e-1,7.336581970066e-1,14365.00,0.00,0.00,1.0,0.000000000000e0
62,20,4,0,0,sentinel_exact,64,7.240857102729e-1,7.745214061956e-1,14365.00,0.00,0.00,1.0,0.000000000000e0
62,20,4,0,0,sentinel_taylor,64,7.222420003800e-1,7.738095238095e-1,14364.00,1.00,0.00,1.0,0.000000000000e0
62,20,4,0,0,sentinel_exact,128,7.712524784611e-1,8.004734057366e-1,14364.00,1.00,0.00,1.0,0.000000000000e0
62,20,4,0,0,sentinel_taylor,128,7.690834625361e-1,7.990114174325e-1,14364.00,1.00,0.00,1.0,0.000000000000e0
62,20,4,0,1,sentinel_exact,8,3.994296566338e-1,6.384267316394e-1,14365.00,0.00,0.00,0.0,1.452326774597e-2
62,20,4,0,1,sentinel_taylor,8,3.723560554711e-1,6.276366167769e-1,14365.00,0.00,0.00,0.0,1.452326774597e-2
62,20,4,0,1,sentinel_exact,16,4.314519329999e-1,6.567351200835e-1,14365.00,0.00,0.00,0.0,1.452326774597e-2
62,20,4,0,1,sentinel_taylor,16,4.201329986993e-1,6.518621649843e-1,14365.00,0.00,0.00,0.0,1.452326774597e-2
62,20,4,0,1,sentinel_exact,32,5.498952742106e-1,6.980160111382e-1,14365.00,0.00,0.00,0.0,1.063394546509e-2
62,20,4,0,1,sentinel_taylor,32,5.405450626217e-1,6.941872607031e-1,14365.00,0.00,0.00,0.0,1.063394546509e-2
62,20,4,0,1,sentinel_exact,64,6.632018612490e-1,7.467455621302e-1,14365.00,0.00,0.00,0.0,1.452326774597e-2
62,20,4,0,1,sentinel_taylor,64,6.582312027894e-1,7.448659937348e-1,14365.00,0.00,0.00,0.0,1.452326774597e-2
62,20,4,0,1,sentinel_exact,128,8.106191339818e-1,8.180995475113e-1,14365.00,0.00,0.00,0.0,4.621267318726e-3
62,20,4,0,1,sentinel_taylor,128,8.125585456855e-1,8.190045248869e-1,14365.00,0.00,0.00,0.0,4.621267318726e-3
62,20,4,0,2,sentinel_exact,8,-2.245528544647e-1,4.210233205708e-1,14365.00,0.00,0.00,0.0,1.184821128845e-2
62,20,4,0,2,sentinel_taylor,8,-2.391888178504e-1,4.172641837800e-1,14365.00,0.00,0.00,0.0,1.184821128845e-2
62,20,4,0,2,sentinel_exact,16,1.756914039362e-1,5.564914723286e-1,14365.00,0.00,0.00,0.0,4.857063293457e-3
62,20,4,0,2,sentinel_taylor,16,1.624110746759e-1,5.514096762966e-1,14365.00,0.00,0.00,0.0,4.857063293457e-3
62,20,4,0,2,sentinel_exact,32,4.196933335776e-1,6.485207100592e-1,14365.00,0.00,0.00,0.0,4.857063293457e-3
62,20,4,0,2,sentinel_taylor,32,4.097300334023e-1,6.468499825966e-1,14365.00,0.00,0.00,0.0,4.857063293457e-3
62,20,4,0,2,sentinel_exact,64,5.362778683569e-1,6.913331012879e-1,14365.00,0.00,0.00,0.0,4.857063293457e-3
62,20,4,0,2,sentinel_taylor,64,5.332588345210e-1,6.909850330665e-1,14365.00,0.00,0.00,0.0,4.857063293457e-3
62,20,4,0,2,sentinel_exact,128,6.254175292041e-1,7.318482422555e-1,14365.00,0.00,0.00,1.0,0.000000000000e0
62,20,4,0,2,sentinel_taylor,128,6.224473470484e-1,7.302471284372e-1,14365.00,0.00,0.00,1.0,0.000000000000e0
62,20,4,0,3,sentinel_exact,8,4.243318006119e-1,6.470588235294e-1,14365.00,0.00,0.00,1.0,0.000000000000e0
62,20,4,0,3,sentinel_taylor,8,4.244343891403e-1,6.467803689523e-1,14365.00,0.00,0.00,1.0,0.000000000000e0
62,20,4,0,3,sentinel_exact,16,2.067881935117e-1,5.737659263385e-1,14363.00,2.00,0.00,1.0,0.000000000000e0
62,20,4,0,3,sentinel_taylor,16,2.049120364434e-1,5.729899060216e-1,14365.00,0.00,0.00,1.0,0.000000000000e0
62,20,4,0,3,sentinel_exact,32,4.077979494507e-1,6.469195962409e-1,14365.00,0.00,0.00,1.0,0.000000000000e0
62,20,4,0,3,sentinel_taylor,32,4.092048778403e-1,6.469892098851e-1,14365.00,0.00,0.00,1.0,0.000000000000e0
62,20,4,0,3,sentinel_exact,64,4.836407736165e-1,6.699853790991e-1,14363.00,2.00,0.00,1.0,0.000000000000e0
62,20,4,0,3,sentinel_taylor,64,4.818741947106e-1,6.691263487644e-1,14365.00,0.00,0.00,1.0,0.000000000000e0
62,20,4,0,3,sentinel_exact,128,6.339519177338e-1,7.351200835364e-1,14365.00,0.00,0.00,1.0,0.000000000000e0
62,20,4,0,3,sentinel_taylor,128,6.310208169222e-1,7.337278106509e-1,14365.00,0.00,0.00,1.0,0.000000000000e0
63,21,4,1,-1,training_exact,96,6.121316020737e-2,5.265767968150e-1,14317.00,44.00,32.00,0.0,1.528143882751e-3
63,21,4,1,0,sentinel_exact,8,3.004783693967e-1,6.261191941802e-1,14296.00,66.00,32.00,0.0,2.225756645203e-3
63,21,4,1,0,sentinel_taylor,8,2.544107947354e-1,6.046592976074e-1,14294.00,68.00,32.00,0.0,2.225756645203e-3
63,21,4,1,0,sentinel_exact,16,4.829627529460e-1,6.871152770006e-1,14296.00,66.00,32.00,1.0,0.000000000000e0
63,21,4,1,0,sentinel_taylor,16,4.773190949349e-1,6.836877448237e-1,14296.00,66.00,32.00,1.0,0.000000000000e0
63,21,4,1,0,sentinel_exact,32,5.411985133881e-1,7.047246842069e-1,14329.00,25.00,32.00,1.0,0.000000000000e0
63,21,4,1,0,sentinel_taylor,32,5.363525550164e-1,7.036494313028e-1,14331.00,23.00,32.00,1.0,0.000000000000e0
63,21,4,1,0,sentinel_exact,64,4.398841379090e-1,6.673412421493e-1,14330.00,24.00,32.00,1.0,0.000000000000e0
63,21,4,1,0,sentinel_taylor,64,4.121453885569e-1,6.615019542155e-1,14328.00,26.00,32.00,1.0,0.000000000000e0
63,21,4,1,0,sentinel_exact,128,4.076303357582e-1,6.573860861070e-1,14331.00,23.00,32.00,1.0,0.000000000000e0
63,21,4,1,0,sentinel_taylor,128,3.765277724341e-1,6.473709936457e-1,14321.00,33.00,32.00,1.0,0.000000000000e0
63,21,4,1,1,sentinel_exact,8,2.896891233057e-1,6.105984340045e-1,14304.00,57.00,32.00,0.0,3.399848937988e-3
63,21,4,1,1,sentinel_taylor,8,2.885433345033e-1,6.098993288591e-1,14304.00,57.00,32.00,0.0,3.399848937988e-3
63,21,4,1,1,sentinel_exact,16,-2.721794766318e-2,4.808471969803e-1,14306.00,55.00,32.00,0.0,3.792524337769e-3
63,21,4,1,1,sentinel_taylor,16,-3.239052108814e-2,4.790268456376e-1,14304.00,57.00,32.00,0.0,3.792524337769e-3
63,21,4,1,1,sentinel_exact,32,9.020460544471e-2,5.269155480984e-1,14304.00,57.00,32.00,0.0,2.753376960754e-3
63,21,4,1,1,sentinel_taylor,32,8.581200786083e-2,5.250978747204e-1,14304.00,57.00,32.00,0.0,2.753376960754e-3
63,21,4,1,1,sentinel_exact,64,3.582281333578e-1,6.330588891990e-1,14332.00,29.00,32.00,1.0,0.000000000000e0
63,21,4,1,1,sentinel_taylor,64,3.542791011552e-1,6.308443824145e-1,14330.00,31.00,32.00,1.0,0.000000000000e0
63,21,4,1,1,sentinel_exact,128,2.819414010687e-1,6.073722423904e-1,14324.00,30.00,32.00,1.0,0.000000000000e0
63,21,4,1,1,sentinel_taylor,128,2.767619461065e-1,6.049399944181e-1,14332.00,22.00,32.00,1.0,0.000000000000e0
63,21,4,1,2,sentinel_exact,8,1.214608785354e-1,5.416579223505e-1,14295.00,67.00,32.00,0.0,3.420948982239e-3
63,21,4,1,2,sentinel_taylor,8,1.207677103427e-1,5.413460193088e-1,14294.00,68.00,32.00,0.0,3.420948982239e-3
63,21,4,1,2,sentinel_exact,16,1.207387647518e-1,5.438559765543e-1,14331.00,30.00,32.00,0.0,3.420948982239e-3
63,21,4,1,2,sentinel_taylor,16,1.292189383663e-1,5.482453080304e-1,14333.00,28.00,32.00,0.0,3.420948982239e-3
63,21,4,1,2,sentinel_exact,32,2.013083854173e-1,5.711295611526e-1,14333.00,28.00,32.00,0.0,3.792524337769e-3
63,21,4,1,2,sentinel_taylor,32,2.223917285267e-1,5.798325191905e-1,14330.00,31.00,32.00,0.0,3.792524337769e-3
63,21,4,1,2,sentinel_exact,64,8.082141754700e-2,5.269034824482e-1,14329.00,25.00,32.00,0.0,2.753376960754e-3
63,21,4,1,2,sentinel_taylor,64,8.722151280511e-2,5.305652477320e-1,14330.00,24.00,32.00,0.0,2.753376960754e-3
63,21,4,1,2,sentinel_exact,128,5.117444064188e-1,6.832077051926e-1,14328.00,14.00,32.00,0.0,8.672475814819e-4
63,21,4,1,2,sentinel_taylor,128,5.127110912102e-1,6.836962590731e-1,14328.00,11.00,32.00,0.0,8.672475814819e-4
63,21,4,1,3,sentinel_exact,8,1.830207650175e-1,5.647429171039e-1,14295.00,67.00,32.00,0.0,4.676580429077e-4
63,21,4,1,3,sentinel_taylor,8,1.832432030110e-1,5.648523856163e-1,14294.00,68.00,32.00,0.0,4.676580429077e-4
63,21,4,1,3,sentinel_exact,16,2.259113705315e-1,5.855194123820e-1,14295.00,67.00,32.00,0.0,4.676580429077e-4
63,21,4,1,3,sentinel_taylor,16,2.172823204589e-1,5.806632153351e-1,14294.00,68.00,32.00,0.0,4.676580429077e-4
63,21,4,1,3,sentinel_exact,32,5.832512887470e-2,5.165780637941e-1,14296.00,66.00,32.00,1.0,0.000000000000e0
63,21,4,1,3,sentinel_taylor,32,5.567808655638e-2,5.159868467082e-1,14293.00,69.00,32.00,1.0,0.000000000000e0
63,21,4,1,3,sentinel_exact,64,1.000431154685e-1,5.310864559347e-1,14331.00,23.00,32.00,1.0,0.000000000000e0
63,21,4,1,3,sentinel_taylor,64,8.208073353703e-2,5.244276940257e-1,14328.00,26.00,32.00,1.0,0.000000000000e0
63,21,4,1,3,sentinel_exact,128,2.478958290692e-1,5.890850722311e-1,14329.00,25.00,32.00,1.0,0.000000000000e0
63,21,4,1,3,sentinel_taylor,128,2.430102195093e-1,5.871021775544e-1,14328.00,26.00,32.00,1.0,0.000000000000e0
64,21,4,1,-1,training_exact,96,-5.306113419008e-2,4.757329565525e-1,14155.00,210.00,105.00,0.0,1.079261302948e-2
64,21,4,1,0,sentinel_exact,8,2.817759129088e-1,6.067974971559e-1,14064.00,301.00,105.00,0.0,5.035996437073e-3
64,21,4,1,0,sentinel_taylor,8,2.749465263737e-1,6.052612868823e-1,14065.00,300.00,105.00,0.0,5.035996437073e-3
64,21,4,1,0,sentinel_exact,16,6.463398280099e-1,7.586451247166e-1,14112.00,253.00,105.00,0.0,5.035996437073e-3
64,21,4,1,0,sentinel_taylor,16,6.457176029740e-1,7.579902203954e-1,14111.00,254.00,105.00,0.0,7.009148597717e-3
64,21,4,1,0,sentinel_exact,32,7.569524693347e-1,8.031839954917e-1,14196.00,155.00,105.00,1.0,0.000000000000e0
64,21,4,1,0,sentinel_taylor,32,7.618314979189e-1,8.019439357656e-1,14198.00,153.00,105.00,1.0,0.000000000000e0
64,21,4,1,0,sentinel_exact,64,8.018467727520e-1,8.174407982573e-1,14231.00,120.00,105.00,1.0,0.000000000000e0
64,21,4,1,0,sentinel_taylor,64,8.052567595001e-1,8.210947930574e-1,14231.00,120.00,105.00,1.0,0.000000000000e0
64,21,4,1,0,sentinel_exact,128,8.149796210182e-1,8.213533623473e-1,14246.00,105.00,105.00,1.0,0.000000000000e0
64,21,4,1,0,sentinel_taylor,128,8.246324906555e-1,8.272376272376e-1,14245.00,106.00,105.00,1.0,0.000000000000e0
64,21,4,1,1,sentinel_exact,8,9.143204678984e-2,5.418580007065e-1,14155.00,210.00,105.00,0.0,1.124846935272e-2
64,21,4,1,1,sentinel_taylor,8,7.877788771079e-2,5.374779229954e-1,14155.00,210.00,105.00,0.0,1.124846935272e-2
64,21,4,1,1,sentinel_exact,16,7.850646073929e-2,5.377278507842e-1,14154.00,211.00,105.00,0.0,3.693580627441e-3
64,21,4,1,1,sentinel_taylor,16,7.310626132805e-2,5.354291769693e-1,14155.00,210.00,105.00,0.0,3.693580627441e-3
64,21,4,1,1,sentinel_exact,32,4.842893911939e-2,5.131755563405e-1,14155.00,210.00,105.00,0.0,4.711031913757e-3
64,21,4,1,1,sentinel_taylor,32,4.392147580616e-2,5.097138820205e-1,14155.00,210.00,105.00,0.0,4.711031913757e-3
64,21,4,1,1,sentinel_exact,64,3.884565668892e-1,6.433748504679e-1,14211.00,154.00,105.00,0.0,4.711031913757e-3
64,21,4,1,1,sentinel_taylor,64,4.057372163098e-1,6.534960841036e-1,14173.00,192.00,105.00,0.0,4.711031913757e-3
64,21,4,1,1,sentinel_exact,128,5.393963482424e-1,7.004501336334e-1,14218.00,120.00,105.00,1.0,0.000000000000e0
64,21,4,1,1,sentinel_taylor,128,5.310828249948e-1,6.978477985652e-1,14218.00,120.00,105.00,1.0,0.000000000000e0
64,21,4,1,2,sentinel_exact,8,8.725779810695e-2,5.346153846154e-1,14040.00,325.00,105.00,0.0,3.693580627441e-3
64,21,4,1,2,sentinel_taylor,8,8.167192826250e-2,5.297720797721e-1,14040.00,325.00,105.00,0.0,3.693580627441e-3
64,21,4,1,2,sentinel_exact,16,1.436421352387e-1,5.639756821716e-1,14146.00,192.00,105.00,0.0,1.079261302948e-2
64,21,4,1,2,sentinel_taylor,16,1.481280578864e-1,5.651682216568e-1,14148.00,190.00,105.00,0.0,1.079261302948e-2
64,21,4,1,2,sentinel_exact,32,3.097097094771e-1,6.190711811692e-1,14147.00,191.00,105.00,0.0,7.808089256287e-3
64,21,4,1,2,sentinel_taylor,32,3.152251345768e-1,6.178965224767e-1,14148.00,190.00,105.00,0.0,7.808089256287e-3
64,21,4,1,2,sentinel_exact,64,4.916066496639e-1,6.857844857845e-1,14245.00,93.00,105.00,0.0,5.035996437073e-3
64,21,4,1,2,sentinel_taylor,64,4.956131490499e-1,6.892679160525e-1,14247.00,91.00,105.00,0.0,5.035996437073e-3
64,21,4,1,2,sentinel_exact,128,6.009769790651e-1,7.336281322384e-1,14247.00,79.00,105.00,0.0,3.693580627441e-3
64,21,4,1,2,sentinel_taylor,128,5.992848997671e-1,7.337498245121e-1,14246.00,80.00,105.00,0.0,3.693580627441e-3
64,21,4,1,3,sentinel_exact,8,4.188361103716e-1,6.569671838135e-1,13987.00,378.00,105.00,0.0,4.711031913757e-3
64,21,4,1,3,sentinel_taylor,8,4.276521144722e-1,6.611138914707e-1,13987.00,378.00,105.00,0.0,4.711031913757e-3
64,21,4,1,3,sentinel_exact,16,4.496725336036e-1,6.681918924716e-1,13987.00,378.00,105.00,0.0,4.711031913757e-3
64,21,4,1,3,sentinel_taylor,16,4.491401755177e-1,6.656656656657e-1,13986.00,379.00,105.00,0.0,4.711031913757e-3
64,21,4,1,3,sentinel_exact,32,5.396273336021e-1,7.149591894174e-1,14212.00,153.00,105.00,1.0,0.000000000000e0
64,21,4,1,3,sentinel_taylor,32,5.439844188218e-1,7.158539159806e-1,14211.00,154.00,105.00,1.0,0.000000000000e0
64,21,4,1,3,sentinel_exact,64,4.716322088340e-1,6.903806910140e-1,14211.00,154.00,105.00,0.0,4.660010337830e-3
64,21,4,1,3,sentinel_taylor,64,4.753860134693e-1,6.913875598086e-1,14212.00,153.00,105.00,0.0,4.660010337830e-3
64,21,4,1,3,sentinel_exact,128,5.936994705429e-1,7.322569322569e-1,14245.00,120.00,105.00,1.0,0.000000000000e0
64,21,4,1,3,sentinel_taylor,128,5.953347975210e-1,7.307125307125e-1,14245.00,120.00,105.00,1.0,0.000000000000e0
65,21,4,1,-1,training_exact,96,-1.469094379667e-1,4.423049992998e-1,14282.00,61.00,67.00,0.0,1.642775535583e-2
65,21,4,1,0,sentinel_exact,8,3.321509946606e-1,6.318098202915e-1,14134.00,231.00,67.00,0.0,3.422498703003e-3
65,21,4,1,0,sentinel_taylor,8,3.309379480460e-1,6.314560633932e-1,14134.00,231.00,67.00,0.0,3.422498703003e-3
65,21,4,1,0,sentinel_exact,16,5.159984808760e-1,6.997311447573e-1,14134.00,231.00,67.00,0.0,8.779287338257e-3
65,21,4,1,0,sentinel_taylor,16,5.192658806284e-1,7.002971557945e-1,14134.00,231.00,67.00,0.0,8.779287338257e-3
65,21,4,1,0,sentinel_exact,32,6.383249456180e-1,7.410682950797e-1,14247.00,106.00,67.00,0.0,1.569747924805e-3
65,21,4,1,0,sentinel_taylor,32,6.367376653436e-1,7.407173440022e-1,14247.00,106.00,67.00,0.0,1.569747924805e-3
65,21,4,1,0,sentinel_exact,64,5.813386213246e-1,7.216183998317e-1,14261.00,92.00,67.00,0.0,5.331993103027e-3
65,21,4,1,0,sentinel_taylor,64,5.821379640990e-1,7.218482681251e-1,14262.00,91.00,67.00,0.0,5.331993103027e-3
65,21,4,1,0,sentinel_exact,128,7.001865447213e-1,7.776612113582e-1,14298.00,45.00,67.00,1.0,0.000000000000e0
65,21,4,1,0,sentinel_taylor,128,6.994364643971e-1,7.775912715065e-1,14298.00,45.00,67.00,1.0,0.000000000000e0
65,21,4,1,1,sentinel_exact,8,-3.745892837345e-2,4.859204754493e-1,14134.00,231.00,67.00,0.0,1.662707328796e-2
65,21,4,1,1,sentinel_taylor,8,-3.647577365755e-2,4.863449837272e-1,14134.00,231.00,67.00,0.0,1.662707328796e-2
65,21,4,1,1,sentinel_exact,16,5.970399460843e-2,5.245129070831e-1,14217.00,136.00,67.00,1.0,0.000000000000e0
65,21,4,1,1,sentinel_taylor,16,6.470489006905e-2,5.262010269396e-1,14217.00,136.00,67.00,1.0,0.000000000000e0
65,21,4,1,1,sentinel_exact,32,1.803389875014e-1,5.620735738904e-1,14217.00,136.00,67.00,1.0,0.000000000000e0
65,21,4,1,1,sentinel_taylor,32,1.837500233852e-1,5.629572312887e-1,14216.00,137.00,67.00,1.0,0.000000000000e0
65,21,4,1,1,sentinel_exact,64,6.082815557445e-1,7.261061636631e-1,14261.00,92.00,67.00,1.0,0.000000000000e0
65,21,4,1,1,sentinel_taylor,64,6.161193238012e-1,7.301921189174e-1,14262.00,91.00,67.00,1.0,0.000000000000e0
65,21,4,1,1,sentinel_exact,128,7.146674143591e-1,7.824595786379e-1,14287.00,66.00,67.00,1.0,0.000000000000e0
65,21,4,1,1,sentinel_taylor,128,7.104687984870e-1,7.809043819124e-1,14286.00,67.00,67.00,1.0,0.000000000000e0
65,21,4,1,2,sentinel_exact,8,-7.704195824168e-2,4.610394189408e-1,14181.00,151.00,67.00,0.0,5.889773368835e-3
65,21,4,1,2,sentinel_taylor,8,-8.575111727717e-2,4.570279424217e-1,14172.00,155.00,67.00,0.0,5.889773368835e-3
65,21,4,1,2,sentinel_exact,16,6.402004203071e-2,5.234468655243e-1,14181.00,151.00,67.00,0.0,7.459163665771e-3
65,21,4,1,2,sentinel_taylor,16,7.140461321420e-2,5.245924775951e-1,14171.00,156.00,67.00,0.0,7.459163665771e-3
65,21,4,1,2,sentinel_exact,32,2.304328328291e-1,5.814906393501e-1,14155.00,210.00,67.00,0.0,7.459163665771e-3
65,21,4,1,2,sentinel_taylor,32,2.490380545455e-1,5.895322626092e-1,14196.00,139.00,67.00,0.0,7.459163665771e-3
65,21,4,1,2,sentinel_exact,64,4.450979972940e-1,6.704935246762e-1,14285.00,68.00,67.00,0.0,7.459163665771e-3
65,21,4,1,2,sentinel_taylor,64,4.487412083398e-1,6.709126539754e-1,14288.00,39.00,67.00,0.0,7.459163665771e-3
65,21,4,1,2,sentinel_exact,128,3.975432442884e-1,6.550710436061e-1,14287.00,66.00,67.00,0.0,4.770755767822e-3
65,21,4,1,2,sentinel_taylor,128,3.957991650755e-1,6.562849944009e-1,14288.00,57.00,67.00,0.0,4.770755767822e-3
65,21,4,1,3,sentinel_exact,8,2.841695290285e-1,6.061855670103e-1,14065.00,300.00,67.00,0.0,3.923892974854e-3
65,21,4,1,3,sentinel_taylor,8,2.845822167285e-1,6.072649572650e-1,14040.00,325.00,67.00,0.0,3.923892974854e-3
65,21,4,1,3,sentinel_exact,16,1.606422460976e-1,5.671327197358e-1,14233.00,120.00,67.00,0.0,3.923892974854e-3
65,21,4,1,3,sentinel_taylor,16,1.476131367470e-1,5.607391273800e-1,14233.00,120.00,67.00,0.0,1.824355125427e-2
65,21,4,1,3,sentinel_exact,32,3.993614068353e-1,6.606467870643e-1,14286.00,67.00,67.00,0.0,1.824355125427e-2
65,21,4,1,3,sentinel_taylor,32,3.725505287908e-1,6.492615664590e-1,14287.00,66.00,67.00,0.0,1.824355125427e-2
65,21,4,1,3,sentinel_exact,64,4.793559823975e-1,7.034859302814e-1,14286.00,67.00,67.00,0.0,1.824355125427e-2
65,21,4,1,3,sentinel_taylor,64,4.669918883936e-1,6.972772450479e-1,14287.00,66.00,67.00,0.0,1.824355125427e-2
65,21,4,1,3,sentinel_exact,128,6.289149237312e-1,7.633512983831e-1,14287.00,66.00,67.00,1.0,0.000000000000e0
65,21,4,1,3,sentinel_taylor,128,6.103105794189e-1,7.535521803038e-1,14287.00,66.00,67.00,1.0,0.000000000000e0
66,22,4,2,-1,training_exact,96,1.203393007953e-1,5.444351581000e-1,14358.00,5.00,2.00,0.0,4.048824310303e-3
66,22,4,2,0,sentinel_exact,8,-1.018559397951e-3,4.958919370561e-1,14362.00,1.00,2.00,0.0,2.408981323242e-3
66,22,4,2,0,sentinel_taylor,8,-1.539930850278e-2,4.907039899728e-1,14361.00,2.00,2.00,0.0,2.408981323242e-3
66,22,4,2,0,sentinel_exact,16,3.723958190214e-1,6.322935524300e-1,14362.00,1.00,2.00,0.0,1.175045967102e-3
66,22,4,2,0,sentinel_taylor,16,3.755856102318e-1,6.346167235257e-1,14363.00,0.00,2.00,0.0,1.175045967102e-3
66,22,4,2,0,sentinel_exact,32,4.939668101283e-1,6.866949801573e-1,14363.00,0.00,2.00,0.0,1.175045967102e-3
66,22,4,2,0,sentinel_taylor,32,4.948311648192e-1,6.872823513024e-1,14358.00,5.00,2.00,0.0,1.175045967102e-3
66,22,4,2,0,sentinel_exact,64,2.967621066827e-1,6.087864652231e-1,14363.00,0.00,2.00,0.0,1.175045967102e-3
66,22,4,2,0,sentinel_taylor,64,3.010223460344e-1,6.106120743681e-1,14361.00,2.00,2.00,0.0,1.175045967102e-3
66,22,4,2,0,sentinel_exact,128,6.110187676401e-1,7.337232783232e-1,14361.00,2.00,2.00,0.0,1.175045967102e-3
66,22,4,2,0,sentinel_taylor,128,6.192136570091e-1,7.376227282223e-1,14361.00,2.00,2.00,0.0,1.175045967102e-3
66,22,4,2,1,sentinel_exact,8,2.524279314710e-1,5.855322704170e-1,14363.00,0.00,2.00,0.0,4.048824310303e-3
66,22,4,2,1,sentinel_taylor,8,2.503044077757e-1,5.859619803635e-1,14361.00,2.00,2.00,0.0,4.048824310303e-3
66,22,4,2,1,sentinel_exact,16,2.880835950975e-1,6.034254682169e-1,14363.00,0.00,2.00,0.0,2.684473991394e-3
66,22,4,2,1,sentinel_taylor,16,2.678333276342e-1,5.971593678201e-1,14363.00,0.00,2.00,0.0,2.684473991394e-3
66,22,4,2,1,sentinel_exact,32,2.039560138936e-4,4.982246048876e-1,14363.00,0.00,2.00,0.0,2.447605133057e-3
66,22,4,2,1,sentinel_taylor,32,7.462112376237e-4,5.003481894150e-1,14360.00,3.00,2.00,0.0,2.447605133057e-3
66,22,4,2,1,sentinel_exact,64,5.158539646065e-1,6.890235408831e-1,14358.00,5.00,2.00,0.0,1.634359359741e-3
66,22,4,2,1,sentinel_taylor,64,5.148991882052e-1,6.881832741453e-1,14361.00,2.00,2.00,0.0,1.634359359741e-3
66,22,4,2,1,sentinel_exact,128,5.662225430156e-1,7.125052221139e-1,14362.00,1.00,2.00,0.0,2.590417861938e-3
66,22,4,2,1,sentinel_taylor,128,5.656196491952e-1,7.112612298907e-1,14359.00,4.00,2.00,0.0,2.590417861938e-3
66,22,4,2,2,sentinel_exact,8,-3.749336684565e-1,3.648516919649e-1,14362.00,1.00,2.00,0.0,2.447605133057e-3
66,22,4,2,2,sentinel_taylor,8,-3.726691613625e-1,3.657313931630e-1,14363.00,0.00,2.00,0.0,2.447605133057e-3
66,22,4,2,2,sentinel_exact,16,-4.116689779661e-1,3.534326695446e-1,14362.00,1.00,2.00,0.0,2.447605133057e-3
66,22,4,2,2,sentinel_taylor,16,-4.085854595061e-1,3.547803077780e-1,14361.00,2.00,2.00,0.0,2.447605133057e-3
66,22,4,2,2,sentinel_exact,32,-1.283080301367e-1,4.510827936773e-1,14361.00,2.00,2.00,0.0,3.536462783813e-3
66,22,4,2,2,sentinel_taylor,32,-1.273784690843e-1,4.523428253150e-1,14363.00,0.00,2.00,0.0,3.536462783813e-3
66,22,4,2,2,sentinel_exact,64,1.249579416796e-1,5.450494360117e-1,14362.00,1.00,2.00,0.0,3.536462783813e-3
66,22,4,2,2,sentinel_taylor,64,1.676130690857e-1,5.612813370474e-1,14360.00,3.00,2.00,0.0,3.536462783813e-3
66,22,4,2,2,sentinel_exact,128,2.568552772430e-1,5.911432948057e-1,14362.00,1.00,2.00,0.0,1.276373863220e-3
66,22,4,2,2,sentinel_taylor,128,2.690960740755e-1,5.954304820284e-1,14356.00,7.00,2.00,0.0,3.536462783813e-3
66,22,4,2,3,sentinel_exact,8,-1.051973366032e-1,4.570772122816e-1,14363.00,0.00,2.00,0.0,3.536462783813e-3
66,22,4,2,3,sentinel_taylor,8,-1.050336832747e-1,4.571468356193e-1,14363.00,0.00,2.00,0.0,3.536462783813e-3
66,22,4,2,3,sentinel_exact,16,7.873068524341e-2,5.282322634547e-1,14363.00,0.00,2.00,0.0,4.048824310303e-3
66,22,4,2,3,sentinel_taylor,16,7.806141640740e-2,5.281626401170e-1,14363.00,0.00,2.00,0.0,4.048824310303e-3
66,22,4,2,3,sentinel_exact,32,5.496626787367e-1,7.018032444475e-1,14363.00,0.00,2.00,0.0,3.536462783813e-3
66,22,4,2,3,sentinel_taylor,32,5.478710411775e-1,7.007588943814e-1,14363.00,0.00,2.00,0.0,3.536462783813e-3
66,22,4,2,3,sentinel_exact,64,5.825882416161e-1,7.158275886080e-1,14361.00,2.00,2.00,0.0,3.536462783813e-3
66,22,4,2,3,sentinel_taylor,64,5.764875211209e-1,7.129926194123e-1,14362.00,1.00,2.00,0.0,3.536462783813e-3
66,22,4,2,3,sentinel_exact,128,6.192947274322e-1,7.336907331337e-1,14363.00,0.00,2.00,0.0,3.536462783813e-3
66,22,4,2,3,sentinel_taylor,128,6.169342527258e-1,7.331290479838e-1,14359.00,4.00,2.00,0.0,3.536462783813e-3
67,22,4,2,-1,training_exact,96,8.192971207481e-2,5.228001673407e-1,14342.00,19.00,11.00,0.0,2.221310138702e-2
67,22,4,2,0,sentinel_exact,8,3.349807302358e-1,6.158672615728e-1,14344.00,21.00,11.00,0.0,1.722240447998e-2
67,22,4,2,0,sentinel_taylor,8,3.328458114276e-1,6.152398215282e-1,14344.00,21.00,11.00,0.0,1.722240447998e-2
67,22,4,2,0,sentinel_exact,16,4.732106163216e-1,6.816787506972e-1,14344.00,21.00,11.00,0.0,1.414859294891e-2
67,22,4,2,0,sentinel_taylor,16,4.710879110077e-1,6.808421639710e-1,14344.00,21.00,11.00,0.0,1.414859294891e-2
67,22,4,2,0,sentinel_exact,32,3.984714010644e-1,6.570293994705e-1,14354.00,7.00,11.00,0.0,1.511466503143e-2
67,22,4,2,0,sentinel_taylor,32,3.939437425703e-1,6.554270586596e-1,14354.00,6.00,11.00,0.0,1.511466503143e-2
67,22,4,2,0,sentinel_exact,64,3.666498940077e-1,6.380799777066e-1,14354.00,4.00,11.00,0.0,1.666247844696e-2
67,22,4,2,0,sentinel_taylor,64,3.574702992709e-1,6.321582834053e-1,14354.00,3.00,11.00,0.0,1.666247844696e-2
67,22,4,2,0,sentinel_exact,128,5.881457788028e-1,7.257716156901e-1,14353.00,8.00,11.00,1.0,0.000000000000e0
67,22,4,2,0,sentinel_taylor,128,5.726872246803e-1,7.208249146520e-1,14353.00,7.00,11.00,1.0,0.000000000000e0
67,22,4,2,1,sentinel_exact,8,3.473450579364e-1,6.297333240008e-1,14287.00,78.00,11.00,0.0,1.414859294891e-2
67,22,4,2,1,sentinel_taylor,8,3.382345200889e-1,6.261636452719e-1,14287.00,78.00,11.00,0.0,1.414859294891e-2
67,22,4,2,1,sentinel_exact,16,3.270946767022e-1,6.203723070487e-1,14343.00,22.00,11.00,1.0,0.000000000000e0
67,22,4,2,1,sentinel_taylor,16,3.217730574714e-1,6.184467373118e-1,14344.00,21.00,11.00,1.0,0.000000000000e0
67,22,4,2,1,sentinel_exact,32,2.135102010646e-1,5.925125488009e-1,14344.00,21.00,11.00,0.0,1.862239837646e-2
67,22,4,2,1,sentinel_taylor,32,2.097093616302e-1,5.890267707752e-1,14344.00,21.00,11.00,0.0,1.862239837646e-2
67,22,4,2,1,sentinel_exact,64,3.489450417934e-1,6.513070756361e-1,14345.00,16.00,11.00,0.0,1.077938079834e-2
67,22,4,2,1,sentinel_taylor,64,3.423427164614e-1,6.479364194088e-1,14344.00,17.00,11.00,0.0,2.021872997284e-2
67,22,4,2,1,sentinel_exact,128,4.924759733294e-1,6.920395929179e-1,14346.00,15.00,11.00,1.0,0.000000000000e0
67,22,4,2,1,sentinel_taylor,128,4.841660183597e-1,6.895301826293e-1,14346.00,15.00,11.00,1.0,0.000000000000e0
67,22,4,2,2,sentinel_exact,8,8.483384365039e-2,5.236302802175e-1,14346.00,15.00,11.00,0.0,2.021872997284e-2
67,22,4,2,2,sentinel_taylor,8,8.302265636941e-2,5.230393865458e-1,14345.00,16.00,11.00,0.0,2.021872997284e-2
67,22,4,2,2,sentinel_exact,16,2.733467110192e-1,5.942422975045e-1,14346.00,15.00,11.00,0.0,2.021872997284e-2
67,22,4,2,2,sentinel_taylor,16,2.745997994670e-1,5.952181792834e-1,14346.00,15.00,11.00,0.0,2.021872997284e-2
67,22,4,2,2,sentinel_exact,32,4.871896961015e-1,6.758394872509e-1,14354.00,1.00,11.00,0.0,2.021872997284e-2
67,22,4,2,2,sentinel_taylor,32,4.876061622701e-1,6.766058241605e-1,14354.00,1.00,11.00,0.0,2.021872997284e-2
67,22,4,2,2,sentinel_exact,64,5.475821757773e-1,7.025219451024e-1,14354.00,1.00,11.00,1.0,0.000000000000e0
67,22,4,2,2,sentinel_taylor,64,5.447405237462e-1,7.015258134188e-1,14353.00,2.00,11.00,1.0,0.000000000000e0
67,22,4,2,2,sentinel_exact,128,5.057502288768e-1,6.919110987250e-1,14353.00,2.00,11.00,0.0,2.021872997284e-2
67,22,4,2,2,sentinel_taylor,128,5.038978105882e-1,6.927257525084e-1,14352.00,3.00,11.00,0.0,2.021872997284e-2
67,22,4,2,3,sentinel_exact,8,3.255079440364e-1,6.149609592861e-1,14344.00,21.00,11.00,0.0,2.654778957367e-2
67,22,4,2,3,sentinel_taylor,8,3.222567118467e-1,6.134969325153e-1,14344.00,21.00,11.00,0.0,2.654778957367e-2
67,22,4,2,3,sentinel_exact,16,4.063270786921e-1,6.503067484663e-1,14344.00,21.00,11.00,0.0,1.927983760834e-2
67,22,4,2,3,sentinel_taylor,16,4.080955926706e-1,6.505856107083e-1,14344.00,21.00,11.00,0.0,1.927983760834e-2
67,22,4,2,3,sentinel_exact,32,4.644634619853e-1,6.692457827966e-1,14346.00,15.00,11.00,0.0,1.862239837646e-2
67,22,4,2,3,sentinel_taylor,32,4.681885299831e-1,6.711278405130e-1,14346.00,15.00,11.00,0.0,1.862239837646e-2
67,22,4,2,3,sentinel_exact,64,5.857394626590e-1,7.121148752265e-1,14346.00,15.00,11.00,0.0,1.862239837646e-2
67,22,4,2,3,sentinel_taylor,64,5.881650315258e-1,7.130210511641e-1,14346.00,15.00,11.00,0.0,1.862239837646e-2
67,22,4,2,3,sentinel_exact,128,6.585456113444e-1,7.508016171755e-1,14346.00,15.00,11.00,0.0,1.190042495728e-2
67,22,4,2,3,sentinel_taylor,128,6.489019598980e-1,7.474557367907e-1,14346.00,15.00,11.00,0.0,1.190042495728e-2
68,22,4,2,-1,training_exact,96,1.077040885505e-1,5.366771159875e-1,14355.00,9.00,2.00,0.0,4.652500152588e-3
68,22,4,2,0,sentinel_exact,8,3.544195890712e-1,6.315532966650e-1,14363.00,1.00,2.00,0.0,1.068305969238e-2
68,22,4,2,0,sentinel_taylor,8,3.514029922931e-1,6.303000765857e-1,14363.00,1.00,2.00,0.0,1.068305969238e-2
68,22,4,2,0,sentinel_exact,16,2.802247425665e-1,6.011975214092e-1,14363.00,1.00,2.00,0.0,1.068305969238e-2
68,22,4,2,0,sentinel_taylor,16,2.765755153710e-1,5.999443013298e-1,14363.00,1.00,2.00,0.0,1.068305969238e-2
68,22,4,2,0,sentinel_exact,32,4.236315550679e-1,6.622571886096e-1,14363.00,1.00,2.00,0.0,1.068305969238e-2
68,22,4,2,0,sentinel_taylor,32,4.227106992094e-1,6.620483185964e-1,14363.00,1.00,2.00,0.0,1.068305969238e-2
68,22,4,2,0,sentinel_exact,64,3.286502805619e-1,6.209009259904e-1,14363.00,1.00,2.00,0.0,1.068305969238e-2
68,22,4,2,0,sentinel_taylor,64,3.340899251164e-1,6.241732228643e-1,14363.00,1.00,2.00,0.0,1.068305969238e-2
68,22,4,2,0,sentinel_exact,128,5.085020450585e-1,6.906419718702e-1,14362.00,2.00,2.00,0.0,4.280090332031e-3
68,22,4,2,0,sentinel_taylor,128,5.054594905861e-1,6.899672770313e-1,14363.00,1.00,2.00,0.0,4.280090332031e-3
68,22,4,2,1,sentinel_exact,8,2.309564066742e-1,5.879143936215e-1,14298.00,66.00,2.00,0.0,1.068305969238e-2
68,22,4,2,1,sentinel_taylor,8,2.316404505072e-1,5.881242131767e-1,14298.00,66.00,2.00,0.0,1.068305969238e-2
68,22,4,2,1,sentinel_exact,16,3.290899464891e-1,6.147044489313e-1,14363.00,1.00,2.00,0.0,7.297754287720e-3
68,22,4,2,1,sentinel_taylor,16,3.375930093033e-1,6.176450107931e-1,14361.00,3.00,2.00,0.0,7.297754287720e-3
68,22,4,2,1,sentinel_exact,32,2.743759644408e-1,5.964631344427e-1,14363.00,1.00,2.00,0.0,9.828090667725e-3
68,22,4,2,1,sentinel_taylor,32,2.764362878274e-1,5.975771078466e-1,14363.00,1.00,2.00,0.0,9.828090667725e-3
68,22,4,2,1,sentinel_exact,64,3.183120248021e-1,6.215275360301e-1,14363.00,1.00,2.00,0.0,9.828090667725e-3
68,22,4,2,1,sentinel_taylor,64,2.985455597989e-1,6.134939423479e-1,14362.00,2.00,2.00,0.0,9.828090667725e-3
68,22,4,2,1,sentinel_exact,128,3.711830738389e-1,6.408828239226e-1,14363.00,1.00,2.00,0.0,9.828090667725e-3
68,22,4,2,1,sentinel_taylor,128,3.659463875926e-1,6.386993454951e-1,14362.00,2.00,2.00,0.0,9.828090667725e-3
68,22,4,2,2,sentinel_exact,8,2.125418369609e-2,5.001044350066e-1,14363.00,1.00,2.00,0.0,4.280090332031e-3
68,22,4,2,2,sentinel_taylor,8,2.023318170966e-2,4.991993316160e-1,14363.00,1.00,2.00,0.0,4.280090332031e-3
68,22,4,2,2,sentinel_exact,16,1.262037388725e-1,5.416376549227e-1,14362.00,2.00,2.00,0.0,4.280090332031e-3
68,22,4,2,2,sentinel_taylor,16,1.242996640830e-1,5.410429575994e-1,14363.00,1.00,2.00,0.0,4.280090332031e-3
68,22,4,2,2,sentinel_exact,32,3.006374545297e-1,6.066977650909e-1,14363.00,1.00,2.00,0.0,4.280090332031e-3
68,22,4,2,2,sentinel_taylor,32,3.029214597406e-1,6.078540593232e-1,14362.00,2.00,2.00,0.0,4.280090332031e-3
68,22,4,2,2,sentinel_exact,64,4.790661007190e-1,6.751375060920e-1,14363.00,1.00,2.00,0.0,8.134126663208e-3
68,22,4,2,2,sentinel_taylor,64,4.719923644685e-1,6.722829492446e-1,14363.00,1.00,2.00,0.0,8.134126663208e-3
68,22,4,2,2,sentinel_exact,128,3.869976129805e-1,6.429019007171e-1,14363.00,1.00,2.00,0.0,4.280090332031e-3
68,22,4,2,2,sentinel_taylor,128,3.874949163596e-1,6.430859211809e-1,14362.00,2.00,2.00,0.0,4.280090332031e-3
68,22,4,2,3,sentinel_exact,8,4.663154217995e-2,5.180697723000e-1,14361.00,3.00,2.00,0.0,8.960008621216e-3
68,22,4,2,3,sentinel_taylor,8,4.861373605210e-2,5.183147632312e-1,14360.00,4.00,2.00,0.0,8.960008621216e-3
68,22,4,2,3,sentinel_exact,16,1.966918802863e-1,5.722342129082e-1,14363.00,1.00,2.00,0.0,1.461529731750e-2
68,22,4,2,3,sentinel_taylor,16,2.104949478111e-1,5.775952099144e-1,14363.00,1.00,2.00,0.0,1.227045059204e-2
68,22,4,2,3,sentinel_exact,32,1.107371915240e-1,5.427139177052e-1,14363.00,1.00,2.00,0.0,1.461529731750e-2
68,22,4,2,3,sentinel_taylor,32,1.139150687039e-1,5.440050132294e-1,14362.00,2.00,2.00,0.0,1.227045059204e-2
68,22,4,2,3,sentinel_exact,64,3.484085915660e-1,6.274892076312e-1,14362.00,2.00,2.00,0.0,1.068305969238e-2
68,22,4,2,3,sentinel_taylor,64,3.522420214374e-1,6.282809997911e-1,14363.00,1.00,2.00,0.0,1.068305969238e-2
68,22,4,2,3,sentinel_exact,128,3.523678147444e-1,6.325976467312e-1,14363.00,1.00,2.00,0.0,1.068305969238e-2
68,22,4,2,3,sentinel_taylor,128,3.603782836786e-1,6.364965536448e-1,14363.00,1.00,2.00,0.0,1.068305969238e-2
69,23,4,3,-1,training_exact,96,-4.048368403017e-2,4.865542705866e-1,14354.00,9.00,3.00,0.0,2.994418144226e-3
69,23,4,3,0,sentinel_exact,8,-1.233752196805e-1,4.583623450773e-1,14362.00,1.00,3.00,0.0,2.395629882812e-3
69,23,4,3,0,sentinel_taylor,8,-1.220295016378e-1,4.583565459610e-1,14360.00,3.00,3.00,0.0,2.395629882812e-3
69,23,4,3,0,sentinel_exact,16,-6.921697797514e-2,4.712395543175e-1,14360.00,3.00,3.00,0.0,2.242326736450e-4
69,23,4,3,0,sentinel_taylor,16,-6.715966304452e-2,4.736438966646e-1,14361.00,2.00,3.00,0.0,2.242326736450e-4
69,23,4,3,0,sentinel_exact,32,2.137241802975e-1,5.754769530706e-1,14362.00,1.00,3.00,0.0,3.565549850464e-4
69,23,4,3,0,sentinel_taylor,32,2.149066563101e-1,5.758356545961e-1,14360.00,3.00,3.00,0.0,3.565549850464e-4
69,23,4,3,0,sentinel_exact,64,1.343877186501e-1,5.462015180001e-1,14361.00,2.00,3.00,0.0,3.565549850464e-4
69,23,4,3,0,sentinel_taylor,64,1.389377407481e-1,5.474930362117e-1,14360.00,3.00,3.00,0.0,3.565549850464e-4
69,23,4,3,0,sentinel_exact,128,2.928806877375e-1,6.129683799972e-1,14358.00,5.00,3.00,0.0,3.565549850464e-4
69,23,4,3,0,sentinel_taylor,128,2.813006839285e-1,6.085260518250e-1,14356.00,7.00,3.00,0.0,3.565549850464e-4
69,23,4,3,1,sentinel_exact,8,-1.841031625873e-1,4.304035686903e-1,14347.00,16.00,3.00,0.0,2.337217330933e-3
69,23,4,3,1,sentinel_taylor,8,-1.848908017833e-1,4.298856983552e-1,14348.00,15.00,3.00,0.0,2.337217330933e-3
69,23,4,3,1,sentinel_exact,16,-1.958044776421e-1,4.260045964204e-1,14359.00,4.00,3.00,0.0,3.565549850464e-4
69,23,4,3,1,sentinel_taylor,16,-1.931528054690e-1,4.262238005710e-1,14361.00,2.00,3.00,0.0,3.565549850464e-4
69,23,4,3,1,sentinel_exact,32,1.212440599266e-1,5.402450912129e-1,14362.00,1.00,3.00,0.0,2.234816551208e-3
69,23,4,3,1,sentinel_taylor,32,1.457446366765e-1,5.501392757660e-1,14360.00,3.00,3.00,0.0,2.234816551208e-3
69,23,4,3,1,sentinel_exact,64,6.612489954836e-1,7.496518105850e-1,14360.00,3.00,3.00,0.0,3.565549850464e-4
69,23,4,3,1,sentinel_taylor,64,6.635706800912e-1,7.486072423398e-1,14360.00,3.00,3.00,0.0,3.565549850464e-4
69,23,4,3,1,sentinel_exact,128,7.243216308705e-1,7.801532033426e-1,14360.00,3.00,3.00,0.0,3.565549850464e-4
69,23,4,3,1,sentinel_taylor,128,7.232647677555e-1,7.798203467725e-1,14361.00,2.00,3.00,0.0,3.565549850464e-4
69,23,4,3,2,sentinel_exact,8,-1.098383860343e-1,4.597549087871e-1,14362.00,1.00,3.00,0.0,2.234816551208e-3
69,23,4,3,2,sentinel_taylor,8,-1.131896194812e-1,4.589193705612e-1,14362.00,1.00,3.00,0.0,2.234816551208e-3
69,23,4,3,2,sentinel_exact,16,-1.450278242041e-1,4.503099101609e-1,14359.00,4.00,3.00,0.0,2.278804779053e-3
69,23,4,3,2,sentinel_taylor,16,-1.443352605392e-1,4.495821727019e-1,14360.00,3.00,3.00,0.0,2.647399902344e-3
69,23,4,3,2,sentinel_exact,32,1.223371936456e-1,5.457837197967e-1,14361.00,2.00,3.00,0.0,2.323508262634e-3
69,23,4,3,2,sentinel_taylor,32,1.398944556872e-1,5.515944854477e-1,14362.00,1.00,3.00,0.0,2.323508262634e-3
69,23,4,3,2,sentinel_exact,64,1.928207307750e-1,5.688718662953e-1,14360.00,3.00,3.00,0.0,2.323508262634e-3
69,23,4,3,2,sentinel_taylor,64,1.953720049911e-1,5.691396725879e-1,14355.00,8.00,3.00,0.0,2.323508262634e-3
69,23,4,3,2,sentinel_exact,128,3.063453107988e-1,6.088864127028e-1,14359.00,4.00,3.00,0.0,3.565549850464e-4
69,23,4,3,2,sentinel_taylor,128,3.170731856256e-1,6.131346194025e-1,14359.00,4.00,3.00,0.0,3.565549850464e-4
69,23,4,3,3,sentinel_exact,8,2.140664902329e-1,5.772606938832e-1,14354.00,9.00,3.00,0.0,2.234816551208e-3
69,23,4,3,3,sentinel_taylor,8,2.229919155787e-1,5.805979510767e-1,14349.00,14.00,3.00,0.0,2.234816551208e-3
69,23,4,3,3,sentinel_exact,16,4.390460459025e-1,6.674326300397e-1,14361.00,2.00,3.00,0.0,2.234816551208e-3
69,23,4,3,3,sentinel_taylor,16,4.355333334151e-1,6.655758250940e-1,14362.00,1.00,3.00,0.0,2.234816551208e-3
69,23,4,3,3,sentinel_exact,32,5.911572082402e-1,7.264118097626e-1,14361.00,2.00,3.00,1.0,0.000000000000e0
69,23,4,3,3,sentinel_taylor,32,5.893371177198e-1,7.255256928004e-1,14362.00,1.00,3.00,1.0,0.000000000000e0
69,23,4,3,3,sentinel_exact,64,4.875635379493e-1,6.779247910864e-1,14360.00,3.00,3.00,1.0,0.000000000000e0
69,23,4,3,3,sentinel_taylor,64,4.907715615717e-1,6.786460509820e-1,14358.00,5.00,3.00,1.0,0.000000000000e0
69,23,4,3,3,sentinel_exact,128,5.177448055275e-1,6.908508564267e-1,14362.00,1.00,3.00,0.0,9.630918502808e-4
69,23,4,3,3,sentinel_taylor,128,5.202594519076e-1,6.921041637655e-1,14362.00,1.00,3.00,0.0,9.630918502808e-4
70,23,4,3,-1,training_exact,96,1.297709322694e-1,5.368944273313e-1,14284.00,81.00,55.00,0.0,4.575610160828e-3
70,23,4,3,0,sentinel_exact,8,-2.053125614989e-1,4.282914537692e-1,14287.00,78.00,55.00,0.0,9.978055953979e-3
70,23,4,3,0,sentinel_taylor,8,-2.039002442792e-1,4.283614474697e-1,14287.00,78.00,55.00,0.0,9.978055953979e-3
70,23,4,3,0,sentinel_exact,16,1.306430080081e-1,5.500104990551e-1,14287.00,78.00,55.00,0.0,1.237750053406e-3
70,23,4,3,0,sentinel_taylor,16,1.327761445700e-1,5.500804927557e-1,14287.00,78.00,55.00,0.0,1.237750053406e-3
70,23,4,3,0,sentinel_exact,32,2.890401807279e-1,6.016379672407e-1,14286.00,79.00,55.00,0.0,3.506064414978e-3
70,23,4,3,0,sentinel_taylor,32,2.912586616490e-1,6.022957933786e-1,14287.00,78.00,55.00,0.0,3.506064414978e-3
70,23,4,3,0,sentinel_exact,64,4.501959364646e-1,6.628867422652e-1,14286.00,79.00,55.00,0.0,1.237750053406e-3
70,23,4,3,0,sentinel_taylor,64,4.546134287905e-1,6.657100860923e-1,14287.00,78.00,55.00,0.0,1.237750053406e-3
70,23,4,3,0,sentinel_exact,128,5.836102609367e-1,7.187259362968e-1,14285.00,80.00,55.00,0.0,1.237750053406e-3
70,23,4,3,0,sentinel_taylor,128,5.759920756592e-1,7.168054875061e-1,14287.00,78.00,55.00,0.0,1.237750053406e-3
70,23,4,3,1,sentinel_exact,8,-2.389172241054e-1,4.110791366906e-1,13900.00,465.00,55.00,0.0,3.256559371948e-3
70,23,4,3,1,sentinel_taylor,8,-2.326933475346e-1,4.153956834532e-1,13900.00,465.00,55.00,0.0,3.256559371948e-3
70,23,4,3,1,sentinel_exact,16,-2.052296093938e-1,4.288814223716e-1,14286.00,79.00,55.00,0.0,3.256559371948e-3
70,23,4,3,1,sentinel_taylor,16,-1.996608491646e-1,4.320011198992e-1,14287.00,78.00,55.00,0.0,3.256559371948e-3
70,23,4,3,1,sentinel_exact,32,2.561975201509e-1,5.965563099321e-1,14287.00,78.00,55.00,0.0,4.820227622986e-3
70,23,4,3,1,sentinel_taylor,32,2.951608599188e-1,6.116749492546e-1,14287.00,78.00,55.00,0.0,4.820227622986e-3
70,23,4,3,1,sentinel_exact,64,5.296754804608e-1,7.074058518830e-1,14286.00,79.00,55.00,0.0,1.237750053406e-3
70,23,4,3,1,sentinel_taylor,64,5.660178907267e-1,7.217750402464e-1,14287.00,78.00,55.00,1.0,0.000000000000e0
70,23,4,3,1,sentinel_exact,128,6.112486935890e-1,7.352138307552e-1,14287.00,78.00,55.00,0.0,3.973484039307e-3
70,23,4,3,1,sentinel_taylor,128,6.293522546288e-1,7.409533142017e-1,14287.00,78.00,55.00,0.0,3.973484039307e-3
70,23,4,3,2,sentinel_exact,8,3.618635270862e-2,5.111639952404e-1,14287.00,78.00,55.00,0.0,7.388472557068e-3
70,23,4,3,2,sentinel_taylor,8,3.958031225569e-2,5.118639322461e-1,14287.00,78.00,55.00,0.0,7.388472557068e-3
70,23,4,3,2,sentinel_exact,16,-3.292189629762e-2,4.805767480927e-1,14287.00,78.00,55.00,0.0,7.388472557068e-3
70,23,4,3,2,sentinel_taylor,16,-3.013759728381e-2,4.811003779924e-1,14286.00,79.00,55.00,0.0,7.388472557068e-3
70,23,4,3,2,sentinel_exact,32,1.945198190084e-1,5.667389934906e-1,14287.00,78.00,55.00,0.0,1.237750053406e-3
70,23,4,3,2,sentinel_taylor,32,1.985466335034e-1,5.682788549031e-1,14287.00,78.00,55.00,0.0,1.237750053406e-3
70,23,4,3,2,sentinel_exact,64,2.349094746820e-1,5.926443854006e-1,14302.00,37.00,55.00,0.0,1.237750053406e-3
70,23,4,3,2,sentinel_taylor,64,2.318716304723e-1,5.914970981050e-1,14301.00,38.00,55.00,0.0,1.237750053406e-3
70,23,4,3,2,sentinel_exact,128,4.610444865496e-1,6.664568911265e-1,14301.00,40.00,55.00,0.0,1.237750053406e-3
70,23,4,3,2,sentinel_taylor,128,4.625283865308e-1,6.670395748846e-1,14302.00,39.00,55.00,0.0,1.237750053406e-3
70,23,4,3,3,sentinel_exact,8,4.612645143824e-1,6.800587947085e-1,14287.00,78.00,55.00,0.0,1.237750053406e-3
70,23,4,3,3,sentinel_taylor,8,4.648099681641e-1,6.821586057255e-1,14287.00,78.00,55.00,0.0,1.237750053406e-3
70,23,4,3,3,sentinel_exact,16,3.334351452645e-1,6.217540421362e-1,14287.00,78.00,55.00,0.0,1.237750053406e-3
70,23,4,3,3,sentinel_taylor,16,3.292983752766e-1,6.197942185203e-1,14287.00,78.00,55.00,0.0,1.237750053406e-3
70,23,4,3,3,sentinel_exact,32,2.802044694309e-1,6.029957303843e-1,14287.00,78.00,55.00,0.0,1.237750053406e-3
70,23,4,3,3,sentinel_taylor,32,2.730207105624e-1,6.016658500735e-1,14287.00,78.00,55.00,0.0,1.237750053406e-3
70,23,4,3,3,sentinel_exact,64,2.697000546773e-1,5.903268705816e-1,14287.00,78.00,55.00,0.0,1.237750053406e-3
70,23,4,3,3,sentinel_taylor,64,2.664748563469e-1,5.887582248355e-1,14286.00,79.00,55.00,0.0,1.237750053406e-3
70,23,4,3,3,sentinel_exact,128,3.365333694934e-1,6.170242504717e-1,14309.00,56.00,55.00,0.0,1.237750053406e-3
70,23,4,3,3,sentinel_taylor,128,3.239812139126e-1,6.113634775316e-1,14309.00,56.00,55.00,0.0,1.237750053406e-3
71,23,4,3,-1,training_exact,96,-1.499996336111e-2,4.929665738162e-1,14360.00,3.00,3.00,0.0,1.228857040405e-2
71,23,4,3,0,sentinel_exact,8,2.425369716527e-2,5.037599220164e-1,14362.00,1.00,3.00,0.0,2.166032791138e-2
71,23,4,3,0,sentinel_taylor,8,3.494002830964e-2,5.072413312909e-1,14362.00,1.00,3.00,0.0,2.166032791138e-2
71,23,4,3,0,sentinel_exact,16,3.799839521841e-1,6.419718702131e-1,14362.00,1.00,3.00,0.0,2.166032791138e-2
71,23,4,3,0,sentinel_taylor,16,3.859157819405e-1,6.445481130762e-1,14362.00,1.00,3.00,0.0,2.166032791138e-2
71,23,4,3,0,sentinel_exact,32,4.348359739770e-1,6.581952374321e-1,14362.00,1.00,3.00,0.0,1.529693603516e-3
71,23,4,3,0,sentinel_taylor,32,4.498664513934e-1,6.644617741262e-1,14362.00,1.00,3.00,0.0,1.529693603516e-3
71,23,4,3,0,sentinel_exact,64,5.652531805579e-1,7.187021306225e-1,14362.00,1.00,3.00,0.0,1.529693603516e-3
71,23,4,3,0,sentinel_taylor,64,5.702653751884e-1,7.207213480017e-1,14362.00,1.00,3.00,0.0,1.529693603516e-3
71,23,4,3,0,sentinel_exact,128,6.305790281672e-1,7.496170449798e-1,14362.00,1.00,3.00,0.0,1.529693603516e-3
71,23,4,3,0,sentinel_taylor,128,6.357768596358e-1,7.525414287704e-1,14362.00,1.00,3.00,0.0,1.529693603516e-3
71,23,4,3,1,sentinel_exact,8,9.126440218845e-2,5.278263913196e-1,14285.00,78.00,3.00,1.0,0.000000000000e0
71,23,4,3,1,sentinel_taylor,8,9.601507156928e-2,5.300665033252e-1,14285.00,78.00,3.00,1.0,0.000000000000e0
71,23,4,3,1,sentinel_exact,16,-8.497282008011e-2,4.716613285058e-1,14362.00,1.00,3.00,0.0,2.202391624451e-2
71,23,4,3,1,sentinel_taylor,16,-7.827350201880e-2,4.750000000000e-1,14360.00,3.00,3.00,0.0,2.202391624451e-2
71,23,4,3,1,sentinel_exact,32,9.223897093623e-2,5.305340853701e-1,14361.00,2.00,3.00,0.0,2.202391624451e-2
71,23,4,3,1,sentinel_taylor,32,1.077047836904e-1,5.360674000836e-1,14362.00,1.00,3.00,0.0,2.202391624451e-2
71,23,4,3,1,sentinel_exact,64,5.181527180534e-1,6.908508564267e-1,14362.00,1.00,3.00,1.0,0.000000000000e0
71,23,4,3,1,sentinel_taylor,64,5.237535768681e-1,6.932182147333e-1,14362.00,1.00,3.00,1.0,0.000000000000e0
71,23,4,3,1,sentinel_exact,128,4.291999596973e-1,6.539238214609e-1,14361.00,2.00,3.00,0.0,1.282596588135e-2
71,23,4,3,1,sentinel_taylor,128,4.391031786648e-1,6.598663138839e-1,14362.00,1.00,3.00,0.0,1.282596588135e-2
71,23,4,3,2,sentinel_exact,8,2.167554344575e-1,5.779139395627e-1,14362.00,1.00,3.00,0.0,1.331377029419e-2
71,23,4,3,2,sentinel_taylor,8,2.219263974364e-1,5.797939005710e-1,14362.00,1.00,3.00,0.0,1.331377029419e-2
71,23,4,3,2,sentinel_exact,16,2.407737157457e-1,5.853760445682e-1,14360.00,3.00,3.00,0.0,1.102948188782e-2
71,23,4,3,2,sentinel_taylor,16,2.451187892572e-1,5.878011419022e-1,14362.00,1.00,3.00,0.0,1.102948188782e-2
71,23,4,3,2,sentinel_exact,32,4.927705443193e-1,6.796407185629e-1,14362.00,1.00,3.00,0.0,9.729862213135e-3
71,23,4,3,2,sentinel_taylor,32,4.985338353674e-1,6.817295641276e-1,14362.00,1.00,3.00,0.0,9.729862213135e-3
71,23,4,3,2,sentinel_exact,64,5.583369870413e-1,7.079097618716e-1,14362.00,1.00,3.00,0.0,9.729862213135e-3
71,23,4,3,2,sentinel_taylor,64,5.658772622967e-1,7.112519147751e-1,14362.00,1.00,3.00,0.0,9.729862213135e-3
71,23,4,3,2,sentinel_exact,128,6.646372814956e-1,7.521932878429e-1,14362.00,1.00,3.00,0.0,1.529693603516e-3
71,23,4,3,2,sentinel_taylor,128,6.643588262383e-1,7.515666341735e-1,14362.00,1.00,3.00,0.0,1.529693603516e-3
71,23,4,3,3,sentinel_exact,8,4.656724511272e-1,6.747667455786e-1,14362.00,1.00,3.00,0.0,2.166032791138e-2
71,23,4,3,3,sentinel_taylor,8,4.435120535712e-1,6.652973123520e-1,14362.00,1.00,3.00,0.0,2.166032791138e-2
71,23,4,3,3,sentinel_exact,16,2.595642663744e-1,5.914914357332e-1,14362.00,1.00,3.00,0.0,6.040096282959e-3
71,23,4,3,3,sentinel_taylor,16,2.517088970120e-1,5.887759364991e-1,14362.00,1.00,3.00,0.0,6.040096282959e-3
71,23,4,3,3,sentinel_exact,32,3.007524398423e-1,6.054867010166e-1,14362.00,1.00,3.00,0.0,1.051878929138e-2
71,23,4,3,3,sentinel_taylor,32,2.952150883670e-1,6.033282272664e-1,14362.00,1.00,3.00,0.0,1.051878929138e-2
71,23,4,3,3,sentinel_exact,64,4.205412297479e-1,6.653203342618e-1,14360.00,3.00,3.00,0.0,1.217174530029e-2
71,23,4,3,3,sentinel_taylor,64,4.234889222441e-1,6.664809915054e-1,14362.00,1.00,3.00,0.0,1.217174530029e-2
71,23,4,3,3,sentinel_exact,128,4.473655124405e-1,6.668059327345e-1,14361.00,2.00,3.00,0.0,1.217174530029e-2
71,23,4,3,3,sentinel_taylor,128,4.678512413856e-1,6.733045536833e-1,14362.00,1.00,3.00,0.0,1.217174530029e-2
72,24,4,4,-1,training_exact,96,2.930233268217e-1,6.050156739812e-1,14355.00,8.00,2.00,0.0,1.087903976440e-3
72,24,4,4,0,sentinel_exact,8,-4.265150307736e-1,3.484194401894e-1,14362.00,1.00,2.00,0.0,2.217650413513e-3
72,24,4,4,0,sentinel_taylor,8,-4.118250521495e-1,3.536169323957e-1,14363.00,0.00,2.00,0.0,2.217650413513e-3
72,24,4,4,0,sentinel_exact,16,2.034748348657e-1,5.776570553002e-1,14358.00,5.00,2.00,0.0,2.217650413513e-3
72,24,4,4,0,sentinel_taylor,16,2.055571466348e-1,5.780052932163e-1,14358.00,5.00,2.00,0.0,2.217650413513e-3
72,24,4,4,0,sentinel_exact,32,4.537907492955e-1,6.666202381781e-1,14359.00,4.00,2.00,0.0,2.217650413513e-3
72,24,4,4,0,sentinel_taylor,32,4.448710832331e-1,6.641832613842e-1,14362.00,1.00,2.00,0.0,2.217650413513e-3
72,24,4,4,0,sentinel_exact,64,6.164335211692e-1,7.351486872345e-1,14359.00,4.00,2.00,0.0,1.070618629456e-3
72,24,4,4,0,sentinel_taylor,64,6.094026222410e-1,7.299122684863e-1,14362.00,1.00,2.00,0.0,1.070618629456e-3
72,24,4,4,0,sentinel_exact,128,7.228647271255e-1,7.820575329108e-1,14357.00,6.00,2.00,0.0,1.070618629456e-3
72,24,4,4,0,sentinel_taylor,128,7.235955701139e-1,7.816700327321e-1,14359.00,4.00,2.00,0.0,1.070618629456e-3
72,24,4,4,1,sentinel_exact,8,2.028483006924e-1,5.810763768015e-1,14363.00,0.00,2.00,0.0,2.196669578552e-3
72,24,4,4,1,sentinel_taylor,8,2.050151257384e-1,5.826195947357e-1,14361.00,2.00,2.00,0.0,2.196669578552e-3
72,24,4,4,1,sentinel_exact,16,2.375111977416e-1,5.920484612171e-1,14362.00,1.00,2.00,0.0,1.705646514893e-3
72,24,4,4,1,sentinel_taylor,16,2.409941817580e-1,5.936085775952e-1,14363.00,0.00,2.00,0.0,1.705646514893e-3
72,24,4,4,1,sentinel_exact,32,3.066170983741e-1,6.132581296567e-1,14361.00,2.00,2.00,0.0,1.705646514893e-3
72,24,4,4,1,sentinel_taylor,32,2.983538164858e-1,6.087319824525e-1,14361.00,2.00,2.00,0.0,1.705646514893e-3
72,24,4,4,1,sentinel_exact,64,6.826057778211e-1,7.667455786102e-1,14362.00,1.00,2.00,0.0,6.903409957886e-4
72,24,4,4,1,sentinel_taylor,64,6.360252270389e-1,7.505395808675e-1,14363.00,0.00,2.00,0.0,6.903409957886e-4
72,24,4,4,1,sentinel_exact,128,7.947279170156e-1,8.154853084529e-1,14362.00,1.00,2.00,0.0,6.903409957886e-4
72,24,4,4,1,sentinel_taylor,128,7.555599522234e-1,8.010307124452e-1,14359.00,4.00,2.00,0.0,6.903409957886e-4
72,24,4,4,2,sentinel_exact,8,-5.335837802255e-3,5.019149084326e-1,14361.00,2.00,2.00,0.0,1.087903976440e-3
72,24,4,4,2,sentinel_taylor,8,-1.110157144026e-3,5.041431655177e-1,14361.00,2.00,2.00,0.0,1.087903976440e-3
72,24,4,4,2,sentinel_exact,16,-1.453840878795e-1,4.498677064476e-1,14362.00,1.00,2.00,0.0,3.968834877014e-3
72,24,4,4,2,sentinel_taylor,16,-1.496442363356e-1,4.487777700397e-1,14359.00,4.00,2.00,0.0,3.968834877014e-3
72,24,4,4,2,sentinel_exact,32,1.715101190396e-1,5.659772996309e-1,14361.00,2.00,2.00,0.0,1.625895500183e-3
72,24,4,4,2,sentinel_taylor,32,1.692023881283e-1,5.648509334076e-1,14356.00,7.00,2.00,0.0,1.625895500183e-3
72,24,4,4,2,sentinel_exact,64,3.991304374377e-1,6.446378830084e-1,14360.00,3.00,2.00,0.0,1.077532768250e-3
72,24,4,4,2,sentinel_taylor,64,4.012630648194e-1,6.464934884045e-1,14359.00,4.00,2.00,0.0,1.077532768250e-3
72,24,4,4,2,sentinel_exact,128,7.462545935958e-1,7.897778706218e-1,14361.00,2.00,2.00,0.0,6.903409957886e-4
72,24,4,4,2,sentinel_taylor,128,7.606950394022e-1,7.964484679666e-1,14360.00,3.00,2.00,0.0,1.070618629456e-3
72,24,4,4,3,sentinel_exact,8,3.430183245083e-1,6.223415382470e-1,14341.00,22.00,2.00,0.0,1.705646514893e-3
72,24,4,4,3,sentinel_taylor,8,3.427647052638e-1,6.219401631913e-1,14339.00,24.00,2.00,0.0,1.705646514893e-3
72,24,4,4,3,sentinel_exact,16,1.904474028262e-1,5.716474028687e-1,14362.00,1.00,2.00,0.0,1.705646514893e-3
72,24,4,4,3,sentinel_taylor,16,1.894730414233e-1,5.718662952646e-1,14360.00,3.00,2.00,0.0,1.705646514893e-3
72,24,4,4,3,sentinel_exact,32,5.596113355581e-1,7.155190419829e-1,14363.00,0.00,2.00,0.0,2.019405364990e-3
72,24,4,4,3,sentinel_taylor,32,5.586468548316e-1,7.141066703802e-1,14362.00,1.00,2.00,0.0,2.019405364990e-3
72,24,4,4,3,sentinel_exact,64,6.103360637418e-1,7.301719935938e-1,14361.00,2.00,2.00,0.0,6.903409957886e-4
72,24,4,4,3,sentinel_taylor,64,6.012517044689e-1,7.252471800585e-1,14362.00,1.00,2.00,0.0,6.903409957886e-4
72,24,4,4,3,sentinel_exact,128,6.940045407748e-1,7.838590627394e-1,14361.00,2.00,2.00,0.0,6.903409957886e-4
72,24,4,4,3,sentinel_taylor,128,6.871241469270e-1,7.795028893685e-1,14363.00,0.00,2.00,0.0,6.903409957886e-4
73,24,4,4,-1,training_exact,96,-2.565325422614e-1,4.083124477861e-1,14364.00,1.00,0.00,0.0,1.259791851044e-2
73,24,4,4,0,sentinel_exact,8,-9.223075091139e-2,4.659937347720e-1,14365.00,0.00,0.00,0.0,8.013844490051e-3
73,24,4,4,0,sentinel_taylor,8,-9.220882396227e-2,4.656084656085e-1,14364.00,1.00,0.00,0.0,8.013844490051e-3
73,24,4,4,0,sentinel_exact,16,3.667747510091e-1,6.323703445875e-1,14365.00,0.00,0.00,0.0,3.466725349426e-3
73,24,4,4,0,sentinel_taylor,16,3.639134860642e-1,6.315789473684e-1,14364.00,1.00,0.00,0.0,3.466725349426e-3
73,24,4,4,0,sentinel_exact,32,6.163604276965e-1,7.308040375914e-1,14365.00,0.00,0.00,0.0,3.466725349426e-3
73,24,4,4,0,sentinel_taylor,32,6.027592667115e-1,7.261904761905e-1,14364.00,1.00,0.00,0.0,3.466725349426e-3
73,24,4,4,0,sentinel_exact,64,6.727474795586e-1,7.628959276018e-1,14365.00,0.00,0.00,1.0,0.000000000000e0
73,24,4,4,0,sentinel_taylor,64,6.552610206337e-1,7.579533588583e-1,14365.00,0.00,0.00,1.0,0.000000000000e0
73,24,4,4,0,sentinel_exact,128,6.957558244979e-1,7.775689223058e-1,14364.00,1.00,0.00,1.0,0.000000000000e0
73,24,4,4,0,sentinel_taylor,128,6.843986052845e-1,7.718760877132e-1,14365.00,0.00,0.00,1.0,0.000000000000e0
73,24,4,4,1,sentinel_exact,8,3.428862793950e-1,6.258962756700e-1,14365.00,0.00,0.00,1.0,0.000000000000e0
73,24,4,4,1,sentinel_taylor,8,3.431476358840e-1,6.258266620258e-1,14365.00,0.00,0.00,1.0,0.000000000000e0
73,24,4,4,1,sentinel_exact,16,4.043822426477e-1,6.575466443887e-1,14364.00,1.00,0.00,0.0,1.559984683990e-2
73,24,4,4,1,sentinel_taylor,16,4.049904464375e-1,6.581732108048e-1,14364.00,1.00,0.00,0.0,1.559984683990e-2
73,24,4,4,1,sentinel_exact,32,4.038180053970e-1,6.502367028683e-1,14364.00,1.00,0.00,0.0,1.559984683990e-2
73,24,4,4,1,sentinel_taylor,32,4.049914204237e-1,6.510268012530e-1,14365.00,0.00,0.00,0.0,1.559984683990e-2
73,24,4,4,1,sentinel_exact,64,6.542839870299e-1,7.603202227637e-1,14365.00,0.00,0.00,1.0,0.000000000000e0
73,24,4,4,1,sentinel_taylor,64,6.637807536593e-1,7.649147232858e-1,14365.00,0.00,0.00,1.0,0.000000000000e0
73,24,4,4,1,sentinel_exact,128,6.217341125176e-1,7.419422206753e-1,14365.00,0.00,0.00,1.0,0.000000000000e0
73,24,4,4,1,sentinel_taylor,128,6.282533692393e-1,7.442394709363e-1,14365.00,0.00,0.00,1.0,0.000000000000e0
73,24,4,4,2,sentinel_exact,8,-3.828252043071e-1,3.567251461988e-1,14364.00,1.00,0.00,0.0,1.259791851044e-2
73,24,4,4,2,sentinel_taylor,8,-3.619824011822e-1,3.649147232858e-1,14365.00,0.00,0.00,0.0,1.259791851044e-2
73,24,4,4,2,sentinel_exact,16,-2.188313686794e-1,4.169045464040e-1,14363.00,2.00,0.00,0.0,1.199388504028e-2
73,24,4,4,2,sentinel_taylor,16,-2.120688075916e-1,4.189349112426e-1,14365.00,0.00,0.00,0.0,1.179659366608e-2
73,24,4,4,2,sentinel_exact,32,-2.252428844475e-2,4.863209189001e-1,14365.00,0.00,0.00,0.0,1.179659366608e-2
73,24,4,4,2,sentinel_taylor,32,-2.090364671909e-2,4.853104984684e-1,14364.00,1.00,0.00,0.0,1.179659366608e-2
73,24,4,4,2,sentinel_exact,64,3.602383961993e-1,6.313261399234e-1,14365.00,0.00,0.00,1.0,0.000000000000e0
73,24,4,4,2,sentinel_taylor,64,3.674928707079e-1,6.354333449356e-1,14365.00,0.00,0.00,1.0,0.000000000000e0
73,24,4,4,2,sentinel_exact,128,5.710480517339e-1,7.154890358510e-1,14365.00,0.00,0.00,1.0,0.000000000000e0
73,24,4,4,2,sentinel_taylor,128,5.741452482581e-1,7.184824225548e-1,14365.00,0.00,0.00,1.0,0.000000000000e0
73,24,4,4,3,sentinel_exact,8,-9.428013646727e-2,4.755639097744e-1,14364.00,1.00,0.00,0.0,1.140403747559e-2
73,24,4,4,3,sentinel_taylor,8,-9.345448550021e-2,4.755308040376e-1,14365.00,0.00,0.00,0.0,1.140403747559e-2
73,24,4,4,3,sentinel_exact,16,1.983756816336e-1,5.820396797772e-1,14365.00,0.00,0.00,0.0,3.923296928406e-3
73,24,4,4,3,sentinel_taylor,16,1.851197782134e-1,5.777932474765e-1,14365.00,0.00,0.00,0.0,3.923296928406e-3
73,24,4,4,3,sentinel_exact,32,2.213897081723e-1,5.853811347024e-1,14365.00,0.00,0.00,0.0,6.696581840515e-3
73,24,4,4,3,sentinel_taylor,32,2.118041752390e-1,5.816042333937e-1,14362.00,3.00,0.00,0.0,6.696581840515e-3
73,24,4,4,3,sentinel_exact,64,2.906491777652e-1,6.123912286808e-1,14365.00,0.00,0.00,1.0,0.000000000000e0
73,24,4,4,3,sentinel_taylor,64,2.769195821469e-1,6.062378167641e-1,14364.00,1.00,0.00,1.0,0.000000000000e0
73,24,4,4,3,sentinel_exact,128,3.686604258645e-1,6.452488687783e-1,14365.00,0.00,0.00,1.0,0.000000000000e0
73,24,4,4,3,sentinel_taylor,128,3.627835687374e-1,6.424643230073e-1,14365.00,0.00,0.00,1.0,0.000000000000e0
74,24,4,4,-1,training_exact,96,8.144098417090e-2,5.296698704555e-1,14358.00,7.00,0.00,0.0,2.214550971985e-2
74,24,4,4,0,sentinel_exact,8,2.371701669935e-1,5.838206627680e-1,14364.00,1.00,0.00,0.0,1.604247093201e-2
74,24,4,4,0,sentinel_taylor,8,2.334047789156e-1,5.821789070658e-1,14365.00,0.00,0.00,0.0,1.604247093201e-2
74,24,4,4,0,sentinel_exact,16,5.344434877657e-1,6.931430560390e-1,14365.00,0.00,0.00,0.0,9.395122528076e-3
74,24,4,4,0,sentinel_taylor,16,5.341015260044e-1,6.931430560390e-1,14365.00,0.00,0.00,0.0,9.395122528076e-3
74,24,4,4,0,sentinel_exact,32,6.666385769506e-1,7.568395405499e-1,14365.00,0.00,0.00,0.0,9.395122528076e-3
74,24,4,4,0,sentinel_taylor,32,6.657201653629e-1,7.565610859729e-1,14365.00,0.00,0.00,0.0,9.395122528076e-3
74,24,4,4,0,sentinel_exact,64,7.925396111039e-1,8.132832080201e-1,14364.00,1.00,0.00,0.0,8.949041366577e-3
74,24,4,4,0,sentinel_taylor,64,7.873759853544e-1,8.102199944305e-1,14364.00,1.00,0.00,0.0,8.949041366577e-3
74,24,4,4,0,sentinel_exact,128,8.199791159067e-1,8.398886181692e-1,14365.00,0.00,0.00,0.0,9.395122528076e-3
74,24,4,4,0,sentinel_taylor,128,8.202868814919e-1,8.400974591020e-1,14365.00,0.00,0.00,0.0,9.395122528076e-3
74,24,4,4,1,sentinel_exact,8,3.926905673512e-1,6.393317090150e-1,14365.00,0.00,0.00,0.0,8.949041366577e-3
74,24,4,4,1,sentinel_taylor,8,3.945371608625e-1,6.400278454577e-1,14365.00,0.00,0.00,0.0,8.949041366577e-3
74,24,4,4,1,sentinel_exact,16,5.468835681267e-1,7.064392620954e-1,14365.00,0.00,0.00,0.0,1.040124893188e-2
74,24,4,4,1,sentinel_taylor,16,5.462191852761e-1,7.062304211625e-1,14365.00,0.00,0.00,0.0,1.040124893188e-2
74,24,4,4,1,sentinel_exact,32,5.812800361502e-1,7.109641489732e-1,14365.00,0.00,0.00,0.0,1.040124893188e-2
74,24,4,4,1,sentinel_taylor,32,5.839171621554e-1,7.114313561682e-1,14364.00,1.00,0.00,0.0,1.040124893188e-2
74,24,4,4,1,sentinel_exact,64,7.903749977101e-1,8.088409328228e-1,14365.00,0.00,0.00,0.0,5.661249160767e-3
74,24,4,4,1,sentinel_taylor,64,7.842978486941e-1,8.063348416290e-1,14365.00,0.00,0.00,0.0,5.661249160767e-3
74,24,4,4,1,sentinel_exact,128,7.052168194212e-1,7.737083971592e-1,14362.00,3.00,0.00,1.0,0.000000000000e0
74,24,4,4,1,sentinel_taylor,128,7.010326023901e-1,7.714584058475e-1,14365.00,0.00,0.00,0.0,5.661249160767e-3
74,24,4,4,2,sentinel_exact,8,3.222991568806e-2,5.116262879421e-1,14364.00,1.00,0.00,0.0,3.151130676270e-2
74,24,4,4,2,sentinel_taylor,8,3.231905032334e-2,5.117995127045e-1,14365.00,0.00,0.00,0.0,3.151130676270e-2
74,24,4,4,2,sentinel_exact,16,7.265470573258e-2,5.256196045670e-1,14364.00,1.00,0.00,0.0,2.293395996094e-2
74,24,4,4,2,sentinel_taylor,16,7.455132784973e-2,5.264183780021e-1,14365.00,0.00,0.00,0.0,2.293395996094e-2
74,24,4,4,2,sentinel_exact,32,3.564890297446e-1,6.330664810303e-1,14365.00,0.00,0.00,0.0,2.293395996094e-2
74,24,4,4,2,sentinel_taylor,32,3.537364535735e-1,6.315789473684e-1,14364.00,1.00,0.00,0.0,2.293395996094e-2
74,24,4,4,2,sentinel_exact,64,4.632421638852e-1,6.722589627567e-1,14365.00,0.00,0.00,0.0,1.604247093201e-2
74,24,4,4,2,sentinel_taylor,64,4.617546302233e-1,6.713539853811e-1,14365.00,0.00,0.00,0.0,1.604247093201e-2
74,24,4,4,2,sentinel_exact,128,6.776758066182e-1,7.673350041771e-1,14364.00,1.00,0.00,0.0,5.661249160767e-3
74,24,4,4,2,sentinel_taylor,128,6.786341070218e-1,7.682561782109e-1,14365.00,0.00,0.00,0.0,5.661249160767e-3
74,24,4,4,3,sentinel_exact,8,4.242893144824e-1,6.525341130604e-1,14364.00,1.00,0.00,0.0,1.604247093201e-2
74,24,4,4,3,sentinel_taylor,8,4.236811106926e-1,6.521164021164e-1,14364.00,1.00,0.00,0.0,1.604247093201e-2
74,24,4,4,3,sentinel_exact,16,4.661292981845e-1,6.717020536025e-1,14365.00,0.00,0.00,1.0,0.000000000000e0
74,24,4,4,3,sentinel_taylor,16,4.673505901894e-1,6.724678036895e-1,14365.00,0.00,0.00,1.0,0.000000000000e0
74,24,4,4,3,sentinel_exact,32,4.802330715086e-1,6.750208855472e-1,14364.00,1.00,0.00,0.0,5.661249160767e-3
74,24,4,4,3,sentinel_taylor,32,4.739495203068e-1,6.728627123364e-1,14364.00,1.00,0.00,0.0,5.661249160767e-3
74,24,4,4,3,sentinel_exact,64,5.284689272782e-1,6.966933518970e-1,14365.00,0.00,0.00,1.0,0.000000000000e0
74,24,4,4,3,sentinel_taylor,64,5.233614841140e-1,6.943264879916e-1,14365.00,0.00,0.00,1.0,0.000000000000e0
74,24,4,4,3,sentinel_exact,128,5.107061706511e-1,6.946107784431e-1,14362.00,3.00,0.00,1.0,0.000000000000e0
74,24,4,4,3,sentinel_taylor,128,5.039160728134e-1,6.918203967978e-1,14365.00,0.00,0.00,1.0,0.000000000000e0
