state_id,cell_id,dataset_id,initialization_id,stage,action_id,training_exact,final_measurement_exact
0,0,0,0,600,0,1.341104507446e-5,-7.867813110352e-6
0,0,0,0,600,1,8.344650268555e-6,-3.814697265625e-6
0,0,0,0,600,2,-2.640485763550e-5,-4.482269287109e-5
0,0,0,0,600,3,-5.555152893066e-5,-9.012222290039e-5
0,0,0,0,600,4,-1.883506774902e-5,-1.325607299805e-4
0,0,0,0,600,5,-5.263090133667e-5,-2.679824829102e-4
0,0,0,0,600,6,-5.120038986206e-5,-2.014636993408e-5
0,0,0,0,600,7,-1.015663146973e-4,-4.065036773682e-5
0,0,0,0,600,8,-1.543760299683e-5,-1.537799835205e-5
0,0,0,0,600,9,-3.385543823242e-5,-3.111362457275e-5
0,0,0,0,600,10,-1.889467239380e-5,0.000000000000e0
0,0,0,0,600,11,2.574920654297e-5,1.597404479980e-5
0,0,0,0,600,12,9.822845458984e-5,4.956722259521e-4
0,0,0,0,600,13,1.872181892395e-4,1.002788543701e-3
0,0,0,0,600,14,2.824664115906e-4,6.510019302368e-4
0,0,0,0,600,15,1.422762870789e-4,3.269910812378e-4
0,0,0,0,600,16,8.636713027954e-5,6.611347198486e-4
0,0,0,0,600,17,4.404783248901e-5,3.333091735840e-4
0,0,0,0,600,18,5.811452865601e-5,7.605552673340e-5
0,0,0,0,600,19,1.031756401062e-4,2.064704895020e-4
0,0,0,0,600,20,3.874301910400e-6,-1.431226730347e-3
0,0,0,0,600,21,1.260638237000e-4,-2.676606178284e-3
0,0,0,0,600,22,2.353787422180e-4,3.767013549805e-5
0,0,0,0,600,23,1.032948493958e-4,-1.311302185059e-6
0,0,0,0,600,24,1.683831214905e-4,-5.118846893311e-4
0,0,0,0,600,25,3.061294555664e-4,-7.390975952148e-6
0,0,0,0,600,26,-1.263618469238e-5,-1.699924468994e-4
0,0,0,0,600,27,7.629394531250e-6,-2.346038818359e-4
0,0,0,0,600,28,-8.422136306763e-5,4.171133041382e-4
0,0,0,0,600,29,-2.114176750183e-4,4.425048828125e-4
0,0,0,0,600,30,2.354383468628e-5,-4.839897155762e-5
0,0,0,0,600,31,1.242756843567e-4,2.868175506592e-4
0,0,0,0,600,32,1.817941665649e-5,3.361701965332e-5
0,0,0,0,600,33,3.576278686523e-5,1.201629638672e-4
0,0,0,0,600,34,1.292824745178e-4,1.913309097290e-4
0,0,0,0,600,35,6.860494613647e-5,9.965896606445e-5
0,0,0,0,600,36,-2.256035804749e-4,-1.044511795044e-3
0,0,0,0,600,37,-4.444122314453e-4,-1.986145973206e-3
0,0,0,0,600,38,-1.721382141113e-4,-6.365776062012e-5
0,0,0,0,600,39,-8.219480514526e-5,-3.218650817871e-5
0,0,0,0,600,40,-1.909732818604e-4,-1.603364944458e-4
0,0,0,0,600,41,-8.702278137207e-5,-7.700920104980e-5
0,0,0,0,600,42,3.397464752197e-6,-9.775161743164e-5
0,0,0,0,600,43,-3.647804260254e-5,-1.845359802246e-4
0,0,0,0,600,44,2.986192703247e-5,-2.248287200928e-4
0,0,0,0,600,45,3.767013549805e-5,-9.667873382568e-5
0,0,0,0,600,46,-5.602836608887e-5,-3.957748413086e-5
0,0,0,0,600,47,-4.810094833374e-5,6.008148193359e-5
0,0,0,0,600,48,1.888871192932e-4,3.280639648438e-4
0,0,0,0,600,49,3.117918968201e-4,8.004903793335e-4
0,0,0,0,600,50,-6.914138793945e-5,8.344650268555e-6
0,0,0,0,600,51,3.159046173096e-6,3.385543823242e-5
0,0,0,0,600,52,-3.820657730103e-5,8.845329284668e-5
0,0,0,0,600,53,-8.106231689453e-6,5.400180816650e-5
0,0,0,0,600,54,3.170967102051e-5,-7.510185241699e-5
0,0,0,0,600,55,2.288818359375e-5,-1.430511474609e-5
0,0,0,0,600,56,4.673004150391e-5,-1.573562622070e-4
0,0,0,0,600,57,3.522634506226e-5,-7.653236389160e-5
0,0,0,0,600,58,2.105236053467e-4,1.680850982666e-4
0,0,0,0,600,59,1.082420349121e-4,8.451938629150e-5
0,0,0,0,600,60,5.823373794556e-5,-1.713037490845e-4
0,0,0,0,600,61,8.815526962280e-5,-4.887580871582e-4
0,0,0,0,600,62,7.706880569458e-5,3.790855407715e-5
0,0,0,0,600,63,1.174211502075e-5,1.573562622070e-5
0,0,0,0,600,64,-1.270174980164e-4,-4.441738128662e-4
0,0,0,0,600,65,-6.175041198730e-5,-2.233982086182e-4
0,0,0,0,600,66,1.284480094910e-4,-5.099773406982e-4
0,0,0,0,600,67,7.104873657227e-5,-2.561807632446e-4
0,0,0,0,600,68,8.219480514526e-5,1.798868179321e-4
0,0,0,0,600,69,1.872181892395e-4,4.088878631592e-4
0,0,0,0,600,70,6.181001663208e-5,1.534223556519e-4
0,0,0,0,600,71,1.165270805359e-4,2.920627593994e-4
0,0,0,0,600,72,3.733038902283e-4,2.082586288452e-4
0,0,0,0,600,73,1.850128173828e-4,1.001358032227e-4
0,0,0,0,600,74,4.076957702637e-5,6.461143493652e-5
0,0,0,0,600,75,8.374452590942e-5,2.002716064453e-4
0,0,0,0,600,76,-1.460313796997e-5,-1.406669616699e-5
0,0,0,0,600,77,-2.562999725342e-6,1.430511474609e-5
0,0,0,0,600,78,-7.873773574829e-5,-1.758337020874e-4
0,0,0,0,600,79,-3.832578659058e-5,-8.630752563477e-5
0,0,0,0,600,80,1.542568206787e-4,-4.613399505615e-5
0,0,0,0,600,81,9.411573410034e-5,-3.361701965332e-5
0,0,0,0,600,82,-1.710653305054e-5,-1.065731048584e-4
0,0,0,0,600,83,-4.827976226807e-6,-1.300573348999e-4
0,0,0,0,600,84,-2.932548522949e-5,4.029273986816e-4
0,0,0,0,600,85,4.768371582031e-7,3.818273544312e-4
0,0,0,0,600,86,-1.089572906494e-4,1.605749130249e-4
0,0,0,0,600,87,-2.079606056213e-4,-5.984306335449e-5
0,0,0,0,600,88,-1.072883605957e-4,2.980232238770e-6
0,0,0,0,600,89,-5.316734313965e-5,2.467632293701e-5
0,0,0,0,600,90,-2.908706665039e-5,4.756450653076e-5
0,0,0,0,600,91,4.589557647705e-6,8.463859558105e-5
0,0,0,0,600,92,1.576542854309e-4,-1.299381256104e-5
0,0,0,0,600,93,6.586313247681e-5,-6.079673767090e-6
0,0,0,0,600,94,-1.674294471741e-4,2.646446228027e-4
0,0,0,0,600,95,-8.755922317505e-5,3.387928009033e-4
0,0,0,0,600,96,1.904964447021e-4,3.919601440430e-4
0,0,0,0,600,97,9.793043136597e-5,2.126693725586e-4
0,0,0,0,600,98,1.192092895508e-6,-5.555152893066e-5
0,0,0,0,600,99,-2.199411392212e-5,-2.760887145996e-4
0,0,0,0,600,100,-9.888410568237e-5,6.520748138428e-5
0,0,0,0,600,101,-2.461671829224e-5,3.752708435059e-4
0,0,0,0,600,102,-1.151561737061e-4,-3.229379653931e-4
0,0,0,0,600,103,-3.767013549805e-5,-1.394748687744e-4
0,0,0,0,600,104,-2.503395080566e-5,-1.610517501831e-4
0,0,0,0,600,105,-2.270936965942e-5,-2.962350845337e-4
0,0,0,0,600,106,-7.373094558716e-5,-3.106594085693e-4
0,0,0,0,600,107,-5.120038986206e-5,-4.211664199829e-4
0,0,0,0,600,108,2.163648605347e-5,-1.795768737793e-3
0,0,0,0,600,109,3.439188003540e-5,-8.780956268311e-4
0,0,0,0,600,110,1.934170722961e-4,9.127855300903e-4
0,0,0,0,600,111,1.173019409180e-4,4.823207855225e-4
0,0,0,0,600,112,-2.593398094177e-4,-9.032487869263e-4
0,0,0,0,600,113,-2.816319465637e-4,-2.692461013794e-3
0,0,0,0,600,114,-2.068877220154e-4,-3.639698028564e-3
0,0,0,0,600,115,-7.054805755615e-4,-3.645777702332e-3
0,0,0,0,600,116,-6.538629531860e-5,4.007816314697e-4
0,0,0,0,600,117,-1.283288002014e-4,8.671283721924e-4
0,0,0,0,600,118,-2.799034118652e-4,8.552074432373e-4
0,0,0,0,600,119,-6.259083747864e-4,1.700043678284e-3
0,0,0,0,600,120,-2.091526985168e-4,-2.049207687378e-3
0,0,0,0,600,121,-9.268522262573e-5,-1.015424728394e-3
0,0,0,0,600,122,-3.862977027893e-4,-1.203298568726e-3
0,0,0,0,600,123,-1.749396324158e-4,-5.868673324585e-4
0,0,0,0,600,124,-3.418326377869e-4,-7.433891296387e-4
0,0,0,0,600,125,-1.689791679382e-4,-3.706216812134e-4
0,0,0,0,600,126,1.120567321777e-5,3.309249877930e-4
0,0,0,0,600,127,9.357929229736e-6,1.662969589233e-4
0,0,0,0,600,128,1.600384712219e-4,1.108646392822e-4
0,0,0,0,600,129,2.384185791016e-5,-4.246234893799e-4
0,0,0,0,600,130,1.850724220276e-4,-2.225637435913e-3
0,0,0,0,600,131,2.020597457886e-5,-1.305699348450e-3
0,0,0,0,600,132,-1.782178878784e-5,-4.243850708008e-5
0,0,0,0,600,133,-6.139278411865e-6,-3.242492675781e-5
0,0,0,0,600,134,-1.665949821472e-4,-3.157854080200e-4
0,0,0,0,600,135,-8.040666580200e-5,-1.735687255859e-4
0,0,0,0,600,136,7.295608520508e-5,-5.524158477783e-4
0,0,0,0,600,137,1.043081283569e-5,-4.792213439941e-4
0,0,0,0,600,138,1.347064971924e-4,9.179115295410e-5
0,0,0,0,600,139,1.800656318665e-4,2.774000167847e-4
0,0,0,0,600,140,-4.379153251648e-4,-1.303553581238e-3
0,0,0,0,600,141,-2.069473266602e-4,-6.532669067383e-4
0,0,0,0,600,142,9.202957153320e-5,1.325607299805e-4
0,0,0,0,600,143,4.488229751587e-5,6.461143493652e-5
0,0,0,0,600,144,5.620718002319e-5,-6.960630416870e-4
0,0,0,0,600,145,3.057718276978e-5,-3.631114959717e-4
0,0,0,0,600,146,-1.087784767151e-4,-1.069307327271e-4
0,0,0,0,600,147,-1.792907714844e-4,-7.245540618896e-4
0,0,0,0,600,148,3.552436828613e-5,5.775690078735e-4
0,0,0,0,600,149,8.296966552734e-5,1.141667366028e-3
0,0,0,0,600,150,5.531311035156e-5,2.925395965576e-4
0,0,0,0,600,151,9.936094284058e-5,5.751848220825e-4
0,0,0,0,600,152,5.286931991577e-5,-1.788139343262e-5
0,0,0,0,600,153,2.783536911011e-5,-5.218982696533e-4
0,0,0,0,600,154,-1.220703125000e-4,-1.072883605957e-6
0,0,0,0,600,155,-4.965066909790e-5,9.775161743164e-6
0,0,0,0,600,156,2.783536911011e-5,-1.313686370850e-4
0,0,0,0,600,157,1.770257949829e-5,-6.461143493652e-5
0,0,0,0,600,158,1.649856567383e-4,1.183748245239e-4
0,0,0,0,600,159,1.165270805359e-4,6.604194641113e-5
0,0,0,0,600,160,1.420974731445e-4,4.434585571289e-5
0,0,0,0,600,161,7.152557373047e-5,2.300739288330e-5
0,0,0,0,600,162,-1.779198646545e-4,-6.895065307617e-4
0,0,0,0,600,163,-6.073713302612e-5,-3.465414047241e-4
0,0,0,0,600,164,-2.589821815491e-4,1.499652862549e-4
0,0,0,0,600,165,-1.229643821716e-4,8.296966552734e-5
0,0,0,0,600,166,1.097321510315e-4,-8.828639984131e-4
0,0,0,0,600,167,3.212690353394e-5,-4.760026931763e-4
0,0,0,0,600,168,6.008148193359e-5,3.230571746826e-5
0,0,0,0,600,169,9.709596633911e-5,6.008148193359e-5
1,0,0,0,2400,0,1.550912857056e-4,-5.806684494019e-4
1,0,0,0,2400,1,8.565187454224e-5,-2.812147140503e-4
1,0,0,0,2400,2,1.776218414307e-4,-1.434087753296e-4
1,0,0,0,2400,3,1.646876335144e-4,-2.381801605225e-4
1,0,0,0,2400,4,1.592636108398e-4,2.043485641479e-3
1,0,0,0,2400,5,2.849698066711e-4,1.243233680725e-3
1,0,0,0,2400,6,2.881288528442e-4,1.107811927795e-3
1,0,0,0,2400,7,1.496672630310e-4,5.580186843872e-4
1,0,0,0,2400,8,1.420974731445e-4,1.138091087341e-3
1,0,0,0,2400,9,8.571147918701e-5,5.630254745483e-4
1,0,0,0,2400,10,-2.806782722473e-4,4.347562789917e-4
1,0,0,0,2400,11,3.033876419067e-5,3.125667572021e-4
1,0,0,0,2400,12,1.019835472107e-4,6.576776504517e-4
1,0,0,0,2400,13,7.128715515137e-5,4.664659500122e-4
1,0,0,0,2400,14,3.865957260132e-4,2.560496330261e-3
1,0,0,0,2400,15,2.059936523438e-4,1.289248466492e-3
1,0,0,0,2400,16,3.514289855957e-4,-2.133607864380e-3
1,0,0,0,2400,17,1.886487007141e-4,-1.061201095581e-3
1,0,0,0,2400,18,4.471540451050e-4,7.510185241699e-6
1,0,0,0,2400,19,2.312064170837e-4,-2.264976501465e-6
1,0,0,0,2400,20,4.135370254517e-4,9.418725967407e-4
1,0,0,0,2400,21,1.899003982544e-4,4.160404205322e-5
1,0,0,0,2400,22,-1.635551452637e-4,-1.633524894714e-3
1,0,0,0,2400,23,-7.301568984985e-5,-8.109807968140e-4
1,0,0,0,2400,24,9.036064147949e-5,1.697063446045e-3
1,0,0,0,2400,25,7.760524749756e-5,7.470846176147e-4
1,0,0,0,2400,26,8.273124694824e-5,-4.532337188721e-4
1,0,0,0,2400,27,4.643201828003e-5,-2.318620681763e-4
1,0,0,0,2400,28,1.673698425293e-4,-1.827597618103e-3
1,0,0,0,2400,29,9.262561798096e-5,-9.187459945679e-4
1,0,0,0,2400,30,1.716613769531e-5,2.236485481262e-3
1,0,0,0,2400,31,1.484155654907e-5,1.126170158386e-3
1,0,0,0,2400,32,3.718137741089e-4,-5.387067794800e-4
1,0,0,0,2400,33,1.993179321289e-4,-2.603530883789e-4
1,0,0,0,2400,34,-1.569986343384e-4,1.384139060974e-3
1,0,0,0,2400,35,-3.057718276978e-5,1.437306404114e-3
1,0,0,0,2400,36,4.434585571289e-4,-7.073879241943e-4
1,0,0,0,2400,37,2.335309982300e-4,-3.421306610107e-4
1,0,0,0,2400,38,-2.646446228027e-5,-5.291700363159e-4
1,0,0,0,2400,39,-1.609325408936e-6,3.854036331177e-4
1,0,0,0,2400,40,3.367662429810e-4,3.128647804260e-3
1,0,0,0,2400,41,1.946687698364e-4,1.577973365784e-3
1,0,0,0,2400,42,-3.890991210938e-4,-3.306865692139e-4
1,0,0,0,2400,43,-1.847743988037e-4,-1.606941223145e-4
1,0,0,0,2400,44,-3.689527511597e-5,4.736185073853e-4
1,0,0,0,2400,45,1.001358032227e-5,-1.215934753418e-4
1,0,0,0,2400,46,-4.923343658447e-4,4.882454872131e-3
1,0,0,0,2400,47,-6.675720214844e-5,-3.857612609863e-4
1,0,0,0,2400,48,3.076791763306e-4,1.288414001465e-3
1,0,0,0,2400,49,3.346800804138e-4,7.778406143188e-4
1,0,0,0,2400,50,5.506277084351e-4,1.323342323303e-3
1,0,0,0,2400,51,2.949237823486e-4,6.741285324097e-4
1,0,0,0,2400,52,1.133680343628e-4,9.711980819702e-4
1,0,0,0,2400,53,7.808208465576e-5,5.043745040894e-4
1,0,0,0,2400,54,2.813339233398e-5,-2.920389175415e-3
1,0,0,0,2400,55,1.680850982666e-5,-1.724123954773e-3
1,0,0,0,2400,56,5.429983139038e-5,-9.152889251709e-4
1,0,0,0,2400,57,4.994869232178e-5,-4.450082778931e-4
1,0,0,0,2400,58,1.136660575867e-4,5.122423171997e-4
1,0,0,0,2400,59,7.092952728271e-5,2.772808074951e-4
1,0,0,0,2400,60,2.950429916382e-4,-1.112580299377e-3
1,0,0,0,2400,61,1.628398895264e-4,-5.410909652710e-4
1,0,0,0,2400,62,8.773803710938e-5,-1.454949378967e-3
1,0,0,0,2400,63,2.588629722595e-4,-3.728747367859e-3
1,0,0,0,2400,64,-3.671646118164e-5,4.380464553833e-3
1,0,0,0,2400,65,3.457069396973e-6,2.210378646851e-3
1,0,0,0,2400,66,-1.429915428162e-4,-1.470208168030e-3
1,0,0,0,2400,67,-2.741813659668e-5,-5.148649215698e-4
1,0,0,0,2400,68,5.149841308594e-5,2.074241638184e-5
1,0,0,0,2400,69,-3.576278686523e-7,1.083612442017e-4
1,0,0,0,2400,70,-1.428127288818e-4,2.789497375488e-5
1,0,0,0,2400,71,-8.928775787354e-5,2.576112747192e-4
1,0,0,0,2400,72,1.156330108643e-5,6.960630416870e-4
1,0,0,0,2400,73,-4.571676254272e-5,7.442235946655e-4
1,0,0,0,2400,74,6.520748138428e-5,1.161098480225e-4
1,0,0,0,2400,75,3.266334533691e-5,5.614757537842e-5
1,0,0,0,2400,76,9.536743164062e-7,-1.324415206909e-4
1,0,0,0,2400,77,7.271766662598e-6,-7.045269012451e-5
1,0,0,0,2400,78,-5.924701690674e-5,1.216053962708e-3
1,0,0,0,2400,79,-1.161098480225e-4,2.353787422180e-3
1,0,0,0,2400,80,-2.450942993164e-4,-9.455680847168e-4
1,0,0,0,2400,81,-1.062154769897e-4,-4.658699035645e-4
1,0,0,0,2400,82,6.556510925293e-6,4.994869232178e-5
1,0,0,0,2400,83,8.821487426758e-6,2.253055572510e-5
1,0,0,0,2400,84,-1.947879791260e-4,-7.702112197876e-4
1,0,0,0,2400,85,-8.261203765869e-5,-3.913640975952e-4
1,0,0,0,2400,86,-1.500844955444e-4,1.146435737610e-3
1,0,0,0,2400,87,-7.629394531250e-5,5.732774734497e-4
1,0,0,0,2400,88,2.581477165222e-4,1.477837562561e-3
1,0,0,0,2400,89,3.955364227295e-4,1.309752464294e-3
1,0,0,0,2400,90,-1.723170280457e-4,1.098752021790e-3
1,0,0,0,2400,91,2.485513687134e-5,6.362199783325e-4
1,0,0,0,2400,92,-1.754760742188e-4,-3.528594970703e-4
1,0,0,0,2400,93,-8.374452590942e-5,-1.884698867798e-4
1,0,0,0,2400,94,-3.232359886169e-4,2.301692962646e-3
1,0,0,0,2400,95,-1.468658447266e-4,1.156449317932e-3
1,0,0,0,2400,96,1.100301742554e-4,-1.433968544006e-3
1,0,0,0,2400,97,7.963180541992e-5,-5.880594253540e-4
1,0,0,0,2400,98,9.232759475708e-5,-1.023888587952e-3
1,0,0,0,2400,99,3.314018249512e-5,-5.509853363037e-4
1,0,0,0,2400,100,-5.018711090088e-5,1.452088356018e-3
1,0,0,0,2400,101,-3.665685653687e-5,8.729696273804e-4
1,0,0,0,2400,102,-2.923011779785e-4,2.176165580750e-3
1,0,0,0,2400,103,-1.431107521057e-4,1.143813133240e-3
1,0,0,0,2400,104,9.196996688843e-5,3.188848495483e-4
1,0,0,0,2400,105,4.017353057861e-5,-1.498460769653e-4
1,0,0,0,2400,106,1.330971717834e-4,6.242990493774e-4
1,0,0,0,2400,107,1.288056373596e-4,3.792047500610e-4
1,0,0,0,2400,108,-3.239512443542e-4,-3.753900527954e-4
1,0,0,0,2400,109,-1.633763313293e-4,-2.059936523438e-4
1,0,0,0,2400,110,-4.732012748718e-4,2.027630805969e-3
1,0,0,0,2400,111,-1.944899559021e-4,1.253008842468e-3
1,0,0,0,2400,112,3.297328948975e-4,1.035928726196e-4
1,0,0,0,2400,113,9.667873382568e-5,2.995729446411e-4
1,0,0,0,2400,114,-6.580352783203e-5,4.808902740479e-4
1,0,0,0,2400,115,-1.215338706970e-4,-1.827478408813e-4
1,0,0,0,2400,116,-8.952617645264e-5,-1.035928726196e-4
1,0,0,0,2400,117,-1.537799835205e-4,4.839897155762e-5
1,0,0,0,2400,118,-1.270771026611e-4,-8.403062820435e-4
1,0,0,0,2400,119,-8.940696716309e-6,-4.165172576904e-4
1,0,0,0,2400,120,4.839897155762e-5,9.709596633911e-4
1,0,0,0,2400,121,7.736682891846e-5,2.229094505310e-3
1,0,0,0,2400,122,1.393556594849e-4,3.305435180664e-3
1,0,0,0,2400,123,2.409219741821e-4,1.131534576416e-3
1,0,0,0,2400,124,2.015233039856e-4,-1.684784889221e-3
1,0,0,0,2400,125,2.359151840210e-4,-1.291394233704e-3
1,0,0,0,2400,126,9.989738464355e-5,1.376867294312e-4
1,0,0,0,2400,127,5.394220352173e-5,7.259845733643e-5
1,0,0,0,2400,128,-3.189444541931e-4,7.301568984985e-4
1,0,0,0,2400,129,-1.398324966431e-4,3.545284271240e-4
1,0,0,0,2400,130,-1.977086067200e-4,5.633831024170e-4
1,0,0,0,2400,131,-9.536743164062e-5,2.793073654175e-4
1,0,0,0,2400,132,-3.135204315186e-4,3.862380981445e-5
1,0,0,0,2400,133,-1.526474952698e-4,2.348423004150e-5
1,0,0,0,2400,134,4.340410232544e-4,4.272460937500e-4
1,0,0,0,2400,135,2.724528312683e-4,2.442598342896e-4
1,0,0,0,2400,136,2.678632736206e-4,1.324653625488e-3
1,0,0,0,2400,137,1.583099365234e-4,6.585121154785e-4
1,0,0,0,2400,138,2.152323722839e-4,7.141351699829e-3
1,0,0,0,2400,139,1.830458641052e-4,3.402590751648e-3
1,0,0,0,2400,140,9.441375732422e-5,-4.698038101196e-4
1,0,0,0,2400,141,7.486343383789e-5,-1.573562622070e-5
1,0,0,0,2400,142,-3.236532211304e-4,-1.662969589233e-4
1,0,0,0,2400,143,-7.748603820801e-6,8.463859558105e-6
1,0,0,0,2400,144,2.845525741577e-4,3.581047058105e-4
1,0,0,0,2400,145,1.506805419922e-4,1.803636550903e-4
1,0,0,0,2400,146,1.851320266724e-4,1.873373985291e-3
1,0,0,0,2400,147,9.375810623169e-5,1.046657562256e-3
1,0,0,0,2400,148,1.633167266846e-4,1.111030578613e-4
1,0,0,0,2400,149,8.147954940796e-5,5.590915679932e-5
1,0,0,0,2400,150,1.304745674133e-4,-3.521442413330e-4
1,0,0,0,2400,151,1.138448715210e-4,-9.298324584961e-5
1,0,0,0,2400,152,2.406835556030e-4,6.610155105591e-4
1,0,0,0,2400,153,1.872777938843e-4,1.980662345886e-3
1,0,0,0,2400,154,-7.486343383789e-5,5.470514297485e-4
1,0,0,0,2400,155,-2.837181091309e-5,2.748966217041e-4
1,0,0,0,2400,156,8.434057235718e-5,-1.631975173950e-4
1,0,0,0,2400,157,1.221895217896e-4,-8.463859558105e-5
1,0,0,0,2400,158,-9.799003601074e-5,2.707242965698e-4
1,0,0,0,2400,159,-1.483559608459e-4,2.665519714355e-4
1,0,0,0,2400,160,-3.194808959961e-5,-4.819631576538e-4
1,0,0,0,2400,161,-7.092952728271e-6,-2.409219741821e-4
1,0,0,0,2400,162,1.206994056702e-4,1.659393310547e-4
1,0,0,0,2400,163,6.061792373657e-5,8.344650268555e-5
1,0,0,0,2400,164,0.000000000000e0,-1.192092895508e-7
1,0,0,0,2400,165,0.000000000000e0,1.192092895508e-7
1,0,0,0,2400,166,0.000000000000e0,0.000000000000e0
1,0,0,0,2400,167,-1.192092895508e-6,2.384185791016e-7
1,0,0,0,2400,168,0.000000000000e0,1.192092895508e-7
1,0,0,0,2400,169,-1.192092895508e-7,-1.192092895508e-7
2,0,0,0,4200,0,-4.065036773682e-5,-7.796287536621e-5
2,0,0,0,4200,1,-1.874566078186e-5,-2.992153167725e-5
2,0,0,0,4200,2,-1.155734062195e-4,-5.472898483276e-4
2,0,0,0,4200,3,-5.859136581421e-5,-2.840757369995e-4
2,0,0,0,4200,4,-3.170967102051e-5,-5.030632019043e-4
2,0,0,0,4200,5,-5.304813385010e-5,-1.767873764038e-4
2,0,0,0,4200,6,-2.613663673401e-5,-3.119230270386e-3
2,0,0,0,4200,7,-1.192092895508e-5,-1.566171646118e-3
2,0,0,0,4200,8,6.836652755737e-5,-9.163618087769e-4
2,0,0,0,4200,9,3.653764724731e-5,-4.638433456421e-4
2,0,0,0,4200,10,-6.249547004700e-5,-3.082752227783e-4
2,0,0,0,4200,11,-7.539987564087e-5,-9.703636169434e-5
2,0,0,0,4200,12,-3.093481063843e-5,-3.769397735596e-4
2,0,0,0,4200,13,-1.922249794006e-5,-1.926422119141e-4
2,0,0,0,4200,14,3.079771995544e-4,-1.724720001221e-3
2,0,0,0,4200,15,1.553297042847e-4,-8.600950241089e-4
2,0,0,0,4200,16,1.907348632812e-6,-1.466274261475e-3
2,0,0,0,4200,17,7.152557373047e-6,-7.295608520508e-4
2,0,0,0,4200,18,-1.010000705719e-4,-7.908344268799e-4
2,0,0,0,4200,19,-3.993511199951e-5,-4.152059555054e-4
2,0,0,0,4200,20,-3.811717033386e-4,-2.789497375488e-5
2,0,0,0,4200,21,-3.606081008911e-4,-9.772777557373e-4
2,0,0,0,4200,22,-5.406141281128e-5,6.492137908936e-4
2,0,0,0,4200,23,-2.470612525940e-5,3.296136856079e-4
2,0,0,0,4200,24,3.308057785034e-6,-1.373529434204e-3
2,0,0,0,4200,25,3.179907798767e-5,-6.822347640991e-4
2,0,0,0,4200,26,-1.046657562256e-4,-6.885528564453e-4
2,0,0,0,4200,27,-2.779364585876e-4,-1.481294631958e-3
2,0,0,0,4200,28,1.189410686493e-4,-3.194808959961e-5
2,0,0,0,4200,29,3.639161586761e-4,-3.111362457275e-4
2,0,0,0,4200,30,-3.184676170349e-4,2.104520797729e-3
2,0,0,0,4200,31,-6.472170352936e-4,3.834486007690e-3
2,0,0,0,4200,32,4.115700721741e-4,7.314682006836e-4
2,0,0,0,4200,33,4.577338695526e-4,1.257538795471e-3
2,0,0,0,4200,34,-2.551376819611e-4,-1.402258872986e-3
2,0,0,0,4200,35,-1.219511032104e-4,-6.966590881348e-4
2,0,0,0,4200,36,7.101893424988e-5,2.086162567139e-4
2,0,0,0,4200,37,7.349252700806e-5,-1.359462738037e-3
2,0,0,0,4200,38,-3.403425216675e-5,6.790161132812e-3
2,0,0,0,4200,39,-5.960464477539e-8,3.416299819946e-3
2,0,0,0,4200,40,-7.683038711548e-5,-2.692937850952e-4
2,0,0,0,4200,41,-1.585483551025e-5,1.060485839844e-3
2,0,0,0,4200,42,2.534091472626e-4,9.393692016602e-4
2,0,0,0,4200,43,4.746317863464e-4,1.744270324707e-3
2,0,0,0,4200,44,9.727478027344e-5,9.856224060059e-4
2,0,0,0,4200,45,-3.722310066223e-5,8.847713470459e-4
2,0,0,0,4200,46,9.548664093018e-5,-1.121282577515e-3
2,0,0,0,4200,47,8.019804954529e-5,-5.228519439697e-4
2,0,0,0,4200,48,-1.980364322662e-4,1.395463943481e-3
2,0,0,0,4200,49,-3.374814987183e-4,1.633644104004e-3
2,0,0,0,4200,50,-3.090500831604e-5,-2.212524414062e-4
2,0,0,0,4200,51,-1.311302185059e-5,-1.268386840820e-4
2,0,0,0,4200,52,1.840591430664e-4,-1.381278038025e-3
2,0,0,0,4200,53,8.308887481689e-5,-3.078222274780e-3
2,0,0,0,4200,54,-1.832544803619e-4,2.784967422485e-3
2,0,0,0,4200,55,-3.232955932617e-4,5.362629890442e-3
2,0,0,0,4200,56,-9.861588478088e-5,7.616281509399e-4
2,0,0,0,4200,57,-1.799464225769e-4,1.187920570374e-3
2,0,0,0,4200,58,-1.488924026489e-4,1.077413558960e-3
2,0,0,0,4200,59,-8.025765419006e-5,1.772403717041e-3
2,0,0,0,4200,60,-6.499886512756e-5,-1.457929611206e-4
2,0,0,0,4200,61,-3.003478050232e-4,-2.202987670898e-4
2,0,0,0,4200,62,-1.627504825592e-4,2.057552337646e-3
2,0,0,0,4200,63,-2.822279930115e-4,1.997709274292e-3
2,0,0,0,4200,64,-9.834766387939e-6,5.540847778320e-4
2,0,0,0,4200,65,9.056925773621e-5,-1.158118247986e-3
2,0,0,0,4200,66,-3.615021705627e-4,3.312110900879e-3
2,0,0,0,4200,67,-1.615881919861e-4,1.671433448792e-3
2,0,0,0,4200,68,4.243552684784e-4,-1.583099365234e-3
2,0,0,0,4200,69,2.232491970062e-4,-7.643699645996e-4
2,0,0,0,4200,70,-2.014636993408e-5,-1.425623893738e-3
2,0,0,0,4200,71,-7.581710815430e-5,-1.114726066589e-3
2,0,0,0,4200,72,-1.875758171082e-4,9.050369262695e-4
2,0,0,0,4200,73,-1.306533813477e-4,6.530284881592e-4
2,0,0,0,4200,74,-6.526708602905e-5,-2.335548400879e-3
2,0,0,0,4200,75,-1.251697540283e-5,-1.145243644714e-3
2,0,0,0,4200,76,2.437829971313e-5,-5.543231964111e-4
2,0,0,0,4200,77,-1.046955585480e-4,-3.198385238647e-4
2,0,0,0,4200,78,5.191564559937e-5,8.488893508911e-4
2,0,0,0,4200,79,2.562999725342e-6,2.666711807251e-4
2,0,0,0,4200,80,-7.513165473938e-5,3.333806991577e-3
2,0,0,0,4200,81,1.547932624817e-4,1.264810562134e-3
2,0,0,0,4200,82,1.249015331268e-4,8.890628814697e-4
2,0,0,0,4200,83,2.712011337280e-4,2.073287963867e-3
2,0,0,0,4200,84,-9.882450103760e-5,2.632141113281e-4
2,0,0,0,4200,85,-1.935958862305e-4,4.682540893555e-4
2,0,0,0,4200,86,-1.067519187927e-4,-1.498460769653e-3
2,0,0,0,4200,87,-3.802776336670e-5,-7.438659667969e-4
2,0,0,0,4200,88,-5.903840065002e-5,-3.285408020020e-4
2,0,0,0,4200,89,-1.499652862549e-4,-4.172325134277e-6
2,0,0,0,4200,90,2.010464668274e-4,3.454685211182e-4
2,0,0,0,4200,91,1.136958599091e-4,1.014471054077e-3
2,0,0,0,4200,92,-7.465481758118e-5,1.335740089417e-3
2,0,0,0,4200,93,-5.054473876953e-5,1.764059066772e-3
2,0,0,0,4200,94,-2.588033676147e-4,5.018711090088e-4
2,0,0,0,4200,95,-1.171231269836e-4,2.586841583252e-4
2,0,0,0,4200,96,-3.367662429810e-6,4.659891128540e-3
2,0,0,0,4200,97,2.622604370117e-6,2.328395843506e-3
2,0,0,0,4200,98,2.186894416809e-4,7.057189941406e-5
2,0,0,0,4200,99,1.133382320404e-4,3.886222839355e-5
2,0,0,0,4200,100,7.253885269165e-5,1.838207244873e-4
2,0,0,0,4200,101,3.886222839355e-5,9.262561798096e-5
2,0,0,0,4200,102,1.723766326904e-4,-6.154775619507e-4
2,0,0,0,4200,103,1.889169216156e-4,3.199577331543e-4
2,0,0,0,4200,104,1.156330108643e-5,3.092288970947e-4
2,0,0,0,4200,105,-5.590915679932e-5,7.435083389282e-4
2,0,0,0,4200,106,-8.374452590942e-5,6.318092346191e-6
2,0,0,0,4200,107,-3.921985626221e-5,-5.948543548584e-5
2,0,0,0,4200,108,1.206398010254e-4,1.559257507324e-4
2,0,0,0,4200,109,1.704394817352e-4,-1.406669616699e-4
2,0,0,0,4200,110,-1.849234104156e-4,-1.140356063843e-3
2,0,0,0,4200,111,-7.879734039307e-5,-5.390644073486e-4
2,0,0,0,4200,112,-3.050863742828e-4,3.222584724426e-3
2,0,0,0,4200,113,-3.898143768311e-5,-4.897117614746e-4
2,0,0,0,4200,114,-6.405711174011e-4,-2.773284912109e-3
2,0,0,0,4200,115,-3.157854080200e-4,-1.315951347351e-3
2,0,0,0,4200,116,1.394748687744e-5,9.655952453613e-5
2,0,0,0,4200,117,1.522898674011e-5,8.583068847656e-5
2,0,0,0,4200,118,2.756118774414e-4,-1.399040222168e-3
2,0,0,0,4200,119,1.479983329773e-4,-6.623268127441e-4
2,0,0,0,4200,120,9.417533874512e-5,7.858276367188e-4
2,0,0,0,4200,121,6.061792373657e-5,4.615783691406e-4
2,0,0,0,4200,122,5.233287811279e-5,-8.562803268433e-4
2,0,0,0,4200,123,3.272294998169e-5,-2.550363540649e-3
2,0,0,0,4200,124,9.435415267944e-5,3.162622451782e-4
2,0,0,0,4200,125,2.881288528442e-4,-5.674362182617e-4
2,0,0,0,4200,126,2.342462539673e-5,2.289891242981e-3
2,0,0,0,4200,127,9.912252426147e-5,2.948760986328e-3
2,0,0,0,4200,128,1.115202903748e-4,-1.316547393799e-3
2,0,0,0,4200,129,9.435415267944e-5,-7.081031799316e-4
2,0,0,0,4200,130,-5.090534687042e-4,-9.791612625122e-3
2,0,0,0,4200,131,-2.149343490601e-4,-4.878520965576e-3
2,0,0,0,4200,132,-3.549158573151e-4,2.285599708557e-3
2,0,0,0,4200,133,-1.554787158966e-4,1.158714294434e-3
2,0,0,0,4200,134,-1.912713050842e-4,-9.953975677490e-5
2,0,0,0,4200,135,-4.132390022278e-4,-5.209445953369e-4
2,0,0,0,4200,136,3.230571746826e-5,1.364827156067e-3
2,0,0,0,4200,137,-1.395940780640e-4,3.350496292114e-3
2,0,0,0,4200,138,-3.312826156616e-4,5.231142044067e-3
2,0,0,0,4200,139,-1.401901245117e-4,2.627968788147e-3
2,0,0,0,4200,140,-3.562271595001e-4,2.684831619263e-3
2,0,0,0,4200,141,-1.603960990906e-4,1.367211341858e-3
2,0,0,0,4200,142,-3.049373626709e-4,1.643300056458e-3
2,0,0,0,4200,143,-1.430809497833e-4,8.330345153809e-4
2,0,0,0,4200,144,1.480281352997e-4,-1.507997512817e-3
2,0,0,0,4200,145,1.243054866791e-4,-2.697467803955e-3
2,0,0,0,4200,146,-1.420080661774e-4,-2.053499221802e-3
2,0,0,0,4200,147,-6.246566772461e-5,-1.050829887390e-3
2,0,0,0,4200,148,-3.154575824738e-4,-1.832962036133e-3
2,0,0,0,4200,149,-1.999139785767e-4,-9.284019470215e-4
2,0,0,0,4200,150,2.737939357758e-4,4.987716674805e-4
2,0,0,0,4200,151,1.837015151978e-4,2.200603485107e-4
2,0,0,0,4200,152,4.048049449921e-4,-1.699686050415e-3
2,0,0,0,4200,153,2.101659774780e-4,-8.342266082764e-4
2,0,0,0,4200,154,-2.264976501465e-6,-1.234889030457e-3
2,0,0,0,4200,155,9.775161743164e-6,-5.962848663330e-4
2,0,0,0,4200,156,2.199411392212e-5,2.251863479614e-4
2,0,0,0,4200,157,1.013278961182e-5,1.409053802490e-4
2,0,0,0,4200,158,1.001358032227e-5,1.709103584290e-3
2,0,0,0,4200,159,5.504488945007e-5,1.653909683228e-3
2,0,0,0,4200,160,3.057122230530e-4,-1.260757446289e-3
2,0,0,0,4200,161,2.102255821228e-4,-1.376032829285e-3
2,0,0,0,4200,162,6.131827831268e-4,4.169940948486e-3
2,0,0,0,4200,163,3.528296947479e-4,2.101898193359e-3
2,0,0,0,4200,164,-1.950562000275e-4,4.680156707764e-4
2,0,0,0,4200,165,-1.841187477112e-4,5.270242691040e-4
2,0,0,0,4200,166,-3.767013549805e-4,-8.652210235596e-4
2,0,0,0,4200,167,-1.640915870667e-4,-4.622936248779e-4
2,0,0,0,4200,168,-4.439949989319e-4,4.794597625732e-4
2,0,0,0,4200,169,-1.898109912872e-4,2.646446228027e-4
3,1,0,1,600,0,0.000000000000e0,0.000000000000e0
3,1,0,1,600,1,0.000000000000e0,0.000000000000e0
3,1,0,1,600,2,3.385543823242e-5,5.831718444824e-4
3,1,0,1,600,3,1.788139343262e-5,2.927780151367e-4
3,1,0,1,600,4,1.357793807983e-4,4.111528396606e-3
3,1,0,1,600,5,7.766485214233e-5,2.065062522888e-3
3,1,0,1,600,6,2.082586288452e-4,-8.821487426758e-6
3,1,0,1,600,7,1.090764999390e-4,-8.344650268555e-7
3,1,0,1,600,8,-9.584426879883e-5,4.780292510986e-4
3,1,0,1,600,9,-4.649162292480e-5,2.398490905762e-4
3,1,0,1,600,10,9.298324584961e-6,8.898973464966e-4
3,1,0,1,600,11,7.033348083496e-6,4.467964172363e-4
3,1,0,1,600,12,1.165866851807e-4,-1.296997070312e-4
3,1,0,1,600,13,5.877017974854e-5,-6.484985351562e-5
3,1,0,1,600,14,-3.467202186584e-4,2.250671386719e-4
3,1,0,1,600,15,-1.512765884399e-4,1.432895660400e-4
3,1,0,1,600,16,1.901388168335e-4,2.555847167969e-4
3,1,0,1,600,17,9.584426879883e-5,1.283884048462e-4
3,1,0,1,600,18,7.885694503784e-5,2.145767211914e-5
3,1,0,1,600,19,4.208087921143e-5,1.072883605957e-5
3,1,0,1,600,20,-4.899501800537e-5,-5.824565887451e-4
3,1,0,1,600,21,-3.588199615479e-5,-3.384351730347e-4
3,1,0,1,600,22,-2.264976501465e-5,-3.330707550049e-4
3,1,0,1,600,23,-1.120567321777e-5,-1.661777496338e-4
3,1,0,1,600,24,6.675720214844e-6,-2.505779266357e-4
3,1,0,1,600,25,-2.145767211914e-6,-1.251697540283e-4
3,1,0,1,600,26,1.019239425659e-4,-2.351999282837e-4
3,1,0,1,600,27,5.161762237549e-5,-1.171827316284e-4
3,1,0,1,600,28,-2.014636993408e-5,-1.249313354492e-4
3,1,0,1,600,29,-2.431869506836e-5,-1.633167266846e-5
3,1,0,1,600,30,-3.558397293091e-5,-2.598762512207e-5
3,1,0,1,600,31,5.924701690674e-5,-2.396106719971e-5
3,1,0,1,600,32,-4.082918167114e-5,8.106231689453e-5
3,1,0,1,600,33,-9.995698928833e-5,1.498460769653e-4
3,1,0,1,600,34,1.389980316162e-4,2.616643905640e-4
3,1,0,1,600,35,7.718801498413e-5,1.255273818970e-4
3,1,0,1,600,36,1.990795135498e-5,2.777576446533e-4
3,1,0,1,600,37,2.855062484741e-5,5.669593811035e-4
3,1,0,1,600,38,-2.205371856689e-6,-3.802776336670e-5
3,1,0,1,600,39,-1.013278961182e-6,-1.871585845947e-5
3,1,0,1,600,40,9.186267852783e-4,3.934383392334e-3
3,1,0,1,600,41,5.053877830505e-4,1.985788345337e-3
3,1,0,1,600,42,-3.254413604736e-5,6.711483001709e-5
3,1,0,1,600,43,-6.735324859619e-5,1.301765441895e-4
3,1,0,1,600,44,-2.342462539673e-5,1.107454299927e-4
3,1,0,1,600,45,-1.192092895508e-5,5.781650543213e-5
3,1,0,1,600,46,-5.233287811279e-5,-1.788139343262e-5
3,1,0,1,600,47,-1.052618026733e-4,-3.576278686523e-5
3,1,0,1,600,48,2.402067184448e-5,9.489059448242e-5
3,1,0,1,600,49,4.756450653076e-5,1.924037933350e-4
3,1,0,1,600,50,-3.397464752197e-5,-7.188320159912e-5
3,1,0,1,600,51,-5.364418029785e-6,-3.719329833984e-5
3,1,0,1,600,52,9.417533874512e-6,2.088546752930e-4
3,1,0,1,600,53,4.708766937256e-6,1.063346862793e-4
3,1,0,1,600,54,-8.702278137207e-6,-1.742839813232e-4
3,1,0,1,600,55,-4.351139068604e-6,-8.451938629150e-5
3,1,0,1,600,56,9.953975677490e-6,-2.861022949219e-5
3,1,0,1,600,57,6.556510925293e-6,-1.466274261475e-5
3,1,0,1,600,58,3.647804260254e-5,-2.086162567139e-5
3,1,0,1,600,59,7.241964340210e-5,-4.136562347412e-5
3,1,0,1,600,60,-5.519390106201e-5,-8.106231689453e-6
3,1,0,1,600,61,-1.237988471985e-4,-2.491474151611e-5
3,1,0,1,600,62,-8.517503738403e-5,-7.176399230957e-5
3,1,0,1,600,63,-1.733303070068e-4,-1.435279846191e-4
3,1,0,1,600,64,4.285573959351e-5,2.870559692383e-4
3,1,0,1,600,65,1.871585845947e-5,1.454353332520e-4
3,1,0,1,600,66,1.222491264343e-4,1.953840255737e-4
3,1,0,1,600,67,5.793571472168e-5,1.001358032227e-4
3,1,0,1,600,68,6.216764450073e-5,2.813339233398e-5
3,1,0,1,600,69,1.083612442017e-4,4.339218139648e-5
3,1,0,1,600,70,4.643201828003e-5,8.344650268555e-5
3,1,0,1,600,71,1.168251037598e-4,-4.768371582031e-7
3,1,0,1,600,72,-2.557039260864e-5,3.015995025635e-5
3,1,0,1,600,73,-1.335144042969e-5,1.597404479980e-5
3,1,0,1,600,74,5.167722702026e-5,2.300739288330e-5
3,1,0,1,600,75,8.237361907959e-5,5.364418029785e-6
3,1,0,1,600,76,6.878376007080e-5,1.630783081055e-4
3,1,0,1,600,77,3.576278686523e-5,6.532669067383e-5
3,1,0,1,600,78,6.407499313354e-5,-1.600980758667e-4
3,1,0,1,600,79,3.278255462646e-5,-6.043910980225e-5
3,1,0,1,600,80,2.264976501465e-5,4.148483276367e-5
3,1,0,1,600,81,5.662441253662e-5,-4.029273986816e-5
3,1,0,1,600,82,1.132488250732e-5,5.245208740234e-5
3,1,0,1,600,83,4.708766937256e-6,-8.344650268555e-7
3,1,0,1,600,84,5.263090133667e-5,-2.386569976807e-4
3,1,0,1,600,85,1.153349876404e-4,-2.809762954712e-4
3,1,0,1,600,86,-1.188516616821e-4,-2.447366714478e-4
3,1,0,1,600,87,-2.509355545044e-4,-4.267692565918e-4
3,1,0,1,600,88,2.706050872803e-5,-3.656148910522e-4
3,1,0,1,600,89,1.358985900879e-5,-2.098083496094e-4
3,1,0,1,600,90,1.296997070312e-4,3.008842468262e-4
3,1,0,1,600,91,6.407499313354e-5,1.353025436401e-4
3,1,0,1,600,92,1.720190048218e-4,-2.199411392212e-4
3,1,0,1,600,93,8.559226989746e-5,-1.170635223389e-4
3,1,0,1,600,94,-2.920627593994e-6,3.767013549805e-5
3,1,0,1,600,95,2.503395080566e-6,9.036064147949e-5
3,1,0,1,600,96,1.761913299561e-4,4.004240036011e-4
3,1,0,1,600,97,8.738040924072e-5,1.984834671021e-4
3,1,0,1,600,98,-2.861022949219e-5,2.610683441162e-5
3,1,0,1,600,99,-5.042552947998e-5,5.245208740234e-5
3,1,0,1,600,100,9.298324584961e-6,-1.151561737061e-4
3,1,0,1,600,101,2.592802047729e-5,-2.202987670898e-4
3,1,0,1,600,102,7.441043853760e-4,2.871036529541e-3
3,1,0,1,600,103,4.343986511230e-4,1.413702964783e-3
3,1,0,1,600,104,7.098913192749e-5,-1.928806304932e-4
3,1,0,1,600,105,1.892447471619e-4,-8.952617645264e-5
3,1,0,1,600,106,5.048513412476e-5,2.789497375488e-5
3,1,0,1,600,107,9.435415267944e-5,5.865097045898e-5
3,1,0,1,600,108,-8.302927017212e-5,7.238388061523e-4
3,1,0,1,600,109,-3.981590270996e-5,3.623962402344e-4
3,1,0,1,600,110,-2.281665802002e-4,9.441375732422e-5
3,1,0,1,600,111,-1.082420349121e-4,5.030632019043e-5
3,1,0,1,600,112,7.271766662598e-6,9.846687316895e-5
3,1,0,1,600,113,-2.384185791016e-7,2.896785736084e-4
3,1,0,1,600,114,-6.902217864990e-5,-7.748603820801e-5
3,1,0,1,600,115,-1.488924026489e-4,-1.587867736816e-4
3,1,0,1,600,116,3.230571746826e-5,1.692771911621e-5
3,1,0,1,600,117,6.210803985596e-5,3.039836883545e-5
3,1,0,1,600,118,-2.948045730591e-4,1.039266586304e-3
3,1,0,1,600,119,-1.276135444641e-4,6.428956985474e-4
3,1,0,1,600,120,4.923343658447e-5,-4.029273986816e-5
3,1,0,1,600,121,5.364418029785e-5,-2.551078796387e-5
3,1,0,1,600,122,9.310245513916e-5,-1.039505004883e-4
3,1,0,1,600,123,4.738569259644e-5,-5.626678466797e-5
3,1,0,1,600,124,-2.968311309814e-5,1.244544982910e-4
3,1,0,1,600,125,-1.484155654907e-5,6.175041198730e-5
3,1,0,1,600,126,-1.311302185059e-4,3.561973571777e-4
3,1,0,1,600,127,-6.556510925293e-5,1.782178878784e-4
3,1,0,1,600,128,2.658367156982e-5,-1.502037048340e-5
3,1,0,1,600,129,-7.629394531250e-6,7.498264312744e-5
3,1,0,1,600,130,-5.733966827393e-5,-1.523494720459e-4
3,1,0,1,600,131,-2.884864807129e-5,-7.772445678711e-5
3,1,0,1,600,132,-3.814697265625e-5,2.622604370117e-6
3,1,0,1,600,133,-7.587671279907e-5,4.172325134277e-6
3,1,0,1,600,134,2.216696739197e-4,3.309249877930e-3
3,1,0,1,600,135,1.172423362732e-4,1.659870147705e-3
3,1,0,1,600,136,6.592273712158e-5,-4.100799560547e-5
3,1,0,1,600,137,7.218122482300e-5,2.002716064453e-5
3,1,0,1,600,138,1.060962677002e-5,-1.573562622070e-5
3,1,0,1,600,139,2.086162567139e-5,-3.194808959961e-5
3,1,0,1,600,140,-4.048347473145e-4,1.535654067993e-3
3,1,0,1,600,141,-1.524090766907e-4,7.843971252441e-4
3,1,0,1,600,142,-7.625222206116e-4,-5.283355712891e-4
3,1,0,1,600,143,-3.677606582642e-4,-2.434253692627e-4
3,1,0,1,600,144,-7.327198982239e-4,3.067851066589e-3
3,1,0,1,600,145,-3.359317779541e-4,1.546740531921e-3
3,1,0,1,600,146,2.081394195557e-4,9.634494781494e-4
3,1,0,1,600,147,3.818273544312e-4,1.890659332275e-3
3,1,0,1,600,148,-3.409385681152e-5,1.544713973999e-3
3,1,0,1,600,149,-1.420974731445e-4,3.116011619568e-3
3,1,0,1,600,150,-4.339814186096e-4,-1.752614974976e-3
3,1,0,1,600,151,-2.547502517700e-4,1.144409179688e-5
3,1,0,1,600,152,1.862049102783e-4,6.085634231567e-4
3,1,0,1,600,153,1.565217971802e-4,1.462936401367e-3
3,1,0,1,600,154,-5.992054939270e-4,-1.084923744202e-3
3,1,0,1,600,155,-2.812147140503e-4,-5.246400833130e-4
3,1,0,1,600,156,2.074241638184e-5,-2.765655517578e-5
3,1,0,1,600,157,1.049041748047e-5,-1.835823059082e-5
3,1,0,1,600,158,1.757144927979e-4,1.678466796875e-4
3,1,0,1,600,159,2.217292785645e-5,5.722045898438e-6
3,1,0,1,600,160,2.679824829102e-4,1.294612884521e-4
3,1,0,1,600,161,1.311302185059e-4,6.413459777832e-5
3,1,0,1,600,162,5.128383636475e-4,1.981258392334e-4
3,1,0,1,600,163,2.447366714478e-4,0.000000000000e0
3,1,0,1,600,164,1.009166240692e-3,1.912832260132e-3
3,1,0,1,600,165,5.111098289490e-4,9.658336639404e-4
3,1,0,1,600,166,-3.939270973206e-4,-1.241564750671e-3
3,1,0,1,600,167,-1.028180122375e-4,-3.402233123779e-4
3,1,0,1,600,168,8.261203765869e-5,2.336502075195e-5
3,1,0,1,600,169,1.594424247742e-4,1.941919326782e-4
4,1,0,1,2400,0,-1.867115497589e-4,-1.984477043152e-3
4,1,0,1,2400,1,-5.671381950378e-5,-9.402036666870e-4
4,1,0,1,2400,2,-1.505017280579e-5,-4.613637924194e-3
4,1,0,1,2400,3,-1.333951950073e-4,-9.920597076416e-3
4,1,0,1,2400,4,3.175437450409e-4,3.145217895508e-3
4,1,0,1,2400,5,-1.437664031982e-4,-4.624128341675e-4
4,1,0,1,2400,6,-1.644790172577e-4,-4.535436630249e-3
4,1,0,1,2400,7,-1.153945922852e-4,-2.300143241882e-3
4,1,0,1,2400,8,-1.570880413055e-4,-3.472566604614e-3
4,1,0,1,2400,9,-2.682209014893e-5,-1.681804656982e-3
4,1,0,1,2400,10,1.731216907501e-4,-6.524801254272e-3
4,1,0,1,2400,11,1.628398895264e-4,-2.209186553955e-3
4,1,0,1,2400,12,1.376867294312e-4,1.925230026245e-3
4,1,0,1,2400,13,-1.957118511200e-4,-4.050731658936e-4
4,1,0,1,2400,14,-3.587901592255e-4,8.125782012939e-3
4,1,0,1,2400,15,-1.576840877533e-4,4.011273384094e-3
4,1,0,1,2400,16,-3.688037395477e-4,-6.043910980225e-4
4,1,0,1,2400,17,7.852911949158e-5,-2.573728561401e-4
4,1,0,1,2400,18,-5.181133747101e-4,-2.583026885986e-3
4,1,0,1,2400,19,-2.259016036987e-4,-1.238703727722e-3
4,1,0,1,2400,20,7.420778274536e-6,6.222724914551e-5
4,1,0,1,2400,21,4.023313522339e-6,3.159046173096e-5
4,1,0,1,2400,22,6.476044654846e-5,1.349449157715e-4
4,1,0,1,2400,23,7.441639900208e-5,1.230239868164e-4
4,1,0,1,2400,24,1.122951507568e-4,-4.251003265381e-4
4,1,0,1,2400,25,3.178417682648e-4,-8.113384246826e-4
4,1,0,1,2400,26,2.971887588501e-4,1.618981361389e-3
4,1,0,1,2400,27,1.769959926605e-4,8.409023284912e-4
4,1,0,1,2400,28,-8.076429367065e-6,2.413988113403e-4
4,1,0,1,2400,29,-2.950429916382e-6,1.212358474731e-4
4,1,0,1,2400,30,-3.430247306824e-5,2.908706665039e-5
4,1,0,1,2400,31,-1.657009124756e-5,1.478195190430e-5
4,1,0,1,2400,32,6.914138793945e-6,3.206729888916e-5
4,1,0,1,2400,33,-6.404519081116e-5,-3.098249435425e-4
4,1,0,1,2400,34,2.481937408447e-4,-4.091262817383e-4
4,1,0,1,2400,35,4.898309707642e-4,-1.592636108398e-4
4,1,0,1,2400,36,-8.770823478699e-5,3.905296325684e-4
4,1,0,1,2400,37,-3.099441528320e-5,2.043247222900e-4
4,1,0,1,2400,38,-4.034340381622e-4,-2.918243408203e-4
4,1,0,1,2400,39,-1.943111419678e-4,-1.738071441650e-4
4,1,0,1,2400,40,-4.472434520721e-4,-2.635717391968e-4
4,1,0,1,2400,41,-1.671612262726e-4,-1.305341720581e-4
4,1,0,1,2400,42,2.304315567017e-4,-2.093195915222e-3
4,1,0,1,2400,43,4.447400569916e-4,-4.534244537354e-3
4,1,0,1,2400,44,7.966160774231e-5,7.007122039795e-4
4,1,0,1,2400,45,4.899501800537e-5,3.597736358643e-4
4,1,0,1,2400,46,-1.203119754791e-4,-2.512931823730e-4
4,1,0,1,2400,47,-5.629658699036e-5,-1.209974288940e-4
4,1,0,1,2400,48,2.140104770660e-4,1.992225646973e-3
4,1,0,1,2400,49,1.692771911621e-5,1.107931137085e-3
4,1,0,1,2400,50,-8.293986320496e-5,-3.080129623413e-3
4,1,0,1,2400,51,9.834766387939e-7,-1.533985137939e-3
4,1,0,1,2400,52,6.511807441711e-5,-2.100348472595e-3
4,1,0,1,2400,53,5.385279655457e-5,-1.025557518005e-3
4,1,0,1,2400,54,5.885660648346e-4,1.550912857056e-4
4,1,0,1,2400,55,3.678798675537e-4,8.010864257812e-5
4,1,0,1,2400,56,7.851421833038e-4,-4.048347473145e-4
4,1,0,1,2400,57,4.667043685913e-4,-1.819133758545e-4
4,1,0,1,2400,58,4.574656486511e-5,-2.053141593933e-3
4,1,0,1,2400,59,-6.973743438721e-5,-6.446838378906e-4
4,1,0,1,2400,60,-4.419684410095e-5,-6.024837493896e-4
4,1,0,1,2400,61,-1.743435859680e-5,-2.793073654175e-4
4,1,0,1,2400,62,-5.230605602264e-4,-2.679824829102e-4
4,1,0,1,2400,63,-2.568066120148e-4,-1.480579376221e-4
4,1,0,1,2400,64,1.504719257355e-4,9.102821350098e-4
4,1,0,1,2400,65,5.200505256653e-5,3.106594085693e-4
4,1,0,1,2400,66,-1.903772354126e-4,-2.341270446777e-4
4,1,0,1,2400,67,-7.617473602295e-5,-8.857250213623e-5
4,1,0,1,2400,68,3.074407577515e-4,2.318024635315e-3
4,1,0,1,2400,69,1.664161682129e-4,1.186609268188e-3
4,1,0,1,2400,70,3.446042537689e-4,-2.948164939880e-3
4,1,0,1,2400,71,2.059042453766e-4,-1.464605331421e-3
4,1,0,1,2400,72,-1.896321773529e-4,8.821487426758e-4
4,1,0,1,2400,73,1.029670238495e-4,1.374363899231e-3
4,1,0,1,2400,74,-8.924901485443e-4,-4.124164581299e-3
4,1,0,1,2400,75,-3.949701786041e-4,-2.013564109802e-3
4,1,0,1,2400,76,-2.854168415070e-4,-2.170801162720e-3
4,1,0,1,2400,77,-1.173019409180e-4,-1.046061515808e-3
4,1,0,1,2400,78,-3.646612167358e-4,1.190185546875e-3
4,1,0,1,2400,79,-1.685917377472e-4,6.103515625000e-4
4,1,0,1,2400,80,5.269050598145e-5,-2.501964569092e-3
4,1,0,1,2400,81,4.088878631592e-5,-1.208543777466e-3
4,1,0,1,2400,82,-2.798736095428e-4,2.997636795044e-3
4,1,0,1,2400,83,-1.218318939209e-4,1.543283462524e-3
4,1,0,1,2400,84,8.472800254822e-5,2.187013626099e-3
4,1,0,1,2400,85,5.170702934265e-5,1.135826110840e-3
4,1,0,1,2400,86,5.248486995697e-4,-8.730888366699e-4
4,1,0,1,2400,87,2.930462360382e-4,-4.184246063232e-4
4,1,0,1,2400,88,1.807510852814e-4,2.789497375488e-5
4,1,0,1,2400,89,2.223551273346e-4,2.437829971313e-4
4,1,0,1,2400,90,4.054307937622e-4,2.794861793518e-3
4,1,0,1,2400,91,3.755986690521e-4,1.583099365234e-3
4,1,0,1,2400,92,2.562105655670e-4,4.670619964600e-3
4,1,0,1,2400,93,1.375675201416e-4,2.372860908508e-3
4,1,0,1,2400,94,2.381801605225e-4,2.943158149719e-3
4,1,0,1,2400,95,1.381337642670e-4,1.495361328125e-3
4,1,0,1,2400,96,-9.669363498688e-4,-1.384973526001e-3
4,1,0,1,2400,97,-5.329847335815e-4,-6.985664367676e-4
4,1,0,1,2400,98,2.477169036865e-4,-5.717277526855e-4
4,1,0,1,2400,99,5.261600017548e-4,-2.849102020264e-5
4,1,0,1,2400,100,1.595914363861e-4,1.085519790649e-3
4,1,0,1,2400,101,-5.415081977844e-5,-5.054473876953e-4
4,1,0,1,2400,102,-1.261234283447e-4,-8.051395416260e-4
4,1,0,1,2400,103,-5.272030830383e-5,-4.150867462158e-4
4,1,0,1,2400,104,-1.055300235748e-4,-5.371570587158e-4
4,1,0,1,2400,105,4.142522811890e-6,-1.528263092041e-4
4,1,0,1,2400,106,9.238719940186e-5,4.372596740723e-4
4,1,0,1,2400,107,5.292892456055e-5,2.222061157227e-4
4,1,0,1,2400,108,-1.290142536163e-4,3.705024719238e-4
4,1,0,1,2400,109,-2.525150775909e-4,3.644227981567e-4
4,1,0,1,2400,110,-2.822279930115e-5,-1.223087310791e-4
4,1,0,1,2400,111,-3.540515899658e-5,8.773803710938e-5
4,1,0,1,2400,112,-5.862116813660e-5,1.192092895508e-7
4,1,0,1,2400,113,-2.756714820862e-5,3.576278686523e-6
4,1,0,1,2400,114,2.876222133636e-4,6.408691406250e-4
4,1,0,1,2400,115,1.495182514191e-4,2.628564834595e-4
4,1,0,1,2400,116,-3.423988819122e-4,-2.321004867554e-3
4,1,0,1,2400,117,-1.206696033478e-4,-1.127243041992e-3
4,1,0,1,2400,118,6.275475025177e-4,5.122780799866e-3
4,1,0,1,2400,119,4.734098911285e-4,2.605199813843e-3
4,1,0,1,2400,120,5.394220352173e-6,-9.191036224365e-5
4,1,0,1,2400,121,5.662441253662e-7,-5.936622619629e-5
4,1,0,1,2400,122,-2.801120281219e-4,-1.637458801270e-3
4,1,0,1,2400,123,-1.363456249237e-4,-8.189678192139e-4
4,1,0,1,2400,124,3.778934478760e-4,2.069592475891e-3
4,1,0,1,2400,125,2.360641956329e-4,1.052498817444e-3
4,1,0,1,2400,126,8.933544158936e-4,2.605915069580e-3
4,1,0,1,2400,127,4.794299602509e-4,1.331329345703e-3
4,1,0,1,2400,128,8.016824722290e-6,1.264095306396e-3
4,1,0,1,2400,129,2.512335777283e-5,6.667375564575e-4
4,1,0,1,2400,130,-1.684725284576e-4,-4.391670227051e-4
4,1,0,1,2400,131,-9.870529174805e-5,-2.655982971191e-4
4,1,0,1,2400,132,2.086162567139e-7,-6.914138793945e-6
4,1,0,1,2400,133,1.192092895508e-7,-3.576278686523e-6
4,1,0,1,2400,134,-1.430511474609e-5,2.825260162354e-5
4,1,0,1,2400,135,-3.135204315186e-5,4.649162292480e-5
4,1,0,1,2400,136,4.681944847107e-5,-7.629394531250e-6
4,1,0,1,2400,137,2.369284629822e-5,-3.814697265625e-6
4,1,0,1,2400,138,2.285838127136e-5,-2.241134643555e-5
4,1,0,1,2400,139,4.503130912781e-5,-4.458427429199e-5
4,1,0,1,2400,140,1.993775367737e-5,7.748603820801e-6
4,1,0,1,2400,141,7.897615432739e-6,0.000000000000e0
4,1,0,1,2400,142,7.244944572449e-5,4.863739013672e-5
4,1,0,1,2400,143,3.865361213684e-5,2.861022949219e-5
4,1,0,1,2400,144,2.273917198181e-5,-3.093481063843e-4
4,1,0,1,2400,145,1.201033592224e-5,-1.530647277832e-4
4,1,0,1,2400,146,1.794397830963e-4,3.776550292969e-4
4,1,0,1,2400,147,2.964437007904e-4,7.505416870117e-4
4,1,0,1,2400,148,-3.840625286102e-4,-1.236200332642e-3
4,1,0,1,2400,149,-1.877844333649e-4,-6.105899810791e-4
4,1,0,1,2400,150,1.809597015381e-4,-6.664991378784e-4
4,1,0,1,2400,151,3.479421138763e-4,-1.352667808533e-3
4,1,0,1,2400,152,1.432895660400e-4,3.324747085571e-4
4,1,0,1,2400,153,2.579987049103e-4,6.428956985474e-4
4,1,0,1,2400,154,2.966821193695e-4,5.435943603516e-4
4,1,0,1,2400,155,1.670122146606e-4,2.830028533936e-4
4,1,0,1,2400,156,1.730024814606e-4,2.586841583252e-4
4,1,0,1,2400,157,1.094341278076e-4,1.407861709595e-4
4,1,0,1,2400,158,1.613199710846e-4,2.644062042236e-4
4,1,0,1,2400,159,2.283155918121e-4,5.023479461670e-4
4,1,0,1,2400,160,4.065036773682e-5,-3.031492233276e-4
4,1,0,1,2400,161,7.650256156921e-5,-6.141662597656e-4
4,1,0,1,2400,162,2.658665180206e-4,2.658367156982e-4
4,1,0,1,2400,163,4.745423793793e-4,4.707574844360e-4
4,1,0,1,2400,164,1.984834671021e-4,-1.299381256104e-3
4,1,0,1,2400,165,-1.423656940460e-4,1.398324966431e-3
4,1,0,1,2400,166,-2.968013286591e-4,-1.090931892395e-2
4,1,0,1,2400,167,-9.346008300781e-5,-5.405306816101e-3
4,1,0,1,2400,168,-4.124641418457e-5,-2.655029296875e-3
4,1,0,1,2400,169,-2.890825271606e-6,-2.399325370789e-3
5,1,0,1,4200,0,-9.211897850037e-5,3.327131271362e-3
5,1,0,1,4200,1,2.712011337280e-6,2.094507217407e-3
5,1,0,1,4200,2,3.236532211304e-5,1.941680908203e-3
5,1,0,1,4200,3,-1.925230026245e-5,3.621339797974e-3
5,1,0,1,4200,4,1.468211412430e-4,2.640485763550e-3
5,1,0,1,4200,5,2.393126487732e-5,4.137516021729e-3
5,1,0,1,4200,6,-7.122755050659e-5,8.530616760254e-4
5,1,0,1,4200,7,-1.767724752426e-4,1.679658889771e-3
5,1,0,1,4200,8,-1.437067985535e-4,5.693674087524e-3
5,1,0,1,4200,9,-4.240870475769e-5,2.860307693481e-3
5,1,0,1,4200,10,1.202225685120e-4,-5.093097686768e-3
5,1,0,1,4200,11,1.309067010880e-4,-1.164412498474e-2
5,1,0,1,4200,12,5.722045898438e-5,-1.439809799194e-3
5,1,0,1,4200,13,7.969141006470e-5,-5.569934844971e-3
5,1,0,1,4200,14,-7.212162017822e-6,9.696483612061e-4
5,1,0,1,4200,15,3.397464752197e-6,4.861354827881e-4
5,1,0,1,4200,16,-6.660819053650e-5,5.171298980713e-4
5,1,0,1,4200,17,-3.266334533691e-5,2.548694610596e-4
5,1,0,1,4200,18,0.000000000000e0,0.000000000000e0
5,1,0,1,4200,19,-1.871585845947e-5,-1.883506774902e-5
5,1,0,1,4200,20,4.887580871582e-5,-7.152557373047e-6
5,1,0,1,4200,21,2.451241016388e-5,-3.576278686523e-6
5,1,0,1,4200,22,-1.159310340881e-5,-2.598762512207e-4
5,1,0,1,4200,23,-5.513429641724e-6,-1.299381256104e-4
5,1,0,1,4200,24,7.927417755127e-6,-8.630752563477e-5
5,1,0,1,4200,25,1.563131809235e-5,-1.666545867920e-4
5,1,0,1,4200,26,1.118779182434e-4,1.287460327148e-5
5,1,0,1,4200,27,5.447864532471e-5,4.768371582031e-6
5,1,0,1,4200,28,2.600252628326e-5,3.149509429932e-4
5,1,0,1,4200,29,1.308321952820e-5,1.571178436279e-4
5,1,0,1,4200,30,-2.276897430420e-5,-1.590251922607e-4
5,1,0,1,4200,31,-1.130998134613e-5,-8.106231689453e-5
5,1,0,1,4200,32,-1.983344554901e-5,-7.152557373047e-6
5,1,0,1,4200,33,-7.867813110352e-6,8.344650268555e-6
5,1,0,1,4200,34,-3.223121166229e-5,-2.908706665039e-5
5,1,0,1,4200,35,-1.952052116394e-5,-1.692771911621e-5
5,1,0,1,4200,36,8.538365364075e-6,1.525878906250e-5
5,1,0,1,4200,37,1.254677772522e-5,1.168251037598e-5
5,1,0,1,4200,38,-2.853572368622e-5,-7.867813110352e-6
5,1,0,1,4200,39,-1.356005668640e-5,-3.814697265625e-6
5,1,0,1,4200,40,-6.169080734253e-6,-4.076957702637e-5
5,1,0,1,4200,41,-2.086162567139e-7,-2.264976501465e-5
5,1,0,1,4200,42,2.980232238770e-8,0.000000000000e0
5,1,0,1,4200,43,0.000000000000e0,0.000000000000e0
5,1,0,1,4200,44,-3.576278686523e-6,2.026557922363e-5
5,1,0,1,4200,45,-1.788139343262e-6,1.025199890137e-5
5,1,0,1,4200,46,-6.602704524994e-5,-1.122951507568e-4
5,1,0,1,4200,47,-2.042949199677e-5,-1.907348632812e-6
5,1,0,1,4200,48,3.425031900406e-4,-2.798080444336e-3
5,1,0,1,4200,49,1.791864633560e-4,-3.874540328979e-3
5,1,0,1,4200,50,2.579391002655e-4,3.123760223389e-3
5,1,0,1,4200,51,1.325309276581e-4,1.599550247192e-3
5,1,0,1,4200,52,3.494173288345e-4,1.587629318237e-3
5,1,0,1,4200,53,-4.875659942627e-5,3.185033798218e-3
5,1,0,1,4200,54,1.348555088043e-5,2.729654312134e-3
5,1,0,1,4200,55,3.480911254883e-5,1.368284225464e-3
5,1,0,1,4200,56,1.213848590851e-4,2.216339111328e-3
5,1,0,1,4200,57,2.586841583252e-5,9.195804595947e-4
5,1,0,1,4200,58,4.509389400482e-4,6.699562072754e-5
5,1,0,1,4200,59,4.443675279617e-4,-3.407716751099e-3
5,1,0,1,4200,60,-1.665949821472e-5,4.357099533081e-3
5,1,0,1,4200,61,-2.153962850571e-4,9.444236755371e-3
5,1,0,1,4200,62,-1.707524061203e-4,-1.068115234375e-3
5,1,0,1,4200,63,-2.113580703735e-4,-2.149820327759e-3
5,1,0,1,4200,64,5.209445953369e-5,9.174346923828e-4
5,1,0,1,4200,65,2.832710742950e-5,8.687973022461e-4
5,1,0,1,4200,66,-3.232806921005e-4,-5.125999450684e-5
5,1,0,1,4200,67,-1.166313886642e-4,1.263618469238e-5
5,1,0,1,4200,68,4.962086677551e-6,-5.803108215332e-4
5,1,0,1,4200,69,-1.085847616196e-4,-1.362085342407e-3
5,1,0,1,4200,70,-6.854534149170e-5,-7.827281951904e-4
5,1,0,1,4200,71,-6.040930747986e-5,-9.558200836182e-4
5,1,0,1,4200,72,-4.160404205322e-5,1.134157180786e-3
5,1,0,1,4200,73,4.251301288605e-5,3.111362457275e-4
5,1,0,1,4200,74,-1.036226749420e-4,-9.548664093018e-4
5,1,0,1,4200,75,-4.628300666809e-5,-4.653930664062e-4
5,1,0,1,4200,76,-2.530217170715e-5,3.027915954590e-4
5,1,0,1,4200,77,9.909272193909e-6,-1.189708709717e-4
5,1,0,1,4200,78,-7.186830043793e-5,9.202957153320e-5
5,1,0,1,4200,79,-2.267956733704e-4,-3.602504730225e-4
5,1,0,1,4200,80,-2.181529998779e-5,3.719329833984e-4
5,1,0,1,4200,81,-6.440281867981e-5,5.600452423096e-4
5,1,0,1,4200,82,-5.845725536346e-5,2.388954162598e-4
5,1,0,1,4200,83,-1.799762248993e-4,3.619194030762e-4
5,1,0,1,4200,84,-1.864731311798e-4,4.536628723145e-3
5,1,0,1,4200,85,-1.149475574493e-4,-2.793073654175e-3
5,1,0,1,4200,86,1.273751258850e-4,3.690004348755e-3
5,1,0,1,4200,87,2.137720584869e-4,1.893281936646e-3
5,1,0,1,4200,88,-5.438923835754e-5,1.431465148926e-3
5,1,0,1,4200,89,8.046627044678e-7,7.812976837158e-4
5,1,0,1,4200,90,9.834766387939e-5,-1.893520355225e-3
5,1,0,1,4200,91,5.427002906799e-5,-9.348392486572e-4
5,1,0,1,4200,92,-8.466839790344e-5,3.886222839355e-4
5,1,0,1,4200,93,6.139278411865e-6,-6.296634674072e-4
5,1,0,1,4200,94,-4.321336746216e-6,-2.889633178711e-4
5,1,0,1,4200,95,1.950562000275e-5,-1.327991485596e-4
5,1,0,1,4200,96,-1.265406608582e-4,6.723403930664e-4
5,1,0,1,4200,97,-4.762411117554e-5,3.867149353027e-4
5,1,0,1,4200,98,2.286136150360e-4,-2.338647842407e-3
5,1,0,1,4200,99,1.469552516937e-4,-1.149654388428e-3
5,1,0,1,4200,100,1.409202814102e-4,-2.128362655640e-3
5,1,0,1,4200,101,3.191828727722e-5,3.230571746826e-4
5,1,0,1,4200,102,1.507401466370e-4,-1.256704330444e-3
5,1,0,1,4200,103,-1.952052116394e-6,-4.961490631104e-4
5,1,0,1,4200,104,-2.987235784531e-4,6.239414215088e-4
5,1,0,1,4200,105,-4.564225673676e-5,3.366470336914e-4
5,1,0,1,4200,106,-2.501308917999e-4,5.426406860352e-3
5,1,0,1,4200,107,-9.284913539886e-5,2.740859985352e-3
5,1,0,1,4200,108,1.637339591980e-4,2.247810363770e-3
5,1,0,1,4200,109,1.893639564514e-4,1.856803894043e-3
5,1,0,1,4200,110,-1.408159732819e-4,-2.890825271606e-3
5,1,0,1,4200,111,-3.156065940857e-5,-1.263380050659e-3
5,1,0,1,4200,112,7.802248001099e-5,-5.071163177490e-4
5,1,0,1,4200,113,3.021955490112e-5,-1.080751419067e-3
5,1,0,1,4200,114,-1.135468482971e-5,-5.924701690674e-4
5,1,0,1,4200,115,0.000000000000e0,0.000000000000e0
5,1,0,1,4200,116,6.866455078125e-5,7.677078247070e-5
5,1,0,1,4200,117,-6.040930747986e-5,1.960277557373e-3
5,1,0,1,4200,118,8.541345596313e-5,1.326322555542e-3
5,1,0,1,4200,119,5.099177360535e-5,6.754398345947e-4
5,1,0,1,4200,120,-7.098913192749e-5,-2.200603485107e-4
5,1,0,1,4200,121,-3.021955490112e-5,-5.054473876953e-5
5,1,0,1,4200,122,-3.927946090698e-5,-1.343011856079e-3
5,1,0,1,4200,123,6.860494613647e-5,-6.644725799561e-4
5,1,0,1,4200,124,2.185106277466e-4,1.145601272583e-3
5,1,0,1,4200,125,3.039836883545e-6,2.245664596558e-3
5,1,0,1,4200,126,2.709627151489e-4,-1.012563705444e-3
5,1,0,1,4200,127,1.533776521683e-4,-5.042552947998e-4
5,1,0,1,4200,128,-1.919120550156e-4,3.823995590210e-3
5,1,0,1,4200,129,-9.554624557495e-5,1.926183700562e-3
5,1,0,1,4200,130,2.375245094299e-4,7.150173187256e-4
5,1,0,1,4200,131,1.261532306671e-4,3.640651702881e-4
5,1,0,1,4200,132,2.669692039490e-4,2.591848373413e-3
5,1,0,1,4200,133,1.861155033112e-4,1.356363296509e-3
5,1,0,1,4200,134,-2.032369375229e-4,3.381967544556e-3
5,1,0,1,4200,135,-6.709992885590e-5,1.704454421997e-3
5,1,0,1,4200,136,-8.285045623779e-6,4.913806915283e-4
5,1,0,1,4200,137,2.351403236389e-5,2.481937408447e-4
5,1,0,1,4200,138,1.534819602966e-5,1.997232437134e-3
5,1,0,1,4200,139,3.238022327423e-5,1.004934310913e-3
5,1,0,1,4200,140,4.124790430069e-4,1.110792160034e-3
5,1,0,1,4200,141,2.188086509705e-4,5.671977996826e-4
5,1,0,1,4200,142,1.460313796997e-5,8.566379547119e-4
5,1,0,1,4200,143,7.957220077515e-6,4.262924194336e-4
5,1,0,1,4200,144,-2.834200859070e-4,3.266334533691e-5
5,1,0,1,4200,145,-8.076429367065e-5,7.915496826172e-5
5,1,0,1,4200,146,1.215934753418e-5,1.701593399048e-3
5,1,0,1,4200,147,7.539987564087e-6,8.466243743896e-4
5,1,0,1,4200,148,-3.165602684021e-4,1.409530639648e-3
5,1,0,1,4200,149,-1.530945301056e-4,7.059574127197e-4
5,1,0,1,4200,150,5.095303058624e-4,-2.689123153687e-3
5,1,0,1,4200,151,3.031492233276e-4,-1.309156417847e-3
5,1,0,1,4200,152,-3.172606229782e-4,8.604526519775e-4
5,1,0,1,4200,153,-1.358985900879e-4,4.513263702393e-4
5,1,0,1,4200,154,3.242045640945e-4,2.070188522339e-3
5,1,0,1,4200,155,1.339465379715e-4,3.816127777100e-3
5,1,0,1,4200,156,8.805096149445e-5,2.669095993042e-3
5,1,0,1,4200,157,3.357231616974e-5,-1.251697540283e-4
5,1,0,1,4200,158,1.551657915115e-4,-9.069442749023e-4
5,1,0,1,4200,159,-6.221979856491e-4,2.532243728638e-3
5,1,0,1,4200,160,-4.144161939621e-4,1.849889755249e-3
5,1,0,1,4200,161,-3.035962581635e-4,3.064393997192e-3
5,1,0,1,4200,162,7.167458534241e-5,-9.765863418579e-3
5,1,0,1,4200,163,1.420527696609e-4,-6.632089614868e-3
5,1,0,1,4200,164,-2.474486827850e-4,3.438711166382e-3
5,1,0,1,4200,165,2.322942018509e-4,6.606578826904e-4
5,1,0,1,4200,166,9.346008300781e-4,-5.289793014526e-3
5,1,0,1,4200,167,5.210191011429e-4,-2.604246139526e-3
5,1,0,1,4200,168,3.802776336670e-5,-6.776571273804e-3
5,1,0,1,4200,169,1.604855060577e-5,-3.370285034180e-3
6,2,0,2,600,0,-1.637339591980e-4,-8.165836334229e-5
6,2,0,2,600,1,-8.171796798706e-5,-4.065036773682e-5
6,2,0,2,600,2,4.845857620239e-5,4.661083221436e-5
6,2,0,2,600,3,9.661912918091e-5,9.334087371826e-5
6,2,0,2,600,4,9.751319885254e-5,8.440017700195e-5
6,2,0,2,600,5,1.693367958069e-4,1.223087310791e-4
6,2,0,2,600,6,7.927417755127e-6,-6.639957427979e-5
6,2,0,2,600,7,3.868341445923e-5,-1.033544540405e-4
6,2,0,2,600,8,5.209445953369e-5,5.710124969482e-5
6,2,0,2,600,9,5.567073822021e-5,1.093149185181e-4
6,2,0,2,600,10,-3.850460052490e-5,-7.772445678711e-5
6,2,0,2,600,11,-1.931190490723e-5,-3.910064697266e-5
6,2,0,2,600,12,1.630783081055e-4,-6.556510925293e-6
6,2,0,2,600,13,3.160238265991e-4,-1.394748687744e-5
6,2,0,2,600,14,-2.804994583130e-4,-7.052421569824e-4
6,2,0,2,600,15,-1.345872879028e-4,-3.386735916138e-4
6,2,0,2,600,16,1.486539840698e-4,1.128911972046e-4
6,2,0,2,600,17,7.450580596924e-5,5.650520324707e-5
6,2,0,2,600,18,4.470348358154e-5,-1.126527786255e-4
6,2,0,2,600,19,1.910924911499e-4,1.001358032227e-5
6,2,0,2,600,20,2.654790878296e-4,2.410411834717e-4
6,2,0,2,600,21,4.336833953857e-4,2.449750900269e-4
6,2,0,2,600,22,-1.606941223145e-4,-5.149841308594e-4
6,2,0,2,600,23,-7.367134094238e-5,-2.553462982178e-4
6,2,0,2,600,24,3.309845924377e-4,1.721382141113e-4
6,2,0,2,600,25,2.378225326538e-4,2.130270004272e-4
6,2,0,2,600,26,9.828805923462e-5,1.367330551147e-4
6,2,0,2,600,27,-8.225440979004e-6,-5.483627319336e-5
6,2,0,2,600,28,1.044273376465e-4,1.863241195679e-4
6,2,0,2,600,29,8.136034011841e-5,2.677440643311e-4
6,2,0,2,600,30,-1.286268234253e-4,-1.658678054810e-3
6,2,0,2,600,31,-5.543231964111e-5,-1.970410346985e-3
6,2,0,2,600,32,2.464056015015e-4,-5.102157592773e-5
6,2,0,2,600,33,1.664161682129e-4,-7.402896881104e-5
6,2,0,2,600,34,8.833408355713e-5,1.274347305298e-4
6,2,0,2,600,35,4.470348358154e-5,6.210803985596e-5
6,2,0,2,600,36,-9.220838546753e-5,-8.404254913330e-5
6,2,0,2,600,37,-1.894235610962e-4,-1.713037490845e-4
6,2,0,2,600,38,-2.724528312683e-4,-5.352497100830e-4
6,2,0,2,600,39,-1.178979873657e-4,-2.502202987671e-4
6,2,0,2,600,40,1.692771911621e-5,-3.945827484131e-5
6,2,0,2,600,41,1.078844070435e-5,-1.823902130127e-5
6,2,0,2,600,42,8.404254913330e-6,-9.572505950928e-5
6,2,0,2,600,43,4.887580871582e-6,-1.815557479858e-4
6,2,0,2,600,44,-3.030300140381e-4,-7.340908050537e-4
6,2,0,2,600,45,-1.502037048340e-4,-3.679990768433e-4
6,2,0,2,600,46,1.140832901001e-4,-1.319646835327e-4
6,2,0,2,600,47,2.267360687256e-4,-2.663135528564e-4
6,2,0,2,600,48,9.763240814209e-5,-1.019239425659e-4
6,2,0,2,600,49,1.764297485352e-4,-2.170801162720e-4
6,2,0,2,600,50,-3.117322921753e-4,1.767873764038e-4
6,2,0,2,600,51,-1.546144485474e-4,8.690357208252e-5
6,2,0,2,600,52,2.567768096924e-4,4.566907882690e-4
6,2,0,2,600,53,1.202821731567e-4,2.334117889404e-4
6,2,0,2,600,54,6.127357482910e-5,-1.572370529175e-4
6,2,0,2,600,55,3.248453140259e-5,-7.736682891846e-5
6,2,0,2,600,56,-3.290176391602e-4,-5.565881729126e-4
6,2,0,2,600,57,-1.635551452637e-4,-2.830028533936e-4
6,2,0,2,600,58,-2.278685569763e-4,1.966953277588e-5
6,2,0,2,600,59,-2.502202987671e-4,-7.951259613037e-5
6,2,0,2,600,60,-4.910230636597e-4,-1.238346099854e-3
6,2,0,2,600,61,-9.479522705078e-4,-2.265572547913e-3
6,2,0,2,600,62,-3.391504287720e-4,-5.759000778198e-4
6,2,0,2,600,63,-5.446672439575e-4,-1.112222671509e-4
6,2,0,2,600,64,-5.640387535095e-4,-3.306627273560e-3
6,2,0,2,600,65,-2.647638320923e-4,-1.636385917664e-3
6,2,0,2,600,66,2.335309982300e-4,1.738071441650e-4
6,2,0,2,600,67,1.319050788879e-4,9.846687316895e-5
6,2,0,2,600,68,1.667737960815e-4,-1.190662384033e-3
6,2,0,2,600,69,3.502368927002e-4,-1.711368560791e-3
6,2,0,2,600,70,4.683732986450e-4,-8.974075317383e-4
6,2,0,2,600,71,3.497600555420e-4,-1.153945922852e-3
6,2,0,2,600,72,-6.315708160400e-4,-1.727461814880e-3
6,2,0,2,600,73,-2.989172935486e-4,-8.492469787598e-4
6,2,0,2,600,74,-2.250671386719e-4,-1.405954360962e-3
6,2,0,2,600,75,-3.116130828857e-4,-2.003550529480e-3
6,2,0,2,600,76,-1.174807548523e-4,-2.282857894897e-4
6,2,0,2,600,77,-6.020069122314e-5,-1.226663589478e-4
6,2,0,2,600,78,-2.204179763794e-4,-2.972483634949e-3
6,2,0,2,600,79,-9.346008300781e-5,-1.477360725403e-3
6,2,0,2,600,80,-3.437995910645e-4,-7.044076919556e-4
6,2,0,2,600,81,-1.658201217651e-4,-3.470182418823e-4
6,2,0,2,600,82,-4.172325134277e-7,1.311302185059e-6
6,2,0,2,600,83,-2.235174179077e-5,3.826618194580e-5
6,2,0,2,600,84,-3.695487976074e-5,1.347064971924e-5
6,2,0,2,600,85,-5.638599395752e-5,2.193450927734e-5
6,2,0,2,600,86,-4.500150680542e-5,-1.919269561768e-5
6,2,0,2,600,87,-5.453824996948e-5,-3.743171691895e-5
6,2,0,2,600,88,5.584955215454e-5,-2.479553222656e-5
6,2,0,2,600,89,2.658367156982e-5,-1.442432403564e-5
6,2,0,2,600,90,8.726119995117e-5,-2.369880676270e-4
6,2,0,2,600,91,4.988908767700e-5,-1.273155212402e-4
6,2,0,2,600,92,-1.973509788513e-4,-5.010366439819e-4
6,2,0,2,600,93,-9.816884994507e-5,-2.490282058716e-4
6,2,0,2,600,94,1.037120819092e-4,-5.078315734863e-5
6,2,0,2,600,95,2.139806747437e-4,-6.139278411865e-5
6,2,0,2,600,96,1.481175422668e-4,-4.113912582397e-4
6,2,0,2,600,97,7.510185241699e-5,-2.030134201050e-4
6,2,0,2,600,98,3.868341445923e-4,2.878904342651e-4
6,2,0,2,600,99,3.400444984436e-4,3.677606582642e-4
6,2,0,2,600,100,1.378059387207e-4,-1.293420791626e-4
6,2,0,2,600,101,1.555681228638e-4,-4.328489303589e-4
6,2,0,2,600,102,-6.520748138428e-5,-2.102851867676e-4
6,2,0,2,600,103,-2.735853195190e-5,-9.143352508545e-5
6,2,0,2,600,104,1.639127731323e-4,1.157522201538e-4
6,2,0,2,600,105,9.971857070923e-5,-2.559423446655e-4
6,2,0,2,600,106,-2.908706665039e-5,-1.345872879028e-4
6,2,0,2,600,107,-5.877017974854e-5,-2.781152725220e-4
6,2,0,2,600,108,-4.984736442566e-4,-2.146959304810e-4
6,2,0,2,600,109,-2.419352531433e-4,-1.045465469360e-4
6,2,0,2,600,110,-2.507567405701e-4,-8.443593978882e-4
6,2,0,2,600,111,-1.031160354614e-4,-4.090070724487e-4
6,2,0,2,600,112,4.875659942627e-5,-2.347230911255e-4
6,2,0,2,600,113,2.551078796387e-5,-1.963376998901e-4
6,2,0,2,600,114,5.329847335815e-4,9.059906005859e-5
6,2,0,2,600,115,2.459287643433e-4,2.439022064209e-4
6,2,0,2,600,116,3.798604011536e-4,3.114938735962e-4
6,2,0,2,600,117,3.979206085205e-4,3.250837326050e-4
6,2,0,2,600,118,4.804134368896e-5,-1.847743988037e-5
6,2,0,2,600,119,8.279085159302e-5,-3.731250762939e-5
6,2,0,2,600,120,6.058812141418e-4,6.376504898071e-4
6,2,0,2,600,121,3.047585487366e-4,3.200769424438e-4
6,2,0,2,600,122,1.144409179688e-4,5.376338958740e-5
6,2,0,2,600,123,6.014108657837e-5,2.491474151611e-5
6,2,0,2,600,124,-9.888410568237e-5,-1.371979713440e-3
6,2,0,2,600,125,-4.452466964722e-5,-6.678104400635e-4
6,2,0,2,600,126,6.079673767090e-6,-3.182291984558e-3
6,2,0,2,600,127,-3.373622894287e-5,-1.588463783264e-3
6,2,0,2,600,128,9.351968765259e-5,-7.863044738770e-4
6,2,0,2,600,129,9.047985076904e-5,-1.657128334045e-3
6,2,0,2,600,130,-3.587603569031e-4,-5.548000335693e-4
6,2,0,2,600,131,-1.342296600342e-4,-2.721548080444e-4
6,2,0,2,600,132,2.127885818481e-5,6.163120269775e-5
6,2,0,2,600,133,1.807212829590e-4,3.391504287720e-4
6,2,0,2,600,134,3.016591072083e-4,-1.268386840820e-4
6,2,0,2,600,135,1.693964004517e-4,-6.031990051270e-5
6,2,0,2,600,136,-7.355213165283e-5,-3.823041915894e-4
6,2,0,2,600,137,1.120567321777e-4,-7.196664810181e-4
6,2,0,2,600,138,2.443790435791e-6,-5.643367767334e-4
6,2,0,2,600,139,-9.894371032715e-6,-1.178860664368e-3
6,2,0,2,600,140,3.318786621094e-4,-8.428096771240e-5
6,2,0,2,600,141,1.641511917114e-4,-4.267692565918e-5
6,2,0,2,600,142,6.735324859619e-5,-2.471804618835e-3
6,2,0,2,600,143,3.874301910400e-5,-1.214861869812e-3
6,2,0,2,600,144,1.633167266846e-5,-1.758337020874e-4
6,2,0,2,600,145,7.688999176025e-6,-8.308887481689e-5
6,2,0,2,600,146,2.492666244507e-4,1.474618911743e-4
6,2,0,2,600,147,9.781122207642e-5,1.074075698853e-4
6,2,0,2,600,148,1.394748687744e-4,1.398324966431e-4
6,2,0,2,600,149,8.034706115723e-5,1.909732818604e-4
6,2,0,2,600,150,-3.850460052490e-5,-1.192092895508e-7
6,2,0,2,600,151,-8.481740951538e-5,1.394748687744e-5
6,2,0,2,600,152,2.413988113403e-4,1.651048660278e-4
6,2,0,2,600,153,2.482533454895e-4,1.908540725708e-4
6,2,0,2,600,154,-4.231929779053e-5,-3.218650817871e-6
6,2,0,2,600,155,-2.014636993408e-5,-1.311302185059e-6
6,2,0,2,600,156,-7.092952728271e-6,-7.951259613037e-5
6,2,0,2,600,157,1.311302185059e-6,-3.898143768311e-5
6,2,0,2,600,158,1.910328865051e-4,5.112886428833e-4
6,2,0,2,600,159,2.197027206421e-4,1.717805862427e-4
6,2,0,2,600,160,3.376007080078e-4,1.112222671509e-4
6,2,0,2,600,161,1.690387725830e-4,6.306171417236e-5
6,2,0,2,600,162,1.738071441650e-4,7.195472717285e-4
6,2,0,2,600,163,5.823373794556e-5,3.541707992554e-4
6,2,0,2,600,164,-2.266168594360e-4,-1.744031906128e-4
6,2,0,2,600,165,-1.050829887390e-4,-7.474422454834e-5
6,2,0,2,600,166,-8.034706115723e-5,9.452104568481e-4
6,2,0,2,600,167,-6.890296936035e-5,6.411075592041e-4
6,2,0,2,600,168,1.521110534668e-4,1.057386398315e-4
6,2,0,2,600,169,8.213520050049e-5,-1.858472824097e-4
7,2,0,2,2400,0,-2.980232238770e-5,1.889705657959e-3
7,2,0,2,2400,1,2.211332321167e-5,9.727478027344e-4
7,2,0,2,2400,2,3.705620765686e-4,7.092952728271e-4
7,2,0,2,2400,3,1.981854438782e-4,5.458593368530e-4
7,2,0,2,2400,4,-1.024007797241e-4,-3.083944320679e-4
7,2,0,2,2400,5,1.040697097778e-4,1.403093338013e-4
7,2,0,2,2400,6,-4.717707633972e-5,-3.666877746582e-4
7,2,0,2,2400,7,1.373887062073e-5,-1.732110977173e-4
7,2,0,2,2400,8,4.772245883942e-4,1.761317253113e-3
7,2,0,2,2400,9,2.464056015015e-4,8.937120437622e-4
7,2,0,2,2400,10,-6.565451622009e-5,-3.188848495483e-4
7,2,0,2,2400,11,-5.662441253662e-5,-6.719827651978e-4
7,2,0,2,2400,12,3.606081008911e-5,2.633333206177e-4
7,2,0,2,2400,13,-5.352497100830e-5,-6.234645843506e-5
7,2,0,2,2400,14,1.630783081055e-4,-5.385875701904e-4
7,2,0,2,2400,15,9.253621101379e-5,-2.599954605103e-4
7,2,0,2,2400,16,2.859830856323e-4,6.031990051270e-4
7,2,0,2,2400,17,1.439452171326e-4,3.042221069336e-4
7,2,0,2,2400,18,-4.618167877197e-4,-5.325078964233e-4
7,2,0,2,2400,19,-2.166032791138e-4,-2.592802047729e-4
7,2,0,2,2400,20,-4.164576530457e-4,-1.918077468872e-4
7,2,0,2,2400,21,-2.071261405945e-5,-1.841783523560e-4
7,2,0,2,2400,22,-1.955032348633e-5,1.613378524780e-3
7,2,0,2,2400,23,4.905462265015e-5,7.888078689575e-4
7,2,0,2,2400,24,7.882714271545e-5,-1.623392105103e-3
7,2,0,2,2400,25,-1.456737518311e-4,-8.389949798584e-4
7,2,0,2,2400,26,-1.126527786255e-5,-3.316402435303e-4
7,2,0,2,2400,27,3.868341445923e-5,7.748603820801e-6
7,2,0,2,2400,28,-4.929900169373e-4,-7.404088973999e-4
7,2,0,2,2400,29,-2.076029777527e-4,-3.941059112549e-4
7,2,0,2,2400,30,-6.582736968994e-4,-5.291342735291e-3
7,2,0,2,2400,31,-3.100037574768e-4,-2.677083015442e-3
7,2,0,2,2400,32,-9.304881095886e-4,-7.331371307373e-4
7,2,0,2,2400,33,-4.331469535828e-4,-3.548860549927e-4
7,2,0,2,2400,34,-7.180571556091e-4,3.018975257874e-3
7,2,0,2,2400,35,-6.190240383148e-4,3.634929656982e-3
7,2,0,2,2400,36,3.117322921753e-4,-9.781122207642e-4
7,2,0,2,2400,37,1.701116561890e-4,-4.731416702271e-4
7,2,0,2,2400,38,-2.273023128510e-4,-6.660223007202e-4
7,2,0,2,2400,39,-1.051425933838e-4,-3.582239151001e-4
7,2,0,2,2400,40,-5.869269371033e-4,1.511573791504e-4
7,2,0,2,2400,41,-2.779662609100e-4,8.201599121094e-5
7,2,0,2,2400,42,-2.261996269226e-4,-1.392364501953e-4
7,2,0,2,2400,43,-7.173418998718e-5,4.410743713379e-6
7,2,0,2,2400,44,-8.499622344971e-5,-6.934404373169e-4
7,2,0,2,2400,45,-2.890825271606e-5,-3.417730331421e-4
7,2,0,2,2400,46,1.420378684998e-4,8.128881454468e-4
7,2,0,2,2400,47,2.105832099915e-4,-2.650022506714e-4
7,2,0,2,2400,48,2.362728118896e-4,1.983046531677e-3
7,2,0,2,2400,49,1.736283302307e-4,9.160041809082e-4
7,2,0,2,2400,50,-2.425312995911e-4,-1.747012138367e-3
7,2,0,2,2400,51,-1.069009304047e-4,-8.660554885864e-4
7,2,0,2,2400,52,-5.075335502625e-4,-1.799106597900e-3
7,2,0,2,2400,53,-2.307891845703e-4,-8.701086044312e-4
7,2,0,2,2400,54,-5.811452865601e-5,2.014636993408e-4
7,2,0,2,2400,55,4.613399505615e-5,-1.142024993896e-4
7,2,0,2,2400,56,-1.542270183563e-4,3.583550453186e-3
7,2,0,2,2400,57,-5.251169204712e-5,1.812219619751e-3
7,2,0,2,2400,58,-1.893639564514e-4,-3.857851028442e-3
7,2,0,2,2400,59,-8.186697959900e-5,-2.000451087952e-3
7,2,0,2,2400,60,9.062886238098e-5,2.540349960327e-4
7,2,0,2,2400,61,5.558133125305e-5,1.450777053833e-4
7,2,0,2,2400,62,-2.477765083313e-4,-2.732992172241e-3
7,2,0,2,2400,63,-6.206929683685e-4,-7.020235061646e-4
7,2,0,2,2400,64,-1.691579818726e-4,-3.224730491638e-3
7,2,0,2,2400,65,-5.671381950378e-5,-1.618981361389e-3
7,2,0,2,2400,66,7.363557815552e-4,2.553343772888e-3
7,2,0,2,2400,67,4.059374332428e-4,1.211404800415e-3
7,2,0,2,2400,68,-1.372694969177e-4,1.205205917358e-4
7,2,0,2,2400,69,-1.192092895508e-4,-2.996921539307e-4
7,2,0,2,2400,70,2.045929431915e-4,-2.114772796631e-4
7,2,0,2,2400,71,1.628696918488e-4,-7.808208465576e-5
7,2,0,2,2400,72,7.456541061401e-5,2.762079238892e-4
7,2,0,2,2400,73,-8.627772331238e-5,-2.322196960449e-4
7,2,0,2,2400,74,1.513957977295e-4,1.978874206543e-5
7,2,0,2,2400,75,8.526444435120e-5,3.087520599365e-5
7,2,0,2,2400,76,-1.794099807739e-5,-4.172325134277e-5
7,2,0,2,2400,77,-5.543231964111e-6,-2.586841583252e-5
7,2,0,2,2400,78,-1.314580440521e-4,-5.400180816650e-5
7,2,0,2,2400,79,-5.047917366028e-4,-8.188486099243e-4
7,2,0,2,2400,80,-1.067817211151e-4,-3.751516342163e-4
7,2,0,2,2400,81,-5.108118057251e-5,-2.466440200806e-4
7,2,0,2,2400,82,1.951456069946e-4,-2.843141555786e-4
7,2,0,2,2400,83,1.195073127747e-4,-4.851818084717e-5
7,2,0,2,2400,84,-6.015300750732e-4,-9.609460830688e-4
7,2,0,2,2400,85,-2.831220626831e-4,-4.507303237915e-4
7,2,0,2,2400,86,-4.664063453674e-4,1.478195190430e-5
7,2,0,2,2400,87,-2.124905586243e-4,-8.463859558105e-6
7,2,0,2,2400,88,5.472302436829e-4,-1.817822456360e-3
7,2,0,2,2400,89,3.074407577515e-4,-9.363889694214e-4
7,2,0,2,2400,90,-4.660785198212e-4,7.311105728149e-4
7,2,0,2,2400,91,-2.087950706482e-4,1.341104507446e-4
7,2,0,2,2400,92,7.897913455963e-4,3.440976142883e-3
7,2,0,2,2400,93,4.031658172607e-4,1.668095588684e-3
7,2,0,2,2400,94,3.748238086700e-4,-3.023505210876e-3
7,2,0,2,2400,95,2.108216285706e-4,-1.496434211731e-3
7,2,0,2,2400,96,2.905130386353e-4,4.242062568665e-3
7,2,0,2,2400,97,5.536079406738e-4,3.032088279724e-3
7,2,0,2,2400,98,-9.548068046570e-4,3.911375999451e-3
7,2,0,2,2400,99,-3.445148468018e-4,6.627917289734e-3
7,2,0,2,2400,100,1.149475574493e-4,-2.464413642883e-3
7,2,0,2,2400,101,3.989040851593e-4,-9.483098983765e-4
7,2,0,2,2400,102,-6.507337093353e-4,5.378723144531e-4
7,2,0,2,2400,103,-3.010034561157e-4,8.618831634521e-5
7,2,0,2,2400,104,-5.629062652588e-4,1.403689384460e-3
7,2,0,2,2400,105,-1.071393489838e-4,1.237154006958e-3
7,2,0,2,2400,106,-5.266070365906e-5,-7.163286209106e-4
7,2,0,2,2400,107,2.768635749817e-5,-2.930164337158e-4
7,2,0,2,2400,108,-5.155205726624e-4,-2.017021179199e-3
7,2,0,2,2400,109,-2.228021621704e-4,-9.948015213013e-4
7,2,0,2,2400,110,7.468461990356e-5,3.573536872864e-3
7,2,0,2,2400,111,6.175041198730e-5,2.596259117126e-3
7,2,0,2,2400,112,-8.165836334229e-6,1.367807388306e-3
7,2,0,2,2400,113,1.577436923981e-4,1.098036766052e-3
7,2,0,2,2400,114,-6.603598594666e-4,1.223564147949e-3
7,2,0,2,2400,115,-2.039670944214e-4,1.728415489197e-3
7,2,0,2,2400,116,-2.988278865814e-4,-3.515481948853e-4
7,2,0,2,2400,117,-2.980232238770e-6,-8.046627044678e-5
7,2,0,2,2400,118,-1.781582832336e-4,-1.524925231934e-3
7,2,0,2,2400,119,-8.338689804077e-5,-7.585287094116e-4
7,2,0,2,2400,120,-3.606081008911e-5,1.877427101135e-3
7,2,0,2,2400,121,2.586841583252e-5,1.225352287292e-3
7,2,0,2,2400,122,9.775161743164e-5,-1.127600669861e-3
7,2,0,2,2400,123,1.910328865051e-4,-6.886720657349e-4
7,2,0,2,2400,124,4.571676254272e-5,9.887218475342e-4
7,2,0,2,2400,125,7.015466690063e-5,5.524158477783e-4
7,2,0,2,2400,126,3.736019134521e-4,5.952119827271e-4
7,2,0,2,2400,127,2.092123031616e-4,3.002882003784e-4
7,2,0,2,2400,128,9.745359420776e-5,3.610253334045e-3
7,2,0,2,2400,129,8.347630500793e-5,1.700401306152e-3
7,2,0,2,2400,130,-2.819299697876e-4,-1.512169837952e-3
7,2,0,2,2400,131,-1.448392868042e-4,-7.412433624268e-4
7,2,0,2,2400,132,4.899799823761e-4,-3.420114517212e-4
7,2,0,2,2400,133,2.399981021881e-4,-1.839399337769e-4
7,2,0,2,2400,134,-4.653930664062e-4,-6.388425827026e-4
7,2,0,2,2400,135,-1.487731933594e-4,-3.236532211304e-4
7,2,0,2,2400,136,7.870793342590e-5,2.001523971558e-4
7,2,0,2,2400,137,4.389882087708e-5,1.081228256226e-4
7,2,0,2,2400,138,-2.711713314056e-4,2.235174179077e-4
7,2,0,2,2400,139,-1.283288002014e-4,1.292228698730e-4
7,2,0,2,2400,140,3.373026847839e-4,-1.222968101501e-3
7,2,0,2,2400,141,1.950263977051e-4,-5.885362625122e-4
7,2,0,2,2400,142,-1.221299171448e-4,-1.550912857056e-4
7,2,0,2,2400,143,-5.838274955750e-5,-7.653236389160e-5
7,2,0,2,2400,144,-8.418262004852e-4,-3.970384597778e-3
7,2,0,2,2400,145,-3.750920295715e-4,-2.054452896118e-3
7,2,0,2,2400,146,-4.998445510864e-4,-9.716749191284e-4
7,2,0,2,2400,147,-4.222989082336e-4,-1.776695251465e-3
7,2,0,2,2400,148,7.778406143188e-6,-2.180337905884e-4
7,2,0,2,2400,149,4.321336746216e-6,-1.136064529419e-4
7,2,0,2,2400,150,-2.881884574890e-5,-4.203319549561e-4
7,2,0,2,2400,151,9.727478027344e-5,-5.662441253662e-4
7,2,0,2,2400,152,-2.336502075195e-5,1.580715179443e-4
7,2,0,2,2400,153,-8.854269981384e-5,1.869201660156e-4
7,2,0,2,2400,154,-1.722574234009e-5,2.063512802124e-4
7,2,0,2,2400,155,-8.076429367065e-6,1.039505004883e-4
7,2,0,2,2400,156,2.053380012512e-5,-3.852844238281e-4
7,2,0,2,2400,157,-1.362264156342e-4,-4.652738571167e-4
7,2,0,2,2400,158,1.097023487091e-4,-1.485347747803e-4
7,2,0,2,2400,159,2.400279045105e-4,-2.678632736206e-4
7,2,0,2,2400,160,-1.423954963684e-4,-1.062512397766e-3
7,2,0,2,2400,161,-9.521842002869e-5,-7.286071777344e-4
7,2,0,2,2400,162,-6.061792373657e-5,-2.181529998779e-4
7,2,0,2,2400,163,-2.974271774292e-5,-3.384351730347e-4
7,2,0,2,2400,164,1.789927482605e-4,-8.046627044678e-5
7,2,0,2,2400,165,8.881092071533e-5,-4.053115844727e-5
7,2,0,2,2400,166,5.644559860229e-5,-2.660751342773e-4
7,2,0,2,2400,167,7.545948028564e-5,5.435943603516e-5
7,2,0,2,2400,168,1.013278961182e-6,-9.894371032715e-6
7,2,0,2,2400,169,2.744793891907e-5,7.259845733643e-5
8,2,0,2,4200,0,1.901537179947e-4,-1.172661781311e-3
8,2,0,2,4200,1,1.666098833084e-4,-1.016855239868e-3
8,2,0,2,4200,2,1.113414764404e-4,9.032487869263e-4
8,2,0,2,4200,3,6.209313869476e-5,4.057884216309e-4
8,2,0,2,4200,4,8.614361286163e-5,-8.645057678223e-4
8,2,0,2,4200,5,2.580881118774e-5,-5.680322647095e-4
8,2,0,2,4200,6,9.334087371826e-5,-2.996921539307e-4
8,2,0,2,4200,7,6.753206253052e-5,-7.605552673340e-5
8,2,0,2,4200,8,5.467236042023e-5,-2.270936965942e-3
8,2,0,2,4200,9,3.445148468018e-5,-1.127958297729e-3
8,2,0,2,4200,10,9.678304195404e-5,1.587867736816e-4
8,2,0,2,4200,11,6.884336471558e-5,3.473758697510e-4
8,2,0,2,4200,12,1.607090234756e-4,1.878738403320e-3
8,2,0,2,4200,13,1.643747091293e-4,6.545782089233e-4
8,2,0,2,4200,14,1.288056373596e-4,-5.646944046021e-4
8,2,0,2,4200,15,6.701052188873e-5,-2.771615982056e-4
8,2,0,2,4200,16,-2.194941043854e-5,-9.015798568726e-4
8,2,0,2,4200,17,-1.130998134613e-5,-4.489421844482e-4
8,2,0,2,4200,18,4.650652408600e-5,-5.340576171875e-5
8,2,0,2,4200,19,2.004206180573e-5,-3.314018249512e-5
8,2,0,2,4200,20,1.406669616699e-5,-4.949569702148e-4
8,2,0,2,4200,21,1.965463161469e-5,-9.965896606445e-4
8,2,0,2,4200,22,4.041194915771e-5,-6.341934204102e-5
8,2,0,2,4200,23,2.013146877289e-5,-5.722045898438e-6
8,2,0,2,4200,24,7.663667201996e-5,-6.934404373169e-4
8,2,0,2,4200,25,3.989040851593e-5,-3.465414047241e-4
8,2,0,2,4200,26,4.477798938751e-5,1.173019409180e-4
8,2,0,2,4200,27,6.927549839020e-5,2.570152282715e-4
8,2,0,2,4200,28,-3.032386302948e-5,9.477138519287e-5
8,2,0,2,4200,29,-1.907348632812e-5,8.273124694824e-5
8,2,0,2,4200,30,1.098960638046e-4,-5.371570587158e-4
8,2,0,2,4200,31,2.061575651169e-4,-9.469985961914e-4
8,2,0,2,4200,32,2.402216196060e-4,-1.987814903259e-3
8,2,0,2,4200,33,1.895427703857e-5,-2.698421478271e-3
8,2,0,2,4200,34,1.033097505569e-4,2.140998840332e-4
8,2,0,2,4200,35,5.595386028290e-5,1.109838485718e-4
8,2,0,2,4200,36,1.953542232513e-5,-2.880334854126e-3
8,2,0,2,4200,37,1.588314771652e-4,-5.484819412231e-3
8,2,0,2,4200,38,2.311617136002e-4,2.481937408447e-4
8,2,0,2,4200,39,1.184344291687e-4,1.347064971924e-4
8,2,0,2,4200,40,1.462250947952e-4,1.785755157471e-4
8,2,0,2,4200,41,2.351999282837e-4,-3.144741058350e-4
8,2,0,2,4200,42,-8.253753185272e-5,7.779598236084e-4
8,2,0,2,4200,43,1.510232686996e-4,2.007126808167e-3
8,2,0,2,4200,44,-8.046627044678e-6,-1.317024230957e-3
8,2,0,2,4200,45,1.945495605469e-4,-1.581430435181e-3
8,2,0,2,4200,46,6.695091724396e-5,1.893401145935e-3
8,2,0,2,4200,47,4.696846008301e-5,9.703636169434e-4
8,2,0,2,4200,48,3.363490104675e-4,-2.484321594238e-4
8,2,0,2,4200,49,1.192837953568e-4,-3.258228302002e-3
8,2,0,2,4200,50,3.548264503479e-4,9.927749633789e-4
8,2,0,2,4200,51,2.004653215408e-4,5.037784576416e-4
8,2,0,2,4200,52,2.412348985672e-4,-5.036830902100e-3
8,2,0,2,4200,53,3.650635480881e-4,-3.926753997803e-3
8,2,0,2,4200,54,3.274232149124e-4,2.221107482910e-3
8,2,0,2,4200,55,1.674443483353e-4,1.128315925598e-3
8,2,0,2,4200,56,-1.088976860046e-4,3.094673156738e-3
8,2,0,2,4200,57,2.552121877670e-4,4.747390747070e-3
8,2,0,2,4200,58,-1.326352357864e-4,-5.662441253662e-4
8,2,0,2,4200,59,-1.097321510315e-4,6.409883499146e-4
8,2,0,2,4200,60,-3.317594528198e-4,-7.602930068970e-3
8,2,0,2,4200,61,-7.550418376923e-5,-2.349734306335e-3
8,2,0,2,4200,62,6.537139415741e-5,-2.586960792542e-3
8,2,0,2,4200,63,2.258419990540e-4,-1.639604568481e-3
8,2,0,2,4200,64,-7.674098014832e-6,6.146430969238e-4
8,2,0,2,4200,65,-5.644559860229e-5,1.232028007507e-3
8,2,0,2,4200,66,2.599507570267e-4,2.641439437866e-3
8,2,0,2,4200,67,1.373291015625e-4,1.347541809082e-3
8,2,0,2,4200,68,-4.802644252777e-5,-3.713369369507e-4
8,2,0,2,4200,69,1.750886440277e-5,-1.920461654663e-4
8,2,0,2,4200,70,6.955862045288e-5,3.798007965088e-4
8,2,0,2,4200,71,9.851157665253e-5,6.935596466064e-4
8,2,0,2,4200,72,-1.369565725327e-4,-7.622241973877e-4
8,2,0,2,4200,73,-3.357678651810e-4,-1.057386398315e-3
8,2,0,2,4200,74,3.675073385239e-4,-2.449989318848e-3
8,2,0,2,4200,75,2.174526453018e-4,-1.245975494385e-3
8,2,0,2,4200,76,6.628036499023e-5,1.373767852783e-3
8,2,0,2,4200,77,1.074522733688e-4,2.698183059692e-3
8,2,0,2,4200,78,5.437582731247e-4,6.978511810303e-4
8,2,0,2,4200,79,1.019254326820e-3,1.327157020569e-3
8,2,0,2,4200,80,-1.557022333145e-4,7.742643356323e-4
8,2,0,2,4200,81,-1.120567321777e-4,2.805709838867e-3
8,2,0,2,4200,82,3.385543823242e-5,1.310586929321e-3
8,2,0,2,4200,83,5.225837230682e-5,2.299070358276e-3
8,2,0,2,4200,84,-1.285970211029e-5,-1.453518867493e-3
8,2,0,2,4200,85,-2.622604370117e-6,-3.211855888367e-3
8,2,0,2,4200,86,-8.107423782349e-4,1.027226448059e-3
8,2,0,2,4200,87,-3.767460584641e-4,5.469322204590e-4
8,2,0,2,4200,88,1.866966485977e-4,3.712177276611e-4
8,2,0,2,4200,89,2.360790967941e-4,9.884834289551e-4
8,2,0,2,4200,90,-2.935528755188e-4,8.571147918701e-4
8,2,0,2,4200,91,-2.821683883667e-4,7.078647613525e-4
8,2,0,2,4200,92,-2.171993255615e-4,-4.678487777710e-3
8,2,0,2,4200,93,-4.696846008301e-5,-2.883315086365e-3
8,2,0,2,4200,94,-2.910196781158e-5,-3.874301910400e-4
8,2,0,2,4200,95,-1.110136508942e-5,-1.949071884155e-4
8,2,0,2,4200,96,3.849267959595e-4,3.356933593750e-4
8,2,0,2,4200,97,1.985430717468e-4,1.814365386963e-4
8,2,0,2,4200,98,1.043081283569e-5,-1.582384109497e-3
8,2,0,2,4200,99,6.571412086487e-6,-7.855892181396e-4
8,2,0,2,4200,100,1.633167266846e-4,-3.795623779297e-4
8,2,0,2,4200,101,8.513033390045e-5,-1.857280731201e-4
8,2,0,2,4200,102,9.264051914215e-5,-7.421970367432e-4
8,2,0,2,4200,103,-3.780424594879e-5,-5.121231079102e-4
8,2,0,2,4200,104,3.588199615479e-5,3.224611282349e-4
8,2,0,2,4200,105,4.416704177856e-5,8.269548416138e-4
8,2,0,2,4200,106,-1.716166734695e-4,2.412796020508e-4
8,2,0,2,4200,107,-8.232891559601e-5,1.295804977417e-4
8,2,0,2,4200,108,2.167820930481e-4,-3.863453865051e-3
8,2,0,2,4200,109,1.506954431534e-4,-1.955747604370e-3
8,2,0,2,4200,110,3.695487976074e-5,3.694295883179e-4
8,2,0,2,4200,111,4.430115222931e-5,2.055168151855e-4
8,2,0,2,4200,112,-6.996095180511e-5,-1.931309700012e-3
8,2,0,2,4200,113,-1.116544008255e-4,-3.774166107178e-3
8,2,0,2,4200,114,-2.687573432922e-4,-5.910396575928e-3
8,2,0,2,4200,115,-1.168251037598e-4,-2.942323684692e-3
8,2,0,2,4200,116,2.923756837845e-4,6.091594696045e-4
8,2,0,2,4200,117,1.557618379593e-4,3.175735473633e-4
8,2,0,2,4200,118,-1.690834760666e-4,-2.381563186646e-3
8,2,0,2,4200,119,-7.398426532745e-5,-1.166582107544e-3
8,2,0,2,4200,120,-2.098083496094e-5,3.146052360535e-3
8,2,0,2,4200,121,8.597970008850e-6,1.587152481079e-3
8,2,0,2,4200,122,2.016127109528e-5,1.915454864502e-3
8,2,0,2,4200,123,-2.731233835220e-4,3.416299819946e-3
8,2,0,2,4200,124,-1.272112131119e-4,-1.791000366211e-3
8,2,0,2,4200,125,-3.469735383987e-4,-2.559185028076e-3
8,2,0,2,4200,126,1.690536737442e-4,-6.079673767090e-4
8,2,0,2,4200,127,2.595782279968e-4,-1.029253005981e-3
8,2,0,2,4200,128,-1.526921987534e-4,-3.905653953552e-3
8,2,0,2,4200,129,-6.300210952759e-5,-1.932978630066e-3
8,2,0,2,4200,130,-7.331371307373e-5,1.082539558411e-3
8,2,0,2,4200,131,-7.614493370056e-6,5.534887313843e-4
8,2,0,2,4200,132,2.220869064331e-4,9.775161743164e-5
8,2,0,2,4200,133,1.437216997147e-4,6.091594696045e-5
8,2,0,2,4200,134,1.585334539413e-4,-1.049399375916e-3
8,2,0,2,4200,135,2.646446228027e-5,-1.370549201965e-3
8,2,0,2,4200,136,-2.016276121140e-4,-7.700920104980e-5
8,2,0,2,4200,137,-4.725456237793e-4,-1.430511474609e-4
8,2,0,2,4200,138,6.519258022308e-5,-3.003239631653e-3
8,2,0,2,4200,139,1.191496849060e-4,-1.462936401367e-3
8,2,0,2,4200,140,1.407712697983e-4,-5.106925964355e-4
8,2,0,2,4200,141,7.896125316620e-5,-2.758502960205e-4
8,2,0,2,4200,142,3.578215837479e-4,2.217650413513e-3
8,2,0,2,4200,143,1.963824033737e-4,1.152515411377e-3
8,2,0,2,4200,144,-8.182227611542e-5,6.173849105835e-4
8,2,0,2,4200,145,4.476308822632e-5,3.861188888550e-4
8,2,0,2,4200,146,-2.861618995667e-4,4.668831825256e-3
8,2,0,2,4200,147,-1.249462366104e-4,2.386450767517e-3
8,2,0,2,4200,148,8.793175220490e-5,2.346038818359e-4
8,2,0,2,4200,149,7.624924182892e-5,1.432895660400e-4
8,2,0,2,4200,150,5.568265914917e-4,-2.134203910828e-3
8,2,0,2,4200,151,2.998262643814e-4,-1.123905181885e-3
8,2,0,2,4200,152,-9.510070085526e-4,-2.353429794312e-3
8,2,0,2,4200,153,-4.354715347290e-4,-1.093745231628e-3
8,2,0,2,4200,154,3.910809755325e-4,-5.970478057861e-3
8,2,0,2,4200,155,2.363473176956e-4,-3.042340278625e-3
8,2,0,2,4200,156,1.447945833206e-4,-2.340197563171e-3
8,2,0,2,4200,157,1.039355993271e-4,-1.103401184082e-3
8,2,0,2,4200,158,3.736615180969e-4,1.883506774902e-5
8,2,0,2,4200,159,2.603679895401e-4,-7.071495056152e-4
8,2,0,2,4200,160,3.798305988312e-5,-4.017472267151e-3
8,2,0,2,4200,161,2.299249172211e-5,-3.963708877563e-3
8,2,0,2,4200,162,2.440065145493e-4,-1.313924789429e-3
8,2,0,2,4200,163,1.415163278580e-4,-6.736516952515e-4
8,2,0,2,4200,164,1.311153173447e-4,3.841161727905e-3
8,2,0,2,4200,165,-5.720555782318e-5,2.420425415039e-3
8,2,0,2,4200,166,5.814284086227e-4,1.593828201294e-3
8,2,0,2,4200,167,2.970248460770e-4,8.069276809692e-4
8,2,0,2,4200,168,1.537650823593e-4,2.649068832397e-3
8,2,0,2,4200,169,1.060366630554e-4,1.338005065918e-3
9,3,0,3,600,0,0.000000000000e0,0.000000000000e0
9,3,0,3,600,1,0.000000000000e0,0.000000000000e0
9,3,0,3,600,2,-4.673004150391e-5,7.605552673340e-5
9,3,0,3,600,3,-2.461671829224e-5,3.826618194580e-5
9,3,0,3,600,4,-2.151727676392e-5,2.437829971313e-4
9,3,0,3,600,5,-1.043081283569e-5,1.276731491089e-4
9,3,0,3,600,6,1.062750816345e-4,4.369020462036e-4
9,3,0,3,600,7,5.555152893066e-5,2.163648605347e-4
9,3,0,3,600,8,1.570582389832e-4,4.898309707642e-4
9,3,0,3,600,9,9.942054748535e-5,2.467632293701e-4
9,3,0,3,600,10,7.104873657227e-5,5.173683166504e-5
9,3,0,3,600,11,3.737211227417e-5,2.598762512207e-5
9,3,0,3,600,12,1.335144042969e-4,-2.931356430054e-4
9,3,0,3,600,13,1.983642578125e-4,-5.228519439697e-4
9,3,0,3,600,14,1.495480537415e-4,-4.884004592896e-4
9,3,0,3,600,15,8.058547973633e-5,-2.441406250000e-4
9,3,0,3,600,16,3.234744071960e-4,1.113533973694e-3
9,3,0,3,600,17,1.642107963562e-4,5.625486373901e-4
9,3,0,3,600,18,-3.093481063843e-5,-9.346008300781e-5
9,3,0,3,600,19,-6.502866744995e-5,-1.202821731567e-4
9,3,0,3,600,20,1.568198204041e-4,-1.481890678406e-3
9,3,0,3,600,21,3.056526184082e-4,-2.972006797791e-3
9,3,0,3,600,22,2.384185791016e-7,-1.025199890137e-4
9,3,0,3,600,23,7.748603820801e-7,-4.971027374268e-5
9,3,0,3,600,24,1.100897789001e-4,-5.288124084473e-4
9,3,0,3,600,25,2.169013023376e-4,-1.060843467712e-3
9,3,0,3,600,26,-1.317262649536e-5,8.106231689453e-6
9,3,0,3,600,27,-2.795457839966e-5,7.534027099609e-5
9,3,0,3,600,28,-9.357929229736e-6,-3.588199615479e-5
9,3,0,3,600,29,-2.115964889526e-5,-6.854534149170e-5
9,3,0,3,600,30,2.527236938477e-5,1.931190490723e-5
9,3,0,3,600,31,5.650520324707e-5,3.635883331299e-5
9,3,0,3,600,32,-1.567602157593e-5,-1.370906829834e-5
9,3,0,3,600,33,-2.717971801758e-5,-2.610683441162e-5
9,3,0,3,600,34,-7.683038711548e-5,-9.119510650635e-5
9,3,0,3,600,35,-3.266334533691e-5,-5.102157592773e-5
9,3,0,3,600,36,-9.125471115112e-5,1.082539558411e-3
9,3,0,3,600,37,-3.662705421448e-4,2.657532691956e-3
9,3,0,3,600,38,9.137392044067e-5,-1.537799835205e-4
9,3,0,3,600,39,4.070997238159e-5,-7.259845733643e-5
9,3,0,3,600,40,9.775161743164e-5,3.092288970947e-4
9,3,0,3,600,41,3.814697265625e-5,1.550912857056e-4
9,3,0,3,600,42,-3.290176391602e-5,3.683567047119e-5
9,3,0,3,600,43,2.050399780273e-5,-8.225440979004e-6
9,3,0,3,600,44,5.543231964111e-6,-2.497434616089e-4
9,3,0,3,600,45,1.609325408936e-6,-1.361370086670e-4
9,3,0,3,600,46,3.027915954590e-5,2.471208572388e-4
9,3,0,3,600,47,2.950429916382e-5,2.375841140747e-4
9,3,0,3,600,48,-7.146596908569e-5,3.421306610107e-5
9,3,0,3,600,49,-1.385807991028e-4,-7.867813110352e-6
9,3,0,3,600,50,-5.120038986206e-5,3.638267517090e-4
9,3,0,3,600,51,-1.674890518188e-5,1.815557479858e-4
9,3,0,3,600,52,9.953975677490e-6,4.792213439941e-4
9,3,0,3,600,53,1.811981201172e-5,2.403259277344e-4
9,3,0,3,600,54,8.124113082886e-5,3.715753555298e-4
9,3,0,3,600,55,4.369020462036e-5,1.860857009888e-4
9,3,0,3,600,56,6.422400474548e-4,6.945133209229e-4
9,3,0,3,600,57,3.218650817871e-4,3.556013107300e-4
9,3,0,3,600,58,2.640485763550e-5,1.227855682373e-5
9,3,0,3,600,59,-1.068115234375e-4,-6.139278411865e-5
9,3,0,3,600,60,1.237392425537e-4,1.286268234253e-4
9,3,0,3,600,61,1.084804534912e-4,1.147985458374e-4
9,3,0,3,600,62,2.098679542542e-4,2.193450927734e-4
9,3,0,3,600,63,1.566410064697e-4,2.107620239258e-4
9,3,0,3,600,64,1.239776611328e-4,-6.377696990967e-5
9,3,0,3,600,65,6.419420242310e-5,-3.147125244141e-5
9,3,0,3,600,66,-2.962350845337e-5,-9.775161743164e-5
9,3,0,3,600,67,-1.382827758789e-5,-4.696846008301e-5
9,3,0,3,600,68,1.013278961182e-6,4.184246063232e-5
9,3,0,3,600,69,-3.576278686523e-6,7.760524749756e-5
9,3,0,3,600,70,1.907348632812e-5,-1.078844070435e-4
9,3,0,3,600,71,1.233816146851e-5,-5.602836608887e-5
9,3,0,3,600,72,1.090764999390e-5,-2.861022949219e-6
9,3,0,3,600,73,4.291534423828e-6,-1.549720764160e-6
9,3,0,3,600,74,-1.716613769531e-5,7.629394531250e-6
9,3,0,3,600,75,-2.932548522949e-5,8.225440979004e-6
9,3,0,3,600,76,-6.437301635742e-6,-3.421306610107e-5
9,3,0,3,600,77,-9.536743164062e-7,-1.752376556396e-5
9,3,0,3,600,78,2.527236938477e-5,-2.133846282959e-5
9,3,0,3,600,79,1.835823059082e-5,-1.060962677002e-5
9,3,0,3,600,80,-3.767013549805e-5,-4.279613494873e-5
9,3,0,3,600,81,-2.169609069824e-5,-2.098083496094e-5
9,3,0,3,600,82,-1.370906829834e-6,-2.598762512207e-5
9,3,0,3,600,83,-2.735853195190e-5,-4.422664642334e-5
9,3,0,3,600,84,-6.455183029175e-5,-3.206729888916e-5
9,3,0,3,600,85,-3.117322921753e-5,1.764297485352e-5
9,3,0,3,600,86,6.723403930664e-5,2.348423004150e-5
9,3,0,3,600,87,5.793571472168e-5,1.120567321777e-5
9,3,0,3,600,88,1.168251037598e-4,-3.529787063599e-4
9,3,0,3,600,89,6.151199340820e-5,-1.667737960815e-4
9,3,0,3,600,90,-7.152557373047e-7,1.823902130127e-5
9,3,0,3,600,91,1.668930053711e-6,2.110004425049e-5
9,3,0,3,600,92,5.751848220825e-5,-1.689195632935e-4
9,3,0,3,600,93,2.366304397583e-5,-7.021427154541e-5
9,3,0,3,600,94,5.543231964111e-6,-7.772445678711e-5
9,3,0,3,600,95,-1.512169837952e-4,-1.517534255981e-4
9,3,0,3,600,96,2.093911170959e-4,-7.867813110352e-6
9,3,0,3,600,97,1.075267791748e-4,-4.768371582031e-6
9,3,0,3,600,98,1.298785209656e-4,-1.983523368835e-3
9,3,0,3,600,99,-7.671117782593e-5,-1.137375831604e-3
9,3,0,3,600,100,7.200241088867e-5,1.586675643921e-4
9,3,0,3,600,101,1.493096351624e-4,3.157854080200e-4
9,3,0,3,600,102,1.192092895508e-6,3.749132156372e-4
9,3,0,3,600,103,3.749132156372e-5,2.069473266602e-4
9,3,0,3,600,104,2.920627593994e-6,2.300739288330e-5
9,3,0,3,600,105,5.900859832764e-6,4.708766937256e-5
9,3,0,3,600,106,-8.511543273926e-5,2.254247665405e-4
9,3,0,3,600,107,-2.622604370117e-6,1.128911972046e-4
9,3,0,3,600,108,4.919171333313e-4,-8.827447891235e-4
9,3,0,3,600,109,3.228187561035e-4,-4.547834396362e-4
9,3,0,3,600,110,-3.176927566528e-5,-1.374602317810e-3
9,3,0,3,600,111,-7.867813110352e-6,-6.768703460693e-4
9,3,0,3,600,112,-2.324581146240e-4,1.310229301453e-3
9,3,0,3,600,113,-5.085468292236e-4,2.803444862366e-3
9,3,0,3,600,114,3.597736358643e-4,-2.449870109558e-3
9,3,0,3,600,115,8.678436279297e-5,-1.476407051086e-3
9,3,0,3,600,116,-2.210140228271e-4,-1.515150070190e-4
9,3,0,3,600,117,-5.149841308594e-4,-3.238916397095e-4
9,3,0,3,600,118,2.875924110413e-4,1.614093780518e-4
9,3,0,3,600,119,5.413889884949e-4,5.546808242798e-4
9,3,0,3,600,120,6.942152976990e-4,9.344816207886e-4
9,3,0,3,600,121,4.109740257263e-4,4.771947860718e-4
9,3,0,3,600,122,5.665421485901e-4,-7.966756820679e-4
9,3,0,3,600,123,3.237128257751e-4,-3.893375396729e-4
9,3,0,3,600,124,5.185604095459e-6,-5.543231964111e-4
9,3,0,3,600,125,2.920627593994e-6,-2.774000167847e-4
9,3,0,3,600,126,1.404285430908e-4,2.527236938477e-5
9,3,0,3,600,127,6.610155105591e-5,2.515316009521e-5
9,3,0,3,600,128,8.159875869751e-5,-4.217624664307e-4
9,3,0,3,600,129,1.261830329895e-4,-5.733966827393e-4
9,3,0,3,600,130,7.144808769226e-4,2.524852752686e-4
9,3,0,3,600,131,3.705024719238e-4,1.428127288818e-4
9,3,0,3,600,132,-4.535913467407e-5,-1.343488693237e-4
9,3,0,3,600,133,-9.083747863770e-5,-2.684593200684e-4
9,3,0,3,600,134,-1.668930053711e-5,-3.663301467896e-4
9,3,0,3,600,135,-8.285045623779e-6,-1.828670501709e-4
9,3,0,3,600,136,1.436471939087e-5,1.169443130493e-4
9,3,0,3,600,137,2.914667129517e-5,2.326965332031e-4
9,3,0,3,600,138,3.743171691895e-4,2.585649490356e-4
9,3,0,3,600,139,1.928210258484e-4,1.821517944336e-4
9,3,0,3,600,140,1.283288002014e-4,6.257295608521e-4
9,3,0,3,600,141,1.257061958313e-4,3.165006637573e-4
9,3,0,3,600,142,-2.170205116272e-4,6.396770477295e-4
9,3,0,3,600,143,-1.099705696106e-4,3.267526626587e-4
9,3,0,3,600,144,-2.461671829224e-5,8.141994476318e-4
9,3,0,3,600,145,-9.715557098389e-6,4.124641418457e-4
9,3,0,3,600,146,3.215670585632e-4,2.524614334106e-3
9,3,0,3,600,147,1.788139343262e-7,1.000642776489e-3
9,3,0,3,600,148,6.836652755737e-5,2.431869506836e-4
9,3,0,3,600,149,5.024671554565e-5,4.404783248901e-4
9,3,0,3,600,150,-6.246566772461e-5,3.057718276978e-4
9,3,0,3,600,151,5.668401718140e-5,4.392862319946e-4
9,3,0,3,600,152,1.335740089417e-4,3.612041473389e-5
9,3,0,3,600,153,2.643465995789e-4,6.878376007080e-5
9,3,0,3,600,154,-9.065866470337e-5,9.608268737793e-5
9,3,0,3,600,155,-3.719329833984e-5,4.017353057861e-5
9,3,0,3,600,156,1.518726348877e-4,3.403425216675e-4
9,3,0,3,600,157,7.599592208862e-5,1.711845397949e-4
9,3,0,3,600,158,0.000000000000e0,0.000000000000e0
9,3,0,3,600,159,4.053115844727e-6,5.602836608887e-6
9,3,0,3,600,160,-5.358457565308e-5,1.851320266724e-4
9,3,0,3,600,161,-1.662969589233e-5,9.346008300781e-5
9,3,0,3,600,162,1.758337020874e-5,6.132125854492e-4
9,3,0,3,600,163,2.074241638184e-5,3.676414489746e-4
9,3,0,3,600,164,2.804398536682e-4,1.267790794373e-3
9,3,0,3,600,165,1.493096351624e-4,6.458759307861e-4
9,3,0,3,600,166,2.416968345642e-4,1.782298088074e-3
9,3,0,3,600,167,1.174807548523e-4,1.006841659546e-3
9,3,0,3,600,168,-4.148483276367e-5,-2.366304397583e-4
9,3,0,3,600,169,-1.972913742065e-5,-2.312660217285e-4
10,3,0,3,2400,0,4.708766937256e-5,-1.534223556519e-4
10,3,0,3,2400,1,2.473592758179e-5,-7.462501525879e-5
10,3,0,3,2400,2,-1.527070999146e-4,-1.438140869141e-3
10,3,0,3,2400,3,-9.119510650635e-5,-1.252174377441e-3
10,3,0,3,2400,4,-4.236102104187e-4,9.995698928833e-4
10,3,0,3,2400,5,-3.131031990051e-4,5.136728286743e-4
10,3,0,3,2400,6,-2.529621124268e-4,2.884864807129e-3
10,3,0,3,2400,7,-1.064538955688e-4,1.672267913818e-3
10,3,0,3,2400,8,-7.405281066895e-4,-1.391291618347e-3
10,3,0,3,2400,9,-3.517866134644e-4,-7.133483886719e-4
10,3,0,3,2400,10,3.331899642944e-5,-2.006292343140e-4
10,3,0,3,2400,11,9.512901306152e-5,-2.613067626953e-4
10,3,0,3,2400,12,-2.856254577637e-4,1.750946044922e-3
10,3,0,3,2400,13,7.796287536621e-5,2.109289169312e-3
10,3,0,3,2400,14,-7.319450378418e-5,-4.870891571045e-3
10,3,0,3,2400,15,-1.639127731323e-5,-2.413630485535e-3
10,3,0,3,2400,16,2.138018608093e-4,-3.169417381287e-3
10,3,0,3,2400,17,1.265406608582e-4,-1.553058624268e-3
10,3,0,3,2400,18,-1.092433929443e-3,-4.466772079468e-4
10,3,0,3,2400,19,-5.227923393250e-4,-2.082586288452e-4
10,3,0,3,2400,20,-6.656646728516e-4,3.035068511963e-4
10,3,0,3,2400,21,-2.955794334412e-4,1.126527786255e-4
10,3,0,3,2400,22,4.018545150757e-4,1.605629920959e-3
10,3,0,3,2400,23,2.341270446777e-4,7.841587066650e-4
10,3,0,3,2400,24,6.252527236938e-4,4.640817642212e-4
10,3,0,3,2400,25,3.200769424438e-4,2.356767654419e-4
10,3,0,3,2400,26,1.162290573120e-4,-3.741979598999e-4
10,3,0,3,2400,27,6.812810897827e-5,-1.759529113770e-4
10,3,0,3,2400,28,3.688335418701e-4,-6.885528564453e-4
10,3,0,3,2400,29,2.033710479736e-4,-3.702640533447e-4
10,3,0,3,2400,30,3.045797348022e-4,-2.365589141846e-3
10,3,0,3,2400,31,1.846551895142e-4,-1.133799552917e-3
10,3,0,3,2400,32,-2.253055572510e-4,1.299142837524e-3
10,3,0,3,2400,33,-9.405612945557e-5,6.552934646606e-4
10,3,0,3,2400,34,1.364946365356e-5,1.668930053711e-4
10,3,0,3,2400,35,0.000000000000e0,0.000000000000e0
10,3,0,3,2400,36,-3.461837768555e-4,-8.082389831543e-5
10,3,0,3,2400,37,-8.118152618408e-5,-2.884864807129e-5
10,3,0,3,2400,38,-1.366734504700e-4,-2.033114433289e-3
10,3,0,3,2400,39,-3.081560134888e-5,-1.490950584412e-3
10,3,0,3,2400,40,3.975033760071e-4,3.967404365540e-3
10,3,0,3,2400,41,2.236962318420e-4,2.005338668823e-3
10,3,0,3,2400,42,-4.523992538452e-4,1.788735389709e-3
10,3,0,3,2400,43,-2.476572990417e-4,1.863598823547e-3
10,3,0,3,2400,44,8.070468902588e-5,-6.854534149170e-5
10,3,0,3,2400,45,5.179643630981e-5,-1.144409179688e-5
10,3,0,3,2400,46,3.834962844849e-4,-1.467740535736e-2
10,3,0,3,2400,47,5.612373352051e-4,-1.255416870117e-2
10,3,0,3,2400,48,3.015995025635e-4,1.153469085693e-3
10,3,0,3,2400,49,1.989603042603e-4,-3.309249877930e-4
10,3,0,3,2400,50,-5.173683166504e-5,-4.372835159302e-3
10,3,0,3,2400,51,-1.788139343262e-6,-2.174139022827e-3
10,3,0,3,2400,52,7.343292236328e-5,-1.503944396973e-3
10,3,0,3,2400,53,5.966424942017e-5,-8.003711700439e-4
10,3,0,3,2400,54,2.136826515198e-4,-2.777576446533e-4
10,3,0,3,2400,55,2.006292343140e-4,-6.302595138550e-4
10,3,0,3,2400,56,-3.948807716370e-4,-3.900527954102e-3
10,3,0,3,2400,57,-1.792907714844e-4,-1.931905746460e-3
10,3,0,3,2400,58,6.300210952759e-4,-4.466772079468e-3
10,3,0,3,2400,59,3.726482391357e-4,-2.219438552856e-3
10,3,0,3,2400,60,1.453757286072e-4,9.579658508301e-4
10,3,0,3,2400,61,8.267164230347e-5,4.971027374268e-4
10,3,0,3,2400,62,6.205439567566e-4,-9.842634201050e-3
10,3,0,3,2400,63,7.001161575317e-4,-9.917736053467e-3
10,3,0,3,2400,64,-8.082389831543e-5,6.371736526489e-4
10,3,0,3,2400,65,-8.308887481689e-5,3.653764724731e-4
10,3,0,3,2400,66,-2.830028533936e-4,-4.064321517944e-3
10,3,0,3,2400,67,-1.170039176941e-4,-2.016067504883e-3
10,3,0,3,2400,68,-2.344846725464e-4,-4.671812057495e-4
10,3,0,3,2400,69,-9.274482727051e-5,-6.803274154663e-4
10,3,0,3,2400,70,2.515316009521e-5,7.987022399902e-5
10,3,0,3,2400,71,1.323223114014e-5,-4.374980926514e-4
10,3,0,3,2400,72,5.757808685303e-5,4.005432128906e-5
10,3,0,3,2400,73,2.747774124146e-5,2.014636993408e-5
10,3,0,3,2400,74,-5.402565002441e-4,7.061958312988e-4
10,3,0,3,2400,75,-2.624988555908e-4,3.100633621216e-4
10,3,0,3,2400,76,-2.938508987427e-5,-3.383159637451e-4
10,3,0,3,2400,77,-2.044439315796e-5,-1.596212387085e-4
10,3,0,3,2400,78,3.945827484131e-4,-6.781339645386e-3
10,3,0,3,2400,79,-3.249645233154e-4,7.262706756592e-3
10,3,0,3,2400,80,1.420974731445e-4,2.299547195435e-4
10,3,0,3,2400,81,7.122755050659e-5,1.202821731567e-4
10,3,0,3,2400,82,3.957748413086e-5,-3.265142440796e-4
10,3,0,3,2400,83,1.072883605957e-5,-1.630783081055e-4
10,3,0,3,2400,84,3.421306610107e-5,-9.238719940186e-5
10,3,0,3,2400,85,9.047985076904e-5,6.580352783203e-5
10,3,0,3,2400,86,6.717443466187e-5,-7.138252258301e-4
10,3,0,3,2400,87,5.447864532471e-5,-3.411769866943e-4
10,3,0,3,2400,88,-1.239776611328e-5,-3.077983856201e-4
10,3,0,3,2400,89,-4.190206527710e-5,-1.165270805359e-3
10,3,0,3,2400,90,3.007650375366e-4,-3.499984741211e-4
10,3,0,3,2400,91,1.112818717957e-4,-9.810924530029e-5
10,3,0,3,2400,92,-2.080202102661e-5,3.142356872559e-4
10,3,0,3,2400,93,-1.657009124756e-5,1.766681671143e-4
10,3,0,3,2400,94,-1.449584960938e-4,-1.459836959839e-3
10,3,0,3,2400,95,-7.063150405884e-5,-7.507801055908e-4
10,3,0,3,2400,96,5.537271499634e-5,-3.851652145386e-4
10,3,0,3,2400,97,2.384185791016e-5,-1.953840255737e-4
10,3,0,3,2400,98,-4.351139068604e-6,9.799003601074e-5
10,3,0,3,2400,99,-3.218650817871e-6,5.412101745605e-5
10,3,0,3,2400,100,8.368492126465e-5,1.006126403809e-4
10,3,0,3,2400,101,6.031990051270e-5,-1.311302185059e-6
10,3,0,3,2400,102,2.647638320923e-4,-5.366802215576e-4
10,3,0,3,2400,103,1.662969589233e-4,-2.472400665283e-4
10,3,0,3,2400,104,9.417533874512e-5,1.827359199524e-3
10,3,0,3,2400,105,6.139278411865e-5,9.350776672363e-4
10,3,0,3,2400,106,-3.862977027893e-4,-3.111362457275e-4
10,3,0,3,2400,107,-1.821517944336e-4,-1.292228698730e-4
10,3,0,3,2400,108,2.863407135010e-4,1.386761665344e-3
10,3,0,3,2400,109,1.608133316040e-4,6.394386291504e-4
10,3,0,3,2400,110,-1.044273376465e-4,2.751469612122e-3
10,3,0,3,2400,111,-3.838539123535e-5,1.394510269165e-3
10,3,0,3,2400,112,-1.317262649536e-5,4.040002822876e-4
10,3,0,3,2400,113,6.914138793945e-6,3.448724746704e-4
10,3,0,3,2400,114,1.966953277588e-4,1.562595367432e-3
10,3,0,3,2400,115,1.732110977173e-4,6.724596023560e-4
10,3,0,3,2400,116,-7.390975952148e-5,-1.476645469666e-3
10,3,0,3,2400,117,-1.460313796997e-5,-7.674694061279e-4
10,3,0,3,2400,118,-4.370212554932e-4,5.130410194397e-3
10,3,0,3,2400,119,-1.869201660156e-4,2.581596374512e-3
10,3,0,3,2400,120,3.089308738708e-4,-1.874208450317e-3
10,3,0,3,2400,121,1.184940338135e-4,-1.746654510498e-3
10,3,0,3,2400,122,-2.762675285339e-4,-8.038401603699e-3
10,3,0,3,2400,123,-6.747245788574e-5,-4.079699516296e-3
10,3,0,3,2400,124,-1.320838928223e-4,-5.103468894958e-3
10,3,0,3,2400,125,-6.872415542603e-5,-2.375125885010e-3
10,3,0,3,2400,126,2.020597457886e-5,-6.461143493652e-5
10,3,0,3,2400,127,-1.192092895508e-6,-2.670288085938e-5
10,3,0,3,2400,128,8.267164230347e-5,-9.219646453857e-4
10,3,0,3,2400,129,8.368492126465e-5,-2.573728561401e-4
10,3,0,3,2400,130,-4.571676254272e-4,7.493495941162e-4
10,3,0,3,2400,131,-1.981854438782e-4,3.210306167603e-4
10,3,0,3,2400,132,-3.234148025513e-4,-1.724481582642e-3
10,3,0,3,2400,133,-1.589059829712e-4,-8.594989776611e-4
10,3,0,3,2400,134,-1.263022422791e-4,3.301620483398e-3
10,3,0,3,2400,135,-3.176927566528e-5,2.433300018311e-3
10,3,0,3,2400,136,5.761981010437e-4,-5.187392234802e-3
10,3,0,3,2400,137,2.929568290710e-4,-2.585768699646e-3
10,3,0,3,2400,138,-1.059174537659e-4,-1.274609565735e-2
10,3,0,3,2400,139,3.153085708618e-5,-6.701707839966e-3
10,3,0,3,2400,140,-7.859468460083e-4,-5.015254020691e-3
10,3,0,3,2400,141,-3.805160522461e-4,-2.127170562744e-3
10,3,0,3,2400,142,8.803606033325e-5,3.726482391357e-4
10,3,0,3,2400,143,5.060434341431e-5,1.962184906006e-4
10,3,0,3,2400,144,1.702904701233e-4,-2.164840698242e-3
10,3,0,3,2400,145,8.654594421387e-5,-1.081228256226e-3
10,3,0,3,2400,146,3.787875175476e-4,-4.396796226501e-3
10,3,0,3,2400,147,2.152919769287e-4,-2.184748649597e-3
10,3,0,3,2400,148,0.000000000000e0,0.000000000000e0
10,3,0,3,2400,149,3.981590270996e-5,7.593631744385e-5
10,3,0,3,2400,150,0.000000000000e0,0.000000000000e0
10,3,0,3,2400,151,2.026557922363e-6,1.597404479980e-5
10,3,0,3,2400,152,0.000000000000e0,0.000000000000e0
10,3,0,3,2400,153,-4.768371582031e-7,6.699562072754e-5
10,3,0,3,2400,154,-7.957220077515e-5,-8.457899093628e-4
10,3,0,3,2400,155,-3.421306610107e-5,-4.037618637085e-4
10,3,0,3,2400,156,-5.459785461426e-5,-4.353523254395e-4
10,3,0,3,2400,157,-2.455711364746e-5,-2.082586288452e-4
10,3,0,3,2400,158,0.000000000000e0,0.000000000000e0
10,3,0,3,2400,159,0.000000000000e0,4.768371582031e-6
10,3,0,3,2400,160,-6.633996963501e-5,-6.055831909180e-5
10,3,0,3,2400,161,-1.133084297180e-4,1.118183135986e-4
10,3,0,3,2400,162,3.504753112793e-5,-4.341602325439e-4
10,3,0,3,2400,163,1.376867294312e-5,3.027915954590e-5
10,3,0,3,2400,164,-4.363059997559e-5,4.645586013794e-4
10,3,0,3,2400,165,-6.675720214844e-5,9.918212890625e-5
10,3,0,3,2400,166,-4.400014877319e-4,4.826784133911e-4
10,3,0,3,2400,167,-2.808570861816e-4,-8.033514022827e-4
10,3,0,3,2400,168,-3.596544265747e-4,-3.117799758911e-3
10,3,0,3,2400,169,1.943111419678e-4,-1.683235168457e-4
11,3,0,3,4200,0,1.296103000641e-4,-1.041889190674e-4
11,3,0,3,4200,1,2.550184726715e-4,-2.112388610840e-4
11,3,0,3,4200,2,-1.603066921234e-4,-6.699562072754e-5
11,3,0,3,4200,3,-3.441870212555e-4,-1.368522644043e-4
11,3,0,3,4200,4,-3.933906555176e-5,-3.015995025635e-4
11,3,0,3,4200,5,-1.693665981293e-4,-6.577968597412e-4
11,3,0,3,4200,6,7.554888725281e-5,1.155853271484e-3
11,3,0,3,4200,7,8.437037467957e-5,2.263545989990e-3
11,3,0,3,4200,8,-2.846419811249e-4,-1.952648162842e-4
11,3,0,3,4200,9,-1.371800899506e-4,-9.322166442871e-5
11,3,0,3,4200,10,1.540184020996e-4,-4.918575286865e-4
11,3,0,3,4200,11,2.472698688507e-4,-1.044988632202e-3
11,3,0,3,4200,12,-6.461143493652e-5,1.838207244873e-4
11,3,0,3,4200,13,-1.398622989655e-4,3.578662872314e-4
11,3,0,3,4200,14,0.000000000000e0,0.000000000000e0
11,3,0,3,4200,15,0.000000000000e0,2.193450927734e-5
11,3,0,3,4200,16,-8.484721183777e-5,-2.710819244385e-4
11,3,0,3,4200,17,-1.502037048340e-5,2.462863922119e-4
11,3,0,3,4200,18,2.375245094299e-5,-4.291534423828e-4
11,3,0,3,4200,19,1.195073127747e-5,-1.850128173828e-4
11,3,0,3,4200,20,7.835030555725e-5,-2.775192260742e-4
11,3,0,3,4200,21,1.752376556396e-5,-2.946853637695e-4
11,3,0,3,4200,22,-1.376569271088e-4,-2.354145050049e-3
11,3,0,3,4200,23,-2.196431159973e-5,-2.083778381348e-4
11,3,0,3,4200,24,-1.435577869415e-4,-9.377002716064e-4
11,3,0,3,4200,25,-6.338953971863e-5,-2.777576446533e-4
11,3,0,3,4200,26,2.581179141998e-4,2.479553222656e-4
11,3,0,3,4200,27,1.296997070312e-4,1.037120819092e-4
11,3,0,3,4200,28,4.816055297852e-5,1.170635223389e-4
11,3,0,3,4200,29,7.715821266174e-5,4.136562347412e-4
11,3,0,3,4200,30,2.380907535553e-4,-2.517223358154e-3
11,3,0,3,4200,31,4.729330539703e-4,-5.038022994995e-3
11,3,0,3,4200,32,8.866190910339e-5,-1.654624938965e-3
11,3,0,3,4200,33,1.293122768402e-4,-2.964735031128e-3
11,3,0,3,4200,34,-1.080036163330e-4,-4.262924194336e-4
11,3,0,3,4200,35,-4.896521568298e-5,-2.083778381348e-4
11,3,0,3,4200,36,-2.592504024506e-4,-2.615451812744e-3
11,3,0,3,4200,37,-6.466209888458e-4,-5.622148513794e-3
11,3,0,3,4200,38,-4.709959030151e-4,-2.126693725586e-2
11,3,0,3,4200,39,-1.773536205292e-4,-1.028347015381e-2
11,3,0,3,4200,40,9.909272193909e-5,-2.592086791992e-3
11,3,0,3,4200,41,-8.597970008850e-5,-5.751371383667e-3
11,3,0,3,4200,42,2.970993518829e-4,-5.238771438599e-3
11,3,0,3,4200,43,3.776252269745e-4,-1.053595542908e-2
11,3,0,3,4200,44,-1.112222671509e-4,-1.502275466919e-3
11,3,0,3,4200,45,-3.113746643066e-4,-2.143621444702e-3
11,3,0,3,4200,46,5.295276641846e-4,-1.937627792358e-3
11,3,0,3,4200,47,2.873241901398e-4,-9.219646453857e-4
11,3,0,3,4200,48,4.038214683533e-5,-1.298904418945e-3
11,3,0,3,4200,49,-1.958012580872e-5,-2.609252929688e-3
11,3,0,3,4200,50,-1.105368137360e-4,-1.308917999268e-4
11,3,0,3,4200,51,-4.491209983826e-5,-6.484985351562e-5
11,3,0,3,4200,52,-7.000565528870e-5,-5.244970321655e-3
11,3,0,3,4200,53,-3.558397293091e-4,-1.026606559753e-2
11,3,0,3,4200,54,-1.567602157593e-4,-5.896806716919e-3
11,3,0,3,4200,55,-3.837347030640e-4,-1.190495491028e-2
11,3,0,3,4200,56,1.728534698486e-5,-2.900362014771e-3
11,3,0,3,4200,57,-2.467632293701e-5,-5.825519561768e-3
11,3,0,3,4200,58,-4.814863204956e-4,5.147695541382e-3
11,3,0,3,4200,59,-2.306997776031e-4,2.582311630249e-3
11,3,0,3,4200,60,4.157423973083e-5,-1.122474670410e-3
11,3,0,3,4200,61,1.758337020874e-6,-2.251386642456e-3
11,3,0,3,4200,62,-1.978874206543e-5,6.556510925293e-5
11,3,0,3,4200,63,-8.901953697205e-5,6.461143493652e-5
11,3,0,3,4200,64,-8.270144462585e-5,-6.649494171143e-4
11,3,0,3,4200,65,-1.667737960815e-4,-1.507043838501e-3
11,3,0,3,4200,66,7.951259613037e-5,-3.554582595825e-3
11,3,0,3,4200,67,8.180737495422e-5,-1.727819442749e-3
11,3,0,3,4200,68,-7.405877113342e-5,-1.232624053955e-4
11,3,0,3,4200,69,-2.208352088928e-5,-3.480911254883e-5
11,3,0,3,4200,70,1.457631587982e-4,3.471374511719e-4
11,3,0,3,4200,71,1.220405101776e-4,-8.511543273926e-4
11,3,0,3,4200,72,2.319514751434e-4,1.604795455933e-3
11,3,0,3,4200,73,2.403259277344e-4,3.311157226562e-3
11,3,0,3,4200,74,1.566708087921e-4,9.486675262451e-4
11,3,0,3,4200,75,8.705258369446e-5,5.083084106445e-4
11,3,0,3,4200,76,1.106560230255e-4,1.964569091797e-4
11,3,0,3,4200,77,1.895427703857e-4,2.439022064209e-4
11,3,0,3,4200,78,1.566112041473e-4,8.106231689453e-5
11,3,0,3,4200,79,2.727508544922e-4,1.766681671143e-4
11,3,0,3,4200,80,8.869171142578e-5,3.429174423218e-3
11,3,0,3,4200,81,1.840889453888e-4,3.502368927002e-4
11,3,0,3,4200,82,1.035630702972e-4,-2.262830734253e-3
11,3,0,3,4200,83,1.882016658783e-4,-4.104375839233e-3
11,3,0,3,4200,84,2.187788486481e-4,-9.415149688721e-4
11,3,0,3,4200,85,1.119375228882e-4,-9.484291076660e-4
11,3,0,3,4200,86,3.854334354401e-4,1.374483108521e-3
11,3,0,3,4200,87,2.124011516571e-4,6.916522979736e-4
11,3,0,3,4200,88,2.500414848328e-5,-1.009464263916e-3
11,3,0,3,4200,89,-1.095235347748e-4,-7.412433624268e-4
11,3,0,3,4200,90,1.022219657898e-5,1.666069030762e-3
11,3,0,3,4200,91,-1.287162303925e-4,1.837491989136e-3
11,3,0,3,4200,92,-1.680850982666e-5,-2.160072326660e-4
11,3,0,3,4200,93,-5.951523780823e-5,-4.487037658691e-4
11,3,0,3,4200,94,-8.392333984375e-5,-3.056526184082e-4
11,3,0,3,4200,95,-3.477931022644e-5,-1.480579376221e-4
11,3,0,3,4200,96,2.349317073822e-4,2.744197845459e-4
11,3,0,3,4200,97,4.842877388000e-5,2.428770065308e-3
11,3,0,3,4200,98,5.555152893066e-5,-5.509853363037e-4
11,3,0,3,4200,99,2.419948577881e-5,-3.225803375244e-4
11,3,0,3,4200,100,2.080500125885e-4,-2.457857131958e-3
11,3,0,3,4200,101,1.300871372223e-4,-1.224040985107e-3
11,3,0,3,4200,102,4.187226295471e-5,-3.695487976074e-5
11,3,0,3,4200,103,8.308887481689e-5,-7.605552673340e-5
11,3,0,3,4200,104,6.970763206482e-5,-7.326602935791e-4
11,3,0,3,4200,105,-6.118416786194e-5,-4.906654357910e-4
11,3,0,3,4200,106,-4.307329654694e-4,-8.113384246826e-4
11,3,0,3,4200,107,-1.962482929230e-4,-4.007816314697e-4
11,3,0,3,4200,108,-3.352761268616e-5,-1.008510589600e-4
11,3,0,3,4200,109,-8.869171142578e-5,-2.033710479736e-4
11,3,0,3,4200,110,-3.076493740082e-4,-6.380796432495e-3
11,3,0,3,4200,111,-5.891919136047e-5,-3.164052963257e-3
11,3,0,3,4200,112,1.500546932220e-4,-7.059574127197e-4
11,3,0,3,4200,113,1.505911350250e-4,1.143693923950e-3
11,3,0,3,4200,114,-6.158351898193e-4,-1.317572593689e-2
11,3,0,3,4200,115,-2.521276473999e-4,-6.325006484985e-3
11,3,0,3,4200,116,-3.703832626343e-4,-1.478910446167e-3
11,3,0,3,4200,117,-1.408159732819e-4,-7.913112640381e-4
11,3,0,3,4200,118,1.981854438782e-5,3.360986709595e-3
11,3,0,3,4200,119,4.386901855469e-5,1.707792282104e-3
11,3,0,3,4200,120,2.850592136383e-4,8.197307586670e-3
11,3,0,3,4200,121,1.943409442902e-4,4.109144210815e-3
11,3,0,3,4200,122,4.079937934875e-5,1.063108444214e-3
11,3,0,3,4200,123,-1.856386661530e-4,1.108884811401e-3
11,3,0,3,4200,124,2.511739730835e-4,7.748603820801e-4
11,3,0,3,4200,125,4.329383373260e-4,1.467227935791e-3
11,3,0,3,4200,126,-2.716481685638e-4,-2.973794937134e-3
11,3,0,3,4200,127,-5.652606487274e-4,-5.088567733765e-3
11,3,0,3,4200,128,-2.014636993408e-5,3.371953964233e-3
11,3,0,3,4200,129,2.720952033997e-5,1.749277114868e-3
11,3,0,3,4200,130,6.639957427979e-5,-1.539993286133e-2
11,3,0,3,4200,131,6.625056266785e-5,-7.589101791382e-3
11,3,0,3,4200,132,-4.117488861084e-4,1.949310302734e-3
11,3,0,3,4200,133,-1.876652240753e-4,1.035928726196e-3
11,3,0,3,4200,134,-3.039836883545e-5,-1.024007797241e-3
11,3,0,3,4200,135,-9.492039680481e-5,-2.107143402100e-3
11,3,0,3,4200,136,3.815889358521e-4,2.703428268433e-3
11,3,0,3,4200,137,2.450048923492e-4,5.337238311768e-3
11,3,0,3,4200,138,-2.178251743317e-4,-3.729343414307e-3
11,3,0,3,4200,139,-7.286667823792e-5,-1.811742782593e-3
11,3,0,3,4200,140,-1.886785030365e-4,-1.716613769531e-4
11,3,0,3,4200,141,-8.437037467957e-5,-5.555152893066e-5
11,3,0,3,4200,142,-3.138184547424e-5,-5.652904510498e-4
11,3,0,3,4200,143,3.367662429810e-6,-2.748966217041e-4
11,3,0,3,4200,144,-2.944469451904e-5,-1.528501510620e-3
11,3,0,3,4200,145,-2.709925174713e-4,-4.557371139526e-3
11,3,0,3,4200,146,1.467764377594e-4,-2.438545227051e-3
11,3,0,3,4200,147,1.090764999390e-4,-1.201868057251e-3
11,3,0,3,4200,148,-1.821517944336e-4,2.860307693481e-3
11,3,0,3,4200,149,-6.771087646484e-5,1.443147659302e-3
11,3,0,3,4200,150,-2.365112304688e-4,9.799003601074e-5
11,3,0,3,4200,151,-8.317828178406e-5,6.461143493652e-5
11,3,0,3,4200,152,5.129873752594e-4,-1.123428344727e-3
11,3,0,3,4200,153,3.618299961090e-4,-5.483627319336e-4
11,3,0,3,4200,154,-1.412928104401e-4,-6.094455718994e-3
11,3,0,3,4200,155,-5.576014518738e-5,-3.048181533813e-3
11,3,0,3,4200,156,3.488361835480e-4,1.937150955200e-3
11,3,0,3,4200,157,1.878738403320e-4,9.818077087402e-4
11,3,0,3,4200,158,-2.784430980682e-4,9.214878082275e-4
11,3,0,3,4200,159,-9.009838104248e-4,1.930952072144e-3
11,3,0,3,4200,160,-7.751584053040e-5,-2.823114395142e-3
11,3,0,3,4200,161,8.222460746765e-5,-4.017353057861e-3
11,3,0,3,4200,162,-1.646280288696e-4,-8.005857467651e-3
11,3,0,3,4200,163,1.087784767151e-5,-3.961324691772e-3
11,3,0,3,4200,164,-3.732144832611e-4,2.751350402832e-4
11,3,0,3,4200,165,-3.404319286346e-4,2.300024032593e-3
11,3,0,3,4200,166,2.061128616333e-4,-6.604194641113e-5
11,3,0,3,4200,167,1.379251480103e-4,2.169609069824e-5
11,3,0,3,4200,168,-5.862712860107e-4,8.681535720825e-3
11,3,0,3,4200,169,1.633465290070e-4,4.490375518799e-3
12,4,0,4,600,0,-5.279183387756e-4,3.677606582642e-5
12,4,0,4,600,1,-2.594590187073e-4,2.050399780273e-5
12,4,0,4,600,2,-5.000829696655e-5,-3.635883331299e-4
12,4,0,4,600,3,5.465745925903e-5,-5.348920822144e-4
12,4,0,4,600,4,4.166960716248e-4,-5.534887313843e-4
12,4,0,4,600,5,7.184147834778e-4,-1.231193542480e-3
12,4,0,4,600,6,7.003545761108e-5,-2.422332763672e-4
12,4,0,4,600,7,1.549720764160e-5,-8.670687675476e-4
12,4,0,4,600,8,9.483098983765e-5,-3.530383110046e-4
12,4,0,4,600,9,-5.888938903809e-5,-2.870559692383e-4
12,4,0,4,600,10,3.795623779297e-4,3.920793533325e-4
12,4,0,4,600,11,1.905560493469e-4,1.964569091797e-4
12,4,0,4,600,12,3.892183303833e-5,-2.562999725342e-6
12,4,0,4,600,13,8.392333984375e-5,1.919269561768e-5
12,4,0,4,600,14,5.096793174744e-4,3.200173377991e-4
12,4,0,4,600,15,2.574324607849e-4,1.702308654785e-4
12,4,0,4,600,16,4.911422729492e-5,2.136826515198e-4
12,4,0,4,600,17,2.622604370117e-5,1.071095466614e-4
12,4,0,4,600,18,-5.322694778442e-5,-3.409385681152e-5
12,4,0,4,600,19,-9.065866470337e-5,-1.072883605957e-4
12,4,0,4,600,20,1.236796379089e-4,1.072883605957e-5
12,4,0,4,600,21,2.776980400085e-4,-1.513957977295e-4
12,4,0,4,600,22,-4.130601882935e-5,6.532669067383e-5
12,4,0,4,600,23,-1.925230026245e-5,2.515316009521e-5
12,4,0,4,600,24,8.034706115723e-5,-4.768371582031e-5
12,4,0,4,600,25,1.084804534912e-4,1.150369644165e-4
12,4,0,4,600,26,-5.108118057251e-5,3.796815872192e-5
12,4,0,4,600,27,-9.393692016602e-5,8.201599121094e-5
12,4,0,4,600,28,-1.889467239380e-5,1.199841499329e-4
12,4,0,4,600,29,-5.179643630981e-5,1.228451728821e-4
12,4,0,4,600,30,5.489587783813e-5,-1.850128173828e-4
12,4,0,4,600,31,-3.263354301453e-4,-5.480647087097e-4
12,4,0,4,600,32,8.296966552734e-5,-1.090764999390e-5
12,4,0,4,600,33,1.123547554016e-4,6.699562072754e-5
12,4,0,4,600,34,-3.423094749451e-4,-8.553266525269e-5
12,4,0,4,600,35,-1.705288887024e-4,-3.290176391602e-5
12,4,0,4,600,36,-2.465248107910e-4,-4.398822784424e-4
12,4,0,4,600,37,-3.753304481506e-4,-6.911754608154e-4
12,4,0,4,600,38,-3.932118415833e-4,-1.428604125977e-3
12,4,0,4,600,39,-1.850724220276e-4,-6.959438323975e-4
12,4,0,4,600,40,-4.901885986328e-4,-1.281499862671e-4
12,4,0,4,600,41,-2.482533454895e-4,-6.151199340820e-5
12,4,0,4,600,42,-1.937150955200e-5,3.814697265625e-5
12,4,0,4,600,43,3.790855407715e-5,2.625584602356e-4
12,4,0,4,600,44,-4.619359970093e-5,-2.140998840332e-4
12,4,0,4,600,45,-2.235174179077e-5,-1.064538955688e-4
12,4,0,4,600,46,1.124739646912e-4,-4.196166992188e-5
12,4,0,4,600,47,2.181529998779e-4,-1.462697982788e-4
12,4,0,4,600,48,1.051425933838e-4,1.809597015381e-4
12,4,0,4,600,49,1.482963562012e-4,2.502202987671e-4
12,4,0,4,600,50,-6.747245788574e-5,3.018975257874e-4
12,4,0,4,600,51,-3.838539123535e-5,1.477003097534e-4
12,4,0,4,600,52,-1.708865165710e-4,-4.370212554932e-4
12,4,0,4,600,53,-8.440017700195e-5,-2.214908599854e-4
12,4,0,4,600,54,-5.078315734863e-5,-1.303553581238e-4
12,4,0,4,600,55,-2.247095108032e-5,-6.663799285889e-5
12,4,0,4,600,56,-2.932548522949e-4,4.844665527344e-4
12,4,0,4,600,57,-1.450181007385e-4,2.399086952209e-4
12,4,0,4,600,58,-3.641843795776e-5,-2.161860466003e-4
12,4,0,4,600,59,1.955032348633e-4,-5.674362182617e-5
12,4,0,4,600,60,-1.409649848938e-4,7.486343383789e-5
12,4,0,4,600,61,-3.723502159119e-4,3.224611282349e-5
12,4,0,4,600,62,4.035830497742e-4,8.030533790588e-4
12,4,0,4,600,63,8.001327514648e-4,1.627266407013e-3
12,4,0,4,600,64,-5.416274070740e-4,5.495548248291e-4
12,4,0,4,600,65,-2.403259277344e-4,2.955198287964e-4
12,4,0,4,600,66,9.953975677490e-4,2.296984195709e-3
12,4,0,4,600,67,5.069375038147e-4,1.170516014099e-3
12,4,0,4,600,68,-5.494952201843e-4,4.361271858215e-4
12,4,0,4,600,69,-6.093382835388e-4,1.104652881622e-3
12,4,0,4,600,70,3.299713134766e-4,-3.790855407715e-4
12,4,0,4,600,71,-2.350211143494e-4,4.565715789795e-5
12,4,0,4,600,72,-6.079673767090e-5,1.633763313293e-4
12,4,0,4,600,73,-9.000301361084e-6,9.751319885254e-5
12,4,0,4,600,74,1.120567321777e-5,-3.053545951843e-4
12,4,0,4,600,75,3.087520599365e-4,3.503561019897e-4
12,4,0,4,600,76,4.863142967224e-4,2.547502517700e-4
12,4,0,4,600,77,2.524852752686e-4,1.317262649536e-4
12,4,0,4,600,78,-1.668930053711e-5,-3.337860107422e-6
12,4,0,4,600,79,-5.722045898438e-6,9.179115295410e-6
12,4,0,4,600,80,2.720355987549e-4,-1.672506332397e-4
12,4,0,4,600,81,1.395344734192e-4,-8.058547973633e-5
12,4,0,4,600,82,1.751780509949e-4,1.325607299805e-4
12,4,0,4,600,83,1.926422119141e-4,1.898407936096e-4
12,4,0,4,600,84,-8.559226989746e-5,-7.718801498413e-5
12,4,0,4,600,85,-5.120038986206e-5,1.553297042847e-4
12,4,0,4,600,86,2.020001411438e-4,2.104043960571e-5
12,4,0,4,600,87,1.769065856934e-4,1.828670501709e-4
12,4,0,4,600,88,-9.393692016602e-5,-2.011060714722e-4
12,4,0,4,600,89,-4.357099533081e-5,-1.020431518555e-4
12,4,0,4,600,90,4.529953002930e-5,2.049207687378e-4
12,4,0,4,600,91,2.282857894897e-5,1.066923141479e-4
12,4,0,4,600,92,2.546310424805e-4,5.300045013428e-4
12,4,0,4,600,93,1.279711723328e-4,2.680420875549e-4
12,4,0,4,600,94,2.071857452393e-4,-7.998943328857e-5
12,4,0,4,600,95,2.309679985046e-4,-5.209445953369e-5
12,4,0,4,600,96,-2.151727676392e-5,-4.438757896423e-4
12,4,0,4,600,97,-1.025199890137e-5,-2.214312553406e-4
12,4,0,4,600,98,1.559853553772e-4,4.335641860962e-4
12,4,0,4,600,99,2.109408378601e-4,4.724264144897e-4
12,4,0,4,600,100,-4.296302795410e-4,-1.602530479431e-3
12,4,0,4,600,101,-1.021027565002e-4,-8.488893508911e-4
12,4,0,4,600,102,-1.578927040100e-4,-5.937814712524e-4
12,4,0,4,600,103,-6.610155105591e-5,-2.937316894531e-4
12,4,0,4,600,104,2.579092979431e-4,2.549290657043e-4
12,4,0,4,600,105,2.346038818359e-4,2.450942993164e-4
12,4,0,4,600,106,-1.608729362488e-4,8.803606033325e-5
12,4,0,4,600,107,-7.843971252441e-5,8.535385131836e-5
12,4,0,4,600,108,-4.115104675293e-4,-1.357674598694e-3
12,4,0,4,600,109,-1.888871192932e-4,-6.651282310486e-4
12,4,0,4,600,110,-5.960464477539e-6,-9.548664093018e-5
12,4,0,4,600,111,2.217292785645e-5,-1.883506774902e-5
12,4,0,4,600,112,3.883838653564e-4,-4.433393478394e-4
12,4,0,4,600,113,6.892085075378e-4,-6.078481674194e-4
12,4,0,4,600,114,3.573298454285e-4,-7.808208465576e-6
12,4,0,4,600,115,4.646778106689e-4,4.273653030396e-5
12,4,0,4,600,116,4.878640174866e-4,3.746151924133e-4
12,4,0,4,600,117,5.564093589783e-4,7.489919662476e-4
12,4,0,4,600,118,-9.554624557495e-5,-1.975297927856e-4
12,4,0,4,600,119,-1.134872436523e-4,-2.940893173218e-4
12,4,0,4,600,120,5.371570587158e-4,8.972287178040e-4
12,4,0,4,600,121,2.825856208801e-4,4.542469978333e-4
12,4,0,4,600,122,-2.419948577881e-4,-7.335543632507e-4
12,4,0,4,600,123,-1.163482666016e-4,-3.650188446045e-4
12,4,0,4,600,124,-2.481937408447e-4,1.339554786682e-3
12,4,0,4,600,125,-1.098513603210e-4,6.852746009827e-4
12,4,0,4,600,126,6.055235862732e-4,-3.523826599121e-4
12,4,0,4,600,127,3.324151039124e-4,-1.615881919861e-4
12,4,0,4,600,128,5.620121955872e-4,6.380081176758e-4
12,4,0,4,600,129,6.263256072998e-4,1.357436180115e-3
12,4,0,4,600,130,5.385279655457e-4,-8.262991905212e-4
12,4,0,4,600,131,2.782344818115e-4,-4.042387008667e-4
12,4,0,4,600,132,9.012222290039e-4,7.107853889465e-4
12,4,0,4,600,133,4.260540008545e-4,5.410909652710e-4
12,4,0,4,600,134,2.141594886780e-4,2.174377441406e-4
12,4,0,4,600,135,1.153349876404e-4,1.221299171448e-4
12,4,0,4,600,136,4.095435142517e-4,8.414983749390e-4
12,4,0,4,600,137,3.781914710999e-4,1.336872577667e-3
12,4,0,4,600,138,4.876255989075e-4,8.773803710938e-5
12,4,0,4,600,139,5.445480346680e-4,1.562237739563e-4
12,4,0,4,600,140,2.498030662537e-4,-3.771781921387e-4
12,4,0,4,600,141,1.195073127747e-4,-1.870989799500e-4
12,4,0,4,600,142,1.013875007629e-4,-3.044009208679e-4
12,4,0,4,600,143,5.000829696655e-5,-1.489520072937e-4
12,4,0,4,600,144,-3.384947776794e-4,-5.249977111816e-4
12,4,0,4,600,145,-1.673698425293e-4,-2.610683441162e-4
12,4,0,4,600,146,2.525448799133e-4,-5.857348442078e-4
12,4,0,4,600,147,1.265406608582e-4,-5.349516868591e-4
12,4,0,4,600,148,-7.145404815674e-4,-6.294250488281e-4
12,4,0,4,600,149,-4.572272300720e-4,-3.589987754822e-4
12,4,0,4,600,150,2.861618995667e-4,-2.770423889160e-4
12,4,0,4,600,151,3.826618194580e-4,-3.004074096680e-4
12,4,0,4,600,152,-2.503395080566e-5,-1.859068870544e-4
12,4,0,4,600,153,-6.723403930664e-5,-2.726912498474e-4
12,4,0,4,600,154,3.941059112549e-4,-3.851652145386e-4
12,4,0,4,600,155,1.986026763916e-4,-1.895427703857e-4
12,4,0,4,600,156,1.043677330017e-4,5.197525024414e-5
12,4,0,4,600,157,2.357959747314e-4,6.642341613770e-4
12,4,0,4,600,158,8.429884910583e-4,-4.625320434570e-4
12,4,0,4,600,159,6.526112556458e-4,-4.049539566040e-4
12,4,0,4,600,160,2.092123031616e-5,-1.059293746948e-3
12,4,0,4,600,161,2.557039260864e-5,-5.081892013550e-4
12,4,0,4,600,162,1.983642578125e-4,9.965896606445e-5
12,4,0,4,600,163,2.782344818115e-4,2.877712249756e-4
12,4,0,4,600,164,2.753138542175e-4,7.945299148560e-4
12,4,0,4,600,165,1.599192619324e-4,4.039406776428e-4
12,4,0,4,600,166,-1.763701438904e-4,-7.540583610535e-4
12,4,0,4,600,167,-2.946257591248e-4,-1.878738403320e-4
12,4,0,4,600,168,-2.394318580627e-4,5.331039428711e-4
12,4,0,4,600,169,-2.521276473999e-5,8.339881896973e-4
13,4,0,4,2400,0,-9.865164756775e-4,1.309514045715e-3
13,4,0,4,2400,1,-4.222393035889e-4,6.916522979736e-4
13,4,0,4,2400,2,-8.158087730408e-4,9.578466415405e-4
13,4,0,4,2400,3,-2.901554107666e-4,1.213073730469e-3
13,4,0,4,2400,4,6.606578826904e-4,-1.323223114014e-3
13,4,0,4,2400,5,4.212260246277e-4,-1.349687576294e-3
13,4,0,4,2400,6,-6.110668182373e-4,-4.782676696777e-4
13,4,0,4,2400,7,-1.305341720581e-4,-1.945495605469e-4
13,4,0,4,2400,8,-9.138286113739e-4,3.005743026733e-3
13,4,0,4,2400,9,-4.119575023651e-4,1.544952392578e-3
13,4,0,4,2400,10,-1.871585845947e-5,6.828308105469e-4
13,4,0,4,2400,11,-1.610219478607e-4,-5.836486816406e-4
13,4,0,4,2400,12,-1.820921897888e-5,2.797126770020e-3
13,4,0,4,2400,13,-8.881092071533e-5,2.078533172607e-3
13,4,0,4,2400,14,-3.779828548431e-4,1.487255096436e-3
13,4,0,4,2400,15,-2.239942550659e-4,7.696151733398e-4
13,4,0,4,2400,16,2.465844154358e-4,-2.382278442383e-3
13,4,0,4,2400,17,5.838871002197e-4,-3.403067588806e-3
13,4,0,4,2400,18,5.629658699036e-4,-3.153443336487e-3
13,4,0,4,2400,19,3.137588500977e-4,-1.578330993652e-3
13,4,0,4,2400,20,4.342198371887e-5,6.370544433594e-4
13,4,0,4,2400,21,-3.129839897156e-4,-9.120702743530e-4
13,4,0,4,2400,22,2.719163894653e-4,-5.880713462830e-3
13,4,0,4,2400,23,4.905462265015e-5,-3.392338752747e-3
13,4,0,4,2400,24,2.259016036987e-5,6.136894226074e-4
13,4,0,4,2400,25,-7.957220077515e-6,-4.291534423828e-5
13,4,0,4,2400,26,-2.235174179077e-6,6.728172302246e-4
13,4,0,4,2400,27,1.782178878784e-5,3.591775894165e-4
13,4,0,4,2400,28,3.922283649445e-4,-1.108288764954e-3
13,4,0,4,2400,29,2.237856388092e-4,-5.276203155518e-4
13,4,0,4,2400,30,-2.408623695374e-4,2.383232116699e-3
13,4,0,4,2400,31,-1.033246517181e-4,1.201629638672e-3
13,4,0,4,2400,32,2.153217792511e-4,-5.944013595581e-3
13,4,0,4,2400,33,1.399815082550e-4,-2.928733825684e-3
13,4,0,4,2400,34,8.418560028076e-4,2.713680267334e-3
13,4,0,4,2400,35,6.827414035797e-4,3.629326820374e-3
13,4,0,4,2400,36,-6.018280982971e-4,2.636671066284e-3
13,4,0,4,2400,37,-2.781152725220e-4,1.353383064270e-3
13,4,0,4,2400,38,1.221895217896e-4,-2.246260643005e-3
13,4,0,4,2400,39,1.814365386963e-4,-1.781225204468e-3
13,4,0,4,2400,40,-3.910660743713e-4,6.217956542969e-4
13,4,0,4,2400,41,-8.398294448853e-5,3.305673599243e-4
13,4,0,4,2400,42,-8.973479270935e-5,2.771615982056e-4
13,4,0,4,2400,43,-2.104043960571e-5,-2.279281616211e-4
13,4,0,4,2400,44,-3.600120544434e-5,-4.354238510132e-3
13,4,0,4,2400,45,5.871057510376e-6,-2.153635025024e-3
13,4,0,4,2400,46,-6.103515625000e-5,-2.849102020264e-5
13,4,0,4,2400,47,-5.483627319336e-5,1.055717468262e-3
13,4,0,4,2400,48,-3.800988197327e-4,1.062393188477e-3
13,4,0,4,2400,49,-1.152455806732e-4,3.485679626465e-4
13,4,0,4,2400,50,-3.153681755066e-4,-1.232504844666e-3
13,4,0,4,2400,51,-2.858042716980e-5,-5.867481231689e-4
13,4,0,4,2400,52,-9.348392486572e-4,8.533000946045e-4
13,4,0,4,2400,53,-4.493594169617e-4,4.872083663940e-4
13,4,0,4,2400,54,-3.016591072083e-4,1.569986343384e-4
13,4,0,4,2400,55,-3.587901592255e-4,2.583265304565e-4
13,4,0,4,2400,56,3.749132156372e-5,-3.862380981445e-4
13,4,0,4,2400,57,2.270936965942e-5,-1.916885375977e-4
13,4,0,4,2400,58,1.786947250366e-4,1.087188720703e-4
13,4,0,4,2400,59,9.405612945557e-5,5.769729614258e-5
13,4,0,4,2400,60,-4.815459251404e-4,-3.203988075256e-3
13,4,0,4,2400,61,-2.313554286957e-4,-1.582264900208e-3
13,4,0,4,2400,62,5.272030830383e-5,9.775161743164e-6
13,4,0,4,2400,63,-5.990266799927e-5,7.259845733643e-5
13,4,0,4,2400,64,-1.076161861420e-4,5.621910095215e-4
13,4,0,4,2400,65,-5.549192428589e-5,2.843141555786e-4
13,4,0,4,2400,66,-6.140172481537e-4,-6.778240203857e-4
13,4,0,4,2400,67,-2.617239952087e-4,-3.207921981812e-4
13,4,0,4,2400,68,-2.216696739197e-4,3.499984741211e-4
13,4,0,4,2400,69,-4.619061946869e-4,9.452104568481e-4
13,4,0,4,2400,70,-6.875395774841e-5,1.946687698364e-4
13,4,0,4,2400,71,1.395344734192e-4,1.304745674133e-3
13,4,0,4,2400,72,-3.099441528320e-6,-1.225471496582e-4
13,4,0,4,2400,73,-2.922713756561e-4,-8.773803710938e-4
13,4,0,4,2400,74,3.316998481750e-5,-2.217292785645e-5
13,4,0,4,2400,75,-1.436471939087e-5,-9.608268737793e-4
13,4,0,4,2400,76,2.408027648926e-5,7.188320159912e-4
13,4,0,4,2400,77,2.479553222656e-5,1.413583755493e-3
13,4,0,4,2400,78,-7.688999176025e-6,1.900196075439e-4
13,4,0,4,2400,79,1.035034656525e-4,-2.678632736206e-4
13,4,0,4,2400,80,3.886222839355e-5,1.519918441772e-4
13,4,0,4,2400,81,1.016259193420e-4,-1.122951507568e-3
13,4,0,4,2400,82,-9.226799011230e-5,-2.946853637695e-4
13,4,0,4,2400,83,-3.852844238281e-4,-2.639293670654e-4
13,4,0,4,2400,84,4.768371582031e-6,9.965896606445e-5
13,4,0,4,2400,85,4.887580871582e-6,8.702278137207e-5
13,4,0,4,2400,86,3.874897956848e-4,-5.395174026489e-3
13,4,0,4,2400,87,2.669394016266e-4,-2.667784690857e-3
13,4,0,4,2400,88,-2.561509609222e-4,1.467704772949e-3
13,4,0,4,2400,89,-1.071691513062e-4,9.474754333496e-4
13,4,0,4,2400,90,1.032352447510e-4,1.395463943481e-3
13,4,0,4,2400,91,1.159012317657e-4,5.590915679932e-4
13,4,0,4,2400,92,-4.662871360779e-4,-2.700924873352e-3
13,4,0,4,2400,93,-1.940727233887e-4,-1.301407814026e-3
13,4,0,4,2400,94,3.375411033630e-4,3.775715827942e-3
13,4,0,4,2400,95,1.927912235260e-4,1.926183700562e-3
13,4,0,4,2400,96,-7.023513317108e-4,1.911640167236e-3
13,4,0,4,2400,97,-3.802180290222e-4,7.901191711426e-4
13,4,0,4,2400,98,-9.827315807343e-4,5.450248718262e-4
13,4,0,4,2400,99,-6.243884563446e-4,8.376836776733e-4
13,4,0,4,2400,100,-3.876090049744e-4,-7.784366607666e-4
13,4,0,4,2400,101,-4.476308822632e-5,-5.303621292114e-4
13,4,0,4,2400,102,-2.335906028748e-4,-2.232313156128e-3
13,4,0,4,2400,103,-1.096129417419e-4,-1.087427139282e-3
13,4,0,4,2400,104,-3.060698509216e-5,4.708766937256e-4
13,4,0,4,2400,105,-6.496310234070e-4,6.134510040283e-4
13,4,0,4,2400,106,8.816719055176e-4,-1.843690872192e-3
13,4,0,4,2400,107,4.501640796661e-4,-9.319782257080e-4
13,4,0,4,2400,108,-1.704394817352e-4,-4.621744155884e-4
13,4,0,4,2400,109,-2.390742301941e-4,3.254413604736e-4
13,4,0,4,2400,110,-6.770491600037e-4,-1.249313354492e-3
13,4,0,4,2400,111,-9.364485740662e-4,-8.467435836792e-4
13,4,0,4,2400,112,1.907944679260e-4,1.985073089600e-3
13,4,0,4,2400,113,2.167224884033e-4,1.847863197327e-3
13,4,0,4,2400,114,-3.387331962585e-4,6.210803985596e-5
13,4,0,4,2400,115,-2.505183219910e-4,-2.124190330505e-3
13,4,0,4,2400,116,-8.714199066162e-4,2.442598342896e-4
13,4,0,4,2400,117,-3.910958766937e-4,1.699924468994e-4
13,4,0,4,2400,118,-3.480613231659e-4,7.103681564331e-4
13,4,0,4,2400,119,-2.065300941467e-4,3.495216369629e-4
13,4,0,4,2400,120,-2.145767211914e-4,1.242160797119e-4
13,4,0,4,2400,121,-3.352165222168e-4,1.595258712769e-3
13,4,0,4,2400,122,-3.938376903534e-4,6.482601165771e-4
13,4,0,4,2400,123,-4.482269287109e-5,3.898143768311e-4
13,4,0,4,2400,124,-6.151199340820e-5,3.265142440796e-4
13,4,0,4,2400,125,2.645552158356e-4,1.000165939331e-4
13,4,0,4,2400,126,-4.677176475525e-4,8.352994918823e-4
13,4,0,4,2400,127,-1.137256622314e-4,1.630783081055e-4
13,4,0,4,2400,128,-5.125999450684e-4,-1.987814903259e-3
13,4,0,4,2400,129,-2.237260341644e-4,-9.622573852539e-4
13,4,0,4,2400,130,-1.665353775024e-4,1.966953277588e-5
13,4,0,4,2400,131,-7.650256156921e-5,2.634525299072e-5
13,4,0,4,2400,132,2.151727676392e-5,-3.250837326050e-4
13,4,0,4,2400,133,-1.907348632812e-6,-1.275539398193e-4
13,4,0,4,2400,134,1.683831214905e-5,-6.556510925293e-5
13,4,0,4,2400,135,-2.440810203552e-5,-1.692771911621e-5
13,4,0,4,2400,136,-1.636147499084e-4,1.454353332520e-5
13,4,0,4,2400,137,-8.058547973633e-5,7.867813110352e-6
13,4,0,4,2400,138,1.052021980286e-5,-6.065368652344e-4
13,4,0,4,2400,139,3.856420516968e-5,-2.378225326538e-4
13,4,0,4,2400,140,7.748603820801e-5,-3.082752227783e-4
13,4,0,4,2400,141,1.248717308044e-4,-4.353523254395e-4
13,4,0,4,2400,142,-1.359879970551e-4,1.773834228516e-4
13,4,0,4,2400,143,-1.150071620941e-4,3.647804260254e-5
13,4,0,4,2400,144,1.731514930725e-5,-6.062984466553e-4
13,4,0,4,2400,145,5.006790161133e-6,-2.474784851074e-4
13,4,0,4,2400,146,1.125335693359e-4,-3.743171691895e-5
13,4,0,4,2400,147,1.203119754791e-4,-5.477666854858e-4
13,4,0,4,2400,148,-2.934336662292e-4,-9.992122650146e-4
13,4,0,4,2400,149,-9.846687316895e-5,-4.249811172485e-4
13,4,0,4,2400,150,8.383393287659e-5,1.029729843140e-3
13,4,0,4,2400,151,4.631280899048e-5,5.211830139160e-4
13,4,0,4,2400,152,-3.298223018646e-4,1.036643981934e-3
13,4,0,4,2400,153,-2.422332763672e-4,5.435943603516e-4
13,4,0,4,2400,154,-5.410313606262e-4,-6.544589996338e-4
13,4,0,4,2400,155,-2.494752407074e-4,-3.333091735840e-4
13,4,0,4,2400,156,-1.200139522552e-4,2.050399780273e-5
13,4,0,4,2400,157,-3.117322921753e-5,1.168251037598e-4
13,4,0,4,2400,158,5.006790161133e-6,-1.788139343262e-6
13,4,0,4,2400,159,3.518164157867e-4,3.660917282104e-4
13,4,0,4,2400,160,1.671314239502e-4,-2.287983894348e-3
13,4,0,4,2400,161,1.350939273834e-4,-1.168727874756e-3
13,4,0,4,2400,162,8.514523506165e-5,1.068949699402e-3
13,4,0,4,2400,163,7.596611976624e-5,2.651214599609e-4
13,4,0,4,2400,164,-9.715557098389e-6,-3.762245178223e-4
13,4,0,4,2400,165,-3.099441528320e-6,-1.333951950073e-4
13,4,0,4,2400,166,6.151199340820e-5,-2.694129943848e-5
13,4,0,4,2400,167,3.102421760559e-5,-1.323223114014e-5
13,4,0,4,2400,168,2.735853195190e-5,-4.258155822754e-4
13,4,0,4,2400,169,-5.483627319336e-6,-7.299184799194e-4
14,4,0,4,4200,0,-1.996755599976e-6,3.271102905273e-4
14,4,0,4,4200,1,-2.890825271606e-6,6.475448608398e-4
14,4,0,4,4200,2,2.680718898773e-5,4.144906997681e-4
14,4,0,4,4200,3,2.112984657288e-5,4.018545150757e-4
14,4,0,4,4200,4,2.488493919373e-6,3.480911254883e-4
14,4,0,4,4200,5,-1.150369644165e-5,3.666877746582e-4
14,4,0,4,4200,6,2.686679363251e-5,-6.672143936157e-4
14,4,0,4,4200,7,5.653500556946e-5,-1.389026641846e-3
14,4,0,4,4200,8,8.101761341095e-5,-1.567602157593e-4
14,4,0,4,4200,9,3.850460052490e-5,-8.535385131836e-5
14,4,0,4,4200,10,1.615285873413e-5,2.936124801636e-4
14,4,0,4,4200,11,-2.285838127136e-5,8.249282836914e-5
14,4,0,4,4200,12,2.048909664154e-5,7.094144821167e-4
14,4,0,4,4200,13,4.419684410095e-5,-1.865625381470e-4
14,4,0,4,4200,14,-1.798570156097e-5,1.983284950256e-3
14,4,0,4,4200,15,1.066923141479e-5,1.021981239319e-3
14,4,0,4,4200,16,-8.299946784973e-5,3.324031829834e-3
14,4,0,4,4200,17,-3.795325756073e-5,1.667141914368e-3
14,4,0,4,4200,18,2.729147672653e-4,1.720905303955e-3
14,4,0,4,4200,19,1.408457756042e-4,8.640289306641e-4
14,4,0,4,4200,20,2.992153167725e-5,1.477003097534e-4
14,4,0,4,4200,21,3.042817115784e-5,2.232789993286e-4
14,4,0,4,4200,22,7.154047489166e-5,-1.927852630615e-3
14,4,0,4,4200,23,5.535781383514e-5,-9.845495223999e-4
14,4,0,4,4200,24,-5.662441253662e-7,-1.913547515869e-3
14,4,0,4,4200,25,6.049871444702e-6,-9.392499923706e-4
14,4,0,4,4200,26,4.601478576660e-5,-1.121520996094e-3
14,4,0,4,4200,27,4.741549491882e-5,-2.090930938721e-3
14,4,0,4,4200,28,7.444620132446e-5,-8.870363235474e-4
14,4,0,4,4200,29,6.587803363800e-5,-1.893401145935e-3
14,4,0,4,4200,30,9.357929229736e-5,1.264452934265e-3
14,4,0,4,4200,31,1.387894153595e-4,1.309037208557e-3
14,4,0,4,4200,32,2.154707908630e-5,2.997756004333e-3
14,4,0,4,4200,33,9.730458259583e-6,2.123475074768e-3
14,4,0,4,4200,34,-2.719610929489e-4,2.034306526184e-3
14,4,0,4,4200,35,-1.305341720581e-4,1.029968261719e-3
14,4,0,4,4200,36,-1.835823059082e-5,-6.246566772461e-5
14,4,0,4,4200,37,5.784630775452e-5,1.498460769653e-4
14,4,0,4,4200,38,-8.285045623779e-6,3.339767456055e-3
14,4,0,4,4200,39,5.409121513367e-6,1.680850982666e-3
14,4,0,4,4200,40,1.075416803360e-4,-2.855062484741e-4
14,4,0,4,4200,41,1.060664653778e-4,3.147125244141e-4
14,4,0,4,4200,42,2.787560224533e-4,1.249194145203e-3
14,4,0,4,4200,43,1.578032970428e-4,7.228851318359e-4
14,4,0,4,4200,44,4.926323890686e-5,5.746841430664e-3
14,4,0,4,4200,45,3.813207149506e-5,2.314567565918e-3
14,4,0,4,4200,46,1.200139522552e-4,8.536338806152e-3
14,4,0,4,4200,47,2.090483903885e-4,4.319787025452e-3
14,4,0,4,4200,48,1.634061336517e-4,2.164959907532e-3
14,4,0,4,4200,49,1.720786094666e-4,3.474831581116e-3
14,4,0,4,4200,50,4.315227270126e-4,-2.336859703064e-3
14,4,0,4,4200,51,2.483874559402e-4,-1.106619834900e-3
14,4,0,4,4200,52,7.522106170654e-5,4.185199737549e-3
14,4,0,4,4200,53,3.206729888916e-5,2.129435539246e-3
14,4,0,4,4200,54,2.057552337646e-4,1.360416412354e-3
14,4,0,4,4200,55,2.649128437042e-4,9.967088699341e-4
14,4,0,4,4200,56,3.962516784668e-4,-2.411603927612e-4
14,4,0,4,4200,57,6.223917007446e-4,-1.472115516663e-3
14,4,0,4,4200,58,-4.245787858963e-4,2.698063850403e-3
14,4,0,4,4200,59,-8.099377155304e-4,3.239989280701e-3
14,4,0,4,4200,60,2.699494361877e-4,3.237128257751e-3
14,4,0,4,4200,61,2.114325761795e-4,1.697540283203e-3
14,4,0,4,4200,62,-4.602968692780e-4,-5.672931671143e-3
14,4,0,4,4200,63,-6.030201911926e-4,-6.380677223206e-3
14,4,0,4,4200,64,2.094209194183e-4,4.871368408203e-3
14,4,0,4,4200,65,3.008097410202e-4,8.679866790771e-3
14,4,0,4,4200,66,2.406537532806e-5,1.159071922302e-3
14,4,0,4,4200,67,3.316998481750e-5,6.023645401001e-4
14,4,0,4,4200,68,2.959817647934e-4,-5.604028701782e-4
14,4,0,4,4200,69,1.645535230637e-4,-2.471208572388e-4
14,4,0,4,4200,70,2.938359975815e-4,2.774238586426e-3
14,4,0,4,4200,71,5.144029855728e-4,4.278659820557e-3
14,4,0,4,4200,72,-8.925795555115e-6,1.185536384583e-3
14,4,0,4,4200,73,-8.298456668854e-5,2.499699592590e-3
14,4,0,4,4200,74,1.739412546158e-4,-8.283853530884e-4
14,4,0,4,4200,75,1.689493656158e-4,-3.156661987305e-4
14,4,0,4,4200,76,-2.273321151733e-4,2.774238586426e-3
14,4,0,4,4200,77,-5.037188529968e-4,4.034876823425e-3
14,4,0,4,4200,78,-2.571046352386e-4,1.142024993896e-3
14,4,0,4,4200,79,-8.175969123840e-4,6.283521652222e-4
14,4,0,4,4200,80,9.861588478088e-5,1.244902610779e-3
14,4,0,4,4200,81,1.765489578247e-4,1.798748970032e-3
14,4,0,4,4200,82,-7.037818431854e-5,4.977107048035e-3
14,4,0,4,4200,83,3.126263618469e-5,8.947491645813e-3
14,4,0,4,4200,84,8.367002010345e-5,-3.794431686401e-4
14,4,0,4,4200,85,2.051293849945e-4,-9.140968322754e-4
14,4,0,4,4200,86,-2.471804618835e-4,-7.076263427734e-4
14,4,0,4,4200,87,-1.080930233002e-4,-3.353357315063e-4
14,4,0,4,4200,88,3.628432750702e-5,2.037644386292e-3
14,4,0,4,4200,89,2.412348985672e-4,3.065228462219e-3
14,4,0,4,4200,90,-4.751533269882e-4,4.342198371887e-3
14,4,0,4,4200,91,-5.247145891190e-4,7.180571556091e-3
14,4,0,4,4200,92,-1.583844423294e-4,2.102851867676e-4
14,4,0,4,4200,93,-2.514868974686e-4,6.213188171387e-4
14,4,0,4,4200,94,2.920031547546e-4,-8.674860000610e-4
14,4,0,4,4200,95,1.563131809235e-4,-4.149675369263e-4
14,4,0,4,4200,96,-1.784265041351e-4,-2.455830574036e-3
14,4,0,4,4200,97,-7.815659046173e-5,-1.225590705872e-3
14,4,0,4,4200,98,-3.683418035507e-4,-4.130363464355e-3
14,4,0,4,4200,99,-1.705288887024e-4,-2.038002014160e-3
14,4,0,4,4200,100,1.758337020874e-5,1.952290534973e-3
14,4,0,4,4200,101,2.363324165344e-5,9.237527847290e-4
14,4,0,4,4200,102,7.164478302002e-5,-7.934570312500e-4
14,4,0,4,4200,103,1.423060894012e-4,-2.394199371338e-3
14,4,0,4,4200,104,-3.044009208679e-4,3.889799118042e-4
14,4,0,4,4200,105,-4.315972328186e-4,-5.149841308594e-5
14,4,0,4,4200,106,-3.090798854828e-4,-9.548664093018e-5
14,4,0,4,4200,107,-1.368820667267e-4,-2.562999725342e-5
14,4,0,4,4200,108,2.613812685013e-4,-2.303481101990e-3
14,4,0,4,4200,109,1.322627067566e-4,-3.060936927795e-3
14,4,0,4,4200,110,2.953410148621e-5,-1.262307167053e-3
14,4,0,4,4200,111,1.922249794006e-5,-6.295442581177e-4
14,4,0,4,4200,112,-4.261732101440e-6,1.939177513123e-3
14,4,0,4,4200,113,1.332759857178e-4,2.085089683533e-3
14,4,0,4,4200,114,1.646131277084e-4,-4.538655281067e-3
14,4,0,4,4200,115,8.732080459595e-5,-2.260088920593e-3
14,4,0,4,4200,116,1.037418842316e-4,-1.436710357666e-3
14,4,0,4,4200,117,5.885958671570e-5,-7.189512252808e-4
14,4,0,4,4200,118,8.910894393921e-5,1.196742057800e-3
14,4,0,4,4200,119,4.532933235168e-5,5.992650985718e-4
14,4,0,4,4200,120,1.632273197174e-4,-6.517171859741e-4
14,4,0,4,4200,121,9.301304817200e-5,-3.323554992676e-4
14,4,0,4,4200,122,-3.920197486877e-4,3.284335136414e-3
14,4,0,4,4200,123,-1.735687255859e-4,8.678436279297e-4
14,4,0,4,4200,124,3.558546304703e-4,3.405928611755e-3
14,4,0,4,4200,125,2.782940864563e-4,1.035094261169e-3
14,4,0,4,4200,126,2.593398094177e-4,5.394220352173e-4
14,4,0,4,4200,127,1.259297132492e-4,-1.051425933838e-3
14,4,0,4,4200,128,3.184378147125e-4,1.975893974304e-3
14,4,0,4,4200,129,1.832097768784e-4,7.945299148560e-4
14,4,0,4,4200,130,2.294480800629e-4,1.956939697266e-3
14,4,0,4,4200,131,1.356303691864e-4,1.019954681396e-3
14,4,0,4,4200,132,2.730041742325e-4,-2.557039260864e-4
14,4,0,4,4200,133,1.558959484100e-4,-1.078844070435e-4
14,4,0,4,4200,134,1.484453678131e-4,1.321434974670e-3
14,4,0,4,4200,135,2.722740173340e-4,2.525925636292e-3
14,4,0,4,4200,136,1.264065504074e-4,-1.501679420471e-3
14,4,0,4,4200,137,2.242624759674e-4,-2.601504325867e-3
14,4,0,4,4200,138,1.356601715088e-4,-3.380894660950e-3
14,4,0,4,4200,139,9.541213512421e-5,-1.655459403992e-3
14,4,0,4,4200,140,4.702955484390e-4,2.697348594666e-3
14,4,0,4,4200,141,2.568066120148e-4,1.389861106873e-3
14,4,0,4,4200,142,-3.124922513962e-4,9.483695030212e-3
14,4,0,4,4200,143,-1.014471054077e-4,4.826664924622e-3
14,4,0,4,4200,144,-2.839565277100e-4,7.514357566833e-3
14,4,0,4,4200,145,-4.001855850220e-4,1.579058170319e-2
14,4,0,4,4200,146,-9.688735008240e-5,4.067540168762e-3
14,4,0,4,4200,147,-3.431737422943e-5,1.732230186462e-3
14,4,0,4,4200,148,1.315623521805e-4,-1.269340515137e-3
14,4,0,4,4200,149,-8.603930473328e-5,2.757430076599e-3
14,4,0,4,4200,150,-2.569556236267e-4,-6.175875663757e-3
14,4,0,4,4200,151,-9.216368198395e-5,-3.132462501526e-3
14,4,0,4,4200,152,-3.886222839355e-5,-2.187132835388e-3
14,4,0,4,4200,153,2.172589302063e-5,-1.018166542053e-3
14,4,0,4,4200,154,-2.651214599609e-4,-7.180809974670e-3
14,4,0,4,4200,155,-2.709031105042e-5,-3.560423851013e-3
14,4,0,4,4200,156,6.406158208847e-4,2.422332763672e-4
14,4,0,4,4200,157,3.419071435928e-4,1.972913742065e-4
14,4,0,4,4200,158,-2.710521221161e-5,-6.728649139404e-3
14,4,0,4,4200,159,-1.680850982666e-5,-7.934212684631e-3
14,4,0,4,4200,160,-4.152059555054e-4,3.643035888672e-3
14,4,0,4,4200,161,-3.859996795654e-4,8.751749992371e-3
14,4,0,4,4200,162,6.135106086731e-4,9.685754776001e-4
14,4,0,4,4200,163,3.471672534943e-4,5.736351013184e-4
14,4,0,4,4200,164,-1.738071441650e-4,-3.921985626221e-5
14,4,0,4,4200,165,-3.514289855957e-4,1.183032989502e-3
14,4,0,4,4200,166,-4.285573959351e-5,5.486369132996e-3
14,4,0,4,4200,167,-8.150935173035e-6,2.802848815918e-3
14,4,0,4,4200,168,-1.088380813599e-4,7.438182830811e-3
14,4,0,4,4200,169,2.832710742950e-5,3.643512725830e-3
15,5,1,0,600,0,4.357099533081e-5,-8.964538574219e-5
15,5,1,0,600,1,2.163648605347e-5,-3.468990325928e-5
15,5,1,0,600,2,3.975629806519e-5,1.026391983032e-4
15,5,1,0,600,3,3.319978713989e-5,2.529621124268e-4
15,5,1,0,600,4,2.926588058472e-5,-3.218650817871e-6
15,5,1,0,600,5,4.112720489502e-6,5.686283111572e-5
15,5,1,0,600,6,1.301765441895e-4,1.108646392822e-4
15,5,1,0,600,7,1.597404479980e-4,1.995563507080e-4
15,5,1,0,600,8,1.984834671021e-5,1.201629638672e-4
15,5,1,0,600,9,5.561113357544e-5,1.728534698486e-4
15,5,1,0,600,10,1.935958862305e-4,1.245737075806e-4
15,5,1,0,600,11,1.025199890137e-4,6.449222564697e-5
15,5,1,0,600,12,7.516145706177e-5,-2.384185791016e-4
15,5,1,0,600,13,7.772445678711e-5,-3.783702850342e-4
15,5,1,0,600,14,6.580352783203e-5,8.702278137207e-6
15,5,1,0,600,15,3.308057785034e-5,3.576278686523e-6
15,5,1,0,600,16,7.277727127075e-5,5.912780761719e-5
15,5,1,0,600,17,4.893541336060e-5,5.495548248291e-5
15,5,1,0,600,18,-2.980232238770e-7,-2.040863037109e-4
15,5,1,0,600,19,3.528594970703e-5,-1.415014266968e-4
15,5,1,0,600,20,-1.195073127747e-4,-2.468824386597e-4
15,5,1,0,600,21,-5.245208740234e-5,-1.676082611084e-4
15,5,1,0,600,22,-2.043843269348e-4,-3.681182861328e-4
15,5,1,0,600,23,-1.017451286316e-4,-1.829862594604e-4
15,5,1,0,600,24,-1.162290573120e-5,-1.740455627441e-4
15,5,1,0,600,25,-5.006790161133e-5,-1.519918441772e-4
15,5,1,0,600,26,1.117587089539e-4,-1.535415649414e-4
15,5,1,0,600,27,4.482269287109e-5,-1.361370086670e-4
15,5,1,0,600,28,6.836056709290e-4,3.065347671509e-3
15,5,1,0,600,29,1.002788543701e-3,6.045103073120e-3
15,5,1,0,600,30,9.328126907349e-5,2.056360244751e-4
15,5,1,0,600,31,6.556510925293e-7,3.647804260254e-4
15,5,1,0,600,32,3.975629806519e-5,9.632110595703e-5
15,5,1,0,600,33,5.549192428589e-5,5.269050598145e-5
15,5,1,0,600,34,8.583068847656e-5,1.754760742188e-4
15,5,1,0,600,35,4.339218139648e-5,9.536743164062e-5
15,5,1,0,600,36,4.291534423828e-5,2.937316894531e-4
15,5,1,0,600,37,9.280443191528e-5,7.255077362061e-4
15,5,1,0,600,38,1.087188720703e-4,5.362033843994e-4
15,5,1,0,600,39,6.532669067383e-5,2.685785293579e-4
15,5,1,0,600,40,4.625320434570e-5,4.196166992188e-5
15,5,1,0,600,41,3.594160079956e-5,1.740455627441e-5
15,5,1,0,600,42,3.013610839844e-4,-5.280971527100e-5
15,5,1,0,600,43,2.589225769043e-4,-5.507469177246e-5
15,5,1,0,600,44,-8.195638656616e-5,3.972053527832e-4
15,5,1,0,600,45,-1.287460327148e-5,2.161264419556e-4
15,5,1,0,600,46,1.530647277832e-4,-2.262830734253e-3
15,5,1,0,600,47,2.410411834717e-4,-4.576086997986e-3
15,5,1,0,600,48,-1.361966133118e-4,7.343292236328e-5
15,5,1,0,600,49,-2.580285072327e-4,1.475811004639e-4
15,5,1,0,600,50,-6.182193756104e-4,5.786061286926e-3
15,5,1,0,600,51,-2.927780151367e-4,2.915024757385e-3
15,5,1,0,600,52,-5.595684051514e-4,-8.457899093628e-4
15,5,1,0,600,53,-2.607703208923e-4,-4.091262817383e-4
15,5,1,0,600,54,3.767013549805e-4,-1.773595809937e-3
15,5,1,0,600,55,2.200603485107e-4,-8.653402328491e-4
15,5,1,0,600,56,-5.638003349304e-4,-4.899501800537e-4
15,5,1,0,600,57,-2.534389495850e-4,-2.231597900391e-4
15,5,1,0,600,58,6.847977638245e-4,2.298951148987e-3
15,5,1,0,600,59,1.232624053955e-3,4.602909088135e-3
15,5,1,0,600,60,3.862380981445e-5,1.842975616455e-4
15,5,1,0,600,61,-7.629394531250e-6,4.216432571411e-4
15,5,1,0,600,62,-2.604722976685e-5,-1.244544982910e-4
15,5,1,0,600,63,-5.900859832764e-6,-2.336502075195e-4
15,5,1,0,600,64,-1.305341720581e-5,-1.496076583862e-4
15,5,1,0,600,65,4.589557647705e-6,-8.285045623779e-5
15,5,1,0,600,66,1.602172851562e-4,-6.465911865234e-4
15,5,1,0,600,67,8.422136306763e-5,-3.203153610229e-4
15,5,1,0,600,68,-3.093481063843e-5,1.431703567505e-4
15,5,1,0,600,69,-8.034706115723e-5,2.188682556152e-4
15,5,1,0,600,70,5.316734313965e-5,1.765489578247e-4
15,5,1,0,600,71,2.735853195190e-5,1.955032348633e-4
15,5,1,0,600,72,1.058578491211e-4,5.400180816650e-5
15,5,1,0,600,73,6.788969039917e-5,1.013278961182e-5
15,5,1,0,600,74,-1.221895217896e-5,-9.536743164062e-7
15,5,1,0,600,75,-3.194808959961e-5,1.217126846313e-4
15,5,1,0,600,76,3.594160079956e-5,-5.817413330078e-5
15,5,1,0,600,77,2.241134643555e-5,-2.229213714600e-5
15,5,1,0,600,78,-1.984834671021e-5,3.576278686523e-6
15,5,1,0,600,79,-7.927417755127e-6,1.156330108643e-5
15,5,1,0,600,80,4.476308822632e-5,2.385377883911e-4
15,5,1,0,600,81,2.425909042358e-5,5.085468292236e-4
15,5,1,0,600,82,2.487301826477e-4,1.223087310791e-4
15,5,1,0,600,83,3.814697265625e-5,9.369850158691e-5
15,5,1,0,600,84,2.050995826721e-4,2.281665802002e-4
15,5,1,0,600,85,1.268982887268e-4,1.757144927979e-4
15,5,1,0,600,86,4.975795745850e-4,9.404420852661e-4
15,5,1,0,600,87,3.587603569031e-4,5.894899368286e-4
15,5,1,0,600,88,6.715655326843e-4,9.495019912720e-4
15,5,1,0,600,89,3.406405448914e-4,4.761219024658e-4
15,5,1,0,600,90,2.012252807617e-4,5.464553833008e-4
15,5,1,0,600,91,1.018643379211e-4,2.758502960205e-4
15,5,1,0,600,92,1.423954963684e-4,1.267671585083e-3
15,5,1,0,600,93,7.200241088867e-5,6.357431411743e-4
15,5,1,0,600,94,7.772445678711e-5,1.469731330872e-3
15,5,1,0,600,95,1.412630081177e-5,6.117820739746e-4
15,5,1,0,600,96,3.156065940857e-4,1.051533222198e-2
15,5,1,0,600,97,1.688003540039e-4,5.274057388306e-3
15,5,1,0,600,98,-1.156926155090e-4,4.935264587402e-5
15,5,1,0,600,99,-1.972317695618e-4,1.163482666016e-4
15,5,1,0,600,100,1.158714294434e-4,5.356073379517e-4
15,5,1,0,600,101,9.614229202271e-5,4.093647003174e-4
15,5,1,0,600,102,3.190040588379e-4,2.409219741821e-4
15,5,1,0,600,103,1.661181449890e-4,1.258850097656e-4
15,5,1,0,600,104,1.056790351868e-4,-4.193782806396e-4
15,5,1,0,600,105,1.789927482605e-4,-3.103017807007e-4
15,5,1,0,600,106,1.007914543152e-4,1.369714736938e-4
15,5,1,0,600,107,8.344650268555e-5,1.356601715088e-4
15,5,1,0,600,108,-3.700256347656e-4,2.059936523438e-4
15,5,1,0,600,109,-1.900792121887e-4,1.064538955688e-4
15,5,1,0,600,110,-1.102089881897e-4,-9.047985076904e-5
15,5,1,0,600,111,-5.048513412476e-5,-4.708766937256e-5
15,5,1,0,600,112,6.590485572815e-4,4.148960113525e-3
15,5,1,0,600,113,3.877282142639e-4,2.051353454590e-3
15,5,1,0,600,114,-5.644559860229e-5,-6.196498870850e-4
15,5,1,0,600,115,1.089572906494e-4,-8.723735809326e-4
15,5,1,0,600,116,-5.084276199341e-5,2.663135528564e-4
15,5,1,0,600,117,-2.236366271973e-4,1.904964447021e-4
15,5,1,0,600,118,2.688169479370e-5,-7.629394531250e-5
15,5,1,0,600,119,1.734495162964e-5,-2.344846725464e-4
15,5,1,0,600,120,2.937316894531e-4,1.178741455078e-3
15,5,1,0,600,121,1.494288444519e-4,5.922317504883e-4
15,5,1,0,600,122,1.441836357117e-4,-1.215934753418e-4
15,5,1,0,600,123,7.373094558716e-5,-6.103515625000e-5
15,5,1,0,600,124,1.533031463623e-4,2.460479736328e-4
15,5,1,0,600,125,8.898973464966e-5,1.256465911865e-4
15,5,1,0,600,126,2.326965332031e-4,-1.085042953491e-3
15,5,1,0,600,127,1.177191734314e-4,-5.419254302979e-4
15,5,1,0,600,128,-5.739927291870e-5,7.964730262756e-3
15,5,1,0,600,129,-1.592040061951e-4,4.012107849121e-3
15,5,1,0,600,130,-3.093481063843e-5,-1.010298728943e-3
15,5,1,0,600,131,-1.126527786255e-5,-5.016326904297e-4
15,5,1,0,600,132,9.220838546753e-5,-8.010864257812e-5
15,5,1,0,600,133,3.147125244141e-5,-3.957748413086e-4
15,5,1,0,600,134,9.578466415405e-5,-5.757808685303e-4
15,5,1,0,600,135,7.182359695435e-5,-2.877712249756e-4
15,5,1,0,600,136,1.069903373718e-4,-4.639625549316e-4
15,5,1,0,600,137,2.577900886536e-4,-1.394748687744e-4
15,5,1,0,600,138,2.998709678650e-4,1.188516616821e-4
15,5,1,0,600,139,1.505017280579e-4,3.639459609985e-4
15,5,1,0,600,140,-6.586313247681e-5,-3.451108932495e-4
15,5,1,0,600,141,2.384185791016e-6,6.830692291260e-5
15,5,1,0,600,142,1.354813575745e-4,-7.343292236328e-4
15,5,1,0,600,143,6.729364395142e-5,-3.702640533447e-4
15,5,1,0,600,144,2.716183662415e-4,-4.836440086365e-3
15,5,1,0,600,145,1.371502876282e-4,-2.416372299194e-3
15,5,1,0,600,146,-1.211762428284e-4,-2.855062484741e-4
15,5,1,0,600,147,-2.819299697876e-5,-2.908706665039e-4
15,5,1,0,600,148,-4.291534423828e-6,1.103878021240e-4
15,5,1,0,600,149,8.642673492432e-6,1.097917556763e-4
15,5,1,0,600,150,1.447796821594e-4,-1.084804534912e-5
15,5,1,0,600,151,1.377463340759e-4,-3.790855407715e-5
15,5,1,0,600,152,1.590847969055e-4,2.980232238770e-4
15,5,1,0,600,153,8.940696716309e-5,1.831054687500e-4
15,5,1,0,600,154,3.123283386230e-4,2.589225769043e-4
15,5,1,0,600,155,1.586079597473e-4,1.280307769775e-4
15,5,1,0,600,156,7.373094558716e-5,2.752542495728e-4
15,5,1,0,600,157,3.987550735474e-5,1.407861709595e-4
15,5,1,0,600,158,-6.437301635742e-6,-5.362033843994e-4
15,5,1,0,600,159,-1.144409179688e-5,-4.119873046875e-4
15,5,1,0,600,160,2.467036247253e-4,3.061890602112e-3
15,5,1,0,600,161,1.263618469238e-4,1.536011695862e-3
15,5,1,0,600,162,-3.120303153992e-4,-5.605220794678e-4
15,5,1,0,600,163,-1.614093780518e-4,-6.330013275146e-5
15,5,1,0,600,164,8.720159530640e-5,-8.893013000488e-5
15,5,1,0,600,165,5.102157592773e-5,-3.242492675781e-5
15,5,1,0,600,166,-2.916455268860e-4,-6.179809570312e-4
15,5,1,0,600,167,-9.423494338989e-5,-2.744197845459e-4
15,5,1,0,600,168,3.886222839355e-4,1.072883605957e-5
15,5,1,0,600,169,1.948475837708e-4,-1.243352890015e-4
16,5,1,0,2400,0,2.947449684143e-5,-1.204729080200e-3
16,5,1,0,2400,1,4.407763481140e-5,-5.939006805420e-4
16,5,1,0,2400,2,-3.440380096436e-4,-1.125812530518e-3
16,5,1,0,2400,3,-2.643764019012e-4,-2.404451370239e-3
16,5,1,0,2400,4,-2.622604370117e-5,7.865428924561e-4
16,5,1,0,2400,5,7.322430610657e-5,2.146005630493e-3
16,5,1,0,2400,6,2.735555171967e-4,1.296997070312e-3
16,5,1,0,2400,7,2.224743366241e-4,9.348392486572e-4
16,5,1,0,2400,8,-1.621246337891e-5,-5.865097045898e-4
16,5,1,0,2400,9,8.055567741394e-5,-2.832412719727e-4
16,5,1,0,2400,10,9.059906005859e-6,-7.252693176270e-4
16,5,1,0,2400,11,-1.738369464874e-4,-7.107257843018e-4
16,5,1,0,2400,12,-3.745853900909e-4,-7.054805755615e-4
16,5,1,0,2400,13,-4.610717296600e-4,-8.895397186279e-4
16,5,1,0,2400,14,-2.153217792511e-4,-4.289150238037e-4
16,5,1,0,2400,15,-1.035034656525e-4,-2.107620239258e-4
16,5,1,0,2400,16,2.402961254120e-4,-2.011060714722e-3
16,5,1,0,2400,17,1.215636730194e-4,-1.007080078125e-3
16,5,1,0,2400,18,-4.327297210693e-5,-8.640289306641e-4
16,5,1,0,2400,19,-1.314282417297e-5,-4.332065582275e-4
16,5,1,0,2400,20,4.456341266632e-4,9.315013885498e-4
16,5,1,0,2400,21,4.168748855591e-4,3.666877746582e-4
16,5,1,0,2400,22,1.453459262848e-4,-4.856586456299e-4
16,5,1,0,2400,23,7.891654968262e-5,-9.248256683350e-4
16,5,1,0,2400,24,-1.609623432159e-4,-8.623600006104e-4
16,5,1,0,2400,25,1.607239246368e-4,-1.942634582520e-3
16,5,1,0,2400,26,-1.185834407806e-4,-1.305580139160e-3
16,5,1,0,2400,27,-5.367398262024e-5,-7.009506225586e-4
16,5,1,0,2400,28,-3.279447555542e-4,-7.631778717041e-4
16,5,1,0,2400,29,-1.543462276459e-4,-4.153251647949e-4
16,5,1,0,2400,30,-9.465217590332e-5,3.929138183594e-4
16,5,1,0,2400,31,-3.239512443542e-5,2.005100250244e-4
16,5,1,0,2400,32,2.210140228271e-4,-5.292892456055e-3
16,5,1,0,2400,33,1.146495342255e-4,-2.645969390869e-3
16,5,1,0,2400,34,-3.548860549927e-4,1.682758331299e-3
16,5,1,0,2400,35,-1.420080661774e-4,1.523971557617e-3
16,5,1,0,2400,36,-5.486607551575e-5,-1.674890518188e-3
16,5,1,0,2400,37,2.413988113403e-6,-8.587837219238e-4
16,5,1,0,2400,38,-3.606081008911e-6,-4.363059997559e-4
16,5,1,0,2400,39,3.793835639954e-5,-8.788108825684e-4
16,5,1,0,2400,40,4.585683345795e-4,-1.168251037598e-4
16,5,1,0,2400,41,2.642571926117e-4,-4.816055297852e-5
16,5,1,0,2400,42,-5.075037479401e-4,-2.981185913086e-3
16,5,1,0,2400,43,-2.919733524323e-4,-1.685142517090e-3
16,5,1,0,2400,44,-6.834566593170e-4,-1.862525939941e-3
16,5,1,0,2400,45,-3.349483013153e-4,-9.233951568604e-4
16,5,1,0,2400,46,-1.817941665649e-6,6.766319274902e-4
16,5,1,0,2400,47,-2.503395080566e-6,2.532005310059e-4
16,5,1,0,2400,48,5.936622619629e-5,-1.897811889648e-3
16,5,1,0,2400,49,1.994371414185e-4,-8.472919464111e-3
16,5,1,0,2400,50,-5.960464477539e-6,-4.529953002930e-5
16,5,1,0,2400,51,1.871585845947e-5,-1.335144042969e-5
16,5,1,0,2400,52,2.056062221527e-4,2.098083496094e-5
16,5,1,0,2400,53,1.018345355988e-4,1.239776611328e-5
16,5,1,0,2400,54,1.600682735443e-4,1.167535781860e-3
16,5,1,0,2400,55,1.132786273956e-4,5.817413330078e-4
16,5,1,0,2400,56,2.786517143250e-5,-1.050710678101e-3
16,5,1,0,2400,57,1.850724220276e-5,-5.221366882324e-4
16,5,1,0,2400,58,3.086626529694e-4,-3.623962402344e-5
16,5,1,0,2400,59,1.556575298309e-4,-1.811981201172e-5
16,5,1,0,2400,60,4.743337631226e-4,3.800392150879e-4
16,5,1,0,2400,61,2.424716949463e-4,1.902580261230e-4
16,5,1,0,2400,62,-4.410743713379e-5,-7.145404815674e-4
16,5,1,0,2400,63,7.653236389160e-5,-6.284713745117e-4
16,5,1,0,2400,64,5.963444709778e-5,-5.791664123535e-3
16,5,1,0,2400,65,5.519390106201e-5,-2.885341644287e-3
16,5,1,0,2400,66,1.576542854309e-5,-9.930133819580e-4
16,5,1,0,2400,67,1.260638237000e-5,-4.985332489014e-4
16,5,1,0,2400,68,-5.323588848114e-4,-6.310939788818e-4
16,5,1,0,2400,69,-3.578364849091e-4,-4.274845123291e-4
16,5,1,0,2400,70,-2.563893795013e-4,-2.424001693726e-3
16,5,1,0,2400,71,-3.479421138763e-4,-1.655817031860e-3
16,5,1,0,2400,72,-1.551210880280e-4,5.245208740234e-5
16,5,1,0,2400,73,-3.623068332672e-4,-2.070903778076e-3
16,5,1,0,2400,74,4.777312278748e-5,-9.496212005615e-4
16,5,1,0,2400,75,3.591179847717e-5,-4.274845123291e-4
16,5,1,0,2400,76,1.639425754547e-4,-5.261898040771e-3
16,5,1,0,2400,77,1.064538955688e-4,-2.603054046631e-3
16,5,1,0,2400,78,3.328919410706e-5,-1.852512359619e-3
16,5,1,0,2400,79,7.951259613037e-5,-1.023292541504e-3
16,5,1,0,2400,80,-1.690089702606e-4,-1.058578491211e-2
16,5,1,0,2400,81,-6.100535392761e-5,-5.229949951172e-3
16,5,1,0,2400,82,-1.302659511566e-4,-3.434658050537e-3
16,5,1,0,2400,83,-4.100799560547e-5,-1.703262329102e-3
16,5,1,0,2400,84,1.702010631561e-4,3.385543823242e-5
16,5,1,0,2400,85,-9.083747863770e-5,-3.379344940186e-3
16,5,1,0,2400,86,-3.099441528320e-5,-9.539127349854e-4
16,5,1,0,2400,87,1.978874206543e-5,6.287097930908e-4
16,5,1,0,2400,88,-5.497038364410e-4,4.606246948242e-4
16,5,1,0,2400,89,-6.352961063385e-4,-1.441955566406e-3
16,5,1,0,2400,90,1.188218593597e-4,-3.070831298828e-4
16,5,1,0,2400,91,8.192658424377e-5,-9.272098541260e-4
16,5,1,0,2400,92,3.829002380371e-4,-3.563642501831e-3
16,5,1,0,2400,93,2.000033855438e-4,-1.774787902832e-3
16,5,1,0,2400,94,-5.041062831879e-4,-1.200914382935e-3
16,5,1,0,2400,95,-1.319348812103e-4,-5.958080291748e-4
16,5,1,0,2400,96,1.049935817719e-4,1.748085021973e-3
16,5,1,0,2400,97,6.926059722900e-5,5.729198455811e-4
16,5,1,0,2400,98,-1.763105392456e-4,1.498222351074e-3
16,5,1,0,2400,99,-1.344382762909e-4,2.965927124023e-4
16,5,1,0,2400,100,6.720423698425e-5,-7.031917572021e-3
16,5,1,0,2400,101,6.282329559326e-5,-4.304885864258e-3
16,5,1,0,2400,102,-1.568794250488e-4,2.754211425781e-3
16,5,1,0,2400,103,-4.792213439941e-5,1.116514205933e-3
16,5,1,0,2400,104,1.231729984283e-4,-5.327224731445e-3
16,5,1,0,2400,105,9.515881538391e-5,-3.099679946899e-3
16,5,1,0,2400,106,1.200735569000e-4,-1.130104064941e-4
16,5,1,0,2400,107,7.936358451843e-5,-4.100799560547e-5
16,5,1,0,2400,108,1.293718814850e-4,7.852792739868e-3
16,5,1,0,2400,109,8.890032768250e-5,3.789186477661e-3
16,5,1,0,2400,110,-4.584491252899e-4,5.555152893066e-4
16,5,1,0,2400,111,-1.808404922485e-4,1.645088195801e-4
16,5,1,0,2400,112,5.125999450684e-6,6.286621093750e-3
16,5,1,0,2400,113,6.365776062012e-5,3.466367721558e-3
16,5,1,0,2400,114,1.322031021118e-4,-2.194881439209e-3
16,5,1,0,2400,115,2.304613590240e-4,-9.493827819824e-4
16,5,1,0,2400,116,-2.175867557526e-4,-8.163452148438e-4
16,5,1,0,2400,117,-9.906291961670e-5,-8.690357208252e-4
16,5,1,0,2400,118,-5.558133125305e-5,-1.452445983887e-3
16,5,1,0,2400,119,-2.560019493103e-5,-7.281303405762e-4
16,5,1,0,2400,120,-2.138316631317e-4,-2.923011779785e-3
16,5,1,0,2400,121,-2.056658267975e-4,-1.851558685303e-3
16,5,1,0,2400,122,-1.910626888275e-4,7.052421569824e-4
16,5,1,0,2400,123,-1.273155212402e-4,3.588199615479e-4
16,5,1,0,2400,124,-8.630752563477e-5,-1.814365386963e-4
16,5,1,0,2400,125,-1.120865345001e-4,-2.377033233643e-4
16,5,1,0,2400,126,-2.405047416687e-5,-2.778768539429e-3
16,5,1,0,2400,127,8.344650268555e-7,-1.358032226562e-3
16,5,1,0,2400,128,-7.907152175903e-4,-4.560947418213e-4
16,5,1,0,2400,129,-3.878176212311e-4,-1.749992370605e-4
16,5,1,0,2400,130,-3.784000873566e-4,-9.726047515869e-3
16,5,1,0,2400,131,-1.221001148224e-4,-4.831790924072e-3
16,5,1,0,2400,132,-2.448260784149e-4,-1.362562179565e-3
16,5,1,0,2400,133,-1.207888126373e-4,-6.804466247559e-4
16,5,1,0,2400,134,-2.673268318176e-5,-4.177093505859e-4
16,5,1,0,2400,135,-6.639957427979e-5,-7.214546203613e-4
16,5,1,0,2400,136,-3.936886787415e-5,-1.067638397217e-3
16,5,1,0,2400,137,-3.102421760559e-5,-6.172657012939e-4
16,5,1,0,2400,138,-7.191300392151e-5,-2.636909484863e-4
16,5,1,0,2400,139,-2.361238002777e-4,-1.673698425293e-4
16,5,1,0,2400,140,9.921193122864e-5,4.129409790039e-4
16,5,1,0,2400,141,2.294778823853e-6,5.316734313965e-5
16,5,1,0,2400,142,2.288818359375e-5,-1.161098480225e-4
16,5,1,0,2400,143,8.791685104370e-6,-5.626678466797e-5
16,5,1,0,2400,144,-1.368522644043e-4,9.605884552002e-4
16,5,1,0,2400,145,-6.660819053650e-5,4.816055297852e-4
16,5,1,0,2400,146,3.070831298828e-4,1.072168350220e-3
16,5,1,0,2400,147,5.738735198975e-4,9.725093841553e-4
16,5,1,0,2400,148,-4.899501800537e-5,-5.197286605835e-3
16,5,1,0,2400,149,-2.652406692505e-6,-2.582311630249e-3
16,5,1,0,2400,150,-1.178681850433e-4,-1.065731048584e-3
16,5,1,0,2400,151,-1.964569091797e-4,-2.024650573730e-3
16,5,1,0,2400,152,-6.599128246307e-4,-2.725124359131e-3
16,5,1,0,2400,153,-4.787445068359e-4,-3.844976425171e-3
16,5,1,0,2400,154,-4.682242870331e-4,-3.380298614502e-3
16,5,1,0,2400,155,-1.852214336395e-4,-1.657009124756e-3
16,5,1,0,2400,156,7.012486457825e-5,-2.286434173584e-4
16,5,1,0,2400,157,-1.039803028107e-4,-1.361608505249e-3
16,5,1,0,2400,158,-9.506940841675e-6,-7.374286651611e-4
16,5,1,0,2400,159,-1.659691333771e-4,-1.200675964355e-3
16,5,1,0,2400,160,-1.049339771271e-4,1.593589782715e-3
16,5,1,0,2400,161,-1.549720764160e-5,1.940727233887e-3
16,5,1,0,2400,162,-1.832842826843e-5,2.645254135132e-3
16,5,1,0,2400,163,-2.235174179077e-6,1.501083374023e-3
16,5,1,0,2400,164,1.597404479980e-4,-3.118515014648e-4
16,5,1,0,2400,165,2.524256706238e-5,-1.087665557861e-3
16,5,1,0,2400,166,3.501772880554e-5,-1.509189605713e-4
16,5,1,0,2400,167,1.880526542664e-5,-8.225440979004e-5
16,5,1,0,2400,168,4.089772701263e-4,7.076263427734e-4
16,5,1,0,2400,169,3.309249877930e-4,5.114078521729e-4
17,5,1,0,4200,0,2.780854701996e-4,-1.235485076904e-3
17,5,1,0,4200,1,1.975297927856e-4,-5.440711975098e-4
17,5,1,0,4200,2,-1.885890960693e-4,2.669334411621e-3
17,5,1,0,4200,3,-1.992285251617e-4,3.051757812500e-4
17,5,1,0,4200,4,1.935958862305e-4,-4.817962646484e-3
17,5,1,0,4200,5,3.491640090942e-4,-1.672744750977e-3
17,5,1,0,4200,6,-1.057684421539e-4,-4.471302032471e-3
17,5,1,0,4200,7,-1.659095287323e-4,-1.462459564209e-3
17,5,1,0,4200,8,5.426704883575e-4,-5.462169647217e-4
17,5,1,0,4200,9,2.955496311188e-4,-2.510547637939e-4
17,5,1,0,4200,10,-3.894865512848e-4,8.492946624756e-3
17,5,1,0,4200,11,-5.197525024414e-5,4.441022872925e-3
17,5,1,0,4200,12,-3.382563591003e-5,1.369476318359e-3
17,5,1,0,4200,13,-2.421438694000e-4,1.473426818848e-4
17,5,1,0,4200,14,-1.898407936096e-5,-2.587556838989e-3
17,5,1,0,4200,15,-8.553266525269e-6,-1.292228698730e-3
17,5,1,0,4200,16,1.422166824341e-4,-3.543376922607e-3
17,5,1,0,4200,17,6.413459777832e-5,-1.739263534546e-3
17,5,1,0,4200,18,-3.163814544678e-4,1.746416091919e-3
17,5,1,0,4200,19,-1.603066921234e-4,8.785724639893e-4
17,5,1,0,4200,20,-1.600384712219e-5,-1.368761062622e-3
17,5,1,0,4200,21,1.466274261475e-5,-1.533985137939e-3
17,5,1,0,4200,22,1.915693283081e-4,-2.421140670776e-3
17,5,1,0,4200,23,9.962916374207e-5,-1.202106475830e-3
17,5,1,0,4200,24,3.207027912140e-4,1.873731613159e-3
17,5,1,0,4200,25,1.691877841949e-4,9.450912475586e-4
17,5,1,0,4200,26,-4.478394985199e-4,2.254009246826e-3
17,5,1,0,4200,27,-1.323223114014e-4,9.188652038574e-4
17,5,1,0,4200,28,-1.282691955566e-4,3.118515014648e-4
17,5,1,0,4200,29,-1.546144485474e-4,1.556873321533e-4
17,5,1,0,4200,30,2.786517143250e-5,6.608963012695e-4
17,5,1,0,4200,31,9.775161743164e-6,7.195472717285e-4
17,5,1,0,4200,32,2.068281173706e-4,-2.052783966064e-4
17,5,1,0,4200,33,1.169145107269e-4,-1.068115234375e-4
17,5,1,0,4200,34,-3.194808959961e-4,-5.161762237549e-4
17,5,1,0,4200,35,-1.600980758667e-4,-2.534389495850e-4
17,5,1,0,4200,36,1.472234725952e-4,-1.096725463867e-5
17,5,1,0,4200,37,8.535385131836e-5,-2.808570861816e-4
17,5,1,0,4200,38,-1.819431781769e-4,-1.035690307617e-3
17,5,1,0,4200,39,-8.851289749146e-5,-5.123615264893e-4
17,5,1,0,4200,40,1.792609691620e-4,5.638599395752e-4
17,5,1,0,4200,41,1.073777675629e-4,5.521774291992e-4
17,5,1,0,4200,42,5.125999450684e-5,-2.259254455566e-3
17,5,1,0,4200,43,6.175041198730e-5,-1.261472702026e-3
17,5,1,0,4200,44,-1.794099807739e-5,-1.372814178467e-3
17,5,1,0,4200,45,-4.574656486511e-5,-7.865428924561e-4
17,5,1,0,4200,46,-7.957220077515e-6,-1.254439353943e-2
17,5,1,0,4200,47,1.069903373718e-5,-6.233215332031e-3
17,5,1,0,4200,48,-1.501142978668e-4,-5.328655242920e-4
17,5,1,0,4200,49,-4.742145538330e-4,-8.084774017334e-4
17,5,1,0,4200,50,-7.153451442719e-4,4.453659057617e-3
17,5,1,0,4200,51,-3.316104412079e-4,2.261638641357e-3
17,5,1,0,4200,52,1.726448535919e-4,1.893043518066e-4
17,5,1,0,4200,53,3.740787506104e-4,-6.580352783203e-5
17,5,1,0,4200,54,-9.319186210632e-5,-5.636215209961e-4
17,5,1,0,4200,55,-2.959072589874e-4,-1.392364501953e-4
17,5,1,0,4200,56,1.104772090912e-4,-2.805233001709e-3
17,5,1,0,4200,57,1.381337642670e-4,-5.248785018921e-3
17,5,1,0,4200,58,1.362860202789e-4,-1.935005187988e-3
17,5,1,0,4200,59,1.472532749176e-4,-2.242326736450e-3
17,5,1,0,4200,60,1.431703567505e-4,-8.487701416016e-4
17,5,1,0,4200,61,2.920925617218e-4,-6.787776947021e-4
17,5,1,0,4200,62,1.817643642426e-4,-9.694099426270e-4
17,5,1,0,4200,63,2.702176570892e-4,-1.391887664795e-3
17,5,1,0,4200,64,-2.440810203552e-4,2.462387084961e-3
17,5,1,0,4200,65,-5.496740341187e-4,8.854389190674e-3
17,5,1,0,4200,66,-1.153945922852e-4,1.125335693359e-4
17,5,1,0,4200,67,-4.890561103821e-5,6.437301635742e-5
17,5,1,0,4200,68,-3.527402877808e-4,-9.257316589355e-3
17,5,1,0,4200,69,-1.552999019623e-4,-5.284786224365e-3
17,5,1,0,4200,70,2.491772174835e-4,2.685308456421e-3
17,5,1,0,4200,71,3.001987934113e-4,9.655952453613e-5
17,5,1,0,4200,72,4.941225051880e-5,4.250049591064e-3
17,5,1,0,4200,73,3.045797348022e-5,6.957054138184e-3
17,5,1,0,4200,74,2.998411655426e-4,-7.007122039795e-3
17,5,1,0,4200,75,2.013146877289e-4,-3.675460815430e-3
17,5,1,0,4200,76,5.151331424713e-4,-1.577520370483e-2
17,5,1,0,4200,77,3.966391086578e-4,-1.469826698303e-2
17,5,1,0,4200,78,5.164742469788e-5,-1.648807525635e-2
17,5,1,0,4200,79,-3.542602062225e-4,-7.514953613281e-3
17,5,1,0,4200,80,8.091330528259e-5,2.979278564453e-3
17,5,1,0,4200,81,-4.383921623230e-5,6.491184234619e-3
17,5,1,0,4200,82,1.680552959442e-4,3.147125244141e-5
17,5,1,0,4200,83,1.752078533173e-4,-1.959800720215e-4
17,5,1,0,4200,84,1.208782196045e-4,4.658699035645e-3
17,5,1,0,4200,85,-8.940696716309e-8,8.137941360474e-3
17,5,1,0,4200,86,1.195430755615e-3,-4.884958267212e-3
17,5,1,0,4200,87,6.327927112579e-4,-2.408742904663e-3
17,5,1,0,4200,88,-3.107488155365e-4,3.830432891846e-3
17,5,1,0,4200,89,-3.571510314941e-4,6.019353866577e-3
17,5,1,0,4200,90,5.823373794556e-5,8.339881896973e-4
17,5,1,0,4200,91,-7.286667823792e-5,1.525163650513e-3
17,5,1,0,4200,92,-2.203881740570e-4,-2.403974533081e-3
17,5,1,0,4200,93,-5.380809307098e-4,-3.901720046997e-3
17,5,1,0,4200,94,9.882450103760e-5,-5.594253540039e-3
17,5,1,0,4200,95,1.287758350372e-4,-2.759218215942e-3
17,5,1,0,4200,96,-2.784132957458e-4,5.898237228394e-3
17,5,1,0,4200,97,-1.360476016998e-4,3.041982650757e-3
17,5,1,0,4200,98,7.742643356323e-4,-3.016471862793e-3
17,5,1,0,4200,99,4.481971263885e-4,-1.481056213379e-3
17,5,1,0,4200,100,3.432333469391e-4,9.824514389038e-3
17,5,1,0,4200,101,2.012550830841e-4,4.933357238770e-3
17,5,1,0,4200,102,5.769729614258e-5,-5.650520324707e-4
17,5,1,0,4200,103,2.849102020264e-4,-3.359794616699e-3
17,5,1,0,4200,104,-1.783370971680e-4,1.355648040771e-3
17,5,1,0,4200,105,-4.457533359528e-4,2.419948577881e-3
17,5,1,0,4200,106,-2.965033054352e-4,3.483295440674e-3
17,5,1,0,4200,107,-1.200139522552e-4,1.743793487549e-3
17,5,1,0,4200,108,-1.420676708221e-4,-7.028579711914e-4
17,5,1,0,4200,109,-4.543960094452e-4,3.130435943604e-4
17,5,1,0,4200,110,-3.442168235779e-5,-1.229453086853e-2
17,5,1,0,4200,111,-1.817941665649e-6,-6.159543991089e-3
17,5,1,0,4200,112,-2.444982528687e-4,-6.017684936523e-4
17,5,1,0,4200,113,-5.137026309967e-4,-3.528594970703e-4
17,5,1,0,4200,114,-3.431141376495e-4,-4.973411560059e-4
17,5,1,0,4200,115,-1.665353775024e-4,-2.446174621582e-4
17,5,1,0,4200,116,8.225440979004e-6,-1.657485961914e-3
17,5,1,0,4200,117,6.526708602905e-6,-8.597373962402e-4
17,5,1,0,4200,118,5.281269550323e-4,-4.950046539307e-3
17,5,1,0,4200,119,2.696216106415e-4,-2.465724945068e-3
17,5,1,0,4200,120,-1.741647720337e-4,3.814697265625e-6
17,5,1,0,4200,121,-8.276104927063e-5,1.907348632812e-6
17,5,1,0,4200,122,1.938939094543e-4,1.728296279907e-3
17,5,1,0,4200,123,2.890527248383e-4,1.542806625366e-3
17,5,1,0,4200,124,1.260936260223e-4,1.583099365234e-4
17,5,1,0,4200,125,2.613365650177e-4,1.236915588379e-3
17,5,1,0,4200,126,5.769729614258e-5,-9.867906570435e-3
17,5,1,0,4200,127,-3.308057785034e-5,-7.200717926025e-3
17,5,1,0,4200,128,-9.489059448242e-5,-4.199504852295e-3
17,5,1,0,4200,129,-3.960728645325e-5,-2.078056335449e-3
17,5,1,0,4200,130,4.279613494873e-4,-1.430511474609e-5
17,5,1,0,4200,131,2.297461032867e-4,2.479553222656e-5
17,5,1,0,4200,132,1.069605350494e-4,-2.805709838867e-3
17,5,1,0,4200,133,6.112456321716e-5,-1.387119293213e-3
17,5,1,0,4200,134,2.072155475616e-4,-8.540153503418e-4
17,5,1,0,4200,135,-9.354948997498e-5,2.857446670532e-3
17,5,1,0,4200,136,-7.018446922302e-5,1.567840576172e-3
17,5,1,0,4200,137,-2.220571041107e-4,3.852844238281e-3
17,5,1,0,4200,138,-6.781518459320e-4,-1.084327697754e-3
17,5,1,0,4200,139,-3.240108489990e-4,-5.135536193848e-4
17,5,1,0,4200,140,1.905262470245e-4,-3.325462341309e-3
17,5,1,0,4200,141,1.031160354614e-4,-1.653194427490e-3
17,5,1,0,4200,142,-5.760788917542e-5,-4.630804061890e-3
17,5,1,0,4200,143,8.136034011841e-6,-2.301454544067e-3
17,5,1,0,4200,144,9.214878082275e-5,-3.743171691895e-4
17,5,1,0,4200,145,1.437366008759e-4,-1.530408859253e-3
17,5,1,0,4200,146,2.381503582001e-4,-7.004737854004e-4
17,5,1,0,4200,147,2.923607826233e-5,-2.014636993408e-4
17,5,1,0,4200,148,-1.665651798248e-4,-2.202510833740e-3
17,5,1,0,4200,149,-7.066130638123e-5,-1.086711883545e-3
17,5,1,0,4200,150,-5.897879600525e-5,2.015590667725e-3
17,5,1,0,4200,151,1.132488250732e-5,1.045703887939e-3
17,5,1,0,4200,152,3.041326999664e-4,1.965761184692e-3
17,5,1,0,4200,153,1.859366893768e-4,1.140594482422e-3
17,5,1,0,4200,154,2.162158489227e-4,2.683162689209e-3
17,5,1,0,4200,155,1.759529113770e-4,1.347780227661e-3
17,5,1,0,4200,156,-1.411437988281e-4,3.949880599976e-3
17,5,1,0,4200,157,-1.707375049591e-4,1.356840133667e-3
17,5,1,0,4200,158,-9.834766387939e-7,-3.997564315796e-3
17,5,1,0,4200,159,1.256763935089e-4,-1.739978790283e-3
17,5,1,0,4200,160,-6.062686443329e-4,-1.056194305420e-3
17,5,1,0,4200,161,-1.247823238373e-4,-5.810260772705e-4
17,5,1,0,4200,162,1.312196254730e-4,-1.018047332764e-3
17,5,1,0,4200,163,9.381771087646e-5,-4.901885986328e-4
17,5,1,0,4200,164,-7.475912570953e-4,2.360343933105e-4
17,5,1,0,4200,165,-4.661977291107e-4,-8.096694946289e-4
17,5,1,0,4200,166,1.281499862671e-6,-1.513957977295e-4
17,5,1,0,4200,167,1.907348632812e-6,-9.989738464355e-5
17,5,1,0,4200,168,-1.387298107147e-4,-1.496791839600e-3
17,5,1,0,4200,169,-6.639957427979e-5,-7.443428039551e-4
18,6,1,1,600,0,0.000000000000e0,0.000000000000e0
18,6,1,1,600,1,0.000000000000e0,0.000000000000e0
18,6,1,1,600,2,3.331899642944e-5,-7.700920104980e-5
18,6,1,1,600,3,1.680850982666e-5,-3.838539123535e-5
18,6,1,1,600,4,4.533529281616e-4,-5.373954772949e-4
18,6,1,1,600,5,2.272129058838e-4,-2.684593200684e-4
18,6,1,1,600,6,-1.347064971924e-4,2.324581146240e-4
18,6,1,1,600,7,-6.711483001709e-5,1.168251037598e-4
18,6,1,1,600,8,1.233816146851e-4,-3.814697265625e-5
18,6,1,1,600,9,6.175041198730e-5,-1.907348632812e-5
18,6,1,1,600,10,2.319812774658e-4,-3.080368041992e-4
18,6,1,1,600,11,1.162290573120e-4,-1.535415649414e-4
18,6,1,1,600,12,9.196996688843e-5,1.506805419922e-4
18,6,1,1,600,13,4.601478576660e-5,7.522106170654e-5
18,6,1,1,600,14,-9.179115295410e-5,3.775358200073e-4
18,6,1,1,600,15,-3.540515899658e-5,1.896619796753e-4
18,6,1,1,600,16,-1.746416091919e-5,-2.025365829468e-4
18,6,1,1,600,17,6.139278411865e-6,-1.013278961182e-4
18,6,1,1,600,18,8.940696716309e-6,0.000000000000e0
18,6,1,1,600,19,0.000000000000e0,0.000000000000e0
18,6,1,1,600,20,8.940696716309e-6,0.000000000000e0
18,6,1,1,600,21,9.745359420776e-5,-5.185604095459e-5
18,6,1,1,600,22,0.000000000000e0,0.000000000000e0
18,6,1,1,600,23,6.258487701416e-5,-7.247924804688e-5
18,6,1,1,600,24,0.000000000000e0,0.000000000000e0
18,6,1,1,600,25,-2.479553222656e-5,-3.051757812500e-5
18,6,1,1,600,26,4.768371582031e-7,0.000000000000e0
18,6,1,1,600,27,3.808736801147e-5,-2.527236938477e-5
18,6,1,1,600,28,1.114606857300e-5,-8.678436279297e-5
18,6,1,1,600,29,-8.463859558105e-6,-1.754760742188e-4
18,6,1,1,600,30,-1.651048660278e-4,-7.240772247314e-4
18,6,1,1,600,31,-4.091858863831e-4,-1.375079154968e-3
18,6,1,1,600,32,2.211332321167e-5,5.626678466797e-5
18,6,1,1,600,33,4.500150680542e-5,1.133680343628e-4
18,6,1,1,600,34,1.716613769531e-4,-3.433227539062e-5
18,6,1,1,600,35,1.058578491211e-4,-1.335144042969e-5
18,6,1,1,600,36,3.403425216675e-5,1.392364501953e-4
18,6,1,1,600,37,6.735324859619e-5,2.729892730713e-4
18,6,1,1,600,38,-1.311898231506e-4,-1.499652862549e-4
18,6,1,1,600,39,-6.467103958130e-5,-7.462501525879e-5
18,6,1,1,600,40,3.373026847839e-4,-5.028247833252e-4
18,6,1,1,600,41,1.749396324158e-4,-2.448558807373e-4
18,6,1,1,600,42,-6.318092346191e-6,-2.026557922363e-5
18,6,1,1,600,43,-1.323223114014e-5,-4.243850708008e-5
18,6,1,1,600,44,1.454353332520e-5,-6.747245788574e-5
18,6,1,1,600,45,7.748603820801e-6,-3.242492675781e-5
18,6,1,1,600,46,1.162290573120e-5,-9.369850158691e-5
18,6,1,1,600,47,2.229213714600e-5,-1.878738403320e-4
18,6,1,1,600,48,-7.510185241699e-6,-2.813339233398e-5
18,6,1,1,600,49,-1.859664916992e-5,-4.780292510986e-5
18,6,1,1,600,50,4.851818084717e-5,-1.471042633057e-4
18,6,1,1,600,51,2.521276473999e-5,-7.271766662598e-5
18,6,1,1,600,52,-4.988908767700e-5,-2.741813659668e-5
18,6,1,1,600,53,-2.485513687134e-5,-1.478195190430e-5
18,6,1,1,600,54,2.884864807129e-5,-3.790855407715e-5
18,6,1,1,600,55,1.657009124756e-5,-2.121925354004e-5
18,6,1,1,600,56,4.786252975464e-5,-3.480911254883e-5
18,6,1,1,600,57,2.431869506836e-5,-1.990795135498e-5
18,6,1,1,600,58,-1.788139343262e-5,-6.449222564697e-5
18,6,1,1,600,59,-3.802776336670e-5,-8.320808410645e-5
18,6,1,1,600,60,2.514719963074e-4,-1.199245452881e-4
18,6,1,1,600,61,4.819631576538e-4,-2.561807632446e-4
18,6,1,1,600,62,-3.412365913391e-4,-9.503364562988e-4
18,6,1,1,600,63,-6.921291351318e-4,-1.920104026794e-3
18,6,1,1,600,64,1.689791679382e-4,2.094507217407e-4
18,6,1,1,600,65,1.102685928345e-4,1.099109649658e-4
18,6,1,1,600,66,-7.283687591553e-5,-1.308560371399e-3
18,6,1,1,600,67,-2.622604370117e-5,-6.422996520996e-4
18,6,1,1,600,68,6.844997406006e-4,-1.074433326721e-3
18,6,1,1,600,69,4.053115844727e-4,-1.378536224365e-3
18,6,1,1,600,70,2.253055572510e-5,-4.390478134155e-4
18,6,1,1,600,71,-2.955198287964e-4,-1.969337463379e-4
18,6,1,1,600,72,-4.323720932007e-4,-4.335641860962e-4
18,6,1,1,600,73,-2.059936523438e-4,-2.074241638184e-4
18,6,1,1,600,74,3.547668457031e-4,1.317739486694e-3
18,6,1,1,600,75,2.897977828979e-4,2.616643905640e-3
18,6,1,1,600,76,3.054141998291e-4,8.293390274048e-4
18,6,1,1,600,77,1.506805419922e-4,4.134178161621e-4
18,6,1,1,600,78,-4.246234893799e-4,1.473069190979e-3
18,6,1,1,600,79,-2.038478851318e-4,7.477998733521e-4
18,6,1,1,600,80,2.592802047729e-5,-7.257461547852e-4
18,6,1,1,600,81,1.263618469238e-5,-3.669261932373e-4
18,6,1,1,600,82,2.121925354004e-5,3.027915954590e-5
18,6,1,1,600,83,4.816055297852e-5,6.008148193359e-5
18,6,1,1,600,84,-9.119510650635e-6,2.360343933105e-5
18,6,1,1,600,85,-2.431869506836e-5,3.004074096680e-5
18,6,1,1,600,86,3.778934478760e-5,1.279115676880e-4
18,6,1,1,600,87,7.146596908569e-5,2.613067626953e-4
18,6,1,1,600,88,6.008148193359e-5,1.707077026367e-4
18,6,1,1,600,89,2.807378768921e-5,8.583068847656e-5
18,6,1,1,600,90,7.283687591553e-5,2.417564392090e-4
18,6,1,1,600,91,2.950429916382e-5,1.361370086670e-4
18,6,1,1,600,92,1.537799835205e-4,-1.118183135986e-4
18,6,1,1,600,93,-3.436803817749e-4,-9.179115295410e-5
18,6,1,1,600,94,-4.231929779053e-5,-2.986192703247e-4
18,6,1,1,600,95,-1.085400581360e-4,-6.310939788818e-4
18,6,1,1,600,96,3.669261932373e-4,7.987022399902e-6
18,6,1,1,600,97,1.903772354126e-4,6.675720214844e-6
18,6,1,1,600,98,7.796287536621e-5,-1.931190490723e-4
18,6,1,1,600,99,1.778006553650e-4,-3.921985626221e-4
18,6,1,1,600,100,1.139640808105e-4,3.430843353271e-4
18,6,1,1,600,101,2.207756042480e-4,5.438327789307e-4
18,6,1,1,600,102,1.488924026489e-4,-2.843141555786e-4
18,6,1,1,600,103,7.909536361694e-5,-1.363754272461e-4
18,6,1,1,600,104,1.932978630066e-4,4.005432128906e-4
18,6,1,1,600,105,2.785921096802e-4,7.717609405518e-4
18,6,1,1,600,106,-7.784366607666e-5,3.268718719482e-4
18,6,1,1,600,107,-1.870393753052e-4,6.452798843384e-4
18,6,1,1,600,108,-1.121759414673e-4,-7.867813110352e-5
18,6,1,1,600,109,-5.412101745605e-5,-3.921985626221e-5
18,6,1,1,600,110,4.435777664185e-4,-2.096891403198e-3
18,6,1,1,600,111,2.562403678894e-4,-1.028537750244e-3
18,6,1,1,600,112,-8.547306060791e-5,6.449222564697e-5
18,6,1,1,600,113,-1.752376556396e-4,1.388788223267e-4
18,6,1,1,600,114,-5.823373794556e-5,1.170635223389e-4
18,6,1,1,600,115,-1.257658004761e-4,2.287626266479e-4
18,6,1,1,600,116,7.694959640503e-5,2.150535583496e-4
18,6,1,1,600,117,1.667737960815e-4,4.169940948486e-4
18,6,1,1,600,118,6.004571914673e-4,-1.916885375977e-4
18,6,1,1,600,119,2.895593643188e-4,5.364418029785e-5
18,6,1,1,600,120,1.370906829834e-6,5.054473876953e-5
18,6,1,1,600,121,-6.198883056641e-6,3.647804260254e-5
18,6,1,1,600,122,-3.433227539062e-5,6.010532379150e-4
18,6,1,1,600,123,-1.341104507446e-5,3.011226654053e-4
18,6,1,1,600,124,-1.004934310913e-4,-1.348257064819e-4
18,6,1,1,600,125,-3.749132156372e-5,-6.723403930664e-5
18,6,1,1,600,126,-6.952881813049e-4,1.322031021118e-3
18,6,1,1,600,127,-3.392696380615e-4,6.599426269531e-4
18,6,1,1,600,128,1.037120819092e-5,1.549720764160e-5
18,6,1,1,600,129,-1.955032348633e-5,3.266334533691e-5
18,6,1,1,600,130,1.206398010254e-4,7.390975952148e-6
18,6,1,1,600,131,6.091594696045e-5,3.933906555176e-6
18,6,1,1,600,132,9.000301361084e-5,-6.747245788574e-5
18,6,1,1,600,133,1.544356346130e-4,-1.122951507568e-4
18,6,1,1,600,134,6.408095359802e-4,-2.307891845703e-4
18,6,1,1,600,135,3.239512443542e-4,-1.142024993896e-4
18,6,1,1,600,136,1.210570335388e-4,6.723403930664e-5
18,6,1,1,600,137,2.059936523438e-4,1.367330551147e-4
18,6,1,1,600,138,5.674362182617e-5,-7.176399230957e-5
18,6,1,1,600,139,1.126527786255e-4,-1.443624496460e-4
18,6,1,1,600,140,3.212690353394e-4,7.612705230713e-4
18,6,1,1,600,141,1.680254936218e-4,3.852844238281e-4
18,6,1,1,600,142,-1.084804534912e-4,-2.045869827271e-3
18,6,1,1,600,143,-3.463029861450e-5,-1.000285148621e-3
18,6,1,1,600,144,-3.974437713623e-4,-3.738403320312e-4
18,6,1,1,600,145,-1.827478408813e-4,-1.908540725708e-4
18,6,1,1,600,146,2.598762512207e-4,-5.023479461670e-4
18,6,1,1,600,147,5.018711090088e-4,-1.014351844788e-3
18,6,1,1,600,148,-1.587867736816e-4,8.021593093872e-4
18,6,1,1,600,149,-3.298521041870e-4,1.593589782715e-3
18,6,1,1,600,150,-1.728534698486e-6,-4.446506500244e-4
18,6,1,1,600,151,-2.978444099426e-4,-7.946491241455e-4
18,6,1,1,600,152,8.869171142578e-5,6.380081176758e-4
18,6,1,1,600,153,1.696348190308e-4,1.271486282349e-3
18,6,1,1,600,154,5.913972854614e-4,-6.449222564697e-4
18,6,1,1,600,155,3.089308738708e-4,-3.110170364380e-4
18,6,1,1,600,156,9.959936141968e-5,5.495548248291e-5
18,6,1,1,600,157,4.976987838745e-5,2.682209014893e-5
18,6,1,1,600,158,-4.811286926270e-4,-1.347064971924e-4
18,6,1,1,600,159,-2.089142799377e-4,2.622604370117e-5
18,6,1,1,600,160,4.124641418457e-5,-9.727478027344e-5
18,6,1,1,600,161,2.491474151611e-5,-3.862380981445e-5
18,6,1,1,600,162,2.098083496094e-4,-8.201599121094e-5
18,6,1,1,600,163,1.506805419922e-4,-2.170801162720e-4
18,6,1,1,600,164,-3.242492675781e-4,-8.280277252197e-4
18,6,1,1,600,165,-1.549720764160e-4,-4.045963287354e-4
18,6,1,1,600,166,-1.826286315918e-4,-6.933212280273e-4
18,6,1,1,600,167,-1.561641693115e-4,-4.291534423828e-4
18,6,1,1,600,168,1.602172851562e-4,-4.446506500244e-5
18,6,1,1,600,169,9.149312973022e-5,-3.755092620850e-5
19,6,1,1,2400,0,-2.290010452271e-4,1.432180404663e-3
19,6,1,1,2400,1,-1.250207424164e-4,7.185935974121e-4
19,6,1,1,2400,2,1.630783081055e-4,-3.373622894287e-5
19,6,1,1,2400,3,1.902580261230e-4,-3.981590270996e-5
19,6,1,1,2400,4,-3.165006637573e-4,7.170438766479e-3
19,6,1,1,2400,5,-5.930662155151e-5,3.799676895142e-3
19,6,1,1,2400,6,-7.262229919434e-4,4.100799560547e-5
19,6,1,1,2400,7,-3.315210342407e-4,1.460313796997e-4
19,6,1,1,2400,8,-2.063214778900e-4,3.540635108948e-3
19,6,1,1,2400,9,-1.150071620941e-4,1.882672309875e-3
19,6,1,1,2400,10,3.055334091187e-4,1.459360122681e-3
19,6,1,1,2400,11,5.576908588409e-4,1.322031021118e-3
19,6,1,1,2400,12,4.791617393494e-4,-3.288984298706e-3
19,6,1,1,2400,13,7.461607456207e-4,-1.504778862000e-3
19,6,1,1,2400,14,-1.142024993896e-4,-1.776218414307e-4
19,6,1,1,2400,15,-3.683567047119e-5,-4.184246063232e-5
19,6,1,1,2400,16,-2.498030662537e-4,-2.799034118652e-4
19,6,1,1,2400,17,-1.036822795868e-4,-7.820129394531e-5
19,6,1,1,2400,18,5.509853363037e-4,4.347443580627e-3
19,6,1,1,2400,19,3.120303153992e-4,2.220630645752e-3
19,6,1,1,2400,20,-1.484155654907e-5,8.227825164795e-4
19,6,1,1,2400,21,-7.241964340210e-6,4.172325134277e-4
19,6,1,1,2400,22,2.682209014893e-6,1.587867736816e-4
19,6,1,1,2400,23,9.536743164062e-6,6.914138793945e-5
19,6,1,1,2400,24,-1.209676265717e-4,-1.206398010254e-4
19,6,1,1,2400,25,-1.397728919983e-4,-1.182556152344e-4
19,6,1,1,2400,26,6.072819232941e-4,-5.787611007690e-4
19,6,1,1,2400,27,3.230869770050e-4,-2.698898315430e-4
19,6,1,1,2400,28,2.801418304443e-5,-2.745389938354e-4
19,6,1,1,2400,29,1.755356788635e-5,3.143548965454e-4
19,6,1,1,2400,30,2.604722976685e-5,7.510185241699e-5
19,6,1,1,2400,31,1.180171966553e-5,3.552436828613e-5
19,6,1,1,2400,32,-8.058547973633e-5,-2.120733261108e-4
19,6,1,1,2400,33,-4.303455352783e-5,-8.285045623779e-5
19,6,1,1,2400,34,9.639859199524e-4,-2.258539199829e-3
19,6,1,1,2400,35,1.708388328552e-3,-4.256606101990e-3
19,6,1,1,2400,36,3.117322921753e-5,3.381490707397e-3
19,6,1,1,2400,37,1.814961433411e-5,1.693248748779e-3
19,6,1,1,2400,38,-2.858042716980e-5,1.022100448608e-3
19,6,1,1,2400,39,-8.761882781982e-6,5.122423171997e-4
19,6,1,1,2400,40,-1.244544982910e-4,-6.650686264038e-4
19,6,1,1,2400,41,-5.969405174255e-5,-3.169775009155e-4
19,6,1,1,2400,42,1.608431339264e-4,2.250790596008e-3
19,6,1,1,2400,43,5.437731742859e-4,3.028035163879e-3
19,6,1,1,2400,44,-1.725852489471e-4,3.175735473633e-4
19,6,1,1,2400,45,-9.626150131226e-5,1.745223999023e-4
19,6,1,1,2400,46,-3.540515899658e-5,-1.090049743652e-3
19,6,1,1,2400,47,7.092952728271e-6,-5.848407745361e-4
19,6,1,1,2400,48,1.478791236877e-4,-3.457069396973e-4
19,6,1,1,2400,49,7.063150405884e-5,-6.797313690186e-4
19,6,1,1,2400,50,-4.453063011169e-4,5.511045455933e-3
19,6,1,1,2400,51,-2.060532569885e-4,2.668499946594e-3
19,6,1,1,2400,52,-8.977055549622e-4,7.218480110168e-3
19,6,1,1,2400,53,-3.775954246521e-4,3.457188606262e-3
19,6,1,1,2400,54,-7.800459861755e-4,-1.029372215271e-3
19,6,1,1,2400,55,-3.387629985809e-4,-4.823207855225e-4
19,6,1,1,2400,56,-4.818141460419e-4,-3.619194030762e-4
19,6,1,1,2400,57,-1.827478408813e-4,-1.238584518433e-4
19,6,1,1,2400,58,1.704692840576e-5,-3.483176231384e-3
19,6,1,1,2400,59,1.937150955200e-5,-1.492261886597e-3
19,6,1,1,2400,60,7.262527942657e-4,-3.243923187256e-3
19,6,1,1,2400,61,4.060864448547e-4,-1.574277877808e-3
19,6,1,1,2400,62,-1.516938209534e-4,-1.879453659058e-3
19,6,1,1,2400,63,-2.783536911011e-5,-9.874105453491e-4
19,6,1,1,2400,64,-2.368092536926e-4,2.806901931763e-3
19,6,1,1,2400,65,-8.755922317505e-5,1.430273056030e-3
19,6,1,1,2400,66,-2.377480268478e-3,9.805440902710e-3
19,6,1,1,2400,67,-1.107186079025e-3,5.004525184631e-3
19,6,1,1,2400,68,7.157623767853e-4,-1.055932044983e-2
19,6,1,1,2400,69,4.148781299591e-4,-5.256891250610e-3
19,6,1,1,2400,70,-7.031857967377e-4,2.337217330933e-3
19,6,1,1,2400,71,-2.799630165100e-4,1.197576522827e-3
19,6,1,1,2400,72,-5.630850791931e-4,7.796287536621e-5
19,6,1,1,2400,73,-2.095401287079e-4,-9.536743164062e-6
19,6,1,1,2400,74,-1.219213008881e-3,3.248333930969e-3
19,6,1,1,2400,75,-5.407333374023e-4,1.656651496887e-3
19,6,1,1,2400,76,-4.826188087463e-4,3.405690193176e-3
19,6,1,1,2400,77,-1.818537712097e-4,1.729607582092e-3
19,6,1,1,2400,78,5.996525287628e-4,-4.625320434570e-4
19,6,1,1,2400,79,3.804564476013e-4,-1.609325408936e-4
19,6,1,1,2400,80,-1.015186309814e-3,3.935575485229e-3
19,6,1,1,2400,81,-4.719197750092e-4,1.938581466675e-3
19,6,1,1,2400,82,8.372664451599e-4,-2.644538879395e-3
19,6,1,1,2400,83,4.531741142273e-4,-1.310586929321e-3
19,6,1,1,2400,84,9.129047393799e-4,-1.196074485779e-2
19,6,1,1,2400,85,5.035996437073e-4,-5.933284759521e-3
19,6,1,1,2400,86,-1.093149185181e-3,-1.307487487793e-3
19,6,1,1,2400,87,-5.143880844116e-4,-6.316900253296e-4
19,6,1,1,2400,88,-4.809498786926e-4,9.866952896118e-4
19,6,1,1,2400,89,-2.234876155853e-4,6.227493286133e-4
19,6,1,1,2400,90,-9.751319885254e-5,3.318428993225e-3
19,6,1,1,2400,91,-2.869963645935e-5,1.853227615356e-3
19,6,1,1,2400,92,3.976225852966e-4,-1.281499862671e-4
19,6,1,1,2400,93,2.136230468750e-4,-2.717971801758e-5
19,6,1,1,2400,94,-1.809597015381e-4,-5.457878112793e-3
19,6,1,1,2400,95,-7.015466690063e-5,-2.713203430176e-3
19,6,1,1,2400,96,5.030035972595e-4,9.436607360840e-4
19,6,1,1,2400,97,2.469420433044e-4,1.793503761292e-3
19,6,1,1,2400,98,1.126080751419e-3,-1.057863235474e-2
19,6,1,1,2400,99,1.650959253311e-3,-1.443624496460e-2
19,6,1,1,2400,100,-4.408359527588e-4,4.704117774963e-3
19,6,1,1,2400,101,-8.928477764130e-4,9.124517440796e-3
19,6,1,1,2400,102,1.241564750671e-4,-1.083731651306e-3
19,6,1,1,2400,103,1.225471496582e-4,-5.843639373779e-4
19,6,1,1,2400,104,-4.145503044128e-5,3.091096878052e-4
19,6,1,1,2400,105,5.498528480530e-5,8.897781372070e-4
19,6,1,1,2400,106,-1.573562622070e-4,4.482269287109e-4
19,6,1,1,2400,107,-4.863739013672e-5,2.185106277466e-4
19,6,1,1,2400,108,-2.025961875916e-4,1.204490661621e-3
19,6,1,1,2400,109,-6.231665611267e-5,6.339550018311e-4
19,6,1,1,2400,110,4.079937934875e-4,-2.043247222900e-4
19,6,1,1,2400,111,5.576610565186e-4,-6.831884384155e-4
19,6,1,1,2400,112,-2.991855144501e-4,7.889270782471e-4
19,6,1,1,2400,113,-1.621246337891e-4,3.997087478638e-4
19,6,1,1,2400,114,7.092952728271e-5,-1.137256622314e-4
19,6,1,1,2400,115,4.088878631592e-5,-6.699562072754e-5
19,6,1,1,2400,116,-9.125471115112e-5,5.341768264771e-4
19,6,1,1,2400,117,-5.066394805908e-5,2.675056457520e-4
19,6,1,1,2400,118,4.252493381500e-4,-1.559257507324e-4
19,6,1,1,2400,119,2.378523349762e-4,-3.099441528320e-6
19,6,1,1,2400,120,-9.417533874512e-6,-1.490116119385e-4
19,6,1,1,2400,121,-6.288290023804e-6,-8.618831634521e-5
19,6,1,1,2400,122,-1.539587974548e-4,1.085042953491e-3
19,6,1,1,2400,123,-6.914138793945e-5,5.447864532471e-4
19,6,1,1,2400,124,3.833174705505e-4,-4.975199699402e-3
19,6,1,1,2400,125,2.496540546417e-4,-2.577304840088e-3
19,6,1,1,2400,126,-1.271903514862e-3,8.849143981934e-3
19,6,1,1,2400,127,-6.061196327209e-4,4.454612731934e-3
19,6,1,1,2400,128,7.055401802063e-4,-8.566379547119e-3
19,6,1,1,2400,129,3.672838211060e-4,-4.254579544067e-3
19,6,1,1,2400,130,-1.791715621948e-4,8.341073989868e-4
19,6,1,1,2400,131,-7.075071334839e-5,4.181861877441e-4
19,6,1,1,2400,132,5.960464477539e-8,-9.536743164062e-7
19,6,1,1,2400,133,0.000000000000e0,7.152557373047e-7
19,6,1,1,2400,134,0.000000000000e0,0.000000000000e0
19,6,1,1,2400,135,0.000000000000e0,0.000000000000e0
19,6,1,1,2400,136,0.000000000000e0,0.000000000000e0
19,6,1,1,2400,137,0.000000000000e0,-1.788139343262e-6
19,6,1,1,2400,138,0.000000000000e0,0.000000000000e0
19,6,1,1,2400,139,-3.188848495483e-6,-3.814697265625e-6
19,6,1,1,2400,140,0.000000000000e0,0.000000000000e0
19,6,1,1,2400,141,-8.344650268555e-7,-3.337860107422e-6
19,6,1,1,2400,142,5.620718002319e-5,1.430511474609e-6
19,6,1,1,2400,143,2.217292785645e-5,-2.861022949219e-6
19,6,1,1,2400,144,-4.070997238159e-5,3.933906555176e-6
19,6,1,1,2400,145,-2.357363700867e-5,1.144409179688e-5
19,6,1,1,2400,146,-6.115436553955e-5,1.001358032227e-5
19,6,1,1,2400,147,-2.571940422058e-5,1.668930053711e-6
19,6,1,1,2400,148,-3.325939178467e-5,1.926422119141e-4
19,6,1,1,2400,149,-1.034140586853e-5,9.632110595703e-5
19,6,1,1,2400,150,3.126263618469e-5,2.710819244385e-4
19,6,1,1,2400,151,6.046891212463e-5,5.798339843750e-4
19,6,1,1,2400,152,2.127885818481e-5,7.867813110352e-5
19,6,1,1,2400,153,4.255771636963e-5,1.566410064697e-4
19,6,1,1,2400,154,3.522634506226e-5,2.145767211914e-4
19,6,1,1,2400,155,1.770257949829e-5,1.016855239868e-4
19,6,1,1,2400,156,4.881620407104e-5,-7.867813110352e-5
19,6,1,1,2400,157,9.715557098389e-5,-1.500844955444e-4
19,6,1,1,2400,158,9.566545486450e-6,4.768371582031e-6
19,6,1,1,2400,159,1.910328865051e-5,9.298324584961e-6
19,6,1,1,2400,160,-3.635883331299e-5,2.174377441406e-4
19,6,1,1,2400,161,-7.438659667969e-5,4.345178604126e-4
19,6,1,1,2400,162,4.253983497620e-4,-2.055048942566e-3
19,6,1,1,2400,163,8.340477943420e-4,-4.133462905884e-3
19,6,1,1,2400,164,-8.055567741394e-5,1.727819442749e-3
19,6,1,1,2400,165,-3.232955932617e-4,2.984046936035e-3
19,6,1,1,2400,166,-5.337595939636e-5,-9.632110595703e-4
19,6,1,1,2400,167,-2.059340476990e-5,-4.748106002808e-4
19,6,1,1,2400,168,3.579258918762e-5,-2.386927604675e-3
19,6,1,1,2400,169,1.098513603210e-4,-1.778006553650e-3
20,6,1,1,4200,0,-1.284480094910e-4,3.407478332520e-3
20,6,1,1,4200,1,-2.812147140503e-4,6.836652755737e-3
20,6,1,1,4200,2,9.423494338989e-5,1.811027526855e-3
20,6,1,1,4200,3,1.159012317657e-4,3.799200057983e-3
20,6,1,1,4200,4,4.306435585022e-5,-2.673625946045e-3
20,6,1,1,4200,5,4.374980926514e-5,-5.672216415405e-3
20,6,1,1,4200,6,1.278519630432e-4,-5.311965942383e-4
20,6,1,1,4200,7,2.086162567139e-4,-1.340389251709e-3
20,6,1,1,4200,8,1.981556415558e-4,-3.017902374268e-3
20,6,1,1,4200,9,1.061558723450e-4,-1.521348953247e-3
20,6,1,1,4200,10,1.332163810730e-4,-3.252983093262e-3
20,6,1,1,4200,11,8.967518806458e-5,-6.345510482788e-3
20,6,1,1,4200,12,3.887712955475e-4,2.176761627197e-4
20,6,1,1,4200,13,2.825856208801e-4,9.155273437500e-5
20,6,1,1,4200,14,8.231401443481e-5,8.273124694824e-5
20,6,1,1,4200,15,4.124641418457e-5,4.148483276367e-5
20,6,1,1,4200,16,0.000000000000e0,0.000000000000e0
20,6,1,1,4200,17,-1.138448715210e-5,2.717971801758e-5
20,6,1,1,4200,18,0.000000000000e0,0.000000000000e0
20,6,1,1,4200,19,0.000000000000e0,6.437301635742e-6
20,6,1,1,4200,20,0.000000000000e0,0.000000000000e0
20,6,1,1,4200,21,-2.086162567139e-7,0.000000000000e0
20,6,1,1,4200,22,0.000000000000e0,0.000000000000e0
20,6,1,1,4200,23,-1.162290573120e-6,0.000000000000e0
20,6,1,1,4200,24,0.000000000000e0,0.000000000000e0
20,6,1,1,4200,25,0.000000000000e0,4.768371582031e-7
20,6,1,1,4200,26,0.000000000000e0,0.000000000000e0
20,6,1,1,4200,27,0.000000000000e0,0.000000000000e0
20,6,1,1,4200,28,0.000000000000e0,0.000000000000e0
20,6,1,1,4200,29,0.000000000000e0,0.000000000000e0
20,6,1,1,4200,30,1.680850982666e-5,-3.480911254883e-5
20,6,1,1,4200,31,3.471970558167e-5,-6.914138793945e-5
20,6,1,1,4200,32,1.060068607330e-4,1.788139343262e-5
20,6,1,1,4200,33,5.006790161133e-5,4.577636718750e-5
20,6,1,1,4200,34,-3.820657730103e-5,-1.451969146729e-4
20,6,1,1,4200,35,-1.859664916992e-5,-7.152557373047e-5
20,6,1,1,4200,36,9.101629257202e-5,-1.430511474609e-6
20,6,1,1,4200,37,1.834034919739e-4,-6.437301635742e-6
20,6,1,1,4200,38,0.000000000000e0,0.000000000000e0
20,6,1,1,4200,39,4.881620407104e-5,-1.192092895508e-6
20,6,1,1,4200,40,1.266598701477e-5,-8.583068847656e-6
20,6,1,1,4200,41,0.000000000000e0,0.000000000000e0
20,6,1,1,4200,42,2.637505531311e-5,-1.525878906250e-5
20,6,1,1,4200,43,0.000000000000e0,0.000000000000e0
20,6,1,1,4200,44,2.098083496094e-5,-1.316070556641e-4
20,6,1,1,4200,45,4.127621650696e-5,-2.770423889160e-4
20,6,1,1,4200,46,5.698204040527e-5,1.936912536621e-3
20,6,1,1,4200,47,2.947449684143e-5,9.672641754150e-4
20,6,1,1,4200,48,3.817379474640e-4,3.664016723633e-3
20,6,1,1,4200,49,1.306533813477e-4,1.149463653564e-2
20,6,1,1,4200,50,-2.146363258362e-4,9.125232696533e-3
20,6,1,1,4200,51,-6.353855133057e-5,4.577636718750e-3
20,6,1,1,4200,52,-1.606345176697e-5,3.035068511963e-3
20,6,1,1,4200,53,-4.217028617859e-5,7.118225097656e-3
20,6,1,1,4200,54,2.078413963318e-4,-2.384185791016e-5
20,6,1,1,4200,55,2.458393573761e-4,-2.794265747070e-4
20,6,1,1,4200,56,-3.036856651306e-5,4.069089889526e-3
20,6,1,1,4200,57,-6.422400474548e-5,1.917362213135e-3
20,6,1,1,4200,58,-7.078051567078e-5,9.110927581787e-3
20,6,1,1,4200,59,-8.153915405273e-5,4.306077957153e-3
20,6,1,1,4200,60,-2.296864986420e-4,1.357936859131e-2
20,6,1,1,4200,61,1.353025436401e-5,4.180431365967e-3
20,6,1,1,4200,62,2.459585666656e-4,2.137184143066e-3
20,6,1,1,4200,63,1.532137393951e-4,4.267692565918e-4
20,6,1,1,4200,64,-4.252791404724e-5,7.119178771973e-4
20,6,1,1,4200,65,-5.179643630981e-5,1.126050949097e-3
20,6,1,1,4200,66,6.544589996338e-5,1.252174377441e-3
20,6,1,1,4200,67,3.594160079956e-5,6.244182586670e-4
20,6,1,1,4200,68,1.130700111389e-4,1.217365264893e-3
20,6,1,1,4200,69,5.796551704407e-5,6.182193756104e-4
20,6,1,1,4200,70,3.629922866821e-5,5.455017089844e-4
20,6,1,1,4200,71,6.133317947388e-5,6.194114685059e-4
20,6,1,1,4200,72,-1.307129859924e-4,6.816387176514e-4
20,6,1,1,4200,73,-1.640021800995e-4,-2.937316894531e-4
20,6,1,1,4200,74,1.032352447510e-4,-3.442764282227e-4
20,6,1,1,4200,75,5.251169204712e-5,-1.714229583740e-4
20,6,1,1,4200,76,2.640485763550e-5,9.732246398926e-4
20,6,1,1,4200,77,1.329183578491e-5,1.856327056885e-3
20,6,1,1,4200,78,6.484985351562e-5,-3.848314285278e-3
20,6,1,1,4200,79,7.420778274536e-5,-7.894515991211e-3
20,6,1,1,4200,80,-9.310245513916e-5,8.578300476074e-4
20,6,1,1,4200,81,-2.542436122894e-4,1.661300659180e-3
20,6,1,1,4200,82,-5.397200584412e-5,-2.940177917480e-3
20,6,1,1,4200,83,-1.366138458252e-4,-5.921602249146e-3
20,6,1,1,4200,84,1.397728919983e-5,1.360416412354e-3
20,6,1,1,4200,85,-2.111196517944e-4,1.688480377197e-3
20,6,1,1,4200,86,-2.449452877045e-4,1.773834228516e-3
20,6,1,1,4200,87,-1.050233840942e-4,9.145736694336e-4
20,6,1,1,4200,88,-2.510249614716e-4,-6.437301635742e-6
20,6,1,1,4200,89,-5.582273006439e-4,9.536743164062e-5
20,6,1,1,4200,90,-1.518726348877e-4,2.622604370117e-6
20,6,1,1,4200,91,-3.403425216675e-4,-6.604194641113e-5
20,6,1,1,4200,92,-1.015365123749e-4,1.039695739746e-2
20,6,1,1,4200,93,-3.515481948853e-4,2.071475982666e-2
20,6,1,1,4200,94,-3.742873668671e-4,2.941846847534e-3
20,6,1,1,4200,95,-1.349449157715e-4,1.497268676758e-3
20,6,1,1,4200,96,-3.194808959961e-4,5.577087402344e-3
20,6,1,1,4200,97,-1.177191734314e-4,2.788782119751e-3
20,6,1,1,4200,98,0.000000000000e0,0.000000000000e0
20,6,1,1,4200,99,1.736879348755e-4,-1.711845397949e-4
20,6,1,1,4200,100,-7.051229476929e-5,1.172327995300e-2
20,6,1,1,4200,101,-1.013278961182e-6,5.872011184692e-3
20,6,1,1,4200,102,4.005432128906e-5,8.113384246826e-4
20,6,1,1,4200,103,-9.119510650635e-6,1.456260681152e-3
20,6,1,1,4200,104,1.142024993896e-4,-6.639957427979e-4
20,6,1,1,4200,105,1.648962497711e-4,-1.370191574097e-3
20,6,1,1,4200,106,-1.232564449310e-3,-2.978801727295e-3
20,6,1,1,4200,107,-5.887150764465e-4,-1.450061798096e-3
20,6,1,1,4200,108,-3.570318222046e-4,6.518125534058e-3
20,6,1,1,4200,109,-8.334517478943e-4,1.478362083435e-2
20,6,1,1,4200,110,2.142786979675e-4,-4.942655563354e-3
20,6,1,1,4200,111,1.442432403564e-4,-2.400636672974e-3
20,6,1,1,4200,112,-3.958344459534e-4,1.921415328979e-3
20,6,1,1,4200,113,-8.170306682587e-4,3.400325775146e-3
20,6,1,1,4200,114,-3.333091735840e-4,-1.125335693359e-3
20,6,1,1,4200,115,-1.339614391327e-4,-5.433559417725e-4
20,6,1,1,4200,116,-5.795359611511e-4,2.451896667480e-3
20,6,1,1,4200,117,-2.430379390717e-4,1.281023025513e-3
20,6,1,1,4200,118,2.339482307434e-5,9.207725524902e-4
20,6,1,1,4200,119,3.790855407715e-5,5.033016204834e-4
20,6,1,1,4200,120,-6.340146064758e-4,-1.547813415527e-3
20,6,1,1,4200,121,-2.787709236145e-4,-7.069110870361e-4
20,6,1,1,4200,122,-7.116794586182e-5,1.411437988281e-4
20,6,1,1,4200,123,-2.084374427795e-4,2.036094665527e-4
20,6,1,1,4200,124,-1.185953617096e-3,1.144576072693e-2
20,6,1,1,4200,125,-1.273602247238e-3,1.222801208496e-2
20,6,1,1,4200,126,1.156628131866e-4,-3.590583801270e-4
20,6,1,1,4200,127,3.811717033386e-4,-9.870529174805e-5
20,6,1,1,4200,128,-2.313554286957e-4,2.954006195068e-4
20,6,1,1,4200,129,-1.150369644165e-4,1.409053802490e-4
20,6,1,1,4200,130,1.039803028107e-4,-9.038448333740e-4
20,6,1,1,4200,131,5.543231964111e-5,-4.496574401855e-4
20,6,1,1,4200,132,-2.715587615967e-4,1.804828643799e-4
20,6,1,1,4200,133,-1.244246959686e-4,9.632110595703e-5
20,6,1,1,4200,134,1.524686813354e-4,6.937980651855e-5
20,6,1,1,4200,135,8.016824722290e-5,-1.573562622070e-5
20,6,1,1,4200,136,-4.160404205322e-5,-3.657341003418e-4
20,6,1,1,4200,137,-8.699297904968e-5,-6.916522979736e-4
20,6,1,1,4200,138,-1.085996627808e-4,-8.111000061035e-4
20,6,1,1,4200,139,5.125999450684e-6,-4.143714904785e-4
20,6,1,1,4200,140,-5.927681922913e-4,3.517150878906e-3
20,6,1,1,4200,141,-2.630949020386e-4,1.795530319214e-3
20,6,1,1,4200,142,-1.627206802368e-4,4.220008850098e-5
20,6,1,1,4200,143,-8.070468902588e-5,1.692771911621e-5
20,6,1,1,4200,144,-3.477931022644e-5,-5.199909210205e-4
20,6,1,1,4200,145,-6.109476089478e-5,-2.250671386719e-4
20,6,1,1,4200,146,-4.142522811890e-5,8.015632629395e-4
20,6,1,1,4200,147,-9.834766387939e-6,4.041194915771e-4
20,6,1,1,4200,148,-7.042288780212e-5,-6.351470947266e-4
20,6,1,1,4200,149,-2.866983413696e-5,-3.089904785156e-4
20,6,1,1,4200,150,7.379055023193e-5,1.488685607910e-3
20,6,1,1,4200,151,5.057454109192e-5,8.106231689453e-4
20,6,1,1,4200,152,-2.367496490479e-4,-8.563995361328e-4
20,6,1,1,4200,153,-1.105666160583e-4,-4.253387451172e-4
20,6,1,1,4200,154,-2.661943435669e-4,3.712177276611e-4
20,6,1,1,4200,155,-1.039206981659e-4,1.840591430664e-4
20,6,1,1,4200,156,-2.622008323669e-4,1.109123229980e-3
20,6,1,1,4200,157,-1.259446144104e-4,5.595684051514e-4
20,6,1,1,4200,158,-3.106296062469e-4,-1.153945922852e-4
20,6,1,1,4200,159,-3.111064434052e-4,-5.082607269287e-3
20,6,1,1,4200,160,3.721117973328e-4,-6.322860717773e-4
20,6,1,1,4200,161,3.636181354523e-4,-1.715898513794e-3
20,6,1,1,4200,162,5.125999450684e-6,-3.993034362793e-3
20,6,1,1,4200,163,2.315640449524e-5,-1.986503601074e-3
20,6,1,1,4200,164,-3.349781036377e-4,2.774715423584e-3
20,6,1,1,4200,165,-3.940463066101e-4,6.202697753906e-3
20,6,1,1,4200,166,-1.897811889648e-4,5.161285400391e-3
20,6,1,1,4200,167,-6.768107414246e-5,2.622604370117e-3
20,6,1,1,4200,168,-3.032088279724e-4,4.234313964844e-4
20,6,1,1,4200,169,-1.154839992523e-4,1.945495605469e-4
21,7,1,2,600,0,-5.823373794556e-5,5.507469177246e-5
21,7,1,2,600,1,-2.872943878174e-5,2.419948577881e-5
21,7,1,2,600,2,5.626678466797e-5,-3.800392150879e-4
21,7,1,2,600,3,1.627802848816e-4,-8.362531661987e-4
21,7,1,2,600,4,3.069639205933e-5,7.033348083496e-5
21,7,1,2,600,5,2.276897430420e-5,-3.957748413086e-5
21,7,1,2,600,6,2.020597457886e-5,-1.319646835327e-4
21,7,1,2,600,7,2.706050872803e-5,-1.208782196045e-4
21,7,1,2,600,8,2.396106719971e-5,-1.119375228882e-4
21,7,1,2,600,9,4.541873931885e-5,-1.435279846191e-4
21,7,1,2,600,10,2.348423004150e-5,-2.932548522949e-4
21,7,1,2,600,11,2.044439315796e-5,-1.714229583740e-4
21,7,1,2,600,12,2.020597457886e-5,2.641677856445e-4
21,7,1,2,600,13,4.118680953979e-5,5.210638046265e-4
21,7,1,2,600,14,-1.139640808105e-4,4.673004150391e-4
21,7,1,2,600,15,-5.346536636353e-5,2.759695053101e-4
21,7,1,2,600,16,-9.071826934814e-5,3.763437271118e-4
21,7,1,2,600,17,-4.470348358154e-5,1.888275146484e-4
21,7,1,2,600,18,1.225471496582e-4,2.526998519897e-3
21,7,1,2,600,19,-1.019239425659e-4,4.682064056396e-3
21,7,1,2,600,20,1.319646835327e-4,4.410743713379e-5
21,7,1,2,600,21,1.804828643799e-4,-2.512931823730e-4
21,7,1,2,600,22,2.641677856445e-4,6.451606750488e-4
21,7,1,2,600,23,1.444220542908e-4,3.235340118408e-4
21,7,1,2,600,24,1.041293144226e-4,2.566576004028e-4
21,7,1,2,600,25,1.262426376343e-4,6.617307662964e-4
21,7,1,2,600,26,2.690553665161e-4,1.781821250916e-3
21,7,1,2,600,27,5.401968955994e-4,1.316308975220e-3
21,7,1,2,600,28,-3.796815872192e-5,-3.266334533691e-5
21,7,1,2,600,29,-5.686283111572e-5,-6.556510925293e-6
21,7,1,2,600,30,4.541873931885e-5,7.168054580688e-4
21,7,1,2,600,31,1.674890518188e-4,9.858608245850e-4
21,7,1,2,600,32,-3.528594970703e-5,1.549720764160e-6
21,7,1,2,600,33,-9.703636169434e-5,-1.068115234375e-4
21,7,1,2,600,34,5.953311920166e-4,3.728389739990e-3
21,7,1,2,600,35,3.127455711365e-4,1.890063285828e-3
21,7,1,2,600,36,5.960464477539e-6,8.797645568848e-5
21,7,1,2,600,37,-5.364418029785e-7,3.838539123535e-5
21,7,1,2,600,38,2.486705780029e-4,2.150535583496e-4
21,7,1,2,600,39,1.372098922729e-4,1.113414764404e-4
21,7,1,2,600,40,3.063678741455e-5,3.713369369507e-4
21,7,1,2,600,41,2.616643905640e-5,1.881122589111e-4
21,7,1,2,600,42,2.074241638184e-5,6.389617919922e-5
21,7,1,2,600,43,7.724761962891e-5,2.450942993164e-4
21,7,1,2,600,44,-1.692771911621e-4,-1.287460327148e-4
21,7,1,2,600,45,-5.960464477539e-5,-9.322166442871e-5
21,7,1,2,600,46,1.233816146851e-5,1.442432403564e-4
21,7,1,2,600,47,2.205371856689e-5,2.853870391846e-4
21,7,1,2,600,48,-1.052618026733e-4,1.294612884521e-4
21,7,1,2,600,49,-2.203583717346e-4,2.233982086182e-4
21,7,1,2,600,50,2.653598785400e-4,6.186962127686e-5
21,7,1,2,600,51,1.349449157715e-4,3.123283386230e-5
21,7,1,2,600,52,-2.589225769043e-4,-1.740455627441e-5
21,7,1,2,600,53,-1.288056373596e-4,-8.344650268555e-6
21,7,1,2,600,54,2.311468124390e-4,2.056360244751e-4
21,7,1,2,600,55,1.163482666016e-4,1.029968261719e-4
21,7,1,2,600,56,1.768469810486e-4,2.195835113525e-4
21,7,1,2,600,57,8.910894393921e-5,1.103878021240e-4
21,7,1,2,600,58,2.226829528809e-4,-8.106231689453e-5
21,7,1,2,600,59,3.156661987305e-4,3.849267959595e-4
21,7,1,2,600,60,-5.710124969482e-5,3.851652145386e-4
21,7,1,2,600,61,-2.365708351135e-4,6.272792816162e-4
21,7,1,2,600,62,-1.136064529419e-4,-1.248836517334e-3
21,7,1,2,600,63,-1.928806304932e-4,-3.150701522827e-3
21,7,1,2,600,64,6.616115570068e-6,1.308202743530e-3
21,7,1,2,600,65,2.378225326538e-5,6.699562072754e-4
21,7,1,2,600,66,1.716613769531e-4,3.246784210205e-3
21,7,1,2,600,67,1.140832901001e-4,1.644253730774e-3
21,7,1,2,600,68,-1.440048217773e-4,1.882314682007e-4
21,7,1,2,600,69,-2.952218055725e-4,6.977319717407e-4
21,7,1,2,600,70,9.714961051941e-4,9.710788726807e-4
21,7,1,2,600,71,5.984306335449e-4,-1.581907272339e-4
21,7,1,2,600,72,-7.140636444092e-5,-2.015948295593e-3
21,7,1,2,600,73,-1.525878906250e-5,-9.887218475342e-4
21,7,1,2,600,74,2.808570861816e-4,-1.765370368958e-3
21,7,1,2,600,75,-1.746416091919e-5,-6.500482559204e-4
21,7,1,2,600,76,2.731680870056e-4,5.846023559570e-4
21,7,1,2,600,77,1.355409622192e-4,2.977848052979e-4
21,7,1,2,600,78,-4.457235336304e-4,2.659797668457e-3
21,7,1,2,600,79,-2.115964889526e-4,1.347899436951e-3
21,7,1,2,600,80,2.538561820984e-4,-1.966714859009e-3
21,7,1,2,600,81,1.405477523804e-4,-9.607076644897e-4
21,7,1,2,600,82,1.369714736938e-4,8.583068847656e-6
21,7,1,2,600,83,1.351237297058e-4,-2.397298812866e-4
21,7,1,2,600,84,-1.244544982910e-4,2.073049545288e-4
21,7,1,2,600,85,-2.958774566650e-4,1.748800277710e-4
21,7,1,2,600,86,9.882450103760e-5,2.670288085938e-5
21,7,1,2,600,87,1.565217971802e-4,4.746913909912e-4
21,7,1,2,600,88,2.745389938354e-4,2.682209014893e-5
21,7,1,2,600,89,1.475811004639e-4,1.442432403564e-5
21,7,1,2,600,90,1.096129417419e-4,-6.875991821289e-4
21,7,1,2,600,91,7.712841033936e-5,-3.499984741211e-4
21,7,1,2,600,92,2.498626708984e-4,1.404285430908e-4
21,7,1,2,600,93,1.451373100281e-4,8.594989776611e-5
21,7,1,2,600,94,1.565814018250e-4,-3.081560134888e-4
21,7,1,2,600,95,3.727674484253e-4,-9.120702743530e-4
21,7,1,2,600,96,-7.450580596924e-5,-9.670257568359e-4
21,7,1,2,600,97,-2.193450927734e-5,-4.745721817017e-4
21,7,1,2,600,98,3.957152366638e-4,7.593631744385e-5
21,7,1,2,600,99,2.431273460388e-4,-2.867102622986e-3
21,7,1,2,600,100,2.762675285339e-4,3.528594970703e-4
21,7,1,2,600,101,3.339052200317e-4,1.130580902100e-3
21,7,1,2,600,102,5.424022674561e-5,1.524686813354e-4
21,7,1,2,600,103,1.305341720581e-4,5.149841308594e-4
21,7,1,2,600,104,2.920627593994e-4,8.552074432373e-4
21,7,1,2,600,105,4.574656486511e-4,3.494024276733e-4
21,7,1,2,600,106,-5.543231964111e-6,-2.668142318726e-3
21,7,1,2,600,107,3.886222839355e-5,-1.290798187256e-3
21,7,1,2,600,108,9.536743164062e-6,9.465217590332e-5
21,7,1,2,600,109,-2.968311309814e-5,7.128715515137e-5
21,7,1,2,600,110,-3.162026405334e-4,1.097917556763e-3
21,7,1,2,600,111,-1.326799392700e-4,5.793571472168e-4
21,7,1,2,600,112,1.263618469238e-5,6.389617919922e-4
21,7,1,2,600,113,2.515316009521e-5,3.368854522705e-4
21,7,1,2,600,114,2.654790878296e-4,-3.757357597351e-3
21,7,1,2,600,115,1.192092895508e-4,-2.024888992310e-3
21,7,1,2,600,116,1.644492149353e-4,2.384185791016e-4
21,7,1,2,600,117,1.884698867798e-4,5.662441253662e-4
21,7,1,2,600,118,1.162290573120e-5,1.637935638428e-4
21,7,1,2,600,119,-2.920627593994e-6,1.521110534668e-4
21,7,1,2,600,120,1.472830772400e-4,-1.050353050232e-3
21,7,1,2,600,121,1.153945922852e-4,-5.531311035156e-4
21,7,1,2,600,122,2.333521842957e-4,-3.290176391602e-4
21,7,1,2,600,123,1.180171966553e-4,-1.463890075684e-4
21,7,1,2,600,124,1.971125602722e-4,-7.853507995605e-4
21,7,1,2,600,125,1.032352447510e-4,-3.894567489624e-4
21,7,1,2,600,126,-1.779794692993e-4,1.104116439819e-3
21,7,1,2,600,127,-7.283687591553e-5,5.584955215454e-4
21,7,1,2,600,128,5.539655685425e-4,-9.155273437500e-4
21,7,1,2,600,129,1.000642776489e-3,-8.352994918823e-4
21,7,1,2,600,130,5.999803543091e-4,-2.579689025879e-4
21,7,1,2,600,131,3.118515014648e-4,-1.236200332642e-4
21,7,1,2,600,132,1.480579376221e-4,1.404404640198e-3
21,7,1,2,600,133,3.525018692017e-4,2.454161643982e-3
21,7,1,2,600,134,8.785128593445e-4,8.327960968018e-4
21,7,1,2,600,135,4.599094390869e-4,4.258155822754e-4
21,7,1,2,600,136,1.964569091797e-4,-4.230737686157e-4
21,7,1,2,600,137,1.220703125000e-4,-1.819133758545e-4
21,7,1,2,600,138,3.361701965332e-5,7.370710372925e-4
21,7,1,2,600,139,2.712011337280e-5,3.682374954224e-4
21,7,1,2,600,140,2.944469451904e-4,4.589557647705e-5
21,7,1,2,600,141,1.477003097534e-4,2.598762512207e-5
21,7,1,2,600,142,-6.494522094727e-4,1.986265182495e-3
21,7,1,2,600,143,-3.226399421692e-4,1.004099845886e-3
21,7,1,2,600,144,2.450942993164e-4,-4.782676696777e-4
21,7,1,2,600,145,1.181364059448e-4,-2.391338348389e-4
21,7,1,2,600,146,2.104043960571e-4,2.094149589539e-3
21,7,1,2,600,147,4.863739013672e-5,1.044750213623e-3
21,7,1,2,600,148,1.202821731567e-4,-2.461671829224e-4
21,7,1,2,600,149,4.398822784424e-5,-4.041194915771e-5
21,7,1,2,600,150,6.359815597534e-5,1.208782196045e-4
21,7,1,2,600,151,1.119971275330e-4,1.832246780396e-4
21,7,1,2,600,152,3.302097320557e-5,6.406307220459e-4
21,7,1,2,600,153,-5.042552947998e-5,3.950595855713e-4
21,7,1,2,600,154,-3.635883331299e-6,-1.668930053711e-4
21,7,1,2,600,155,3.278255462646e-6,-8.416175842285e-5
21,7,1,2,600,156,1.130104064941e-4,8.550882339478e-4
21,7,1,2,600,157,5.960464477539e-5,4.539489746094e-4
21,7,1,2,600,158,2.960562705994e-4,-2.361059188843e-3
21,7,1,2,600,159,8.553266525269e-5,-1.890897750854e-3
21,7,1,2,600,160,2.434253692627e-4,6.446838378906e-4
21,7,1,2,600,161,1.267790794373e-4,3.235340118408e-4
21,7,1,2,600,162,4.546642303467e-4,9.005069732666e-4
21,7,1,2,600,163,1.296401023865e-4,1.044631004333e-3
21,7,1,2,600,164,1.229643821716e-4,5.348920822144e-4
21,7,1,2,600,165,7.766485214233e-5,2.539157867432e-4
21,7,1,2,600,166,7.240772247314e-4,1.238822937012e-3
21,7,1,2,600,167,4.367232322693e-4,8.771419525146e-4
21,7,1,2,600,168,7.800459861755e-4,1.351714134216e-3
21,7,1,2,600,169,7.535815238953e-4,1.225948333740e-3
22,7,1,2,2400,0,4.827082157135e-4,5.687355995178e-3
22,7,1,2,2400,1,2.688467502594e-4,2.860069274902e-3
22,7,1,2,2400,2,1.162588596344e-4,5.159378051758e-4
22,7,1,2,2400,3,-2.931058406830e-4,1.285552978516e-3
22,7,1,2,2400,4,-9.706616401672e-5,2.719163894653e-4
22,7,1,2,2400,5,-2.267062664032e-4,3.746747970581e-4
22,7,1,2,2400,6,-5.660355091095e-4,-4.512071609497e-4
22,7,1,2,2400,7,-2.637803554535e-4,-2.146959304810e-4
22,7,1,2,2400,8,-4.656314849854e-4,-4.102826118469e-3
22,7,1,2,2400,9,-2.203881740570e-4,-2.044200897217e-3
22,7,1,2,2400,10,-2.644360065460e-4,-5.456209182739e-4
22,7,1,2,2400,11,-5.421340465546e-4,-1.041054725647e-3
22,7,1,2,2400,12,-5.355477333069e-5,-3.584623336792e-4
22,7,1,2,2400,13,-7.799267768860e-5,-5.780458450317e-4
22,7,1,2,2400,14,3.713667392731e-4,5.244016647339e-4
22,7,1,2,2400,15,3.176629543304e-4,1.283884048462e-4
22,7,1,2,2400,16,8.019804954529e-5,-3.656148910522e-4
22,7,1,2,2400,17,4.041194915771e-5,-1.726150512695e-4
22,7,1,2,2400,18,3.978610038757e-5,-4.053115844727e-3
22,7,1,2,2400,19,2.729892730713e-5,-2.018809318542e-3
22,7,1,2,2400,20,2.473294734955e-4,2.491474151611e-3
22,7,1,2,2400,21,6.088614463806e-5,5.501508712769e-4
22,7,1,2,2400,22,-1.457631587982e-4,-1.062393188477e-3
22,7,1,2,2400,23,-6.425380706787e-5,-5.382299423218e-4
22,7,1,2,2400,24,-2.522468566895e-4,-7.735490798950e-4
22,7,1,2,2400,25,-3.227591514587e-5,-6.222724914551e-4
22,7,1,2,2400,26,-2.695620059967e-4,-6.666064262390e-3
22,7,1,2,2400,27,-1.366436481476e-4,-3.348708152771e-3
22,7,1,2,2400,28,1.679658889771e-4,2.809047698975e-3
22,7,1,2,2400,29,9.331107139587e-5,1.392722129822e-3
22,7,1,2,2400,30,-4.506111145020e-5,3.380775451660e-4
22,7,1,2,2400,31,8.341670036316e-5,1.844167709351e-4
22,7,1,2,2400,32,-3.376007080078e-4,3.449440002441e-3
22,7,1,2,2400,33,-1.619756221771e-4,1.745104789734e-3
22,7,1,2,2400,34,7.726252079010e-4,-1.108288764954e-3
22,7,1,2,2400,35,7.286369800568e-4,-2.916932106018e-3
22,7,1,2,2400,36,-1.190602779388e-4,2.374053001404e-3
22,7,1,2,2400,37,-5.069375038147e-5,1.195430755615e-3
22,7,1,2,2400,38,-3.018975257874e-5,1.573562622070e-4
22,7,1,2,2400,39,-6.586313247681e-6,2.682209014893e-5
22,7,1,2,2400,40,-9.268522262573e-6,-1.514315605164e-3
22,7,1,2,2400,41,-2.771615982056e-6,-7.653236389160e-4
22,7,1,2,2400,42,1.118183135986e-4,-2.744793891907e-3
22,7,1,2,2400,43,7.513165473938e-5,-1.361846923828e-3
22,7,1,2,2400,44,-1.443326473236e-4,-2.240180969238e-3
22,7,1,2,2400,45,-7.203221321106e-5,-1.118540763855e-3
22,7,1,2,2400,46,-3.466010093689e-5,-1.225113868713e-3
22,7,1,2,2400,47,-8.869171142578e-5,-2.464175224304e-3
22,7,1,2,2400,48,2.071857452393e-4,7.191896438599e-4
22,7,1,2,2400,49,1.223981380463e-4,-3.329515457153e-4
22,7,1,2,2400,50,9.387731552124e-6,3.800392150879e-4
22,7,1,2,2400,51,1.379847526550e-5,2.007484436035e-4
22,7,1,2,2400,52,9.420514106750e-5,5.014777183533e-3
22,7,1,2,2400,53,6.887316703796e-5,2.531409263611e-3
22,7,1,2,2400,54,1.549720764160e-4,-5.960464477539e-7
22,7,1,2,2400,55,2.552568912506e-4,-6.723403930664e-5
22,7,1,2,2400,56,-1.087188720703e-4,7.518529891968e-4
22,7,1,2,2400,57,-4.872679710388e-5,3.838539123535e-4
22,7,1,2,2400,58,-5.114078521729e-5,-5.962967872620e-3
22,7,1,2,2400,59,1.576542854309e-5,-2.916455268860e-3
22,7,1,2,2400,60,-2.399086952209e-5,-6.862282752991e-3
22,7,1,2,2400,61,2.145767211914e-6,-3.403067588806e-3
22,7,1,2,2400,62,1.235008239746e-4,-1.951217651367e-3
22,7,1,2,2400,63,1.375675201416e-4,-4.593729972839e-3
22,7,1,2,2400,64,1.290738582611e-4,4.848837852478e-3
22,7,1,2,2400,65,8.320808410645e-5,2.475619316101e-3
22,7,1,2,2400,66,-3.966987133026e-4,-1.404285430908e-3
22,7,1,2,2400,67,-1.569986343384e-4,-6.588697433472e-4
22,7,1,2,2400,68,1.192092895508e-4,-2.520918846130e-3
22,7,1,2,2400,69,7.128715515137e-5,-1.400947570801e-3
22,7,1,2,2400,70,1.713037490845e-4,2.811908721924e-3
22,7,1,2,2400,71,8.580088615417e-5,1.187920570374e-3
22,7,1,2,2400,72,-3.062486648560e-4,-1.427531242371e-3
22,7,1,2,2400,73,-1.338720321655e-4,-5.612373352051e-4
22,7,1,2,2400,74,3.394186496735e-4,-2.962350845337e-4
22,7,1,2,2400,75,1.719295978546e-4,-1.559257507324e-4
22,7,1,2,2400,76,-1.697242259979e-4,-1.794099807739e-4
22,7,1,2,2400,77,-6.994605064392e-5,1.728534698486e-5
22,7,1,2,2400,78,-1.043975353241e-4,3.176927566528e-4
22,7,1,2,2400,79,2.279281616211e-4,1.078248023987e-3
22,7,1,2,2400,80,1.560151576996e-4,-4.471540451050e-4
22,7,1,2,2400,81,4.974007606506e-5,-2.211332321167e-4
22,7,1,2,2400,82,2.538859844208e-4,-2.552270889282e-4
22,7,1,2,2400,83,1.350343227386e-4,-1.212358474731e-4
22,7,1,2,2400,84,6.503164768219e-4,2.199292182922e-3
22,7,1,2,2400,85,3.738403320312e-4,1.188397407532e-3
22,7,1,2,2400,86,-8.431077003479e-5,1.405596733093e-3
22,7,1,2,2400,87,-9.447336196899e-6,7.071495056152e-4
22,7,1,2,2400,88,1.510083675385e-4,-9.055137634277e-4
22,7,1,2,2400,89,9.039044380188e-5,-7.787942886353e-4
22,7,1,2,2400,90,-1.117289066315e-4,-1.802325248718e-3
22,7,1,2,2400,91,7.748603820801e-6,-9.143352508545e-5
22,7,1,2,2400,92,-4.182159900665e-4,7.790446281433e-3
22,7,1,2,2400,93,-1.751184463501e-4,3.929972648621e-3
22,7,1,2,2400,94,1.560151576996e-4,-2.184391021729e-3
22,7,1,2,2400,95,1.188218593597e-4,-1.104235649109e-3
22,7,1,2,2400,96,-1.197755336761e-4,-3.834605216980e-3
22,7,1,2,2400,97,6.261467933655e-5,-1.022815704346e-3
22,7,1,2,2400,98,-8.529722690582e-4,-2.442717552185e-3
22,7,1,2,2400,99,-2.346932888031e-4,-5.589365959167e-3
22,7,1,2,2400,100,-2.733767032623e-4,-2.558231353760e-3
22,7,1,2,2400,101,2.011656761169e-5,-1.298069953918e-3
22,7,1,2,2400,102,8.503198623657e-4,4.748821258545e-3
22,7,1,2,2400,103,4.431307315826e-4,2.406954765320e-3
22,7,1,2,2400,104,4.568696022034e-5,1.285672187805e-3
22,7,1,2,2400,105,2.050399780273e-5,7.647275924683e-4
22,7,1,2,2400,106,-1.010000705719e-4,-2.179741859436e-3
22,7,1,2,2400,107,-3.466010093689e-5,-1.057028770447e-3
22,7,1,2,2400,108,2.507269382477e-4,-1.540064811707e-3
22,7,1,2,2400,109,2.041757106781e-4,-3.956556320190e-4
22,7,1,2,2400,110,1.875460147858e-4,-1.298189163208e-4
22,7,1,2,2400,111,3.777444362640e-4,-8.882284164429e-4
22,7,1,2,2400,112,-4.519522190094e-4,1.120686531067e-3
22,7,1,2,2400,113,-1.828670501709e-4,7.833242416382e-4
22,7,1,2,2400,114,3.087520599365e-4,-1.489996910095e-3
22,7,1,2,2400,115,2.120435237885e-4,-1.517653465271e-3
22,7,1,2,2400,116,-1.223981380463e-4,-1.587390899658e-3
22,7,1,2,2400,117,-3.427267074585e-6,-7.246732711792e-4
22,7,1,2,2400,118,3.814697265625e-6,5.030632019043e-4
22,7,1,2,2400,119,6.347894668579e-6,2.557039260864e-4
22,7,1,2,2400,120,-1.568794250488e-4,-4.062652587891e-4
22,7,1,2,2400,121,-7.483363151550e-5,-1.783370971680e-4
22,7,1,2,2400,122,-3.707408905029e-5,1.679778099060e-3
22,7,1,2,2400,123,-7.763504981995e-5,7.489919662476e-4
22,7,1,2,2400,124,2.216398715973e-4,7.678627967834e-3
22,7,1,2,2400,125,1.477003097534e-4,3.947377204895e-3
22,7,1,2,2400,126,8.940696716309e-5,-7.486343383789e-5
22,7,1,2,2400,127,4.827976226807e-5,-3.004074096680e-5
22,7,1,2,2400,128,3.347396850586e-4,-1.711726188660e-3
22,7,1,2,2400,129,1.985132694244e-4,-8.192062377930e-4
22,7,1,2,2400,130,1.950263977051e-4,-2.617955207825e-3
22,7,1,2,2400,131,9.632110595703e-5,-1.248359680176e-3
22,7,1,2,2400,132,5.259513854980e-4,1.278996467590e-3
22,7,1,2,2400,133,2.709329128265e-4,6.718635559082e-4
22,7,1,2,2400,134,-1.812279224396e-4,-1.410365104675e-3
22,7,1,2,2400,135,-1.511275768280e-4,-1.365780830383e-3
22,7,1,2,2400,136,-2.516806125641e-4,-1.496195793152e-3
22,7,1,2,2400,137,-1.201927661896e-4,-7.139444351196e-4
22,7,1,2,2400,138,4.634261131287e-5,-1.756191253662e-3
22,7,1,2,2400,139,-1.326203346252e-5,-9.498596191406e-4
22,7,1,2,2400,140,5.949437618256e-4,9.092926979065e-3
22,7,1,2,2400,141,3.094971179962e-4,4.521846771240e-3
22,7,1,2,2400,142,6.112158298492e-4,-3.560781478882e-4
22,7,1,2,2400,143,1.385211944580e-4,-4.321336746216e-4
22,7,1,2,2400,144,4.664957523346e-4,1.950263977051e-3
22,7,1,2,2400,145,2.501010894775e-4,1.003861427307e-3
22,7,1,2,2400,146,4.432201385498e-4,4.211902618408e-3
22,7,1,2,2400,147,3.778040409088e-4,2.667546272278e-3
22,7,1,2,2400,148,2.384185791016e-6,-7.567405700684e-4
22,7,1,2,2400,149,3.632903099060e-5,-3.771781921387e-4
22,7,1,2,2400,150,-1.630187034607e-5,-1.514554023743e-3
22,7,1,2,2400,151,-1.162290573120e-4,-2.703785896301e-3
22,7,1,2,2400,152,-6.303191184998e-5,1.840591430664e-4
22,7,1,2,2400,153,-6.809830665588e-5,-2.437829971313e-4
22,7,1,2,2400,154,6.869435310364e-5,-9.406805038452e-4
22,7,1,2,2400,155,3.337860107422e-5,-4.352331161499e-4
22,7,1,2,2400,156,-2.026557922363e-6,-2.963066101074e-3
22,7,1,2,2400,157,-6.049871444702e-6,-1.685023307800e-3
22,7,1,2,2400,158,1.403391361237e-4,2.975463867188e-4
22,7,1,2,2400,159,8.678436279297e-5,3.577470779419e-4
22,7,1,2,2400,160,-1.421868801117e-4,-1.261711120605e-3
22,7,1,2,2400,161,-6.985664367676e-5,-6.290674209595e-4
22,7,1,2,2400,162,-1.916289329529e-5,9.485483169556e-4
22,7,1,2,2400,163,-9.036064147949e-5,2.487897872925e-4
22,7,1,2,2400,164,0.000000000000e0,0.000000000000e0
22,7,1,2,2400,165,-8.583068847656e-5,-1.195669174194e-4
22,7,1,2,2400,166,-1.446008682251e-4,-3.916025161743e-4
22,7,1,2,2400,167,-5.963444709778e-5,-1.878738403320e-4
22,7,1,2,2400,168,-6.088614463806e-5,-1.403093338013e-4
22,7,1,2,2400,169,2.980232238770e-8,-1.549720764160e-6
23,7,1,2,4200,0,-1.960992813110e-5,1.064300537109e-3
23,7,1,2,4200,1,3.048777580261e-5,4.940032958984e-4
23,7,1,2,4200,2,-4.059076309204e-5,2.985000610352e-4
23,7,1,2,4200,3,-2.020597457886e-5,1.493692398071e-4
23,7,1,2,4200,4,1.021623611450e-4,-1.359224319458e-3
23,7,1,2,4200,5,5.507469177246e-5,-6.456375122070e-4
23,7,1,2,4200,6,-1.681149005890e-4,9.555816650391e-4
23,7,1,2,4200,7,-8.225440979004e-5,4.855394363403e-4
23,7,1,2,4200,8,-1.114010810852e-4,3.509521484375e-3
23,7,1,2,4200,9,-3.570318222046e-5,1.765370368958e-3
23,7,1,2,4200,10,-1.323223114014e-5,4.410743713379e-6
23,7,1,2,4200,11,-5.751848220825e-6,-2.133846282959e-5
23,7,1,2,4200,12,-4.413723945618e-5,-2.801418304443e-5
23,7,1,2,4200,13,-1.370906829834e-5,-3.218650817871e-5
23,7,1,2,4200,14,-4.772245883942e-4,-2.153396606445e-3
23,7,1,2,4200,15,-2.307891845703e-4,-1.252889633179e-3
23,7,1,2,4200,16,1.685619354248e-4,2.822875976562e-4
23,7,1,2,4200,17,8.535385131836e-5,1.060962677002e-4
23,7,1,2,4200,18,2.580881118774e-5,-7.271766662598e-5
23,7,1,2,4200,19,1.320242881775e-5,-3.468990325928e-5
23,7,1,2,4200,20,-1.408457756042e-4,1.882672309875e-3
23,7,1,2,4200,21,-2.704858779907e-4,4.040241241455e-3
23,7,1,2,4200,22,1.866221427917e-4,-9.192228317261e-4
23,7,1,2,4200,23,9.518861770630e-5,-4.975795745850e-4
23,7,1,2,4200,24,1.947879791260e-4,-6.852149963379e-4
23,7,1,2,4200,25,9.983777999878e-5,-3.376007080078e-4
23,7,1,2,4200,26,3.904104232788e-5,-1.500844955444e-4
23,7,1,2,4200,27,7.575750350952e-5,-2.220869064331e-4
23,7,1,2,4200,28,-1.391470432281e-4,5.871057510376e-4
23,7,1,2,4200,29,-2.327561378479e-4,1.252174377441e-3
23,7,1,2,4200,30,-2.108812332153e-4,-6.253719329834e-4
23,7,1,2,4200,31,-5.170106887817e-4,-1.504898071289e-3
23,7,1,2,4200,32,-1.339018344879e-4,1.382827758789e-4
23,7,1,2,4200,33,-4.668533802032e-4,-3.955364227295e-4
23,7,1,2,4200,34,-3.780424594879e-4,-8.896589279175e-4
23,7,1,2,4200,35,-1.836121082306e-4,-4.253387451172e-4
23,7,1,2,4200,36,-1.765787601471e-4,5.118608474731e-3
23,7,1,2,4200,37,-3.514587879181e-4,1.061785221100e-2
23,7,1,2,4200,38,-4.394352436066e-4,3.176212310791e-3
23,7,1,2,4200,39,-2.152919769287e-4,1.594305038452e-3
23,7,1,2,4200,40,2.274215221405e-4,-2.287745475769e-3
23,7,1,2,4200,41,2.512335777283e-4,-4.828453063965e-3
23,7,1,2,4200,42,2.402067184448e-5,2.548694610596e-4
23,7,1,2,4200,43,-9.703636169434e-5,8.232593536377e-4
23,7,1,2,4200,44,1.585185527802e-4,4.030466079712e-3
23,7,1,2,4200,45,2.026557922363e-4,4.775285720825e-3
23,7,1,2,4200,46,-8.881092071533e-5,-3.145933151245e-3
23,7,1,2,4200,47,-2.744793891907e-5,-1.559972763062e-3
23,7,1,2,4200,48,7.718801498413e-6,3.282546997070e-3
23,7,1,2,4200,49,-2.086162567139e-5,4.535913467407e-3
23,7,1,2,4200,50,-4.597008228302e-4,5.656480789185e-4
23,7,1,2,4200,51,-1.497268676758e-4,2.962350845337e-4
23,7,1,2,4200,52,-5.388855934143e-4,2.337574958801e-3
23,7,1,2,4200,53,-7.969439029694e-4,7.985353469849e-3
23,7,1,2,4200,54,5.083084106445e-4,2.781152725220e-4
23,7,1,2,4200,55,4.470348358154e-4,-1.286268234253e-3
23,7,1,2,4200,56,3.542602062225e-4,-8.251667022705e-4
23,7,1,2,4200,57,7.137656211853e-5,-2.850294113159e-4
23,7,1,2,4200,58,1.693665981293e-4,-7.698535919189e-4
23,7,1,2,4200,59,5.495548248291e-5,-1.199245452881e-4
23,7,1,2,4200,60,-3.666877746582e-4,1.334285736084e-2
23,7,1,2,4200,61,-8.112192153931e-4,1.023411750793e-2
23,7,1,2,4200,62,1.841783523560e-5,1.888513565063e-3
23,7,1,2,4200,63,2.130866050720e-4,2.319335937500e-3
23,7,1,2,4200,64,2.451539039612e-4,2.201318740845e-3
23,7,1,2,4200,65,3.065764904022e-4,2.918243408203e-3
23,7,1,2,4200,66,-5.231499671936e-4,-1.952648162842e-4
23,7,1,2,4200,67,-2.398490905762e-4,-8.869171142578e-5
23,7,1,2,4200,68,1.140832901001e-4,2.085208892822e-3
23,7,1,2,4200,69,7.981061935425e-5,1.068353652954e-3
23,7,1,2,4200,70,1.871287822723e-4,-1.237392425537e-4
23,7,1,2,4200,71,3.219544887543e-4,-1.339793205261e-3
23,7,1,2,4200,72,-3.916025161743e-4,2.280473709106e-3
23,7,1,2,4200,73,-6.982684135437e-4,-3.330707550049e-4
23,7,1,2,4200,74,2.620816230774e-4,7.169246673584e-4
23,7,1,2,4200,75,1.720786094666e-4,3.720521926880e-4
23,7,1,2,4200,76,-3.051757812500e-5,-2.216339111328e-3
23,7,1,2,4200,77,-1.255869865417e-4,-4.311919212341e-3
23,7,1,2,4200,78,1.775622367859e-4,-8.964538574219e-5
23,7,1,2,4200,79,2.767443656921e-4,-1.252889633179e-4
23,7,1,2,4200,80,-4.135668277740e-4,2.878189086914e-3
23,7,1,2,4200,81,-3.110766410828e-4,1.626968383789e-3
23,7,1,2,4200,82,-2.409517765045e-4,1.639008522034e-3
23,7,1,2,4200,83,-1.691579818726e-4,2.731561660767e-3
23,7,1,2,4200,84,1.941621303558e-4,3.146767616272e-3
23,7,1,2,4200,85,3.210008144379e-4,6.174683570862e-3
23,7,1,2,4200,86,-7.203221321106e-5,4.213452339172e-3
23,7,1,2,4200,87,-1.102685928345e-5,2.084016799927e-3
23,7,1,2,4200,88,-1.403689384460e-4,8.895397186279e-4
23,7,1,2,4200,89,-4.318058490753e-4,1.144647598267e-3
23,7,1,2,4200,90,-2.604126930237e-4,-7.013082504272e-4
23,7,1,2,4200,91,-6.156563758850e-4,-2.287864685059e-3
23,7,1,2,4200,92,6.783008575439e-5,1.833200454712e-3
23,7,1,2,4200,93,3.516376018524e-4,-8.673667907715e-4
23,7,1,2,4200,94,1.881122589111e-4,1.120209693909e-3
23,7,1,2,4200,95,1.068711280823e-4,6.301403045654e-4
23,7,1,2,4200,96,-7.621347904205e-4,4.125118255615e-3
23,7,1,2,4200,97,-3.560185432434e-4,2.088069915771e-3
23,7,1,2,4200,98,9.173154830933e-5,6.914138793945e-4
23,7,1,2,4200,99,9.745359420776e-5,3.917217254639e-4
23,7,1,2,4200,100,-3.313422203064e-4,-1.659870147705e-3
23,7,1,2,4200,101,-1.398921012878e-4,-8.187294006348e-4
23,7,1,2,4200,102,3.131330013275e-4,-1.101732254028e-3
23,7,1,2,4200,103,2.915263175964e-4,-3.490447998047e-4
23,7,1,2,4200,104,-1.113712787628e-4,-4.724264144897e-4
23,7,1,2,4200,105,-2.411603927612e-4,-9.267330169678e-4
23,7,1,2,4200,106,-6.797909736633e-4,-4.228472709656e-3
23,7,1,2,4200,107,-1.862049102783e-4,-2.081871032715e-3
23,7,1,2,4200,108,2.706050872803e-5,2.562522888184e-3
23,7,1,2,4200,109,3.644824028015e-5,1.297235488892e-3
23,7,1,2,4200,110,-2.752840518951e-4,3.263592720032e-3
23,7,1,2,4200,111,-7.155537605286e-5,1.683950424194e-3
23,7,1,2,4200,112,2.865791320801e-4,-1.337289810181e-3
23,7,1,2,4200,113,1.976490020752e-4,1.742839813232e-4
23,7,1,2,4200,114,-9.831786155701e-5,1.530408859253e-3
23,7,1,2,4200,115,-2.795457839966e-5,8.003711700439e-4
23,7,1,2,4200,116,3.907382488251e-4,9.920239448547e-3
23,7,1,2,4200,117,2.130270004272e-4,4.969120025635e-3
23,7,1,2,4200,118,-1.298189163208e-4,-7.865428924561e-3
23,7,1,2,4200,119,-3.021955490112e-5,-3.882646560669e-3
23,7,1,2,4200,120,-3.649592399597e-4,-5.438685417175e-3
23,7,1,2,4200,121,-1.586675643921e-4,-2.659678459167e-3
23,7,1,2,4200,122,3.046989440918e-4,-5.645751953125e-4
23,7,1,2,4200,123,2.408623695374e-4,-2.140522003174e-3
23,7,1,2,4200,124,-3.569722175598e-4,7.085084915161e-3
23,7,1,2,4200,125,-5.572140216827e-4,7.622003555298e-3
23,7,1,2,4200,126,-1.808404922485e-4,-6.607770919800e-4
23,7,1,2,4200,127,-4.229843616486e-4,-8.053779602051e-4
23,7,1,2,4200,128,-3.352761268616e-4,2.408266067505e-3
23,7,1,2,4200,129,-1.625418663025e-4,1.224279403687e-3
23,7,1,2,4200,130,-3.955364227295e-4,1.752018928528e-3
23,7,1,2,4200,131,-2.262592315674e-4,8.814334869385e-4
23,7,1,2,4200,132,5.576014518738e-4,3.349065780640e-3
23,7,1,2,4200,133,2.635121345520e-4,1.682519912720e-3
23,7,1,2,4200,134,6.002187728882e-5,-2.079248428345e-3
23,7,1,2,4200,135,3.307461738586e-4,-5.145907402039e-3
23,7,1,2,4200,136,-1.842379570007e-4,-1.298189163208e-3
23,7,1,2,4200,137,-3.958344459534e-4,-2.715945243835e-3
23,7,1,2,4200,138,3.964602947235e-4,4.222393035889e-4
23,7,1,2,4200,139,2.067089080811e-4,2.205371856689e-4
23,7,1,2,4200,140,-5.560219287872e-4,7.004022598267e-3
23,7,1,2,4200,141,-2.652406692505e-4,3.527760505676e-3
23,7,1,2,4200,142,-2.036392688751e-4,1.111984252930e-3
23,7,1,2,4200,143,-8.797645568848e-5,5.731582641602e-4
23,7,1,2,4200,144,1.038312911987e-4,5.326271057129e-4
23,7,1,2,4200,145,-1.198053359985e-5,1.818180084229e-3
23,7,1,2,4200,146,1.662373542786e-4,-1.048922538757e-3
23,7,1,2,4200,147,9.107589721680e-5,-5.075931549072e-4
23,7,1,2,4200,148,4.252195358276e-4,3.950715065002e-3
23,7,1,2,4200,149,1.745223999023e-4,1.770973205566e-3
23,7,1,2,4200,150,-3.468394279480e-4,-3.788709640503e-3
23,7,1,2,4200,151,-7.942318916321e-5,-1.839995384216e-3
23,7,1,2,4200,152,-6.181001663208e-5,9.194612503052e-4
23,7,1,2,4200,153,-9.566545486450e-6,4.827976226807e-4
23,7,1,2,4200,154,1.823902130127e-5,-1.878499984741e-3
23,7,1,2,4200,155,6.756186485291e-5,-8.907318115234e-4
23,7,1,2,4200,156,-4.221200942993e-4,3.290176391602e-4
23,7,1,2,4200,157,-1.834928989410e-4,8.058547973633e-5
23,7,1,2,4200,158,3.951191902161e-4,4.690885543823e-3
23,7,1,2,4200,159,1.772642135620e-4,2.643823623657e-3
23,7,1,2,4200,160,-2.367496490479e-4,-4.937648773193e-4
23,7,1,2,4200,161,-1.710057258606e-4,-3.061294555664e-4
23,7,1,2,4200,162,-7.200241088867e-4,-2.197980880737e-3
23,7,1,2,4200,163,-3.292560577393e-4,-1.047611236572e-3
23,7,1,2,4200,164,5.098283290863e-4,7.034540176392e-4
23,7,1,2,4200,165,1.804232597351e-4,6.328821182251e-4
23,7,1,2,4200,166,-1.171231269836e-5,3.728866577148e-4
23,7,1,2,4200,167,-7.152557373047e-6,2.021789550781e-4
23,7,1,2,4200,168,5.942583084106e-5,1.480579376221e-4
23,7,1,2,4200,169,3.251433372498e-5,7.545948028564e-5
24,8,1,3,600,0,0.000000000000e0,0.000000000000e0
24,8,1,3,600,1,0.000000000000e0,0.000000000000e0
24,8,1,3,600,2,9.232759475708e-5,1.295804977417e-4
24,8,1,3,600,3,4.619359970093e-5,6.484985351562e-5
24,8,1,3,600,4,6.026029586792e-5,-3.242492675781e-5
24,8,1,3,600,5,3.486871719360e-5,-1.621246337891e-5
24,8,1,3,600,6,7.772445678711e-5,2.076625823975e-4
24,8,1,3,600,7,5.155801773071e-5,1.031160354614e-4
24,8,1,3,600,8,-3.051757812500e-5,1.103878021240e-4
24,8,1,3,600,9,-1.507997512817e-5,5.424022674561e-5
24,8,1,3,600,10,9.220838546753e-5,-7.975101470947e-5
24,8,1,3,600,11,4.631280899048e-5,-4.053115844727e-5
24,8,1,3,600,12,-1.770257949829e-5,1.637935638428e-4
24,8,1,3,600,13,-7.015466690063e-5,2.046823501587e-4
24,8,1,3,600,14,8.559226989746e-5,7.510185241699e-5
24,8,1,3,600,15,4.291534423828e-5,3.635883331299e-5
24,8,1,3,600,16,4.162192344666e-4,-6.220340728760e-4
24,8,1,3,600,17,2.096295356750e-4,-3.073215484619e-4
24,8,1,3,600,18,-3.004074096680e-5,-1.811981201172e-5
24,8,1,3,600,19,-6.729364395142e-5,-3.838539123535e-5
24,8,1,3,600,20,1.078844070435e-5,2.455711364746e-5
24,8,1,3,600,21,1.460313796997e-5,4.136562347412e-5
24,8,1,3,600,22,1.481175422668e-4,9.822845458984e-5
24,8,1,3,600,23,7.724761962891e-5,5.507469177246e-5
24,8,1,3,600,24,6.467103958130e-5,-2.980232238770e-5
24,8,1,3,600,25,1.216530799866e-4,-6.163120269775e-5
24,8,1,3,600,26,-1.168251037598e-5,-3.659725189209e-5
24,8,1,3,600,27,-3.010034561157e-5,-8.499622344971e-5
24,8,1,3,600,28,2.079606056213e-4,9.927749633789e-4
24,8,1,3,600,29,3.547668457031e-4,1.959681510925e-3
24,8,1,3,600,30,-3.159046173096e-6,-1.931190490723e-5
24,8,1,3,600,31,-6.437301635742e-6,-4.363059997559e-5
24,8,1,3,600,32,9.012222290039e-5,-2.133846282959e-5
24,8,1,3,600,33,1.664757728577e-4,-5.125999450684e-5
24,8,1,3,600,34,4.482865333557e-4,-3.600120544434e-5
24,8,1,3,600,35,2.271533012390e-4,-2.360343933105e-5
24,8,1,3,600,36,4.634857177734e-4,-7.201433181763e-4
24,8,1,3,600,37,3.657937049866e-4,-2.502202987671e-4
24,8,1,3,600,38,9.620189666748e-4,-5.087852478027e-4
24,8,1,3,600,39,4.927515983582e-4,-2.127885818481e-4
24,8,1,3,600,40,7.042884826660e-4,9.428262710571e-4
24,8,1,3,600,41,3.592967987061e-4,4.812479019165e-4
24,8,1,3,600,42,9.644627571106e-4,-9.917020797729e-4
24,8,1,3,600,43,4.520416259766e-4,-6.002187728882e-4
24,8,1,3,600,44,2.891421318054e-4,-1.630306243896e-3
24,8,1,3,600,45,1.843571662903e-4,-7.728338241577e-4
24,8,1,3,600,46,3.356337547302e-4,1.199007034302e-3
24,8,1,3,600,47,3.347396850586e-4,2.302646636963e-3
24,8,1,3,600,48,-2.440810203552e-4,2.529978752136e-3
24,8,1,3,600,49,-3.480911254883e-5,1.803040504456e-3
24,8,1,3,600,50,7.528066635132e-5,-1.208782196045e-3
24,8,1,3,600,51,8.988380432129e-5,-5.943775177002e-4
24,8,1,3,600,52,-4.643797874451e-4,4.382133483887e-4
24,8,1,3,600,53,-1.872181892395e-4,2.266168594360e-4
24,8,1,3,600,54,9.328126907349e-5,4.272460937500e-4
24,8,1,3,600,55,9.316205978394e-5,6.628036499023e-5
24,8,1,3,600,56,-4.135966300964e-4,2.847909927368e-4
24,8,1,3,600,57,-1.961588859558e-4,1.548528671265e-4
24,8,1,3,600,58,-3.132224082947e-4,3.613233566284e-4
24,8,1,3,600,59,-5.719065666199e-4,8.106231689453e-4
24,8,1,3,600,60,1.442432403564e-4,3.635883331299e-5
24,8,1,3,600,61,1.179575920105e-4,2.431869506836e-5
24,8,1,3,600,62,2.980232238770e-5,6.270408630371e-5
24,8,1,3,600,63,5.269050598145e-5,1.314878463745e-4
24,8,1,3,600,64,1.668930053711e-6,-1.215934753418e-5
24,8,1,3,600,65,-7.230043411255e-5,-1.517534255981e-4
24,8,1,3,600,66,-1.162290573120e-5,-1.324415206909e-4
24,8,1,3,600,67,-9.059906005859e-6,-7.295608520508e-5
24,8,1,3,600,68,1.192092895508e-6,-3.480911254883e-5
24,8,1,3,600,69,-6.735324859619e-6,-6.997585296631e-5
24,8,1,3,600,70,1.573562622070e-5,3.981590270996e-5
24,8,1,3,600,71,4.708766937256e-6,2.026557922363e-5
24,8,1,3,600,72,1.609325408936e-6,1.502037048340e-5
24,8,1,3,600,73,1.788139343262e-7,6.675720214844e-6
24,8,1,3,600,74,-2.390146255493e-5,-1.382827758789e-5
24,8,1,3,600,75,-3.600120544434e-5,-3.254413604736e-5
24,8,1,3,600,76,7.027387619019e-5,2.729892730713e-4
24,8,1,3,600,77,4.363059997559e-5,1.052618026733e-4
24,8,1,3,600,78,3.404617309570e-4,2.378106117249e-3
24,8,1,3,600,79,1.774430274963e-4,1.196384429932e-3
24,8,1,3,600,80,-4.303455352783e-4,1.243948936462e-3
24,8,1,3,600,81,-2.038478851318e-4,5.788803100586e-4
24,8,1,3,600,82,4.976987838745e-5,-1.343488693237e-3
24,8,1,3,600,83,6.818771362305e-5,-2.690196037292e-3
24,8,1,3,600,84,1.572966575623e-4,3.428459167480e-4
24,8,1,3,600,85,1.158714294434e-4,7.200241088867e-4
24,8,1,3,600,86,2.121329307556e-4,3.839731216431e-4
24,8,1,3,600,87,4.194378852844e-4,7.760524749756e-4
24,8,1,3,600,88,4.403591156006e-4,-8.029937744141e-4
24,8,1,3,600,89,2.455115318298e-4,-4.110336303711e-4
24,8,1,3,600,90,-3.706812858582e-4,8.940696716309e-6
24,8,1,3,600,91,-1.767277717590e-4,-5.400180816650e-5
24,8,1,3,600,92,3.636479377747e-4,-3.058910369873e-4
24,8,1,3,600,93,1.755356788635e-4,-1.509189605713e-4
24,8,1,3,600,94,-1.425147056580e-4,-6.363391876221e-4
24,8,1,3,600,95,-2.942085266113e-4,-1.265287399292e-3
24,8,1,3,600,96,7.849931716919e-5,-5.716085433960e-4
24,8,1,3,600,97,3.719329833984e-5,-2.899169921875e-4
24,8,1,3,600,98,1.547336578369e-4,7.677078247070e-4
24,8,1,3,600,99,2.281665802002e-4,1.247406005859e-3
24,8,1,3,600,100,-7.730722427368e-5,2.546310424805e-4
24,8,1,3,600,101,-1.575946807861e-4,5.081892013550e-4
24,8,1,3,600,102,-3.285408020020e-4,3.309249877930e-4
24,8,1,3,600,103,-1.465678215027e-4,1.658201217651e-4
24,8,1,3,600,104,-2.520680427551e-4,-3.225803375244e-4
24,8,1,3,600,105,-5.066394805908e-4,-6.453990936279e-4
24,8,1,3,600,106,1.429736614227e-3,2.166032791138e-4
24,8,1,3,600,107,1.210868358612e-3,-3.285408020020e-4
24,8,1,3,600,108,1.330971717834e-4,1.562833786011e-4
24,8,1,3,600,109,1.220107078552e-4,1.035928726196e-4
24,8,1,3,600,110,2.712011337280e-5,2.212524414062e-4
24,8,1,3,600,111,1.126527786255e-5,1.077651977539e-4
24,8,1,3,600,112,2.672672271729e-4,-6.735324859619e-5
24,8,1,3,600,113,2.498626708984e-4,1.382827758789e-5
24,8,1,3,600,114,-1.645088195801e-5,1.922845840454e-4
24,8,1,3,600,115,-5.334615707397e-5,5.221366882324e-5
24,8,1,3,600,116,-6.866455078125e-5,8.583068847656e-6
24,8,1,3,600,117,-1.377463340759e-4,3.099441528320e-5
24,8,1,3,600,118,2.837181091309e-4,-4.214048385620e-4
24,8,1,3,600,119,2.074837684631e-4,-1.281499862671e-4
24,8,1,3,600,120,-7.808208465576e-6,1.775026321411e-4
24,8,1,3,600,121,-1.192092895508e-6,1.009702682495e-4
24,8,1,3,600,122,1.109778881073e-3,-1.407504081726e-3
24,8,1,3,600,123,5.617141723633e-4,-6.971359252930e-4
24,8,1,3,600,124,5.667209625244e-4,1.189708709717e-4
24,8,1,3,600,125,2.860426902771e-4,6.330013275146e-5
24,8,1,3,600,126,2.493262290955e-4,1.741647720337e-3
24,8,1,3,600,127,1.249313354492e-4,8.897781372070e-4
24,8,1,3,600,128,2.169609069824e-4,-2.428293228149e-4
24,8,1,3,600,129,3.867745399475e-4,-2.763271331787e-4
24,8,1,3,600,130,1.294612884521e-4,-9.266138076782e-4
24,8,1,3,600,131,5.358457565308e-5,-4.246234893799e-4
24,8,1,3,600,132,-1.179575920105e-4,-1.348257064819e-4
24,8,1,3,600,133,-2.393126487732e-4,-3.211498260498e-4
24,8,1,3,600,134,-2.707839012146e-4,-9.059906005859e-6
24,8,1,3,600,135,-1.317858695984e-4,-4.172325134277e-6
24,8,1,3,600,136,8.511543273926e-5,-1.562833786011e-4
24,8,1,3,600,137,1.627802848816e-4,-3.242492675781e-4
24,8,1,3,600,138,9.196400642395e-4,-1.464128494263e-3
24,8,1,3,600,139,7.810592651367e-4,-4.487037658691e-4
24,8,1,3,600,140,7.456541061401e-5,5.793571472168e-5
24,8,1,3,600,141,3.939867019653e-5,3.206729888916e-5
24,8,1,3,600,142,-1.168251037598e-5,2.222061157227e-4
24,8,1,3,600,143,-4.351139068604e-6,9.489059448242e-5
24,8,1,3,600,144,8.028745651245e-5,-5.614757537842e-5
24,8,1,3,600,145,4.285573959351e-5,-2.741813659668e-5
24,8,1,3,600,146,1.026988029480e-4,-1.454353332520e-4
24,8,1,3,600,147,-3.165006637573e-5,-1.016855239868e-4
24,8,1,3,600,148,2.908706665039e-5,2.622604370117e-5
24,8,1,3,600,149,5.668401718140e-5,5.221366882324e-5
24,8,1,3,600,150,4.839897155762e-5,-2.635717391968e-4
24,8,1,3,600,151,9.971857070923e-5,-1.180171966553e-4
24,8,1,3,600,152,1.734495162964e-5,-7.545948028564e-5
24,8,1,3,600,153,2.861022949219e-5,-1.586675643921e-4
24,8,1,3,600,154,2.610087394714e-4,3.776550292969e-4
24,8,1,3,600,155,1.404285430908e-4,2.006292343140e-4
24,8,1,3,600,156,1.019835472107e-4,-3.981590270996e-5
24,8,1,3,600,157,5.555152893066e-5,-2.181529998779e-5
24,8,1,3,600,158,3.749132156372e-5,3.137588500977e-4
24,8,1,3,600,159,6.049871444702e-5,6.290674209595e-4
24,8,1,3,600,160,1.699924468994e-4,-3.725290298462e-4
24,8,1,3,600,161,8.076429367065e-5,-1.928806304932e-4
24,8,1,3,600,162,-2.169609069824e-4,5.992650985718e-4
24,8,1,3,600,163,-1.118779182434e-4,-1.263618469238e-5
24,8,1,3,600,164,-4.498958587646e-4,4.420280456543e-4
24,8,1,3,600,165,-2.097487449646e-4,2.343654632568e-4
24,8,1,3,600,166,2.783536911011e-5,-5.921125411987e-4
24,8,1,3,600,167,6.890296936035e-5,-2.913475036621e-4
24,8,1,3,600,168,-5.501508712769e-5,-2.288818359375e-5
24,8,1,3,600,169,-2.241134643555e-5,6.699562072754e-5
25,8,1,3,2400,0,-1.950562000275e-4,-8.391141891479e-3
25,8,1,3,2400,1,-6.791949272156e-5,-4.110097885132e-3
25,8,1,3,2400,2,8.147954940796e-5,-1.721620559692e-3
25,8,1,3,2400,3,-2.728104591370e-4,1.088619232178e-3
25,8,1,3,2400,4,-3.973245620728e-4,-3.674507141113e-3
25,8,1,3,2400,5,-4.248321056366e-4,1.115322113037e-3
25,8,1,3,2400,6,-2.732872962952e-5,-8.269071578979e-3
25,8,1,3,2400,7,3.653764724731e-5,-4.077911376953e-3
25,8,1,3,2400,8,3.403425216675e-5,7.736921310425e-3
25,8,1,3,2400,9,1.384615898132e-4,3.895044326782e-3
25,8,1,3,2400,10,-5.844235420227e-5,1.861095428467e-3
25,8,1,3,2400,11,1.564621925354e-4,1.303195953369e-3
25,8,1,3,2400,12,-7.909536361694e-5,5.826234817505e-3
25,8,1,3,2400,13,1.457333564758e-4,2.811431884766e-3
25,8,1,3,2400,14,2.372264862061e-5,1.311540603638e-3
25,8,1,3,2400,15,2.801418304443e-5,6.759166717529e-4
25,8,1,3,2400,16,-5.424022674561e-6,3.883600234985e-3
25,8,1,3,2400,17,1.126527786255e-5,1.966714859009e-3
25,8,1,3,2400,18,-3.078877925873e-4,-1.902580261230e-3
25,8,1,3,2400,19,-1.384615898132e-4,-9.405612945557e-4
25,8,1,3,2400,20,6.558895111084e-4,4.863023757935e-3
25,8,1,3,2400,21,3.743171691895e-4,2.865076065063e-3
25,8,1,3,2400,22,7.348060607910e-4,-4.292249679565e-3
25,8,1,3,2400,23,1.138776540756e-3,-1.341104507446e-3
25,8,1,3,2400,24,-1.472234725952e-4,1.634836196899e-3
25,8,1,3,2400,25,-6.812810897827e-5,8.249282836914e-4
25,8,1,3,2400,26,2.371072769165e-4,4.315376281738e-4
25,8,1,3,2400,27,1.345276832581e-4,2.307891845703e-4
25,8,1,3,2400,28,1.640617847443e-4,-1.378774642944e-3
25,8,1,3,2400,29,1.002550125122e-4,-6.699562072754e-4
25,8,1,3,2400,30,1.633763313293e-4,8.559226989746e-5
25,8,1,3,2400,31,1.224279403687e-4,5.960464477539e-5
25,8,1,3,2400,32,-4.041194915771e-5,2.206087112427e-3
25,8,1,3,2400,33,1.293420791626e-5,9.319782257080e-4
25,8,1,3,2400,34,-4.991292953491e-4,-5.168914794922e-4
25,8,1,3,2400,35,-2.013444900513e-4,-8.299350738525e-4
25,8,1,3,2400,36,-8.195638656616e-5,4.436969757080e-4
25,8,1,3,2400,37,-3.555417060852e-5,2.243518829346e-4
25,8,1,3,2400,38,8.251070976257e-4,-3.357887268066e-3
25,8,1,3,2400,39,1.568913459778e-3,-6.931781768799e-3
25,8,1,3,2400,40,-1.250803470612e-4,-6.575584411621e-4
25,8,1,3,2400,41,-6.246566772461e-5,-3.283023834229e-4
25,8,1,3,2400,42,-4.708766937256e-5,3.151893615723e-4
25,8,1,3,2400,43,-8.282065391541e-5,1.319646835327e-3
25,8,1,3,2400,44,-6.991624832153e-5,3.573894500732e-4
25,8,1,3,2400,45,-3.224611282349e-5,1.790523529053e-4
25,8,1,3,2400,46,2.081394195557e-4,3.657341003418e-4
25,8,1,3,2400,47,3.818869590759e-4,2.517700195312e-4
25,8,1,3,2400,48,-5.400180816650e-5,-1.355409622192e-3
25,8,1,3,2400,49,7.086992263794e-5,-2.825021743774e-3
25,8,1,3,2400,50,1.178383827209e-4,-9.598731994629e-4
25,8,1,3,2400,51,5.906820297241e-5,-4.789829254150e-4
25,8,1,3,2400,52,-2.797245979309e-4,1.388430595398e-2
25,8,1,3,2400,53,-1.321136951447e-4,6.977081298828e-3
25,8,1,3,2400,54,-1.867711544037e-4,1.175642013550e-3
25,8,1,3,2400,55,-8.881092071533e-6,-3.967285156250e-4
25,8,1,3,2400,56,-3.680884838104e-4,-1.423358917236e-3
25,8,1,3,2400,57,-1.752376556396e-4,-6.828308105469e-4
25,8,1,3,2400,58,3.479421138763e-4,-4.472255706787e-3
25,8,1,3,2400,59,2.167224884033e-4,-2.197265625000e-3
25,8,1,3,2400,60,1.764893531799e-4,-3.656625747681e-3
25,8,1,3,2400,61,9.477138519287e-5,-1.784324645996e-3
25,8,1,3,2400,62,3.798604011536e-4,3.828525543213e-3
25,8,1,3,2400,63,2.639293670654e-4,1.566886901855e-3
25,8,1,3,2400,64,-1.837015151978e-4,-2.951383590698e-3
25,8,1,3,2400,65,-6.711483001709e-5,-1.442670822144e-3
25,8,1,3,2400,66,-4.885494709015e-4,8.164644241333e-3
25,8,1,3,2400,67,-2.402961254120e-4,4.097223281860e-3
25,8,1,3,2400,68,6.794929504395e-5,5.435943603516e-4
25,8,1,3,2400,69,1.166760921478e-4,1.044034957886e-3
25,8,1,3,2400,70,-6.157457828522e-4,9.091615676880e-3
25,8,1,3,2400,71,-9.762644767761e-4,1.134371757507e-2
25,8,1,3,2400,72,-5.092024803162e-4,-3.602743148804e-3
25,8,1,3,2400,73,-1.763701438904e-4,-1.762390136719e-3
25,8,1,3,2400,74,4.754066467285e-4,-1.728534698486e-3
25,8,1,3,2400,75,2.568960189819e-4,-8.580684661865e-4
25,8,1,3,2400,76,-6.486773490906e-4,1.228570938110e-2
25,8,1,3,2400,77,-3.011822700500e-4,6.180047988892e-3
25,8,1,3,2400,78,-4.678964614868e-4,-7.233619689941e-4
25,8,1,3,2400,79,-1.279711723328e-4,-3.464221954346e-4
25,8,1,3,2400,80,-5.361437797546e-4,6.649494171143e-3
25,8,1,3,2400,81,-2.062916755676e-4,3.238439559937e-3
25,8,1,3,2400,82,-4.612803459167e-4,-1.070976257324e-3
25,8,1,3,2400,83,-1.689791679382e-4,-5.142688751221e-4
25,8,1,3,2400,84,3.589689731598e-4,-3.745555877686e-4
25,8,1,3,2400,85,1.899600028992e-4,-1.857280731201e-4
25,8,1,3,2400,86,-2.829432487488e-4,1.950502395630e-3
25,8,1,3,2400,87,-1.391768455505e-4,9.908676147461e-4
25,8,1,3,2400,88,-6.735324859619e-6,-3.700256347656e-4
25,8,1,3,2400,89,3.385543823242e-5,-2.324581146240e-4
25,8,1,3,2400,90,9.828805923462e-5,-3.411769866943e-4
25,8,1,3,2400,91,1.178383827209e-4,2.586841583252e-4
25,8,1,3,2400,92,2.277493476868e-4,1.096963882446e-3
25,8,1,3,2400,93,1.362562179565e-4,5.495548248291e-4
25,8,1,3,2400,94,-1.411437988281e-4,3.221035003662e-4
25,8,1,3,2400,95,-6.836652755737e-5,1.628398895264e-4
25,8,1,3,2400,96,6.157159805298e-5,-6.387233734131e-4
25,8,1,3,2400,97,4.923343658447e-5,-1.662969589233e-3
25,8,1,3,2400,98,4.479289054871e-5,-4.081726074219e-4
25,8,1,3,2400,99,3.409385681152e-5,-2.152919769287e-4
25,8,1,3,2400,100,-8.426308631897e-4,-5.905389785767e-3
25,8,1,3,2400,101,-3.702640533447e-4,-2.917766571045e-3
25,8,1,3,2400,102,5.286931991577e-5,3.062963485718e-3
25,8,1,3,2400,103,5.227327346802e-5,1.529216766357e-3
25,8,1,3,2400,104,9.298324584961e-6,-1.344680786133e-4
25,8,1,3,2400,105,-4.053115844727e-6,-9.810924530029e-4
25,8,1,3,2400,106,-5.640685558319e-4,7.190704345703e-4
25,8,1,3,2400,107,-2.622008323669e-4,3.674030303955e-4
25,8,1,3,2400,108,9.375810623169e-5,-3.726482391357e-4
25,8,1,3,2400,109,5.078315734863e-5,4.839897155762e-5
25,8,1,3,2400,110,-2.151727676392e-5,-2.657175064087e-3
25,8,1,3,2400,111,2.035498619080e-5,-1.268148422241e-3
25,8,1,3,2400,112,-2.445578575134e-4,3.929138183594e-4
25,8,1,3,2400,113,-6.616115570068e-5,9.107589721680e-5
25,8,1,3,2400,114,-1.060366630554e-4,4.355192184448e-3
25,8,1,3,2400,115,-4.640221595764e-5,2.150058746338e-3
25,8,1,3,2400,116,2.967715263367e-4,-5.054950714111e-3
25,8,1,3,2400,117,2.719759941101e-4,-2.433538436890e-3
25,8,1,3,2400,118,-1.656711101532e-4,6.218433380127e-3
25,8,1,3,2400,119,-6.622076034546e-5,3.127098083496e-3
25,8,1,3,2400,120,3.209114074707e-4,4.258155822754e-4
25,8,1,3,2400,121,1.983046531677e-4,2.973079681396e-4
25,8,1,3,2400,122,-2.107024192810e-5,7.882118225098e-4
25,8,1,3,2400,123,-2.503395080566e-6,3.535747528076e-4
25,8,1,3,2400,124,-2.179741859436e-4,1.266741752625e-2
25,8,1,3,2400,125,-1.306533813477e-4,6.712675094604e-3
25,8,1,3,2400,126,-9.136199951172e-4,3.021240234375e-3
25,8,1,3,2400,127,-3.842115402222e-4,1.542568206787e-3
25,8,1,3,2400,128,-4.685819149017e-4,1.179456710815e-3
25,8,1,3,2400,129,-2.084970474243e-4,6.287097930908e-4
25,8,1,3,2400,130,-1.134216785431e-3,-9.806156158447e-4
25,8,1,3,2400,131,-5.165338516235e-4,-4.503726959229e-4
25,8,1,3,2400,132,-8.003711700439e-4,5.449533462524e-3
25,8,1,3,2400,133,-3.896057605743e-4,2.738237380981e-3
25,8,1,3,2400,134,5.382299423218e-5,6.928920745850e-3
25,8,1,3,2400,135,-4.189014434814e-4,1.338410377502e-2
25,8,1,3,2400,136,-1.752674579620e-4,1.949310302734e-3
25,8,1,3,2400,137,-8.097290992737e-5,9.837150573730e-4
25,8,1,3,2400,138,2.537667751312e-4,-8.547306060791e-4
25,8,1,3,2400,139,6.592273712158e-4,-1.310110092163e-3
25,8,1,3,2400,140,-1.942515373230e-4,2.946615219116e-3
25,8,1,3,2400,141,-2.074241638184e-4,5.245447158813e-3
25,8,1,3,2400,142,3.352165222168e-4,-3.365039825439e-3
25,8,1,3,2400,143,1.823902130127e-4,-1.653432846069e-3
25,8,1,3,2400,144,1.267194747925e-4,1.337528228760e-4
25,8,1,3,2400,145,6.359815597534e-5,6.723403930664e-5
25,8,1,3,2400,146,1.061558723450e-4,-9.472370147705e-4
25,8,1,3,2400,147,5.555152893066e-5,-4.711151123047e-4
25,8,1,3,2400,148,0.000000000000e0,0.000000000000e0
25,8,1,3,2400,149,0.000000000000e0,0.000000000000e0
25,8,1,3,2400,150,0.000000000000e0,0.000000000000e0
25,8,1,3,2400,151,0.000000000000e0,0.000000000000e0
25,8,1,3,2400,152,0.000000000000e0,0.000000000000e0
25,8,1,3,2400,153,0.000000000000e0,0.000000000000e0
25,8,1,3,2400,154,0.000000000000e0,0.000000000000e0
25,8,1,3,2400,155,0.000000000000e0,0.000000000000e0
25,8,1,3,2400,156,0.000000000000e0,0.000000000000e0
25,8,1,3,2400,157,0.000000000000e0,0.000000000000e0
25,8,1,3,2400,158,0.000000000000e0,0.000000000000e0
25,8,1,3,2400,159,0.000000000000e0,0.000000000000e0
25,8,1,3,2400,160,9.059906005859e-6,2.314567565918e-3
25,8,1,3,2400,161,1.326203346252e-5,4.623651504517e-3
25,8,1,3,2400,162,6.014108657837e-5,-6.675720214844e-5
25,8,1,3,2400,163,1.196861267090e-4,-1.347064971924e-4
25,8,1,3,2400,164,-1.391470432281e-4,-3.256797790527e-4
25,8,1,3,2400,165,1.921057701111e-4,-6.086826324463e-4
25,8,1,3,2400,166,-1.769363880157e-4,2.073287963867e-3
25,8,1,3,2400,167,-8.416175842285e-5,9.968280792236e-4
25,8,1,3,2400,168,1.517534255981e-4,4.873275756836e-4
25,8,1,3,2400,169,1.252591609955e-4,1.747608184814e-4
26,8,1,3,4200,0,-3.740191459656e-5,5.292892456055e-5
26,8,1,3,4200,1,-7.690489292145e-5,1.037120819092e-4
26,8,1,3,4200,2,-6.055831909180e-5,-1.688003540039e-3
26,8,1,3,4200,3,-1.281648874283e-4,-3.030776977539e-3
26,8,1,3,4200,4,5.252659320831e-5,3.083705902100e-3
26,8,1,3,4200,5,8.828938007355e-5,6.109952926636e-3
26,8,1,3,4200,6,1.624226570129e-6,3.681182861328e-4
26,8,1,3,4200,7,9.685754776001e-7,7.324218750000e-4
26,8,1,3,4200,8,-9.344518184662e-5,1.385211944580e-3
26,8,1,3,4200,9,-3.795325756073e-5,7.112026214600e-4
26,8,1,3,4200,10,1.569390296936e-4,3.459453582764e-4
26,8,1,3,4200,11,3.006011247635e-4,6.842613220215e-4
26,8,1,3,4200,12,1.531690359116e-4,-6.389617919922e-4
26,8,1,3,4200,13,3.016740083694e-4,-1.289844512939e-3
26,8,1,3,4200,14,0.000000000000e0,0.000000000000e0
26,8,1,3,4200,15,0.000000000000e0,0.000000000000e0
26,8,1,3,4200,16,1.901984214783e-4,2.053022384644e-3
26,8,1,3,4200,17,1.030117273331e-4,1.047134399414e-3
26,8,1,3,4200,18,6.681680679321e-5,4.654645919800e-3
26,8,1,3,4200,19,5.243718624115e-5,2.341747283936e-3
26,8,1,3,4200,20,-1.643896102905e-4,3.684997558594e-3
26,8,1,3,4200,21,-5.936622619629e-5,1.860380172729e-3
26,8,1,3,4200,22,3.618001937866e-5,-2.195835113525e-3
26,8,1,3,4200,23,2.026557922363e-5,-1.094102859497e-3
26,8,1,3,4200,24,-7.323920726776e-5,1.628875732422e-2
26,8,1,3,4200,25,-2.855062484741e-5,8.166074752808e-3
26,8,1,3,4200,26,-1.770257949829e-4,-8.537769317627e-3
26,8,1,3,4200,27,-7.736682891846e-5,-4.261493682861e-3
26,8,1,3,4200,28,7.227063179016e-5,2.151012420654e-3
26,8,1,3,4200,29,3.837049007416e-5,1.078367233276e-3
26,8,1,3,4200,30,-5.956143140793e-4,4.269123077393e-3
26,8,1,3,4200,31,-2.318471670151e-4,1.163959503174e-3
26,8,1,3,4200,32,7.499754428864e-5,1.075267791748e-4
26,8,1,3,4200,33,1.537352800369e-4,1.254081726074e-4
26,8,1,3,4200,34,1.193732023239e-4,-3.133058547974e-3
26,8,1,3,4200,35,6.139278411865e-5,-1.565217971802e-3
26,8,1,3,4200,36,1.323372125626e-4,-8.773803710938e-5
26,8,1,3,4200,37,2.319365739822e-4,-2.250671386719e-4
26,8,1,3,4200,38,9.755790233612e-5,6.644725799561e-4
26,8,1,3,4200,39,4.936754703522e-5,3.085136413574e-4
26,8,1,3,4200,40,5.379319190979e-5,-1.327991485596e-3
26,8,1,3,4200,41,-2.458691596985e-6,-2.411127090454e-3
26,8,1,3,4200,42,7.212162017822e-5,2.059936523438e-4
26,8,1,3,4200,43,1.281350851059e-4,2.837181091309e-4
26,8,1,3,4200,44,-5.273520946503e-5,-7.939338684082e-5
26,8,1,3,4200,45,-1.155138015747e-4,-4.482269287109e-4
26,8,1,3,4200,46,-9.735673666000e-4,3.339290618896e-3
26,8,1,3,4200,47,-4.321932792664e-4,1.761913299561e-3
26,8,1,3,4200,48,1.788139343262e-7,-3.471374511719e-4
26,8,1,3,4200,49,1.803040504456e-6,-2.179145812988e-4
26,8,1,3,4200,50,1.753717660904e-4,3.537654876709e-3
26,8,1,3,4200,51,1.246184110641e-4,1.815795898438e-3
26,8,1,3,4200,52,-4.553794860840e-5,6.191730499268e-3
26,8,1,3,4200,53,-5.769729614258e-5,1.441454887390e-2
26,8,1,3,4200,54,-7.256865501404e-6,1.132488250732e-4
26,8,1,3,4200,55,-2.612173557281e-5,-5.588531494141e-4
26,8,1,3,4200,56,-2.181529998779e-5,8.010864257812e-5
26,8,1,3,4200,57,1.550614833832e-4,-2.617835998535e-4
26,8,1,3,4200,58,-5.643069744110e-5,2.918243408203e-3
26,8,1,3,4200,59,-1.680999994278e-4,5.996227264404e-3
26,8,1,3,4200,60,6.757676601410e-5,-8.220672607422e-4
26,8,1,3,4200,61,-4.798173904419e-6,-1.820087432861e-3
26,8,1,3,4200,62,-1.563876867294e-4,5.145549774170e-3
26,8,1,3,4200,63,-2.816170454025e-4,5.150318145752e-3
26,8,1,3,4200,64,2.444535493851e-4,-1.359939575195e-3
26,8,1,3,4200,65,1.501441001892e-4,-1.052856445312e-3
26,8,1,3,4200,66,3.351420164108e-4,3.991127014160e-4
26,8,1,3,4200,67,2.024173736572e-4,2.298355102539e-4
26,8,1,3,4200,68,3.375709056854e-4,7.215261459351e-3
26,8,1,3,4200,69,2.243965864182e-4,3.656864166260e-3
26,8,1,3,4200,70,2.951920032501e-5,-9.450912475586e-4
26,8,1,3,4200,71,-6.407499313354e-7,1.120567321777e-4
26,8,1,3,4200,72,-1.965463161469e-5,5.072116851807e-3
26,8,1,3,4200,73,-1.983791589737e-4,1.783370971680e-3
26,8,1,3,4200,74,-1.867264509201e-4,1.783370971680e-3
26,8,1,3,4200,75,-6.154179573059e-5,8.955001831055e-4
26,8,1,3,4200,76,-5.610436201096e-4,5.166053771973e-3
26,8,1,3,4200,77,-1.216843724251e-3,9.655475616455e-3
26,8,1,3,4200,78,-2.547204494476e-4,8.641719818115e-3
26,8,1,3,4200,79,-1.136362552643e-4,4.190206527710e-3
26,8,1,3,4200,80,-1.980662345886e-4,-3.099441528320e-5
26,8,1,3,4200,81,-5.666911602020e-5,1.126766204834e-3
26,8,1,3,4200,82,-4.766881465912e-5,-7.486343383789e-5
26,8,1,3,4200,83,0.000000000000e0,0.000000000000e0
26,8,1,3,4200,84,2.188235521317e-4,6.709098815918e-4
26,8,1,3,4200,85,1.853704452515e-5,6.129741668701e-4
26,8,1,3,4200,86,4.835426807404e-5,-8.785724639893e-4
26,8,1,3,4200,87,2.974271774292e-5,-4.494190216064e-4
26,8,1,3,4200,88,-2.276450395584e-4,-7.661104202271e-3
26,8,1,3,4200,89,-8.110702037811e-5,-3.717899322510e-3
26,8,1,3,4200,90,1.749396324158e-5,-2.243518829346e-4
26,8,1,3,4200,91,-5.677342414856e-6,1.189708709717e-4
26,8,1,3,4200,92,5.812942981720e-5,2.572536468506e-4
26,8,1,3,4200,93,4.796683788300e-5,-5.698204040527e-4
26,8,1,3,4200,94,3.120303153992e-5,-8.072853088379e-4
26,8,1,3,4200,95,1.026690006256e-4,4.935264587402e-5
26,8,1,3,4200,96,1.570582389832e-5,1.852035522461e-3
26,8,1,3,4200,97,-1.261830329895e-4,3.559827804565e-3
26,8,1,3,4200,98,-2.939254045486e-4,-5.149841308594e-4
26,8,1,3,4200,99,-1.125186681747e-4,-2.346038818359e-4
26,8,1,3,4200,100,-7.161349058151e-4,-9.332895278931e-3
26,8,1,3,4200,101,-3.179758787155e-4,-4.620552062988e-3
26,8,1,3,4200,102,-1.356601715088e-4,-1.588106155396e-3
26,8,1,3,4200,103,-2.972036600113e-4,-3.245592117310e-3
26,8,1,3,4200,104,2.001225948334e-5,1.302719116211e-3
26,8,1,3,4200,105,-5.859136581421e-5,5.252838134766e-3
26,8,1,3,4200,106,2.053231000900e-4,7.995605468750e-3
26,8,1,3,4200,107,1.185238361359e-4,4.014492034912e-3
26,8,1,3,4200,108,-3.069490194321e-4,-2.132654190063e-3
26,8,1,3,4200,109,-7.672905921936e-4,-1.698493957520e-3
26,8,1,3,4200,110,-2.652853727341e-4,1.379299163818e-2
26,8,1,3,4200,111,-1.283288002014e-4,6.928443908691e-3
26,8,1,3,4200,112,8.322298526764e-5,-2.387523651123e-3
26,8,1,3,4200,113,5.125999450684e-5,-2.583503723145e-3
26,8,1,3,4200,114,-1.935660839081e-5,-3.243684768677e-3
26,8,1,3,4200,115,-6.149709224701e-5,-6.541490554810e-3
26,8,1,3,4200,116,4.615038633347e-4,-1.761674880981e-3
26,8,1,3,4200,117,2.565532922745e-4,-8.130073547363e-4
26,8,1,3,4200,118,-1.142323017120e-4,-1.051425933838e-3
26,8,1,3,4200,119,-5.085766315460e-5,-5.073547363281e-4
26,8,1,3,4200,120,-1.965612173080e-4,1.225996017456e-2
26,8,1,3,4200,121,-7.125735282898e-5,6.214857101440e-3
26,8,1,3,4200,122,8.383393287659e-5,2.173900604248e-3
26,8,1,3,4200,123,3.057718276978e-5,2.405166625977e-3
26,8,1,3,4200,124,9.417533874512e-6,-9.334564208984e-3
26,8,1,3,4200,125,-3.097951412201e-5,-1.701688766479e-2
26,8,1,3,4200,126,2.179890871048e-4,-3.567695617676e-3
26,8,1,3,4200,127,6.811320781708e-5,-2.094745635986e-3
26,8,1,3,4200,128,2.345293760300e-4,-7.908344268799e-4
26,8,1,3,4200,129,1.217275857925e-4,-3.948211669922e-4
26,8,1,3,4200,130,1.022368669510e-4,5.278587341309e-4
26,8,1,3,4200,131,5.145370960236e-5,2.665519714355e-4
26,8,1,3,4200,132,2.815872430801e-4,1.728534698486e-3
26,8,1,3,4200,133,1.503080129623e-4,9.047985076904e-4
26,8,1,3,4200,134,1.984834671021e-5,-7.057189941406e-5
26,8,1,3,4200,135,3.652274608612e-5,-3.817081451416e-4
26,8,1,3,4200,136,1.239031553268e-4,4.199981689453e-3
26,8,1,3,4200,137,1.316964626312e-4,2.563476562500e-3
26,8,1,3,4200,138,2.603232860565e-5,-8.556842803955e-4
26,8,1,3,4200,139,1.583993434906e-5,-4.158020019531e-4
26,8,1,3,4200,140,-2.504885196686e-5,7.128715515137e-5
26,8,1,3,4200,141,-1.227855682373e-5,4.458427429199e-5
26,8,1,3,4200,142,1.870542764664e-4,4.997968673706e-3
26,8,1,3,4200,143,1.140683889389e-4,2.523183822632e-3
26,8,1,3,4200,144,1.341104507446e-7,8.611679077148e-4
26,8,1,3,4200,145,-4.018843173981e-5,1.579999923706e-3
26,8,1,3,4200,146,-2.409964799881e-4,5.426406860352e-4
26,8,1,3,4200,147,-8.694827556610e-5,2.956390380859e-4
26,8,1,3,4200,148,-5.630254745483e-4,-2.997636795044e-3
26,8,1,3,4200,149,-2.517253160477e-4,-1.476287841797e-3
26,8,1,3,4200,150,3.674328327179e-4,-7.240772247314e-4
26,8,1,3,4200,151,-2.399086952209e-6,-8.556842803955e-4
26,8,1,3,4200,152,-5.997866392136e-4,2.152204513550e-3
26,8,1,3,4200,153,-2.209693193436e-4,1.175880432129e-3
26,8,1,3,4200,154,-6.784498691559e-5,-2.207994461060e-3
26,8,1,3,4200,155,7.088482379913e-5,-1.013040542603e-3
26,8,1,3,4200,156,-1.164555549622e-3,7.907629013062e-3
26,8,1,3,4200,157,-5.195140838623e-4,4.178762435913e-3
26,8,1,3,4200,158,2.323091030121e-5,-1.098442077637e-2
26,8,1,3,4200,159,5.998462438583e-4,-3.262042999268e-3
26,8,1,3,4200,160,-1.065790653229e-3,7.556438446045e-3
26,8,1,3,4200,161,-1.736879348755e-4,1.036024093628e-2
26,8,1,3,4200,162,-5.727559328079e-4,2.749204635620e-3
26,8,1,3,4200,163,-1.970231533051e-4,1.441955566406e-3
26,8,1,3,4200,164,-7.750242948532e-4,8.926391601562e-4
26,8,1,3,4200,165,-3.834962844849e-4,-2.323150634766e-3
26,8,1,3,4200,166,-7.249563932419e-4,1.780271530151e-3
26,8,1,3,4200,167,-3.023445606232e-4,9.944438934326e-4
26,8,1,3,4200,168,-6.451606750488e-4,3.501415252686e-3
26,8,1,3,4200,169,-2.695918083191e-4,1.808881759644e-3
27,9,1,4,600,0,-3.826618194580e-5,-1.263618469238e-4
27,9,1,4,600,1,-1.811981201172e-5,-6.270408630371e-5
27,9,1,4,600,2,2.515316009521e-5,5.018711090088e-5
27,9,1,4,600,3,6.508827209473e-5,9.870529174805e-5
27,9,1,4,600,4,2.062320709229e-5,-1.158714294434e-4
27,9,1,4,600,5,1.615285873413e-5,-2.378225326538e-4
27,9,1,4,600,6,1.744031906128e-4,-3.886222839355e-5
27,9,1,4,600,7,3.034472465515e-4,-8.916854858398e-5
27,9,1,4,600,8,-1.347064971924e-5,1.871585845947e-5
27,9,1,4,600,9,-1.740455627441e-5,1.245737075806e-4
27,9,1,4,600,10,-1.072883605957e-6,-1.168251037598e-5
27,9,1,4,600,11,-5.960464477539e-7,-4.768371582031e-6
27,9,1,4,600,12,-2.658367156982e-5,-5.662441253662e-5
27,9,1,4,600,13,-5.841255187988e-5,-9.536743164062e-5
27,9,1,4,600,14,1.796483993530e-4,-1.358985900879e-4
27,9,1,4,600,15,1.062154769897e-4,-6.568431854248e-5
27,9,1,4,600,16,-2.819299697876e-5,-6.055831909180e-5
27,9,1,4,600,17,-1.370906829834e-5,-3.027915954590e-5
27,9,1,4,600,18,1.215934753418e-5,-4.649162292480e-6
27,9,1,4,600,19,2.157688140869e-5,-2.598762512207e-5
27,9,1,4,600,20,-3.606081008911e-5,8.833408355713e-5
27,9,1,4,600,21,-5.680322647095e-5,-7.176399230957e-5
27,9,1,4,600,22,7.176399230957e-5,-3.050565719604e-4
27,9,1,4,600,23,3.594160079956e-5,-1.510381698608e-4
27,9,1,4,600,24,-4.112720489502e-5,6.247758865356e-4
27,9,1,4,600,25,-6.014108657837e-5,1.322507858276e-3
27,9,1,4,600,26,1.049041748047e-5,1.919269561768e-5
27,9,1,4,600,27,2.133846282959e-5,3.874301910400e-5
27,9,1,4,600,28,2.855062484741e-5,1.180171966553e-4
27,9,1,4,600,29,7.438659667969e-5,2.305507659912e-4
27,9,1,4,600,30,4.434585571289e-5,7.307529449463e-5
27,9,1,4,600,31,3.266334533691e-5,3.540515899658e-5
27,9,1,4,600,32,3.832578659058e-5,6.461143493652e-5
27,9,1,4,600,33,6.175041198730e-5,1.522302627563e-4
27,9,1,4,600,34,-3.224611282349e-5,-3.073215484619e-4
27,9,1,4,600,35,-1.507997512817e-5,-1.529455184937e-4
27,9,1,4,600,36,-2.223253250122e-4,6.157040596008e-3
27,9,1,4,600,37,-7.307529449463e-5,3.022789955139e-3
27,9,1,4,600,38,-6.318092346191e-5,-2.235174179077e-4
27,9,1,4,600,39,-2.384185791016e-7,-6.107091903687e-4
27,9,1,4,600,40,3.193616867065e-4,4.398465156555e-3
27,9,1,4,600,41,1.837611198425e-4,2.220273017883e-3
27,9,1,4,600,42,6.473064422607e-5,-1.558065414429e-4
27,9,1,4,600,43,6.675720214844e-5,-5.507469177246e-5
27,9,1,4,600,44,2.856254577637e-4,7.419586181641e-4
27,9,1,4,600,45,1.458525657654e-4,3.720521926880e-4
27,9,1,4,600,46,1.890659332275e-4,2.598762512207e-4
27,9,1,4,600,47,8.344650268555e-5,4.144906997681e-4
27,9,1,4,600,48,2.555251121521e-4,2.257823944092e-4
27,9,1,4,600,49,1.599788665771e-4,2.765655517578e-5
27,9,1,4,600,50,1.829862594604e-4,-6.221532821655e-4
27,9,1,4,600,51,9.584426879883e-5,-3.131628036499e-4
27,9,1,4,600,52,1.370906829834e-4,2.458572387695e-3
27,9,1,4,600,53,6.741285324097e-5,1.224517822266e-3
27,9,1,4,600,54,-1.603364944458e-5,-2.145767211914e-4
27,9,1,4,600,55,-1.335144042969e-5,-1.084804534912e-4
27,9,1,4,600,56,-1.621246337891e-4,-4.322528839111e-4
27,9,1,4,600,57,-7.557868957520e-5,-2.286434173584e-4
27,9,1,4,600,58,1.459121704102e-4,1.189708709717e-4
27,9,1,4,600,59,2.822875976562e-4,4.249811172485e-4
27,9,1,4,600,60,6.544589996338e-5,1.960992813110e-4
27,9,1,4,600,61,-7.224082946777e-5,3.420114517212e-4
27,9,1,4,600,62,1.095533370972e-4,5.184412002563e-4
27,9,1,4,600,63,7.426738739014e-5,9.829998016357e-4
27,9,1,4,600,64,-9.518861770630e-5,-8.130073547363e-5
27,9,1,4,600,65,3.063678741455e-5,-8.869171142578e-5
27,9,1,4,600,66,1.215934753418e-5,-3.175735473633e-4
27,9,1,4,600,67,1.919269561768e-5,-2.249479293823e-4
27,9,1,4,600,68,7.390975952148e-6,5.152225494385e-4
27,9,1,4,600,69,-1.307725906372e-4,1.356601715088e-4
27,9,1,4,600,70,-3.218650817871e-5,-4.529953002930e-5
27,9,1,4,600,71,-7.593631744385e-5,7.271766662598e-5
27,9,1,4,600,72,2.407431602478e-4,2.222061157227e-4
27,9,1,4,600,73,1.224279403687e-4,1.139640808105e-4
27,9,1,4,600,74,1.406669616699e-4,2.704858779907e-4
27,9,1,4,600,75,1.807212829590e-4,1.134872436523e-4
27,9,1,4,600,76,1.527667045593e-4,5.650520324707e-5
27,9,1,4,600,77,7.551908493042e-5,3.075599670410e-5
27,9,1,4,600,78,2.851486206055e-4,-1.242160797119e-4
27,9,1,4,600,79,1.432299613953e-4,-6.616115570068e-5
27,9,1,4,600,80,-2.169609069824e-4,-3.765821456909e-4
27,9,1,4,600,81,-1.077651977539e-4,-1.872777938843e-4
27,9,1,4,600,82,4.494190216064e-5,1.308917999268e-4
27,9,1,4,600,83,5.316734313965e-5,2.150535583496e-4
27,9,1,4,600,84,-1.460313796997e-5,3.011226654053e-4
27,9,1,4,600,85,-2.491474151611e-5,-9.536743164062e-7
27,9,1,4,600,86,8.952617645264e-5,1.690387725830e-4
27,9,1,4,600,87,6.413459777832e-5,2.291202545166e-4
27,9,1,4,600,88,1.602172851562e-4,1.428127288818e-4
27,9,1,4,600,89,7.963180541992e-5,7.212162017822e-5
27,9,1,4,600,90,1.213550567627e-4,2.865791320801e-4
27,9,1,4,600,91,6.079673767090e-5,1.435279846191e-4
27,9,1,4,600,92,-5.805492401123e-5,-1.572370529175e-4
27,9,1,4,600,93,-2.890825271606e-5,-7.808208465576e-5
27,9,1,4,600,94,5.215406417847e-5,1.180171966553e-4
27,9,1,4,600,95,6.741285324097e-5,2.403259277344e-4
27,9,1,4,600,96,-3.576278686523e-6,-7.629394531250e-5
27,9,1,4,600,97,-1.430511474609e-6,-3.767013549805e-5
27,9,1,4,600,98,1.239776611328e-5,2.644062042236e-4
27,9,1,4,600,99,-7.629394531250e-5,2.937316894531e-4
27,9,1,4,600,100,1.605749130249e-4,-4.408359527588e-4
27,9,1,4,600,101,1.696348190308e-4,-2.936124801636e-4
27,9,1,4,600,102,4.690885543823e-5,1.178979873657e-4
27,9,1,4,600,103,5.507469177246e-5,6.222724914551e-5
27,9,1,4,600,104,9.936094284058e-5,1.497268676758e-4
27,9,1,4,600,105,1.773238182068e-4,2.541542053223e-4
27,9,1,4,600,106,3.141760826111e-4,1.643896102905e-3
27,9,1,4,600,107,2.387762069702e-4,4.932880401611e-4
27,9,1,4,600,108,-1.244544982910e-4,4.136562347412e-4
27,9,1,4,600,109,-5.590915679932e-5,1.988410949707e-4
27,9,1,4,600,110,2.630949020386e-4,-7.114410400391e-4
27,9,1,4,600,111,1.357793807983e-4,-3.831386566162e-4
27,9,1,4,600,112,4.470348358154e-5,5.841255187988e-5
27,9,1,4,600,113,5.620718002319e-5,3.957748413086e-5
27,9,1,4,600,114,-5.352497100830e-5,1.044034957886e-3
27,9,1,4,600,115,-3.135204315186e-5,5.370378494263e-4
27,9,1,4,600,116,3.241300582886e-4,-8.213520050049e-4
27,9,1,4,600,117,2.257823944092e-4,-5.476474761963e-4
27,9,1,4,600,118,-8.106231689453e-6,2.728700637817e-4
27,9,1,4,600,119,-6.324052810669e-5,1.759529113770e-4
27,9,1,4,600,120,5.638599395752e-5,-1.456737518311e-4
27,9,1,4,600,121,2.896785736084e-5,-6.866455078125e-5
27,9,1,4,600,122,-2.298951148987e-4,5.346536636353e-3
27,9,1,4,600,123,-1.101493835449e-4,2.671718597412e-3
27,9,1,4,600,124,-2.183914184570e-4,1.460075378418e-3
27,9,1,4,600,125,-1.054406166077e-4,7.374286651611e-4
27,9,1,4,600,126,3.155469894409e-4,-7.729530334473e-4
27,9,1,4,600,127,1.544356346130e-4,-3.838539123535e-4
27,9,1,4,600,128,5.483627319336e-5,1.716613769531e-5
27,9,1,4,600,129,9.340047836304e-5,-9.751319885254e-5
27,9,1,4,600,130,-1.676678657532e-4,1.058697700500e-3
27,9,1,4,600,131,-7.808208465576e-5,5.321502685547e-4
27,9,1,4,600,132,4.231333732605e-4,-6.353855133057e-4
27,9,1,4,600,133,3.924369812012e-4,-5.369186401367e-4
27,9,1,4,600,134,-1.835823059082e-5,1.679658889771e-4
27,9,1,4,600,135,-5.304813385010e-6,8.356571197510e-5
27,9,1,4,600,136,1.468062400818e-4,1.118183135986e-4
27,9,1,4,600,137,2.062320709229e-4,2.436637878418e-4
27,9,1,4,600,138,-4.284381866455e-4,2.922177314758e-3
27,9,1,4,600,139,-4.264116287231e-4,9.857416152954e-4
27,9,1,4,600,140,5.532503128052e-4,1.097440719604e-3
27,9,1,4,600,141,2.918243408203e-4,5.121231079102e-4
27,9,1,4,600,142,-1.020431518555e-4,2.549886703491e-3
27,9,1,4,600,143,-3.558397293091e-5,1.235604286194e-3
27,9,1,4,600,144,-2.450942993164e-4,-6.167888641357e-4
27,9,1,4,600,145,-7.379055023193e-5,-2.970695495605e-4
27,9,1,4,600,146,-1.627206802368e-4,2.365350723267e-3
27,9,1,4,600,147,-5.521774291992e-4,4.265308380127e-3
27,9,1,4,600,148,1.617670059204e-4,-3.545284271240e-4
27,9,1,4,600,149,2.970099449158e-4,-2.740621566772e-4
27,9,1,4,600,150,3.596544265747e-4,9.533166885376e-4
27,9,1,4,600,151,6.496906280518e-4,1.741409301758e-3
27,9,1,4,600,152,-1.697540283203e-4,3.874301910400e-5
27,9,1,4,600,153,-3.623962402344e-4,-1.597404479980e-5
27,9,1,4,600,154,-4.589557647705e-5,-1.155734062195e-3
27,9,1,4,600,155,3.039836883545e-6,-6.388425827026e-4
27,9,1,4,600,156,1.631975173950e-4,-5.182027816772e-4
27,9,1,4,600,157,8.243322372437e-5,-2.615451812744e-4
27,9,1,4,600,158,-8.732080459595e-5,-4.429817199707e-4
27,9,1,4,600,159,1.084804534912e-5,-1.343488693237e-4
27,9,1,4,600,160,1.139640808105e-4,4.005432128906e-5
27,9,1,4,600,161,5.817413330078e-5,2.300739288330e-5
27,9,1,4,600,162,1.999735832214e-4,1.797676086426e-4
27,9,1,4,600,163,1.062154769897e-4,-1.168251037598e-4
27,9,1,4,600,164,1.111030578613e-4,-3.528594970703e-5
27,9,1,4,600,165,6.520748138428e-5,-8.940696716309e-6
27,9,1,4,600,166,8.213520050049e-5,3.719329833984e-4
27,9,1,4,600,167,6.556510925293e-5,3.421306610107e-4
27,9,1,4,600,168,1.389384269714e-4,-8.177757263184e-5
27,9,1,4,600,169,1.511573791504e-4,-7.009506225586e-5
28,9,1,4,2400,0,7.539987564087e-6,-1.251459121704e-3
28,9,1,4,2400,1,2.130866050720e-5,-6.012916564941e-4
28,9,1,4,2400,2,1.740455627441e-5,-3.535747528076e-4
28,9,1,4,2400,3,-4.497170448303e-5,-3.211498260498e-4
28,9,1,4,2400,4,-2.210140228271e-4,6.108522415161e-3
28,9,1,4,2400,5,6.645917892456e-6,3.089904785156e-3
28,9,1,4,2400,6,-5.258619785309e-4,8.757114410400e-4
28,9,1,4,2400,7,-2.136230468750e-4,4.787445068359e-4
28,9,1,4,2400,8,2.081692218781e-4,7.921814918518e-3
28,9,1,4,2400,9,1.263618469238e-4,3.978848457336e-3
28,9,1,4,2400,10,-1.190900802612e-4,-7.362365722656e-3
28,9,1,4,2400,11,-4.088878631592e-5,-3.444671630859e-3
28,9,1,4,2400,12,-2.866089344025e-4,-5.726575851440e-3
28,9,1,4,2400,13,-2.315044403076e-4,-3.318548202515e-3
28,9,1,4,2400,14,1.895427703857e-5,3.152489662170e-3
28,9,1,4,2400,15,2.464652061462e-5,1.589775085449e-3
28,9,1,4,2400,16,-2.515316009521e-5,3.757476806641e-4
28,9,1,4,2400,17,8.583068847656e-6,-6.717443466187e-4
28,9,1,4,2400,18,-6.152093410492e-4,1.283884048462e-3
28,9,1,4,2400,19,-2.641379833221e-4,6.667375564575e-4
28,9,1,4,2400,20,-1.046955585480e-4,5.139112472534e-3
28,9,1,4,2400,21,-1.563727855682e-4,3.047585487366e-3
28,9,1,4,2400,22,2.063214778900e-4,1.696348190308e-3
28,9,1,4,2400,23,2.495348453522e-4,7.688999176025e-5
28,9,1,4,2400,24,1.914501190186e-4,1.814126968384e-3
28,9,1,4,2400,25,1.381635665894e-4,9.191036224365e-4
28,9,1,4,2400,26,5.439817905426e-4,-2.918004989624e-3
28,9,1,4,2400,27,2.874433994293e-4,-1.430034637451e-3
28,9,1,4,2400,28,-9.953975677490e-5,-3.425121307373e-3
28,9,1,4,2400,29,-2.375245094299e-5,-1.681804656982e-3
28,9,1,4,2400,30,-1.665949821472e-5,3.302097320557e-4
28,9,1,4,2400,31,1.957416534424e-4,4.589557647705e-4
28,9,1,4,2400,32,1.916289329529e-5,1.842021942139e-3
28,9,1,4,2400,33,3.328919410706e-5,9.427070617676e-4
28,9,1,4,2400,34,-9.357929229736e-5,8.445978164673e-4
28,9,1,4,2400,35,5.543231964111e-5,-8.767843246460e-4
28,9,1,4,2400,36,2.157986164093e-4,2.013325691223e-3
28,9,1,4,2400,37,1.305341720581e-4,1.009106636047e-3
28,9,1,4,2400,38,-9.906291961670e-5,-3.060579299927e-3
28,9,1,4,2400,39,1.904070377350e-4,-5.376219749451e-3
28,9,1,4,2400,40,-3.695189952850e-4,5.080699920654e-4
28,9,1,4,2400,41,-1.820623874664e-4,2.566576004028e-4
28,9,1,4,2400,42,-1.533031463623e-4,-9.217262268066e-4
28,9,1,4,2400,43,-6.854534149170e-5,-3.308057785034e-4
28,9,1,4,2400,44,5.554854869843e-4,-2.491235733032e-3
28,9,1,4,2400,45,2.944767475128e-4,-1.232385635376e-3
28,9,1,4,2400,46,2.942383289337e-4,-5.614757537842e-4
28,9,1,4,2400,47,2.479851245880e-4,-1.254320144653e-3
28,9,1,4,2400,48,2.224743366241e-4,1.327157020569e-3
28,9,1,4,2400,49,1.467764377594e-4,8.709430694580e-4
28,9,1,4,2400,50,6.756186485291e-5,2.412319183350e-3
28,9,1,4,2400,51,1.788139343262e-6,1.212239265442e-3
28,9,1,4,2400,52,-1.474320888519e-4,3.598213195801e-3
28,9,1,4,2400,53,-7.262825965881e-5,1.803040504456e-3
28,9,1,4,2400,54,2.342164516449e-4,-2.841353416443e-3
28,9,1,4,2400,55,5.214214324951e-4,-6.058573722839e-3
28,9,1,4,2400,56,2.774596214294e-5,8.842945098877e-4
28,9,1,4,2400,57,1.430511474609e-5,4.431009292603e-4
28,9,1,4,2400,58,-1.168251037598e-5,7.271766662598e-6
28,9,1,4,2400,59,-5.483627319336e-6,5.006790161133e-6
28,9,1,4,2400,60,1.989603042603e-4,-1.976370811462e-3
28,9,1,4,2400,61,1.010894775391e-4,-9.855031967163e-4
28,9,1,4,2400,62,1.254677772522e-5,-3.752708435059e-4
28,9,1,4,2400,63,9.712576866150e-5,-9.038448333740e-4
28,9,1,4,2400,64,-9.328126907349e-6,1.789331436157e-4
28,9,1,4,2400,65,4.538893699646e-5,9.036064147949e-5
28,9,1,4,2400,66,9.378790855408e-5,1.839876174927e-3
28,9,1,4,2400,67,7.417798042297e-5,9.205341339111e-4
28,9,1,4,2400,68,2.709329128265e-4,1.525521278381e-3
28,9,1,4,2400,69,2.261698246002e-4,1.121640205383e-3
28,9,1,4,2400,70,1.578032970428e-4,3.969669342041e-5
28,9,1,4,2400,71,1.385211944580e-4,-5.531311035156e-5
28,9,1,4,2400,72,6.034970283508e-5,1.296997070312e-4
28,9,1,4,2400,73,5.996227264404e-5,3.077983856201e-4
28,9,1,4,2400,74,5.868077278137e-5,-3.660917282104e-4
28,9,1,4,2400,75,4.091858863831e-5,-2.020597457886e-4
28,9,1,4,2400,76,-9.545683860779e-5,-1.599669456482e-3
28,9,1,4,2400,77,-3.072619438171e-5,-7.987022399902e-4
28,9,1,4,2400,78,-4.324316978455e-5,5.071163177490e-4
28,9,1,4,2400,79,-9.664893150330e-5,-5.698204040527e-5
28,9,1,4,2400,80,-1.045763492584e-4,8.770227432251e-4
28,9,1,4,2400,81,-1.680850982666e-5,4.760026931763e-4
28,9,1,4,2400,82,5.745887756348e-5,-4.791021347046e-4
28,9,1,4,2400,83,2.935528755188e-5,-2.384185791016e-4
28,9,1,4,2400,84,-5.713105201721e-5,-4.327535629272e-3
28,9,1,4,2400,85,-1.320242881775e-5,-2.123117446899e-3
28,9,1,4,2400,86,9.182095527649e-5,-3.135204315186e-4
28,9,1,4,2400,87,5.483627319336e-5,-1.691579818726e-4
28,9,1,4,2400,88,4.793107509613e-4,-1.322507858276e-3
28,9,1,4,2400,89,2.735853195190e-4,-6.194114685059e-4
28,9,1,4,2400,90,1.106262207031e-4,1.393079757690e-3
28,9,1,4,2400,91,7.081031799316e-5,8.082389831543e-4
28,9,1,4,2400,92,1.626312732697e-4,-2.702951431274e-3
28,9,1,4,2400,93,9.134411811829e-5,-1.328706741333e-3
28,9,1,4,2400,94,1.522898674011e-5,-4.796981811523e-4
28,9,1,4,2400,95,1.704692840576e-5,-2.350807189941e-4
28,9,1,4,2400,96,3.450214862823e-4,3.128767013550e-3
28,9,1,4,2400,97,2.548396587372e-4,1.350641250610e-3
28,9,1,4,2400,98,-4.926323890686e-5,-1.076221466064e-3
28,9,1,4,2400,99,7.942318916321e-5,-1.514792442322e-3
28,9,1,4,2400,100,1.780688762665e-4,7.200241088867e-4
28,9,1,4,2400,101,1.899302005768e-4,8.474588394165e-4
28,9,1,4,2400,102,-5.960464477539e-7,-9.894371032715e-6
28,9,1,4,2400,103,-2.109706401825e-4,-3.011226654053e-4
28,9,1,4,2400,104,8.749961853027e-5,-6.246566772461e-4
28,9,1,4,2400,105,1.553595066071e-4,-1.369357109070e-3
28,9,1,4,2400,106,2.781450748444e-4,-3.474950790405e-4
28,9,1,4,2400,107,1.660883426666e-4,-1.496076583862e-4
28,9,1,4,2400,108,2.408325672150e-4,-4.198551177979e-3
28,9,1,4,2400,109,1.367330551147e-4,-2.254247665405e-3
28,9,1,4,2400,110,5.832314491272e-5,4.215240478516e-4
28,9,1,4,2400,111,8.937716484070e-5,-2.321004867554e-4
28,9,1,4,2400,112,5.425512790680e-4,2.768278121948e-3
28,9,1,4,2400,113,2.909600734711e-4,1.450300216675e-3
28,9,1,4,2400,114,1.829862594604e-4,8.878707885742e-4
28,9,1,4,2400,115,1.035630702972e-4,6.191730499268e-4
28,9,1,4,2400,116,-1.152753829956e-4,1.590251922607e-4
28,9,1,4,2400,117,-5.096197128296e-6,8.308887481689e-5
28,9,1,4,2400,118,-1.888573169708e-4,4.870653152466e-3
28,9,1,4,2400,119,-7.569789886475e-5,2.448201179504e-3
28,9,1,4,2400,120,2.019703388214e-4,4.919171333313e-3
28,9,1,4,2400,121,2.988576889038e-4,2.879858016968e-3
28,9,1,4,2400,122,3.612935543060e-4,-4.251003265381e-4
28,9,1,4,2400,123,3.116130828857e-4,2.695322036743e-4
28,9,1,4,2400,124,-1.585483551025e-5,1.898765563965e-3
28,9,1,4,2400,125,5.090236663818e-5,3.201603889465e-3
28,9,1,4,2400,126,1.501142978668e-4,3.099441528320e-5
28,9,1,4,2400,127,8.285045623779e-5,1.716613769531e-5
28,9,1,4,2400,128,1.732409000397e-4,-1.084327697754e-3
28,9,1,4,2400,129,1.004934310913e-4,-5.199909210205e-4
28,9,1,4,2400,130,-1.087188720703e-4,1.667141914368e-3
28,9,1,4,2400,131,6.517767906189e-5,1.089215278625e-3
28,9,1,4,2400,132,-1.808106899261e-4,7.247924804688e-5
28,9,1,4,2400,133,-8.288025856018e-5,3.778934478760e-5
28,9,1,4,2400,134,4.121661186218e-5,-2.673149108887e-3
28,9,1,4,2400,135,5.853176116943e-5,-1.381874084473e-3
28,9,1,4,2400,136,4.982054233551e-4,2.110242843628e-3
28,9,1,4,2400,137,2.682507038116e-4,1.068115234375e-3
28,9,1,4,2400,138,4.174411296844e-4,6.119012832642e-4
28,9,1,4,2400,139,6.679296493530e-4,1.964688301086e-3
28,9,1,4,2400,140,-4.205107688904e-5,7.044434547424e-3
28,9,1,4,2400,141,-1.294314861298e-4,1.417183876038e-2
28,9,1,4,2400,142,1.706779003143e-4,1.061439514160e-3
28,9,1,4,2400,143,8.693337440491e-5,5.319118499756e-4
28,9,1,4,2400,144,5.075335502625e-5,-5.784034729004e-4
28,9,1,4,2400,145,2.714991569519e-5,-2.912282943726e-4
28,9,1,4,2400,146,5.066394805908e-5,5.555152893066e-5
28,9,1,4,2400,147,3.299117088318e-5,-1.730918884277e-4
28,9,1,4,2400,148,8.252263069153e-5,4.506111145020e-5
28,9,1,4,2400,149,4.532933235168e-5,2.360343933105e-5
28,9,1,4,2400,150,3.591179847717e-5,-1.418113708496e-3
28,9,1,4,2400,151,2.348423004150e-5,-6.976127624512e-4
28,9,1,4,2400,152,2.033412456512e-4,1.295208930969e-3
28,9,1,4,2400,153,1.488029956818e-4,4.702806472778e-4
28,9,1,4,2400,154,3.669261932373e-4,-1.722097396851e-3
28,9,1,4,2400,155,1.960098743439e-4,-8.492469787598e-4
28,9,1,4,2400,156,6.732344627380e-5,2.706050872803e-4
28,9,1,4,2400,157,2.828240394592e-5,1.692771911621e-4
28,9,1,4,2400,158,3.042519092560e-4,7.498264312744e-4
28,9,1,4,2400,159,1.604259014130e-4,3.587007522583e-4
28,9,1,4,2400,160,1.766681671143e-4,-2.086997032166e-3
28,9,1,4,2400,161,8.547306060791e-5,-1.010775566101e-3
28,9,1,4,2400,162,7.784366607666e-5,-3.165006637573e-4
28,9,1,4,2400,163,-9.179115295410e-6,-4.514455795288e-4
28,9,1,4,2400,164,4.482269287109e-5,1.430511474609e-5
28,9,1,4,2400,165,6.315112113953e-5,-1.068115234375e-4
28,9,1,4,2400,166,8.583068847656e-6,7.116794586182e-4
28,9,1,4,2400,167,7.152557373047e-6,3.587007522583e-4
28,9,1,4,2400,168,6.544589996338e-5,-8.761882781982e-5
28,9,1,4,2400,169,1.213550567627e-4,-1.296997070312e-4
29,9,1,4,4200,0,-6.587803363800e-5,-3.242492675781e-4
29,9,1,4,4200,1,-1.409798860550e-4,-6.468296051025e-4
29,9,1,4,4200,2,1.724064350128e-5,-9.560585021973e-5
29,9,1,4,4200,3,2.014636993408e-5,-1.330375671387e-4
29,9,1,4,4200,4,-5.677342414856e-6,-8.249282836914e-5
29,9,1,4,4200,5,-9.968876838684e-6,-3.647804260254e-5
29,9,1,4,4200,6,-1.651048660278e-5,-1.852512359619e-4
29,9,1,4,4200,7,5.877017974854e-5,-1.397132873535e-4
29,9,1,4,4200,8,1.385807991028e-6,-2.813339233398e-5
29,9,1,4,4200,9,-2.813339233398e-5,-7.152557373047e-5
29,9,1,4,4200,10,9.223818778992e-6,-3.647804260254e-4
29,9,1,4,4200,11,-4.076957702637e-5,-6.239414215088e-4
29,9,1,4,4200,12,-1.144409179688e-5,-2.558231353760e-4
29,9,1,4,4200,13,-4.701316356659e-5,-1.916885375977e-4
29,9,1,4,4200,14,-3.309994935989e-4,4.479169845581e-3
29,9,1,4,4200,15,-1.341551542282e-4,2.267360687256e-3
29,9,1,4,4200,16,-2.199262380600e-4,-6.850242614746e-3
29,9,1,4,4200,17,-9.952485561371e-5,-3.411293029785e-3
29,9,1,4,4200,18,3.643035888672e-4,-1.208710670471e-2
29,9,1,4,4200,19,1.926869153976e-4,-6.014347076416e-3
29,9,1,4,4200,20,5.154460668564e-4,-1.724720001221e-3
29,9,1,4,4200,21,2.685934305191e-4,-7.307529449463e-4
29,9,1,4,4200,22,5.528777837753e-4,-2.691745758057e-3
29,9,1,4,4200,23,2.943426370621e-4,-1.410961151123e-3
29,9,1,4,4200,24,6.030797958374e-4,1.654624938965e-4
29,9,1,4,4200,25,3.243684768677e-4,1.044273376465e-4
29,9,1,4,4200,26,1.953095197678e-4,2.372741699219e-3
29,9,1,4,4200,27,8.745491504669e-5,9.686946868896e-4
29,9,1,4,4200,28,-1.827478408813e-4,2.160549163818e-3
29,9,1,4,4200,29,-1.484900712967e-4,2.670288085938e-4
29,9,1,4,4200,30,-3.249049186707e-4,8.535385131836e-5
29,9,1,4,4200,31,-2.308636903763e-4,8.409023284912e-4
29,9,1,4,4200,32,2.008229494095e-4,-9.284019470215e-4
29,9,1,4,4200,33,5.508959293365e-5,-2.103805541992e-3
29,9,1,4,4200,34,1.072138547897e-4,-2.379894256592e-3
29,9,1,4,4200,35,5.547702312469e-5,-1.186609268188e-3
29,9,1,4,4200,36,4.541873931885e-5,-1.074075698853e-3
29,9,1,4,4200,37,5.495548248291e-5,-7.250308990479e-4
29,9,1,4,4200,38,-3.398954868317e-5,-3.337860107422e-5
29,9,1,4,4200,39,-5.885958671570e-6,-8.583068847656e-6
29,9,1,4,4200,40,2.436041831970e-4,-8.337497711182e-4
29,9,1,4,4200,41,3.257840871811e-4,-1.491069793701e-3
29,9,1,4,4200,42,5.535781383514e-5,7.786750793457e-4
29,9,1,4,4200,43,-4.296004772186e-5,1.453161239624e-3
29,9,1,4,4200,44,2.186000347137e-5,7.586479187012e-4
29,9,1,4,4200,45,8.790194988251e-5,6.301403045654e-4
29,9,1,4,4200,46,-4.725903272629e-4,7.098913192749e-3
29,9,1,4,4200,47,-2.049654722214e-4,3.509521484375e-3
29,9,1,4,4200,48,-2.405196428299e-4,-3.987550735474e-3
29,9,1,4,4200,49,-4.292577505112e-4,-8.507966995239e-3
29,9,1,4,4200,50,-3.141164779663e-4,3.455877304077e-3
29,9,1,4,4200,51,-1.486092805862e-4,1.683235168457e-3
29,9,1,4,4200,52,2.052038908005e-4,-1.330375671387e-4
29,9,1,4,4200,53,1.772046089172e-4,2.124309539795e-4
29,9,1,4,4200,54,-7.171779870987e-4,-4.387378692627e-3
29,9,1,4,4200,55,-7.417201995850e-4,-4.773616790771e-3
29,9,1,4,4200,56,1.536160707474e-4,3.159999847412e-3
29,9,1,4,4200,57,2.487897872925e-4,5.942106246948e-3
29,9,1,4,4200,58,1.798123121262e-4,-8.957386016846e-4
29,9,1,4,4200,59,1.549720764160e-6,-2.603054046631e-3
29,9,1,4,4200,60,-2.535581588745e-4,2.207517623901e-3
29,9,1,4,4200,61,-3.898888826370e-4,1.134872436523e-3
29,9,1,4,4200,62,8.071959018707e-5,5.443096160889e-4
29,9,1,4,4200,63,2.107024192810e-4,-1.007556915283e-3
29,9,1,4,4200,64,9.492039680481e-6,-4.560470581055e-3
29,9,1,4,4200,65,-1.726150512695e-4,-9.270906448364e-3
29,9,1,4,4200,66,-3.620982170105e-4,3.627538681030e-3
29,9,1,4,4200,67,-1.585930585861e-4,1.787662506104e-3
29,9,1,4,4200,68,3.857910633087e-5,-6.967544555664e-3
29,9,1,4,4200,69,5.359947681427e-5,-3.324031829834e-3
29,9,1,4,4200,70,-2.754479646683e-4,-1.397609710693e-3
29,9,1,4,4200,71,-5.598813295364e-4,-2.810955047607e-3
29,9,1,4,4200,72,-6.343424320221e-5,5.357265472412e-4
29,9,1,4,4200,73,-2.360790967941e-4,1.304388046265e-3
29,9,1,4,4200,74,-8.923262357712e-4,-7.233619689941e-4
29,9,1,4,4200,75,-4.035979509354e-4,-4.148483276367e-4
29,9,1,4,4200,76,-6.973743438721e-5,1.883506774902e-4
29,9,1,4,4200,77,-1.243948936462e-4,9.074211120605e-4
29,9,1,4,4200,78,-1.664757728577e-4,-4.343986511230e-4
29,9,1,4,4200,79,-4.049539566040e-4,-1.264095306396e-3
29,9,1,4,4200,80,3.485530614853e-4,-1.834154129028e-3
29,9,1,4,4200,81,2.097636461258e-4,-4.961013793945e-3
29,9,1,4,4200,82,4.426240921021e-4,6.226301193237e-3
29,9,1,4,4200,83,2.125650644302e-4,3.024101257324e-3
29,9,1,4,4200,84,-3.405809402466e-4,-2.391338348389e-3
29,9,1,4,4200,85,-6.177872419357e-4,-4.397869110107e-3
29,9,1,4,4200,86,-3.144592046738e-4,-2.449989318848e-3
29,9,1,4,4200,87,-1.410990953445e-4,-1.039505004883e-3
29,9,1,4,4200,88,3.748536109924e-4,-6.675720214844e-6
29,9,1,4,4200,89,1.450181007385e-4,1.038551330566e-3
29,9,1,4,4200,90,-2.324581146240e-6,-2.135276794434e-3
29,9,1,4,4200,91,-2.018958330154e-4,-6.065845489502e-3
29,9,1,4,4200,92,2.556890249252e-4,-4.732608795166e-4
29,9,1,4,4200,93,9.715557098389e-6,-5.704164505005e-3
29,9,1,4,4200,94,-3.229081630707e-5,-1.298427581787e-3
29,9,1,4,4200,95,-3.978610038757e-6,-7.212162017822e-4
29,9,1,4,4200,96,3.377795219421e-4,6.685256958008e-4
29,9,1,4,4200,97,1.798272132874e-4,2.954006195068e-4
29,9,1,4,4200,98,1.124292612076e-4,3.452301025391e-3
29,9,1,4,4200,99,7.058680057526e-5,1.735210418701e-3
29,9,1,4,4200,100,1.187920570374e-4,-6.029605865479e-4
29,9,1,4,4200,101,6.264448165894e-5,-3.123283386230e-4
29,9,1,4,4200,102,-9.244680404663e-5,5.624294281006e-4
29,9,1,4,4200,103,-2.006143331528e-4,8.301734924316e-4
29,9,1,4,4200,104,1.733005046844e-5,-1.893520355225e-3
29,9,1,4,4200,105,-2.153664827347e-4,-3.275871276855e-4
29,9,1,4,4200,106,1.767873764038e-4,2.994537353516e-4
29,9,1,4,4200,107,9.827315807343e-5,1.568794250488e-4
29,9,1,4,4200,108,3.650933504105e-4,3.800153732300e-3
29,9,1,4,4200,109,3.965944051743e-4,3.772497177124e-3
29,9,1,4,4200,110,6.616115570068e-5,5.578994750977e-5
29,9,1,4,4200,111,3.428757190704e-5,-7.438659667969e-5
29,9,1,4,4200,112,2.911835908890e-4,-1.111030578613e-3
29,9,1,4,4200,113,7.806718349457e-5,-3.409385681152e-4
29,9,1,4,4200,114,2.720355987549e-4,-6.635665893555e-3
29,9,1,4,4200,115,1.424700021744e-4,-3.318071365356e-3
29,9,1,4,4200,116,-3.610551357269e-5,-1.919031143188e-3
29,9,1,4,4200,117,-2.284348011017e-5,-1.066446304321e-3
29,9,1,4,4200,118,-1.727044582367e-5,-3.452301025391e-4
29,9,1,4,4200,119,8.866190910339e-6,-1.692771911621e-4
29,9,1,4,4200,120,3.946274518967e-4,-3.067255020142e-3
29,9,1,4,4200,121,1.991540193558e-4,-1.533508300781e-3
29,9,1,4,4200,122,-9.983777999878e-5,1.300573348999e-3
29,9,1,4,4200,123,9.983777999878e-7,1.318693161011e-3
29,9,1,4,4200,124,-2.317279577255e-4,-1.626014709473e-3
29,9,1,4,4200,125,-8.642673492432e-5,4.899501800537e-4
29,9,1,4,4200,126,-4.464387893677e-5,-1.084804534912e-3
29,9,1,4,4200,127,-3.221631050110e-4,-2.156734466553e-3
29,9,1,4,4200,128,2.310276031494e-4,-7.326602935791e-4
29,9,1,4,4200,129,1.292824745178e-4,-3.442764282227e-4
29,9,1,4,4200,130,5.065947771072e-4,-1.429796218872e-3
29,9,1,4,4200,131,2.739280462265e-4,-6.980895996094e-4
29,9,1,4,4200,132,-7.801204919815e-4,-7.066726684570e-4
29,9,1,4,4200,133,-3.746598958969e-4,-3.454685211182e-4
29,9,1,4,4200,134,-1.301616430283e-4,9.734630584717e-4
29,9,1,4,4200,135,-2.374053001404e-4,2.012968063354e-3
29,9,1,4,4200,136,-4.397332668304e-5,-2.717494964600e-3
29,9,1,4,4200,137,-2.718120813370e-4,-3.209114074707e-3
29,9,1,4,4200,138,1.531094312668e-4,-1.018762588501e-3
29,9,1,4,4200,139,9.717047214508e-5,-4.949569702148e-4
29,9,1,4,4200,140,-1.606345176697e-4,-4.329681396484e-4
29,9,1,4,4200,141,-6.015598773956e-5,-1.955032348633e-4
29,9,1,4,4200,142,1.429021358490e-3,-3.283500671387e-3
29,9,1,4,4200,143,7.775574922562e-4,-1.607418060303e-3
29,9,1,4,4200,144,5.647689104080e-4,-3.435611724854e-4
29,9,1,4,4200,145,2.982020378113e-4,-2.081394195557e-4
29,9,1,4,4200,146,-1.966848969460e-3,-1.876354217529e-3
29,9,1,4,4200,147,-9.223371744156e-4,-9.090900421143e-4
29,9,1,4,4200,148,-1.146256923676e-3,-3.045558929443e-3
29,9,1,4,4200,149,-5.301833152771e-4,-1.486063003540e-3
29,9,1,4,4200,150,-2.984255552292e-4,-7.226467132568e-3
29,9,1,4,4200,151,-1.130253076553e-4,-3.663063049316e-3
29,9,1,4,4200,152,-1.392602920532e-3,-8.498191833496e-3
29,9,1,4,4200,153,-6.229281425476e-4,-4.213333129883e-3
29,9,1,4,4200,154,1.717805862427e-4,2.131938934326e-3
29,9,1,4,4200,155,1.413822174072e-4,1.051425933838e-3
29,9,1,4,4200,156,-6.583780050278e-4,-7.091522216797e-3
29,9,1,4,4200,157,-2.431422472000e-4,-3.557443618774e-3
29,9,1,4,4200,158,-6.701499223709e-4,-3.135204315186e-3
29,9,1,4,4200,159,-5.760192871094e-4,-1.319408416748e-3
29,9,1,4,4200,160,-9.307116270065e-4,-2.522945404053e-3
29,9,1,4,4200,161,-5.133599042892e-4,-3.684043884277e-3
29,9,1,4,4200,162,3.576278686523e-6,1.309156417847e-3
29,9,1,4,4200,163,3.047287464142e-5,6.446838378906e-4
29,9,1,4,4200,164,-4.605501890182e-4,-3.103256225586e-3
29,9,1,4,4200,165,-2.689361572266e-4,-6.315469741821e-3
29,9,1,4,4200,166,-9.031593799591e-5,-2.826690673828e-3
29,9,1,4,4200,167,-4.060566425323e-5,-2.803087234497e-3
29,9,1,4,4200,168,1.951903104782e-4,1.012659072876e-2
29,9,1,4,4200,169,1.498460769653e-4,5.088806152344e-3
30,10,2,0,600,0,1.609325408936e-5,1.537799835205e-4
30,10,2,0,600,1,5.245208740234e-6,8.988380432129e-5
30,10,2,0,600,2,-1.662969589233e-5,4.625320434570e-5
30,10,2,0,600,3,-3.468990325928e-5,5.507469177246e-5
30,10,2,0,600,4,8.046627044678e-5,9.179115295410e-6
30,10,2,0,600,5,1.522302627563e-4,3.695487976074e-5
30,10,2,0,600,6,1.049041748047e-5,7.212162017822e-5
30,10,2,0,600,7,2.098083496094e-5,1.473426818848e-4
30,10,2,0,600,8,2.533197402954e-5,9.179115295410e-5
30,10,2,0,600,9,5.424022674561e-5,1.325607299805e-4
30,10,2,0,600,10,1.114010810852e-4,9.036064147949e-5
30,10,2,0,600,11,5.578994750977e-5,4.470348358154e-5
30,10,2,0,600,12,5.728006362915e-5,-1.498460769653e-4
30,10,2,0,600,13,1.074075698853e-4,-3.073215484619e-4
30,10,2,0,600,14,1.661777496338e-4,-4.768371582031e-7
30,10,2,0,600,15,8.344650268555e-5,0.000000000000e0
30,10,2,0,600,16,3.929734230042e-4,1.920461654663e-4
30,10,2,0,600,17,1.999139785767e-4,9.977817535400e-5
30,10,2,0,600,18,2.555847167969e-4,3.051757812500e-4
30,10,2,0,600,19,3.131031990051e-4,2.338886260986e-4
30,10,2,0,600,20,6.151199340820e-5,2.369880676270e-4
30,10,2,0,600,21,5.960464477539e-5,1.041889190674e-4
30,10,2,0,600,22,-1.418590545654e-5,6.239414215088e-4
30,10,2,0,600,23,-8.106231689453e-6,3.117322921753e-4
30,10,2,0,600,24,-1.876354217529e-4,2.539157867432e-4
30,10,2,0,600,25,-8.106231689453e-5,2.516508102417e-4
30,10,2,0,600,26,1.729726791382e-4,9.655952453613e-5
30,10,2,0,600,27,1.219511032104e-4,9.775161743164e-5
30,10,2,0,600,28,4.980564117432e-4,2.491116523743e-3
30,10,2,0,600,29,5.791187286377e-4,4.796266555786e-3
30,10,2,0,600,30,-1.811981201172e-5,-2.596378326416e-4
30,10,2,0,600,31,-2.324581146240e-5,-5.134344100952e-4
30,10,2,0,600,32,1.834630966187e-4,3.640651702881e-4
30,10,2,0,600,33,3.938674926758e-4,3.392696380615e-4
30,10,2,0,600,34,5.143284797668e-4,5.002021789551e-4
30,10,2,0,600,35,2.604722976685e-4,2.517700195312e-4
30,10,2,0,600,36,1.233220100403e-4,2.323389053345e-4
30,10,2,0,600,37,2.270936965942e-4,1.540184020996e-4
30,10,2,0,600,38,4.440546035767e-5,1.207828521729e-3
30,10,2,0,600,39,1.960992813110e-5,6.089210510254e-4
30,10,2,0,600,40,5.173683166504e-5,-1.704692840576e-5
30,10,2,0,600,41,2.801418304443e-5,-7.748603820801e-6
30,10,2,0,600,42,6.535649299622e-4,4.822015762329e-4
30,10,2,0,600,43,3.981590270996e-4,5.609989166260e-4
30,10,2,0,600,44,9.844899177551e-4,3.533840179443e-3
30,10,2,0,600,45,5.120038986206e-4,1.783967018127e-3
30,10,2,0,600,46,3.567337989807e-4,-1.309514045715e-3
30,10,2,0,600,47,2.546310424805e-4,-2.655506134033e-3
30,10,2,0,600,48,7.218122482300e-4,6.872415542603e-4
30,10,2,0,600,49,5.611181259155e-4,1.509666442871e-3
30,10,2,0,600,50,-7.791519165039e-4,2.232670783997e-3
30,10,2,0,600,51,-3.747940063477e-4,1.127123832703e-3
30,10,2,0,600,52,-8.714199066162e-5,-5.962848663330e-4
30,10,2,0,600,53,-3.170967102051e-5,-2.856254577637e-4
30,10,2,0,600,54,-5.573034286499e-5,3.068566322327e-3
30,10,2,0,600,55,-1.162290573120e-5,1.548051834106e-3
30,10,2,0,600,56,-1.535415649414e-4,3.319978713989e-3
30,10,2,0,600,57,-6.717443466187e-5,1.666784286499e-3
30,10,2,0,600,58,-1.022815704346e-4,-6.693601608276e-4
30,10,2,0,600,59,-2.772808074951e-4,-1.438140869141e-3
30,10,2,0,600,60,-2.491474151611e-5,2.001523971558e-4
30,10,2,0,600,61,-1.279115676880e-4,3.266334533691e-4
30,10,2,0,600,62,-1.764297485352e-5,1.548528671265e-4
30,10,2,0,600,63,-4.303455352783e-5,3.246068954468e-4
30,10,2,0,600,64,-5.334615707397e-5,6.842613220215e-5
30,10,2,0,600,65,-2.449750900269e-5,4.696846008301e-5
30,10,2,0,600,66,2.327561378479e-4,-1.618862152100e-4
30,10,2,0,600,67,1.165866851807e-4,-6.723403930664e-5
30,10,2,0,600,68,-1.177191734314e-4,7.271766662598e-6
30,10,2,0,600,69,-2.419352531433e-4,-1.420974731445e-4
30,10,2,0,600,70,1.072883605957e-5,3.278255462646e-5
30,10,2,0,600,71,-3.337860107422e-6,-2.756118774414e-4
30,10,2,0,600,72,1.462101936340e-4,-3.163814544678e-4
30,10,2,0,600,73,7.319450378418e-5,-1.536607742310e-4
30,10,2,0,600,74,2.729892730713e-4,6.842613220215e-5
30,10,2,0,600,75,1.478195190430e-4,-1.261234283447e-4
30,10,2,0,600,76,3.200173377991e-4,3.111362457275e-5
30,10,2,0,600,77,1.524090766907e-4,2.968311309814e-5
30,10,2,0,600,78,3.491044044495e-4,2.719163894653e-4
30,10,2,0,600,79,1.774430274963e-4,1.291036605835e-4
30,10,2,0,600,80,-1.277923583984e-4,1.091003417969e-3
30,10,2,0,600,81,-6.222724914551e-5,5.464553833008e-4
30,10,2,0,600,82,6.777048110962e-5,7.719993591309e-4
30,10,2,0,600,83,4.965066909790e-5,2.710819244385e-4
30,10,2,0,600,84,-4.208087921143e-5,7.908344268799e-4
30,10,2,0,600,85,-1.270771026611e-4,3.488063812256e-4
30,10,2,0,600,86,2.098083496094e-4,2.232789993286e-3
30,10,2,0,600,87,4.199743270874e-4,1.580953598022e-3
30,10,2,0,600,88,1.898407936096e-4,1.735687255859e-4
30,10,2,0,600,89,6.341934204102e-5,3.933906555176e-6
30,10,2,0,600,90,4.750490188599e-4,7.619857788086e-4
30,10,2,0,600,91,2.399682998657e-4,3.845691680908e-4
30,10,2,0,600,92,4.292726516724e-4,1.137375831604e-3
30,10,2,0,600,93,2.169609069824e-4,5.911588668823e-4
30,10,2,0,600,94,3.789067268372e-4,1.345872879028e-3
30,10,2,0,600,95,3.995895385742e-4,8.835792541504e-4
30,10,2,0,600,96,1.635551452637e-4,5.086421966553e-3
30,10,2,0,600,97,8.499622344971e-5,2.553582191467e-3
30,10,2,0,600,98,1.085996627808e-4,-3.048181533813e-4
30,10,2,0,600,99,9.346008300781e-5,-2.341270446777e-4
30,10,2,0,600,100,4.244446754456e-4,2.948045730591e-4
30,10,2,0,600,101,5.434751510620e-4,3.285408020020e-4
30,10,2,0,600,102,4.142522811890e-4,4.191398620605e-4
30,10,2,0,600,103,2.154111862183e-4,2.108812332153e-4
30,10,2,0,600,104,-1.713633537292e-4,-1.566410064697e-4
30,10,2,0,600,105,-9.179115295410e-5,1.678466796875e-4
30,10,2,0,600,106,4.450082778931e-4,2.281665802002e-4
30,10,2,0,600,107,3.477334976196e-4,1.409053802490e-4
30,10,2,0,600,108,2.217292785645e-5,2.825260162354e-5
30,10,2,0,600,109,2.294778823853e-5,1.895427703857e-5
30,10,2,0,600,110,-1.346468925476e-4,2.031326293945e-4
30,10,2,0,600,111,-5.644559860229e-5,1.021623611450e-4
30,10,2,0,600,112,3.030300140381e-4,3.582715988159e-3
30,10,2,0,600,113,1.027584075928e-4,1.839280128479e-3
30,10,2,0,600,114,2.015829086304e-4,6.252527236938e-4
30,10,2,0,600,115,2.622604370117e-6,3.156661987305e-4
30,10,2,0,600,116,1.335144042969e-5,1.108646392822e-4
30,10,2,0,600,117,4.321336746216e-5,1.320838928223e-4
30,10,2,0,600,118,8.296966552734e-5,3.683567047119e-5
30,10,2,0,600,119,1.426339149475e-4,7.653236389160e-5
30,10,2,0,600,120,2.908706665039e-4,4.062652587891e-4
30,10,2,0,600,121,1.491308212280e-4,2.039670944214e-4
30,10,2,0,600,122,6.078481674194e-4,7.462501525879e-5
30,10,2,0,600,123,3.050565719604e-4,3.862380981445e-5
30,10,2,0,600,124,-1.631975173950e-4,3.664493560791e-4
30,10,2,0,600,125,-7.951259613037e-5,1.845359802246e-4
30,10,2,0,600,126,2.198815345764e-4,5.751848220825e-4
30,10,2,0,600,127,1.054406166077e-4,4.370212554932e-4
30,10,2,0,600,128,4.072785377502e-4,3.279328346252e-3
30,10,2,0,600,129,3.450512886047e-4,1.971125602722e-3
30,10,2,0,600,130,2.940893173218e-4,2.038478851318e-5
30,10,2,0,600,131,1.526474952698e-4,1.049041748047e-5
30,10,2,0,600,132,-2.086162567139e-5,3.623962402344e-5
30,10,2,0,600,133,-1.221895217896e-4,6.437301635742e-6
30,10,2,0,600,134,7.510185241699e-6,6.670951843262e-4
30,10,2,0,600,135,7.629394531250e-6,3.390312194824e-4
30,10,2,0,600,136,4.027485847473e-4,9.739398956299e-5
30,10,2,0,600,137,2.673864364624e-4,-2.092123031616e-4
30,10,2,0,600,138,8.652210235596e-4,2.615451812744e-4
30,10,2,0,600,139,4.868507385254e-4,-1.058578491211e-4
30,10,2,0,600,140,4.923343658447e-5,-8.022785186768e-5
30,10,2,0,600,141,2.765655517578e-5,-4.017353057861e-5
30,10,2,0,600,142,3.073215484619e-4,-1.397132873535e-4
30,10,2,0,600,143,1.608133316040e-4,-6.961822509766e-5
30,10,2,0,600,144,4.747509956360e-4,-1.463770866394e-3
30,10,2,0,600,145,2.520680427551e-4,-7.188320159912e-4
30,10,2,0,600,146,-6.794929504395e-6,1.027703285217e-3
30,10,2,0,600,147,-6.020069122314e-5,5.706548690796e-4
30,10,2,0,600,148,8.988380432129e-5,-2.610683441162e-5
30,10,2,0,600,149,8.320808410645e-5,-1.168251037598e-5
30,10,2,0,600,150,4.363059997559e-5,4.386901855469e-5
30,10,2,0,600,151,9.298324584961e-6,5.507469177246e-5
30,10,2,0,600,152,-3.105998039246e-4,1.021623611450e-4
30,10,2,0,600,153,-1.192092895508e-4,1.666545867920e-4
30,10,2,0,600,154,3.211498260498e-4,2.875328063965e-4
30,10,2,0,600,155,1.645684242249e-4,1.418590545654e-4
30,10,2,0,600,156,-1.680254936218e-4,2.735853195190e-4
30,10,2,0,600,157,-8.243322372437e-5,1.266002655029e-4
30,10,2,0,600,158,-8.869171142578e-5,5.292892456055e-4
30,10,2,0,600,159,-6.628036499023e-5,1.305341720581e-4
30,10,2,0,600,160,-6.049871444702e-5,5.078077316284e-3
30,10,2,0,600,161,-2.610683441162e-5,2.544164657593e-3
30,10,2,0,600,162,4.794597625732e-4,1.433610916138e-3
30,10,2,0,600,163,4.151463508606e-4,1.109838485718e-3
30,10,2,0,600,164,5.521774291992e-4,-8.013248443604e-4
30,10,2,0,600,165,2.854466438293e-4,-3.926753997803e-4
30,10,2,0,600,166,3.826618194580e-5,6.389617919922e-4
30,10,2,0,600,167,5.280971527100e-5,1.295566558838e-3
30,10,2,0,600,168,4.661083221436e-5,7.450580596924e-5
30,10,2,0,600,169,2.717971801758e-5,3.027915954590e-5
31,10,2,0,2400,0,1.367926597595e-4,3.609061241150e-3
31,10,2,0,2400,1,1.039505004883e-4,1.850485801697e-3
31,10,2,0,2400,2,2.229213714600e-5,-6.289482116699e-4
31,10,2,0,2400,3,5.799531936646e-5,-2.191066741943e-4
31,10,2,0,2400,4,2.869367599487e-4,3.826618194580e-4
31,10,2,0,2400,5,3.703832626343e-4,2.025365829468e-4
31,10,2,0,2400,6,2.750754356384e-4,-3.706216812134e-4
31,10,2,0,2400,7,1.433491706848e-4,-1.542568206787e-4
31,10,2,0,2400,8,8.398294448853e-5,-6.656646728516e-4
31,10,2,0,2400,9,4.720687866211e-5,-3.294944763184e-4
31,10,2,0,2400,10,2.080202102661e-5,6.487369537354e-4
31,10,2,0,2400,11,-1.817345619202e-4,1.574516296387e-3
31,10,2,0,2400,12,-1.985430717468e-4,4.415512084961e-4
31,10,2,0,2400,13,-3.571510314941e-4,1.081824302673e-3
31,10,2,0,2400,14,-2.721548080444e-4,-5.742311477661e-4
31,10,2,0,2400,15,-1.080036163330e-4,-2.806186676025e-4
31,10,2,0,2400,16,-8.106231689453e-5,4.488348960876e-3
31,10,2,0,2400,17,-3.224611282349e-5,2.245903015137e-3
31,10,2,0,2400,18,1.549720764160e-6,1.774549484253e-3
31,10,2,0,2400,19,7.510185241699e-6,8.867979049683e-4
31,10,2,0,2400,20,5.513429641724e-5,4.385709762573e-4
31,10,2,0,2400,21,1.072883605957e-4,3.862380981445e-5
31,10,2,0,2400,22,-1.771450042725e-4,1.043558120728e-3
31,10,2,0,2400,23,-1.409649848938e-4,2.083182334900e-3
31,10,2,0,2400,24,2.267956733704e-4,2.479553222656e-5
31,10,2,0,2400,25,4.555583000183e-4,-6.656646728516e-4
31,10,2,0,2400,26,-3.314018249512e-5,4.267692565918e-4
31,10,2,0,2400,27,-1.645088195801e-5,2.138614654541e-4
31,10,2,0,2400,28,1.296401023865e-4,6.645917892456e-4
31,10,2,0,2400,29,6.568431854248e-5,3.306865692139e-4
31,10,2,0,2400,30,-2.248287200928e-4,7.390975952148e-6
31,10,2,0,2400,31,-1.112818717957e-4,2.264976501465e-5
31,10,2,0,2400,32,6.675720214844e-5,1.202464103699e-3
31,10,2,0,2400,33,5.078315734863e-5,6.098747253418e-4
31,10,2,0,2400,34,1.695156097412e-4,-1.471042633057e-4
31,10,2,0,2400,35,1.450777053833e-4,6.937980651855e-4
31,10,2,0,2400,36,6.341934204102e-5,-5.713701248169e-4
31,10,2,0,2400,37,3.725290298462e-5,-2.790689468384e-4
31,10,2,0,2400,38,3.113746643066e-4,5.525469779968e-3
31,10,2,0,2400,39,3.997087478638e-4,5.291819572449e-3
31,10,2,0,2400,40,4.450082778931e-4,-2.875328063965e-4
31,10,2,0,2400,41,2.232789993286e-4,-1.358985900879e-4
31,10,2,0,2400,42,2.684593200684e-4,-3.492832183838e-4
31,10,2,0,2400,43,1.871585845947e-4,1.568794250488e-4
31,10,2,0,2400,44,2.312660217285e-5,2.149343490601e-4
31,10,2,0,2400,45,1.931190490723e-5,8.702278137207e-5
31,10,2,0,2400,46,1.740455627441e-5,2.505779266357e-4
31,10,2,0,2400,47,-9.232759475708e-5,5.509853363037e-4
31,10,2,0,2400,48,2.096295356750e-4,-1.558542251587e-3
31,10,2,0,2400,49,2.751350402832e-4,-3.652691841125e-3
31,10,2,0,2400,50,-1.456141471863e-4,-3.679037094116e-3
31,10,2,0,2400,51,-2.861022949219e-5,-1.827001571655e-3
31,10,2,0,2400,52,7.152557373047e-5,1.522302627563e-3
31,10,2,0,2400,53,4.726648330688e-5,7.655620574951e-4
31,10,2,0,2400,54,-2.350211143494e-4,7.662773132324e-4
31,10,2,0,2400,55,9.739398956299e-5,1.335978507996e-3
31,10,2,0,2400,56,-3.516674041748e-6,-1.435279846191e-3
31,10,2,0,2400,57,1.370906829834e-5,-7.114410400391e-4
31,10,2,0,2400,58,2.243518829346e-4,-3.181695938110e-4
31,10,2,0,2400,59,1.232624053955e-4,-1.574754714966e-4
31,10,2,0,2400,60,8.291006088257e-5,9.117126464844e-4
31,10,2,0,2400,61,5.245208740234e-5,4.608631134033e-4
31,10,2,0,2400,62,6.711483001709e-5,-1.040220260620e-3
31,10,2,0,2400,63,3.814697265625e-5,-8.201599121094e-4
31,10,2,0,2400,64,3.343224525452e-4,5.613684654236e-3
31,10,2,0,2400,65,2.062320709229e-4,2.830266952515e-3
31,10,2,0,2400,66,-5.204677581787e-4,-6.296634674072e-4
31,10,2,0,2400,67,-2.520084381104e-4,-3.542900085449e-4
31,10,2,0,2400,68,2.814531326294e-4,4.109263420105e-3
31,10,2,0,2400,69,2.632737159729e-4,1.953363418579e-3
31,10,2,0,2400,70,2.464652061462e-4,1.588582992554e-3
31,10,2,0,2400,71,4.895329475403e-4,2.791404724121e-3
31,10,2,0,2400,72,1.398921012878e-4,-1.727819442749e-3
31,10,2,0,2400,73,-1.301169395447e-4,-1.072049140930e-3
31,10,2,0,2400,74,-4.613399505615e-5,3.681182861328e-4
31,10,2,0,2400,75,-1.146793365479e-4,9.202957153320e-4
31,10,2,0,2400,76,-5.137920379639e-4,4.732608795166e-4
31,10,2,0,2400,77,-2.390146255493e-4,2.553462982178e-4
31,10,2,0,2400,78,3.702640533447e-4,-6.842613220215e-4
31,10,2,0,2400,79,1.120567321777e-4,-8.249282836914e-5
31,10,2,0,2400,80,-5.342960357666e-4,-8.723258972168e-3
31,10,2,0,2400,81,-2.666711807251e-4,-4.327416419983e-3
31,10,2,0,2400,82,-5.288720130920e-4,-4.082679748535e-3
31,10,2,0,2400,83,-1.569986343384e-4,-2.985000610352e-3
31,10,2,0,2400,84,-1.651048660278e-4,-1.798629760742e-3
31,10,2,0,2400,85,-5.602836608887e-5,-8.779764175415e-4
31,10,2,0,2400,86,7.166862487793e-4,8.363723754883e-4
31,10,2,0,2400,87,3.635883331299e-4,4.324913024902e-4
31,10,2,0,2400,88,-1.300573348999e-4,2.607107162476e-4
31,10,2,0,2400,89,2.562999725342e-6,1.614570617676e-3
31,10,2,0,2400,90,1.395344734192e-4,1.435279846191e-3
31,10,2,0,2400,91,2.101063728333e-4,2.390623092651e-3
31,10,2,0,2400,92,-4.506111145020e-5,9.860992431641e-4
31,10,2,0,2400,93,8.225440979004e-5,4.976987838745e-4
31,10,2,0,2400,94,-2.523660659790e-4,1.388549804688e-3
31,10,2,0,2400,95,-9.703636169434e-5,6.994009017944e-4
31,10,2,0,2400,96,-5.064010620117e-4,4.410743713379e-5
31,10,2,0,2400,97,-2.813935279846e-4,-8.790493011475e-4
31,10,2,0,2400,98,2.706646919250e-4,-1.080632209778e-3
31,10,2,0,2400,99,5.435943603516e-5,6.389617919922e-5
31,10,2,0,2400,100,2.111792564392e-4,5.741119384766e-4
31,10,2,0,2400,101,1.832246780396e-4,1.157045364380e-3
31,10,2,0,2400,102,4.756450653076e-5,-5.679845809937e-3
31,10,2,0,2400,103,5.155801773071e-5,-2.836465835571e-3
31,10,2,0,2400,104,9.063482284546e-4,6.134986877441e-3
31,10,2,0,2400,105,5.343556404114e-4,3.344774246216e-3
31,10,2,0,2400,106,-1.055002212524e-5,-1.008272171021e-3
31,10,2,0,2400,107,1.227855682373e-5,-4.947185516357e-4
31,10,2,0,2400,108,-7.169842720032e-4,-1.451611518860e-3
31,10,2,0,2400,109,-2.935528755188e-4,-4.110336303711e-4
31,10,2,0,2400,110,4.510879516602e-4,-1.451969146729e-4
31,10,2,0,2400,111,3.334283828735e-4,1.251697540283e-4
31,10,2,0,2400,112,-8.198022842407e-4,7.517337799072e-4
31,10,2,0,2400,113,-3.798007965088e-4,7.534027099609e-4
31,10,2,0,2400,114,1.180171966553e-4,-5.461215972900e-3
31,10,2,0,2400,115,3.576278686523e-5,-2.385139465332e-3
31,10,2,0,2400,116,-1.307725906372e-4,1.547574996948e-3
31,10,2,0,2400,117,-4.386901855469e-5,9.816884994507e-4
31,10,2,0,2400,118,1.376867294312e-5,-1.897811889648e-4
31,10,2,0,2400,119,2.980232238770e-6,-9.369850158691e-5
31,10,2,0,2400,120,1.879930496216e-4,9.529590606689e-4
31,10,2,0,2400,121,1.895427703857e-4,4.703998565674e-4
31,10,2,0,2400,122,-4.833936691284e-5,-2.524852752686e-4
31,10,2,0,2400,123,2.944469451904e-5,-2.717971801758e-5
31,10,2,0,2400,124,-3.379583358765e-5,9.534358978271e-4
31,10,2,0,2400,125,9.369850158691e-5,5.449056625366e-4
31,10,2,0,2400,126,4.038810729980e-4,2.512335777283e-3
31,10,2,0,2400,127,2.059936523438e-4,1.287460327148e-3
31,10,2,0,2400,128,4.242658615112e-4,3.391265869141e-3
31,10,2,0,2400,129,2.374053001404e-4,1.713752746582e-3
31,10,2,0,2400,130,-3.260374069214e-5,9.826183319092e-3
31,10,2,0,2400,131,2.056360244751e-5,4.935264587402e-3
31,10,2,0,2400,132,4.941821098328e-4,4.306077957153e-3
31,10,2,0,2400,133,2.610683441162e-4,2.168178558350e-3
31,10,2,0,2400,134,1.611113548279e-4,1.079916954041e-3
31,10,2,0,2400,135,1.331567764282e-4,1.581072807312e-3
31,10,2,0,2400,136,3.789067268372e-4,2.273559570312e-3
31,10,2,0,2400,137,1.968145370483e-4,1.146793365479e-3
31,10,2,0,2400,138,2.487301826477e-4,7.772445678711e-4
31,10,2,0,2400,139,3.445744514465e-4,1.036524772644e-3
31,10,2,0,2400,140,1.707673072815e-4,9.669065475464e-4
31,10,2,0,2400,141,2.481937408447e-4,1.442193984985e-3
31,10,2,0,2400,142,5.326271057129e-4,1.645565032959e-3
31,10,2,0,2400,143,2.760887145996e-4,8.257627487183e-4
31,10,2,0,2400,144,1.716613769531e-4,2.054929733276e-3
31,10,2,0,2400,145,7.724761962891e-5,1.029491424561e-3
31,10,2,0,2400,146,-1.513361930847e-4,2.912282943726e-4
31,10,2,0,2400,147,-4.530549049377e-4,4.484653472900e-4
31,10,2,0,2400,148,2.293586730957e-4,1.164913177490e-3
31,10,2,0,2400,149,1.079440116882e-4,5.897283554077e-4
31,10,2,0,2400,150,-1.071095466614e-4,2.259016036987e-4
31,10,2,0,2400,151,-2.566576004028e-4,6.866455078125e-5
31,10,2,0,2400,152,1.209974288940e-4,-4.887580871582e-6
31,10,2,0,2400,153,4.423856735229e-4,-2.090930938721e-4
31,10,2,0,2400,154,7.474422454834e-5,6.908178329468e-4
31,10,2,0,2400,155,5.781650543213e-5,3.201961517334e-4
31,10,2,0,2400,156,3.021955490112e-4,3.194808959961e-5
31,10,2,0,2400,157,4.274845123291e-4,-1.595020294189e-4
31,10,2,0,2400,158,2.124905586243e-4,6.890296936035e-4
31,10,2,0,2400,159,3.821849822998e-4,1.083374023438e-3
31,10,2,0,2400,160,-7.385015487671e-5,1.592636108398e-4
31,10,2,0,2400,161,-4.708766937256e-6,2.478361129761e-4
31,10,2,0,2400,162,4.351139068604e-5,2.095699310303e-4
31,10,2,0,2400,163,3.075599670410e-5,2.235174179077e-4
31,10,2,0,2400,164,1.028180122375e-4,5.614757537842e-5
31,10,2,0,2400,165,7.498264312744e-5,9.226799011230e-5
31,10,2,0,2400,166,-5.364418029785e-6,3.051757812500e-5
31,10,2,0,2400,167,4.172325134277e-7,1.466274261475e-5
31,10,2,0,2400,168,4.059076309204e-5,2.384185791016e-5
31,10,2,0,2400,169,1.871585845947e-5,-1.336336135864e-4
32,10,2,0,4200,0,3.317594528198e-4,1.264572143555e-3
32,10,2,0,4200,1,1.920163631439e-4,5.431175231934e-4
32,10,2,0,4200,2,-9.621679782867e-4,-3.938674926758e-4
32,10,2,0,4200,3,-4.883706569672e-4,2.808570861816e-4
32,10,2,0,4200,4,2.730190753937e-4,2.166628837585e-3
32,10,2,0,4200,5,1.933872699738e-4,8.950233459473e-4
32,10,2,0,4200,6,-7.121860980988e-4,1.115441322327e-3
32,10,2,0,4200,7,-3.491640090942e-4,9.002685546875e-4
32,10,2,0,4200,8,-4.048049449921e-4,2.912282943726e-4
32,10,2,0,4200,9,-1.769363880157e-4,1.764297485352e-4
32,10,2,0,4200,10,-6.288290023804e-4,-1.283764839172e-3
32,10,2,0,4200,11,-3.484189510345e-4,-4.925727844238e-4
32,10,2,0,4200,12,3.087520599365e-4,-2.363085746765e-3
32,10,2,0,4200,13,1.580417156219e-4,-1.126885414124e-3
32,10,2,0,4200,14,-7.044076919556e-4,-3.250002861023e-3
32,10,2,0,4200,15,-3.384649753571e-4,-1.610279083252e-3
32,10,2,0,4200,16,-2.345740795135e-4,-2.355575561523e-4
32,10,2,0,4200,17,-1.167953014374e-4,-1.145601272583e-4
32,10,2,0,4200,18,-3.889799118042e-4,-3.195166587830e-3
32,10,2,0,4200,19,-1.835227012634e-4,-1.616597175598e-3
32,10,2,0,4200,20,-5.183219909668e-4,-1.026034355164e-3
32,10,2,0,4200,21,-4.353821277618e-4,-6.691217422485e-4
32,10,2,0,4200,22,-6.048679351807e-4,-2.519249916077e-3
32,10,2,0,4200,23,-2.906322479248e-4,-1.247763633728e-3
32,10,2,0,4200,24,-3.311038017273e-4,-1.286506652832e-3
32,10,2,0,4200,25,-1.360476016998e-4,-6.333589553833e-4
32,10,2,0,4200,26,-4.285573959351e-4,-4.173398017883e-3
32,10,2,0,4200,27,-2.021193504333e-4,-2.442836761475e-3
32,10,2,0,4200,28,-4.020333290100e-5,-3.323197364807e-3
32,10,2,0,4200,29,9.179115295410e-6,-1.618981361389e-3
32,10,2,0,4200,30,-6.886720657349e-4,-2.073884010315e-3
32,10,2,0,4200,31,-4.816055297852e-4,-1.520752906799e-3
32,10,2,0,4200,32,1.171827316284e-4,-7.556676864624e-4
32,10,2,0,4200,33,2.013742923737e-4,-1.197695732117e-3
32,10,2,0,4200,34,-3.744363784790e-4,-1.788496971130e-3
32,10,2,0,4200,35,-1.840889453888e-4,-8.901357650757e-4
32,10,2,0,4200,36,1.299679279327e-4,-6.885528564453e-4
32,10,2,0,4200,37,-2.405047416687e-5,-1.844167709351e-4
32,10,2,0,4200,38,-2.700984477997e-4,-3.461837768555e-4
32,10,2,0,4200,39,-1.288652420044e-4,-2.012252807617e-4
32,10,2,0,4200,40,4.321336746216e-6,-4.416704177856e-4
32,10,2,0,4200,41,1.532435417175e-4,-7.152557373047e-4
32,10,2,0,4200,42,-2.647638320923e-4,-1.269698143005e-3
32,10,2,0,4200,43,-3.072619438171e-4,-1.203894615173e-3
32,10,2,0,4200,44,2.054870128632e-4,-1.064300537109e-3
32,10,2,0,4200,45,1.345574855804e-4,-4.302263259888e-4
32,10,2,0,4200,46,-4.950761795044e-4,7.829189300537e-3
32,10,2,0,4200,47,-2.059042453766e-4,3.919720649719e-3
32,10,2,0,4200,48,4.191696643829e-4,2.295613288879e-3
32,10,2,0,4200,49,2.322793006897e-4,1.147270202637e-3
32,10,2,0,4200,50,-8.568763732910e-4,-1.326560974121e-3
32,10,2,0,4200,51,-4.153251647949e-4,-6.661415100098e-4
32,10,2,0,4200,52,1.289844512939e-4,1.088500022888e-3
32,10,2,0,4200,53,4.978477954865e-4,8.403062820435e-4
32,10,2,0,4200,54,-6.501674652100e-4,8.481740951538e-4
32,10,2,0,4200,55,-1.237809658051e-3,1.477599143982e-3
32,10,2,0,4200,56,2.776682376862e-4,1.877784729004e-3
32,10,2,0,4200,57,6.104707717896e-4,3.571510314941e-3
32,10,2,0,4200,58,-3.193318843842e-4,-1.088261604309e-3
32,10,2,0,4200,59,-5.953311920166e-4,-1.253008842468e-3
32,10,2,0,4200,60,-6.678700447083e-5,4.914999008179e-4
32,10,2,0,4200,61,-5.095005035400e-4,3.406047821045e-3
32,10,2,0,4200,62,-4.112720489502e-4,4.701614379883e-3
32,10,2,0,4200,63,-7.024407386780e-4,1.102447509766e-2
32,10,2,0,4200,64,2.429187297821e-4,-2.293586730957e-4
32,10,2,0,4200,65,6.586313247681e-5,-4.647254943848e-3
32,10,2,0,4200,66,-3.448426723480e-4,4.631161689758e-3
32,10,2,0,4200,67,-1.406073570251e-4,2.353310585022e-3
32,10,2,0,4200,68,9.992122650146e-4,8.684992790222e-3
32,10,2,0,4200,69,5.747079849243e-4,4.364371299744e-3
32,10,2,0,4200,70,-1.738667488098e-4,3.699779510498e-3
32,10,2,0,4200,71,-2.104043960571e-4,3.570914268494e-3
32,10,2,0,4200,72,5.424916744232e-4,3.494858741760e-3
32,10,2,0,4200,73,8.467137813568e-4,5.037784576416e-3
32,10,2,0,4200,74,-9.756684303284e-4,4.554271697998e-3
32,10,2,0,4200,75,-4.199147224426e-4,2.318382263184e-3
32,10,2,0,4200,76,-5.009770393372e-5,1.054728031158e-2
32,10,2,0,4200,77,4.008412361145e-5,8.831024169922e-3
32,10,2,0,4200,78,-1.473248004913e-3,9.856104850769e-3
32,10,2,0,4200,79,-6.996393203735e-4,4.949927330017e-3
32,10,2,0,4200,80,5.704164505005e-5,-2.089500427246e-3
32,10,2,0,4200,81,-2.017319202423e-4,-3.581881523132e-3
32,10,2,0,4200,82,-5.775690078735e-5,5.707740783691e-4
32,10,2,0,4200,83,6.824731826782e-6,2.523660659790e-4
32,10,2,0,4200,84,1.859962940216e-4,8.257627487183e-4
32,10,2,0,4200,85,3.379583358765e-4,9.778738021851e-4
32,10,2,0,4200,86,-1.202881336212e-3,-1.449942588806e-3
32,10,2,0,4200,87,-5.242228507996e-4,-8.120536804199e-4
32,10,2,0,4200,88,-7.653236389160e-4,3.151893615723e-4
32,10,2,0,4200,89,-3.379881381989e-4,1.163482666016e-4
32,10,2,0,4200,90,4.190206527710e-5,8.834600448608e-4
32,10,2,0,4200,91,4.222989082336e-5,4.277229309082e-4
32,10,2,0,4200,92,2.902746200562e-5,-1.166939735413e-3
32,10,2,0,4200,93,-2.596974372864e-4,-1.560807228088e-3
32,10,2,0,4200,94,3.445744514465e-4,6.465792655945e-3
32,10,2,0,4200,95,1.683235168457e-4,3.208279609680e-3
32,10,2,0,4200,96,-1.319348812103e-4,2.889275550842e-3
32,10,2,0,4200,97,-4.500150680542e-6,1.465320587158e-3
32,10,2,0,4200,98,-5.492866039276e-4,-1.538991928101e-4
32,10,2,0,4200,99,-2.458691596985e-4,-5.328655242920e-5
32,10,2,0,4200,100,-5.624294281006e-4,-2.459645271301e-3
32,10,2,0,4200,101,-2.435147762299e-4,-1.206755638123e-3
32,10,2,0,4200,102,-2.967417240143e-4,-5.648732185364e-3
32,10,2,0,4200,103,-6.930232048035e-4,-6.162047386169e-3
32,10,2,0,4200,104,-4.134774208069e-4,-2.402186393738e-3
32,10,2,0,4200,105,-5.359053611755e-4,-7.181167602539e-4
32,10,2,0,4200,106,-1.083910465240e-4,1.806616783142e-3
32,10,2,0,4200,107,-1.499056816101e-5,9.287595748901e-4
32,10,2,0,4200,108,-1.909136772156e-4,-1.302361488342e-3
32,10,2,0,4200,109,-1.318752765656e-4,-3.398060798645e-3
32,10,2,0,4200,110,1.423060894012e-4,5.293965339661e-3
32,10,2,0,4200,111,1.036822795868e-4,2.625823020935e-3
32,10,2,0,4200,112,1.009702682495e-4,-3.160238265991e-4
32,10,2,0,4200,113,-2.441406250000e-4,-2.948045730591e-4
32,10,2,0,4200,114,-2.303421497345e-4,2.403259277344e-3
32,10,2,0,4200,115,-1.064538955688e-4,1.216411590576e-3
32,10,2,0,4200,116,2.491176128387e-4,3.268599510193e-3
32,10,2,0,4200,117,1.351833343506e-4,1.630306243896e-3
32,10,2,0,4200,118,-4.664063453674e-4,-1.394629478455e-3
32,10,2,0,4200,119,-2.160370349884e-4,-6.753206253052e-4
32,10,2,0,4200,120,-4.434585571289e-4,-2.313256263733e-3
32,10,2,0,4200,121,-2.099573612213e-4,-1.119136810303e-3
32,10,2,0,4200,122,3.725290298462e-5,5.924701690674e-5
32,10,2,0,4200,123,1.386702060699e-4,6.815195083618e-4
32,10,2,0,4200,124,9.915232658386e-5,-1.246094703674e-3
32,10,2,0,4200,125,1.441538333893e-4,-7.882118225098e-4
32,10,2,0,4200,126,3.608763217926e-4,-2.977252006531e-3
32,10,2,0,4200,127,1.203179359436e-3,-7.261276245117e-3
32,10,2,0,4200,128,-5.632638931274e-6,-4.216074943542e-3
32,10,2,0,4200,129,8.434057235718e-6,-2.101302146912e-3
32,10,2,0,4200,130,-4.967153072357e-4,2.576231956482e-3
32,10,2,0,4200,131,-2.287626266479e-4,1.310706138611e-3
32,10,2,0,4200,132,-8.961558341980e-5,1.946806907654e-3
32,10,2,0,4200,133,-2.247095108032e-5,9.856224060059e-4
32,10,2,0,4200,134,3.238320350647e-4,-4.263877868652e-3
32,10,2,0,4200,135,-3.543496131897e-4,-4.243731498718e-3
32,10,2,0,4200,136,1.000165939331e-4,-9.384155273438e-4
32,10,2,0,4200,137,3.623962402344e-5,-1.229166984558e-3
32,10,2,0,4200,138,8.875131607056e-5,-1.580595970154e-3
32,10,2,0,4200,139,5.072355270386e-5,-7.834434509277e-4
32,10,2,0,4200,140,7.402896881104e-5,-5.093574523926e-3
32,10,2,0,4200,141,6.568431854248e-5,-2.530694007874e-3
32,10,2,0,4200,142,-1.247584819794e-3,5.313515663147e-3
32,10,2,0,4200,143,-6.139576435089e-4,2.666354179382e-3
32,10,2,0,4200,144,-1.204013824463e-4,-5.100965499878e-4
32,10,2,0,4200,145,-4.234910011292e-4,-1.168370246887e-3
32,10,2,0,4200,146,1.525878906250e-4,1.422047615051e-3
32,10,2,0,4200,147,8.448958396912e-5,7.218122482300e-4
32,10,2,0,4200,148,1.640021800995e-4,4.698753356934e-3
32,10,2,0,4200,149,1.083314418793e-4,2.358317375183e-3
32,10,2,0,4200,150,-8.310079574585e-4,9.250640869141e-5
32,10,2,0,4200,151,-3.751516342163e-4,-2.741813659668e-6
32,10,2,0,4200,152,2.550482749939e-4,-1.758456230164e-3
32,10,2,0,4200,153,1.480579376221e-4,-9.441375732422e-4
32,10,2,0,4200,154,-7.965862751007e-4,1.076340675354e-3
32,10,2,0,4200,155,-3.493130207062e-4,5.646944046021e-4
32,10,2,0,4200,156,-5.308687686920e-4,-1.093149185181e-4
32,10,2,0,4200,157,-2.226829528809e-4,-8.213520050049e-5
32,10,2,0,4200,158,1.728534698486e-4,3.529906272888e-3
32,10,2,0,4200,159,3.232657909393e-4,1.317501068115e-3
32,10,2,0,4200,160,1.183152198792e-4,6.836891174316e-3
32,10,2,0,4200,161,2.021491527557e-4,4.084944725037e-3
32,10,2,0,4200,162,-3.605484962463e-4,-8.916854858398e-4
32,10,2,0,4200,163,-1.598298549652e-4,-5.307197570801e-4
32,10,2,0,4200,164,-4.275143146515e-4,-3.738403320312e-4
32,10,2,0,4200,165,-3.779232501984e-4,-1.775264739990e-3
32,10,2,0,4200,166,-7.738173007965e-4,-1.152873039246e-3
32,10,2,0,4200,167,-3.352165222168e-4,-5.759000778198e-4
32,10,2,0,4200,168,2.349913120270e-4,-8.945465087891e-4
32,10,2,0,4200,169,1.400411128998e-4,-4.369020462036e-4
33,11,2,1,600,0,0.000000000000e0,0.000000000000e0
33,11,2,1,600,1,0.000000000000e0,0.000000000000e0
33,11,2,1,600,2,1.645088195801e-4,-1.788139343262e-6
33,11,2,1,600,3,8.368492126465e-5,-2.384185791016e-7
33,11,2,1,600,4,6.152391433716e-4,1.223087310791e-4
33,11,2,1,600,5,3.156065940857e-4,7.271766662598e-5
33,11,2,1,600,6,-4.234910011292e-4,6.242990493774e-4
33,11,2,1,600,7,-2.068281173706e-4,3.182888031006e-4
33,11,2,1,600,8,7.009506225586e-5,3.092288970947e-4
33,11,2,1,600,9,3.564357757568e-5,1.550912857056e-4
33,11,2,1,600,10,-1.375675201416e-4,6.699562072754e-5
33,11,2,1,600,11,-6.514787673950e-5,3.588199615479e-5
33,11,2,1,600,12,-1.910328865051e-4,1.646518707275e-3
33,11,2,1,600,13,-8.428096771240e-5,8.289813995361e-4
33,11,2,1,600,14,1.303553581238e-4,1.053810119629e-4
33,11,2,1,600,15,7.081031799316e-5,5.328655242920e-5
33,11,2,1,600,16,-7.849931716919e-5,4.363059997559e-5
33,11,2,1,600,17,-3.486871719360e-5,2.360343933105e-5
33,11,2,1,600,18,2.384185791016e-6,0.000000000000e0
33,11,2,1,600,19,4.768371582031e-6,0.000000000000e0
33,11,2,1,600,20,9.536743164062e-7,0.000000000000e0
33,11,2,1,600,21,1.907348632812e-6,0.000000000000e0
33,11,2,1,600,22,0.000000000000e0,0.000000000000e0
33,11,2,1,600,23,0.000000000000e0,0.000000000000e0
33,11,2,1,600,24,0.000000000000e0,0.000000000000e0
33,11,2,1,600,25,0.000000000000e0,0.000000000000e0
33,11,2,1,600,26,0.000000000000e0,0.000000000000e0
33,11,2,1,600,27,0.000000000000e0,0.000000000000e0
33,11,2,1,600,28,-6.318092346191e-6,4.529953002930e-6
33,11,2,1,600,29,-1.049041748047e-5,1.811981201172e-5
33,11,2,1,600,30,3.898143768311e-5,-5.793571472168e-5
33,11,2,1,600,31,7.331371307373e-5,-1.196861267090e-4
33,11,2,1,600,32,3.933906555176e-5,3.044605255127e-4
33,11,2,1,600,33,1.060962677002e-5,7.503032684326e-4
33,11,2,1,600,34,2.372264862061e-5,-8.583068847656e-6
33,11,2,1,600,35,1.263618469238e-5,-4.649162292480e-6
33,11,2,1,600,36,-5.012750625610e-5,-8.964538574219e-5
33,11,2,1,600,37,-1.068711280823e-4,-2.148151397705e-4
33,11,2,1,600,38,1.223087310791e-4,-3.547668457031e-4
33,11,2,1,600,39,6.210803985596e-5,-1.764297485352e-4
33,11,2,1,600,40,-1.249909400940e-4,1.156330108643e-5
33,11,2,1,600,41,-4.994869232178e-5,1.668930053711e-5
33,11,2,1,600,42,5.900859832764e-6,-2.062320709229e-5
33,11,2,1,600,43,8.344650268555e-6,-4.076957702637e-5
33,11,2,1,600,44,-3.850460052490e-5,-6.723403930664e-5
33,11,2,1,600,45,-1.943111419678e-5,-3.325939178467e-5
33,11,2,1,600,46,-2.706050872803e-5,-6.544589996338e-5
33,11,2,1,600,47,-5.370378494263e-5,-1.310110092163e-4
33,11,2,1,600,48,-2.872943878174e-5,-6.866455078125e-5
33,11,2,1,600,49,-5.537271499634e-5,-1.368522644043e-4
33,11,2,1,600,50,4.947185516357e-6,-4.291534423828e-6
33,11,2,1,600,51,1.311302185059e-6,-4.768371582031e-6
33,11,2,1,600,52,3.474950790405e-5,1.554489135742e-4
33,11,2,1,600,53,1.692771911621e-5,7.748603820801e-5
33,11,2,1,600,54,-1.633167266846e-5,1.063346862793e-4
33,11,2,1,600,55,-7.927417755127e-6,5.376338958740e-5
33,11,2,1,600,56,5.722045898438e-5,-1.575946807861e-4
33,11,2,1,600,57,2.360343933105e-5,-7.963180541992e-5
33,11,2,1,600,58,3.260374069214e-5,-6.198883056641e-6
33,11,2,1,600,59,6.520748138428e-5,-4.053115844727e-6
33,11,2,1,600,60,-5.161762237549e-5,6.294250488281e-5
33,11,2,1,600,61,-1.031160354614e-4,1.227855682373e-4
33,11,2,1,600,62,1.239776611328e-5,-1.020431518555e-4
33,11,2,1,600,63,2.455711364746e-5,-2.038478851318e-4
33,11,2,1,600,64,2.086162567139e-5,2.167224884033e-4
33,11,2,1,600,65,1.066923141479e-5,1.085996627808e-4
33,11,2,1,600,66,-2.264976501465e-5,-8.320808410645e-5
33,11,2,1,600,67,-1.221895217896e-5,-4.041194915771e-5
33,11,2,1,600,68,-1.406669616699e-5,8.749961853027e-5
33,11,2,1,600,69,3.355741500854e-5,1.655817031860e-4
33,11,2,1,600,70,6.401538848877e-5,-3.018379211426e-4
33,11,2,1,600,71,6.079673767090e-6,-3.223419189453e-4
33,11,2,1,600,72,-3.683567047119e-5,-1.418590545654e-4
33,11,2,1,600,73,-1.919269561768e-5,-7.021427154541e-5
33,11,2,1,600,74,1.466274261475e-5,-4.029273986816e-5
33,11,2,1,600,75,4.112720489502e-5,-1.111030578613e-4
33,11,2,1,600,76,-9.977817535400e-5,1.740455627441e-4
33,11,2,1,600,77,2.264976501465e-6,-8.106231689453e-6
33,11,2,1,600,78,5.587935447693e-4,-1.772284507751e-3
33,11,2,1,600,79,3.073215484619e-4,-8.742809295654e-4
33,11,2,1,600,80,1.201033592224e-4,-3.866434097290e-3
33,11,2,1,600,81,7.593631744385e-5,-2.030014991760e-3
33,11,2,1,600,82,-2.037286758423e-4,-9.433031082153e-4
33,11,2,1,600,83,-6.699562072754e-5,-5.176067352295e-4
33,11,2,1,600,84,-1.966953277588e-6,1.266002655029e-3
33,11,2,1,600,85,-7.683038711548e-5,2.541780471802e-3
33,11,2,1,600,86,-1.761913299561e-4,7.128715515137e-4
33,11,2,1,600,87,-3.803968429565e-4,1.400232315063e-3
33,11,2,1,600,88,2.117156982422e-4,2.158880233765e-4
33,11,2,1,600,89,1.417994499207e-4,8.821487426758e-5
33,11,2,1,600,90,3.393888473511e-4,6.328821182251e-4
33,11,2,1,600,91,2.253055572510e-4,3.290176391602e-4
33,11,2,1,600,92,-1.192092895508e-7,1.072883605957e-5
33,11,2,1,600,93,0.000000000000e0,5.483627319336e-6
33,11,2,1,600,94,7.808208465576e-6,2.098083496094e-5
33,11,2,1,600,95,1.567602157593e-5,4.243850708008e-5
33,11,2,1,600,96,-8.940696716309e-6,-5.245208740234e-5
33,11,2,1,600,97,-3.159046173096e-6,-2.574920654297e-5
33,11,2,1,600,98,1.710653305054e-5,3.933906555176e-6
33,11,2,1,600,99,2.598762512207e-5,8.821487426758e-6
33,11,2,1,600,100,6.377696990967e-6,5.006790161133e-6
33,11,2,1,600,101,3.695487976074e-6,2.384185791016e-6
33,11,2,1,600,102,-6.266832351685e-4,-8.106231689453e-5
33,11,2,1,600,103,-2.235174179077e-4,-1.287460327148e-5
33,11,2,1,600,104,7.033348083496e-6,2.408027648926e-5
33,11,2,1,600,105,1.257658004761e-5,4.696846008301e-5
33,11,2,1,600,106,1.871585845947e-5,-1.549720764160e-5
33,11,2,1,600,107,3.731250762939e-5,-3.242492675781e-5
33,11,2,1,600,108,-9.304285049438e-5,-3.337860107422e-6
33,11,2,1,600,109,-4.202127456665e-5,1.549720764160e-6
33,11,2,1,600,110,3.666877746582e-4,-3.755092620850e-4
33,11,2,1,600,111,2.037286758423e-4,-1.776218414307e-4
33,11,2,1,600,112,2.789497375488e-5,-7.152557373047e-6
33,11,2,1,600,113,5.614757537842e-5,-4.768371582031e-5
33,11,2,1,600,114,-6.914138793945e-6,5.900859832764e-5
33,11,2,1,600,115,-1.603364944458e-5,1.124143600464e-4
33,11,2,1,600,116,-1.794099807739e-5,-1.072883605957e-5
33,11,2,1,600,117,-3.463029861450e-5,-2.837181091309e-5
33,11,2,1,600,118,4.264712333679e-4,1.680850982666e-4
33,11,2,1,600,119,2.285838127136e-4,9.298324584961e-5
33,11,2,1,600,120,2.384185791016e-7,-2.094507217407e-4
33,11,2,1,600,121,4.947185516357e-6,-8.845329284668e-5
33,11,2,1,600,122,4.851818084717e-5,3.147125244141e-5
33,11,2,1,600,123,2.849102020264e-5,2.086162567139e-5
33,11,2,1,600,124,1.680850982666e-4,4.220008850098e-4
33,11,2,1,600,125,8.481740951538e-5,2.119541168213e-4
33,11,2,1,600,126,2.188086509705e-4,1.072883605957e-4
33,11,2,1,600,127,1.124143600464e-4,5.435943603516e-5
33,11,2,1,600,128,1.000761985779e-4,-1.795291900635e-4
33,11,2,1,600,129,1.973509788513e-4,-3.615617752075e-4
33,11,2,1,600,130,8.010864257812e-5,-1.401901245117e-4
33,11,2,1,600,131,4.088878631592e-5,-6.926059722900e-5
33,11,2,1,600,132,8.094310760498e-5,2.176761627197e-4
33,11,2,1,600,133,1.589059829712e-4,4.346370697021e-4
33,11,2,1,600,134,5.666613578796e-4,-4.506111145020e-4
33,11,2,1,600,135,2.902746200562e-4,-2.207756042480e-4
33,11,2,1,600,136,7.033348083496e-5,-6.353855133057e-5
33,11,2,1,600,137,1.384019851685e-4,-1.285076141357e-4
33,11,2,1,600,138,7.343292236328e-5,5.185604095459e-5
33,11,2,1,600,139,1.491904258728e-4,1.027584075928e-4
33,11,2,1,600,140,-5.382299423218e-4,1.034736633301e-3
33,11,2,1,600,141,-2.169609069824e-4,5.325078964233e-4
33,11,2,1,600,142,-3.015995025635e-5,-9.952783584595e-4
33,11,2,1,600,143,3.576278686523e-7,-4.876852035522e-4
33,11,2,1,600,144,1.370906829834e-5,-2.354383468628e-4
33,11,2,1,600,145,1.925230026245e-5,-1.078844070435e-4
33,11,2,1,600,146,1.490116119385e-4,-2.487897872925e-4
33,11,2,1,600,147,2.850890159607e-4,-5.118846893311e-4
33,11,2,1,600,148,2.783536911011e-5,1.047849655151e-4
33,11,2,1,600,149,3.647804260254e-5,1.909732818604e-4
33,11,2,1,600,150,1.660585403442e-4,2.729058265686e-3
33,11,2,1,600,151,6.308555603027e-4,3.500103950500e-3
33,11,2,1,600,152,3.578662872314e-4,-7.491111755371e-4
33,11,2,1,600,153,6.910562515259e-4,-1.520395278931e-3
33,11,2,1,600,154,2.898573875427e-4,3.645420074463e-4
33,11,2,1,600,155,1.492500305176e-4,1.963376998901e-4
33,11,2,1,600,156,-1.135468482971e-4,-5.936622619629e-5
33,11,2,1,600,157,-5.394220352173e-5,-3.075599670410e-5
33,11,2,1,600,158,2.317428588867e-4,-6.254911422729e-4
33,11,2,1,600,159,1.070499420166e-4,-3.223419189453e-4
33,11,2,1,600,160,-1.460313796997e-5,-1.046657562256e-4
33,11,2,1,600,161,-1.132488250732e-5,-5.269050598145e-5
33,11,2,1,600,162,1.916885375977e-4,-6.322860717773e-4
33,11,2,1,600,163,6.359815597534e-5,-3.300905227661e-4
33,11,2,1,600,164,-6.060600280762e-4,6.904602050781e-4
33,11,2,1,600,165,-2.923011779785e-4,3.530979156494e-4
33,11,2,1,600,166,8.475780487061e-4,-1.242876052856e-3
33,11,2,1,600,167,5.414485931396e-4,-5.106925964355e-4
33,11,2,1,600,168,-1.907348632812e-6,2.455711364746e-5
33,11,2,1,600,169,-1.668930053711e-5,1.454353332520e-5
34,11,2,1,2400,0,4.352331161499e-4,1.187443733215e-3
34,11,2,1,2400,1,2.748966217041e-4,6.065368652344e-4
34,11,2,1,2400,2,1.249313354492e-4,-6.622076034546e-4
34,11,2,1,2400,3,2.357363700867e-4,-8.187294006348e-4
34,11,2,1,2400,4,7.861852645874e-5,-3.771781921387e-4
34,11,2,1,2400,5,1.779794692993e-4,5.478858947754e-4
34,11,2,1,2400,6,8.086562156677e-4,-7.298946380615e-3
34,11,2,1,2400,7,4.548430442810e-4,-3.612637519836e-3
34,11,2,1,2400,8,7.241964340210e-5,1.855969429016e-3
34,11,2,1,2400,9,7.688999176025e-5,9.535551071167e-4
34,11,2,1,2400,10,-6.163716316223e-4,2.375602722168e-3
34,11,2,1,2400,11,-3.509521484375e-4,2.575039863586e-3
34,11,2,1,2400,12,3.139376640320e-4,2.681136131287e-3
34,11,2,1,2400,13,2.361536026001e-4,2.729535102844e-3
34,11,2,1,2400,14,5.693435668945e-4,8.602142333984e-4
34,11,2,1,2400,15,3.275871276855e-4,4.801750183105e-4
34,11,2,1,2400,16,-4.940629005432e-4,-1.956224441528e-4
34,11,2,1,2400,17,-2.032518386841e-4,-6.818771362305e-5
34,11,2,1,2400,18,-2.121925354004e-4,3.527283668518e-3
34,11,2,1,2400,19,-6.306171417236e-5,1.808285713196e-3
34,11,2,1,2400,20,5.487799644470e-4,-1.097321510315e-3
34,11,2,1,2400,21,2.862215042114e-4,-5.120038986206e-4
34,11,2,1,2400,22,3.201365470886e-4,-2.998352050781e-3
34,11,2,1,2400,23,1.778006553650e-4,-1.470685005188e-3
34,11,2,1,2400,24,-3.142356872559e-4,4.391670227051e-4
34,11,2,1,2400,25,-8.308887481689e-5,4.911422729492e-5
34,11,2,1,2400,26,6.183981895447e-4,-6.246924400330e-3
34,11,2,1,2400,27,3.487467765808e-4,-3.050684928894e-3
34,11,2,1,2400,28,2.443194389343e-4,1.179695129395e-3
34,11,2,1,2400,29,1.434087753296e-4,6.042718887329e-4
34,11,2,1,2400,30,3.851652145386e-4,-1.757144927979e-3
34,11,2,1,2400,31,2.180337905884e-4,-8.617639541626e-4
34,11,2,1,2400,32,2.533197402954e-4,1.627326011658e-3
34,11,2,1,2400,33,1.436471939087e-4,8.686780929565e-4
34,11,2,1,2400,34,2.247095108032e-4,1.147150993347e-3
34,11,2,1,2400,35,-3.886222839355e-5,1.236319541931e-3
34,11,2,1,2400,36,4.768371582031e-6,-2.902746200562e-4
34,11,2,1,2400,37,4.768371582031e-6,-1.443624496460e-4
34,11,2,1,2400,38,-4.899501800537e-5,-7.346868515015e-4
34,11,2,1,2400,39,-4.053115844727e-6,-3.600120544434e-4
34,11,2,1,2400,40,1.045465469360e-4,-3.577470779419e-4
34,11,2,1,2400,41,7.545948028564e-5,-1.777410507202e-4
34,11,2,1,2400,42,4.047751426697e-4,-1.953125000000e-3
34,11,2,1,2400,43,5.437135696411e-4,-2.742886543274e-3
34,11,2,1,2400,44,0.000000000000e0,0.000000000000e0
34,11,2,1,2400,45,-8.642673492432e-6,-5.447864532471e-5
34,11,2,1,2400,46,2.354979515076e-4,-7.617473602295e-5
34,11,2,1,2400,47,1.232028007507e-4,-3.111362457275e-5
34,11,2,1,2400,48,2.741813659668e-6,5.722045898438e-6
34,11,2,1,2400,49,-9.179115295410e-6,1.239776611328e-4
34,11,2,1,2400,50,-2.579689025879e-4,3.643035888672e-4
34,11,2,1,2400,51,-1.238584518433e-4,1.840591430664e-4
34,11,2,1,2400,52,8.285045623779e-6,-3.336668014526e-4
34,11,2,1,2400,53,2.086162567139e-5,-1.550912857056e-4
34,11,2,1,2400,54,8.785724639893e-5,-6.175041198730e-4
34,11,2,1,2400,55,7.152557373047e-5,-2.675056457520e-4
34,11,2,1,2400,56,-1.436471939087e-5,2.886056900024e-4
34,11,2,1,2400,57,-4.589557647705e-6,1.486539840698e-4
34,11,2,1,2400,58,-2.843141555786e-5,-1.562714576721e-3
34,11,2,1,2400,59,9.536743164062e-6,-7.597208023071e-4
34,11,2,1,2400,60,3.576278686523e-6,-8.571147918701e-5
34,11,2,1,2400,61,1.466274261475e-5,-4.374980926514e-5
34,11,2,1,2400,62,1.736879348755e-4,-6.707906723022e-4
34,11,2,1,2400,63,9.453296661377e-5,-3.346204757690e-4
34,11,2,1,2400,64,9.793043136597e-5,-3.429651260376e-4
34,11,2,1,2400,65,4.523992538452e-5,-1.435279846191e-4
34,11,2,1,2400,66,1.544952392578e-4,1.929759979248e-3
34,11,2,1,2400,67,8.535385131836e-5,9.942054748535e-4
34,11,2,1,2400,68,6.924867630005e-4,-1.845836639404e-3
34,11,2,1,2400,69,3.716945648193e-4,-9.055137634277e-4
34,11,2,1,2400,70,-3.774166107178e-4,-1.054167747498e-3
34,11,2,1,2400,71,-1.512765884399e-4,-5.078315734863e-4
34,11,2,1,2400,72,-4.788041114807e-4,-1.629471778870e-3
34,11,2,1,2400,73,-1.982450485229e-4,-1.020431518555e-3
34,11,2,1,2400,74,1.220941543579e-3,-6.150603294373e-3
34,11,2,1,2400,75,7.070899009705e-4,-3.007292747498e-3
34,11,2,1,2400,76,8.475780487061e-5,2.828001976013e-3
34,11,2,1,2400,77,7.712841033936e-5,1.445293426514e-3
34,11,2,1,2400,78,-6.123781204224e-4,-7.123827934265e-3
34,11,2,1,2400,79,-2.787709236145e-4,-3.525733947754e-3
34,11,2,1,2400,80,-3.862977027893e-4,4.030346870422e-3
34,11,2,1,2400,81,-1.590847969055e-4,2.047181129456e-3
34,11,2,1,2400,82,6.467103958130e-4,5.489587783813e-4
34,11,2,1,2400,83,3.468990325928e-4,3.122091293335e-4
34,11,2,1,2400,84,1.535415649414e-4,-6.731748580933e-4
34,11,2,1,2400,85,7.832050323486e-5,-3.361701965332e-4
34,11,2,1,2400,86,-6.592273712158e-5,-1.793503761292e-3
34,11,2,1,2400,87,-3.677606582642e-5,-8.291006088257e-4
34,11,2,1,2400,88,-3.635883331299e-5,8.391141891479e-4
34,11,2,1,2400,89,1.662969589233e-5,4.606246948242e-4
34,11,2,1,2400,90,-1.221895217896e-5,9.728670120239e-4
34,11,2,1,2400,91,4.231929779053e-6,4.758834838867e-4
34,11,2,1,2400,92,6.645917892456e-5,-2.225637435913e-4
34,11,2,1,2400,93,5.453824996948e-5,-4.255771636963e-5
34,11,2,1,2400,94,-3.499984741211e-4,-1.311659812927e-3
34,11,2,1,2400,95,-1.686811447144e-4,-6.542205810547e-4
34,11,2,1,2400,96,7.313489913940e-5,-3.380775451660e-4
34,11,2,1,2400,97,9.983777999878e-5,-6.772279739380e-4
34,11,2,1,2400,98,-1.729130744934e-4,1.195907592773e-3
34,11,2,1,2400,99,-1.329183578491e-4,8.502006530762e-4
34,11,2,1,2400,100,-1.895427703857e-5,-4.914999008179e-4
34,11,2,1,2400,101,-8.165836334229e-5,-1.166224479675e-3
34,11,2,1,2400,102,1.165866851807e-4,-6.867647171021e-4
34,11,2,1,2400,103,6.526708602905e-5,-3.213882446289e-4
34,11,2,1,2400,104,2.378225326538e-5,-5.781650543213e-5
34,11,2,1,2400,105,2.741813659668e-6,-2.794265747070e-4
34,11,2,1,2400,106,2.759695053101e-4,-1.831054687500e-4
34,11,2,1,2400,107,1.187324523926e-4,-8.344650268555e-5
34,11,2,1,2400,108,-1.137256622314e-4,-1.431703567505e-4
34,11,2,1,2400,109,-5.114078521729e-5,2.050399780273e-5
34,11,2,1,2400,110,9.477138519287e-5,1.277923583984e-4
34,11,2,1,2400,111,1.780390739441e-4,4.420280456543e-4
34,11,2,1,2400,112,1.201629638672e-4,4.763603210449e-4
34,11,2,1,2400,113,5.650520324707e-5,2.399682998657e-4
34,11,2,1,2400,114,0.000000000000e0,0.000000000000e0
34,11,2,1,2400,115,8.344650268555e-7,2.920627593994e-5
34,11,2,1,2400,116,2.896785736084e-5,-4.386901855469e-5
34,11,2,1,2400,117,2.378225326538e-5,-2.670288085938e-5
34,11,2,1,2400,118,4.445910453796e-4,-2.038121223450e-3
34,11,2,1,2400,119,2.729892730713e-4,-9.907484054565e-4
34,11,2,1,2400,120,2.899169921875e-4,5.165338516235e-4
34,11,2,1,2400,121,1.620650291443e-4,3.069639205933e-4
34,11,2,1,2400,122,-3.176927566528e-5,-1.870393753052e-4
34,11,2,1,2400,123,-1.204013824463e-5,-8.308887481689e-5
34,11,2,1,2400,124,9.149312973022e-5,-2.074241638184e-4
34,11,2,1,2400,125,5.072355270386e-5,-9.012222290039e-5
34,11,2,1,2400,126,4.994869232178e-4,-2.127289772034e-3
34,11,2,1,2400,127,2.804994583130e-4,-1.037001609802e-3
34,11,2,1,2400,128,1.189708709717e-4,3.898143768311e-5
34,11,2,1,2400,129,7.998943328857e-5,6.020069122314e-5
34,11,2,1,2400,130,3.516674041748e-6,0.000000000000e0
34,11,2,1,2400,131,-6.103515625000e-5,-3.588199615479e-5
34,11,2,1,2400,132,2.622604370117e-6,0.000000000000e0
34,11,2,1,2400,133,1.370906829834e-6,0.000000000000e0
34,11,2,1,2400,134,0.000000000000e0,0.000000000000e0
34,11,2,1,2400,135,0.000000000000e0,0.000000000000e0
34,11,2,1,2400,136,0.000000000000e0,0.000000000000e0
34,11,2,1,2400,137,0.000000000000e0,0.000000000000e0
34,11,2,1,2400,138,0.000000000000e0,0.000000000000e0
34,11,2,1,2400,139,0.000000000000e0,0.000000000000e0
34,11,2,1,2400,140,0.000000000000e0,0.000000000000e0
34,11,2,1,2400,141,0.000000000000e0,0.000000000000e0
34,11,2,1,2400,142,8.821487426758e-6,0.000000000000e0
34,11,2,1,2400,143,4.172325134277e-6,0.000000000000e0
34,11,2,1,2400,144,-1.227855682373e-5,8.451938629150e-5
34,11,2,1,2400,145,-6.318092346191e-6,3.921985626221e-5
34,11,2,1,2400,146,-4.100799560547e-5,-1.895427703857e-5
34,11,2,1,2400,147,-8.279085159302e-5,-2.539157867432e-5
34,11,2,1,2400,148,-1.247525215149e-4,3.792047500610e-4
34,11,2,1,2400,149,-6.419420242310e-5,2.017021179199e-4
34,11,2,1,2400,150,-9.655952453613e-6,1.716613769531e-5
34,11,2,1,2400,151,-1.358985900879e-5,3.707408905029e-5
34,11,2,1,2400,152,5.382299423218e-5,2.229213714600e-5
34,11,2,1,2400,153,1.072287559509e-4,4.422664642334e-5
34,11,2,1,2400,154,-1.185536384583e-4,-1.348257064819e-4
34,11,2,1,2400,155,-5.841255187988e-5,-6.687641143799e-5
34,11,2,1,2400,156,-3.683567047119e-5,-3.696680068970e-4
34,11,2,1,2400,157,-7.820129394531e-5,-7.473230361938e-4
34,11,2,1,2400,158,-1.239776611328e-5,9.107589721680e-5
34,11,2,1,2400,159,-3.176927566528e-5,1.822710037231e-4
34,11,2,1,2400,160,1.513957977295e-4,3.910064697266e-5
34,11,2,1,2400,161,2.938508987427e-4,7.283687591553e-5
34,11,2,1,2400,162,-1.645088195801e-4,-6.456375122070e-4
34,11,2,1,2400,163,-3.445148468018e-4,-1.305699348450e-3
34,11,2,1,2400,164,7.777214050293e-4,-1.719951629639e-3
34,11,2,1,2400,165,6.957054138184e-4,-4.190325737000e-3
34,11,2,1,2400,166,4.948377609253e-4,-3.159999847412e-3
34,11,2,1,2400,167,3.058910369873e-4,-1.540184020996e-3
34,11,2,1,2400,168,4.576444625854e-4,3.947019577026e-4
34,11,2,1,2400,169,5.464553833008e-4,-3.412961959839e-4
35,11,2,1,4200,0,3.393888473511e-4,8.380413055420e-4
35,11,2,1,4200,1,3.911256790161e-4,1.359462738037e-3
35,11,2,1,4200,2,1.396536827087e-4,4.075527191162e-3
35,11,2,1,4200,3,-1.301169395447e-4,5.718231201172e-3
35,11,2,1,4200,4,2.942085266113e-4,1.890659332275e-4
35,11,2,1,4200,5,1.543164253235e-4,-1.271486282349e-3
35,11,2,1,4200,6,1.492500305176e-4,-1.266837120056e-3
35,11,2,1,4200,7,2.598762512207e-4,-3.416895866394e-3
35,11,2,1,4200,8,-4.148483276367e-4,-5.273818969727e-4
35,11,2,1,4200,9,-2.670288085938e-5,-2.235174179077e-4
35,11,2,1,4200,10,2.747774124146e-4,-2.590537071228e-3
35,11,2,1,4200,11,-5.621910095215e-4,-7.466673851013e-3
35,11,2,1,4200,12,3.073811531067e-4,-1.406431198120e-3
35,11,2,1,4200,13,5.149841308594e-5,-2.846956253052e-3
35,11,2,1,4200,14,6.651878356934e-5,3.553628921509e-4
35,11,2,1,4200,15,3.355741500854e-5,1.785755157471e-4
35,11,2,1,4200,16,5.543231964111e-5,-4.103183746338e-4
35,11,2,1,4200,17,2.819299697876e-5,-2.048015594482e-4
35,11,2,1,4200,18,0.000000000000e0,0.000000000000e0
35,11,2,1,4200,19,3.039836883545e-5,1.394748687744e-5
35,11,2,1,4200,20,0.000000000000e0,0.000000000000e0
35,11,2,1,4200,21,2.980232238770e-6,1.680850982666e-5
35,11,2,1,4200,22,0.000000000000e0,0.000000000000e0
35,11,2,1,4200,23,0.000000000000e0,0.000000000000e0
35,11,2,1,4200,24,0.000000000000e0,0.000000000000e0
35,11,2,1,4200,25,0.000000000000e0,0.000000000000e0
35,11,2,1,4200,26,0.000000000000e0,0.000000000000e0
35,11,2,1,4200,27,-4.529953002930e-5,4.923343658447e-5
35,11,2,1,4200,28,1.011490821838e-4,-9.083747863770e-5
35,11,2,1,4200,29,5.060434341431e-5,-4.529953002930e-5
35,11,2,1,4200,30,-1.585483551025e-5,-1.310110092163e-4
35,11,2,1,4200,31,-7.808208465576e-6,-6.556510925293e-5
35,11,2,1,4200,32,0.000000000000e0,0.000000000000e0
35,11,2,1,4200,33,0.000000000000e0,0.000000000000e0
35,11,2,1,4200,34,0.000000000000e0,0.000000000000e0
35,11,2,1,4200,35,0.000000000000e0,0.000000000000e0
35,11,2,1,4200,36,0.000000000000e0,0.000000000000e0
35,11,2,1,4200,37,0.000000000000e0,0.000000000000e0
35,11,2,1,4200,38,0.000000000000e0,0.000000000000e0
35,11,2,1,4200,39,0.000000000000e0,0.000000000000e0
35,11,2,1,4200,40,0.000000000000e0,0.000000000000e0
35,11,2,1,4200,41,0.000000000000e0,0.000000000000e0
35,11,2,1,4200,42,0.000000000000e0,0.000000000000e0
35,11,2,1,4200,43,0.000000000000e0,0.000000000000e0
35,11,2,1,4200,44,0.000000000000e0,0.000000000000e0
35,11,2,1,4200,45,0.000000000000e0,0.000000000000e0
35,11,2,1,4200,46,7.534027099609e-5,-2.865791320801e-4
35,11,2,1,4200,47,2.038478851318e-5,-1.380443572998e-4
35,11,2,1,4200,48,2.228021621704e-4,1.074433326721e-3
35,11,2,1,4200,49,2.950429916382e-4,1.804828643799e-4
35,11,2,1,4200,50,8.356571197510e-5,2.827286720276e-3
35,11,2,1,4200,51,2.519488334656e-4,1.557350158691e-3
35,11,2,1,4200,52,-2.566576004028e-4,-2.498626708984e-3
35,11,2,1,4200,53,-1.497268676758e-4,-2.048492431641e-3
35,11,2,1,4200,54,-6.830692291260e-5,-9.171962738037e-4
35,11,2,1,4200,55,-3.576278686523e-6,-1.642704010010e-4
35,11,2,1,4200,56,-4.692673683167e-4,9.727478027344e-4
35,11,2,1,4200,57,-1.683235168457e-4,4.578828811646e-4
35,11,2,1,4200,58,-1.772642135620e-4,-1.630306243896e-3
35,11,2,1,4200,59,-4.262328147888e-4,-4.321932792664e-3
35,11,2,1,4200,60,1.748800277710e-4,-6.126165390015e-4
35,11,2,1,4200,61,2.790689468384e-4,-1.954317092896e-3
35,11,2,1,4200,62,-3.027915954590e-5,5.412101745605e-5
35,11,2,1,4200,63,-6.127357482910e-5,-4.103183746338e-4
35,11,2,1,4200,64,-3.486871719360e-5,-1.797676086426e-4
35,11,2,1,4200,65,-9.512901306152e-5,-3.731250762939e-4
35,11,2,1,4200,66,3.421306610107e-5,-4.658699035645e-4
35,11,2,1,4200,67,-5.900859832764e-6,-3.516674041748e-5
35,11,2,1,4200,68,-1.102685928345e-4,-1.175761222839e-3
35,11,2,1,4200,69,-8.344650268555e-6,-5.953311920166e-4
35,11,2,1,4200,70,-7.057189941406e-5,8.721351623535e-4
35,11,2,1,4200,71,-1.030564308167e-4,1.216650009155e-3
35,11,2,1,4200,72,-2.241134643555e-5,8.349418640137e-4
35,11,2,1,4200,73,-5.322694778442e-5,1.697301864624e-3
35,11,2,1,4200,74,7.629394531250e-5,1.062870025635e-3
35,11,2,1,4200,75,1.306533813477e-4,5.378723144531e-4
35,11,2,1,4200,76,3.051757812500e-5,-2.121925354004e-5
35,11,2,1,4200,77,-4.529953002930e-5,1.955032348633e-5
35,11,2,1,4200,78,1.503229141235e-4,-2.260684967041e-3
35,11,2,1,4200,79,2.804994583130e-4,-4.404544830322e-3
35,11,2,1,4200,80,7.963180541992e-5,-1.661181449890e-3
35,11,2,1,4200,81,1.257658004761e-4,-3.233909606934e-3
35,11,2,1,4200,82,-1.482367515564e-4,-2.098441123962e-3
35,11,2,1,4200,83,-3.181695938110e-4,-4.070997238159e-3
35,11,2,1,4200,84,1.419782638550e-4,2.174139022827e-3
35,11,2,1,4200,85,3.618001937866e-5,2.166748046875e-3
35,11,2,1,4200,86,-2.048611640930e-4,3.966927528381e-3
35,11,2,1,4200,87,-8.594989776611e-5,1.910686492920e-3
35,11,2,1,4200,88,-8.189678192139e-5,5.384683609009e-4
35,11,2,1,4200,89,-2.296566963196e-4,1.464843750000e-3
35,11,2,1,4200,90,-1.251101493835e-4,-7.913112640381e-4
35,11,2,1,4200,91,-2.555251121521e-4,-1.589536666870e-3
35,11,2,1,4200,92,1.777410507202e-4,1.587390899658e-3
35,11,2,1,4200,93,7.789134979248e-4,1.755237579346e-3
35,11,2,1,4200,94,7.272362709045e-4,5.042076110840e-3
35,11,2,1,4200,95,3.782510757446e-4,2.575039863586e-3
35,11,2,1,4200,96,-4.129409790039e-4,8.413791656494e-3
35,11,2,1,4200,97,-1.673102378845e-4,4.234910011292e-3
35,11,2,1,4200,98,-7.442235946655e-4,-8.693099021912e-3
35,11,2,1,4200,99,-3.532171249390e-4,-4.390001296997e-3
35,11,2,1,4200,100,9.971857070923e-4,-7.490515708923e-3
35,11,2,1,4200,101,5.621910095215e-4,-3.772735595703e-3
35,11,2,1,4200,102,-3.361701965332e-5,4.005193710327e-3
35,11,2,1,4200,103,-1.952052116394e-4,7.682561874390e-3
35,11,2,1,4200,104,-1.145005226135e-4,1.257658004761e-3
35,11,2,1,4200,105,-4.231929779053e-4,2.537846565247e-3
35,11,2,1,4200,106,2.287626266479e-4,3.823399543762e-3
35,11,2,1,4200,107,1.449584960938e-4,1.949310302734e-3
35,11,2,1,4200,108,-7.957220077515e-5,1.258850097656e-3
35,11,2,1,4200,109,-4.655122756958e-4,2.603650093079e-3
35,11,2,1,4200,110,1.264214515686e-4,2.449035644531e-3
35,11,2,1,4200,111,6.562471389771e-5,1.231312751770e-3
35,11,2,1,4200,112,8.320808410645e-5,7.512569427490e-4
35,11,2,1,4200,113,1.469850540161e-4,1.497983932495e-3
35,11,2,1,4200,114,-1.427531242371e-4,-1.349806785583e-3
35,11,2,1,4200,115,-7.170438766479e-5,-6.717443466187e-4
35,11,2,1,4200,116,7.329583168030e-4,-5.353331565857e-3
35,11,2,1,4200,117,3.826618194580e-4,-2.673864364624e-3
35,11,2,1,4200,118,7.271766662598e-6,1.237511634827e-3
35,11,2,1,4200,119,2.980232238770e-7,6.189346313477e-4
35,11,2,1,4200,120,9.089708328247e-5,1.012444496155e-3
35,11,2,1,4200,121,4.816055297852e-5,5.108118057251e-4
35,11,2,1,4200,122,3.057718276978e-5,-7.238388061523e-4
35,11,2,1,4200,123,-3.528594970703e-5,-1.456975936890e-3
35,11,2,1,4200,124,-2.673864364624e-4,6.567239761353e-4
35,11,2,1,4200,125,-1.548528671265e-4,5.357265472412e-4
35,11,2,1,4200,126,1.257658004761e-5,5.400180816650e-4
35,11,2,1,4200,127,2.980232238770e-7,-3.814697265625e-6
35,11,2,1,4200,128,1.718997955322e-4,2.825260162354e-3
35,11,2,1,4200,129,9.882450103760e-5,1.421689987183e-3
35,11,2,1,4200,130,-2.704858779907e-4,6.656646728516e-4
35,11,2,1,4200,131,-1.266002655029e-4,3.423690795898e-4
35,11,2,1,4200,132,-3.498792648315e-5,2.431631088257e-3
35,11,2,1,4200,133,3.778934478760e-5,1.247882843018e-3
35,11,2,1,4200,134,-4.804134368896e-5,2.213239669800e-3
35,11,2,1,4200,135,-2.168416976929e-4,2.994179725647e-3
35,11,2,1,4200,136,1.680850982666e-5,-6.818771362305e-5
35,11,2,1,4200,137,3.808736801147e-5,1.474618911743e-4
35,11,2,1,4200,138,0.000000000000e0,0.000000000000e0
35,11,2,1,4200,139,-2.980232238770e-5,-5.439519882202e-4
35,11,2,1,4200,140,4.004240036011e-4,-5.288124084473e-4
35,11,2,1,4200,141,1.378059387207e-4,-1.692771911621e-5
35,11,2,1,4200,142,2.038478851318e-5,6.878018379211e-3
35,11,2,1,4200,143,1.158714294434e-4,3.496646881104e-3
35,11,2,1,4200,144,8.808374404907e-4,3.889799118042e-3
35,11,2,1,4200,145,8.159875869751e-4,8.285999298096e-3
35,11,2,1,4200,146,-4.944205284119e-4,9.212732315063e-3
35,11,2,1,4200,147,-1.490116119385e-4,4.665970802307e-3
35,11,2,1,4200,148,1.688003540039e-4,-9.079337120056e-3
35,11,2,1,4200,149,2.472996711731e-4,-4.573345184326e-3
35,11,2,1,4200,150,-5.437731742859e-4,6.399750709534e-3
35,11,2,1,4200,151,-2.306699752808e-4,3.152608871460e-3
35,11,2,1,4200,152,-9.723901748657e-4,4.062175750732e-3
35,11,2,1,4200,153,-3.756284713745e-4,2.095699310303e-3
35,11,2,1,4200,154,-9.574890136719e-4,-3.330588340759e-3
35,11,2,1,4200,155,-4.354119300842e-4,-1.607179641724e-3
35,11,2,1,4200,156,-1.559674739838e-3,5.375146865845e-4
35,11,2,1,4200,157,-6.966590881348e-4,2.186298370361e-4
35,11,2,1,4200,158,-3.724694252014e-4,-4.202842712402e-3
35,11,2,1,4200,159,-4.284381866455e-4,-4.052400588989e-3
35,11,2,1,4200,160,-7.246732711792e-4,-5.305051803589e-3
35,11,2,1,4200,161,-1.194119453430e-3,-6.031990051270e-3
35,11,2,1,4200,162,-2.145767211914e-6,9.642839431763e-4
35,11,2,1,4200,163,5.185604095459e-5,4.931688308716e-4
35,11,2,1,4200,164,-2.460479736328e-4,-2.184748649597e-3
35,11,2,1,4200,165,-1.363754272461e-4,-5.862712860107e-3
35,11,2,1,4200,166,1.059174537659e-3,-5.141496658325e-3
35,11,2,1,4200,167,6.312131881714e-4,-2.506017684937e-3
35,11,2,1,4200,168,3.644227981567e-4,1.389026641846e-3
35,11,2,1,4200,169,3.159642219543e-4,7.638931274414e-4
36,12,2,2,600,0,2.025961875916e-4,-1.072883605957e-6
36,12,2,2,600,1,1.033544540405e-4,2.145767211914e-6
36,12,2,2,600,2,1.289248466492e-4,9.024143218994e-5
36,12,2,2,600,3,2.412199974060e-4,2.206563949585e-4
36,12,2,2,600,4,1.847743988037e-5,-1.103878021240e-4
36,12,2,2,600,5,6.675720214844e-6,-1.409053802490e-4
36,12,2,2,600,6,2.276897430420e-5,8.273124694824e-5
36,12,2,2,600,7,6.794929504395e-6,1.525878906250e-4
36,12,2,2,600,8,8.666515350342e-5,4.768371582031e-7
36,12,2,2,600,9,1.568794250488e-4,1.835823059082e-5
36,12,2,2,600,10,1.060366630554e-4,-2.443790435791e-5
36,12,2,2,600,11,4.255771636963e-5,6.592273712158e-5
36,12,2,2,600,12,2.213716506958e-4,-8.010864257812e-5
36,12,2,2,600,13,4.391670227051e-4,-1.628398895264e-4
36,12,2,2,600,14,-2.256035804749e-4,9.070634841919e-4
36,12,2,2,600,15,-9.810924530029e-5,4.752874374390e-4
36,12,2,2,600,16,1.364946365356e-4,1.569986343384e-4
36,12,2,2,600,17,6.908178329468e-5,1.573562622070e-4
36,12,2,2,600,18,1.864433288574e-4,2.195835113525e-4
36,12,2,2,600,19,4.979372024536e-4,5.277395248413e-4
36,12,2,2,600,20,2.333521842957e-4,-2.830028533936e-4
36,12,2,2,600,21,2.076625823975e-4,-4.372596740723e-4
36,12,2,2,600,22,3.260374069214e-4,-2.813339233398e-5
36,12,2,2,600,23,1.771450042725e-4,-1.144409179688e-5
36,12,2,2,600,24,2.011656761169e-4,-3.699064254761e-4
36,12,2,2,600,25,3.007650375366e-4,-1.137256622314e-4
36,12,2,2,600,26,3.579854965210e-4,-6.186962127686e-5
36,12,2,2,600,27,3.262758255005e-4,-3.623962402344e-5
36,12,2,2,600,28,-2.884864807129e-5,-2.617835998535e-4
36,12,2,2,600,29,-3.099441528320e-6,-1.355409622192e-4
36,12,2,2,600,30,7.271766662598e-5,-1.862168312073e-3
36,12,2,2,600,31,1.176595687866e-4,-3.471136093140e-3
36,12,2,2,600,32,2.996325492859e-4,3.862380981445e-5
36,12,2,2,600,33,2.226233482361e-4,4.667043685913e-4
36,12,2,2,600,34,-1.463890075684e-4,-5.393028259277e-4
36,12,2,2,600,35,-7.271766662598e-5,-2.620220184326e-4
36,12,2,2,600,36,-4.410743713379e-5,-2.838373184204e-4
36,12,2,2,600,37,-1.073479652405e-4,-6.892681121826e-4
36,12,2,2,600,38,1.599192619324e-4,-6.728172302246e-4
36,12,2,2,600,39,7.957220077515e-5,-2.918243408203e-4
36,12,2,2,600,40,1.097917556763e-4,-5.016326904297e-4
36,12,2,2,600,41,4.690885543823e-5,-2.459287643433e-4
36,12,2,2,600,42,8.940696716309e-7,-2.861022949219e-6
36,12,2,2,600,43,-5.280971527100e-5,-1.375675201416e-4
36,12,2,2,600,44,-5.602836608887e-5,-3.695487976074e-5
36,12,2,2,600,45,-7.563829421997e-5,-4.291534423828e-5
36,12,2,2,600,46,1.895427703857e-4,1.220703125000e-4
36,12,2,2,600,47,1.053214073181e-4,6.067752838135e-5
36,12,2,2,600,48,1.578330993652e-4,-8.106231689453e-5
36,12,2,2,600,49,3.788471221924e-4,-1.869201660156e-4
36,12,2,2,600,50,3.193616867065e-4,-7.510185241699e-5
36,12,2,2,600,51,1.689791679382e-4,-3.695487976074e-5
36,12,2,2,600,52,2.422332763672e-4,-3.786087036133e-4
36,12,2,2,600,53,1.345872879028e-4,1.955032348633e-4
36,12,2,2,600,54,3.895759582520e-4,-1.731991767883e-3
36,12,2,2,600,55,2.254843711853e-4,-8.859634399414e-4
36,12,2,2,600,56,8.099079132080e-4,1.948475837708e-3
36,12,2,2,600,57,4.127025604248e-4,9.772777557373e-4
36,12,2,2,600,58,-9.346008300781e-5,-1.398801803589e-3
36,12,2,2,600,59,-1.061558723450e-4,-6.148815155029e-4
36,12,2,2,600,60,5.056858062744e-4,-1.229763031006e-3
36,12,2,2,600,61,2.812147140503e-4,-2.896547317505e-3
36,12,2,2,600,62,4.999041557312e-4,-2.972364425659e-3
36,12,2,2,600,63,3.750324249268e-4,-3.367662429810e-3
36,12,2,2,600,64,-1.307725906372e-4,3.031134605408e-3
36,12,2,2,600,65,-4.655122756958e-5,1.530051231384e-3
36,12,2,2,600,66,1.153945922852e-4,-1.646518707275e-3
36,12,2,2,600,67,7.247924804688e-5,-8.044242858887e-4
36,12,2,2,600,68,2.856254577637e-4,-2.990961074829e-4
36,12,2,2,600,69,5.134344100952e-4,-1.600742340088e-3
36,12,2,2,600,70,4.547834396362e-4,-2.189278602600e-3
36,12,2,2,600,71,-7.665157318115e-5,-2.752661705017e-3
36,12,2,2,600,72,5.667209625244e-4,1.970291137695e-3
36,12,2,2,600,73,3.025531768799e-4,1.003026962280e-3
36,12,2,2,600,74,-1.567602157593e-4,-3.592371940613e-3
36,12,2,2,600,75,2.136230468750e-4,-4.830121994019e-3
36,12,2,2,600,76,3.542304039001e-4,-6.079673767090e-5
36,12,2,2,600,77,1.815557479858e-4,-2.014636993408e-5
36,12,2,2,600,78,6.082057952881e-4,-2.223372459412e-3
36,12,2,2,600,79,3.226995468140e-4,-1.094698905945e-3
36,12,2,2,600,80,2.884268760681e-4,1.401305198669e-3
36,12,2,2,600,81,1.596212387085e-4,6.958246231079e-4
36,12,2,2,600,82,-8.940696716309e-6,-5.409717559814e-4
36,12,2,2,600,83,-2.574920654297e-5,-1.099705696106e-3
36,12,2,2,600,84,1.880526542664e-4,1.008510589600e-4
36,12,2,2,600,85,3.475546836853e-4,1.764297485352e-4
36,12,2,2,600,86,2.006888389587e-4,-6.043910980225e-5
36,12,2,2,600,87,3.609061241150e-4,-6.556510925293e-5
36,12,2,2,600,88,1.572370529175e-4,-1.997947692871e-4
36,12,2,2,600,89,9.036064147949e-5,-9.667873382568e-5
36,12,2,2,600,90,1.696348190308e-4,1.983642578125e-4
36,12,2,2,600,91,9.679794311523e-5,6.330013275146e-5
36,12,2,2,600,92,1.251101493835e-4,4.866123199463e-4
36,12,2,2,600,93,6.413459777832e-5,2.477169036865e-4
36,12,2,2,600,94,6.043910980225e-5,-2.974271774292e-4
36,12,2,2,600,95,1.095533370972e-4,-6.350278854370e-4
36,12,2,2,600,96,2.086162567139e-6,7.419586181641e-4
36,12,2,2,600,97,-1.788139343262e-6,3.728866577148e-4
36,12,2,2,600,98,2.378225326538e-4,5.830526351929e-4
36,12,2,2,600,99,3.151893615723e-4,6.549358367920e-4
36,12,2,2,600,100,2.604722976685e-4,5.700588226318e-4
36,12,2,2,600,101,1.513957977295e-4,2.815723419189e-4
36,12,2,2,600,102,-1.013875007629e-4,-6.946325302124e-4
36,12,2,2,600,103,-6.318092346191e-5,-1.896619796753e-4
36,12,2,2,600,104,1.916885375977e-4,-6.723403930664e-4
36,12,2,2,600,105,1.266002655029e-4,-3.249645233154e-4
36,12,2,2,600,106,1.101493835449e-4,-1.010894775391e-4
36,12,2,2,600,107,2.549886703491e-4,-3.684759140015e-4
36,12,2,2,600,108,8.106231689453e-6,-2.106547355652e-3
36,12,2,2,600,109,6.318092346191e-5,-1.032352447510e-3
36,12,2,2,600,110,2.801418304443e-5,-2.215623855591e-3
36,12,2,2,600,111,3.290176391602e-5,-1.073718070984e-3
36,12,2,2,600,112,2.688169479370e-5,1.170396804810e-3
36,12,2,2,600,113,-1.413822174072e-4,2.272605895996e-3
36,12,2,2,600,114,4.863739013672e-4,-1.334428787231e-3
36,12,2,2,600,115,-1.358985900879e-4,-1.980185508728e-3
36,12,2,2,600,116,5.549192428589e-4,5.877017974854e-5
36,12,2,2,600,117,7.355213165283e-4,2.686977386475e-4
36,12,2,2,600,118,1.817941665649e-4,-3.230571746826e-4
36,12,2,2,600,119,3.275871276855e-4,-6.613731384277e-4
36,12,2,2,600,120,3.150701522827e-4,-9.131431579590e-4
36,12,2,2,600,121,1.617670059204e-4,-4.526376724243e-4
36,12,2,2,600,122,-1.240968704224e-4,9.083747863770e-4
36,12,2,2,600,123,-5.674362182617e-5,4.577636718750e-4
36,12,2,2,600,124,4.097819328308e-4,-4.415512084961e-4
36,12,2,2,600,125,2.077817916870e-4,-2.073049545288e-4
36,12,2,2,600,126,-7.778406143188e-5,1.345396041870e-3
36,12,2,2,600,127,-3.319978713989e-5,6.828308105469e-4
36,12,2,2,600,128,4.309415817261e-5,9.620189666748e-4
36,12,2,2,600,129,-1.442432403564e-5,1.881361007690e-3
36,12,2,2,600,130,3.722906112671e-4,-4.887580871582e-4
36,12,2,2,600,131,1.850128173828e-4,-2.111196517944e-4
36,12,2,2,600,132,3.861784934998e-4,7.255077362061e-4
36,12,2,2,600,133,6.452798843384e-4,8.441209793091e-4
36,12,2,2,600,134,3.859400749207e-4,-8.659362792969e-4
36,12,2,2,600,135,1.963973045349e-4,-4.010200500488e-4
36,12,2,2,600,136,3.145933151245e-4,-5.865097045898e-5
36,12,2,2,600,137,4.167556762695e-4,-4.744529724121e-4
36,12,2,2,600,138,-4.541873931885e-5,3.284215927124e-4
36,12,2,2,600,139,-1.082420349121e-4,6.358623504639e-4
36,12,2,2,600,140,5.516409873962e-4,-2.247095108032e-4
36,12,2,2,600,141,2.789497375488e-4,-1.189708709717e-4
36,12,2,2,600,142,6.897449493408e-4,-2.460479736328e-3
36,12,2,2,600,143,3.492236137390e-4,-1.220226287842e-3
36,12,2,2,600,144,1.196861267090e-4,-3.137588500977e-4
36,12,2,2,600,145,6.049871444702e-5,-1.564025878906e-4
36,12,2,2,600,146,2.385973930359e-4,-1.036882400513e-3
36,12,2,2,600,147,1.527667045593e-4,-6.241798400879e-4
36,12,2,2,600,148,1.754760742188e-4,-4.879236221313e-4
36,12,2,2,600,149,1.070499420166e-4,-2.298355102539e-4
36,12,2,2,600,150,1.498460769653e-4,-1.544952392578e-4
36,12,2,2,600,151,3.199577331543e-4,-3.315210342407e-4
36,12,2,2,600,152,4.038214683533e-4,-3.829002380371e-4
36,12,2,2,600,153,4.507303237915e-4,-2.439022064209e-4
36,12,2,2,600,154,1.921653747559e-4,-3.457069396973e-5
36,12,2,2,600,155,9.858608245850e-5,-3.695487976074e-6
36,12,2,2,600,156,-1.723766326904e-4,-1.484155654907e-3
36,12,2,2,600,157,-7.534027099609e-5,-7.363557815552e-4
36,12,2,2,600,158,7.101893424988e-4,-2.059698104858e-3
36,12,2,2,600,159,5.199909210205e-4,-9.605884552002e-4
36,12,2,2,600,160,2.499818801880e-4,-4.311800003052e-4
36,12,2,2,600,161,1.253485679626e-4,-2.149343490601e-4
36,12,2,2,600,162,4.529953002930e-5,-5.123615264893e-4
36,12,2,2,600,163,6.622076034546e-5,-2.634525299072e-4
36,12,2,2,600,164,3.933906555176e-5,-2.513527870178e-3
36,12,2,2,600,165,3.063678741455e-5,-1.246929168701e-3
36,12,2,2,600,166,1.375675201416e-4,-2.576351165771e-3
36,12,2,2,600,167,2.924203872681e-4,-1.232504844666e-3
36,12,2,2,600,168,1.217126846313e-4,2.369880676270e-4
36,12,2,2,600,169,1.384615898132e-4,4.572868347168e-4
37,12,2,2,2400,0,3.018677234650e-4,-8.946657180786e-4
37,12,2,2,2400,1,1.652538776398e-4,-4.413127899170e-4
37,12,2,2,2400,2,-1.768469810486e-4,5.710124969482e-5
37,12,2,2,2400,3,-1.992881298065e-4,1.800060272217e-4
37,12,2,2,2400,4,-1.923441886902e-4,5.633831024170e-4
37,12,2,2,2400,5,-7.390975952148e-5,7.486343383789e-5
37,12,2,2,2400,6,-2.036988735199e-4,3.512740135193e-3
37,12,2,2,2400,7,-9.781122207642e-5,1.748800277710e-3
37,12,2,2,2400,8,-9.596347808838e-6,4.145383834839e-3
37,12,2,2,2400,9,8.612871170044e-6,2.116441726685e-3
37,12,2,2,2400,10,-2.863407135010e-4,1.893043518066e-3
37,12,2,2,2400,11,-9.107589721680e-5,3.089666366577e-3
37,12,2,2,2400,12,3.648400306702e-4,-1.933693885803e-3
37,12,2,2,2400,13,2.481937408447e-4,-2.925872802734e-3
37,12,2,2,2400,14,7.064342498779e-4,2.653002738953e-3
37,12,2,2,2400,15,4.049539566040e-4,1.336097717285e-3
37,12,2,2,2400,16,-5.304813385010e-6,-4.367828369141e-4
37,12,2,2,2400,17,1.788139343262e-7,-2.071857452393e-4
37,12,2,2,2400,18,8.168816566467e-5,-9.272217750549e-3
37,12,2,2,2400,19,5.197525024414e-5,-4.632592201233e-3
37,12,2,2,2400,20,9.918212890625e-5,7.957935333252e-3
37,12,2,2,2400,21,1.876652240753e-4,4.239916801453e-3
37,12,2,2,2400,22,-4.661083221436e-4,5.044460296631e-3
37,12,2,2,2400,23,-1.415908336639e-4,2.235412597656e-3
37,12,2,2,2400,24,5.528330802917e-4,-6.518006324768e-3
37,12,2,2,2400,25,4.324316978455e-4,-4.616260528564e-3
37,12,2,2,2400,26,-1.120567321777e-4,1.008987426758e-3
37,12,2,2,2400,27,-3.847479820251e-5,5.283355712891e-4
37,12,2,2,2400,28,-4.282593727112e-4,-5.699872970581e-3
37,12,2,2,2400,29,-1.930892467499e-4,-2.827286720276e-3
37,12,2,2,2400,30,-3.011822700500e-4,6.199717521667e-3
37,12,2,2,2400,31,-1.157224178314e-4,3.139853477478e-3
37,12,2,2,2400,32,1.662254333496e-3,2.080798149109e-3
37,12,2,2,2400,33,8.673071861267e-4,1.080393791199e-3
37,12,2,2,2400,34,-3.502368927002e-4,-6.884098052979e-3
37,12,2,2,2400,35,1.981258392334e-4,-8.872747421265e-3
37,12,2,2,2400,36,-3.597140312195e-5,-3.083348274231e-3
37,12,2,2,2400,37,3.397464752197e-6,-1.791715621948e-3
37,12,2,2,2400,38,-2.482831478119e-4,-3.548741340637e-3
37,12,2,2,2400,39,-9.870529174805e-5,-1.551389694214e-3
37,12,2,2,2400,40,-2.685189247131e-4,3.082513809204e-3
37,12,2,2,2400,41,-1.137852668762e-4,1.547813415527e-3
37,12,2,2,2400,42,9.936094284058e-5,-1.433849334717e-3
37,12,2,2,2400,43,3.373622894287e-5,-6.772279739380e-4
37,12,2,2,2400,44,3.791451454163e-4,4.677653312683e-3
37,12,2,2,2400,45,2.190172672272e-4,2.363204956055e-3
37,12,2,2,2400,46,1.239776611328e-4,-1.198506355286e-2
37,12,2,2,2400,47,8.431077003479e-5,-5.988359451294e-3
37,12,2,2,2400,48,-4.522204399109e-4,-1.287102699280e-3
37,12,2,2,2400,49,-1.890361309052e-4,-4.961490631104e-4
37,12,2,2,2400,50,5.288720130920e-4,3.070116043091e-3
37,12,2,2,2400,51,3.067851066589e-4,1.547813415527e-3
37,12,2,2,2400,52,-4.441142082214e-4,5.215525627136e-3
37,12,2,2,2400,53,-1.895129680634e-4,2.615928649902e-3
37,12,2,2,2400,54,-3.203749656677e-4,2.743482589722e-3
37,12,2,2,2400,55,-5.692243576050e-5,1.284837722778e-3
37,12,2,2,2400,56,4.176497459412e-4,-2.986907958984e-3
37,12,2,2,2400,57,2.234578132629e-4,-1.510739326477e-3
37,12,2,2,2400,58,1.893639564514e-4,1.293897628784e-3
37,12,2,2,2400,59,1.044869422913e-4,6.579160690308e-4
37,12,2,2,2400,60,-7.284581661224e-4,-2.690792083740e-3
37,12,2,2,2400,61,-3.432035446167e-4,-1.332044601440e-3
37,12,2,2,2400,62,-4.734694957733e-4,4.007101058960e-3
37,12,2,2,2400,63,-6.735324859619e-5,3.318786621094e-4
37,12,2,2,2400,64,1.437842845917e-3,3.007650375366e-4
37,12,2,2,2400,65,7.802844047546e-4,1.590251922607e-4
37,12,2,2,2400,66,-1.607835292816e-4,-1.059246063232e-2
37,12,2,2,2400,67,-3.582239151001e-5,-5.304932594299e-3
37,12,2,2,2400,68,-4.852712154388e-4,1.913547515869e-3
37,12,2,2,2400,69,-3.753304481506e-4,5.739450454712e-3
37,12,2,2,2400,70,2.114176750183e-4,1.192331314087e-3
37,12,2,2,2400,71,1.675188541412e-4,1.389741897583e-3
37,12,2,2,2400,72,2.980232238770e-5,8.985996246338e-4
37,12,2,2,2400,73,2.634525299072e-5,8.219480514526e-4
37,12,2,2,2400,74,-3.757476806641e-4,1.066923141479e-3
37,12,2,2,2400,75,-1.611113548279e-4,5.401372909546e-4
37,12,2,2,2400,76,1.841187477112e-4,1.942634582520e-3
37,12,2,2,2400,77,9.846687316895e-5,9.621381759644e-4
37,12,2,2,2400,78,2.121925354004e-5,-4.210591316223e-3
37,12,2,2,2400,79,1.582205295563e-4,-8.016824722290e-4
37,12,2,2,2400,80,-4.249513149261e-4,-2.131581306458e-3
37,12,2,2,2400,81,-1.351833343506e-4,-1.112699508667e-3
37,12,2,2,2400,82,1.708865165710e-4,2.033233642578e-3
37,12,2,2,2400,83,9.012222290039e-5,1.026511192322e-3
37,12,2,2,2400,84,2.864003181458e-5,9.649991989136e-3
37,12,2,2,2400,85,3.743171691895e-5,4.859209060669e-3
37,12,2,2,2400,86,-1.223802566528e-3,9.516477584839e-4
37,12,2,2,2400,87,-5.486011505127e-4,5.128383636475e-4
37,12,2,2,2400,88,-4.951357841492e-4,2.718210220337e-3
37,12,2,2,2400,89,-2.217292785645e-4,1.387596130371e-3
37,12,2,2,2400,90,6.201565265656e-4,-2.598762512207e-3
37,12,2,2,2400,91,3.895759582520e-4,-1.247406005859e-3
37,12,2,2,2400,92,-1.489341259003e-3,-4.543066024780e-3
37,12,2,2,2400,93,-6.875395774841e-4,-2.242326736450e-3
37,12,2,2,2400,94,-5.955100059509e-4,8.669614791870e-3
37,12,2,2,2400,95,-2.496242523193e-4,4.360198974609e-3
37,12,2,2,2400,96,-2.499431371689e-3,-6.414055824280e-3
37,12,2,2,2400,97,-1.323193311691e-3,-5.239129066467e-3
37,12,2,2,2400,98,3.432631492615e-4,3.059387207031e-3
37,12,2,2,2400,99,2.170205116272e-4,-7.012486457825e-3
37,12,2,2,2400,100,-8.018016815186e-4,1.615285873413e-3
37,12,2,2,2400,101,-9.228885173798e-4,-8.549690246582e-4
37,12,2,2,2400,102,4.041194915771e-5,-3.191232681274e-3
37,12,2,2,2400,103,3.579258918762e-5,-1.601457595825e-3
37,12,2,2,2400,104,-7.044076919556e-4,7.591247558594e-4
37,12,2,2,2400,105,-6.142258644104e-4,6.313323974609e-4
37,12,2,2,2400,106,3.534853458405e-4,-4.039525985718e-3
37,12,2,2,2400,107,1.954138278961e-4,-2.032995223999e-3
37,12,2,2,2400,108,-3.467202186584e-4,-8.618831634521e-4
37,12,2,2,2400,109,1.010298728943e-4,-1.910209655762e-3
37,12,2,2,2400,110,-1.766383647919e-4,1.750707626343e-3
37,12,2,2,2400,111,2.771615982056e-6,7.565021514893e-4
37,12,2,2,2400,112,-1.049041748047e-5,-2.860784530640e-3
37,12,2,2,2400,113,-9.509921073914e-5,-4.080772399902e-3
37,12,2,2,2400,114,7.802248001099e-5,-5.102276802063e-3
37,12,2,2,2400,115,9.256601333618e-5,-8.989453315735e-3
37,12,2,2,2400,116,1.083016395569e-4,-6.866455078125e-5
37,12,2,2,2400,117,-2.955794334412e-4,-1.127958297729e-3
37,12,2,2,2400,118,-5.006790161133e-6,2.736330032349e-3
37,12,2,2,2400,119,1.242756843567e-5,1.370668411255e-3
37,12,2,2,2400,120,1.991093158722e-4,-4.740476608276e-3
37,12,2,2,2400,121,-7.498264312744e-5,-1.031637191772e-3
37,12,2,2,2400,122,-4.959106445312e-5,-3.287553787231e-3
37,12,2,2,2400,123,1.368522644043e-4,-5.762219429016e-3
37,12,2,2,2400,124,7.151663303375e-4,-6.523728370667e-3
37,12,2,2,2400,125,7.039308547974e-4,-5.432128906250e-3
37,12,2,2,2400,126,-6.473064422607e-5,-2.937078475952e-3
37,12,2,2,2400,127,-2.413988113403e-5,-1.468896865845e-3
37,12,2,2,2400,128,5.088448524475e-4,-1.199638843536e-2
37,12,2,2,2400,129,3.123581409454e-4,-5.962371826172e-3
37,12,2,2,2400,130,1.918375492096e-4,-3.162622451782e-4
37,12,2,2,2400,131,1.139640808105e-4,-1.355409622192e-4
37,12,2,2,2400,132,4.757642745972e-4,2.684593200684e-4
37,12,2,2,2400,133,2.393722534180e-4,1.127719879150e-4
37,12,2,2,2400,134,-2.285838127136e-5,1.669883728027e-3
37,12,2,2,2400,135,1.719594001770e-5,1.567840576172e-3
37,12,2,2,2400,136,4.559755325317e-5,6.588697433472e-4
37,12,2,2,2400,137,4.485249519348e-5,1.673698425293e-4
37,12,2,2,2400,138,3.073215484619e-4,-7.425546646118e-4
37,12,2,2,2400,139,1.812577247620e-4,-9.906291961670e-4
37,12,2,2,2400,140,5.259811878204e-4,1.207351684570e-3
37,12,2,2,2400,141,3.302097320557e-4,3.945827484131e-5
37,12,2,2,2400,142,-9.584426879883e-5,6.759166717529e-5
37,12,2,2,2400,143,-4.398822784424e-5,1.025199890137e-5
37,12,2,2,2400,144,-3.676116466522e-4,8.699893951416e-4
37,12,2,2,2400,145,-1.665949821472e-4,4.434585571289e-4
37,12,2,2,2400,146,-5.066394805908e-6,-9.351968765259e-4
37,12,2,2,2400,147,-1.837909221649e-4,-6.610155105591e-4
37,12,2,2,2400,148,-6.639957427979e-5,9.107589721680e-5
37,12,2,2,2400,149,-2.643465995789e-5,5.888938903809e-5
37,12,2,2,2400,150,5.429983139038e-5,1.160383224487e-3
37,12,2,2,2400,151,1.423656940460e-4,1.730203628540e-3
37,12,2,2,2400,152,1.495480537415e-4,3.221035003662e-4
37,12,2,2,2400,153,1.506209373474e-4,9.763240814209e-5
37,12,2,2,2400,154,1.093745231628e-4,5.750656127930e-4
37,12,2,2,2400,155,6.693601608276e-5,2.906322479248e-4
37,12,2,2,2400,156,1.298785209656e-4,6.593465805054e-4
37,12,2,2,2400,157,2.768635749817e-5,9.536743164062e-4
37,12,2,2,2400,158,3.659725189209e-5,1.424551010132e-4
37,12,2,2,2400,159,1.195669174194e-4,3.578662872314e-4
37,12,2,2,2400,160,-4.518032073975e-5,9.052753448486e-4
37,12,2,2,2400,161,-4.285573959351e-5,4.633665084839e-4
37,12,2,2,2400,162,1.329183578491e-5,-1.549720764160e-4
37,12,2,2,2400,163,-1.175105571747e-4,1.618862152100e-4
37,12,2,2,2400,164,6.490945816040e-5,4.100799560547e-5
37,12,2,2,2400,165,2.589821815491e-5,1.704692840576e-5
37,12,2,2,2400,166,-2.334117889404e-4,-9.393692016602e-5
37,12,2,2,2400,167,-9.667873382568e-5,-2.765655517578e-5
37,12,2,2,2400,168,1.755356788635e-5,-1.192092895508e-7
37,12,2,2,2400,169,2.077221870422e-5,-6.365776062012e-5
38,12,2,2,4200,0,-1.927316188812e-4,-7.367134094238e-5
38,12,2,2,4200,1,-1.987516880035e-4,4.401206970215e-4
38,12,2,2,4200,2,1.080334186554e-4,-1.730442047119e-3
38,12,2,2,4200,3,5.573034286499e-5,-8.592605590820e-4
38,12,2,2,4200,4,-2.524256706238e-4,1.073360443115e-3
38,12,2,2,4200,5,-1.564621925354e-4,6.685256958008e-4
38,12,2,2,4200,6,-5.739927291870e-5,3.888607025146e-4
38,12,2,2,4200,7,-2.568960189819e-5,2.212524414062e-4
38,12,2,2,4200,8,2.006888389587e-4,-2.016305923462e-3
38,12,2,2,4200,9,1.037120819092e-4,-9.977817535400e-4
38,12,2,2,4200,10,-2.446770668030e-5,1.249313354492e-4
38,12,2,2,4200,11,-2.297759056091e-5,2.050399780273e-5
38,12,2,2,4200,12,-2.278387546539e-4,-2.980232238770e-5
38,12,2,2,4200,13,-1.221895217896e-4,2.341270446777e-4
38,12,2,2,4200,14,2.467632293701e-5,-2.180337905884e-3
38,12,2,2,4200,15,2.670288085938e-5,-1.096725463867e-3
38,12,2,2,4200,16,3.333687782288e-4,1.346349716187e-3
38,12,2,2,4200,17,1.701116561890e-4,6.754398345947e-4
38,12,2,2,4200,18,-8.660554885864e-5,1.771450042725e-3
38,12,2,2,4200,19,-3.340840339661e-5,8.826255798340e-4
38,12,2,2,4200,20,3.556609153748e-4,6.828308105469e-4
38,12,2,2,4200,21,4.965662956238e-4,8.392333984375e-5
38,12,2,2,4200,22,-1.066923141479e-5,2.279281616211e-4
38,12,2,2,4200,23,1.025199890137e-5,1.161098480225e-4
38,12,2,2,4200,24,-2.748370170593e-4,2.490997314453e-3
38,12,2,2,4200,25,-1.315474510193e-4,1.228809356689e-3
38,12,2,2,4200,26,2.730488777161e-4,-1.244544982910e-4
38,12,2,2,4200,27,2.049803733826e-4,-7.801055908203e-4
38,12,2,2,4200,28,1.360476016998e-4,-2.195835113525e-4
38,12,2,2,4200,29,7.051229476929e-5,-1.106262207031e-4
38,12,2,2,4200,30,8.463859558105e-6,-2.307176589966e-3
38,12,2,2,4200,31,1.661777496338e-4,-3.519296646118e-3
38,12,2,2,4200,32,6.167888641357e-4,3.604888916016e-4
38,12,2,2,4200,33,3.191232681274e-4,-2.193450927734e-4
38,12,2,2,4200,34,-1.156926155090e-4,5.736112594604e-3
38,12,2,2,4200,35,-3.993511199951e-5,2.880573272705e-3
38,12,2,2,4200,36,6.522536277771e-4,4.982709884644e-3
38,12,2,2,4200,37,9.760260581970e-4,-8.461475372314e-4
38,12,2,2,4200,38,-1.215338706970e-4,-1.062870025635e-3
38,12,2,2,4200,39,-6.318092346191e-6,-5.133152008057e-4
38,12,2,2,4200,40,5.570948123932e-4,9.982109069824e-3
38,12,2,2,4200,41,-1.782476902008e-4,5.819797515869e-3
38,12,2,2,4200,42,-1.767277717590e-4,-3.068447113037e-3
38,12,2,2,4200,43,2.547204494476e-4,-3.891944885254e-3
38,12,2,2,4200,44,7.679462432861e-4,6.855010986328e-3
38,12,2,2,4200,45,4.293918609619e-4,2.656459808350e-3
38,12,2,2,4200,46,1.376628875732e-3,1.565694808960e-3
38,12,2,2,4200,47,7.213950157166e-4,8.120536804199e-4
38,12,2,2,4200,48,9.236335754395e-4,7.805109024048e-3
38,12,2,2,4200,49,1.289665699005e-3,1.221156120300e-2
38,12,2,2,4200,50,6.893277168274e-5,1.273226737976e-2
38,12,2,2,4200,51,5.516409873962e-5,6.391048431396e-3
38,12,2,2,4200,52,3.156065940857e-5,-2.118110656738e-3
38,12,2,2,4200,53,6.884038448334e-4,8.566856384277e-3
38,12,2,2,4200,54,-3.573596477509e-4,-2.118110656738e-3
38,12,2,2,4200,55,-4.132688045502e-4,-2.320766448975e-3
38,12,2,2,4200,56,1.424729824066e-3,1.369667053223e-2
38,12,2,2,4200,57,1.139163970947e-3,1.181459426880e-2
38,12,2,2,4200,58,3.469288349152e-4,6.474256515503e-3
38,12,2,2,4200,59,1.780986785889e-4,1.132917404175e-2
38,12,2,2,4200,60,9.954273700714e-4,1.686096191406e-2
38,12,2,2,4200,61,4.959106445312e-4,9.453773498535e-3
38,12,2,2,4200,62,6.283521652222e-4,4.701137542725e-3
38,12,2,2,4200,63,4.633069038391e-4,5.674123764038e-3
38,12,2,2,4200,64,-1.226961612701e-4,-1.356601715088e-4
38,12,2,2,4200,65,-3.312826156616e-4,-4.506111145020e-4
38,12,2,2,4200,66,2.604126930237e-4,1.931667327881e-3
38,12,2,2,4200,67,1.526474952698e-4,9.770393371582e-4
38,12,2,2,4200,68,3.297924995422e-4,4.609107971191e-3
38,12,2,2,4200,69,1.226663589478e-4,2.232551574707e-3
38,12,2,2,4200,70,1.534521579742e-4,-4.086494445801e-4
38,12,2,2,4200,71,2.806782722473e-4,-8.268356323242e-4
38,12,2,2,4200,72,-7.712841033936e-5,3.685951232910e-4
38,12,2,2,4200,73,-2.237856388092e-4,1.831054687500e-4
38,12,2,2,4200,74,-3.445148468018e-5,4.475593566895e-3
38,12,2,2,4200,75,-2.115964889526e-6,2.262830734253e-3
38,12,2,2,4200,76,1.491904258728e-4,-2.603054046631e-3
38,12,2,2,4200,77,3.283023834229e-4,-5.667209625244e-3
38,12,2,2,4200,78,3.945231437683e-4,4.640817642212e-3
38,12,2,2,4200,79,7.004141807556e-4,9.151697158813e-3
38,12,2,2,4200,80,1.859664916992e-5,1.169204711914e-3
38,12,2,2,4200,81,1.769363880157e-4,1.585721969604e-3
38,12,2,2,4200,82,-6.142258644104e-5,-1.517295837402e-3
38,12,2,2,4200,83,-2.939105033875e-4,-2.840518951416e-3
38,12,2,2,4200,84,4.093647003174e-4,-6.275177001953e-4
38,12,2,2,4200,85,6.960928440094e-4,-2.238988876343e-3
38,12,2,2,4200,86,-1.817345619202e-4,-9.489059448242e-4
38,12,2,2,4200,87,-5.578994750977e-5,-4.100799560547e-4
38,12,2,2,4200,88,-1.962184906006e-4,2.476215362549e-3
38,12,2,2,4200,89,-7.069110870361e-5,1.271247863770e-3
38,12,2,2,4200,90,6.079077720642e-4,8.223056793213e-3
38,12,2,2,4200,91,2.587139606476e-4,9.191513061523e-3
38,12,2,2,4200,92,5.672872066498e-4,4.653453826904e-3
38,12,2,2,4200,93,5.674362182617e-5,-5.015134811401e-3
38,12,2,2,4200,94,-2.597570419312e-4,-3.749370574951e-3
38,12,2,2,4200,95,-1.190602779388e-4,-2.002954483032e-3
38,12,2,2,4200,96,7.148981094360e-4,1.657009124756e-4
38,12,2,2,4200,97,3.708600997925e-4,9.131431579590e-5
38,12,2,2,4200,98,7.730722427368e-5,-8.824825286865e-3
38,12,2,2,4200,99,5.272030830383e-5,-4.397630691528e-3
38,12,2,2,4200,100,1.919269561768e-5,-2.398729324341e-3
38,12,2,2,4200,101,2.527236938477e-5,-4.488468170166e-3
38,12,2,2,4200,102,4.217922687531e-4,-2.423524856567e-3
38,12,2,2,4200,103,4.807412624359e-4,-2.142190933228e-3
38,12,2,2,4200,104,3.179609775543e-4,5.760192871094e-4
38,12,2,2,4200,105,1.640021800995e-4,-9.393692016602e-5
38,12,2,2,4200,106,-1.628696918488e-4,1.076459884644e-3
38,12,2,2,4200,107,-4.434585571289e-5,5.612373352051e-4
38,12,2,2,4200,108,2.565979957581e-5,-1.020431518555e-4
38,12,2,2,4200,109,-2.565979957581e-4,-2.484083175659e-3
38,12,2,2,4200,110,1.023769378662e-3,5.926370620728e-3
38,12,2,2,4200,111,5.594491958618e-4,3.006458282471e-3
38,12,2,2,4200,112,1.666247844696e-4,-7.328987121582e-4
38,12,2,2,4200,113,1.105964183807e-4,-6.058216094971e-4
38,12,2,2,4200,114,-4.994273185730e-4,-9.138345718384e-3
38,12,2,2,4200,115,-1.965165138245e-4,-4.542589187622e-3
38,12,2,2,4200,116,1.447796821594e-4,-4.911899566650e-3
38,12,2,2,4200,117,1.142323017120e-4,-2.463579177856e-3
38,12,2,2,4200,118,1.116394996643e-4,1.462221145630e-3
38,12,2,2,4200,119,8.398294448853e-5,7.572174072266e-4
38,12,2,2,4200,120,-5.381107330322e-4,-3.885269165039e-3
38,12,2,2,4200,121,-2.431869506836e-4,-1.913070678711e-3
38,12,2,2,4200,122,6.238222122192e-4,2.208709716797e-3
38,12,2,2,4200,123,4.060566425323e-4,5.645275115967e-3
38,12,2,2,4200,124,2.384483814240e-4,3.445863723755e-3
38,12,2,2,4200,125,3.613233566284e-4,-4.444599151611e-3
38,12,2,2,4200,126,1.564621925354e-5,-1.984834671021e-3
38,12,2,2,4200,127,-2.622604370117e-5,-4.189729690552e-3
38,12,2,2,4200,128,-7.649064064026e-4,1.455307006836e-3
38,12,2,2,4200,129,-3.321766853333e-4,7.464885711670e-4
38,12,2,2,4200,130,-3.637671470642e-4,-1.574921607971e-2
38,12,2,2,4200,131,-1.486241817474e-4,-7.863521575928e-3
38,12,2,2,4200,132,-1.664161682129e-4,-4.890680313110e-3
38,12,2,2,4200,133,-6.026029586792e-5,-2.400875091553e-3
38,12,2,2,4200,134,4.178285598755e-5,-2.574920654297e-3
38,12,2,2,4200,135,-2.466142177582e-4,-1.031160354614e-3
38,12,2,2,4200,136,-5.084276199341e-5,8.943080902100e-4
38,12,2,2,4200,137,-4.218220710754e-4,4.371166229248e-3
38,12,2,2,4200,138,2.757310867310e-4,2.621412277222e-3
38,12,2,2,4200,139,1.730620861053e-4,1.343488693237e-3
38,12,2,2,4200,140,-2.519190311432e-4,2.068281173706e-3
38,12,2,2,4200,141,-9.202957153320e-5,1.045703887939e-3
38,12,2,2,4200,142,4.665851593018e-4,4.096031188965e-3
38,12,2,2,4200,143,2.633333206177e-4,2.071857452393e-3
38,12,2,2,4200,144,3.153085708618e-5,4.632472991943e-4
38,12,2,2,4200,145,4.302859306335e-4,1.420736312866e-3
38,12,2,2,4200,146,5.227327346802e-5,-7.801294326782e-3
38,12,2,2,4200,147,7.039308547974e-5,-3.848075866699e-3
38,12,2,2,4200,148,-3.391504287720e-5,-1.884698867798e-3
38,12,2,2,4200,149,1.007318496704e-5,-9.081363677979e-4
38,12,2,2,4200,150,7.838904857635e-4,5.448341369629e-3
38,12,2,2,4200,151,4.165768623352e-4,2.768039703369e-3
38,12,2,2,4200,152,4.120767116547e-4,5.882263183594e-3
38,12,2,2,4200,153,2.419948577881e-4,2.983093261719e-3
38,12,2,2,4200,154,-1.791417598724e-4,-4.332780838013e-3
38,12,2,2,4200,155,4.041194915771e-5,-7.904291152954e-3
38,12,2,2,4200,156,2.282857894897e-5,-1.044511795044e-2
38,12,2,2,4200,157,4.273653030396e-5,-5.180597305298e-3
38,12,2,2,4200,158,2.444386482239e-4,5.353689193726e-3
38,12,2,2,4200,159,8.898973464966e-5,9.133100509644e-3
38,12,2,2,4200,160,1.187920570374e-4,-1.255989074707e-3
38,12,2,2,4200,161,-8.362531661987e-5,-2.340793609619e-3
38,12,2,2,4200,162,-1.395851373672e-3,-6.402015686035e-3
38,12,2,2,4200,163,-6.144046783447e-4,-3.171443939209e-3
38,12,2,2,4200,164,1.263022422791e-4,-5.953311920166e-4
38,12,2,2,4200,165,1.105070114136e-4,-9.465217590332e-5
38,12,2,2,4200,166,2.378225326538e-4,-8.059501647949e-3
38,12,2,2,4200,167,-6.058812141418e-5,-3.931522369385e-3
38,12,2,2,4200,168,-4.863739013672e-5,-4.226207733154e-3
38,12,2,2,4200,169,6.651878356934e-5,-2.082824707031e-3
39,13,2,3,600,0,0.000000000000e0,0.000000000000e0
39,13,2,3,600,1,0.000000000000e0,0.000000000000e0
39,13,2,3,600,2,-1.034140586853e-4,-1.602172851562e-4
39,13,2,3,600,3,-5.102157592773e-5,-8.010864257812e-5
39,13,2,3,600,4,1.567602157593e-5,4.768371582031e-6
39,13,2,3,600,5,1.627206802368e-5,2.384185791016e-6
39,13,2,3,600,6,-2.032518386841e-5,-4.577636718750e-5
39,13,2,3,600,7,-1.019239425659e-5,-2.312660217285e-5
39,13,2,3,600,8,-1.013278961182e-4,-1.652240753174e-4
39,13,2,3,600,9,-4.917383193970e-5,-8.273124694824e-5
39,13,2,3,600,10,-4.750490188599e-5,-4.005432128906e-5
39,13,2,3,600,11,-2.354383468628e-5,-2.002716064453e-5
39,13,2,3,600,12,7.766485214233e-5,-1.722574234009e-4
39,13,2,3,600,13,1.211762428284e-4,-3.867149353027e-4
39,13,2,3,600,14,7.683038711548e-5,5.722045898438e-6
39,13,2,3,600,15,3.695487976074e-5,2.861022949219e-6
39,13,2,3,600,16,6.175041198730e-5,5.960464477539e-5
39,13,2,3,600,17,4.816055297852e-5,-1.220703125000e-4
39,13,2,3,600,18,-1.472234725952e-5,-2.145767211914e-5
39,13,2,3,600,19,-2.950429916382e-5,-4.279613494873e-5
39,13,2,3,600,20,-1.144409179688e-5,-2.384185791016e-5
39,13,2,3,600,21,-3.129243850708e-5,-4.780292510986e-5
39,13,2,3,600,22,4.112720489502e-6,-6.139278411865e-5
39,13,2,3,600,23,1.966953277588e-6,-2.920627593994e-5
39,13,2,3,600,24,5.072355270386e-5,3.206729888916e-5
39,13,2,3,600,25,1.010298728943e-4,6.008148193359e-5
39,13,2,3,600,26,-3.123283386230e-5,-2.956390380859e-5
39,13,2,3,600,27,-7.122755050659e-5,-6.949901580811e-5
39,13,2,3,600,28,-3.081560134888e-5,4.938840866089e-4
39,13,2,3,600,29,-1.712441444397e-4,9.677410125732e-4
39,13,2,3,600,30,1.484155654907e-5,4.649162292480e-6
39,13,2,3,600,31,2.497434616089e-5,6.556510925293e-6
39,13,2,3,600,32,-1.573562622070e-5,-1.957416534424e-4
39,13,2,3,600,33,-3.480911254883e-5,-4.024505615234e-4
39,13,2,3,600,34,4.202127456665e-5,-6.053447723389e-4
39,13,2,3,600,35,2.628564834595e-5,-2.996921539307e-4
39,13,2,3,600,36,3.663897514343e-4,4.595518112183e-4
39,13,2,3,600,37,3.600120544434e-5,4.258155822754e-4
39,13,2,3,600,38,9.137392044067e-5,-1.515150070190e-4
39,13,2,3,600,39,5.370378494263e-5,-6.723403930664e-5
39,13,2,3,600,40,-6.985664367676e-4,2.934932708740e-4
39,13,2,3,600,41,-3.352165222168e-4,1.611709594727e-4
39,13,2,3,600,42,2.751350402832e-4,9.906291961670e-5
39,13,2,3,600,43,2.503991127014e-4,-8.773803710938e-5
39,13,2,3,600,44,5.912780761719e-5,-8.275508880615e-4
39,13,2,3,600,45,4.237890243530e-5,-3.974437713623e-4
39,13,2,3,600,46,-7.086992263794e-5,-6.632804870605e-4
39,13,2,3,600,47,-1.258850097656e-4,-1.267433166504e-3
39,13,2,3,600,48,-5.330443382263e-4,5.544424057007e-4
39,13,2,3,600,49,-2.443790435791e-4,2.074241638184e-4
39,13,2,3,600,50,-1.516342163086e-4,1.010894775391e-3
39,13,2,3,600,51,-5.125999450684e-5,5.159378051758e-4
39,13,2,3,600,52,1.227259635925e-4,-3.340244293213e-4
39,13,2,3,600,53,9.924173355103e-5,-1.581907272339e-4
39,13,2,3,600,54,5.388259887695e-5,2.801418304443e-4
39,13,2,3,600,55,5.728006362915e-5,1.475811004639e-4
39,13,2,3,600,56,7.629394531250e-5,-7.271766662598e-4
39,13,2,3,600,57,4.249811172485e-5,-3.576278686523e-4
39,13,2,3,600,58,-1.454353332520e-4,3.147125244141e-5
39,13,2,3,600,59,-4.037022590637e-4,6.604194641113e-5
39,13,2,3,600,60,7.808208465576e-6,1.015663146973e-4
39,13,2,3,600,61,-3.623962402344e-5,1.964569091797e-4
39,13,2,3,600,62,2.497434616089e-5,-1.713037490845e-4
39,13,2,3,600,63,-7.295608520508e-5,-3.465414047241e-4
39,13,2,3,600,64,2.628564834595e-5,-1.128911972046e-4
39,13,2,3,600,65,1.764297485352e-5,-2.632141113281e-4
39,13,2,3,600,66,4.274249076843e-4,2.413988113403e-4
39,13,2,3,600,67,2.293586730957e-4,1.218318939209e-4
39,13,2,3,600,68,1.469254493713e-4,-1.759529113770e-4
39,13,2,3,600,69,2.892613410950e-4,-3.695487976074e-4
39,13,2,3,600,70,-4.154443740845e-5,2.464056015015e-4
39,13,2,3,600,71,-1.383423805237e-4,4.689693450928e-4
39,13,2,3,600,72,4.273653030396e-5,2.712011337280e-4
39,13,2,3,600,73,2.104043960571e-5,1.497268676758e-4
39,13,2,3,600,74,-2.032518386841e-5,-2.167224884033e-4
39,13,2,3,600,75,-5.131959915161e-5,-4.353523254395e-4
39,13,2,3,600,76,1.458525657654e-4,-9.059906005859e-5
39,13,2,3,600,77,7.271766662598e-5,-4.398822784424e-5
39,13,2,3,600,78,1.744627952576e-4,-2.360343933105e-4
39,13,2,3,600,79,8.958578109741e-5,-1.128911972046e-4
39,13,2,3,600,80,1.601576805115e-4,4.800558090210e-4
39,13,2,3,600,81,5.626678466797e-5,2.448558807373e-4
39,13,2,3,600,82,-4.625320434570e-5,-2.945661544800e-4
39,13,2,3,600,83,-1.381039619446e-4,-7.225275039673e-4
39,13,2,3,600,84,5.847215652466e-5,-7.200241088867e-5
39,13,2,3,600,85,6.943941116333e-5,-1.046657562256e-4
39,13,2,3,600,86,1.996755599976e-5,8.106231689453e-6
39,13,2,3,600,87,2.932548522949e-5,2.360343933105e-5
39,13,2,3,600,88,7.838010787964e-5,5.270242691040e-4
39,13,2,3,600,89,4.011392593384e-5,2.689361572266e-4
39,13,2,3,600,90,8.493661880493e-5,1.716613769531e-5
39,13,2,3,600,91,4.547834396362e-5,8.106231689453e-6
39,13,2,3,600,92,-1.037120819092e-4,-2.264976501465e-5
39,13,2,3,600,93,-7.766485214233e-5,-1.287460327148e-4
39,13,2,3,600,94,-1.865625381470e-5,-1.504421234131e-4
39,13,2,3,600,95,-1.358985900879e-5,-1.816749572754e-4
39,13,2,3,600,96,-1.989006996155e-4,-4.527568817139e-4
39,13,2,3,600,97,-9.948015213013e-5,-2.324581146240e-4
39,13,2,3,600,98,1.606941223145e-4,-2.770423889160e-4
39,13,2,3,600,99,1.726150512695e-4,-1.679658889771e-4
39,13,2,3,600,100,1.609325408936e-6,2.503395080566e-6
39,13,2,3,600,101,2.801418304443e-6,5.006790161133e-6
39,13,2,3,600,102,-4.249811172485e-5,-1.726150512695e-4
39,13,2,3,600,103,-2.366304397583e-5,-8.869171142578e-5
39,13,2,3,600,104,-2.288818359375e-5,6.318092346191e-5
39,13,2,3,600,105,-4.595518112183e-5,1.263618469238e-4
39,13,2,3,600,106,-4.391074180603e-4,-4.152059555054e-4
39,13,2,3,600,107,-1.196265220642e-4,-1.527070999146e-4
39,13,2,3,600,108,1.034736633301e-4,4.221200942993e-4
39,13,2,3,600,109,5.429983139038e-5,2.123117446899e-4
39,13,2,3,600,110,1.561045646667e-4,1.978874206543e-4
39,13,2,3,600,111,6.800889968872e-5,9.894371032715e-5
39,13,2,3,600,112,-8.565187454224e-5,-2.660751342773e-4
39,13,2,3,600,113,9.590387344360e-5,-4.231929779053e-5
39,13,2,3,600,114,1.094937324524e-4,3.366470336914e-4
39,13,2,3,600,115,-1.119971275330e-4,4.100799560547e-4
39,13,2,3,600,116,-7.092952728271e-6,1.164674758911e-4
39,13,2,3,600,117,-2.342462539673e-5,1.955032348633e-4
39,13,2,3,600,118,1.692771911621e-5,2.729892730713e-5
39,13,2,3,600,119,-2.008676528931e-5,-1.621246337891e-5
39,13,2,3,600,120,-9.232759475708e-5,3.957748413086e-4
39,13,2,3,600,121,-3.957748413086e-5,1.986026763916e-4
39,13,2,3,600,122,-4.833340644836e-4,3.669261932373e-4
39,13,2,3,600,123,-2.176165580750e-4,2.949237823486e-4
39,13,2,3,600,124,1.287460327148e-4,-1.140832901001e-4
39,13,2,3,600,125,6.550550460815e-5,-6.139278411865e-5
39,13,2,3,600,126,-2.521276473999e-5,9.489059448242e-5
39,13,2,3,600,127,-1.001358032227e-5,4.768371582031e-5
39,13,2,3,600,128,-1.592636108398e-4,1.125335693359e-4
39,13,2,3,600,129,-1.285076141357e-4,4.494190216064e-4
39,13,2,3,600,130,7.683038711548e-5,-4.659891128540e-4
39,13,2,3,600,131,3.868341445923e-5,-2.329349517822e-4
39,13,2,3,600,132,-3.838539123535e-5,4.100799560547e-5
39,13,2,3,600,133,-7.754564285278e-5,7.760524749756e-5
39,13,2,3,600,134,-1.039505004883e-4,-4.291534423828e-6
39,13,2,3,600,135,-5.143880844116e-5,-1.668930053711e-6
39,13,2,3,600,136,1.448392868042e-5,-7.390975952148e-6
39,13,2,3,600,137,2.688169479370e-5,-1.621246337891e-5
39,13,2,3,600,138,1.881122589111e-4,-4.312992095947e-4
39,13,2,3,600,139,1.354813575745e-4,-1.072883605957e-4
39,13,2,3,600,140,-6.967782974243e-5,1.733303070068e-4
39,13,2,3,600,141,-2.217292785645e-5,9.012222290039e-5
39,13,2,3,600,142,-4.112720489502e-6,-5.500316619873e-4
39,13,2,3,600,143,5.251169204712e-5,-2.722740173340e-4
39,13,2,3,600,144,-6.937980651855e-5,3.635883331299e-4
39,13,2,3,600,145,-2.747774124146e-5,1.986026763916e-4
39,13,2,3,600,146,3.838539123535e-4,-1.404285430908e-4
39,13,2,3,600,147,3.470778465271e-4,-3.368854522705e-4
39,13,2,3,600,148,6.240606307983e-5,7.653236389160e-5
39,13,2,3,600,149,1.012682914734e-4,1.122951507568e-4
39,13,2,3,600,150,-6.753206253052e-5,3.480911254883e-4
39,13,2,3,600,151,-1.241564750671e-4,7.350444793701e-4
39,13,2,3,600,152,3.129243850708e-5,1.271963119507e-4
39,13,2,3,600,153,3.743171691895e-5,2.162456512451e-4
39,13,2,3,600,154,-2.259016036987e-5,-5.131959915161e-4
39,13,2,3,600,155,2.127885818481e-5,-2.489089965820e-4
39,13,2,3,600,156,8.970499038696e-5,-2.360343933105e-5
39,13,2,3,600,157,4.523992538452e-5,-1.084804534912e-5
39,13,2,3,600,158,8.404254913330e-6,2.527236938477e-5
39,13,2,3,600,159,1.406669616699e-5,4.935264587402e-5
39,13,2,3,600,160,5.120038986206e-5,2.652406692505e-4
39,13,2,3,600,161,2.640485763550e-5,1.330375671387e-4
39,13,2,3,600,162,5.962848663330e-4,-4.827976226807e-5
39,13,2,3,600,163,3.268122673035e-4,-3.886222839355e-4
39,13,2,3,600,164,-1.674890518188e-5,-1.206159591675e-3
39,13,2,3,600,165,4.053115844727e-6,-5.910396575928e-4
39,13,2,3,600,166,6.576180458069e-4,-1.087307929993e-3
39,13,2,3,600,167,3.609657287598e-4,-5.217790603638e-4
39,13,2,3,600,168,1.857876777649e-4,2.467632293701e-5
39,13,2,3,600,169,2.055168151855e-4,6.198883056641e-5
40,13,2,3,2400,0,8.742809295654e-4,5.470395088196e-3
40,13,2,3,2400,1,4.629492759705e-4,2.786159515381e-3
40,13,2,3,2400,2,3.135204315186e-5,-1.082181930542e-3
40,13,2,3,2400,3,-4.444718360901e-4,-2.157688140869e-3
40,13,2,3,2400,4,-2.039670944214e-4,-1.196742057800e-3
40,13,2,3,2400,5,-3.261566162109e-4,-1.732110977173e-3
40,13,2,3,2400,6,-5.591511726379e-4,5.366802215576e-4
40,13,2,3,2400,7,-2.644062042236e-4,2.963542938232e-4
40,13,2,3,2400,8,-6.496906280518e-5,-3.273487091064e-3
40,13,2,3,2400,9,-4.827976226807e-6,-1.505136489868e-3
40,13,2,3,2400,10,-2.653002738953e-4,1.029133796692e-3
40,13,2,3,2400,11,3.913640975952e-4,4.136562347412e-4
40,13,2,3,2400,12,-1.384615898132e-4,-2.360343933105e-5
40,13,2,3,2400,13,2.170205116272e-4,-5.388259887695e-4
40,13,2,3,2400,14,3.373622894287e-4,4.157781600952e-3
40,13,2,3,2400,15,2.061724662781e-4,2.119779586792e-3
40,13,2,3,2400,16,6.926059722900e-5,2.411007881165e-3
40,13,2,3,2400,17,8.231401443481e-5,1.229286193848e-3
40,13,2,3,2400,18,-8.032917976379e-4,3.694415092468e-3
40,13,2,3,2400,19,-3.418922424316e-4,1.878023147583e-3
40,13,2,3,2400,20,-2.856254577637e-4,-3.066062927246e-4
40,13,2,3,2400,21,-1.209974288940e-4,-1.348257064819e-4
40,13,2,3,2400,22,-2.545118331909e-4,7.820129394531e-4
40,13,2,3,2400,23,-1.386404037476e-4,2.500295639038e-3
40,13,2,3,2400,24,4.363059997559e-5,2.359747886658e-3
40,13,2,3,2400,25,4.315376281738e-5,1.199245452881e-3
40,13,2,3,2400,26,2.270936965942e-4,6.679296493530e-4
40,13,2,3,2400,27,1.342296600342e-4,3.575086593628e-4
40,13,2,3,2400,28,-7.625818252563e-4,-1.509785652161e-3
40,13,2,3,2400,29,-3.638863563538e-4,-7.399320602417e-4
40,13,2,3,2400,30,3.097057342529e-4,3.823757171631e-3
40,13,2,3,2400,31,1.788139343262e-4,1.932144165039e-3
40,13,2,3,2400,32,1.895427703857e-5,1.849889755249e-3
40,13,2,3,2400,33,3.141164779663e-5,9.430646896362e-4
40,13,2,3,2400,34,3.933906555176e-5,-3.958940505981e-4
40,13,2,3,2400,35,4.780292510986e-5,-1.778602600098e-4
40,13,2,3,2400,36,1.752376556396e-4,2.239227294922e-3
40,13,2,3,2400,37,1.136660575867e-4,1.144886016846e-3
40,13,2,3,2400,38,-1.001834869385e-3,-5.525827407837e-3
40,13,2,3,2400,39,-7.652640342712e-4,-3.456234931946e-3
40,13,2,3,2400,40,4.011392593384e-5,-2.171993255615e-4
40,13,2,3,2400,41,0.000000000000e0,0.000000000000e0
40,13,2,3,2400,42,2.300739288330e-4,3.695487976074e-5
40,13,2,3,2400,43,4.441142082214e-4,5.149841308594e-5
40,13,2,3,2400,44,1.589119434357e-3,4.815101623535e-3
40,13,2,3,2400,45,8.746981620789e-4,2.442717552185e-3
40,13,2,3,2400,46,3.660917282104e-4,-2.620935440063e-3
40,13,2,3,2400,47,2.890229225159e-4,-1.632928848267e-3
40,13,2,3,2400,48,8.377432823181e-4,1.539349555969e-3
40,13,2,3,2400,49,7.497668266296e-4,1.177310943604e-3
40,13,2,3,2400,50,3.766417503357e-4,6.507873535156e-3
40,13,2,3,2400,51,2.400875091553e-4,3.296852111816e-3
40,13,2,3,2400,52,-6.210803985596e-5,3.533363342285e-4
40,13,2,3,2400,53,-2.986192703247e-5,1.770257949829e-4
40,13,2,3,2400,54,-1.161694526672e-4,1.271009445190e-3
40,13,2,3,2400,55,-4.393458366394e-4,2.056241035461e-3
40,13,2,3,2400,56,3.790855407715e-5,9.965896606445e-5
40,13,2,3,2400,57,6.622076034546e-5,1.881122589111e-4
40,13,2,3,2400,58,1.461505889893e-4,6.666183471680e-4
40,13,2,3,2400,59,1.149773597717e-4,2.605915069580e-4
40,13,2,3,2400,60,-1.702308654785e-4,-5.420446395874e-4
40,13,2,3,2400,61,-8.046627044678e-5,-2.697706222534e-4
40,13,2,3,2400,62,8.821487426758e-5,1.158714294434e-4
40,13,2,3,2400,63,-1.584887504578e-4,2.260208129883e-4
40,13,2,3,2400,64,-2.261400222778e-4,-6.365776062012e-5
40,13,2,3,2400,65,-1.106262207031e-4,-4.696846008301e-5
40,13,2,3,2400,66,2.225637435913e-4,2.706050872803e-4
40,13,2,3,2400,67,1.248121261597e-4,1.358985900879e-4
40,13,2,3,2400,68,-1.478195190430e-5,-4.076957702637e-5
40,13,2,3,2400,69,-8.225440979004e-6,-7.867813110352e-6
40,13,2,3,2400,70,2.459883689880e-4,1.621007919312e-3
40,13,2,3,2400,71,3.861188888550e-4,2.840280532837e-3
40,13,2,3,2400,72,2.813339233398e-5,7.545948028564e-5
40,13,2,3,2400,73,1.358985900879e-5,3.790855407715e-5
40,13,2,3,2400,74,-5.483627319336e-5,-1.295804977417e-4
40,13,2,3,2400,75,-8.106231689453e-6,-1.406669616699e-5
40,13,2,3,2400,76,-8.535385131836e-5,-2.835988998413e-4
40,13,2,3,2400,77,-4.267692565918e-5,-1.417398452759e-4
40,13,2,3,2400,78,-9.971857070923e-5,-6.868839263916e-4
40,13,2,3,2400,79,-1.588463783264e-4,-1.011371612549e-3
40,13,2,3,2400,80,8.463859558105e-5,3.817081451416e-4
40,13,2,3,2400,81,4.428625106812e-5,1.926422119141e-4
40,13,2,3,2400,82,-3.653764724731e-5,1.504421234131e-4
40,13,2,3,2400,83,-1.109838485718e-4,2.861022949219e-5
40,13,2,3,2400,84,-5.170106887817e-4,-2.027034759521e-3
40,13,2,3,2400,85,-2.425909042358e-4,-9.951591491699e-4
40,13,2,3,2400,86,-1.863837242126e-4,2.977848052979e-4
40,13,2,3,2400,87,-7.808208465576e-5,3.433227539062e-4
40,13,2,3,2400,88,-7.849931716919e-5,3.526210784912e-4
40,13,2,3,2400,89,-1.741647720337e-4,6.234645843506e-4
40,13,2,3,2400,90,1.364946365356e-4,-1.534342765808e-3
40,13,2,3,2400,91,7.057189941406e-5,-6.811618804932e-4
40,13,2,3,2400,92,-2.633929252625e-4,5.469322204590e-4
40,13,2,3,2400,93,-1.148581504822e-4,4.701614379883e-4
40,13,2,3,2400,94,-5.064606666565e-4,-2.339005470276e-3
40,13,2,3,2400,95,-2.090930938721e-4,-1.055121421814e-3
40,13,2,3,2400,96,0.000000000000e0,0.000000000000e0
40,13,2,3,2400,97,6.616115570068e-6,9.047985076904e-5
40,13,2,3,2400,98,2.735853195190e-5,-5.162954330444e-4
40,13,2,3,2400,99,0.000000000000e0,0.000000000000e0
40,13,2,3,2400,100,-1.508593559265e-4,9.522438049316e-4
40,13,2,3,2400,101,-5.394220352173e-5,4.967451095581e-4
40,13,2,3,2400,102,1.811981201172e-5,-2.510786056519e-3
40,13,2,3,2400,103,4.583597183228e-5,-1.235127449036e-3
40,13,2,3,2400,104,-6.199479103088e-4,-1.518368721008e-3
40,13,2,3,2400,105,-2.797245979309e-4,-7.253885269165e-4
40,13,2,3,2400,106,-9.346008300781e-5,-2.116799354553e-3
40,13,2,3,2400,107,-2.461671829224e-5,-1.039147377014e-3
40,13,2,3,2400,108,8.867979049683e-4,3.891944885254e-3
40,13,2,3,2400,109,5.075931549072e-4,1.966834068298e-3
40,13,2,3,2400,110,2.801418304443e-5,-9.415149688721e-4
40,13,2,3,2400,111,3.504753112793e-5,-4.498958587646e-4
40,13,2,3,2400,112,4.149079322815e-4,4.855394363403e-4
40,13,2,3,2400,113,2.276897430420e-4,3.042221069336e-4
40,13,2,3,2400,114,-3.895759582520e-4,2.909541130066e-3
40,13,2,3,2400,115,-1.760721206665e-4,1.433014869690e-3
40,13,2,3,2400,116,7.051825523376e-4,2.179861068726e-3
40,13,2,3,2400,117,3.695487976074e-4,1.110315322876e-3
40,13,2,3,2400,118,-4.911422729492e-4,-8.634328842163e-4
40,13,2,3,2400,119,-2.052187919617e-4,-4.041194915771e-4
40,13,2,3,2400,120,-4.057884216309e-4,-7.627010345459e-4
40,13,2,3,2400,121,-1.846551895142e-4,-3.449916839600e-4
40,13,2,3,2400,122,7.060170173645e-4,8.604764938354e-3
40,13,2,3,2400,123,4.003643989563e-4,4.354357719421e-3
40,13,2,3,2400,124,-1.279115676880e-4,-5.806684494019e-4
40,13,2,3,2400,125,-4.422664642334e-5,-2.906322479248e-4
40,13,2,3,2400,126,5.614757537842e-5,1.444816589355e-4
40,13,2,3,2400,127,4.291534423828e-6,9.286403656006e-5
40,13,2,3,2400,128,5.155205726624e-4,-2.610087394714e-3
40,13,2,3,2400,129,3.378391265869e-4,-1.193046569824e-3
40,13,2,3,2400,130,-7.145404815674e-4,-2.218127250671e-3
40,13,2,3,2400,131,-3.300309181213e-4,-1.083254814148e-3
40,13,2,3,2400,132,3.397464752197e-5,2.016186714172e-3
40,13,2,3,2400,133,3.522634506226e-5,1.022338867188e-3
40,13,2,3,2400,134,8.499622344971e-5,-1.311659812927e-3
40,13,2,3,2400,135,-2.952218055725e-4,-1.826524734497e-3
40,13,2,3,2400,136,-1.067221164703e-3,-8.192777633667e-3
40,13,2,3,2400,137,-4.656910896301e-4,-4.028320312500e-3
40,13,2,3,2400,138,5.093812942505e-4,8.554458618164e-4
40,13,2,3,2400,139,5.990266799927e-4,1.138687133789e-3
40,13,2,3,2400,140,-3.637075424194e-4,-6.475448608398e-4
40,13,2,3,2400,141,-5.702972412109e-4,-1.029729843140e-3
40,13,2,3,2400,142,8.064508438110e-4,2.132773399353e-3
40,13,2,3,2400,143,4.175901412964e-4,1.094341278076e-3
40,13,2,3,2400,144,3.314018249512e-5,-4.022121429443e-4
40,13,2,3,2400,145,1.764297485352e-5,-2.003908157349e-4
40,13,2,3,2400,146,1.045465469360e-4,-9.975433349609e-4
40,13,2,3,2400,147,5.054473876953e-5,-4.968643188477e-4
40,13,2,3,2400,148,0.000000000000e0,0.000000000000e0
40,13,2,3,2400,149,0.000000000000e0,0.000000000000e0
40,13,2,3,2400,150,0.000000000000e0,0.000000000000e0
40,13,2,3,2400,151,0.000000000000e0,0.000000000000e0
40,13,2,3,2400,152,0.000000000000e0,0.000000000000e0
40,13,2,3,2400,153,0.000000000000e0,0.000000000000e0
40,13,2,3,2400,154,0.000000000000e0,0.000000000000e0
40,13,2,3,2400,155,0.000000000000e0,0.000000000000e0
40,13,2,3,2400,156,0.000000000000e0,0.000000000000e0
40,13,2,3,2400,157,0.000000000000e0,0.000000000000e0
40,13,2,3,2400,158,0.000000000000e0,0.000000000000e0
40,13,2,3,2400,159,0.000000000000e0,0.000000000000e0
40,13,2,3,2400,160,-3.838539123535e-5,1.864433288574e-4
40,13,2,3,2400,161,-7.849931716919e-5,4.020929336548e-4
40,13,2,3,2400,162,2.360343933105e-5,-3.707408905029e-5
40,13,2,3,2400,163,2.360343933105e-5,-7.438659667969e-5
40,13,2,3,2400,164,7.927417755127e-5,-5.829334259033e-5
40,13,2,3,2400,165,6.997585296631e-5,-5.078315734863e-5
40,13,2,3,2400,166,4.494190216064e-5,1.415014266968e-4
40,13,2,3,2400,167,2.467632293701e-5,7.224082946777e-5
40,13,2,3,2400,168,9.167194366455e-5,5.576610565186e-4
40,13,2,3,2400,169,8.982419967651e-5,8.139610290527e-4
41,13,2,3,4200,0,-9.775161743164e-6,1.009702682495e-4
41,13,2,3,4200,1,-2.163648605347e-5,2.013444900513e-4
41,13,2,3,4200,2,7.069110870361e-5,-1.085996627808e-4
41,13,2,3,4200,3,1.399815082550e-4,-2.187490463257e-4
41,13,2,3,4200,4,2.244114875793e-5,-8.618831634521e-5
41,13,2,3,4200,5,4.428625106812e-5,-1.729726791382e-4
41,13,2,3,4200,6,-7.757544517517e-5,6.083250045776e-4
41,13,2,3,4200,7,-2.034306526184e-4,1.235127449036e-3
41,13,2,3,4200,8,-1.448988914490e-4,-7.740259170532e-4
41,13,2,3,4200,9,-7.247924804688e-5,-3.858804702759e-4
41,13,2,3,4200,10,0.000000000000e0,0.000000000000e0
41,13,2,3,4200,11,-4.249811172485e-5,-2.944469451904e-5
41,13,2,3,4200,12,-2.047419548035e-5,3.329515457153e-4
41,13,2,3,4200,13,-5.388259887695e-5,6.543397903442e-4
41,13,2,3,4200,14,0.000000000000e0,0.000000000000e0
41,13,2,3,4200,15,0.000000000000e0,0.000000000000e0
41,13,2,3,4200,16,1.887083053589e-4,3.614306449890e-3
41,13,2,3,4200,17,1.083612442017e-4,1.829266548157e-3
41,13,2,3,4200,18,7.924437522888e-4,3.709793090820e-4
41,13,2,3,4200,19,4.370510578156e-4,2.123117446899e-4
41,13,2,3,4200,20,2.446472644806e-4,-3.537178039551e-3
41,13,2,3,4200,21,1.600384712219e-4,-1.746296882629e-3
41,13,2,3,4200,22,-6.573200225830e-4,-1.296603679657e-2
41,13,2,3,4200,23,-2.430081367493e-4,-6.398677825928e-3
41,13,2,3,4200,24,-1.618564128876e-4,-7.143020629883e-4
41,13,2,3,4200,25,-7.566809654236e-5,-3.498792648315e-4
41,13,2,3,4200,26,3.644227981567e-4,-2.494454383850e-3
41,13,2,3,4200,27,1.946985721588e-4,-1.294255256653e-3
41,13,2,3,4200,28,-3.576874732971e-4,-2.061128616333e-4
41,13,2,3,4200,29,-8.096694946289e-4,-4.304647445679e-4
41,13,2,3,4200,30,-4.335045814514e-4,5.388259887695e-5
41,13,2,3,4200,31,-1.123547554016e-4,-1.026749610901e-3
41,13,2,3,4200,32,-1.502037048340e-5,-6.121397018433e-4
41,13,2,3,4200,33,-1.853704452515e-5,-1.017928123474e-3
41,13,2,3,4200,34,-2.503395080566e-6,1.498341560364e-3
41,13,2,3,4200,35,4.917383193970e-6,7.455348968506e-4
41,13,2,3,4200,36,2.315640449524e-5,2.181529998779e-5
41,13,2,3,4200,37,5.358457565308e-5,6.210803985596e-5
41,13,2,3,4200,38,-1.322031021118e-4,2.187490463257e-4
41,13,2,3,4200,39,-4.142522811890e-5,7.688999176025e-5
41,13,2,3,4200,40,-5.912780761719e-5,-5.068778991699e-4
41,13,2,3,4200,41,-1.593530178070e-4,-9.821653366089e-4
41,13,2,3,4200,42,1.774430274963e-4,-5.440711975098e-4
41,13,2,3,4200,43,3.543496131897e-4,-1.124262809753e-3
41,13,2,3,4200,44,-6.827712059021e-5,-2.619028091431e-4
41,13,2,3,4200,45,-1.677274703979e-4,-5.077123641968e-4
41,13,2,3,4200,46,-3.767013549805e-4,7.961988449097e-4
41,13,2,3,4200,47,-1.614689826965e-4,4.044771194458e-4
41,13,2,3,4200,48,-1.926422119141e-4,8.238554000854e-4
41,13,2,3,4200,49,-4.706978797913e-4,1.507878303528e-3
41,13,2,3,4200,50,6.622076034546e-5,2.230405807495e-4
41,13,2,3,4200,51,3.331899642944e-5,1.112222671509e-4
41,13,2,3,4200,52,-2.309679985046e-5,6.437301635742e-5
41,13,2,3,4200,53,-4.816055297852e-5,1.784563064575e-4
41,13,2,3,4200,54,-3.594160079956e-4,-4.550933837891e-3
41,13,2,3,4200,55,-8.516311645508e-4,-9.093880653381e-3
41,13,2,3,4200,56,-1.879930496216e-4,3.203153610229e-4
41,13,2,3,4200,57,-5.925893783569e-4,5.792379379272e-4
41,13,2,3,4200,58,1.788139343262e-7,0.000000000000e0
41,13,2,3,4200,59,1.690685749054e-4,-1.227855682373e-5
41,13,2,3,4200,60,-2.095401287079e-4,-1.386761665344e-3
41,13,2,3,4200,61,-5.282163619995e-4,-2.866983413696e-3
41,13,2,3,4200,62,2.183020114899e-4,-1.655459403992e-3
41,13,2,3,4200,63,2.893507480621e-4,-3.322243690491e-3
41,13,2,3,4200,64,-1.002252101898e-4,-1.341104507446e-3
41,13,2,3,4200,65,2.413094043732e-4,-6.887912750244e-4
41,13,2,3,4200,66,-7.646679878235e-4,1.071810722351e-3
41,13,2,3,4200,67,-3.545880317688e-4,5.655288696289e-4
41,13,2,3,4200,68,6.048977375031e-4,1.853585243225e-3
41,13,2,3,4200,69,3.279447555542e-4,9.213685989380e-4
41,13,2,3,4200,70,-4.009902477264e-4,-1.281738281250e-3
41,13,2,3,4200,71,-3.277659416199e-4,-1.250743865967e-3
41,13,2,3,4200,72,1.292824745178e-4,-7.188320159912e-5
41,13,2,3,4200,73,-1.192092895508e-6,-7.545948028564e-5
41,13,2,3,4200,74,1.422166824341e-4,-1.262664794922e-3
41,13,2,3,4200,75,8.857250213623e-5,-6.051063537598e-4
41,13,2,3,4200,76,-7.914900779724e-4,2.130150794983e-3
41,13,2,3,4200,77,-7.883906364441e-4,2.623915672302e-3
41,13,2,3,4200,78,-2.604722976685e-5,2.128124237061e-3
41,13,2,3,4200,79,1.129508018494e-4,3.680586814880e-3
41,13,2,3,4200,80,4.245638847351e-4,-2.972722053528e-3
41,13,2,3,4200,81,7.803440093994e-4,-3.681063652039e-3
41,13,2,3,4200,82,-2.103447914124e-4,-5.712509155273e-4
41,13,2,3,4200,83,-4.739165306091e-4,-1.176238059998e-3
41,13,2,3,4200,84,4.392862319946e-4,-1.489520072937e-3
41,13,2,3,4200,85,6.579458713531e-4,-2.734065055847e-3
41,13,2,3,4200,86,-7.718801498413e-6,-6.805658340454e-4
41,13,2,3,4200,87,2.652406692505e-5,-3.191232681274e-4
41,13,2,3,4200,88,-3.568530082703e-4,-2.133727073669e-3
41,13,2,3,4200,89,-2.417266368866e-4,3.027915954590e-4
41,13,2,3,4200,90,1.347064971924e-4,1.560449600220e-4
41,13,2,3,4200,91,1.185536384583e-4,1.062154769897e-4
41,13,2,3,4200,92,-6.744265556335e-5,-8.941888809204e-4
41,13,2,3,4200,93,-2.186298370361e-4,-1.810550689697e-3
41,13,2,3,4200,94,-1.373291015625e-4,-1.915693283081e-4
41,13,2,3,4200,95,-3.868341445923e-5,-7.164478302002e-5
41,13,2,3,4200,96,-3.976821899414e-4,1.223564147949e-3
41,13,2,3,4200,97,-1.913011074066e-4,6.164312362671e-4
41,13,2,3,4200,98,1.400709152222e-5,3.787279129028e-4
41,13,2,3,4200,99,7.271766662598e-6,1.909732818604e-4
41,13,2,3,4200,100,-1.356005668640e-4,-1.675128936768e-3
41,13,2,3,4200,101,-6.526708602905e-5,-8.352994918823e-4
41,13,2,3,4200,102,-5.123019218445e-5,3.623962402344e-5
41,13,2,3,4200,103,-1.034438610077e-4,7.021427154541e-5
41,13,2,3,4200,104,1.025199890137e-5,-7.510185241699e-6
41,13,2,3,4200,105,-9.664893150330e-5,6.122589111328e-4
41,13,2,3,4200,106,1.031160354614e-5,1.263618469238e-4
41,13,2,3,4200,107,5.602836608887e-6,6.496906280518e-5
41,13,2,3,4200,108,2.533197402954e-6,1.907348632812e-6
41,13,2,3,4200,109,3.302097320557e-5,-3.457069396973e-6
41,13,2,3,4200,110,-5.979239940643e-4,7.508993148804e-4
41,13,2,3,4200,111,-2.919137477875e-4,3.707408905029e-4
41,13,2,3,4200,112,1.444220542908e-4,-6.532669067383e-5
41,13,2,3,4200,113,1.812577247620e-4,1.146793365479e-4
41,13,2,3,4200,114,-1.405477523804e-4,-3.471374511719e-4
41,13,2,3,4200,115,-7.256865501404e-5,-1.729726791382e-4
41,13,2,3,4200,116,-1.672506332397e-4,5.289316177368e-4
41,13,2,3,4200,117,-7.969141006470e-5,2.399682998657e-4
41,13,2,3,4200,118,-2.294182777405e-4,3.194808959961e-4
41,13,2,3,4200,119,-1.186728477478e-4,1.612901687622e-4
41,13,2,3,4200,120,-1.682937145233e-4,4.262924194336e-4
41,13,2,3,4200,121,-6.911158561707e-5,2.077817916870e-4
41,13,2,3,4200,122,1.137852668762e-4,-1.025199890137e-4
41,13,2,3,4200,123,1.215934753418e-4,-1.517534255981e-4
41,13,2,3,4200,124,3.102421760559e-5,-2.515316009521e-5
41,13,2,3,4200,125,9.030103683472e-5,-6.580352783203e-5
41,13,2,3,4200,126,-2.308785915375e-4,-2.771615982056e-3
41,13,2,3,4200,127,-5.716085433960e-5,-5.625367164612e-3
41,13,2,3,4200,128,1.741588115692e-3,-5.593180656433e-3
41,13,2,3,4200,129,9.707808494568e-4,-2.822160720825e-3
41,13,2,3,4200,130,1.577436923981e-4,2.934932708740e-3
41,13,2,3,4200,131,1.199543476105e-4,1.501083374023e-3
41,13,2,3,4200,132,3.542900085449e-4,-8.066177368164e-3
41,13,2,3,4200,133,2.338886260986e-4,-4.068017005920e-3
41,13,2,3,4200,134,-1.187920570374e-4,-3.848075866699e-4
41,13,2,3,4200,135,-3.665387630463e-4,-9.289979934692e-4
41,13,2,3,4200,136,-2.861618995667e-4,1.487374305725e-3
41,13,2,3,4200,137,2.610087394714e-4,-1.122117042542e-3
41,13,2,3,4200,138,4.090666770935e-4,-4.779696464539e-3
41,13,2,3,4200,139,2.637207508087e-4,-2.317070960999e-3
41,13,2,3,4200,140,-2.995133399963e-4,-1.492500305176e-4
41,13,2,3,4200,141,-5.766749382019e-5,-3.182888031006e-5
41,13,2,3,4200,142,1.553297042847e-4,-8.119344711304e-4
41,13,2,3,4200,143,5.760788917542e-5,-3.809928894043e-4
41,13,2,3,4200,144,2.180635929108e-4,-1.576781272888e-3
41,13,2,3,4200,145,4.166364669800e-4,-2.992153167725e-3
41,13,2,3,4200,146,-2.517700195312e-4,-8.210778236389e-3
41,13,2,3,4200,147,3.933906555176e-6,-4.061698913574e-3
41,13,2,3,4200,148,1.084804534912e-4,-1.914143562317e-3
41,13,2,3,4200,149,-1.728534698486e-6,-7.771253585815e-4
41,13,2,3,4200,150,-1.096725463867e-4,-5.550384521484e-3
41,13,2,3,4200,151,5.418062210083e-5,-2.718567848206e-3
41,13,2,3,4200,152,-2.489686012268e-4,2.940893173218e-4
41,13,2,3,4200,153,-5.373358726501e-5,1.922845840454e-4
41,13,2,3,4200,154,-2.732872962952e-4,2.758860588074e-3
41,13,2,3,4200,155,-3.743171691895e-5,1.421809196472e-3
41,13,2,3,4200,156,5.978643894196e-4,-1.181244850159e-3
41,13,2,3,4200,157,4.184246063232e-4,-5.426406860352e-4
41,13,2,3,4200,158,4.168748855591e-4,-1.145410537720e-2
41,13,2,3,4200,159,2.473890781403e-4,-5.680918693542e-3
41,13,2,3,4200,160,1.755356788635e-5,-6.345391273499e-3
41,13,2,3,4200,161,5.775094032288e-4,-7.201790809631e-3
41,13,2,3,4200,162,1.512944698334e-3,8.181333541870e-4
41,13,2,3,4200,163,8.458495140076e-4,5.656480789185e-4
41,13,2,3,4200,164,2.670884132385e-4,-1.309514045715e-3
41,13,2,3,4200,165,4.755258560181e-4,-1.758694648743e-3
41,13,2,3,4200,166,2.458691596985e-5,2.392172813416e-3
41,13,2,3,4200,167,5.069375038147e-5,1.094698905945e-3
41,13,2,3,4200,168,-4.667043685913e-4,2.660036087036e-3
41,13,2,3,4200,169,-1.387596130371e-4,1.435041427612e-3
42,14,2,4,600,0,-1.431107521057e-4,-1.078844070435e-4
42,14,2,4,600,1,-7.128715515137e-5,-5.364418029785e-5
42,14,2,4,600,2,-9.179115295410e-6,1.645088195801e-5
42,14,2,4,600,3,-1.633167266846e-5,-3.218650817871e-6
42,14,2,4,600,4,-4.154443740845e-5,2.372264862061e-5
42,14,2,4,600,5,-7.396936416626e-5,4.720687866211e-5
42,14,2,4,600,6,1.108646392822e-4,1.254081726074e-4
42,14,2,4,600,7,2.212524414062e-4,2.142190933228e-4
42,14,2,4,600,8,5.531311035156e-5,-8.654594421387e-5
42,14,2,4,600,9,2.020597457886e-5,5.769729614258e-5
42,14,2,4,600,10,-3.683567047119e-5,2.324581146240e-5
42,14,2,4,600,11,-1.841783523560e-5,1.287460327148e-5
42,14,2,4,600,12,-5.799531936646e-5,-4.482269287109e-5
42,14,2,4,600,13,-1.215934753418e-4,-8.666515350342e-5
42,14,2,4,600,14,0.000000000000e0,0.000000000000e0
42,14,2,4,600,15,5.269050598145e-5,-1.621246337891e-5
42,14,2,4,600,16,4.470348358154e-6,2.479553222656e-5
42,14,2,4,600,17,1.037120819092e-5,-1.454353332520e-5
42,14,2,4,600,18,2.622604370117e-6,2.312660217285e-5
42,14,2,4,600,19,-2.980232238770e-7,4.434585571289e-5
42,14,2,4,600,20,2.372264862061e-5,-2.026557922363e-5
42,14,2,4,600,21,1.502037048340e-5,-5.412101745605e-5
42,14,2,4,600,22,1.663565635681e-4,2.157688140869e-4
42,14,2,4,600,23,8.451938629150e-5,1.083612442017e-4
42,14,2,4,600,24,2.491474151611e-5,-2.598762512207e-5
42,14,2,4,600,25,3.588199615479e-5,-5.519390106201e-5
42,14,2,4,600,26,-1.096725463867e-5,5.125999450684e-6
42,14,2,4,600,27,-2.247095108032e-5,1.084804534912e-5
42,14,2,4,600,28,-2.038478851318e-5,-1.162290573120e-4
42,14,2,4,600,29,-4.822015762329e-5,-2.505779266357e-4
42,14,2,4,600,30,2.992153167725e-5,-5.519390106201e-5
42,14,2,4,600,31,-6.020069122314e-6,4.887580871582e-6
42,14,2,4,600,32,-2.253055572510e-5,-3.576278686523e-7
42,14,2,4,600,33,-5.292892456055e-5,1.454353332520e-5
42,14,2,4,600,34,2.956390380859e-5,-1.431703567505e-4
42,14,2,4,600,35,1.597404479980e-5,-6.949901580811e-5
42,14,2,4,600,36,3.786087036133e-4,-1.228809356689e-3
42,14,2,4,600,37,6.238222122192e-4,-2.185344696045e-3
42,14,2,4,600,38,1.162886619568e-4,-2.224445343018e-4
42,14,2,4,600,39,7.313489913940e-5,-1.147985458374e-4
42,14,2,4,600,40,5.106925964355e-4,-3.472447395325e-3
42,14,2,4,600,41,2.776384353638e-4,-1.717686653137e-3
42,14,2,4,600,42,-1.442432403564e-5,-4.315376281738e-5
42,14,2,4,600,43,-1.502037048340e-5,-2.094507217407e-4
42,14,2,4,600,44,-2.193450927734e-4,-4.847049713135e-4
42,14,2,4,600,45,-1.142621040344e-4,-2.417564392090e-4
42,14,2,4,600,46,-1.585483551025e-5,-7.677078247070e-5
42,14,2,4,600,47,-5.227327346802e-5,-1.606941223145e-4
42,14,2,4,600,48,-1.104474067688e-4,-1.468658447266e-4
42,14,2,4,600,49,-1.150369644165e-5,-3.182888031006e-5
42,14,2,4,600,50,-1.242160797119e-4,-3.082752227783e-4
42,14,2,4,600,51,-4.249811172485e-5,-1.535415649414e-4
42,14,2,4,600,52,3.933906555176e-4,-2.184391021729e-3
42,14,2,4,600,53,2.037286758423e-4,-1.080751419067e-3
42,14,2,4,600,54,-1.329183578491e-4,-7.200241088867e-4
42,14,2,4,600,55,-6.556510925293e-5,-3.726482391357e-4
42,14,2,4,600,56,6.841421127319e-4,-1.759052276611e-3
42,14,2,4,600,57,3.439784049988e-4,-8.819103240967e-4
42,14,2,4,600,58,6.437301635742e-6,-9.405612945557e-5
42,14,2,4,600,59,1.752376556396e-5,-1.167058944702e-4
42,14,2,4,600,60,2.425909042358e-5,-4.768371582031e-5
42,14,2,4,600,61,-3.194808959961e-5,-8.988380432129e-5
42,14,2,4,600,62,9.059906005859e-5,-2.908706665039e-5
42,14,2,4,600,63,3.880262374878e-5,4.386901855469e-5
42,14,2,4,600,64,-9.471178054810e-5,-8.815526962280e-4
42,14,2,4,600,65,-2.157688140869e-5,-4.452466964722e-4
42,14,2,4,600,66,-4.529953002930e-6,-2.074241638184e-5
42,14,2,4,600,67,-5.638599395752e-5,1.238584518433e-4
42,14,2,4,600,68,1.921057701111e-4,3.732442855835e-4
42,14,2,4,600,69,9.059906005859e-6,4.196166992188e-5
42,14,2,4,600,70,-4.845857620239e-5,-1.910924911499e-4
42,14,2,4,600,71,2.878904342651e-5,-1.292228698730e-4
42,14,2,4,600,72,1.648664474487e-4,-1.851320266724e-4
42,14,2,4,600,73,1.310706138611e-4,1.618862152100e-4
42,14,2,4,600,74,-1.650452613831e-4,-1.457929611206e-4
42,14,2,4,600,75,-2.443790435791e-6,-4.458427429199e-5
42,14,2,4,600,76,-2.861022949219e-6,-1.266002655029e-4
42,14,2,4,600,77,-7.748603820801e-7,-6.651878356934e-5
42,14,2,4,600,78,-6.020069122314e-5,3.039836883545e-5
42,14,2,4,600,79,-6.353855133057e-5,1.006126403809e-4
42,14,2,4,600,80,8.577108383179e-5,-1.921653747559e-4
42,14,2,4,600,81,4.434585571289e-5,-9.572505950928e-5
42,14,2,4,600,82,-8.708238601685e-5,-1.430511474609e-5
42,14,2,4,600,83,-1.540780067444e-4,-3.027915954590e-5
42,14,2,4,600,84,6.151199340820e-5,-2.081394195557e-4
42,14,2,4,600,85,3.755092620850e-5,-4.887580871582e-5
42,14,2,4,600,86,2.288818359375e-5,-4.625320434570e-5
42,14,2,4,600,87,4.589557647705e-5,-4.875659942627e-5
42,14,2,4,600,88,1.229643821716e-4,-1.281499862671e-4
42,14,2,4,600,89,6.473064422607e-5,-6.473064422607e-5
42,14,2,4,600,90,4.684925079346e-5,1.072883605957e-5
42,14,2,4,600,91,2.372264862061e-5,4.768371582031e-6
42,14,2,4,600,92,-3.433227539062e-5,3.099441528320e-6
42,14,2,4,600,93,-1.049041748047e-5,3.576278686523e-6
42,14,2,4,600,94,-1.680850982666e-5,-6.437301635742e-6
42,14,2,4,600,95,-3.337860107422e-5,1.871585845947e-5
42,14,2,4,600,96,3.403425216675e-5,-1.147985458374e-4
42,14,2,4,600,97,2.396106719971e-5,-5.459785461426e-5
42,14,2,4,600,98,2.640485763550e-5,5.292892456055e-5
42,14,2,4,600,99,1.400709152222e-5,-5.197525024414e-5
42,14,2,4,600,100,3.981590270996e-5,3.697872161865e-4
42,14,2,4,600,101,9.894371032715e-5,1.487731933594e-4
42,14,2,4,600,102,9.453296661377e-5,-1.518726348877e-4
42,14,2,4,600,103,5.263090133667e-5,-7.629394531250e-5
42,14,2,4,600,104,1.156330108643e-5,5.102157592773e-5
42,14,2,4,600,105,4.470348358154e-6,5.030632019043e-5
42,14,2,4,600,106,1.086592674255e-4,-1.959800720215e-4
42,14,2,4,600,107,5.495548248291e-5,-1.889467239380e-4
42,14,2,4,600,108,8.866786956787e-4,-5.291581153870e-3
42,14,2,4,600,109,4.962682723999e-4,-2.637982368469e-3
42,14,2,4,600,110,1.842975616455e-4,9.489059448242e-5
42,14,2,4,600,111,9.584426879883e-5,5.078315734863e-5
42,14,2,4,600,112,-1.403093338013e-4,-8.219480514526e-4
42,14,2,4,600,113,-3.278851509094e-4,-1.299858093262e-3
42,14,2,4,600,114,-5.972385406494e-5,3.515481948853e-4
42,14,2,4,600,115,-4.596710205078e-4,8.771419525146e-4
42,14,2,4,600,116,1.845359802246e-4,-1.432895660400e-4
42,14,2,4,600,117,4.887580871582e-4,-1.603364944458e-4
42,14,2,4,600,118,-7.545948028564e-5,7.932186126709e-4
42,14,2,4,600,119,-1.641511917114e-4,1.598834991455e-3
42,14,2,4,600,120,1.072287559509e-4,-1.273870468140e-3
42,14,2,4,600,121,1.119375228882e-4,-6.117820739746e-4
42,14,2,4,600,122,3.035068511963e-4,-5.182027816772e-4
42,14,2,4,600,123,1.305937767029e-4,-2.553462982178e-4
42,14,2,4,600,124,8.801817893982e-4,-1.964569091797e-3
42,14,2,4,600,125,4.471540451050e-4,-9.742975234985e-4
42,14,2,4,600,126,6.425380706787e-5,2.331733703613e-4
42,14,2,4,600,127,3.790855407715e-5,1.167058944702e-4
42,14,2,4,600,128,7.927417755127e-5,-2.658367156982e-4
42,14,2,4,600,129,1.801252365112e-4,-4.866123199463e-4
42,14,2,4,600,130,1.775622367859e-4,5.871057510376e-4
42,14,2,4,600,131,9.250640869141e-5,2.793073654175e-4
42,14,2,4,600,132,-2.858638763428e-4,3.008842468262e-4
42,14,2,4,600,133,-1.900792121887e-4,2.896785736084e-4
42,14,2,4,600,134,1.851320266724e-4,1.187324523926e-4
42,14,2,4,600,135,1.072883605957e-4,5.996227264404e-5
42,14,2,4,600,136,1.556873321533e-4,3.521442413330e-4
42,14,2,4,600,137,3.265738487244e-4,4.928112030029e-4
42,14,2,4,600,138,2.195835113525e-4,7.514953613281e-4
42,14,2,4,600,139,2.018809318542e-4,8.926391601562e-4
42,14,2,4,600,140,9.298324584961e-5,-2.890586853027e-3
42,14,2,4,600,141,6.783008575439e-5,-1.400232315063e-3
42,14,2,4,600,142,1.658201217651e-4,-2.121925354004e-5
42,14,2,4,600,143,1.060366630554e-4,6.437301635742e-6
42,14,2,4,600,144,3.466010093689e-4,1.085996627808e-3
42,14,2,4,600,145,1.868605613708e-4,5.528926849365e-4
42,14,2,4,600,146,-3.667473793030e-4,2.384185791016e-6
42,14,2,4,600,147,-8.044242858887e-4,-9.624958038330e-4
42,14,2,4,600,148,-2.492070198059e-4,6.568431854248e-4
42,14,2,4,600,149,-2.473592758179e-4,7.638931274414e-4
42,14,2,4,600,150,-2.129673957825e-4,-4.341602325439e-4
42,14,2,4,600,151,-4.768371582031e-4,-9.222030639648e-4
42,14,2,4,600,152,2.255439758301e-4,-3.106594085693e-4
42,14,2,4,600,153,4.708170890808e-4,-8.993148803711e-4
42,14,2,4,600,154,6.279349327087e-4,-2.663373947144e-3
42,14,2,4,600,155,3.300905227661e-4,-1.316308975220e-3
42,14,2,4,600,156,8.805990219116e-4,-2.453088760376e-3
42,14,2,4,600,157,4.433393478394e-4,-1.217365264893e-3
42,14,2,4,600,158,-1.658201217651e-4,1.938343048096e-4
42,14,2,4,600,159,-6.181001663208e-5,-4.923343658447e-5
42,14,2,4,600,160,8.034706115723e-5,8.761882781982e-5
42,14,2,4,600,161,4.476308822632e-5,5.459785461426e-5
42,14,2,4,600,162,1.675486564636e-4,-7.634162902832e-4
42,14,2,4,600,163,6.473064422607e-5,-4.397630691528e-4
42,14,2,4,600,164,-2.050399780273e-5,1.139283180237e-3
42,14,2,4,600,165,2.980232238770e-6,5.820989608765e-4
42,14,2,4,600,166,-2.365708351135e-4,2.001881599426e-3
42,14,2,4,600,167,-7.611513137817e-5,1.195311546326e-3
42,14,2,4,600,168,2.026557922363e-5,-1.075267791748e-4
42,14,2,4,600,169,-1.013875007629e-4,-2.163648605347e-4
43,14,2,4,2400,0,-1.153945922852e-4,2.542734146118e-4
43,14,2,4,2400,1,-5.567073822021e-5,1.492500305176e-4
43,14,2,4,2400,2,-1.008510589600e-4,1.110196113586e-3
43,14,2,4,2400,3,-2.089738845825e-4,4.587173461914e-4
43,14,2,4,2400,4,-4.357099533081e-4,-7.069230079651e-3
43,14,2,4,2400,5,-1.806020736694e-4,-4.181265830994e-3
43,14,2,4,2400,6,-2.091526985168e-4,8.857250213623e-5
43,14,2,4,2400,7,-7.295608520508e-5,6.341934204102e-5
43,14,2,4,2400,8,6.490945816040e-5,1.946449279785e-3
43,14,2,4,2400,9,8.416175842285e-5,1.002311706543e-3
43,14,2,4,2400,10,-7.741451263428e-4,-1.284480094910e-3
43,14,2,4,2400,11,-5.356073379517e-4,-2.518177032471e-3
43,14,2,4,2400,12,-6.408691406250e-4,1.277089118958e-3
43,14,2,4,2400,13,-3.246068954468e-4,2.021312713623e-3
43,14,2,4,2400,14,-3.097057342529e-4,-1.866340637207e-3
43,14,2,4,2400,15,-9.691715240479e-5,-9.096860885620e-4
43,14,2,4,2400,16,-5.939006805420e-4,-2.330780029297e-3
43,14,2,4,2400,17,-2.639293670654e-4,-1.138687133789e-3
43,14,2,4,2400,18,-6.486773490906e-4,-8.959174156189e-3
43,14,2,4,2400,19,-2.029538154602e-4,-4.485607147217e-3
43,14,2,4,2400,20,-3.666877746582e-4,-3.787040710449e-3
43,14,2,4,2400,21,2.872943878174e-5,-6.388783454895e-3
43,14,2,4,2400,22,2.024769783020e-4,3.944635391235e-4
43,14,2,4,2400,23,1.417994499207e-4,3.333091735840e-4
43,14,2,4,2400,24,-6.175041198730e-4,2.444982528687e-4
43,14,2,4,2400,25,-3.250837326050e-4,1.844167709351e-4
43,14,2,4,2400,26,-3.182888031006e-4,-1.320362091064e-3
43,14,2,4,2400,27,-1.440644264221e-4,-7.749795913696e-4
43,14,2,4,2400,28,-6.991624832153e-5,-3.663063049316e-3
43,14,2,4,2400,29,-2.348423004150e-5,-1.833558082581e-3
43,14,2,4,2400,30,-2.779364585876e-4,-2.164363861084e-3
43,14,2,4,2400,31,-1.194477081299e-4,-1.074790954590e-3
43,14,2,4,2400,32,4.581212997437e-4,1.748442649841e-3
43,14,2,4,2400,33,2.399682998657e-4,8.882284164429e-4
43,14,2,4,2400,34,-6.339550018311e-4,4.613399505615e-5
43,14,2,4,2400,35,-3.219842910767e-4,-1.008629798889e-3
43,14,2,4,2400,36,-5.330443382263e-4,4.564762115479e-3
43,14,2,4,2400,37,-2.415180206299e-4,2.326369285583e-3
43,14,2,4,2400,38,-1.169323921204e-3,3.012418746948e-4
43,14,2,4,2400,39,-3.654956817627e-4,-3.371238708496e-4
43,14,2,4,2400,40,3.087520599365e-5,5.649209022522e-3
43,14,2,4,2400,41,1.806020736694e-5,2.866625785828e-3
43,14,2,4,2400,42,-7.004737854004e-4,-4.633784294128e-3
43,14,2,4,2400,43,-3.498196601868e-4,-2.319455146790e-3
43,14,2,4,2400,44,3.676414489746e-4,5.052208900452e-3
43,14,2,4,2400,45,2.124309539795e-4,2.549171447754e-3
43,14,2,4,2400,46,-1.163482666016e-4,-4.005074501038e-3
43,14,2,4,2400,47,7.903575897217e-5,-2.329707145691e-3
43,14,2,4,2400,48,-1.107454299927e-4,-7.301449775696e-3
43,14,2,4,2400,49,-1.093745231628e-4,-3.688216209412e-3
43,14,2,4,2400,50,2.791881561279e-4,-6.023764610291e-3
43,14,2,4,2400,51,2.490282058716e-4,-3.013134002686e-3
43,14,2,4,2400,52,2.501010894775e-4,-4.553318023682e-3
43,14,2,4,2400,53,1.312494277954e-4,-2.285838127136e-3
43,14,2,4,2400,54,5.757808685303e-5,4.540681838989e-4
43,14,2,4,2400,55,2.275705337524e-4,-1.144409179688e-4
43,14,2,4,2400,56,-2.861022949219e-5,6.831884384155e-4
43,14,2,4,2400,57,-1.353025436401e-5,3.514289855957e-4
43,14,2,4,2400,58,-9.399652481079e-5,1.066923141479e-4
43,14,2,4,2400,59,-3.975629806519e-5,5.578994750977e-5
43,14,2,4,2400,60,-5.713701248169e-4,-4.591941833496e-4
43,14,2,4,2400,61,-2.770423889160e-4,-2.217292785645e-4
43,14,2,4,2400,62,-4.458427429199e-5,-1.398324966431e-4
43,14,2,4,2400,63,3.832578659058e-5,-4.800558090210e-4
43,14,2,4,2400,64,5.716085433960e-5,-1.206994056702e-3
43,14,2,4,2400,65,3.051757812500e-5,-6.049871444702e-4
43,14,2,4,2400,66,3.659725189209e-5,-7.342100143433e-4
43,14,2,4,2400,67,2.259016036987e-5,-3.809928894043e-4
43,14,2,4,2400,68,-1.795291900635e-4,-3.155350685120e-3
43,14,2,4,2400,69,-4.310607910156e-4,-6.438255310059e-3
43,14,2,4,2400,70,5.394220352173e-5,-1.772642135620e-4
43,14,2,4,2400,71,5.072355270386e-5,-2.580881118774e-4
43,14,2,4,2400,72,4.166364669800e-5,4.208087921143e-5
43,14,2,4,2400,73,5.960464477539e-6,3.671646118164e-5
43,14,2,4,2400,74,2.294778823853e-5,-1.958608627319e-4
43,14,2,4,2400,75,1.633167266846e-5,-9.393692016602e-5
43,14,2,4,2400,76,-2.165436744690e-4,3.244519233704e-3
43,14,2,4,2400,77,-8.994340896606e-5,1.642107963562e-3
43,14,2,4,2400,78,1.239776611328e-5,2.666711807251e-4
43,14,2,4,2400,79,2.717971801758e-5,6.757974624634e-4
43,14,2,4,2400,80,-5.537271499634e-5,-6.347894668579e-4
43,14,2,4,2400,81,-2.819299697876e-5,-3.151893615723e-4
43,14,2,4,2400,82,1.075267791748e-4,-3.420114517212e-4
43,14,2,4,2400,83,5.733966827393e-5,-1.705884933472e-4
43,14,2,4,2400,84,-1.477003097534e-4,-1.728534698486e-5
43,14,2,4,2400,85,-6.365776062012e-5,3.933906555176e-6
43,14,2,4,2400,86,-7.579922676086e-4,1.370310783386e-3
43,14,2,4,2400,87,-3.671646118164e-4,7.075071334839e-4
43,14,2,4,2400,88,-4.658699035645e-4,-1.410007476807e-3
43,14,2,4,2400,89,-2.546310424805e-4,-1.378655433655e-3
43,14,2,4,2400,90,1.651048660278e-5,-1.678943634033e-3
43,14,2,4,2400,91,3.874301910400e-6,-4.485845565796e-4
43,14,2,4,2400,92,-2.022981643677e-4,1.929759979248e-3
43,14,2,4,2400,93,-7.486343383789e-5,9.886026382446e-4
43,14,2,4,2400,94,1.606941223145e-4,-2.122879028320e-3
43,14,2,4,2400,95,9.077787399292e-5,-1.070499420166e-3
43,14,2,4,2400,96,-7.095336914062e-4,-1.258373260498e-3
43,14,2,4,2400,97,-3.474950790405e-4,-4.652738571167e-4
43,14,2,4,2400,98,-4.582405090332e-4,1.702308654785e-4
43,14,2,4,2400,99,-1.530647277832e-4,8.249282836914e-5
43,14,2,4,2400,100,-7.021427154541e-5,1.598477363586e-3
43,14,2,4,2400,101,1.276731491089e-4,8.292198181152e-4
43,14,2,4,2400,102,1.716017723083e-4,1.907348632812e-4
43,14,2,4,2400,103,1.797676086426e-4,1.593828201294e-4
43,14,2,4,2400,104,-4.935264587402e-5,3.033161163330e-3
43,14,2,4,2400,105,-3.558397293091e-5,2.328038215637e-3
43,14,2,4,2400,106,-2.872943878174e-5,-1.107573509216e-3
43,14,2,4,2400,107,4.303455352783e-5,-4.833936691284e-4
43,14,2,4,2400,108,-2.427697181702e-4,6.085634231567e-4
43,14,2,4,2400,109,-5.757808685303e-5,1.591444015503e-4
43,14,2,4,2400,110,5.652308464050e-4,-6.418228149414e-4
43,14,2,4,2400,111,3.196001052856e-4,-3.032684326172e-4
43,14,2,4,2400,112,-9.186267852783e-4,-5.306720733643e-3
43,14,2,4,2400,113,-9.361505508423e-4,-4.864811897278e-3
43,14,2,4,2400,114,-1.811981201172e-4,-2.420902252197e-3
43,14,2,4,2400,115,1.583099365234e-4,6.021261215210e-4
43,14,2,4,2400,116,-4.172325134277e-6,1.241326332092e-3
43,14,2,4,2400,117,7.855892181396e-5,6.436109542847e-4
43,14,2,4,2400,118,-7.005929946899e-4,-7.578730583191e-3
43,14,2,4,2400,119,-2.791881561279e-4,-3.766894340515e-3
43,14,2,4,2400,120,-1.045465469360e-4,5.240917205811e-3
43,14,2,4,2400,121,-1.937150955200e-5,9.759783744812e-3
43,14,2,4,2400,122,-5.068778991699e-4,-9.206891059875e-3
43,14,2,4,2400,123,-5.370378494263e-4,-6.070256233215e-3
43,14,2,4,2400,124,-2.264976501465e-6,-2.995610237122e-3
43,14,2,4,2400,125,-1.127123832703e-4,-4.968523979187e-3
43,14,2,4,2400,126,8.678436279297e-5,-2.266049385071e-3
43,14,2,4,2400,127,4.804134368896e-5,-1.131057739258e-3
43,14,2,4,2400,128,1.410841941833e-4,-4.205703735352e-4
43,14,2,4,2400,129,9.542703628540e-5,-1.891851425171e-4
43,14,2,4,2400,130,-2.735257148743e-4,-3.185153007507e-3
43,14,2,4,2400,131,-3.993511199951e-5,-1.575350761414e-3
43,14,2,4,2400,132,1.502037048340e-5,7.855892181396e-5
43,14,2,4,2400,133,9.775161743164e-6,4.112720489502e-5
43,14,2,4,2400,134,-4.231929779053e-5,3.844499588013e-4
43,14,2,4,2400,135,6.973743438721e-5,2.385377883911e-4
43,14,2,4,2400,136,1.757740974426e-4,-1.618742942810e-3
43,14,2,4,2400,137,9.351968765259e-5,-8.219480514526e-4
43,14,2,4,2400,138,-4.243850708008e-5,-8.088350296021e-4
43,14,2,4,2400,139,1.812577247620e-4,-1.170158386230e-3
43,14,2,4,2400,140,-2.086162567139e-5,-2.406835556030e-4
43,14,2,4,2400,141,1.261830329895e-4,-6.966590881348e-4
43,14,2,4,2400,142,1.087188720703e-4,-4.875659942627e-5
43,14,2,4,2400,143,5.471706390381e-5,-4.255771636963e-5
43,14,2,4,2400,144,1.739263534546e-4,-1.090764999390e-4
43,14,2,4,2400,145,1.004338264465e-4,-5.877017974854e-5
43,14,2,4,2400,146,1.668930053711e-6,4.196166992188e-4
43,14,2,4,2400,147,1.442432403564e-5,1.897811889648e-4
43,14,2,4,2400,148,-1.397728919983e-4,5.551576614380e-4
43,14,2,4,2400,149,-6.890296936035e-5,2.793073654175e-4
43,14,2,4,2400,150,-2.771615982056e-4,6.853342056274e-4
43,14,2,4,2400,151,-1.324415206909e-4,3.471374511719e-4
43,14,2,4,2400,152,4.351139068604e-5,1.405477523804e-4
43,14,2,4,2400,153,7.236003875732e-5,1.059770584106e-4
43,14,2,4,2400,154,-2.972483634949e-4,-2.077460289001e-3
43,14,2,4,2400,155,-1.308917999268e-4,-1.016616821289e-3
43,14,2,4,2400,156,-2.801418304443e-4,6.500482559204e-4
43,14,2,4,2400,157,-1.370906829834e-4,3.377199172974e-4
43,14,2,4,2400,158,5.114078521729e-5,-6.341934204102e-5
43,14,2,4,2400,159,3.242492675781e-5,-3.731250762939e-5
43,14,2,4,2400,160,5.110502243042e-4,-1.681208610535e-3
43,14,2,4,2400,161,2.586841583252e-4,-8.329153060913e-4
43,14,2,4,2400,162,-2.290010452271e-4,2.542018890381e-3
43,14,2,4,2400,163,-1.093745231628e-4,1.281142234802e-3
43,14,2,4,2400,164,-8.344650268555e-7,3.576278686523e-7
43,14,2,4,2400,165,-1.728534698486e-6,1.907348632812e-6
43,14,2,4,2400,166,0.000000000000e0,0.000000000000e0
43,14,2,4,2400,167,0.000000000000e0,0.000000000000e0
43,14,2,4,2400,168,-3.397464752197e-6,1.072883605957e-6
43,14,2,4,2400,169,-7.212162017822e-6,1.788139343262e-6
44,14,2,4,4200,0,-1.880526542664e-5,-3.385543823242e-5
44,14,2,4,4200,1,-6.589293479919e-5,9.346008300781e-5
44,14,2,4,4200,2,-4.312396049500e-5,-2.784729003906e-4
44,14,2,4,4200,3,-1.645088195801e-5,-1.385211944580e-4
44,14,2,4,4200,4,-6.768107414246e-5,-5.745887756348e-4
44,14,2,4,4200,5,-2.786517143250e-5,-3.414154052734e-4
44,14,2,4,4200,6,7.227063179016e-5,-3.576278686523e-6
44,14,2,4,4200,7,5.292892456055e-5,3.075599670410e-5
44,14,2,4,4200,8,0.000000000000e0,0.000000000000e0
44,14,2,4,4200,9,-2.980232238770e-8,-1.025199890137e-5
44,14,2,4,4200,10,2.133846282959e-5,1.239776611328e-5
44,14,2,4,4200,11,1.069903373718e-5,6.198883056641e-6
44,14,2,4,4200,12,4.374980926514e-5,5.483627319336e-6
44,14,2,4,4200,13,2.196431159973e-5,1.120567321777e-5
44,14,2,4,4200,14,5.888938903809e-5,5.484819412231e-3
44,14,2,4,4200,15,4.181265830994e-5,2.760410308838e-3
44,14,2,4,4200,16,-2.697110176086e-5,3.631353378296e-3
44,14,2,4,4200,17,-6.526708602905e-6,1.755714416504e-3
44,14,2,4,4200,18,-3.138184547424e-5,-2.341508865356e-3
44,14,2,4,4200,19,-8.821487426758e-6,-1.164913177490e-3
44,14,2,4,4200,20,-6.330907344818e-4,3.972768783569e-3
44,14,2,4,4200,21,-3.136396408081e-4,4.634380340576e-3
44,14,2,4,4200,22,-1.573562622070e-4,6.645202636719e-3
44,14,2,4,4200,23,-3.895163536072e-5,3.370285034180e-3
44,14,2,4,4200,24,-3.397762775421e-4,-8.168220520020e-4
44,14,2,4,4200,25,-1.626312732697e-4,-4.231929779053e-4
44,14,2,4,4200,26,6.884336471558e-6,4.506111145020e-4
44,14,2,4,4200,27,1.176595687866e-4,7.953643798828e-4
44,14,2,4,4200,28,-1.010298728943e-5,-2.522230148315e-3
44,14,2,4,4200,29,1.815259456635e-4,-5.171298980713e-3
44,14,2,4,4200,30,2.625882625580e-4,1.841545104980e-3
44,14,2,4,4200,31,1.771152019501e-4,2.989292144775e-3
44,14,2,4,4200,32,1.635551452637e-4,-1.827716827393e-3
44,14,2,4,4200,33,6.997585296631e-5,1.419782638550e-3
44,14,2,4,4200,34,9.623169898987e-5,-6.190061569214e-3
44,14,2,4,4200,35,6.845593452454e-5,-3.082752227783e-3
44,14,2,4,4200,36,-3.316700458527e-4,-2.447843551636e-3
44,14,2,4,4200,37,-2.950727939606e-4,-6.389617919922e-5
44,14,2,4,4200,38,-5.339682102203e-4,1.022243499756e-2
44,14,2,4,4200,39,-2.354383468628e-4,5.124330520630e-3
44,14,2,4,4200,40,-2.145767211914e-5,-5.100727081299e-3
44,14,2,4,4200,41,-1.361668109894e-4,-3.993272781372e-3
44,14,2,4,4200,42,9.050965309143e-5,6.875991821289e-4
44,14,2,4,4200,43,1.597404479980e-4,1.294374465942e-3
44,14,2,4,4200,44,2.346038818359e-4,-2.265930175781e-3
44,14,2,4,4200,45,2.621710300446e-4,-2.328872680664e-3
44,14,2,4,4200,46,-2.509653568268e-4,5.955219268799e-3
44,14,2,4,4200,47,9.289383888245e-5,2.985954284668e-3
44,14,2,4,4200,48,1.952350139618e-4,1.955032348633e-3
44,14,2,4,4200,49,2.291202545166e-4,4.194259643555e-3
44,14,2,4,4200,50,-2.419948577881e-5,-9.133815765381e-4
44,14,2,4,4200,51,-1.099705696106e-5,-4.768371582031e-4
44,14,2,4,4200,52,-3.514289855957e-4,2.083063125610e-3
44,14,2,4,4200,53,-2.638399600983e-4,3.418922424316e-3
44,14,2,4,4200,54,-3.921687602997e-4,6.814718246460e-3
44,14,2,4,4200,55,-3.990530967712e-5,3.437757492065e-3
44,14,2,4,4200,56,-3.811419010162e-4,5.550384521484e-4
44,14,2,4,4200,57,-6.135404109955e-4,1.241683959961e-3
44,14,2,4,4200,58,9.506940841675e-6,-1.351118087769e-3
44,14,2,4,4200,59,5.483627319336e-6,-2.527236938477e-5
44,14,2,4,4200,60,6.282329559326e-5,-3.586769104004e-3
44,14,2,4,4200,61,2.154707908630e-5,-6.360054016113e-3
44,14,2,4,4200,62,-2.661943435669e-4,2.342700958252e-3
44,14,2,4,4200,63,-5.691349506378e-4,5.803108215332e-3
44,14,2,4,4200,64,2.599656581879e-4,-3.942251205444e-3
44,14,2,4,4200,65,7.545948028564e-5,-6.067514419556e-3
44,14,2,4,4200,66,2.738237380981e-4,-8.139610290527e-4
44,14,2,4,4200,67,1.511573791504e-4,-3.981590270996e-4
44,14,2,4,4200,68,-7.297694683075e-4,-5.083084106445e-4
44,14,2,4,4200,69,-3.217756748199e-4,-2.307891845703e-4
44,14,2,4,4200,70,-1.988410949707e-4,3.250598907471e-3
44,14,2,4,4200,71,-2.157390117645e-4,2.246618270874e-3
44,14,2,4,4200,72,-3.524124622345e-4,2.696037292480e-3
44,14,2,4,4200,73,-1.379251480103e-4,3.475427627563e-3
44,14,2,4,4200,74,-2.044439315796e-4,1.232624053955e-3
44,14,2,4,4200,75,-9.116530418396e-5,6.132125854492e-4
44,14,2,4,4200,76,9.277462959290e-5,5.049705505371e-4
44,14,2,4,4200,77,1.115500926971e-4,-4.618167877197e-4
44,14,2,4,4200,78,-9.047985076904e-5,1.524925231934e-3
44,14,2,4,4200,79,-3.342628479004e-4,6.384849548340e-4
44,14,2,4,4200,80,-1.111626625061e-5,2.766609191895e-3
44,14,2,4,4200,81,2.211034297943e-4,6.613731384277e-4
44,14,2,4,4200,82,-4.891455173492e-4,8.291959762573e-3
44,14,2,4,4200,83,-4.986822605133e-4,4.531860351562e-3
44,14,2,4,4200,84,-4.378259181976e-4,7.011890411377e-4
44,14,2,4,4200,85,-9.460747241974e-4,1.281976699829e-3
44,14,2,4,4200,86,2.451241016388e-4,-1.222133636475e-3
44,14,2,4,4200,87,2.320706844330e-4,-3.573894500732e-4
44,14,2,4,4200,88,-9.837746620178e-5,1.308202743530e-3
44,14,2,4,4200,89,-1.756250858307e-4,-2.975463867188e-4
44,14,2,4,4200,90,-2.795755863190e-4,3.703117370605e-3
44,14,2,4,4200,91,-3.889799118042e-4,-1.128673553467e-3
44,14,2,4,4200,92,-5.629658699036e-5,-2.970218658447e-3
44,14,2,4,4200,93,-4.804134368896e-5,-5.007743835449e-3
44,14,2,4,4200,94,-1.169443130493e-4,2.106428146362e-3
44,14,2,4,4200,95,-5.146861076355e-5,1.029491424561e-3
44,14,2,4,4200,96,-2.495348453522e-4,9.021759033203e-4
44,14,2,4,4200,97,-1.262128353119e-4,4.596710205078e-4
44,14,2,4,4200,98,-6.052851676941e-5,-2.712249755859e-3
44,14,2,4,4200,99,-2.464652061462e-5,-1.349925994873e-3
44,14,2,4,4200,100,-9.182095527649e-5,7.271766662598e-5
44,14,2,4,4200,101,-6.547570228577e-5,3.957748413086e-5
44,14,2,4,4200,102,-4.872679710388e-5,5.626678466797e-5
44,14,2,4,4200,103,-6.636977195740e-5,7.390975952148e-5
44,14,2,4,4200,104,-5.739927291870e-4,6.289482116699e-4
44,14,2,4,4200,105,-3.482103347778e-4,-1.015663146973e-4
44,14,2,4,4200,106,3.099441528320e-6,-2.112388610840e-4
44,14,2,4,4200,107,-1.319944858551e-4,5.323886871338e-4
44,14,2,4,4200,108,6.732344627380e-5,-1.222610473633e-3
44,14,2,4,4200,109,7.417798042297e-5,-4.804134368896e-4
44,14,2,4,4200,110,-8.717179298401e-5,1.937866210938e-3
44,14,2,4,4200,111,-3.686547279358e-5,9.737014770508e-4
44,14,2,4,4200,112,-2.325475215912e-4,5.598068237305e-4
44,14,2,4,4200,113,-5.108416080475e-4,2.134799957275e-3
44,14,2,4,4200,114,-4.265010356903e-4,8.241653442383e-3
44,14,2,4,4200,115,-1.997053623199e-4,4.175186157227e-3
44,14,2,4,4200,116,-9.575486183167e-5,-1.510143280029e-3
44,14,2,4,4200,117,-2.667307853699e-5,-7.126331329346e-4
44,14,2,4,4200,118,-1.053810119629e-4,-6.475448608398e-4
44,14,2,4,4200,119,-3.513693809509e-5,-3.447532653809e-4
44,14,2,4,4200,120,-8.821487426758e-6,-2.830028533936e-3
44,14,2,4,4200,121,1.740455627441e-5,-1.436233520508e-3
44,14,2,4,4200,122,8.079409599304e-5,1.505851745605e-3
44,14,2,4,4200,123,-1.020431518555e-4,-6.926059722900e-4
44,14,2,4,4200,124,-2.214610576630e-4,4.183769226074e-3
44,14,2,4,4200,125,-3.039836883545e-4,4.014968872070e-3
44,14,2,4,4200,126,-3.549456596375e-5,5.405902862549e-3
44,14,2,4,4200,127,-2.391338348389e-4,9.306430816650e-3
44,14,2,4,4200,128,-6.878376007080e-5,-2.542972564697e-3
44,14,2,4,4200,129,-5.897879600525e-5,-5.571365356445e-3
44,14,2,4,4200,130,-9.930133819580e-4,5.607128143311e-3
44,14,2,4,4200,131,-4.588663578033e-4,2.828359603882e-3
44,14,2,4,4200,132,-3.526210784912e-4,-3.651142120361e-3
44,14,2,4,4200,133,-1.094341278076e-4,-1.854658126831e-3
44,14,2,4,4200,134,-1.886785030365e-4,8.835792541504e-4
44,14,2,4,4200,135,-6.187260150909e-4,2.022266387939e-3
44,14,2,4,4200,136,-5.683898925781e-4,1.878738403320e-4
44,14,2,4,4200,137,-2.197325229645e-4,1.995086669922e-3
44,14,2,4,4200,138,-1.784563064575e-4,-5.541801452637e-3
44,14,2,4,4200,139,-4.887580871582e-5,-2.757072448730e-3
44,14,2,4,4200,140,2.384185791016e-4,3.670454025269e-3
44,14,2,4,4200,141,1.479685306549e-4,1.861333847046e-3
44,14,2,4,4200,142,-1.610219478607e-4,-9.517669677734e-4
44,14,2,4,4200,143,5.990266799927e-6,-4.639625549316e-4
44,14,2,4,4200,144,8.717179298401e-5,-2.548694610596e-4
44,14,2,4,4200,145,1.667439937592e-4,1.125097274780e-3
44,14,2,4,4200,146,-6.347894668579e-6,-1.740455627441e-4
44,14,2,4,4200,147,1.415610313416e-5,-7.486343383789e-5
44,14,2,4,4200,148,-2.535283565521e-4,3.729343414307e-3
44,14,2,4,4200,149,-5.504488945007e-5,1.880645751953e-3
44,14,2,4,4200,150,-3.110468387604e-4,1.754045486450e-3
44,14,2,4,4200,151,-1.128613948822e-4,8.635520935059e-4
44,14,2,4,4200,152,-2.221763134003e-4,-8.864402770996e-4
44,14,2,4,4200,153,2.920627593994e-5,-4.324913024902e-4
44,14,2,4,4200,154,-2.124905586243e-5,3.736019134521e-3
44,14,2,4,4200,155,1.898407936096e-5,1.880407333374e-3
44,14,2,4,4200,156,-4.279315471649e-4,-1.827478408813e-3
44,14,2,4,4200,157,-1.669824123383e-4,-9.284019470215e-4
44,14,2,4,4200,158,-3.988444805145e-4,6.420612335205e-3
44,14,2,4,4200,159,-3.700256347656e-4,8.324861526489e-3
44,14,2,4,4200,160,-4.167556762695e-4,4.377841949463e-3
44,14,2,4,4200,161,-1.095831394196e-4,4.863739013672e-5
44,14,2,4,4200,162,-4.096925258636e-4,-4.050731658936e-3
44,14,2,4,4200,163,-1.675784587860e-4,-2.156972885132e-3
44,14,2,4,4200,164,-5.215406417847e-4,-4.259347915649e-3
44,14,2,4,4200,165,-7.816851139069e-4,-3.593444824219e-3
44,14,2,4,4200,166,-9.959042072296e-4,-9.949445724487e-3
44,14,2,4,4200,167,-4.177987575531e-4,-4.956245422363e-3
44,14,2,4,4200,168,-4.866719245911e-5,2.073764801025e-3
44,14,2,4,4200,169,9.447336196899e-6,1.082897186279e-3
45,15,3,0,600,0,-1.645088195801e-4,-1.468062400818e-4
45,15,3,0,600,1,-7.301568984985e-5,-6.419420242310e-5
45,15,3,0,600,2,-5.757808685303e-5,-2.322793006897e-4
45,15,3,0,600,3,-1.223087310791e-4,-4.708170890808e-4
45,15,3,0,600,4,-3.910064697266e-5,-2.503395080566e-5
45,15,3,0,600,5,-1.019239425659e-4,-4.392862319946e-5
45,15,3,0,600,6,-9.495019912720e-5,-6.943941116333e-5
45,15,3,0,600,7,-1.807212829590e-4,-1.336932182312e-4
45,15,3,0,600,8,4.100799560547e-5,6.365776062012e-5
45,15,3,0,600,9,8.505582809448e-5,8.916854858398e-5
45,15,3,0,600,10,-3.468990325928e-5,9.560585021973e-5
45,15,3,0,600,11,-1.722574234009e-5,4.810094833374e-5
45,15,3,0,600,12,3.373622894287e-5,-1.090168952942e-4
45,15,3,0,600,13,2.479553222656e-5,-1.716017723083e-4
45,15,3,0,600,14,3.528594970703e-5,6.854534149170e-6
45,15,3,0,600,15,2.110004425049e-5,8.761882781982e-6
45,15,3,0,600,16,-3.057718276978e-5,-3.772974014282e-5
45,15,3,0,600,17,-1.525878906250e-5,-1.883506774902e-5
45,15,3,0,600,18,9.715557098389e-6,3.528594970703e-5
45,15,3,0,600,19,9.953975677490e-6,4.535913467407e-5
45,15,3,0,600,20,8.177757263184e-5,7.569789886475e-6
45,15,3,0,600,21,1.387596130371e-4,8.285045623779e-6
45,15,3,0,600,22,-8.422136306763e-5,-1.744627952576e-4
45,15,3,0,600,23,-4.172325134277e-5,-9.506940841675e-5
45,15,3,0,600,24,5.644559860229e-5,-5.054473876953e-5
45,15,3,0,600,25,1.496076583862e-5,-9.727478027344e-5
45,15,3,0,600,26,-7.951259613037e-5,7.677078247070e-5
45,15,3,0,600,27,-1.430511474609e-5,3.170967102051e-5
45,15,3,0,600,28,-2.747774124146e-5,-1.966953277588e-6
45,15,3,0,600,29,6.675720214844e-6,-2.288818359375e-5
45,15,3,0,600,30,4.452466964722e-5,1.782178878784e-5
45,15,3,0,600,31,4.923343658447e-5,-5.245208740234e-6
45,15,3,0,600,32,-1.152753829956e-4,-1.688003540039e-4
45,15,3,0,600,33,-2.466440200806e-4,-2.979636192322e-4
45,15,3,0,600,34,-3.490447998047e-4,-1.065969467163e-3
45,15,3,0,600,35,-1.545548439026e-4,-5.126595497131e-4
45,15,3,0,600,36,2.416372299194e-4,1.988410949707e-4
45,15,3,0,600,37,3.166198730469e-4,1.413226127625e-4
45,15,3,0,600,38,-8.805394172668e-4,-7.610321044922e-4
45,15,3,0,600,39,-4.215836524963e-4,-3.743171691895e-4
45,15,3,0,600,40,5.778670310974e-4,1.678466796875e-4
45,15,3,0,600,41,3.039836883545e-4,8.481740951538e-5
45,15,3,0,600,42,-3.233551979065e-4,-1.598417758942e-3
45,15,3,0,600,43,-1.500248908997e-4,-6.351470947266e-4
45,15,3,0,600,44,7.569789886475e-5,5.364418029785e-7
45,15,3,0,600,45,3.618001937866e-5,4.768371582031e-6
45,15,3,0,600,46,2.755522727966e-4,2.627968788147e-4
45,15,3,0,600,47,2.105236053467e-4,1.662373542786e-4
45,15,3,0,600,48,-4.492998123169e-4,-3.227591514587e-4
45,15,3,0,600,49,-7.009506225586e-5,-5.310773849487e-5
45,15,3,0,600,50,1.350641250610e-4,-3.576278686523e-6
45,15,3,0,600,51,-7.921457290649e-5,-5.608797073364e-5
45,15,3,0,600,52,-8.928775787354e-5,3.570318222046e-5
45,15,3,0,600,53,-4.607439041138e-5,8.046627044678e-6
45,15,3,0,600,54,-1.059174537659e-4,1.159310340881e-4
45,15,3,0,600,55,-5.185604095459e-5,6.055831909180e-5
45,15,3,0,600,56,2.839565277100e-4,1.578927040100e-4
45,15,3,0,600,57,1.422762870789e-4,7.629394531250e-5
45,15,3,0,600,58,-1.776218414307e-4,-9.495019912720e-5
45,15,3,0,600,59,-1.435875892639e-4,1.972913742065e-5
45,15,3,0,600,60,8.744001388550e-5,1.335144042969e-5
45,15,3,0,600,61,1.226663589478e-4,-1.364946365356e-5
45,15,3,0,600,62,1.338720321655e-4,-2.938508987427e-5
45,15,3,0,600,63,7.629394531250e-5,-1.074671745300e-4
45,15,3,0,600,64,1.442432403564e-4,-1.972913742065e-5
45,15,3,0,600,65,7.486343383789e-5,-1.591444015503e-5
45,15,3,0,600,66,8.916854858398e-5,1.085400581360e-4
45,15,3,0,600,67,4.738569259644e-5,6.073713302612e-5
45,15,3,0,600,68,-1.180171966553e-5,-9.059906005859e-6
45,15,3,0,600,69,-2.336502075195e-5,-4.738569259644e-5
45,15,3,0,600,70,1.609325408936e-6,1.591444015503e-5
45,15,3,0,600,71,-7.748603820801e-6,-2.413988113403e-5
45,15,3,0,600,72,-3.457069396973e-6,2.223253250122e-5
45,15,3,0,600,73,5.066394805908e-5,-6.943941116333e-5
45,15,3,0,600,74,-3.159046173096e-6,-8.106231689453e-6
45,15,3,0,600,75,3.457069396973e-5,-2.735853195190e-5
45,15,3,0,600,76,-3.004074096680e-5,-5.795955657959e-4
45,15,3,0,600,77,6.616115570068e-6,-4.144310951233e-4
45,15,3,0,600,78,-2.725720405579e-4,1.770257949829e-5
45,15,3,0,600,79,-1.090764999390e-4,-2.765655517578e-5
45,15,3,0,600,80,-2.189278602600e-4,-1.055598258972e-4
45,15,3,0,600,81,-6.663799285889e-5,-2.956390380859e-5
45,15,3,0,600,82,3.135204315186e-5,-1.263022422791e-4
45,15,3,0,600,83,4.905462265015e-5,-2.610683441162e-4
45,15,3,0,600,84,4.363059997559e-5,1.181960105896e-4
45,15,3,0,600,85,7.766485214233e-5,2.357363700867e-4
45,15,3,0,600,86,-3.321170806885e-4,-7.057189941406e-5
45,15,3,0,600,87,-6.971955299377e-4,-1.470446586609e-4
45,15,3,0,600,88,-5.248188972473e-4,-8.052587509155e-5
45,15,3,0,600,89,-2.462863922119e-4,-4.965066909790e-5
45,15,3,0,600,90,-2.716779708862e-4,1.351237297058e-4
45,15,3,0,600,91,-1.339912414551e-4,6.824731826782e-5
45,15,3,0,600,92,-1.180768013000e-4,-1.344919204712e-3
45,15,3,0,600,93,-4.446506500244e-5,-6.582140922546e-4
45,15,3,0,600,94,-1.301765441895e-4,-4.535317420959e-4
45,15,3,0,600,95,-2.871751785278e-4,-9.283423423767e-4
45,15,3,0,600,96,-1.609325408936e-4,-2.079665660858e-3
45,15,3,0,600,97,-6.234645843506e-5,-1.015901565552e-3
45,15,3,0,600,98,8.666515350342e-5,-3.573298454285e-4
45,15,3,0,600,99,1.811981201172e-4,-1.668334007263e-4
45,15,3,0,600,100,-3.303289413452e-4,-6.780624389648e-4
45,15,3,0,600,101,-2.300739288330e-4,-9.381175041199e-4
45,15,3,0,600,102,-6.185173988342e-4,1.511156558990e-3
45,15,3,0,600,103,-2.909898757935e-4,7.741451263428e-4
45,15,3,0,600,104,-3.212094306946e-4,-1.046597957611e-3
45,15,3,0,600,105,-5.519390106201e-4,-1.892387866974e-3
45,15,3,0,600,106,-3.839135169983e-4,2.664327621460e-5
45,15,3,0,600,107,-7.241368293762e-4,2.855062484741e-5
45,15,3,0,600,108,2.093315124512e-4,-3.196597099304e-4
45,15,3,0,600,109,1.196861267090e-4,-1.589655876160e-4
45,15,3,0,600,110,7.569789886475e-5,-9.125471115112e-5
45,15,3,0,600,111,8.600950241089e-5,-1.683235168457e-4
45,15,3,0,600,112,6.318092346191e-5,1.449584960938e-4
45,15,3,0,600,113,1.299381256104e-4,2.902150154114e-4
45,15,3,0,600,114,1.531839370728e-4,-4.333853721619e-4
45,15,3,0,600,115,1.858472824097e-4,-1.977086067200e-4
45,15,3,0,600,116,1.281499862671e-5,-3.278851509094e-4
45,15,3,0,600,117,1.358985900879e-4,-1.074671745300e-4
45,15,3,0,600,118,-1.692771911621e-5,5.584955215454e-5
45,15,3,0,600,119,-1.788139343262e-6,1.018047332764e-4
45,15,3,0,600,120,-1.832246780396e-4,-2.009868621826e-4
45,15,3,0,600,121,-9.274482727051e-5,-9.989738464355e-5
45,15,3,0,600,122,-1.285076141357e-4,-4.063248634338e-4
45,15,3,0,600,123,-5.149841308594e-5,-1.921653747559e-4
45,15,3,0,600,124,1.742839813232e-4,-2.983212471008e-4
45,15,3,0,600,125,9.024143218994e-5,-1.447200775146e-4
45,15,3,0,600,126,1.136660575867e-4,1.256465911865e-4
45,15,3,0,600,127,2.503395080566e-5,6.026029586792e-5
45,15,3,0,600,128,-5.328655242920e-5,-7.015466690063e-5
45,15,3,0,600,129,-1.384019851685e-4,-1.428723335266e-4
45,15,3,0,600,130,-1.256465911865e-4,-8.457899093628e-5
45,15,3,0,600,131,-6.157159805298e-5,-3.904104232788e-5
45,15,3,0,600,132,-2.001523971558e-4,-3.067851066589e-4
45,15,3,0,600,133,-5.626678466797e-5,-3.349184989929e-4
45,15,3,0,600,134,-2.542138099670e-4,-8.589029312134e-5
45,15,3,0,600,135,-1.180768013000e-4,-4.166364669800e-5
45,15,3,0,600,136,-1.459717750549e-4,-6.753206253052e-5
45,15,3,0,600,137,-1.604557037354e-4,-1.190304756165e-4
45,15,3,0,600,138,-4.453659057617e-4,-1.618444919586e-3
45,15,3,0,600,139,-4.241466522217e-4,-9.191632270813e-4
45,15,3,0,600,140,1.790523529053e-4,-6.693601608276e-5
45,15,3,0,600,141,8.928775787354e-5,-3.319978713989e-5
45,15,3,0,600,142,8.821487426758e-6,6.657838821411e-5
45,15,3,0,600,143,3.361701965332e-5,1.412630081177e-5
45,15,3,0,600,144,-7.009506225586e-5,-6.580352783203e-5
45,15,3,0,600,145,-3.582239151001e-5,-3.272294998169e-5
45,15,3,0,600,146,2.770423889160e-4,-3.665089607239e-4
45,15,3,0,600,147,5.042552947998e-5,-2.678036689758e-4
45,15,3,0,600,148,1.611113548279e-4,-1.621246337891e-4
45,15,3,0,600,149,7.009506225586e-5,-5.513429641724e-5
45,15,3,0,600,150,-7.832050323486e-5,-1.942515373230e-4
45,15,3,0,600,151,-1.786351203918e-4,-2.112984657288e-4
45,15,3,0,600,152,7.402896881104e-5,-3.546476364136e-5
45,15,3,0,600,153,8.130073547363e-5,2.175569534302e-5
45,15,3,0,600,154,-1.111030578613e-4,-1.067399978638e-3
45,15,3,0,600,155,-4.869699478149e-5,-5.292296409607e-4
45,15,3,0,600,156,3.645420074463e-4,-4.428625106812e-5
45,15,3,0,600,157,1.883506774902e-4,-2.115964889526e-5
45,15,3,0,600,158,1.806020736694e-5,5.871057510376e-5
45,15,3,0,600,159,3.093481063843e-5,1.742839813232e-4
45,15,3,0,600,160,-2.318620681763e-5,-1.391768455505e-4
45,15,3,0,600,161,-1.084804534912e-5,-8.368492126465e-5
45,15,3,0,600,162,-3.848075866699e-4,-1.578032970428e-3
45,15,3,0,600,163,-6.681680679321e-5,-6.955265998840e-4
45,15,3,0,600,164,-7.182359695435e-4,-5.056262016296e-4
45,15,3,0,600,165,-3.504753112793e-4,-2.517700195312e-4
45,15,3,0,600,166,1.462697982788e-4,-1.044273376465e-3
45,15,3,0,600,167,5.185604095459e-6,-3.597736358643e-4
45,15,3,0,600,168,-3.123283386230e-5,-1.394152641296e-4
45,15,3,0,600,169,-1.835823059082e-5,-1.812577247620e-4
46,15,3,0,2400,0,-6.145238876343e-5,4.387497901917e-4
46,15,3,0,2400,1,-2.771615982056e-5,2.328157424927e-4
46,15,3,0,2400,2,2.781152725220e-4,-4.071593284607e-4
46,15,3,0,2400,3,4.774332046509e-5,-1.332163810730e-4
46,15,3,0,2400,4,-2.556443214417e-4,-1.159369945526e-3
46,15,3,0,2400,5,-3.843307495117e-4,-2.333581447601e-3
46,15,3,0,2400,6,1.685023307800e-4,2.149224281311e-3
46,15,3,0,2400,7,8.636713027954e-5,1.076102256775e-3
46,15,3,0,2400,8,-1.074671745300e-4,5.477070808411e-4
46,15,3,0,2400,9,-3.874301910400e-5,2.762079238892e-4
46,15,3,0,2400,10,7.480382919312e-5,5.989074707031e-4
46,15,3,0,2400,11,1.536011695862e-4,1.268148422241e-3
46,15,3,0,2400,12,2.028346061707e-4,2.275705337524e-4
46,15,3,0,2400,13,1.757740974426e-4,2.310872077942e-4
46,15,3,0,2400,14,-9.971857070923e-5,-1.153707504272e-3
46,15,3,0,2400,15,-4.094839096069e-5,-5.687475204468e-4
46,15,3,0,2400,16,5.012750625610e-5,-7.736682891846e-5
46,15,3,0,2400,17,2.580881118774e-5,-4.261732101440e-5
46,15,3,0,2400,18,-3.194808959961e-5,-3.755092620850e-6
46,15,3,0,2400,19,-1.674890518188e-5,-3.039836883545e-6
46,15,3,0,2400,20,1.084804534912e-5,4.266500473022e-4
46,15,3,0,2400,21,-1.276135444641e-4,5.321502685547e-4
46,15,3,0,2400,22,1.905560493469e-4,-7.700324058533e-4
46,15,3,0,2400,23,3.954768180847e-4,-1.365423202515e-3
46,15,3,0,2400,24,1.598596572876e-4,4.386901855469e-5
46,15,3,0,2400,25,1.401901245117e-4,1.340508460999e-4
46,15,3,0,2400,26,5.912780761719e-5,8.784532546997e-4
46,15,3,0,2400,27,4.798173904419e-5,4.523396492004e-4
46,15,3,0,2400,28,-8.654594421387e-5,1.050770282745e-3
46,15,3,0,2400,29,-4.541873931885e-5,5.388259887695e-4
46,15,3,0,2400,30,-3.998279571533e-4,2.016842365265e-3
46,15,3,0,2400,31,-1.732110977173e-4,1.020729541779e-3
46,15,3,0,2400,32,-7.218122482300e-5,4.752278327942e-4
46,15,3,0,2400,33,-2.604722976685e-5,2.138614654541e-4
46,15,3,0,2400,34,-3.863573074341e-4,-1.143634319305e-3
46,15,3,0,2400,35,-1.699924468994e-4,-6.296634674072e-4
46,15,3,0,2400,36,-1.565814018250e-4,4.092454910278e-4
46,15,3,0,2400,37,-9.751319885254e-5,1.983642578125e-4
46,15,3,0,2400,38,6.051659584045e-4,-3.845095634460e-4
46,15,3,0,2400,39,7.373690605164e-4,-1.232266426086e-3
46,15,3,0,2400,40,-3.452301025391e-4,-2.219915390015e-3
46,15,3,0,2400,41,-1.609921455383e-4,-1.111447811127e-3
46,15,3,0,2400,42,-3.755092620850e-6,-2.958178520203e-4
46,15,3,0,2400,43,3.099441528320e-5,-2.638101577759e-4
46,15,3,0,2400,44,-1.050829887390e-4,-3.234744071960e-4
46,15,3,0,2400,45,-4.190206527710e-5,-1.570582389832e-4
46,15,3,0,2400,46,-3.694295883179e-4,7.009506225586e-5
46,15,3,0,2400,47,-1.706480979919e-4,-2.336502075195e-5
46,15,3,0,2400,48,1.075267791748e-4,4.592537879944e-4
46,15,3,0,2400,49,6.335973739624e-5,2.282857894897e-4
46,15,3,0,2400,50,-3.457069396973e-5,1.854538917542e-3
46,15,3,0,2400,51,-1.263618469238e-5,9.310245513916e-4
46,15,3,0,2400,52,9.626150131226e-5,8.263587951660e-4
46,15,3,0,2400,53,2.783536911011e-5,4.363059997559e-4
46,15,3,0,2400,54,5.596876144409e-5,3.161191940308e-3
46,15,3,0,2400,55,1.836419105530e-4,1.539528369904e-3
46,15,3,0,2400,56,-2.306699752808e-4,-3.937125205994e-3
46,15,3,0,2400,57,-9.816884994507e-5,-1.951575279236e-3
46,15,3,0,2400,58,2.774000167847e-4,-1.158118247986e-4
46,15,3,0,2400,59,8.678436279297e-5,-4.410743713379e-5
46,15,3,0,2400,60,7.429122924805e-4,1.767992973328e-3
46,15,3,0,2400,61,3.930926322937e-4,9.056329727173e-4
46,15,3,0,2400,62,-3.383159637451e-4,1.952171325684e-3
46,15,3,0,2400,63,2.580881118774e-5,6.017684936523e-4
46,15,3,0,2400,64,-2.587437629700e-4,-1.147031784058e-3
46,15,3,0,2400,65,-1.099705696106e-4,-5.621314048767e-4
46,15,3,0,2400,66,1.009106636047e-4,-1.870751380920e-3
46,15,3,0,2400,67,7.647275924683e-5,-9.487867355347e-4
46,15,3,0,2400,68,-2.652406692505e-4,4.690885543823e-4
46,15,3,0,2400,69,-9.840726852417e-5,5.412697792053e-4
46,15,3,0,2400,70,2.400875091553e-4,1.067519187927e-3
46,15,3,0,2400,71,1.479387283325e-4,5.853772163391e-4
46,15,3,0,2400,72,1.627802848816e-4,-2.763211727142e-3
46,15,3,0,2400,73,6.723403930664e-5,-1.569986343384e-3
46,15,3,0,2400,74,6.785988807678e-4,1.500487327576e-3
46,15,3,0,2400,75,3.643631935120e-4,7.522106170654e-4
46,15,3,0,2400,76,-3.394484519958e-4,-4.839897155762e-4
46,15,3,0,2400,77,-5.465745925903e-5,-2.236366271973e-4
46,15,3,0,2400,78,-3.849864006042e-4,-3.080368041992e-4
46,15,3,0,2400,79,-2.054572105408e-4,5.996823310852e-4
46,15,3,0,2400,80,3.423690795898e-4,-1.075267791748e-4
46,15,3,0,2400,81,1.879930496216e-4,-4.804134368896e-5
46,15,3,0,2400,82,-2.260804176331e-4,2.584099769592e-3
46,15,3,0,2400,83,-8.958578109741e-5,1.304924488068e-3
46,15,3,0,2400,84,2.276897430420e-5,2.741813659668e-4
46,15,3,0,2400,85,1.245737075806e-5,1.376271247864e-4
46,15,3,0,2400,86,-7.760524749756e-5,1.573562622070e-4
46,15,3,0,2400,87,-2.801418304443e-5,7.998943328857e-5
46,15,3,0,2400,88,8.016824722290e-5,-5.876421928406e-4
46,15,3,0,2400,89,4.094839096069e-5,-2.931356430054e-4
46,15,3,0,2400,90,-2.481937408447e-4,-1.029372215271e-4
46,15,3,0,2400,91,-1.230239868164e-4,-4.380941390991e-5
46,15,3,0,2400,92,-1.596808433533e-4,-1.224279403687e-4
46,15,3,0,2400,93,-7.784366607666e-5,-5.954504013062e-5
46,15,3,0,2400,94,2.626180648804e-4,1.955032348633e-4
46,15,3,0,2400,95,1.402497291565e-4,1.009106636047e-4
46,15,3,0,2400,96,2.912282943726e-4,3.235936164856e-4
46,15,3,0,2400,97,1.428127288818e-4,1.466274261475e-4
46,15,3,0,2400,98,-1.266598701477e-4,1.112043857574e-3
46,15,3,0,2400,99,-3.993511199951e-6,6.469488143921e-4
46,15,3,0,2400,100,9.053945541382e-5,-4.672408103943e-4
46,15,3,0,2400,101,2.059340476990e-4,-5.337595939636e-4
46,15,3,0,2400,102,4.804134368896e-5,9.775161743164e-5
46,15,3,0,2400,103,2.634525299072e-5,5.292892456055e-5
46,15,3,0,2400,104,8.404254913330e-6,-3.374814987183e-4
46,15,3,0,2400,105,7.742643356323e-5,-7.623434066772e-5
46,15,3,0,2400,106,1.057982444763e-4,-2.297759056091e-4
46,15,3,0,2400,107,8.141994476318e-5,-2.026557922363e-4
46,15,3,0,2400,108,1.611709594727e-4,2.055168151855e-4
46,15,3,0,2400,109,8.982419967651e-5,1.386404037476e-4
46,15,3,0,2400,110,-2.060532569885e-4,-3.290176391602e-5
46,15,3,0,2400,111,-1.280307769775e-4,-3.886222839355e-5
46,15,3,0,2400,112,-4.351139068604e-6,2.334117889404e-4
46,15,3,0,2400,113,-7.838010787964e-5,5.034208297729e-4
46,15,3,0,2400,114,2.199411392212e-5,2.700090408325e-4
46,15,3,0,2400,115,-5.626678466797e-5,1.412034034729e-4
46,15,3,0,2400,116,-6.371736526489e-5,-9.649991989136e-4
46,15,3,0,2400,117,9.447336196899e-5,-9.433031082153e-4
46,15,3,0,2400,118,1.809000968933e-4,4.607439041138e-4
46,15,3,0,2400,119,1.052618026733e-4,2.350807189941e-4
46,15,3,0,2400,120,-1.178383827209e-4,-5.854368209839e-4
46,15,3,0,2400,121,-2.319216728210e-4,-3.565549850464e-4
46,15,3,0,2400,122,-1.730322837830e-4,2.126693725586e-4
46,15,3,0,2400,123,-2.330541610718e-5,6.783008575439e-4
46,15,3,0,2400,124,2.977848052979e-4,1.300573348999e-4
46,15,3,0,2400,125,2.307891845703e-4,3.274679183960e-4
46,15,3,0,2400,126,2.058744430542e-4,-1.232147216797e-3
46,15,3,0,2400,127,2.352595329285e-4,-6.083846092224e-4
46,15,3,0,2400,128,4.726648330688e-5,-4.016757011414e-4
46,15,3,0,2400,129,2.771615982056e-5,-1.988410949707e-4
46,15,3,0,2400,130,2.210736274719e-4,5.995035171509e-4
46,15,3,0,2400,131,1.129508018494e-4,3.059506416321e-4
46,15,3,0,2400,132,3.541707992554e-4,-1.261115074158e-3
46,15,3,0,2400,133,2.024173736572e-4,-6.147623062134e-4
46,15,3,0,2400,134,2.121925354004e-4,-5.542635917664e-4
46,15,3,0,2400,135,2.335309982300e-4,-1.718223094940e-3
46,15,3,0,2400,136,-2.785921096802e-4,-2.982616424561e-4
46,15,3,0,2400,137,-1.456141471863e-4,2.201795578003e-4
46,15,3,0,2400,138,1.681447029114e-4,1.660585403442e-4
46,15,3,0,2400,139,5.191564559937e-5,5.611181259155e-4
46,15,3,0,2400,140,3.027915954590e-4,-1.215338706970e-4
46,15,3,0,2400,141,2.530217170715e-4,3.407001495361e-4
46,15,3,0,2400,142,-1.612305641174e-4,3.652572631836e-4
46,15,3,0,2400,143,-7.700920104980e-5,1.862645149231e-4
46,15,3,0,2400,144,-7.843971252441e-5,4.768371582031e-7
46,15,3,0,2400,145,-3.737211227417e-5,-3.993511199951e-6
46,15,3,0,2400,146,6.359815597534e-5,-4.033446311951e-4
46,15,3,0,2400,147,4.774332046509e-5,-2.251863479614e-4
46,15,3,0,2400,148,1.506209373474e-4,1.038312911987e-4
46,15,3,0,2400,149,8.612871170044e-5,5.441904067993e-5
46,15,3,0,2400,150,7.051229476929e-5,7.236003875732e-5
46,15,3,0,2400,151,-3.993511199951e-5,-2.181529998779e-5
46,15,3,0,2400,152,2.213716506958e-4,4.494190216064e-5
46,15,3,0,2400,153,1.134276390076e-4,-4.994869232178e-5
46,15,3,0,2400,154,1.186132431030e-5,-1.645088195801e-5
46,15,3,0,2400,155,1.186132431030e-5,-1.335144042969e-5
46,15,3,0,2400,156,3.216862678528e-4,-5.275011062622e-4
46,15,3,0,2400,157,1.609325408936e-4,-2.841353416443e-4
46,15,3,0,2400,158,5.340576171875e-5,4.699230194092e-4
46,15,3,0,2400,159,9.471178054810e-5,2.639889717102e-4
46,15,3,0,2400,160,4.798173904419e-5,-1.883506774902e-5
46,15,3,0,2400,161,3.951787948608e-5,1.680850982666e-5
46,15,3,0,2400,162,-5.495548248291e-5,-3.063678741455e-5
46,15,3,0,2400,163,-3.284215927124e-5,-3.027915954590e-5
46,15,3,0,2400,164,5.125999450684e-6,-4.243850708008e-5
46,15,3,0,2400,165,1.233816146851e-5,-5.531311035156e-5
46,15,3,0,2400,166,1.122355461121e-4,-2.176165580750e-4
46,15,3,0,2400,167,5.543231964111e-5,-1.325607299805e-4
46,15,3,0,2400,168,-1.966953277588e-6,-5.614757537842e-5
46,15,3,0,2400,169,8.523464202881e-6,-3.397464752197e-5
47,15,3,0,4200,0,-1.218914985657e-5,-1.180171966553e-4
47,15,3,0,4200,1,2.104043960571e-5,3.111362457275e-5
47,15,3,0,4200,2,3.272294998169e-5,-1.271963119507e-4
47,15,3,0,4200,3,4.345178604126e-5,-2.408027648926e-5
47,15,3,0,4200,4,-2.157688140869e-5,-2.357959747314e-4
47,15,3,0,4200,5,8.210539817810e-5,2.008676528931e-4
47,15,3,0,4200,6,1.960396766663e-4,2.472400665283e-4
47,15,3,0,4200,7,1.258850097656e-4,3.998279571533e-4
47,15,3,0,4200,8,3.239512443542e-4,1.279711723328e-3
47,15,3,0,4200,9,1.667737960815e-4,3.173351287842e-4
47,15,3,0,4200,10,2.090334892273e-4,7.033348083496e-5
47,15,3,0,4200,11,1.251399517059e-4,5.006790161133e-5
47,15,3,0,4200,12,-5.817413330078e-5,2.406835556030e-4
47,15,3,0,4200,13,-5.269050598145e-5,1.354217529297e-4
47,15,3,0,4200,14,-2.543926239014e-4,2.515316009521e-5
47,15,3,0,4200,15,-1.061260700226e-4,-3.576278686523e-6
47,15,3,0,4200,16,2.264678478241e-4,-2.412796020508e-4
47,15,3,0,4200,17,1.256465911865e-4,-1.000165939331e-4
47,15,3,0,4200,18,-2.380013465881e-4,-1.194238662720e-3
47,15,3,0,4200,19,-7.712841033936e-5,-5.747079849243e-4
47,15,3,0,4200,20,6.294250488281e-4,-2.568960189819e-4
47,15,3,0,4200,21,5.184113979340e-4,8.774995803833e-4
47,15,3,0,4200,22,1.038908958435e-4,1.645684242249e-3
47,15,3,0,4200,23,7.817149162292e-5,8.554458618164e-4
47,15,3,0,4200,24,-4.786849021912e-4,-1.234292984009e-3
47,15,3,0,4200,25,-1.536607742310e-4,-4.963874816895e-4
47,15,3,0,4200,26,7.182359695435e-5,3.888130187988e-3
47,15,3,0,4200,27,1.959204673767e-4,2.189993858337e-3
47,15,3,0,4200,28,9.238719940186e-7,8.455514907837e-4
47,15,3,0,4200,29,2.213418483734e-4,6.068944931030e-4
47,15,3,0,4200,30,6.009340286255e-4,-2.039670944214e-4
47,15,3,0,4200,31,5.036294460297e-4,-1.931190490723e-5
47,15,3,0,4200,32,-1.150667667389e-4,2.346038818359e-4
47,15,3,0,4200,33,2.396106719971e-5,5.133152008057e-4
47,15,3,0,4200,34,3.251433372498e-4,2.388000488281e-3
47,15,3,0,4200,35,1.954436302185e-4,1.201987266541e-3
47,15,3,0,4200,36,-8.631050586700e-4,-5.304813385010e-4
47,15,3,0,4200,37,-5.370378494263e-4,-1.022458076477e-3
47,15,3,0,4200,38,3.093481063843e-5,2.377748489380e-3
47,15,3,0,4200,39,4.264712333679e-5,1.216411590576e-3
47,15,3,0,4200,40,1.045465469360e-4,-2.246618270874e-3
47,15,3,0,4200,41,-6.496906280518e-6,-2.149343490601e-3
47,15,3,0,4200,42,3.015995025635e-4,2.453804016113e-3
47,15,3,0,4200,43,3.656148910522e-4,1.407861709595e-3
47,15,3,0,4200,44,-1.984834671021e-4,7.857084274292e-4
47,15,3,0,4200,45,-7.736682891846e-5,9.672641754150e-4
47,15,3,0,4200,46,2.974867820740e-4,-4.519224166870e-4
47,15,3,0,4200,47,1.440942287445e-4,-1.260042190552e-4
47,15,3,0,4200,48,4.410743713379e-6,5.730390548706e-4
47,15,3,0,4200,49,-1.622736454010e-4,1.152276992798e-3
47,15,3,0,4200,50,3.013610839844e-4,2.700567245483e-3
47,15,3,0,4200,51,2.121627330780e-4,1.388072967529e-3
47,15,3,0,4200,52,1.901388168335e-5,-4.422664642334e-5
47,15,3,0,4200,53,1.139044761658e-4,-8.981227874756e-4
47,15,3,0,4200,54,-5.191564559937e-5,5.378723144531e-4
47,15,3,0,4200,55,-2.183020114899e-4,3.447532653809e-4
47,15,3,0,4200,56,4.340410232544e-4,-1.160979270935e-3
47,15,3,0,4200,57,5.908608436584e-4,-2.359390258789e-3
47,15,3,0,4200,58,6.633996963501e-5,1.156091690063e-3
47,15,3,0,4200,59,-1.320838928223e-4,6.248950958252e-4
47,15,3,0,4200,60,2.419948577881e-5,6.227493286133e-4
47,15,3,0,4200,61,1.910924911499e-4,1.266598701477e-3
47,15,3,0,4200,62,7.051229476929e-5,-4.237890243530e-4
47,15,3,0,4200,63,8.338689804077e-5,-1.079201698303e-3
47,15,3,0,4200,64,2.586841583252e-5,5.527734756470e-4
47,15,3,0,4200,65,7.098913192749e-5,2.706050872803e-4
47,15,3,0,4200,66,1.995265483856e-4,1.118302345276e-3
47,15,3,0,4200,67,1.178383827209e-4,5.686283111572e-4
47,15,3,0,4200,68,1.150071620941e-4,5.927085876465e-4
47,15,3,0,4200,69,1.100301742554e-4,2.763271331787e-4
47,15,3,0,4200,70,7.939338684082e-5,2.546310424805e-4
47,15,3,0,4200,71,9.548664093018e-5,5.437135696411e-4
47,15,3,0,4200,72,-1.022219657898e-4,7.448196411133e-4
47,15,3,0,4200,73,-2.173483371735e-4,1.525640487671e-3
47,15,3,0,4200,74,2.440810203552e-5,-7.163286209106e-4
47,15,3,0,4200,75,2.273917198181e-5,-3.802776336670e-4
47,15,3,0,4200,76,-2.204775810242e-4,5.266666412354e-4
47,15,3,0,4200,77,-4.788637161255e-4,1.041769981384e-3
47,15,3,0,4200,78,-7.927417755127e-6,1.170873641968e-3
47,15,3,0,4200,79,-3.495812416077e-5,2.350687980652e-3
47,15,3,0,4200,80,2.980232238770e-5,1.652240753174e-4
47,15,3,0,4200,81,-2.056360244751e-5,-2.480745315552e-4
47,15,3,0,4200,82,1.214146614075e-4,6.802082061768e-4
47,15,3,0,4200,83,-3.281235694885e-5,3.538131713867e-4
47,15,3,0,4200,84,-1.155436038971e-4,2.712011337280e-4
47,15,3,0,4200,85,-3.021061420441e-4,5.817413330078e-5
47,15,3,0,4200,86,1.404881477356e-4,1.253128051758e-3
47,15,3,0,4200,87,9.226799011230e-5,5.159378051758e-4
47,15,3,0,4200,88,1.835823059082e-4,5.512237548828e-4
47,15,3,0,4200,89,5.757808685303e-5,1.451492309570e-3
47,15,3,0,4200,90,-2.408325672150e-4,6.215572357178e-4
47,15,3,0,4200,91,-2.177357673645e-4,3.163814544678e-4
47,15,3,0,4200,92,5.528330802917e-5,1.684427261353e-4
47,15,3,0,4200,93,-3.310739994049e-4,-2.005100250244e-4
47,15,3,0,4200,94,1.307427883148e-4,4.328131675720e-3
47,15,3,0,4200,95,2.465248107910e-4,2.185583114624e-3
47,15,3,0,4200,96,-1.695156097412e-4,4.490613937378e-4
47,15,3,0,4200,97,-4.151463508606e-5,2.647638320923e-4
47,15,3,0,4200,98,4.380941390991e-4,-3.119230270386e-3
47,15,3,0,4200,99,2.865791320801e-4,-1.494765281677e-3
47,15,3,0,4200,100,-9.050965309143e-5,-1.298666000366e-3
47,15,3,0,4200,101,-3.725290298462e-6,-6.139278411865e-4
47,15,3,0,4200,102,1.549720764160e-4,-8.327960968018e-4
47,15,3,0,4200,103,-3.664493560791e-4,-2.419233322144e-3
47,15,3,0,4200,104,-3.790855407715e-4,-4.472255706787e-3
47,15,3,0,4200,105,-6.819367408752e-4,-8.045077323914e-3
47,15,3,0,4200,106,-1.215696334839e-3,-2.191781997681e-3
47,15,3,0,4200,107,-5.621016025543e-4,-1.045942306519e-3
47,15,3,0,4200,108,6.760060787201e-4,-8.392333984375e-5
47,15,3,0,4200,109,1.028537750244e-3,4.708766937256e-5
47,15,3,0,4200,110,5.363225936890e-4,1.690864562988e-3
47,15,3,0,4200,111,3.156065940857e-4,8.680820465088e-4
47,15,3,0,4200,112,1.091659069061e-4,-5.166530609131e-4
47,15,3,0,4200,113,2.139210700989e-4,-1.720428466797e-3
47,15,3,0,4200,114,5.668997764587e-4,6.730318069458e-3
47,15,3,0,4200,115,3.048777580261e-4,3.413438796997e-3
47,15,3,0,4200,116,2.090334892273e-4,-7.445812225342e-4
47,15,3,0,4200,117,1.171529293060e-4,-3.476142883301e-4
47,15,3,0,4200,118,-3.496706485748e-4,6.289482116699e-4
47,15,3,0,4200,119,-1.456141471863e-4,3.514289855957e-4
47,15,3,0,4200,120,6.310343742371e-4,4.555106163025e-3
47,15,3,0,4200,121,2.674460411072e-4,3.039836883545e-3
47,15,3,0,4200,122,3.405511379242e-4,-1.821517944336e-4
47,15,3,0,4200,123,1.548230648041e-4,-2.491474151611e-4
47,15,3,0,4200,124,-1.344978809357e-4,-4.283189773560e-4
47,15,3,0,4200,125,-3.348886966705e-4,-9.078979492188e-4
47,15,3,0,4200,126,3.610849380493e-4,3.200292587280e-3
47,15,3,0,4200,127,5.807876586914e-4,6.368160247803e-3
47,15,3,0,4200,128,-5.370378494263e-5,-3.727316856384e-3
47,15,3,0,4200,129,6.139278411865e-6,-1.840114593506e-3
47,15,3,0,4200,130,-4.177689552307e-4,9.429454803467e-5
47,15,3,0,4200,131,-2.136230468750e-4,9.894371032715e-5
47,15,3,0,4200,132,7.152557373047e-7,-4.376173019409e-4
47,15,3,0,4200,133,-2.562999725342e-6,-2.024173736572e-4
47,15,3,0,4200,134,2.943873405457e-4,1.735687255859e-4
47,15,3,0,4200,135,1.675486564636e-4,-4.932880401611e-4
47,15,3,0,4200,136,1.773536205292e-4,-4.348993301392e-3
47,15,3,0,4200,137,-1.679956912994e-4,-5.086183547974e-3
47,15,3,0,4200,138,-6.815791130066e-4,-1.365661621094e-3
47,15,3,0,4200,139,-2.969801425934e-4,-6.439685821533e-4
47,15,3,0,4200,140,3.927946090698e-4,3.355979919434e-3
47,15,3,0,4200,141,2.270340919495e-4,1.700997352600e-3
47,15,3,0,4200,142,4.331767559052e-4,-9.392499923706e-4
47,15,3,0,4200,143,2.954006195068e-4,-4.427433013916e-4
47,15,3,0,4200,144,2.131164073944e-4,2.830028533936e-4
47,15,3,0,4200,145,3.428161144257e-4,-5.453824996948e-4
47,15,3,0,4200,146,-3.647804260254e-5,-1.942873001099e-3
47,15,3,0,4200,147,2.598762512207e-5,-9.274482727051e-4
47,15,3,0,4200,148,2.578496932983e-4,-8.935928344727e-4
47,15,3,0,4200,149,1.609325408936e-4,-4.119873046875e-4
47,15,3,0,4200,150,-2.914667129517e-5,1.137256622314e-3
47,15,3,0,4200,151,5.030632019043e-5,6.175041198730e-4
47,15,3,0,4200,152,-3.081858158112e-4,1.353979110718e-3
47,15,3,0,4200,153,-1.313984394073e-4,6.903409957886e-4
47,15,3,0,4200,154,2.579689025879e-4,4.631996154785e-3
47,15,3,0,4200,155,7.402896881104e-5,2.401471138000e-3
47,15,3,0,4200,156,6.868243217468e-4,-8.870363235474e-4
47,15,3,0,4200,157,4.211366176605e-4,-4.014968872070e-4
47,15,3,0,4200,158,3.153085708618e-5,-6.679296493530e-4
47,15,3,0,4200,159,3.397464752197e-5,-2.951622009277e-4
47,15,3,0,4200,160,2.242326736450e-4,1.646757125854e-3
47,15,3,0,4200,161,6.306171417236e-5,9.081363677979e-4
47,15,3,0,4200,162,1.243054866791e-4,-1.085281372070e-3
47,15,3,0,4200,163,7.724761962891e-5,-5.338191986084e-4
47,15,3,0,4200,164,3.028512001038e-4,6.978511810303e-4
47,15,3,0,4200,165,3.198385238647e-4,6.229877471924e-4
47,15,3,0,4200,166,4.252791404724e-5,4.087686538696e-4
47,15,3,0,4200,167,2.568960189819e-5,2.045631408691e-4
47,15,3,0,4200,168,2.050399780273e-5,-1.220703125000e-4
47,15,3,0,4200,169,5.134940147400e-5,-6.031990051270e-5
48,16,3,1,600,0,0.000000000000e0,0.000000000000e0
48,16,3,1,600,1,0.000000000000e0,0.000000000000e0
48,16,3,1,600,2,4.168152809143e-4,1.497268676758e-4
48,16,3,1,600,3,2.110004425049e-4,8.106231689453e-5
48,16,3,1,600,4,5.335211753845e-4,1.537799835205e-4
48,16,3,1,600,5,2.703070640564e-4,8.058547973633e-5
48,16,3,1,600,6,1.342892646790e-4,-2.978920936584e-3
48,16,3,1,600,7,7.247924804688e-5,-1.485347747803e-3
48,16,3,1,600,8,2.837181091309e-5,-1.181364059448e-4
48,16,3,1,600,9,1.502037048340e-5,-5.817413330078e-5
48,16,3,1,600,10,4.296898841858e-4,1.466274261475e-5
48,16,3,1,600,11,2.177357673645e-4,9.775161743164e-6
48,16,3,1,600,12,1.485943794250e-4,-2.051591873169e-4
48,16,3,1,600,13,7.158517837524e-5,-9.846687316895e-5
48,16,3,1,600,14,5.130767822266e-4,4.031658172607e-4
48,16,3,1,600,15,2.607703208923e-4,2.025365829468e-4
48,16,3,1,600,16,5.072951316833e-4,1.721382141113e-4
48,16,3,1,600,17,2.574324607849e-4,9.608268737793e-5
48,16,3,1,600,18,7.706880569458e-5,-8.225440979004e-6
48,16,3,1,600,19,1.349449157715e-4,-1.668930053711e-5
48,16,3,1,600,20,-4.822015762329e-5,-3.778934478760e-5
48,16,3,1,600,21,-1.376867294312e-5,-6.628036499023e-5
48,16,3,1,600,22,1.239776611328e-5,-4.768371582031e-7
48,16,3,1,600,23,4.947185516357e-6,-2.384185791016e-7
48,16,3,1,600,24,-1.692771911621e-5,-3.695487976074e-6
48,16,3,1,600,25,-1.567602157593e-5,1.323223114014e-5
48,16,3,1,600,26,-2.926588058472e-5,-3.147125244141e-5
48,16,3,1,600,27,-7.450580596924e-6,-1.013278961182e-5
48,16,3,1,600,28,-2.664327621460e-5,-2.825260162354e-5
48,16,3,1,600,29,-6.824731826782e-5,-6.461143493652e-5
48,16,3,1,600,30,-7.808208465576e-6,9.024143218994e-5
48,16,3,1,600,31,-1.734495162964e-5,1.800060272217e-4
48,16,3,1,600,32,1.006722450256e-4,-1.676082611084e-4
48,16,3,1,600,33,1.993775367737e-4,-3.757476806641e-4
48,16,3,1,600,34,-7.343292236328e-5,-3.671646118164e-5
48,16,3,1,600,35,-3.689527511597e-5,-1.716613769531e-5
48,16,3,1,600,36,-7.915496826172e-5,-1.106262207031e-4
48,16,3,1,600,37,-1.581311225891e-4,-2.224445343018e-4
48,16,3,1,600,38,1.166582107544e-3,1.248240470886e-3
48,16,3,1,600,39,6.093382835388e-4,5.979537963867e-4
48,16,3,1,600,40,-3.345608711243e-4,-1.106262207031e-4
48,16,3,1,600,41,-1.637935638428e-4,-8.106231689453e-5
48,16,3,1,600,42,8.660554885864e-5,-1.037120819092e-5
48,16,3,1,600,43,1.742243766785e-4,-3.743171691895e-5
48,16,3,1,600,44,-7.659196853638e-5,2.241134643555e-5
48,16,3,1,600,45,-3.415346145630e-5,2.050399780273e-5
48,16,3,1,600,46,5.716085433960e-5,-3.790855407715e-5
48,16,3,1,600,47,1.065731048584e-4,-8.034706115723e-5
48,16,3,1,600,48,1.286864280701e-4,-6.937980651855e-5
48,16,3,1,600,49,2.481937408447e-4,-1.507997512817e-4
48,16,3,1,600,50,-1.096129417419e-4,-2.353191375732e-4
48,16,3,1,600,51,-5.453824996948e-5,-1.171827316284e-4
48,16,3,1,600,52,2.901554107666e-4,-8.940696716309e-5
48,16,3,1,600,53,1.454949378967e-4,-2.884864807129e-5
48,16,3,1,600,54,1.257061958313e-4,1.215934753418e-5
48,16,3,1,600,55,6.508827209473e-5,6.675720214844e-6
48,16,3,1,600,56,6.359815597534e-5,1.078844070435e-4
48,16,3,1,600,57,3.194808959961e-5,5.412101745605e-5
48,16,3,1,600,58,1.173019409180e-4,1.140832901001e-4
48,16,3,1,600,59,2.338290214539e-4,2.292394638062e-4
48,16,3,1,600,60,7.063150405884e-5,4.982948303223e-5
48,16,3,1,600,61,1.389384269714e-4,1.070499420166e-4
48,16,3,1,600,62,1.220703125000e-4,4.243850708008e-5
48,16,3,1,600,63,2.431869506836e-4,8.332729339600e-5
48,16,3,1,600,64,2.374053001404e-4,4.839897155762e-5
48,16,3,1,600,65,1.198649406433e-4,3.588199615479e-5
48,16,3,1,600,66,-7.450580596924e-6,1.666545867920e-4
48,16,3,1,600,67,-3.516674041748e-6,8.404254913330e-5
48,16,3,1,600,68,3.427267074585e-5,4.518032073975e-5
48,16,3,1,600,69,6.729364395142e-5,2.073049545288e-4
48,16,3,1,600,70,6.151199340820e-5,4.154443740845e-4
48,16,3,1,600,71,1.273155212402e-4,1.692771911621e-4
48,16,3,1,600,72,2.050399780273e-5,-2.315044403076e-4
48,16,3,1,600,73,8.523464202881e-6,-1.213550567627e-4
48,16,3,1,600,74,2.401471138000e-4,2.660751342773e-4
48,16,3,1,600,75,2.894997596741e-4,3.103017807007e-4
48,16,3,1,600,76,-8.344650268555e-5,-6.532669067383e-5
48,16,3,1,600,77,-4.643201828003e-5,-3.194808959961e-5
48,16,3,1,600,78,3.489851951599e-4,-5.173683166504e-5
48,16,3,1,600,79,1.707077026367e-4,-2.551078796387e-5
48,16,3,1,600,80,4.607439041138e-5,6.318092346191e-5
48,16,3,1,600,81,4.321336746216e-5,2.419948577881e-5
48,16,3,1,600,82,4.798173904419e-5,-1.984834671021e-4
48,16,3,1,600,83,9.655952453613e-5,-4.265308380127e-4
48,16,3,1,600,84,7.206201553345e-5,-2.402067184448e-4
48,16,3,1,600,85,1.385211944580e-4,-4.893541336060e-4
48,16,3,1,600,86,1.110434532166e-4,2.294778823853e-4
48,16,3,1,600,87,2.167820930481e-4,3.807544708252e-4
48,16,3,1,600,88,1.356601715088e-4,2.291202545166e-4
48,16,3,1,600,89,6.669759750366e-5,1.142024993896e-4
48,16,3,1,600,90,5.061030387878e-4,-1.747608184814e-4
48,16,3,1,600,91,2.581477165222e-4,-8.916854858398e-5
48,16,3,1,600,92,3.844499588013e-5,3.755092620850e-5
48,16,3,1,600,93,2.127885818481e-5,1.978874206543e-5
48,16,3,1,600,94,6.717443466187e-5,-5.030632019043e-5
48,16,3,1,600,95,1.342296600342e-4,-1.010894775391e-4
48,16,3,1,600,96,2.920627593994e-6,1.132488250732e-5
48,16,3,1,600,97,1.847743988037e-6,5.006790161133e-6
48,16,3,1,600,98,3.726482391357e-4,1.233816146851e-4
48,16,3,1,600,99,1.758933067322e-4,7.677078247070e-5
48,16,3,1,600,100,-6.270408630371e-5,-5.400180816650e-5
48,16,3,1,600,101,-1.239180564880e-4,-1.126527786255e-4
48,16,3,1,600,102,2.579092979431e-4,-1.387596130371e-4
48,16,3,1,600,103,1.661181449890e-4,-1.263618469238e-5
48,16,3,1,600,104,-5.531311035156e-5,-5.519390106201e-5
48,16,3,1,600,105,-5.459785461426e-5,-4.720687866211e-5
48,16,3,1,600,106,1.162290573120e-5,7.581710815430e-5
48,16,3,1,600,107,2.312660217285e-5,1.499652862549e-4
48,16,3,1,600,108,4.947185516357e-6,2.980232238770e-5
48,16,3,1,600,109,2.443790435791e-6,1.478195190430e-5
48,16,3,1,600,110,3.101229667664e-4,2.453327178955e-4
48,16,3,1,600,111,1.528263092041e-4,1.144409179688e-4
48,16,3,1,600,112,-4.321336746216e-5,-2.658367156982e-5
48,16,3,1,600,113,-9.113550186157e-5,-5.555152893066e-5
48,16,3,1,600,114,5.298852920532e-5,1.907348632812e-5
48,16,3,1,600,115,7.182359695435e-5,-2.741813659668e-5
48,16,3,1,600,116,7.134675979614e-5,-1.170635223389e-4
48,16,3,1,600,117,1.417994499207e-4,-2.455711364746e-4
48,16,3,1,600,118,9.350180625916e-4,2.738475799561e-3
48,16,3,1,600,119,4.919171333313e-4,1.497864723206e-3
48,16,3,1,600,120,2.676248550415e-5,-2.188682556152e-4
48,16,3,1,600,121,1.353025436401e-5,-1.260042190552e-4
48,16,3,1,600,122,2.968907356262e-4,2.813339233398e-4
48,16,3,1,600,123,1.485347747803e-4,1.407861709595e-4
48,16,3,1,600,124,-5.716085433960e-5,1.995563507080e-4
48,16,3,1,600,125,3.218650817871e-5,8.189678192139e-5
48,16,3,1,600,126,2.266764640808e-4,-2.806186676025e-4
48,16,3,1,600,127,1.335740089417e-4,-2.191066741943e-4
48,16,3,1,600,128,5.125999450684e-5,3.114938735962e-4
48,16,3,1,600,129,3.427267074585e-5,6.074905395508e-4
48,16,3,1,600,130,7.313489913940e-5,1.668930053711e-6
48,16,3,1,600,131,1.416206359863e-4,-3.468990325928e-4
48,16,3,1,600,132,-1.425147056580e-4,1.412868499756e-3
48,16,3,1,600,133,-3.429055213928e-4,2.889037132263e-3
48,16,3,1,600,134,1.025199890137e-5,-2.763867378235e-3
48,16,3,1,600,135,2.598762512207e-5,-1.356601715088e-3
48,16,3,1,600,136,-1.237392425537e-4,1.490116119385e-4
48,16,3,1,600,137,-2.873539924622e-4,3.654956817627e-4
48,16,3,1,600,138,3.449320793152e-4,1.566290855408e-3
48,16,3,1,600,139,5.407929420471e-4,3.084778785706e-3
48,16,3,1,600,140,5.073547363281e-4,-1.785755157471e-4
48,16,3,1,600,141,2.569556236267e-4,-1.114606857300e-4
48,16,3,1,600,142,5.991458892822e-4,-5.273818969727e-4
48,16,3,1,600,143,3.017783164978e-4,-2.809762954712e-4
48,16,3,1,600,144,-1.783370971680e-4,1.609325408936e-4
48,16,3,1,600,145,-8.344650268555e-5,2.169609069824e-5
48,16,3,1,600,146,1.878142356873e-4,-2.928972244263e-4
48,16,3,1,600,147,2.974867820740e-4,-5.254745483398e-4
48,16,3,1,600,148,1.400709152222e-5,-4.544258117676e-4
48,16,3,1,600,149,3.951787948608e-5,-9.157657623291e-4
48,16,3,1,600,150,2.884864807129e-4,4.072189331055e-3
48,16,3,1,600,151,-1.792311668396e-4,1.921057701111e-3
48,16,3,1,600,152,6.300210952759e-5,-1.367330551147e-4
48,16,3,1,600,153,2.172589302063e-4,-2.684593200684e-4
48,16,3,1,600,154,-1.323223114014e-4,2.464056015015e-4
48,16,3,1,600,155,-7.724761962891e-5,1.165866851807e-4
48,16,3,1,600,156,4.845857620239e-5,-4.141330718994e-4
48,16,3,1,600,157,2.604722976685e-5,-1.990795135498e-4
48,16,3,1,600,158,2.265572547913e-4,3.395080566406e-4
48,16,3,1,600,159,1.869797706604e-4,3.114938735962e-4
48,16,3,1,600,160,3.528594970703e-4,2.671480178833e-4
48,16,3,1,600,161,1.787543296814e-4,1.313686370850e-4
48,16,3,1,600,162,-8.344650268555e-5,9.005069732666e-4
48,16,3,1,600,163,1.679062843323e-4,4.019737243652e-4
48,16,3,1,600,164,6.434321403503e-4,5.630254745483e-4
48,16,3,1,600,165,3.314018249512e-4,3.044605255127e-4
48,16,3,1,600,166,4.352927207947e-4,1.472353935242e-3
48,16,3,1,600,167,1.423358917236e-4,2.694129943848e-4
48,16,3,1,600,168,5.584955215454e-5,3.246068954468e-4
48,16,3,1,600,169,-1.115202903748e-4,3.036260604858e-4
49,16,3,1,2400,0,1.207590103149e-4,-1.108050346375e-3
49,16,3,1,2400,1,7.718801498413e-5,-4.897117614746e-4
49,16,3,1,2400,2,7.510185241699e-6,5.668282508850e-3
49,16,3,1,2400,3,-2.690553665161e-4,5.669593811035e-3
49,16,3,1,2400,4,-7.784366607666e-5,-7.091879844666e-3
49,16,3,1,2400,5,2.377033233643e-4,-2.095818519592e-3
49,16,3,1,2400,6,-8.358955383301e-4,-3.814697265625e-6
49,16,3,1,2400,7,-3.978610038757e-4,1.430511474609e-5
49,16,3,1,2400,8,3.114938735962e-4,2.223253250122e-4
49,16,3,1,2400,9,2.082586288452e-4,1.378059387207e-4
49,16,3,1,2400,10,4.475116729736e-4,-2.133727073669e-3
49,16,3,1,2400,11,6.334781646729e-4,-1.615524291992e-3
49,16,3,1,2400,12,1.358389854431e-4,4.160761833191e-3
49,16,3,1,2400,13,2.344846725464e-4,2.311825752258e-3
49,16,3,1,2400,14,8.634924888611e-4,-5.354523658752e-3
49,16,3,1,2400,15,4.557371139526e-4,-2.675175666809e-3
49,16,3,1,2400,16,-1.101493835449e-4,4.625320434570e-5
49,16,3,1,2400,17,-4.154443740845e-5,4.756450653076e-5
49,16,3,1,2400,18,2.234578132629e-4,3.713965415955e-3
49,16,3,1,2400,19,1.163482666016e-4,1.863837242126e-3
49,16,3,1,2400,20,-3.941655158997e-4,4.715442657471e-3
49,16,3,1,2400,21,-1.835823059082e-4,2.389430999756e-3
49,16,3,1,2400,22,1.672506332397e-4,-1.367330551147e-4
49,16,3,1,2400,23,0.000000000000e0,0.000000000000e0
49,16,3,1,2400,24,3.151893615723e-4,3.291368484497e-4
49,16,3,1,2400,25,2.454519271851e-4,2.088546752930e-4
49,16,3,1,2400,26,-3.576278686523e-4,-1.785159111023e-3
49,16,3,1,2400,27,-1.039028167725e-3,5.369186401367e-4
49,16,3,1,2400,28,-2.176761627197e-4,5.477905273438e-3
49,16,3,1,2400,29,-1.032948493958e-4,2.750277519226e-3
49,16,3,1,2400,30,-5.402565002441e-4,2.816081047058e-3
49,16,3,1,2400,31,-2.542734146118e-4,1.430034637451e-3
49,16,3,1,2400,32,-2.980232238770e-6,5.235671997070e-4
49,16,3,1,2400,33,2.300739288330e-5,2.717971801758e-4
49,16,3,1,2400,34,3.551244735718e-4,5.861520767212e-4
49,16,3,1,2400,35,3.108382225037e-4,3.666877746582e-4
49,16,3,1,2400,36,-4.798173904419e-5,6.093978881836e-4
49,16,3,1,2400,37,-1.448392868042e-5,3.033876419067e-4
49,16,3,1,2400,38,2.092123031616e-5,3.719329833984e-5
49,16,3,1,2400,39,3.796815872192e-5,7.069110870361e-5
49,16,3,1,2400,40,-1.364946365356e-4,5.587339401245e-4
49,16,3,1,2400,41,-6.639957427979e-5,3.334283828735e-4
49,16,3,1,2400,42,1.305341720581e-4,-2.776741981506e-3
49,16,3,1,2400,43,2.266168594360e-4,-4.423022270203e-3
49,16,3,1,2400,44,-1.125335693359e-4,1.434087753296e-4
49,16,3,1,2400,45,-4.160404205322e-5,7.104873657227e-5
49,16,3,1,2400,46,6.258487701416e-5,-3.676414489746e-4
49,16,3,1,2400,47,1.291036605835e-4,-5.688667297363e-4
49,16,3,1,2400,48,6.449222564697e-5,1.487731933594e-4
49,16,3,1,2400,49,1.277923583984e-4,1.859664916992e-5
49,16,3,1,2400,50,1.960992813110e-5,3.150701522827e-4
49,16,3,1,2400,51,1.478195190430e-5,1.589059829712e-4
49,16,3,1,2400,52,2.920031547546e-4,-2.792716026306e-3
49,16,3,1,2400,53,1.564621925354e-4,-1.387000083923e-3
49,16,3,1,2400,54,1.609325408936e-4,2.914667129517e-4
49,16,3,1,2400,55,1.059770584106e-4,1.407861709595e-4
49,16,3,1,2400,56,-1.233816146851e-4,-1.949071884155e-4
49,16,3,1,2400,57,-3.975629806519e-5,-9.107589721680e-5
49,16,3,1,2400,58,2.297222614288e-3,-3.084063529968e-3
49,16,3,1,2400,59,1.290917396545e-3,-1.447677612305e-3
49,16,3,1,2400,60,-8.678436279297e-5,6.736516952515e-4
49,16,3,1,2400,61,-4.118680953979e-5,3.409385681152e-4
49,16,3,1,2400,62,9.965896606445e-5,9.478330612183e-4
49,16,3,1,2400,63,9.781122207642e-5,3.437995910645e-4
49,16,3,1,2400,64,1.112818717957e-4,3.236532211304e-4
49,16,3,1,2400,65,6.204843521118e-5,1.702308654785e-4
49,16,3,1,2400,66,1.253485679626e-4,4.253387451172e-4
49,16,3,1,2400,67,6.759166717529e-5,2.433061599731e-4
49,16,3,1,2400,68,-7.331371307373e-6,-5.257129669189e-5
49,16,3,1,2400,69,0.000000000000e0,0.000000000000e0
49,16,3,1,2400,70,-2.801418304443e-5,-6.878376007080e-5
49,16,3,1,2400,71,0.000000000000e0,0.000000000000e0
49,16,3,1,2400,72,-3.863573074341e-4,1.423478126526e-3
49,16,3,1,2400,73,-1.708269119263e-4,7.013082504272e-4
49,16,3,1,2400,74,3.429651260376e-4,2.155303955078e-3
49,16,3,1,2400,75,2.140998840332e-4,1.116871833801e-3
49,16,3,1,2400,76,-3.368854522705e-4,1.274347305298e-4
49,16,3,1,2400,77,-1.562237739563e-4,6.675720214844e-5
49,16,3,1,2400,78,6.914138793945e-6,-3.485679626465e-4
49,16,3,1,2400,79,1.150369644165e-4,-3.151893615723e-4
49,16,3,1,2400,80,2.131462097168e-4,3.954172134399e-4
49,16,3,1,2400,81,3.333091735840e-4,8.140802383423e-4
49,16,3,1,2400,82,1.834630966187e-4,-4.006624221802e-4
49,16,3,1,2400,83,1.057386398315e-4,-1.918077468872e-4
49,16,3,1,2400,84,1.494288444519e-4,-7.318258285522e-4
49,16,3,1,2400,85,1.323819160461e-4,-3.536939620972e-4
49,16,3,1,2400,86,2.118349075317e-4,1.720428466797e-3
49,16,3,1,2400,87,1.649856567383e-4,8.705854415894e-4
49,16,3,1,2400,88,2.201199531555e-4,-8.207559585571e-4
49,16,3,1,2400,89,1.379847526550e-4,-3.930330276489e-4
49,16,3,1,2400,90,-2.611875534058e-4,6.046295166016e-4
49,16,3,1,2400,91,-5.006790161133e-6,1.884698867798e-4
49,16,3,1,2400,92,1.303553581238e-4,2.042055130005e-4
49,16,3,1,2400,93,7.927417755127e-6,-8.690357208252e-5
49,16,3,1,2400,94,-2.146363258362e-4,-1.392722129822e-3
49,16,3,1,2400,95,-1.080036163330e-4,-6.881952285767e-4
49,16,3,1,2400,96,-3.609657287598e-4,1.242280006409e-3
49,16,3,1,2400,97,-1.771450042725e-4,5.846023559570e-4
49,16,3,1,2400,98,3.943443298340e-4,3.040313720703e-3
49,16,3,1,2400,99,3.470182418823e-4,2.042889595032e-3
49,16,3,1,2400,100,1.673698425293e-4,2.638101577759e-4
49,16,3,1,2400,101,6.699562072754e-5,9.346008300781e-5
49,16,3,1,2400,102,-1.992583274841e-4,-8.417367935181e-4
49,16,3,1,2400,103,-1.031160354614e-4,-2.861022949219e-4
49,16,3,1,2400,104,-5.519390106201e-4,1.608848571777e-3
49,16,3,1,2400,105,-2.052783966064e-4,8.131265640259e-4
49,16,3,1,2400,106,2.189278602600e-4,-2.455711364746e-3
49,16,3,1,2400,107,1.517534255981e-4,-1.240253448486e-3
49,16,3,1,2400,108,-3.552436828613e-4,8.720159530640e-4
49,16,3,1,2400,109,-2.194643020630e-4,-3.600120544434e-4
49,16,3,1,2400,110,-1.646876335144e-4,-3.031492233276e-4
49,16,3,1,2400,111,-4.220008850098e-5,-2.351999282837e-4
49,16,3,1,2400,112,4.482269287109e-4,5.327463150024e-4
49,16,3,1,2400,113,2.326965332031e-4,2.657175064087e-4
49,16,3,1,2400,114,-1.192092895508e-7,3.951787948608e-4
49,16,3,1,2400,115,7.152557373047e-6,2.136230468750e-4
49,16,3,1,2400,116,-2.951025962830e-4,-3.556013107300e-4
49,16,3,1,2400,117,-1.386404037476e-4,-1.568794250488e-4
49,16,3,1,2400,118,2.945065498352e-4,6.662249565125e-3
49,16,3,1,2400,119,1.704692840576e-4,3.355860710144e-3
49,16,3,1,2400,120,-4.945993423462e-4,3.357768058777e-3
49,16,3,1,2400,121,-2.132654190063e-4,1.706957817078e-3
49,16,3,1,2400,122,-4.053115844727e-6,3.775358200073e-4
49,16,3,1,2400,123,4.708766937256e-6,1.891851425171e-4
49,16,3,1,2400,124,-1.314878463745e-4,1.832246780396e-4
49,16,3,1,2400,125,-5.245208740234e-5,1.001358032227e-4
49,16,3,1,2400,126,2.201795578003e-4,5.853176116943e-5
49,16,3,1,2400,127,1.110434532166e-4,3.063678741455e-5
49,16,3,1,2400,128,1.891851425171e-4,1.779437065125e-3
49,16,3,1,2400,129,9.953975677490e-5,9.158849716187e-4
49,16,3,1,2400,130,-6.555914878845e-4,5.086660385132e-4
49,16,3,1,2400,131,-3.181695938110e-4,2.683401107788e-4
49,16,3,1,2400,132,-1.847743988037e-5,-4.529953002930e-5
49,16,3,1,2400,133,-9.059906005859e-6,-2.431869506836e-5
49,16,3,1,2400,134,-1.615285873413e-5,-8.774995803833e-4
49,16,3,1,2400,135,-1.275539398193e-5,-4.434585571289e-4
49,16,3,1,2400,136,2.205371856689e-6,-2.380609512329e-4
49,16,3,1,2400,137,1.013278961182e-6,-1.188516616821e-4
49,16,3,1,2400,138,-2.384185791016e-7,9.357929229736e-5
49,16,3,1,2400,139,-4.768371582031e-7,4.684925079346e-5
49,16,3,1,2400,140,4.416704177856e-5,-5.751848220825e-4
49,16,3,1,2400,141,2.235174179077e-5,-2.871751785278e-4
49,16,3,1,2400,142,-5.179643630981e-5,7.593631744385e-5
49,16,3,1,2400,143,-3.492832183838e-5,1.155138015747e-4
49,16,3,1,2400,144,8.785724639893e-5,2.826452255249e-4
49,16,3,1,2400,145,1.745223999023e-4,5.613565444946e-4
49,16,3,1,2400,146,-5.006790161133e-6,8.392333984375e-5
49,16,3,1,2400,147,1.829862594604e-5,-1.299381256104e-5
49,16,3,1,2400,148,0.000000000000e0,0.000000000000e0
49,16,3,1,2400,149,4.768371582031e-7,-5.960464477539e-7
49,16,3,1,2400,150,9.536743164062e-6,-1.620054244995e-4
49,16,3,1,2400,151,0.000000000000e0,0.000000000000e0
49,16,3,1,2400,152,6.735324859619e-6,-1.919269561768e-5
49,16,3,1,2400,153,0.000000000000e0,0.000000000000e0
49,16,3,1,2400,154,0.000000000000e0,0.000000000000e0
49,16,3,1,2400,155,-4.470348358154e-6,-1.192092895508e-5
49,16,3,1,2400,156,7.039308547974e-5,-1.430511474609e-4
49,16,3,1,2400,157,1.381039619446e-4,-2.870559692383e-4
49,16,3,1,2400,158,6.985664367676e-5,-7.164478302002e-5
49,16,3,1,2400,159,1.390576362610e-4,-9.548664093018e-5
49,16,3,1,2400,160,-1.083612442017e-4,-2.920627593994e-5
49,16,3,1,2400,161,-2.311468124390e-4,-7.104873657227e-5
49,16,3,1,2400,162,-2.524852752686e-4,-1.805186271667e-3
49,16,3,1,2400,163,-5.239248275757e-4,-3.648281097412e-3
49,16,3,1,2400,164,-5.420446395874e-4,-3.346204757690e-4
49,16,3,1,2400,165,-4.984140396118e-4,-4.930496215820e-4
49,16,3,1,2400,166,3.268718719482e-4,-5.010247230530e-3
49,16,3,1,2400,167,1.686811447144e-4,-2.497673034668e-3
49,16,3,1,2400,168,-1.652836799622e-4,5.937099456787e-3
49,16,3,1,2400,169,-5.483627319336e-6,2.553343772888e-3
50,16,3,1,4200,0,3.834962844849e-4,5.671381950378e-3
50,16,3,1,4200,1,2.807378768921e-5,1.029527187347e-2
50,16,3,1,4200,2,-1.946389675140e-4,-2.431869506836e-4
50,16,3,1,4200,3,8.264183998108e-5,-6.206035614014e-4
50,16,3,1,4200,4,-1.180171966553e-4,-8.668899536133e-4
50,16,3,1,4200,5,-4.169344902039e-5,-1.670837402344e-3
50,16,3,1,4200,6,4.851818084717e-5,-6.601810455322e-4
50,16,3,1,4200,7,2.183020114899e-4,-1.281023025513e-3
50,16,3,1,4200,8,-1.370906829834e-6,-7.925510406494e-3
50,16,3,1,4200,9,4.068017005920e-5,-3.949403762817e-3
50,16,3,1,4200,10,-1.318156719208e-4,2.577543258667e-3
50,16,3,1,4200,11,-1.853108406067e-4,5.125522613525e-3
50,16,3,1,4200,12,1.277923583984e-4,-4.454851150513e-3
50,16,3,1,4200,13,2.311766147614e-4,-7.689595222473e-3
50,16,3,1,4200,14,6.443262100220e-5,9.000301361084e-5
50,16,3,1,4200,15,4.911422729492e-5,4.518032073975e-5
50,16,3,1,4200,16,-5.251169204712e-5,5.042552947998e-5
50,16,3,1,4200,17,-2.598762512207e-5,3.135204315186e-5
50,16,3,1,4200,18,0.000000000000e0,0.000000000000e0
50,16,3,1,4200,19,-2.861022949219e-6,0.000000000000e0
50,16,3,1,4200,20,0.000000000000e0,0.000000000000e0
50,16,3,1,4200,21,0.000000000000e0,0.000000000000e0
50,16,3,1,4200,22,0.000000000000e0,0.000000000000e0
50,16,3,1,4200,23,0.000000000000e0,0.000000000000e0
50,16,3,1,4200,24,3.159046173096e-6,-9.536743164062e-6
50,16,3,1,4200,25,1.579523086548e-6,-4.768371582031e-6
50,16,3,1,4200,26,0.000000000000e0,0.000000000000e0
50,16,3,1,4200,27,0.000000000000e0,0.000000000000e0
50,16,3,1,4200,28,0.000000000000e0,0.000000000000e0
50,16,3,1,4200,29,0.000000000000e0,2.229213714600e-5
50,16,3,1,4200,30,5.817413330078e-5,8.094310760498e-5
50,16,3,1,4200,31,5.942583084106e-5,1.825094223022e-4
50,16,3,1,4200,32,-1.010894775391e-4,3.600120544434e-4
50,16,3,1,4200,33,-2.010464668274e-4,7.170438766479e-4
50,16,3,1,4200,34,6.109476089478e-6,2.548694610596e-4
50,16,3,1,4200,35,5.960464477539e-6,1.273155212402e-4
50,16,3,1,4200,36,7.539987564087e-6,-4.930496215820e-4
50,16,3,1,4200,37,1.370906829834e-5,-9.875297546387e-4
50,16,3,1,4200,38,6.666779518127e-5,1.716613769531e-4
50,16,3,1,4200,39,3.629922866821e-5,8.583068847656e-5
50,16,3,1,4200,40,3.874301910400e-5,5.149841308594e-5
50,16,3,1,4200,41,2.303719520569e-5,9.524822235107e-5
50,16,3,1,4200,42,-2.576708793640e-4,6.737709045410e-4
50,16,3,1,4200,43,-5.230903625488e-4,1.341700553894e-3
50,16,3,1,4200,44,1.380741596222e-4,-2.684593200684e-4
50,16,3,1,4200,45,2.644658088684e-4,-5.414485931396e-4
50,16,3,1,4200,46,-3.170967102051e-5,-1.785993576050e-3
50,16,3,1,4200,47,-5.245208740234e-6,-8.769035339355e-4
50,16,3,1,4200,48,8.591711521149e-4,-2.185106277466e-3
50,16,3,1,4200,49,8.895695209503e-4,-4.235267639160e-3
50,16,3,1,4200,50,-1.165270805359e-3,1.566886901855e-3
50,16,3,1,4200,51,-5.428194999695e-4,7.975101470947e-4
50,16,3,1,4200,52,3.516674041748e-4,-2.019405364990e-4
50,16,3,1,4200,53,2.823472023010e-4,-1.312851905823e-3
50,16,3,1,4200,54,-1.332163810730e-4,-1.049637794495e-3
50,16,3,1,4200,55,7.620453834534e-5,-1.786231994629e-3
50,16,3,1,4200,56,-4.988908767700e-5,-3.127217292786e-3
50,16,3,1,4200,57,5.117058753967e-5,-4.619121551514e-3
50,16,3,1,4200,58,-7.891654968262e-5,5.310416221619e-3
50,16,3,1,4200,59,-2.331733703613e-4,1.119601726532e-2
50,16,3,1,4200,60,-4.602372646332e-4,-2.556800842285e-3
50,16,3,1,4200,61,-8.183717727661e-5,-4.408597946167e-3
50,16,3,1,4200,62,-1.519322395325e-4,-5.723237991333e-4
50,16,3,1,4200,63,-7.218122482300e-5,-3.552436828613e-4
50,16,3,1,4200,64,-2.059340476990e-5,-6.144046783447e-4
50,16,3,1,4200,65,-1.116693019867e-4,-1.224756240845e-3
50,16,3,1,4200,66,-3.516376018524e-4,-1.017212867737e-3
50,16,3,1,4200,67,-1.494884490967e-4,-4.928112030029e-4
50,16,3,1,4200,68,-1.370906829834e-5,2.679586410522e-3
50,16,3,1,4200,69,-6.556510925293e-7,1.353979110718e-3
50,16,3,1,4200,70,1.423954963684e-4,1.926422119141e-4
50,16,3,1,4200,71,2.428293228149e-4,3.464221954346e-4
50,16,3,1,4200,72,-1.244544982910e-4,-1.966953277588e-5
50,16,3,1,4200,73,-2.743899822235e-4,-1.573562622070e-4
50,16,3,1,4200,74,1.840591430664e-4,-4.674196243286e-4
50,16,3,1,4200,75,1.017451286316e-4,-2.210140228271e-4
50,16,3,1,4200,76,-8.329749107361e-5,-8.413791656494e-4
50,16,3,1,4200,77,-1.480281352997e-4,-1.698136329651e-3
50,16,3,1,4200,78,3.498792648315e-4,-1.953840255737e-3
50,16,3,1,4200,79,6.935596466064e-4,-3.942608833313e-3
50,16,3,1,4200,80,1.280605792999e-4,-2.139210700989e-3
50,16,3,1,4200,81,-2.842843532562e-4,-4.863739013672e-3
50,16,3,1,4200,82,-9.864568710327e-5,1.538157463074e-3
50,16,3,1,4200,83,-2.348124980927e-4,3.031611442566e-3
50,16,3,1,4200,84,-4.154443740845e-5,-8.025288581848e-3
50,16,3,1,4200,85,-1.519918441772e-4,-5.842924118042e-3
50,16,3,1,4200,86,-4.273653030396e-5,1.037836074829e-3
50,16,3,1,4200,87,-1.519918441772e-6,5.220174789429e-4
50,16,3,1,4200,88,1.453161239624e-4,-1.466870307922e-3
50,16,3,1,4200,89,2.790689468384e-4,-2.988338470459e-3
50,16,3,1,4200,90,1.025497913361e-4,2.626180648804e-4
50,16,3,1,4200,91,1.787245273590e-4,5.040168762207e-4
50,16,3,1,4200,92,2.763867378235e-4,2.347350120544e-3
50,16,3,1,4200,93,1.472234725952e-4,2.630472183228e-3
50,16,3,1,4200,94,-1.376867294312e-4,8.058547973633e-5
50,16,3,1,4200,95,-6.183981895447e-5,4.529953002930e-5
50,16,3,1,4200,96,9.992718696594e-5,-8.069276809692e-4
50,16,3,1,4200,97,5.275011062622e-5,-3.995895385742e-4
50,16,3,1,4200,98,-1.377761363983e-4,-8.685588836670e-4
50,16,3,1,4200,99,-6.520748138428e-5,-4.289150238037e-4
50,16,3,1,4200,100,1.595646142960e-3,1.239776611328e-5
50,16,3,1,4200,101,9.125769138336e-4,9.489059448242e-5
50,16,3,1,4200,102,2.835988998413e-4,-2.708435058594e-4
50,16,3,1,4200,103,2.574026584625e-4,-8.404254913330e-4
50,16,3,1,4200,104,-6.091594696045e-5,-1.633167266846e-4
50,16,3,1,4200,105,-1.072585582733e-4,-4.029273986816e-4
50,16,3,1,4200,106,-2.356767654419e-4,7.972717285156e-4
50,16,3,1,4200,107,-1.141428947449e-4,4.023313522339e-4
50,16,3,1,4200,108,2.813935279846e-4,3.071665763855e-3
50,16,3,1,4200,109,1.080036163330e-4,1.065135002136e-3
50,16,3,1,4200,110,-1.885294914246e-4,-5.480051040649e-4
50,16,3,1,4200,111,-8.821487426758e-5,-2.547502517700e-4
50,16,3,1,4200,112,-8.821487426758e-5,4.813671112061e-4
50,16,3,1,4200,113,-3.135204315186e-5,1.462459564209e-3
50,16,3,1,4200,114,1.157522201538e-4,1.089334487915e-3
50,16,3,1,4200,115,6.753206253052e-5,5.588531494141e-4
50,16,3,1,4200,116,-1.102387905121e-4,-2.059459686279e-3
50,16,3,1,4200,117,-1.043081283569e-4,6.555318832397e-4
50,16,3,1,4200,118,-8.583068847656e-5,1.420021057129e-3
50,16,3,1,4200,119,-3.716349601746e-5,7.188320159912e-4
50,16,3,1,4200,120,-2.282261848450e-4,-2.384781837463e-3
50,16,3,1,4200,121,-9.810924530029e-5,-1.184701919556e-3
50,16,3,1,4200,122,1.099109649658e-4,-4.076957702637e-5
50,16,3,1,4200,123,1.722574234009e-4,-9.608268737793e-5
50,16,3,1,4200,124,4.559755325317e-5,1.036643981934e-3
50,16,3,1,4200,125,8.478760719299e-5,-1.084566116333e-3
50,16,3,1,4200,126,1.165270805359e-4,-5.867481231689e-4
50,16,3,1,4200,127,2.368986606598e-4,-8.800029754639e-4
50,16,3,1,4200,128,-6.991624832153e-5,-1.170873641968e-3
50,16,3,1,4200,129,-3.296136856079e-5,-5.841255187988e-4
50,16,3,1,4200,130,-1.424551010132e-4,-8.350610733032e-4
50,16,3,1,4200,131,-7.063150405884e-5,-4.160404205322e-4
50,16,3,1,4200,132,-3.159046173096e-5,-1.287460327148e-4
50,16,3,1,4200,133,-6.370544433594e-4,1.340150833130e-3
50,16,3,1,4200,134,2.753138542175e-4,-7.272958755493e-4
50,16,3,1,4200,135,2.588629722595e-4,-1.518964767456e-3
50,16,3,1,4200,136,-9.864568710327e-5,-7.363557815552e-4
50,16,3,1,4200,137,-1.769959926605e-4,-1.516819000244e-3
50,16,3,1,4200,138,1.944899559021e-4,-4.463195800781e-4
50,16,3,1,4200,139,1.113414764404e-4,-2.202987670898e-4
50,16,3,1,4200,140,1.385509967804e-4,-9.012222290039e-5
50,16,3,1,4200,141,7.444620132446e-5,-3.588199615479e-5
50,16,3,1,4200,142,-2.710223197937e-4,3.145933151245e-4
50,16,3,1,4200,143,-1.167058944702e-4,2.095699310303e-4
50,16,3,1,4200,144,4.600584506989e-4,9.293556213379e-4
50,16,3,1,4200,145,2.155900001526e-4,9.419918060303e-4
50,16,3,1,4200,146,-1.695752143860e-4,1.043081283569e-3
50,16,3,1,4200,147,-6.061792373657e-5,5.515813827515e-4
50,16,3,1,4200,148,3.792345523834e-4,-3.841996192932e-3
50,16,3,1,4200,149,2.572834491730e-4,-1.907587051392e-3
50,16,3,1,4200,150,-4.464387893677e-5,4.051446914673e-3
50,16,3,1,4200,151,1.803040504456e-5,2.065658569336e-3
50,16,3,1,4200,152,-4.873871803284e-4,3.066062927246e-4
50,16,3,1,4200,153,-2.012848854065e-4,1.839399337769e-4
50,16,3,1,4200,154,9.086728096008e-5,-2.342700958252e-3
50,16,3,1,4200,155,8.013844490051e-5,-1.125931739807e-3
50,16,3,1,4200,156,4.312992095947e-4,-4.767656326294e-3
50,16,3,1,4200,157,3.062486648560e-4,-5.036473274231e-3
50,16,3,1,4200,158,-1.743733882904e-4,-8.263587951660e-4
50,16,3,1,4200,159,-4.661679267883e-4,6.487727165222e-3
50,16,3,1,4200,160,1.104176044464e-4,5.427598953247e-3
50,16,3,1,4200,161,2.237558364868e-4,4.030585289001e-3
50,16,3,1,4200,162,-3.266334533691e-4,-1.010227203369e-2
50,16,3,1,4200,163,-1.309812068939e-4,-4.996061325073e-3
50,16,3,1,4200,164,1.114606857300e-5,-9.358882904053e-3
50,16,3,1,4200,165,4.172325134277e-6,-1.002466678619e-2
50,16,3,1,4200,166,-6.413161754608e-4,9.110212326050e-3
50,16,3,1,4200,167,-2.393126487732e-4,4.604816436768e-3
50,16,3,1,4200,168,-3.032088279724e-4,-3.573894500732e-3
50,16,3,1,4200,169,-1.146495342255e-4,-1.745820045471e-3
51,17,3,2,600,0,3.677606582642e-5,2.670288085938e-5
51,17,3,2,600,1,2.819299697876e-5,1.549720764160e-5
51,17,3,2,600,2,9.781122207642e-5,1.676082611084e-4
51,17,3,2,600,3,1.769661903381e-4,3.132820129395e-4
51,17,3,2,600,4,3.099441528320e-6,8.392333984375e-5
51,17,3,2,600,5,1.227855682373e-5,5.066394805908e-5
51,17,3,2,600,6,-1.120567321777e-5,1.275539398193e-5
51,17,3,2,600,7,-4.118680953979e-5,4.482269287109e-5
51,17,3,2,600,8,-1.996755599976e-5,-2.479553222656e-5
51,17,3,2,600,9,0.000000000000e0,0.000000000000e0
51,17,3,2,600,10,2.849102020264e-5,2.515912055969e-4
51,17,3,2,600,11,3.153085708618e-5,1.286268234253e-4
51,17,3,2,600,12,-1.209974288940e-5,-2.384185791016e-7
51,17,3,2,600,13,-3.254413604736e-5,7.450580596924e-6
51,17,3,2,600,14,-3.403425216675e-5,8.893013000488e-5
51,17,3,2,600,15,-1.806020736694e-5,3.439188003540e-5
51,17,3,2,600,16,-5.650520324707e-5,-2.372264862061e-5
51,17,3,2,600,17,-2.831220626831e-5,-1.186132431030e-5
51,17,3,2,600,18,-3.230571746826e-5,1.882314682007e-4
51,17,3,2,600,19,1.175403594971e-4,3.359913825989e-4
51,17,3,2,600,20,7.969141006470e-5,7.092952728271e-5
51,17,3,2,600,21,1.454353332520e-5,3.206729888916e-5
51,17,3,2,600,22,0.000000000000e0,0.000000000000e0
51,17,3,2,600,23,1.605153083801e-4,-1.200437545776e-4
51,17,3,2,600,24,-2.497434616089e-5,3.010034561157e-5
51,17,3,2,600,25,1.251697540283e-6,7.307529449463e-5
51,17,3,2,600,26,1.332759857178e-4,4.503726959229e-4
51,17,3,2,600,27,2.455711364746e-5,2.346634864807e-4
51,17,3,2,600,28,-1.430511474609e-5,-5.638599395752e-5
51,17,3,2,600,29,1.418590545654e-5,-8.761882781982e-5
51,17,3,2,600,30,4.540085792542e-4,1.461148262024e-3
51,17,3,2,600,31,7.033944129944e-4,2.630054950714e-3
51,17,3,2,600,32,-6.550550460815e-5,4.345178604126e-5
51,17,3,2,600,33,-5.936622619629e-5,1.271963119507e-4
51,17,3,2,600,34,1.600980758667e-4,5.960464477539e-8
51,17,3,2,600,35,8.273124694824e-5,1.490116119385e-6
51,17,3,2,600,36,5.352497100830e-5,2.145767211914e-6
51,17,3,2,600,37,1.068115234375e-4,3.874301910400e-6
51,17,3,2,600,38,1.728534698486e-4,1.844167709351e-4
51,17,3,2,600,39,8.869171142578e-5,1.025199890137e-4
51,17,3,2,600,40,-8.344650268555e-6,-8.440017700195e-5
51,17,3,2,600,41,-1.430511474609e-6,-3.862380981445e-5
51,17,3,2,600,42,2.658367156982e-5,2.008676528931e-5
51,17,3,2,600,43,4.845857620239e-5,4.971027374268e-5
51,17,3,2,600,44,5.012750625610e-5,3.421306610107e-5
51,17,3,2,600,45,2.789497375488e-5,1.865625381470e-5
51,17,3,2,600,46,2.396106719971e-5,2.151727676392e-5
51,17,3,2,600,47,4.726648330688e-5,4.410743713379e-5
51,17,3,2,600,48,-7.188320159912e-5,6.258487701416e-6
51,17,3,2,600,49,-1.475811004639e-4,1.239776611328e-5
51,17,3,2,600,50,-1.654624938965e-4,-4.374980926514e-5
51,17,3,2,600,51,-8.130073547363e-5,-1.806020736694e-5
51,17,3,2,600,52,6.866455078125e-5,-1.210570335388e-4
51,17,3,2,600,53,3.534555435181e-5,-6.043910980225e-5
51,17,3,2,600,54,-2.050399780273e-5,-6.431341171265e-5
51,17,3,2,600,55,-7.390975952148e-6,-3.457069396973e-5
51,17,3,2,600,56,3.010034561157e-4,3.505945205688e-4
51,17,3,2,600,57,1.521706581116e-4,1.688003540039e-4
51,17,3,2,600,58,1.886487007141e-4,-1.859664916992e-5
51,17,3,2,600,59,2.539157867432e-5,-3.647804260254e-5
51,17,3,2,600,60,2.194046974182e-4,-9.325742721558e-4
51,17,3,2,600,61,9.161233901978e-5,-1.970946788788e-3
51,17,3,2,600,62,-2.996921539307e-4,-4.227161407471e-4
51,17,3,2,600,63,-7.584095001221e-4,-1.497745513916e-3
51,17,3,2,600,64,-1.046657562256e-4,-2.004623413086e-3
51,17,3,2,600,65,-2.384185791016e-5,-9.664893150330e-4
51,17,3,2,600,66,1.693367958069e-4,7.526874542236e-4
51,17,3,2,600,67,1.090764999390e-4,3.995895385742e-4
51,17,3,2,600,68,-9.882450103760e-5,1.583456993103e-3
51,17,3,2,600,69,-5.196928977966e-4,2.283930778503e-3
51,17,3,2,600,70,-4.259347915649e-4,2.274513244629e-4
51,17,3,2,600,71,-7.646083831787e-4,3.887414932251e-4
51,17,3,2,600,72,3.702640533447e-4,-9.649991989136e-4
51,17,3,2,600,73,2.264976501465e-4,-4.304647445679e-4
51,17,3,2,600,74,8.186101913452e-4,5.103349685669e-4
51,17,3,2,600,75,2.887248992920e-4,-3.141164779663e-5
51,17,3,2,600,76,7.444024085999e-4,5.352497100830e-5
51,17,3,2,600,77,3.730058670044e-4,2.890825271606e-5
51,17,3,2,600,78,2.189874649048e-4,2.389013767242e-3
51,17,3,2,600,79,1.254677772522e-4,1.212835311890e-3
51,17,3,2,600,80,3.169775009155e-4,-1.969337463379e-4
51,17,3,2,600,81,1.718997955322e-4,-9.608268737793e-5
51,17,3,2,600,82,6.198883056641e-5,-9.793043136597e-5
51,17,3,2,600,83,1.069307327271e-4,-1.761317253113e-4
51,17,3,2,600,84,1.268982887268e-4,-7.092952728271e-5
51,17,3,2,600,85,2.248883247375e-4,-1.940131187439e-4
51,17,3,2,600,86,6.437301635742e-5,5.047917366028e-4
51,17,3,2,600,87,1.205205917358e-4,9.639859199524e-4
51,17,3,2,600,88,-1.527070999146e-4,-2.244710922241e-4
51,17,3,2,600,89,-7.885694503784e-5,-1.267790794373e-4
51,17,3,2,600,90,4.854202270508e-4,4.565715789795e-5
51,17,3,2,600,91,2.459287643433e-4,1.382827758789e-5
51,17,3,2,600,92,2.415180206299e-4,2.100467681885e-4
51,17,3,2,600,93,1.240968704224e-4,1.083612442017e-4
51,17,3,2,600,94,1.002550125122e-4,3.156661987305e-4
51,17,3,2,600,95,7.879734039307e-5,3.441572189331e-4
51,17,3,2,600,96,-1.442432403564e-4,-1.910924911499e-4
51,17,3,2,600,97,-5.853176116943e-5,-9.250640869141e-5
51,17,3,2,600,98,1.317262649536e-4,3.050565719604e-4
51,17,3,2,600,99,-1.015067100525e-4,4.869699478149e-5
51,17,3,2,600,100,2.402067184448e-4,3.811120986938e-4
51,17,3,2,600,101,5.590915679932e-5,1.832246780396e-4
51,17,3,2,600,102,2.978444099426e-4,6.142854690552e-4
51,17,3,2,600,103,2.151727676392e-4,3.067255020142e-4
51,17,3,2,600,104,1.794099807739e-4,5.311965942383e-4
51,17,3,2,600,105,1.165866851807e-4,2.696514129639e-4
51,17,3,2,600,106,3.981590270996e-5,-9.775161743164e-6
51,17,3,2,600,107,7.712841033936e-5,-3.713369369507e-5
51,17,3,2,600,108,3.187656402588e-4,-1.025199890137e-5
51,17,3,2,600,109,1.621246337891e-4,-8.344650268555e-6
51,17,3,2,600,110,7.720589637756e-4,8.302330970764e-4
51,17,3,2,600,111,4.050731658936e-4,3.931522369385e-4
51,17,3,2,600,112,3.119111061096e-4,2.840757369995e-4
51,17,3,2,600,113,1.221895217896e-4,3.319978713989e-5
51,17,3,2,600,114,2.010464668274e-4,9.781122207642e-5
51,17,3,2,600,115,1.041889190674e-4,7.188320159912e-5
51,17,3,2,600,116,1.509785652161e-4,2.126693725586e-4
51,17,3,2,600,117,1.053810119629e-4,5.578994750977e-5
51,17,3,2,600,118,7.444620132446e-5,1.178979873657e-4
51,17,3,2,600,119,1.862049102783e-4,1.726150512695e-4
51,17,3,2,600,120,2.717971801758e-5,8.684396743774e-5
51,17,3,2,600,121,3.635883331299e-6,4.392862319946e-5
51,17,3,2,600,122,7.712841033936e-5,-2.074241638184e-5
51,17,3,2,600,123,3.933906555176e-5,-6.794929504395e-6
51,17,3,2,600,124,4.406571388245e-4,7.234215736389e-4
51,17,3,2,600,125,2.262592315674e-4,3.685951232910e-4
51,17,3,2,600,126,-6.508827209473e-5,1.684010028839e-3
51,17,3,2,600,127,-2.616643905640e-5,8.502006530762e-4
51,17,3,2,600,128,6.246566772461e-5,-2.883672714233e-4
51,17,3,2,600,129,-1.231431961060e-4,-9.314417839050e-4
51,17,3,2,600,130,6.949901580811e-5,2.992153167725e-5
51,17,3,2,600,131,3.743171691895e-5,1.955032348633e-5
51,17,3,2,600,132,-1.807212829590e-4,-2.286434173584e-4
51,17,3,2,600,133,-5.196332931519e-4,-7.284879684448e-4
51,17,3,2,600,134,5.567073822021e-5,-2.324581146240e-6
51,17,3,2,600,135,4.583597183228e-5,2.264976501465e-6
51,17,3,2,600,136,3.015995025635e-5,-2.580881118774e-4
51,17,3,2,600,137,-1.249313354492e-4,-6.753206253052e-4
51,17,3,2,600,138,2.105236053467e-4,5.912780761719e-5
51,17,3,2,600,139,4.146099090576e-4,1.050233840942e-4
51,17,3,2,600,140,2.458691596985e-4,2.647638320923e-4
51,17,3,2,600,141,1.291036605835e-4,1.360177993774e-4
51,17,3,2,600,142,6.413459777832e-5,1.469194889069e-3
51,17,3,2,600,143,3.838539123535e-5,7.451772689819e-4
51,17,3,2,600,144,1.243352890015e-4,2.349019050598e-4
51,17,3,2,600,145,6.276369094849e-5,1.262426376343e-4
51,17,3,2,600,146,6.711483001709e-5,8.517503738403e-5
51,17,3,2,600,147,2.443790435791e-6,-1.168251037598e-5
51,17,3,2,600,148,5.090236663818e-5,5.769729614258e-5
51,17,3,2,600,149,4.440546035767e-5,1.531839370728e-5
51,17,3,2,600,150,-4.380941390991e-5,-6.335973739624e-5
51,17,3,2,600,151,-5.006790161133e-6,-1.130104064941e-4
51,17,3,2,600,152,-2.181529998779e-5,8.851289749146e-5
51,17,3,2,600,153,-5.054473876953e-5,8.732080459595e-5
51,17,3,2,600,154,-5.602836608887e-6,-4.357099533081e-5
51,17,3,2,600,155,1.192092895508e-7,-2.449750900269e-5
51,17,3,2,600,156,-1.819133758545e-4,4.642009735107e-4
51,17,3,2,600,157,-8.642673492432e-5,2.337098121643e-4
51,17,3,2,600,158,-6.914138793945e-5,3.896951675415e-4
51,17,3,2,600,159,-4.625320434570e-5,2.651214599609e-4
51,17,3,2,600,160,-1.645088195801e-5,9.167194366455e-5
51,17,3,2,600,161,-5.424022674561e-6,4.607439041138e-5
51,17,3,2,600,162,5.850791931152e-4,1.952946186066e-3
51,17,3,2,600,163,3.777146339417e-4,1.062214374542e-3
51,17,3,2,600,164,7.527470588684e-4,5.641579627991e-4
51,17,3,2,600,165,3.937482833862e-4,2.852678298950e-4
51,17,3,2,600,166,-7.885694503784e-5,1.311600208282e-3
51,17,3,2,600,167,3.063678741455e-5,7.693767547607e-4
51,17,3,2,600,168,-1.895427703857e-5,1.168251037598e-5
51,17,3,2,600,169,-1.442432403564e-5,6.175041198730e-5
52,17,3,2,2400,0,1.797676086426e-4,8.997321128845e-4
52,17,3,2,2400,1,1.450777053833e-4,4.531741142273e-4
52,17,3,2,2400,2,8.451938629150e-5,-6.747245788574e-4
52,17,3,2,2400,3,-5.340576171875e-5,-6.277561187744e-4
52,17,3,2,2400,4,4.261732101440e-5,2.413988113403e-5
52,17,3,2,2400,5,3.802776336670e-5,5.960464477539e-6
52,17,3,2,2400,6,-6.926059722900e-5,-8.941292762756e-4
52,17,3,2,2400,7,-9.596347808838e-6,-4.252791404724e-4
52,17,3,2,2400,8,-3.099441528320e-6,3.331899642944e-5
52,17,3,2,2400,9,3.516674041748e-6,1.794099807739e-5
52,17,3,2,2400,10,-7.069110870361e-5,1.997351646423e-4
52,17,3,2,2400,11,-1.167058944702e-4,4.773139953613e-4
52,17,3,2,2400,12,-2.238750457764e-4,-3.712773323059e-4
52,17,3,2,2400,13,-2.623200416565e-4,-7.777810096741e-4
52,17,3,2,2400,14,1.100301742554e-4,1.730442047119e-3
52,17,3,2,2400,15,6.598234176636e-5,8.727908134460e-4
52,17,3,2,2400,16,2.043843269348e-4,-9.030103683472e-5
52,17,3,2,2400,17,1.105070114136e-4,-4.291534423828e-5
52,17,3,2,2400,18,1.592636108398e-4,-2.064764499664e-3
52,17,3,2,2400,19,8.338689804077e-5,-9.217262268066e-4
52,17,3,2,2400,20,1.357793807983e-4,-5.624294281006e-4
52,17,3,2,2400,21,-1.871585845947e-5,1.315474510193e-4
52,17,3,2,2400,22,-3.825426101685e-4,-1.296699047089e-3
52,17,3,2,2400,23,-1.577138900757e-4,-6.297230720520e-4
52,17,3,2,2400,24,1.565217971802e-4,5.841255187988e-5
52,17,3,2,2400,25,2.236366271973e-4,1.587271690369e-4
52,17,3,2,2400,26,-9.459257125854e-5,1.072883605957e-5
52,17,3,2,2400,27,-7.641315460205e-5,-3.218650817871e-4
52,17,3,2,2400,28,1.339316368103e-4,1.495778560638e-3
52,17,3,2,2400,29,1.020431518555e-4,7.693171501160e-4
52,17,3,2,2400,30,1.943111419678e-4,-5.486011505127e-4
52,17,3,2,2400,31,4.303455352783e-5,-1.223802566528e-3
52,17,3,2,2400,32,2.598762512207e-5,-1.113712787628e-3
52,17,3,2,2400,33,5.048513412476e-5,-5.243420600891e-4
52,17,3,2,2400,34,-1.058578491211e-3,3.712952136993e-3
52,17,3,2,2400,35,-4.774332046509e-4,1.878082752228e-3
52,17,3,2,2400,36,5.410909652710e-4,2.371311187744e-3
52,17,3,2,2400,37,2.830624580383e-4,1.195728778839e-3
52,17,3,2,2400,38,-8.350610733032e-4,7.581710815430e-5
52,17,3,2,2400,39,-4.633069038391e-4,4.816055297852e-5
52,17,3,2,2400,40,3.911256790161e-4,1.916408538818e-3
52,17,3,2,2400,41,2.014636993408e-4,9.694695472717e-4
52,17,3,2,2400,42,-1.218318939209e-4,3.742575645447e-4
52,17,3,2,2400,43,-5.441904067993e-5,1.431107521057e-4
52,17,3,2,2400,44,1.820325851440e-4,2.478837966919e-3
52,17,3,2,2400,45,1.086592674255e-4,1.253187656403e-3
52,17,3,2,2400,46,-8.199214935303e-4,-1.910924911499e-3
52,17,3,2,2400,47,-4.628896713257e-4,-1.007020473480e-3
52,17,3,2,2400,48,-1.927018165588e-4,-6.061792373657e-5
52,17,3,2,2400,49,1.096725463867e-5,1.639723777771e-4
52,17,3,2,2400,50,-4.140138626099e-4,8.392930030823e-4
52,17,3,2,2400,51,-2.355575561523e-4,4.317164421082e-4
52,17,3,2,2400,52,-5.935430526733e-4,8.714199066162e-4
52,17,3,2,2400,53,-2.502202987671e-4,4.658102989197e-4
52,17,3,2,2400,54,2.688169479370e-5,1.834630966187e-3
52,17,3,2,2400,55,3.474950790405e-5,9.472370147705e-4
52,17,3,2,2400,56,2.558827400208e-4,2.472639083862e-3
52,17,3,2,2400,57,1.454949378967e-4,1.260757446289e-3
52,17,3,2,2400,58,-8.189678192139e-5,-1.624107360840e-3
52,17,3,2,2400,59,-6.455183029175e-5,-7.780194282532e-4
52,17,3,2,2400,60,6.501674652100e-4,-8.679032325745e-4
52,17,3,2,2400,61,3.501772880554e-4,-4.038214683533e-4
52,17,3,2,2400,62,-4.819631576538e-4,1.686215400696e-4
52,17,3,2,2400,63,5.322694778442e-5,2.577900886536e-4
52,17,3,2,2400,64,2.574920654297e-5,-4.650950431824e-4
52,17,3,2,2400,65,3.194808959961e-5,-2.009868621826e-4
52,17,3,2,2400,66,-1.041054725647e-3,-2.493202686310e-3
52,17,3,2,2400,67,-4.456639289856e-4,-1.182079315186e-3
52,17,3,2,2400,68,3.052353858948e-4,2.495944499969e-3
52,17,3,2,2400,69,3.039836883545e-5,1.061737537384e-3
52,17,3,2,2400,70,6.556510925293e-7,-3.740787506104e-4
52,17,3,2,2400,71,1.990795135498e-5,-1.708865165710e-4
52,17,3,2,2400,72,1.083612442017e-4,4.301309585571e-3
52,17,3,2,2400,73,1.831054687500e-4,2.425968647003e-3
52,17,3,2,2400,74,3.097653388977e-4,-2.095103263855e-4
52,17,3,2,2400,75,1.931786537170e-4,-7.033348083496e-5
52,17,3,2,2400,76,1.266002655029e-4,3.460049629211e-4
52,17,3,2,2400,77,8.463859558105e-5,1.850724220276e-4
52,17,3,2,2400,78,-7.545948028564e-5,5.626082420349e-4
52,17,3,2,2400,79,4.684925079346e-5,7.175803184509e-4
52,17,3,2,2400,80,-7.855892181396e-5,-1.831352710724e-3
52,17,3,2,2400,81,-4.291534423828e-5,-9.244084358215e-4
52,17,3,2,2400,82,-2.831220626831e-5,-1.280605792999e-3
52,17,3,2,2400,83,2.145767211914e-6,-6.253123283386e-4
52,17,3,2,2400,84,-1.136898994446e-3,-1.768171787262e-3
52,17,3,2,2400,85,-5.315542221069e-4,-9.155869483948e-4
52,17,3,2,2400,86,-8.003711700439e-4,9.379386901855e-4
52,17,3,2,2400,87,-3.682971000671e-4,5.127787590027e-4
52,17,3,2,2400,88,-3.460049629211e-4,4.860460758209e-3
52,17,3,2,2400,89,-1.327395439148e-4,2.458035945892e-3
52,17,3,2,2400,90,3.051757812500e-5,4.431962966919e-3
52,17,3,2,2400,91,5.173683166504e-5,2.170026302338e-3
52,17,3,2,2400,92,-1.060962677002e-5,1.774370670319e-3
52,17,3,2,2400,93,3.242492675781e-5,9.145736694336e-4
52,17,3,2,2400,94,-8.556842803955e-4,-6.700158119202e-4
52,17,3,2,2400,95,-3.917813301086e-4,-2.755522727966e-4
52,17,3,2,2400,96,-6.533861160278e-4,-1.692771911621e-4
52,17,3,2,2400,97,-1.055002212524e-4,1.822113990784e-4
52,17,3,2,2400,98,-8.912086486816e-4,4.670619964600e-4
52,17,3,2,2400,99,-3.979206085205e-4,4.407346248627e-3
52,17,3,2,2400,100,1.407861709595e-4,4.837512969971e-4
52,17,3,2,2400,101,2.459287643433e-4,-2.020597457886e-5
52,17,3,2,2400,102,-1.296699047089e-3,3.218650817871e-5
52,17,3,2,2400,103,-6.128549575806e-4,3.355741500854e-5
52,17,3,2,2400,104,2.682805061340e-4,1.851737499237e-3
52,17,3,2,2400,105,4.607439041138e-4,2.282857894897e-3
52,17,3,2,2400,106,3.104805946350e-4,-1.000583171844e-3
52,17,3,2,2400,107,1.833438873291e-4,-5.032420158386e-4
52,17,3,2,2400,108,7.396936416626e-5,-1.403689384460e-4
52,17,3,2,2400,109,3.021955490112e-4,-7.026195526123e-4
52,17,3,2,2400,110,-3.521442413330e-4,4.081726074219e-4
52,17,3,2,2400,111,-2.967715263367e-4,1.391768455505e-4
52,17,3,2,2400,112,7.528066635132e-5,1.116394996643e-4
52,17,3,2,2400,113,1.142024993896e-4,8.028745651245e-5
52,17,3,2,2400,114,-2.560019493103e-4,9.369254112244e-4
52,17,3,2,2400,115,-1.333355903625e-4,1.770079135895e-3
52,17,3,2,2400,116,-2.312660217285e-4,-4.944801330566e-4
52,17,3,2,2400,117,3.206729888916e-5,-4.565715789795e-4
52,17,3,2,2400,118,-2.717971801758e-4,2.663135528564e-4
52,17,3,2,2400,119,-1.250505447388e-4,1.440644264221e-4
52,17,3,2,2400,120,8.517503738403e-5,3.197789192200e-4
52,17,3,2,2400,121,1.153945922852e-4,6.207823753357e-4
52,17,3,2,2400,122,5.996227264404e-5,1.124083995819e-3
52,17,3,2,2400,123,-8.440017700195e-5,5.056858062744e-4
52,17,3,2,2400,124,-7.265806198120e-4,-3.499984741211e-4
52,17,3,2,2400,125,-2.722144126892e-4,-2.796053886414e-4
52,17,3,2,2400,126,-3.077983856201e-4,1.062572002411e-3
52,17,3,2,2400,127,-1.392960548401e-4,5.524158477783e-4
52,17,3,2,2400,128,2.489089965820e-4,3.054380416870e-3
52,17,3,2,2400,129,1.281499862671e-4,1.546561717987e-3
52,17,3,2,2400,130,4.208087921143e-5,4.131793975830e-4
52,17,3,2,2400,131,2.777576446533e-5,1.780390739441e-4
52,17,3,2,2400,132,-1.166462898254e-4,1.714229583740e-4
52,17,3,2,2400,133,-1.353025436401e-4,4.512071609497e-5
52,17,3,2,2400,134,-8.845329284668e-5,-8.970499038696e-5
52,17,3,2,2400,135,-1.740455627441e-5,-5.215406417847e-5
52,17,3,2,2400,136,1.601576805115e-4,-3.559589385986e-4
52,17,3,2,2400,137,8.070468902588e-5,-1.771450042725e-4
52,17,3,2,2400,138,-4.190206527710e-5,-5.555152893066e-5
52,17,3,2,2400,139,-2.038478851318e-5,-2.735853195190e-5
52,17,3,2,2400,140,9.816884994507e-5,9.851455688477e-4
52,17,3,2,2400,141,5.561113357544e-5,4.928112030029e-4
52,17,3,2,2400,142,-8.356571197510e-5,-3.454685211182e-4
52,17,3,2,2400,143,-7.873773574829e-5,-2.064704895020e-4
52,17,3,2,2400,144,3.300309181213e-4,3.445744514465e-4
52,17,3,2,2400,145,1.653432846069e-4,1.760125160217e-4
52,17,3,2,2400,146,3.397464752197e-5,6.031990051270e-5
52,17,3,2,2400,147,2.081394195557e-4,2.994537353516e-4
52,17,3,2,2400,148,2.217292785645e-5,2.909302711487e-4
52,17,3,2,2400,149,1.710653305054e-5,1.460909843445e-4
52,17,3,2,2400,150,3.349781036377e-5,4.904270172119e-4
52,17,3,2,2400,151,1.765489578247e-4,7.634162902832e-4
52,17,3,2,2400,152,-1.935362815857e-4,4.337430000305e-4
52,17,3,2,2400,153,-4.351139068604e-5,2.041459083557e-4
52,17,3,2,2400,154,1.953840255737e-4,-3.674030303955e-4
52,17,3,2,2400,155,9.965896606445e-5,-1.741051673889e-4
52,17,3,2,2400,156,1.996755599976e-4,1.136481761932e-3
52,17,3,2,2400,157,1.105070114136e-4,5.233287811279e-4
52,17,3,2,2400,158,6.067752838135e-5,4.015564918518e-4
52,17,3,2,2400,159,1.990795135498e-5,2.408027648926e-4
52,17,3,2,2400,160,4.550218582153e-4,2.807974815369e-4
52,17,3,2,2400,161,2.287626266479e-4,1.466870307922e-4
52,17,3,2,2400,162,2.413988113403e-4,1.661777496338e-4
52,17,3,2,2400,163,3.132224082947e-4,2.316832542419e-4
52,17,3,2,2400,164,-2.741813659668e-5,-1.549720764160e-5
52,17,3,2,2400,165,-6.020069122314e-6,-1.126527786255e-5
52,17,3,2,2400,166,7.319450378418e-5,-1.325607299805e-4
52,17,3,2,2400,167,4.130601882935e-5,5.465745925903e-5
52,17,3,2,2400,168,1.689195632935e-4,-3.635287284851e-4
52,17,3,2,2400,169,7.504224777222e-5,-1.206994056702e-4
53,17,3,2,4200,0,1.240074634552e-4,-2.994537353516e-4
53,17,3,2,4200,1,9.596347808838e-5,-1.564025878906e-4
53,17,3,2,4200,2,2.014636993408e-5,9.322166442871e-5
53,17,3,2,4200,3,3.606081008911e-5,3.099441528320e-5
53,17,3,2,4200,4,6.633996963501e-5,8.374452590942e-4
53,17,3,2,4200,5,2.673268318176e-5,9.385347366333e-4
53,17,3,2,4200,6,-2.026557922363e-5,1.349449157715e-4
53,17,3,2,4200,7,2.700090408325e-5,3.814697265625e-5
53,17,3,2,4200,8,1.092851161957e-4,1.608014106750e-3
53,17,3,2,4200,9,1.085400581360e-4,7.644891738892e-4
53,17,3,2,4200,10,-7.742643356323e-5,6.380081176758e-4
53,17,3,2,4200,11,-2.688169479370e-5,5.121231079102e-4
53,17,3,2,4200,12,1.130402088165e-4,8.201599121094e-5
53,17,3,2,4200,13,5.000829696655e-5,4.291534423828e-5
53,17,3,2,4200,14,3.476738929749e-4,4.625320434570e-5
53,17,3,2,4200,15,1.821517944336e-4,2.682209014893e-5
53,17,3,2,4200,16,2.638697624207e-4,-4.037618637085e-4
53,17,3,2,4200,17,7.688999176025e-5,-2.830028533936e-4
53,17,3,2,4200,18,1.311302185059e-5,2.307891845703e-4
53,17,3,2,4200,19,5.662441253662e-5,1.622438430786e-4
53,17,3,2,4200,20,1.766085624695e-4,-2.181529998779e-5
53,17,3,2,4200,21,3.083348274231e-4,-9.524822235107e-5
53,17,3,2,4200,22,1.378059387207e-4,6.785392761230e-4
53,17,3,2,4200,23,7.307529449463e-5,3.418922424316e-4
53,17,3,2,4200,24,-1.215040683746e-4,2.698898315430e-4
53,17,3,2,4200,25,-5.954504013062e-5,9.489059448242e-5
53,17,3,2,4200,26,3.117918968201e-4,6.878376007080e-5
53,17,3,2,4200,27,0.000000000000e0,0.000000000000e0
53,17,3,2,4200,28,1.130700111389e-4,-7.700920104980e-5
53,17,3,2,4200,29,1.751184463501e-4,-1.749992370605e-4
53,17,3,2,4200,30,2.382099628448e-4,1.740455627441e-4
53,17,3,2,4200,31,4.001855850220e-4,3.440380096436e-4
53,17,3,2,4200,32,-6.848573684692e-5,9.512901306152e-5
53,17,3,2,4200,33,-1.887977123260e-4,-2.000331878662e-4
53,17,3,2,4200,34,-9.626150131226e-5,2.455711364746e-4
53,17,3,2,4200,35,-3.945827484131e-5,6.747245788574e-5
53,17,3,2,4200,36,2.282261848450e-4,-1.635909080505e-3
53,17,3,2,4200,37,3.883242607117e-5,-1.680374145508e-3
53,17,3,2,4200,38,1.327693462372e-4,4.545450210571e-4
53,17,3,2,4200,39,1.487135887146e-4,1.184582710266e-3
53,17,3,2,4200,40,-6.073713302612e-5,1.236438751221e-3
53,17,3,2,4200,41,-1.676678657532e-4,8.466243743896e-4
53,17,3,2,4200,42,1.764893531799e-4,-8.296966552734e-5
53,17,3,2,4200,43,1.651048660278e-4,1.442432403564e-5
53,17,3,2,4200,44,9.119510650635e-6,-4.885196685791e-3
53,17,3,2,4200,45,5.057454109192e-5,-2.709388732910e-3
53,17,3,2,4200,46,5.603134632111e-4,9.920597076416e-4
53,17,3,2,4200,47,2.841055393219e-4,5.052089691162e-4
53,17,3,2,4200,48,-2.338886260986e-4,-2.469897270203e-3
53,17,3,2,4200,49,-5.376338958740e-4,-4.275798797607e-3
53,17,3,2,4200,50,5.506277084351e-4,-2.603292465210e-3
53,17,3,2,4200,51,3.016591072083e-4,-1.268744468689e-3
53,17,3,2,4200,52,4.807114601135e-4,-3.380537033081e-3
53,17,3,2,4200,53,3.349781036377e-4,2.013444900513e-4
53,17,3,2,4200,54,-1.989901065826e-4,-5.754232406616e-4
53,17,3,2,4200,55,-8.538365364075e-5,2.140760421753e-3
53,17,3,2,4200,56,-4.854798316956e-4,6.561279296875e-4
53,17,3,2,4200,57,-6.356239318848e-4,2.459526062012e-3
53,17,3,2,4200,58,-2.998113632202e-5,1.297473907471e-3
53,17,3,2,4200,59,2.321600914001e-5,9.418725967407e-4
53,17,3,2,4200,60,1.299381256104e-5,6.937980651855e-5
53,17,3,2,4200,61,-5.692243576050e-5,2.455472946167e-3
53,17,3,2,4200,62,6.645917892456e-5,-6.172657012939e-4
53,17,3,2,4200,63,1.103281974792e-4,-1.344680786133e-4
53,17,3,2,4200,64,-4.971027374268e-5,-9.322166442871e-5
53,17,3,2,4200,65,-1.106262207031e-4,-1.711845397949e-4
53,17,3,2,4200,66,1.573860645294e-4,2.176523208618e-3
53,17,3,2,4200,67,8.565187454224e-5,1.098632812500e-3
53,17,3,2,4200,68,2.030134201050e-4,-3.814697265625e-6
53,17,3,2,4200,69,1.050233840942e-4,3.337860107422e-6
53,17,3,2,4200,70,1.907348632812e-6,1.736879348755e-4
53,17,3,2,4200,71,-1.233816146851e-5,3.396272659302e-4
53,17,3,2,4200,72,7.289648056030e-5,3.569126129150e-4
53,17,3,2,4200,73,-3.987550735474e-5,3.777742385864e-4
53,17,3,2,4200,74,3.154277801514e-4,6.004571914673e-4
53,17,3,2,4200,75,1.648068428040e-4,3.042221069336e-4
53,17,3,2,4200,76,2.581477165222e-4,4.030466079712e-4
53,17,3,2,4200,77,4.858970642090e-4,8.594989776611e-4
53,17,3,2,4200,78,-2.463757991791e-4,1.147508621216e-3
53,17,3,2,4200,79,-5.769729614258e-4,2.198338508606e-3
53,17,3,2,4200,80,-2.203583717346e-4,9.661912918091e-4
53,17,3,2,4200,81,-8.330345153809e-4,2.287507057190e-3
53,17,3,2,4200,82,-1.896023750305e-4,-1.184940338135e-3
53,17,3,2,4200,83,-3.154873847961e-4,-2.183437347412e-3
53,17,3,2,4200,84,-7.563829421997e-5,1.405954360962e-3
53,17,3,2,4200,85,-4.318654537201e-4,2.320408821106e-3
53,17,3,2,4200,86,7.504224777222e-5,-4.687309265137e-3
53,17,3,2,4200,87,8.952617645264e-5,-2.332568168640e-3
53,17,3,2,4200,88,-9.417533874512e-6,3.704309463501e-3
53,17,3,2,4200,89,-1.460015773773e-4,7.515668869019e-3
53,17,3,2,4200,90,4.172623157501e-4,-3.553390502930e-3
53,17,3,2,4200,91,7.408261299133e-4,-6.531715393066e-3
53,17,3,2,4200,92,6.103515625000e-5,-3.373622894287e-3
53,17,3,2,4200,93,1.162290573120e-4,-2.089738845825e-3
53,17,3,2,4200,94,-2.919435501099e-4,3.147244453430e-3
53,17,3,2,4200,95,-1.142323017120e-4,1.590728759766e-3
53,17,3,2,4200,96,2.283453941345e-4,-4.466772079468e-4
53,17,3,2,4200,97,1.298785209656e-4,-2.000331878662e-4
53,17,3,2,4200,98,4.640519618988e-4,-1.969575881958e-3
53,17,3,2,4200,99,2.523064613342e-4,-9.512901306152e-4
53,17,3,2,4200,100,-5.108118057251e-4,-1.458525657654e-3
53,17,3,2,4200,101,-2.378523349762e-4,-7.033348083496e-4
53,17,3,2,4200,102,3.885328769684e-4,-2.448558807373e-4
53,17,3,2,4200,103,3.359019756317e-4,-3.955364227295e-4
53,17,3,2,4200,104,4.702806472778e-5,8.527040481567e-4
53,17,3,2,4200,105,5.605816841125e-5,1.746177673340e-3
53,17,3,2,4200,106,5.326867103577e-4,1.481533050537e-3
53,17,3,2,4200,107,2.934634685516e-4,7.721185684204e-4
53,17,3,2,4200,108,1.385509967804e-4,-3.850460052490e-5
53,17,3,2,4200,109,4.404783248901e-5,2.781152725220e-3
53,17,3,2,4200,110,-3.695487976074e-5,2.022743225098e-3
53,17,3,2,4200,111,9.596347808838e-6,1.039266586304e-3
53,17,3,2,4200,112,-6.043910980225e-5,1.079797744751e-3
53,17,3,2,4200,113,-2.293884754181e-4,2.445340156555e-3
53,17,3,2,4200,114,-1.364350318909e-4,5.851507186890e-3
53,17,3,2,4200,115,-4.583597183228e-5,2.975583076477e-3
53,17,3,2,4200,116,4.482865333557e-4,-1.679778099060e-3
53,17,3,2,4200,117,2.488791942596e-4,-8.072853088379e-4
53,17,3,2,4200,118,-4.218816757202e-4,4.431009292603e-3
53,17,3,2,4200,119,-1.661777496338e-4,2.255082130432e-3
53,17,3,2,4200,120,1.571476459503e-4,3.715157508850e-3
53,17,3,2,4200,121,9.152293205261e-5,1.883268356323e-3
53,17,3,2,4200,122,-1.096725463867e-5,2.104043960571e-3
53,17,3,2,4200,123,-4.652142524719e-5,4.416704177856e-3
53,17,3,2,4200,124,-1.008510589600e-4,6.247758865356e-4
53,17,3,2,4200,125,-1.386106014252e-4,1.758217811584e-3
53,17,3,2,4200,126,-1.729726791382e-4,5.495548248291e-5
53,17,3,2,4200,127,-4.547834396362e-4,1.642704010010e-4
53,17,3,2,4200,128,4.756450653076e-5,7.759332656860e-4
53,17,3,2,4200,129,5.769729614258e-5,4.311800003052e-4
53,17,3,2,4200,130,5.089044570923e-4,-6.592273712158e-4
53,17,3,2,4200,131,2.871155738831e-4,-2.937316894531e-4
53,17,3,2,4200,132,1.301169395447e-4,-5.174040794373e-3
53,17,3,2,4200,133,8.466839790344e-5,-2.558588981628e-3
53,17,3,2,4200,134,2.400577068329e-4,-1.662015914917e-3
53,17,3,2,4200,135,1.294612884521e-4,-2.934455871582e-3
53,17,3,2,4200,136,6.958842277527e-5,1.920938491821e-3
53,17,3,2,4200,137,4.604458808899e-5,3.856778144836e-3
53,17,3,2,4200,138,5.641281604767e-4,-5.028009414673e-3
53,17,3,2,4200,139,3.709197044373e-4,-2.483367919922e-3
53,17,3,2,4200,140,1.948177814484e-4,-4.291534423828e-3
53,17,3,2,4200,141,1.113414764404e-4,-2.120852470398e-3
53,17,3,2,4200,142,2.744793891907e-5,-1.587390899658e-3
53,17,3,2,4200,143,4.070997238159e-5,-7.767677307129e-4
53,17,3,2,4200,144,1.627206802368e-4,2.098083496094e-4
53,17,3,2,4200,145,-1.127123832703e-4,-1.599788665771e-3
53,17,3,2,4200,146,-1.252889633179e-4,-2.896308898926e-3
53,17,3,2,4200,147,-3.895163536072e-5,-1.513361930847e-3
53,17,3,2,4200,148,5.456209182739e-4,-2.732038497925e-3
53,17,3,2,4200,149,3.007650375366e-4,-1.324534416199e-3
53,17,3,2,4200,150,1.366138458252e-4,2.350807189941e-4
53,17,3,2,4200,151,1.314878463745e-4,1.416206359863e-4
53,17,3,2,4200,152,-4.881620407104e-4,1.369237899780e-3
53,17,3,2,4200,153,-2.083778381348e-4,7.063150405884e-4
53,17,3,2,4200,154,1.438856124878e-4,3.993272781372e-3
53,17,3,2,4200,155,9.429454803467e-5,2.010822296143e-3
53,17,3,2,4200,156,1.295506954193e-4,-2.334475517273e-3
53,17,3,2,4200,157,6.884336471558e-5,-1.133322715759e-3
53,17,3,2,4200,158,-1.267790794373e-4,2.565860748291e-3
53,17,3,2,4200,159,-1.418590545654e-5,1.978039741516e-3
53,17,3,2,4200,160,4.804134368896e-5,7.106065750122e-4
53,17,3,2,4200,161,7.620453834534e-5,2.217292785645e-5
53,17,3,2,4200,162,9.506940841675e-6,-4.894733428955e-4
53,17,3,2,4200,163,1.141428947449e-5,-3.461837768555e-4
53,17,3,2,4200,164,3.904104232788e-6,-6.687641143799e-4
53,17,3,2,4200,165,-7.599592208862e-5,-3.335475921631e-4
53,17,3,2,4200,166,1.317262649536e-5,-2.112150192261e-3
53,17,3,2,4200,167,1.078844070435e-5,-1.038551330566e-3
53,17,3,2,4200,168,6.943941116333e-5,-8.686780929565e-4
53,17,3,2,4200,169,3.170967102051e-5,-4.624128341675e-4
54,18,3,3,600,0,0.000000000000e0,0.000000000000e0
54,18,3,3,600,1,0.000000000000e0,0.000000000000e0
54,18,3,3,600,2,1.078844070435e-5,-4.243850708008e-5
54,18,3,3,600,3,5.483627319336e-6,-2.086162567139e-5
54,18,3,3,600,4,-1.287460327148e-5,-4.434585571289e-5
54,18,3,3,600,5,-7.212162017822e-6,-2.217292785645e-5
54,18,3,3,600,6,1.012682914734e-4,3.421306610107e-5
54,18,3,3,600,7,5.173683166504e-5,1.692771911621e-5
54,18,3,3,600,8,-1.102685928345e-5,5.483627319336e-6
54,18,3,3,600,9,-5.424022674561e-6,7.152557373047e-7
54,18,3,3,600,10,1.142621040344e-4,-2.152919769287e-4
54,18,3,3,600,11,5.513429641724e-5,-1.076459884644e-4
54,18,3,3,600,12,-9.536743164062e-6,-2.539157867432e-5
54,18,3,3,600,13,1.031160354614e-5,-2.074241638184e-5
54,18,3,3,600,14,-7.569789886475e-6,-8.225440979004e-6
54,18,3,3,600,15,-6.854534149170e-6,-4.172325134277e-6
54,18,3,3,600,16,6.514787673950e-5,5.066394805908e-5
54,18,3,3,600,17,1.311302185059e-5,7.152557373047e-6
54,18,3,3,600,18,4.947185516357e-6,-4.696846008301e-5
54,18,3,3,600,19,0.000000000000e0,0.000000000000e0
54,18,3,3,600,20,2.920627593994e-6,1.549720764160e-5
54,18,3,3,600,21,5.543231964111e-6,2.551078796387e-5
54,18,3,3,600,22,3.463029861450e-5,2.813339233398e-5
54,18,3,3,600,23,1.877546310425e-5,1.275539398193e-5
54,18,3,3,600,24,2.241134643555e-5,7.748603820801e-6
54,18,3,3,600,25,4.690885543823e-5,2.002716064453e-5
54,18,3,3,600,26,-1.841783523560e-5,2.479553222656e-5
54,18,3,3,600,27,0.000000000000e0,0.000000000000e0
54,18,3,3,600,28,2.890825271606e-5,-3.814697265625e-5
54,18,3,3,600,29,5.096197128296e-5,-8.010864257812e-5
54,18,3,3,600,30,5.388259887695e-5,5.102157592773e-5
54,18,3,3,600,31,1.111626625061e-4,7.927417755127e-5
54,18,3,3,600,32,2.843141555786e-5,2.944469451904e-5
54,18,3,3,600,33,5.370378494263e-5,5.519390106201e-5
54,18,3,3,600,34,5.508065223694e-4,-6.332397460938e-4
54,18,3,3,600,35,3.023743629456e-4,-3.124475479126e-4
54,18,3,3,600,36,-2.384185791016e-5,-7.033348083496e-5
54,18,3,3,600,37,-5.275011062622e-5,2.980232238770e-5
54,18,3,3,600,38,5.128979682922e-4,3.604888916016e-4
54,18,3,3,600,39,2.596378326416e-4,1.835823059082e-4
54,18,3,3,600,40,-1.624226570129e-4,5.092620849609e-4
54,18,3,3,600,41,-7.969141006470e-5,2.514123916626e-4
54,18,3,3,600,42,2.977848052979e-4,-1.134157180786e-3
54,18,3,3,600,43,2.287030220032e-4,-5.300045013428e-4
54,18,3,3,600,44,5.786418914795e-4,3.919601440430e-4
54,18,3,3,600,45,2.961158752441e-4,2.037286758423e-4
54,18,3,3,600,46,-2.318620681763e-5,1.153945922852e-4
54,18,3,3,600,47,1.114606857300e-5,1.900196075439e-4
54,18,3,3,600,48,-4.798173904419e-5,-2.551078796387e-5
54,18,3,3,600,49,-9.137392044067e-5,-1.103878021240e-4
54,18,3,3,600,50,1.432895660400e-4,2.830028533936e-4
54,18,3,3,600,51,7.230043411255e-5,1.404285430908e-4
54,18,3,3,600,52,-2.265572547913e-4,2.015829086304e-4
54,18,3,3,600,53,-1.070499420166e-4,1.229047775269e-4
54,18,3,3,600,54,5.020499229431e-4,6.155967712402e-4
54,18,3,3,600,55,2.808570861816e-4,3.302097320557e-4
54,18,3,3,600,56,2.129673957825e-4,-2.357959747314e-4
54,18,3,3,600,57,1.139044761658e-4,-1.133680343628e-4
54,18,3,3,600,58,4.830360412598e-4,-1.496315002441e-3
54,18,3,3,600,59,2.232193946838e-4,-9.164810180664e-4
54,18,3,3,600,60,5.791783332825e-4,-1.859664916992e-5
54,18,3,3,600,61,4.678368568420e-4,-8.344650268555e-7
54,18,3,3,600,62,6.300210952759e-5,-1.924037933350e-4
54,18,3,3,600,63,1.519918441772e-5,-4.128217697144e-4
54,18,3,3,600,64,-3.303885459900e-4,5.865097045898e-5
54,18,3,3,600,65,-1.447796821594e-4,1.931190490723e-5
54,18,3,3,600,66,6.407499313354e-5,1.156330108643e-4
54,18,3,3,600,67,3.218650817871e-5,5.793571472168e-5
54,18,3,3,600,68,2.163648605347e-5,-5.006790161133e-5
54,18,3,3,600,69,4.416704177856e-5,-1.209974288940e-4
54,18,3,3,600,70,3.618001937866e-5,2.539157867432e-5
54,18,3,3,600,71,7.945299148560e-5,8.153915405273e-5
54,18,3,3,600,72,9.316205978394e-5,-2.264976501465e-5
54,18,3,3,600,73,4.839897155762e-5,-1.573562622070e-5
54,18,3,3,600,74,3.862380981445e-5,8.702278137207e-6
54,18,3,3,600,75,7.385015487671e-5,-3.337860107422e-6
54,18,3,3,600,76,1.118779182434e-4,-1.101493835449e-4
54,18,3,3,600,77,5.578994750977e-5,-5.078315734863e-5
54,18,3,3,600,78,3.814697265625e-6,-7.712841033936e-5
54,18,3,3,600,79,1.966953277588e-6,-3.612041473389e-5
54,18,3,3,600,80,9.179115295410e-5,1.065731048584e-4
54,18,3,3,600,81,4.690885543823e-5,5.483627319336e-5
54,18,3,3,600,82,-1.411437988281e-4,4.935264587402e-5
54,18,3,3,600,83,-2.393126487732e-4,-1.966953277588e-5
54,18,3,3,600,84,-4.953145980835e-5,-7.271766662598e-6
54,18,3,3,600,85,-1.053214073181e-4,-1.633167266846e-5
54,18,3,3,600,86,3.063082695007e-4,2.281665802002e-4
54,18,3,3,600,87,3.501772880554e-4,2.593994140625e-4
54,18,3,3,600,88,2.927780151367e-4,-2.717971801758e-5
54,18,3,3,600,89,1.469254493713e-4,-1.466274261475e-5
54,18,3,3,600,90,3.376603126526e-4,-3.763437271118e-4
54,18,3,3,600,91,1.712441444397e-4,-1.859664916992e-4
54,18,3,3,600,92,6.365776062012e-4,-3.899335861206e-4
54,18,3,3,600,93,3.615021705627e-4,-1.726150512695e-4
54,18,3,3,600,94,-9.131431579590e-5,-5.196332931519e-4
54,18,3,3,600,95,-2.146363258362e-4,-1.057147979736e-3
54,18,3,3,600,96,2.465248107910e-4,5.581378936768e-4
54,18,3,3,600,97,1.659393310547e-4,3.433227539062e-4
54,18,3,3,600,98,-2.860426902771e-4,-2.033710479736e-4
54,18,3,3,600,99,-5.972981452942e-4,-4.543066024780e-4
54,18,3,3,600,100,-2.694129943848e-4,6.146430969238e-4
54,18,3,3,600,101,-5.550980567932e-4,1.222968101501e-3
54,18,3,3,600,102,-3.089308738708e-4,-6.046295166016e-4
54,18,3,3,600,103,-1.344680786133e-4,-3.005266189575e-4
54,18,3,3,600,104,9.852647781372e-5,-3.385543823242e-5
54,18,3,3,600,105,1.136660575867e-4,-7.414817810059e-5
54,18,3,3,600,106,-5.549192428589e-5,-6.793737411499e-4
54,18,3,3,600,107,-3.814697265625e-4,-5.704164505005e-4
54,18,3,3,600,108,1.298785209656e-4,1.083850860596e-3
54,18,3,3,600,109,1.510977745056e-4,5.631446838379e-4
54,18,3,3,600,110,1.437067985535e-4,1.525878906250e-4
54,18,3,3,600,111,7.271766662598e-5,7.760524749756e-5
54,18,3,3,600,112,8.994340896606e-5,9.644031524658e-5
54,18,3,3,600,113,4.607439041138e-5,7.188320159912e-5
54,18,3,3,600,114,7.605552673340e-5,-5.435943603516e-5
54,18,3,3,600,115,2.017617225647e-4,-1.542568206787e-4
54,18,3,3,600,116,6.037950515747e-5,2.396106719971e-5
54,18,3,3,600,117,1.182556152344e-4,4.696846008301e-5
54,18,3,3,600,118,2.521276473999e-5,4.905462265015e-4
54,18,3,3,600,119,3.474950790405e-5,5.519390106201e-4
54,18,3,3,600,120,1.752376556396e-4,3.067255020142e-4
54,18,3,3,600,121,8.201599121094e-5,1.523494720459e-4
54,18,3,3,600,122,1.955628395081e-4,-3.756284713745e-4
54,18,3,3,600,123,1.206994056702e-4,-1.631975173950e-4
54,18,3,3,600,124,1.225471496582e-4,-4.172325134277e-6
54,18,3,3,600,125,1.118779182434e-4,-2.750158309937e-4
54,18,3,3,600,126,9.506940841675e-5,2.155303955078e-4
54,18,3,3,600,127,4.863739013672e-5,1.122951507568e-4
54,18,3,3,600,128,2.264976501465e-5,6.002187728882e-4
54,18,3,3,600,129,-1.335144042969e-5,3.582239151001e-4
54,18,3,3,600,130,-1.132488250732e-6,1.956224441528e-4
54,18,3,3,600,131,-5.960464477539e-8,9.965896606445e-5
54,18,3,3,600,132,2.163648605347e-5,1.585483551025e-5
54,18,3,3,600,133,4.357099533081e-5,2.801418304443e-5
54,18,3,3,600,134,-6.854534149170e-6,-2.751350402832e-4
54,18,3,3,600,135,-4.529953002930e-6,-1.313686370850e-4
54,18,3,3,600,136,1.835823059082e-5,4.982948303223e-5
54,18,3,3,600,137,3.129243850708e-5,1.006126403809e-4
54,18,3,3,600,138,8.916854858398e-5,-6.475448608398e-4
54,18,3,3,600,139,-3.719329833984e-5,-2.677440643311e-4
54,18,3,3,600,140,4.217624664307e-4,-1.026153564453e-3
54,18,3,3,600,141,2.124309539795e-4,-5.162954330444e-4
54,18,3,3,600,142,3.129243850708e-5,3.051757812500e-5
54,18,3,3,600,143,1.662969589233e-5,1.513957977295e-5
54,18,3,3,600,144,2.307891845703e-4,-3.587007522583e-4
54,18,3,3,600,145,1.161694526672e-4,-1.792907714844e-4
54,18,3,3,600,146,7.420778274536e-5,1.021623611450e-4
54,18,3,3,600,147,1.360774040222e-4,1.522302627563e-4
54,18,3,3,600,148,1.072883605957e-5,2.980232238770e-5
54,18,3,3,600,149,2.318620681763e-5,6.389617919922e-5
54,18,3,3,600,150,-8.440017700195e-5,3.974437713623e-4
54,18,3,3,600,151,6.020069122314e-6,1.598596572876e-4
54,18,3,3,600,152,1.031160354614e-5,-2.133846282959e-5
54,18,3,3,600,153,1.430511474609e-5,-3.719329833984e-5
54,18,3,3,600,154,5.424618721008e-4,-1.227021217346e-3
54,18,3,3,600,155,2.799034118652e-4,-6.117820739746e-4
54,18,3,3,600,156,5.950331687927e-4,-2.125620841980e-3
54,18,3,3,600,157,3.225803375244e-4,-1.050472259521e-3
54,18,3,3,600,158,2.306699752808e-5,-2.002716064453e-5
54,18,3,3,600,159,4.547834396362e-5,-4.029273986816e-5
54,18,3,3,600,160,1.797080039978e-4,-9.058713912964e-4
54,18,3,3,600,161,5.739927291870e-5,-4.794597625732e-4
54,18,3,3,600,162,7.407665252686e-4,-2.784729003906e-4
54,18,3,3,600,163,4.399418830872e-4,-1.204013824463e-4
54,18,3,3,600,164,6.245970726013e-4,9.167194366455e-4
54,18,3,3,600,165,3.256797790527e-4,4.680156707764e-4
54,18,3,3,600,166,1.426339149475e-4,-1.390457153320e-3
54,18,3,3,600,167,8.171796798706e-5,-6.840229034424e-4
54,18,3,3,600,168,-4.190206527710e-5,-1.050233840942e-4
54,18,3,3,600,169,-9.375810623169e-5,-1.957416534424e-4
55,18,3,3,2400,0,6.794929504395e-6,-2.956390380859e-5
55,18,3,3,2400,1,2.443790435791e-6,-1.478195190430e-5
55,18,3,3,2400,2,3.004074096680e-5,2.205371856689e-5
55,18,3,3,2400,3,3.826618194580e-5,6.723403930664e-5
55,18,3,3,2400,4,-2.202987670898e-4,3.685951232910e-4
55,18,3,3,2400,5,-1.083612442017e-4,2.082586288452e-4
55,18,3,3,2400,6,-3.210306167603e-4,-7.601976394653e-4
55,18,3,3,2400,7,-1.341700553894e-4,-3.696680068970e-4
55,18,3,3,2400,8,6.037950515747e-5,-2.089738845825e-4
55,18,3,3,2400,9,3.457069396973e-5,-9.882450103760e-5
55,18,3,3,2400,10,3.483295440674e-4,-4.467964172363e-4
55,18,3,3,2400,11,3.023147583008e-4,-1.001834869385e-3
55,18,3,3,2400,12,-3.055334091187e-4,1.668930053711e-4
55,18,3,3,2400,13,-1.511573791504e-4,3.415346145630e-4
55,18,3,3,2400,14,2.100467681885e-4,-1.146316528320e-3
55,18,3,3,2400,15,1.140832901001e-4,-5.632638931274e-4
55,18,3,3,2400,16,5.996823310852e-4,-2.404689788818e-3
55,18,3,3,2400,17,3.274679183960e-4,-1.181244850159e-3
55,18,3,3,2400,18,1.174211502075e-5,-4.613399505615e-5
55,18,3,3,2400,19,7.569789886475e-6,-1.418590545654e-5
55,18,3,3,2400,20,9.406805038452e-4,-2.120494842529e-3
55,18,3,3,2400,21,1.471161842346e-3,-4.831314086914e-3
55,18,3,3,2400,22,1.387238502502e-3,-3.328323364258e-3
55,18,3,3,2400,23,1.735568046570e-3,-4.145622253418e-3
55,18,3,3,2400,24,1.272559165955e-4,-2.493858337402e-4
55,18,3,3,2400,25,9.632110595703e-5,-1.578330993652e-4
55,18,3,3,2400,26,1.444220542908e-4,-1.049160957336e-3
55,18,3,3,2400,27,1.223683357239e-4,-5.172491073608e-4
55,18,3,3,2400,28,-8.702278137207e-5,2.878904342651e-4
55,18,3,3,2400,29,-2.980232238770e-5,1.522302627563e-4
55,18,3,3,2400,30,-3.546476364136e-5,4.731416702271e-4
55,18,3,3,2400,31,-3.218650817871e-6,2.566576004028e-4
55,18,3,3,2400,32,1.783370971680e-4,-2.668857574463e-3
55,18,3,3,2400,33,1.055002212524e-4,-1.363277435303e-3
55,18,3,3,2400,34,-4.262924194336e-4,-2.428293228149e-4
55,18,3,3,2400,35,-1.893639564514e-4,-1.147985458374e-4
55,18,3,3,2400,36,-4.199743270874e-4,4.440188407898e-3
55,18,3,3,2400,37,-2.007484436035e-4,2.247810363770e-3
55,18,3,3,2400,38,-7.987022399902e-6,-2.324223518372e-3
55,18,3,3,2400,39,1.734495162964e-4,-2.951264381409e-3
55,18,3,3,2400,40,-1.001954078674e-4,-2.002716064453e-5
55,18,3,3,2400,41,-3.701448440552e-5,8.940696716309e-6
55,18,3,3,2400,42,4.124641418457e-4,2.012252807617e-4
55,18,3,3,2400,43,2.583265304565e-4,-2.890825271606e-4
55,18,3,3,2400,44,-3.886222839355e-5,1.426935195923e-4
55,18,3,3,2400,45,-1.728534698486e-5,4.827976226807e-5
55,18,3,3,2400,46,3.609657287598e-4,5.507469177246e-4
55,18,3,3,2400,47,1.780390739441e-4,2.468824386597e-4
55,18,3,3,2400,48,3.576278686523e-7,1.301765441895e-4
55,18,3,3,2400,49,4.200935363770e-4,-3.553628921509e-4
55,18,3,3,2400,50,-4.720687866211e-5,4.649162292480e-6
55,18,3,3,2400,51,-1.478195190430e-5,1.204013824463e-5
55,18,3,3,2400,52,-2.580285072327e-4,-1.322031021118e-4
55,18,3,3,2400,53,4.827976226807e-5,1.955032348633e-5
55,18,3,3,2400,54,-7.111430168152e-4,3.993511199951e-5
55,18,3,3,2400,55,5.329251289368e-4,-6.489753723145e-4
55,18,3,3,2400,56,-2.913475036621e-4,-1.146316528320e-3
55,18,3,3,2400,57,-7.308721542358e-4,-2.352237701416e-3
55,18,3,3,2400,58,-4.127025604248e-4,-5.648136138916e-3
55,18,3,3,2400,59,-3.111362457275e-5,-2.807736396790e-3
55,18,3,3,2400,60,-1.138746738434e-3,-3.677606582642e-4
55,18,3,3,2400,61,-5.117654800415e-4,-1.683235168457e-4
55,18,3,3,2400,62,-8.967518806458e-4,-1.955509185791e-3
55,18,3,3,2400,63,-4.082322120667e-4,-9.588003158569e-4
55,18,3,3,2400,64,-6.846189498901e-4,-3.230571746826e-3
55,18,3,3,2400,65,-2.673864364624e-4,-1.616597175598e-3
55,18,3,3,2400,66,-1.121699810028e-3,-9.334087371826e-5
55,18,3,3,2400,67,-5.066394805908e-4,-2.050399780273e-5
55,18,3,3,2400,68,-3.827214241028e-4,2.655148506165e-3
55,18,3,3,2400,69,-5.483627319336e-6,3.473401069641e-3
55,18,3,3,2400,70,2.276301383972e-4,-2.359390258789e-3
55,18,3,3,2400,71,5.471110343933e-4,-2.848625183105e-3
55,18,3,3,2400,72,-3.730058670044e-4,-2.477526664734e-3
55,18,3,3,2400,73,-1.693367958069e-4,-1.218199729919e-3
55,18,3,3,2400,74,-2.003312110901e-4,-3.320336341858e-3
55,18,3,3,2400,75,-7.885694503784e-5,-1.647353172302e-3
55,18,3,3,2400,76,-2.486705780029e-4,3.179907798767e-3
55,18,3,3,2400,77,-6.204843521118e-5,1.619815826416e-3
55,18,3,3,2400,78,-2.384185791016e-4,-1.542448997498e-3
55,18,3,3,2400,79,-1.516342163086e-4,-9.174346923828e-4
55,18,3,3,2400,80,-3.037452697754e-4,-5.359649658203e-4
55,18,3,3,2400,81,-1.349449157715e-4,-2.626180648804e-4
55,18,3,3,2400,82,-5.024671554565e-4,2.735853195190e-4
55,18,3,3,2400,83,-2.405643463135e-4,1.629590988159e-4
55,18,3,3,2400,84,-5.400180816650e-5,6.006956100464e-4
55,18,3,3,2400,85,-2.503395080566e-6,3.098249435425e-4
55,18,3,3,2400,86,1.096129417419e-4,8.262395858765e-4
55,18,3,3,2400,87,6.204843521118e-5,4.185438156128e-4
55,18,3,3,2400,88,5.555152893066e-5,-4.698038101196e-4
55,18,3,3,2400,89,-9.095668792725e-5,-2.471208572388e-4
55,18,3,3,2400,90,1.825094223022e-4,-4.633665084839e-4
55,18,3,3,2400,91,1.921653747559e-4,-1.640319824219e-4
55,18,3,3,2400,92,-1.527070999146e-4,1.079082489014e-3
55,18,3,3,2400,93,-6.145238876343e-5,5.365610122681e-4
55,18,3,3,2400,94,2.908706665039e-5,-7.032155990601e-4
55,18,3,3,2400,95,2.437829971313e-5,-3.472566604614e-4
55,18,3,3,2400,96,-2.487301826477e-4,-1.710653305054e-4
55,18,3,3,2400,97,-1.202821731567e-4,-1.560449600220e-4
55,18,3,3,2400,98,-1.335144042969e-4,-3.976821899414e-4
55,18,3,3,2400,99,-5.948543548584e-5,-1.951456069946e-4
55,18,3,3,2400,100,2.082586288452e-4,-9.679794311523e-5
55,18,3,3,2400,101,1.078248023987e-4,-4.541873931885e-5
55,18,3,3,2400,102,2.056360244751e-4,-3.782510757446e-4
55,18,3,3,2400,103,1.049041748047e-4,-1.844167709351e-4
55,18,3,3,2400,104,-4.184246063232e-5,1.600980758667e-4
55,18,3,3,2400,105,-1.966953277588e-5,8.058547973633e-5
55,18,3,3,2400,106,8.821487426758e-5,-1.459121704102e-4
55,18,3,3,2400,107,4.678964614868e-5,-7.104873657227e-5
55,18,3,3,2400,108,-1.121759414673e-4,-2.187490463257e-4
55,18,3,3,2400,109,-5.388259887695e-5,-1.085996627808e-4
55,18,3,3,2400,110,1.621246337891e-5,2.828836441040e-4
55,18,3,3,2400,111,9.059906005859e-6,1.417398452759e-4
55,18,3,3,2400,112,3.600120544434e-5,5.292892456055e-5
55,18,3,3,2400,113,1.435279846191e-4,1.751184463501e-4
55,18,3,3,2400,114,1.246333122253e-4,2.412796020508e-4
55,18,3,3,2400,115,-1.083016395569e-4,8.420944213867e-4
55,18,3,3,2400,116,-6.484985351562e-5,8.660554885864e-4
55,18,3,3,2400,117,-1.647472381592e-4,1.848101615906e-3
55,18,3,3,2400,118,1.511573791504e-4,4.821181297302e-3
55,18,3,3,2400,119,1.138448715210e-4,2.433657646179e-3
55,18,3,3,2400,120,-2.330541610718e-4,-1.362919807434e-3
55,18,3,3,2400,121,-1.800060272217e-4,-1.846551895142e-4
55,18,3,3,2400,122,-5.371570587158e-4,5.707740783691e-4
55,18,3,3,2400,123,-1.097559928894e-3,-7.419586181641e-4
55,18,3,3,2400,124,-1.882910728455e-4,-5.362153053284e-3
55,18,3,3,2400,125,1.382827758789e-5,-1.464366912842e-3
55,18,3,3,2400,126,2.239942550659e-4,6.109476089478e-4
55,18,3,3,2400,127,1.328587532043e-4,2.855062484741e-4
55,18,3,3,2400,128,-1.364946365356e-4,4.081726074219e-4
55,18,3,3,2400,129,-5.602836608887e-5,2.065896987915e-4
55,18,3,3,2400,130,-3.909468650818e-4,-9.977817535400e-5
55,18,3,3,2400,131,-1.886487007141e-4,-4.708766937256e-5
55,18,3,3,2400,132,2.708435058594e-4,-7.039308547974e-4
55,18,3,3,2400,133,1.472234725952e-4,-3.424882888794e-4
55,18,3,3,2400,134,8.171200752258e-4,-2.446651458740e-3
55,18,3,3,2400,135,1.505732536316e-3,-4.949927330017e-3
55,18,3,3,2400,136,1.500844955444e-4,-1.583099365234e-3
55,18,3,3,2400,137,9.047985076904e-5,-7.835626602173e-4
55,18,3,3,2400,138,1.969337463379e-4,-8.684396743774e-4
55,18,3,3,2400,139,3.573298454285e-4,-1.659989356995e-3
55,18,3,3,2400,140,-2.741813659668e-4,-3.800392150879e-4
55,18,3,3,2400,141,-5.757808685303e-4,-7.796287536621e-4
55,18,3,3,2400,142,-4.863739013672e-5,-1.956224441528e-4
55,18,3,3,2400,143,1.692771911621e-5,-1.214742660522e-4
55,18,3,3,2400,144,-1.668930053711e-6,-5.447864532471e-5
55,18,3,3,2400,145,-7.748603820801e-7,-2.717971801758e-5
55,18,3,3,2400,146,0.000000000000e0,0.000000000000e0
55,18,3,3,2400,147,-1.108646392822e-5,5.102157592773e-5
55,18,3,3,2400,148,0.000000000000e0,0.000000000000e0
55,18,3,3,2400,149,0.000000000000e0,0.000000000000e0
55,18,3,3,2400,150,0.000000000000e0,0.000000000000e0
55,18,3,3,2400,151,0.000000000000e0,0.000000000000e0
55,18,3,3,2400,152,0.000000000000e0,0.000000000000e0
55,18,3,3,2400,153,0.000000000000e0,0.000000000000e0
55,18,3,3,2400,154,0.000000000000e0,0.000000000000e0
55,18,3,3,2400,155,0.000000000000e0,0.000000000000e0
55,18,3,3,2400,156,0.000000000000e0,0.000000000000e0
55,18,3,3,2400,157,0.000000000000e0,0.000000000000e0
55,18,3,3,2400,158,0.000000000000e0,0.000000000000e0
55,18,3,3,2400,159,0.000000000000e0,0.000000000000e0
55,18,3,3,2400,160,-7.569789886475e-6,-1.049041748047e-5
55,18,3,3,2400,161,-1.716613769531e-5,-2.098083496094e-5
55,18,3,3,2400,162,1.251697540283e-5,-3.457069396973e-6
55,18,3,3,2400,163,2.497434616089e-5,-7.033348083496e-6
55,18,3,3,2400,164,-1.108646392822e-5,5.125999450684e-6
55,18,3,3,2400,165,-1.585483551025e-5,6.556510925293e-6
55,18,3,3,2400,166,1.203417778015e-4,-9.465217590332e-4
55,18,3,3,2400,167,6.031990051270e-5,-4.731416702271e-4
55,18,3,3,2400,168,8.445978164673e-5,-2.185106277466e-4
55,18,3,3,2400,169,9.423494338989e-5,-1.786947250366e-4
56,18,3,3,4200,0,-3.814697265625e-6,-5.567073822021e-5
56,18,3,3,4200,1,-7.480382919312e-6,-1.111030578613e-4
56,18,3,3,4200,2,9.417533874512e-6,3.302097320557e-5
56,18,3,3,4200,3,1.874566078186e-5,6.353855133057e-5
56,18,3,3,4200,4,6.073713302612e-5,7.206201553345e-4
56,18,3,3,4200,5,1.116394996643e-4,1.441121101379e-3
56,18,3,3,4200,6,5.775690078735e-5,1.589059829712e-4
56,18,3,3,4200,7,1.086592674255e-4,3.124475479126e-4
56,18,3,3,4200,8,-5.373358726501e-5,3.230571746826e-4
56,18,3,3,4200,9,-2.211332321167e-5,1.633167266846e-4
56,18,3,3,4200,10,1.007318496704e-5,-1.561641693115e-5
56,18,3,3,4200,11,1.120567321777e-5,-3.659725189209e-5
56,18,3,3,4200,12,1.007318496704e-5,3.457069396973e-6
56,18,3,3,4200,13,2.017617225647e-5,6.675720214844e-6
56,18,3,3,4200,14,0.000000000000e0,0.000000000000e0
56,18,3,3,4200,15,0.000000000000e0,0.000000000000e0
56,18,3,3,4200,16,3.274083137512e-4,4.758834838867e-4
56,18,3,3,4200,17,1.646876335144e-4,2.388954162598e-4
56,18,3,3,4200,18,6.521344184875e-4,-1.194357872009e-3
56,18,3,3,4200,19,3.426074981689e-4,-5.735158920288e-4
56,18,3,3,4200,20,9.328126907349e-6,3.408074378967e-3
56,18,3,3,4200,21,3.588199615479e-5,1.722455024719e-3
56,18,3,3,4200,22,1.423805952072e-3,3.056168556213e-3
56,18,3,3,4200,23,7.606744766235e-4,1.565694808960e-3
56,18,3,3,4200,24,1.655757427216e-3,1.201629638672e-2
56,18,3,3,4200,25,1.114636659622e-3,6.170988082886e-3
56,18,3,3,4200,26,2.001523971558e-4,1.315355300903e-3
56,18,3,3,4200,27,1.209080219269e-4,6.748437881470e-4
56,18,3,3,4200,28,4.717409610748e-4,4.122257232666e-4
56,18,3,3,4200,29,2.388060092926e-4,2.102851867676e-4
56,18,3,3,4200,30,5.574524402618e-4,5.660057067871e-4
56,18,3,3,4200,31,3.163516521454e-4,2.229213714600e-4
56,18,3,3,4200,32,1.706182956696e-4,4.281997680664e-4
56,18,3,3,4200,33,1.206994056702e-4,2.871751785278e-4
56,18,3,3,4200,34,-4.141926765442e-4,-2.600550651550e-3
56,18,3,3,4200,35,-1.668035984039e-4,-1.273512840271e-3
56,18,3,3,4200,36,-5.609691143036e-4,-7.276535034180e-4
56,18,3,3,4200,37,-2.592206001282e-4,-2.250671386719e-4
56,18,3,3,4200,38,5.635619163513e-4,-6.359815597534e-4
56,18,3,3,4200,39,2.946257591248e-4,-3.073215484619e-4
56,18,3,3,4200,40,1.018166542053e-3,-2.206325531006e-3
56,18,3,3,4200,41,5.652308464050e-4,-9.310245513916e-4
56,18,3,3,4200,42,2.650022506714e-4,-1.563549041748e-3
56,18,3,3,4200,43,1.811981201172e-4,-5.090236663818e-4
56,18,3,3,4200,44,8.445978164673e-5,1.652717590332e-3
56,18,3,3,4200,45,4.643201828003e-5,8.432865142822e-4
56,18,3,3,4200,46,1.752674579620e-4,1.422524452209e-3
56,18,3,3,4200,47,1.053810119629e-4,7.264614105225e-4
56,18,3,3,4200,48,9.101629257202e-5,-9.298324584961e-5
56,18,3,3,4200,49,9.092688560486e-5,-1.823902130127e-4
56,18,3,3,4200,50,5.489587783813e-4,8.668899536133e-4
56,18,3,3,4200,51,2.877414226532e-4,4.612207412720e-4
56,18,3,3,4200,52,4.217028617859e-4,4.620075225830e-3
56,18,3,3,4200,53,7.501244544983e-4,9.186029434204e-3
56,18,3,3,4200,54,4.080832004547e-4,8.174180984497e-4
56,18,3,3,4200,55,7.760524749756e-4,1.594185829163e-3
56,18,3,3,4200,56,1.034736633301e-4,6.972551345825e-4
56,18,3,3,4200,57,1.316368579865e-4,1.360416412354e-3
56,18,3,3,4200,58,4.258751869202e-5,7.555484771729e-4
56,18,3,3,4200,59,3.889203071594e-5,1.408219337463e-3
56,18,3,3,4200,60,5.382299423218e-5,4.172325134277e-5
56,18,3,3,4200,61,1.072585582733e-4,8.249282836914e-5
56,18,3,3,4200,62,8.836388587952e-5,-1.332759857178e-4
56,18,3,3,4200,63,1.205503940582e-4,-2.915859222412e-4
56,18,3,3,4200,64,-1.136660575867e-4,-1.003742218018e-4
56,18,3,3,4200,65,-3.210008144379e-4,-2.855062484741e-4
56,18,3,3,4200,66,-1.037716865540e-4,-8.896589279175e-4
56,18,3,3,4200,67,-4.655122756958e-5,-4.351139068604e-4
56,18,3,3,4200,68,-2.921223640442e-4,1.111030578613e-4
56,18,3,3,4200,69,-1.074075698853e-4,3.552436828613e-5
56,18,3,3,4200,70,2.905428409576e-4,3.234148025513e-4
56,18,3,3,4200,71,2.225637435913e-4,1.170396804810e-3
56,18,3,3,4200,72,4.114508628845e-4,-1.231074333191e-3
56,18,3,3,4200,73,1.791119575500e-4,-4.651546478271e-4
56,18,3,3,4200,74,2.537965774536e-4,-5.110502243042e-4
56,18,3,3,4200,75,1.327097415924e-4,-2.789497375488e-4
56,18,3,3,4200,76,-2.443790435791e-5,8.751153945923e-4
56,18,3,3,4200,77,1.758635044098e-4,9.533166885376e-4
56,18,3,3,4200,78,1.992583274841e-4,4.758834838867e-4
56,18,3,3,4200,79,2.690851688385e-4,8.771419525146e-4
56,18,3,3,4200,80,2.281069755554e-4,1.323223114014e-4
56,18,3,3,4200,81,1.816451549530e-4,8.416175842285e-4
56,18,3,3,4200,82,-6.118416786194e-5,6.468296051025e-4
56,18,3,3,4200,83,-1.321732997894e-4,1.276612281799e-3
56,18,3,3,4200,84,1.713335514069e-4,-1.831054687500e-4
56,18,3,3,4200,85,2.752840518951e-4,-7.647275924683e-4
56,18,3,3,4200,86,-1.657009124756e-5,-1.332998275757e-3
56,18,3,3,4200,87,-8.344650268555e-7,-7.376670837402e-4
56,18,3,3,4200,88,5.946159362793e-4,4.370927810669e-3
56,18,3,3,4200,89,6.607174873352e-5,3.399610519409e-3
56,18,3,3,4200,90,-4.263520240784e-4,-1.985430717468e-3
56,18,3,3,4200,91,-2.219080924988e-4,-1.134395599365e-3
56,18,3,3,4200,92,-7.560849189758e-5,-9.310245513916e-4
56,18,3,3,4200,93,-1.615583896637e-4,-1.809358596802e-3
56,18,3,3,4200,94,2.977252006531e-5,6.678104400635e-4
56,18,3,3,4200,95,8.863210678101e-5,-2.610683441162e-4
56,18,3,3,4200,96,-1.165270805359e-4,6.065368652344e-4
56,18,3,3,4200,97,-3.245472908020e-5,3.291368484497e-4
56,18,3,3,4200,98,-4.280209541321e-4,3.281235694885e-3
56,18,3,3,4200,99,-1.811981201172e-4,1.656055450439e-3
56,18,3,3,4200,100,5.315244197845e-4,2.082824707031e-3
56,18,3,3,4200,101,2.903640270233e-4,1.070618629456e-3
56,18,3,3,4200,102,1.561641693115e-5,1.626610755920e-3
56,18,3,3,4200,103,-6.839632987976e-5,3.188729286194e-3
56,18,3,3,4200,104,8.367598056793e-4,3.728389739990e-3
56,18,3,3,4200,105,9.016990661621e-4,1.684904098511e-3
56,18,3,3,4200,106,-7.316470146179e-5,-8.630752563477e-4
56,18,3,3,4200,107,-6.642937660217e-4,-1.161932945251e-3
56,18,3,3,4200,108,-8.630752563477e-5,-1.001358032227e-4
56,18,3,3,4200,109,-3.274083137512e-4,-2.225637435913e-4
56,18,3,3,4200,110,6.863474845886e-4,1.610040664673e-3
56,18,3,3,4200,111,4.034936428070e-4,9.746551513672e-4
56,18,3,3,4200,112,-3.995001316071e-4,2.125501632690e-3
56,18,3,3,4200,113,-9.466111660004e-4,4.014015197754e-3
56,18,3,3,4200,114,1.847147941589e-4,9.064674377441e-4
56,18,3,3,4200,115,1.325905323029e-4,5.035400390625e-4
56,18,3,3,4200,116,2.658367156982e-4,9.691715240479e-5
56,18,3,3,4200,117,1.591742038727e-4,5.793571472168e-5
56,18,3,3,4200,118,7.244944572449e-4,7.311344146729e-3
56,18,3,3,4200,119,5.100369453430e-4,3.669261932373e-3
56,18,3,3,4200,120,-1.699864864349e-3,-4.184246063232e-5
56,18,3,3,4200,121,-7.968544960022e-4,6.675720214844e-6
56,18,3,3,4200,122,4.440844058990e-4,-5.940914154053e-3
56,18,3,3,4200,123,4.612505435944e-4,-3.031611442566e-3
56,18,3,3,4200,124,1.024305820465e-4,-4.081726074219e-4
56,18,3,3,4200,125,1.144707202911e-4,-9.487867355347e-4
56,18,3,3,4200,126,-3.441870212555e-4,1.832485198975e-3
56,18,3,3,4200,127,-6.710588932037e-4,1.301407814026e-3
56,18,3,3,4200,128,1.087367534637e-3,1.021623611450e-4
56,18,3,3,4200,129,5.770325660706e-4,8.058547973633e-5
56,18,3,3,4200,130,8.367598056793e-4,1.105308532715e-3
56,18,3,3,4200,131,4.455149173737e-4,5.729198455811e-4
56,18,3,3,4200,132,-3.641247749329e-4,1.121640205383e-3
56,18,3,3,4200,133,-1.723468303680e-4,5.708932876587e-4
56,18,3,3,4200,134,-1.301169395447e-4,8.819103240967e-4
56,18,3,3,4200,135,-3.195405006409e-4,1.721978187561e-3
56,18,3,3,4200,136,4.888772964478e-4,6.068468093872e-3
56,18,3,3,4200,137,3.315806388855e-4,1.412034034729e-3
56,18,3,3,4200,138,1.613438129425e-3,3.866791725159e-3
56,18,3,3,4200,139,9.538829326630e-4,2.015352249146e-3
56,18,3,3,4200,140,-5.824565887451e-4,-1.782178878784e-4
56,18,3,3,4200,141,-2.563595771790e-4,-7.820129394531e-5
56,18,3,3,4200,142,6.195008754730e-4,1.522064208984e-3
56,18,3,3,4200,143,3.560185432434e-4,7.873773574829e-4
56,18,3,3,4200,144,4.704594612122e-4,1.550197601318e-3
56,18,3,3,4200,145,-2.501606941223e-4,1.862525939941e-3
56,18,3,3,4200,146,3.887712955475e-4,-4.895925521851e-4
56,18,3,3,4200,147,2.153515815735e-4,-2.224445343018e-4
56,18,3,3,4200,148,3.112852573395e-4,-7.543563842773e-4
56,18,3,3,4200,149,1.662671566010e-4,-3.675222396851e-4
56,18,3,3,4200,150,4.445612430573e-4,2.038121223450e-3
56,18,3,3,4200,151,3.537535667419e-4,1.031875610352e-3
56,18,3,3,4200,152,5.789399147034e-4,5.221366882324e-4
56,18,3,3,4200,153,3.114938735962e-4,2.808570861816e-4
56,18,3,3,4200,154,5.620718002319e-5,-2.006053924561e-3
56,18,3,3,4200,155,6.490945816040e-5,-9.865760803223e-4
56,18,3,3,4200,156,-8.701980113983e-4,6.716251373291e-4
56,18,3,3,4200,157,-3.618001937866e-4,3.464221954346e-4
56,18,3,3,4200,158,-1.831352710724e-4,-4.274845123291e-4
56,18,3,3,4200,159,-2.526640892029e-4,-5.468130111694e-4
56,18,3,3,4200,160,-4.146099090576e-4,-1.053810119629e-4
56,18,3,3,4200,161,-5.902051925659e-4,2.307891845703e-4
56,18,3,3,4200,162,6.121397018433e-4,-2.915620803833e-3
56,18,3,3,4200,163,3.231465816498e-4,-1.438617706299e-3
56,18,3,3,4200,164,-1.770257949829e-5,-1.654624938965e-4
56,18,3,3,4200,165,7.522106170654e-5,-3.508329391479e-4
56,18,3,3,4200,166,-1.090168952942e-4,-2.962827682495e-3
56,18,3,3,4200,167,-8.642673492432e-6,-1.526713371277e-3
56,18,3,3,4200,168,4.960596561432e-4,5.940198898315e-3
56,18,3,3,4200,169,2.993643283844e-4,3.046154975891e-3
57,19,3,4,600,0,7.593631744385e-5,-1.181960105896e-4
57,19,3,4,600,1,3.844499588013e-5,-5.865097045898e-5
57,19,3,4,600,2,5.823373794556e-5,-2.586841583252e-5
57,19,3,4,600,3,1.042485237122e-4,-5.429983139038e-5
57,19,3,4,600,4,-1.279115676880e-4,-2.474188804626e-4
57,19,3,4,600,5,-1.114606857300e-4,-2.542734146118e-4
57,19,3,4,600,6,4.827976226807e-6,-1.693964004517e-4
57,19,3,4,600,7,-4.804134368896e-5,-2.669095993042e-4
57,19,3,4,600,8,4.303455352783e-5,-1.365542411804e-4
57,19,3,4,600,9,8.058547973633e-5,-2.729892730713e-5
57,19,3,4,600,10,3.492832183838e-5,5.042552947998e-5
57,19,3,4,600,11,1.847743988037e-5,2.515316009521e-5
57,19,3,4,600,12,2.427101135254e-4,1.251697540283e-5
57,19,3,4,600,13,4.717111587524e-4,4.947185516357e-5
57,19,3,4,600,14,-1.513957977295e-5,-1.511573791504e-4
57,19,3,4,600,15,-9.322166442871e-5,-8.869171142578e-5
57,19,3,4,600,16,-1.380443572998e-4,8.380413055420e-5
57,19,3,4,600,17,-6.735324859619e-5,2.288818359375e-5
57,19,3,4,600,18,1.934766769409e-4,-1.472234725952e-5
57,19,3,4,600,19,3.831386566162e-4,-5.257129669189e-5
57,19,3,4,600,20,2.224445343018e-4,1.579523086548e-4
57,19,3,4,600,21,2.621412277222e-4,1.941919326782e-4
57,19,3,4,600,22,9.447336196899e-4,5.885362625122e-4
57,19,3,4,600,23,4.826188087463e-4,3.001689910889e-4
57,19,3,4,600,24,3.236532211304e-4,2.301931381226e-4
57,19,3,4,600,25,6.713867187500e-4,6.041526794434e-4
57,19,3,4,600,26,3.945827484131e-5,5.960464477539e-8
57,19,3,4,600,27,2.717971801758e-5,-7.808208465576e-6
57,19,3,4,600,28,1.871585845947e-5,1.788139343262e-5
57,19,3,4,600,29,8.821487426758e-6,-1.907348632812e-6
57,19,3,4,600,30,1.645088195801e-5,8.583068847656e-6
57,19,3,4,600,31,2.558231353760e-4,4.175901412964e-4
57,19,3,4,600,32,2.634525299072e-5,-7.390975952148e-5
57,19,3,4,600,33,1.263618469238e-5,-6.550550460815e-5
57,19,3,4,600,34,1.788139343262e-6,-3.260374069214e-5
57,19,3,4,600,35,2.145767211914e-6,-1.597404479980e-5
57,19,3,4,600,36,5.185604095459e-5,2.491474151611e-5
57,19,3,4,600,37,1.573562622070e-5,-8.106231689453e-5
57,19,3,4,600,38,7.718801498413e-4,2.720355987549e-4
57,19,3,4,600,39,3.838539123535e-4,1.500844955444e-4
57,19,3,4,600,40,4.608631134033e-4,2.264976501465e-4
57,19,3,4,600,41,2.281665802002e-4,1.261234283447e-4
57,19,3,4,600,42,-2.211332321167e-5,-2.741813659668e-6
57,19,3,4,600,43,-6.914138793945e-6,1.299381256104e-5
57,19,3,4,600,44,9.655952453613e-6,-7.092952728271e-6
57,19,3,4,600,45,3.337860107422e-6,-3.576278686523e-6
57,19,3,4,600,46,1.966953277588e-5,4.386901855469e-5
57,19,3,4,600,47,4.279613494873e-5,9.143352508545e-5
57,19,3,4,600,48,-1.806020736694e-5,-1.376867294312e-5
57,19,3,4,600,49,-1.001358032227e-5,-1.621246337891e-5
57,19,3,4,600,50,-5.358457565308e-5,-3.421306610107e-5
57,19,3,4,600,51,-2.646446228027e-5,-1.621246337891e-5
57,19,3,4,600,52,4.351139068604e-5,5.102157592773e-5
57,19,3,4,600,53,2.193450927734e-5,2.557039260864e-5
57,19,3,4,600,54,1.597404479980e-5,4.249811172485e-5
57,19,3,4,600,55,1.132488250732e-5,4.518032073975e-5
57,19,3,4,600,56,5.161762237549e-5,-5.936622619629e-5
57,19,3,4,600,57,2.467632293701e-5,-2.974271774292e-5
57,19,3,4,600,58,4.446506500244e-5,1.513957977295e-5
57,19,3,4,600,59,2.008676528931e-5,2.205371856689e-6
57,19,3,4,600,60,7.283687591553e-5,-2.622604370117e-6
57,19,3,4,600,61,1.398324966431e-4,-4.649162292480e-6
57,19,3,4,600,62,1.302957534790e-4,2.933740615845e-4
57,19,3,4,600,63,2.681016921997e-4,6.430745124817e-4
57,19,3,4,600,64,1.683831214905e-4,-6.002187728882e-5
57,19,3,4,600,65,8.422136306763e-5,-3.236532211304e-5
57,19,3,4,600,66,5.081295967102e-4,1.147985458374e-4
57,19,3,4,600,67,2.533197402954e-4,5.829334259033e-5
57,19,3,4,600,68,1.014471054077e-4,3.209114074707e-4
57,19,3,4,600,69,2.275109291077e-4,4.301667213440e-4
57,19,3,4,600,70,-9.179115295410e-5,-4.884004592896e-4
57,19,3,4,600,71,-1.122951507568e-4,-4.283785820007e-4
57,19,3,4,600,72,-2.964735031128e-4,-2.115964889526e-5
57,19,3,4,600,73,-1.496076583862e-4,-1.108646392822e-5
57,19,3,4,600,74,-1.003146171570e-4,-2.057552337646e-4
57,19,3,4,600,75,-2.235770225525e-4,-3.849267959595e-4
57,19,3,4,600,76,-1.186132431030e-5,-1.537799835205e-5
57,19,3,4,600,77,-6.794929504395e-6,-6.318092346191e-6
57,19,3,4,600,78,6.419420242310e-5,-4.500150680542e-5
57,19,3,4,600,79,3.010034561157e-5,-2.139806747437e-5
57,19,3,4,600,80,2.741813659668e-6,-5.143880844116e-5
57,19,3,4,600,81,3.391504287720e-5,-1.662969589233e-5
57,19,3,4,600,82,-8.940696716309e-7,1.412630081177e-5
57,19,3,4,600,83,4.351139068604e-6,-2.217292785645e-5
57,19,3,4,600,84,2.577900886536e-4,2.082586288452e-4
57,19,3,4,600,85,1.358985900879e-4,6.675720214844e-5
57,19,3,4,600,86,3.331899642944e-4,1.731514930725e-4
57,19,3,4,600,87,2.036094665527e-4,1.045465469360e-4
57,19,3,4,600,88,-2.384185791016e-6,4.082918167114e-5
57,19,3,4,600,89,-1.788139343262e-6,2.086162567139e-5
57,19,3,4,600,90,1.729130744934e-4,-1.442432403564e-5
57,19,3,4,600,91,8.660554885864e-5,-7.629394531250e-6
57,19,3,4,600,92,-2.980232238770e-5,-6.520748138428e-5
57,19,3,4,600,93,-1.311302185059e-5,-4.267692565918e-5
57,19,3,4,600,94,-1.879930496216e-4,-2.245306968689e-4
57,19,3,4,600,95,-1.249313354492e-4,-6.031990051270e-5
57,19,3,4,600,96,9.489059448242e-5,-1.645088195801e-5
57,19,3,4,600,97,5.245208740234e-5,-5.841255187988e-6
57,19,3,4,600,98,5.289316177368e-4,-2.300739288330e-4
57,19,3,4,600,99,3.006458282471e-4,-7.081031799316e-5
57,19,3,4,600,100,-3.735423088074e-4,-1.163721084595e-3
57,19,3,4,600,101,-1.756548881531e-4,-5.378127098083e-4
57,19,3,4,600,102,-5.429983139038e-5,-2.034902572632e-4
57,19,3,4,600,103,-2.057552337646e-4,-3.114938735962e-4
57,19,3,4,600,104,1.517534255981e-4,6.015896797180e-4
57,19,3,4,600,105,6.514787673950e-5,3.715753555298e-4
57,19,3,4,600,106,-3.945827484131e-5,-1.298189163208e-4
57,19,3,4,600,107,-5.477666854858e-5,-7.671117782593e-5
57,19,3,4,600,108,1.202821731567e-4,-2.861022949219e-4
57,19,3,4,600,109,6.991624832153e-5,-1.312494277954e-4
57,19,3,4,600,110,2.081394195557e-4,-3.111362457275e-4
57,19,3,4,600,111,1.313686370850e-4,-1.474618911743e-4
57,19,3,4,600,112,-1.194477081299e-4,-5.156397819519e-4
57,19,3,4,600,113,-4.190206527710e-5,-1.671314239502e-4
57,19,3,4,600,114,-8.313655853271e-4,-1.750826835632e-3
57,19,3,4,600,115,-4.266500473022e-4,-7.820129394531e-4
57,19,3,4,600,116,3.767013549805e-5,-2.551078796387e-5
57,19,3,4,600,117,8.738040924072e-5,4.529953002930e-6
57,19,3,4,600,118,-3.731250762939e-5,7.665157318115e-5
57,19,3,4,600,119,-7.176399230957e-5,1.900196075439e-4
57,19,3,4,600,120,4.053115844727e-6,6.091594696045e-5
57,19,3,4,600,121,3.933906555176e-6,3.254413604736e-5
57,19,3,4,600,122,-2.788901329041e-4,-5.728006362915e-4
57,19,3,4,600,123,-1.381635665894e-4,-2.841949462891e-4
57,19,3,4,600,124,7.646679878235e-4,4.154443740845e-4
57,19,3,4,600,125,3.929734230042e-4,1.536607742310e-4
57,19,3,4,600,126,3.075599670410e-5,1.436471939087e-5
57,19,3,4,600,127,2.580881118774e-5,1.680850982666e-5
57,19,3,4,600,128,-1.181960105896e-4,-1.040875911713e-3
57,19,3,4,600,129,3.648400306702e-4,-6.052255630493e-4
57,19,3,4,600,130,5.975961685181e-4,7.641315460205e-5
57,19,3,4,600,131,3.693699836731e-4,1.089572906494e-4
57,19,3,4,600,132,-6.842017173767e-4,-9.475946426392e-4
57,19,3,4,600,133,-8.178949356079e-4,-6.810426712036e-4
57,19,3,4,600,134,5.074739456177e-4,9.001493453979e-4
57,19,3,4,600,135,2.515316009521e-4,4.626512527466e-4
57,19,3,4,600,136,2.136826515198e-4,3.426074981689e-4
57,19,3,4,600,137,6.282329559326e-5,-1.478195190430e-5
57,19,3,4,600,138,2.655982971191e-4,-5.969405174255e-4
57,19,3,4,600,139,1.944303512573e-4,-1.163959503174e-3
57,19,3,4,600,140,3.055334091187e-4,-9.953975677490e-5
57,19,3,4,600,141,1.368522644043e-4,-4.482269287109e-5
57,19,3,4,600,142,-3.308057785034e-4,7.546544075012e-4
57,19,3,4,600,143,-1.394152641296e-4,3.941059112549e-4
57,19,3,4,600,144,3.424286842346e-4,2.080202102661e-4
57,19,3,4,600,145,1.775026321411e-4,1.142024993896e-4
57,19,3,4,600,146,-6.258487701416e-5,-1.549184322357e-3
57,19,3,4,600,147,-1.406669616699e-5,-7.116794586182e-4
57,19,3,4,600,148,-5.754828453064e-4,-9.008646011353e-4
57,19,3,4,600,149,-5.280971527100e-4,-5.330443382263e-4
57,19,3,4,600,150,-8.594989776611e-5,1.668930053711e-6
57,19,3,4,600,151,-2.887248992920e-4,7.855892181396e-5
57,19,3,4,600,152,3.617405891418e-4,6.938576698303e-4
57,19,3,4,600,153,3.834962844849e-4,5.682706832886e-4
57,19,3,4,600,154,-2.562999725342e-6,-1.643896102905e-4
57,19,3,4,600,155,2.980232238770e-6,-7.760524749756e-5
57,19,3,4,600,156,-1.883506774902e-5,1.285672187805e-4
57,19,3,4,600,157,-9.059906005859e-6,6.562471389771e-5
57,19,3,4,600,158,2.056360244751e-5,5.533695220947e-4
57,19,3,4,600,159,3.683567047119e-5,2.775788307190e-4
57,19,3,4,600,160,-7.414817810059e-5,-1.119554042816e-3
57,19,3,4,600,161,-2.491474151611e-5,-5.566477775574e-4
57,19,3,4,600,162,-2.657771110535e-4,-1.239299774170e-3
57,19,3,4,600,163,-2.025365829468e-4,-5.865097045898e-4
57,19,3,4,600,164,-4.581809043884e-4,-1.672148704529e-3
57,19,3,4,600,165,-2.192258834839e-4,-8.234977722168e-4
57,19,3,4,600,166,-6.563663482666e-4,-2.898156642914e-3
57,19,3,4,600,167,-3.890395164490e-4,-1.484096050262e-3
57,19,3,4,600,168,1.513957977295e-5,1.147389411926e-4
57,19,3,4,600,169,2.765655517578e-5,8.749961853027e-5
58,19,3,4,2400,0,5.387961864471e-4,1.318097114563e-3
58,19,3,4,2400,1,2.873837947845e-4,6.541013717651e-4
58,19,3,4,2400,2,-2.156794071198e-4,-5.159378051758e-4
58,19,3,4,2400,3,-2.186000347137e-4,-5.981922149658e-4
58,19,3,4,2400,4,-4.233121871948e-4,4.013776779175e-4
58,19,3,4,2400,5,-1.945495605469e-4,2.254247665405e-4
58,19,3,4,2400,6,-2.249181270599e-4,-2.409934997559e-3
58,19,3,4,2400,7,-7.066130638123e-5,-1.182317733765e-3
58,19,3,4,2400,8,-5.517005920410e-4,-2.349615097046e-3
58,19,3,4,2400,9,-2.201497554779e-4,-1.147747039795e-3
58,19,3,4,2400,10,-2.833604812622e-4,1.504659652710e-3
58,19,3,4,2400,11,1.767575740814e-4,1.690983772278e-3
58,19,3,4,2400,12,-1.456439495087e-4,-1.027226448059e-3
58,19,3,4,2400,13,5.155801773071e-6,-9.838342666626e-4
58,19,3,4,2400,14,-5.385577678680e-4,2.821683883667e-4
58,19,3,4,2400,15,-2.027451992035e-4,3.457069396973e-5
58,19,3,4,2400,16,6.701648235321e-4,5.651116371155e-3
58,19,3,4,2400,17,3.680288791656e-4,2.857208251953e-3
58,19,3,4,2400,18,-6.901025772095e-4,5.222558975220e-4
58,19,3,4,2400,19,-2.470910549164e-4,2.924203872681e-4
58,19,3,4,2400,20,5.947649478912e-4,4.606842994690e-3
58,19,3,4,2400,21,4.346072673798e-4,2.803802490234e-3
58,19,3,4,2400,22,6.333887577057e-4,3.782153129578e-3
58,19,3,4,2400,23,7.834136486053e-4,3.049969673157e-3
58,19,3,4,2400,24,-2.473592758179e-4,3.564715385437e-3
58,19,3,4,2400,25,-1.083314418793e-4,1.658797264099e-3
58,19,3,4,2400,26,-3.946721553802e-4,1.459598541260e-3
58,19,3,4,2400,27,-1.717507839203e-4,7.644891738892e-4
58,19,3,4,2400,28,6.484687328339e-4,8.538961410522e-4
58,19,3,4,2400,29,3.552138805389e-4,3.138780593872e-4
58,19,3,4,2400,30,2.181082963943e-3,6.827712059021e-3
58,19,3,4,2400,31,1.223951578140e-3,3.398537635803e-3
58,19,3,4,2400,32,-3.691017627716e-4,1.061439514160e-3
58,19,3,4,2400,33,-1.658201217651e-4,3.449916839600e-4
58,19,3,4,2400,34,-7.724761962891e-5,2.285480499268e-3
58,19,3,4,2400,35,-5.245208740234e-5,9.388923645020e-4
58,19,3,4,2400,36,-1.225471496582e-4,6.111860275269e-4
58,19,3,4,2400,37,-5.939602851868e-5,3.091096878052e-4
58,19,3,4,2400,38,-2.063214778900e-4,6.426572799683e-4
58,19,3,4,2400,39,-1.262426376343e-4,4.807710647583e-4
58,19,3,4,2400,40,1.997649669647e-4,-1.922011375427e-3
58,19,3,4,2400,41,1.019239425659e-4,-9.579658508301e-4
58,19,3,4,2400,42,1.206994056702e-5,1.347064971924e-4
58,19,3,4,2400,43,2.861022949219e-6,6.473064422607e-5
58,19,3,4,2400,44,8.127093315125e-5,-1.497626304626e-3
58,19,3,4,2400,45,-3.320872783661e-4,-9.902715682983e-4
58,19,3,4,2400,46,3.262460231781e-4,2.208352088928e-3
58,19,3,4,2400,47,5.415081977844e-5,3.570079803467e-3
58,19,3,4,2400,48,5.334615707397e-4,5.373954772949e-4
58,19,3,4,2400,49,8.933246135712e-4,1.979708671570e-3
58,19,3,4,2400,50,-1.274049282074e-4,1.398563385010e-3
58,19,3,4,2400,51,-5.832314491272e-5,7.058382034302e-4
58,19,3,4,2400,52,2.722740173340e-4,6.283521652222e-4
58,19,3,4,2400,53,1.451671123505e-4,3.153085708618e-4
58,19,3,4,2400,54,3.039836883545e-4,1.282334327698e-3
58,19,3,4,2400,55,6.228387355804e-4,1.753926277161e-3
58,19,3,4,2400,56,6.055831909180e-5,-5.120038986206e-4
58,19,3,4,2400,57,3.182888031006e-5,-2.516508102417e-4
58,19,3,4,2400,58,-1.954734325409e-4,2.193450927734e-4
58,19,3,4,2400,59,-9.736418724060e-5,1.097917556763e-4
58,19,3,4,2400,60,-2.033710479736e-4,-4.038810729980e-4
58,19,3,4,2400,61,-9.337067604065e-5,-1.925230026245e-4
58,19,3,4,2400,62,7.793009281158e-4,2.903699874878e-3
58,19,3,4,2400,63,1.823276281357e-3,6.247997283936e-3
58,19,3,4,2400,64,-7.367134094238e-5,1.006126403809e-4
58,19,3,4,2400,65,-3.361701965332e-5,4.160404205322e-5
58,19,3,4,2400,66,1.245439052582e-4,6.341934204102e-4
58,19,3,4,2400,67,6.505846977234e-5,3.237724304199e-4
58,19,3,4,2400,68,5.424022674561e-5,2.140998840332e-4
58,19,3,4,2400,69,4.014372825623e-5,2.300739288330e-4
58,19,3,4,2400,70,2.149641513824e-4,1.761913299561e-4
58,19,3,4,2400,71,1.584589481354e-4,3.279447555542e-4
58,19,3,4,2400,72,1.076161861420e-4,-1.389980316162e-4
58,19,3,4,2400,73,7.227063179016e-5,-4.693269729614e-4
58,19,3,4,2400,74,-2.777576446533e-5,-3.663301467896e-4
58,19,3,4,2400,75,-1.215934753418e-5,-1.831054687500e-4
58,19,3,4,2400,76,3.143250942230e-4,-7.570981979370e-4
58,19,3,4,2400,77,1.688003540039e-4,-3.677606582642e-4
58,19,3,4,2400,78,1.389980316162e-4,8.987188339233e-4
58,19,3,4,2400,79,2.579391002655e-4,2.085566520691e-3
58,19,3,4,2400,80,1.092255115509e-4,1.919269561768e-5
58,19,3,4,2400,81,5.483627319336e-5,1.370906829834e-5
58,19,3,4,2400,82,-6.586313247681e-6,-2.037286758423e-4
58,19,3,4,2400,83,-2.741813659668e-6,-1.119375228882e-4
58,19,3,4,2400,84,5.593299865723e-4,4.484653472900e-4
58,19,3,4,2400,85,3.010034561157e-4,2.433061599731e-4
58,19,3,4,2400,86,-1.922249794006e-5,5.179643630981e-4
58,19,3,4,2400,87,1.621246337891e-5,2.664327621460e-4
58,19,3,4,2400,88,-1.880228519440e-4,-3.919243812561e-3
58,19,3,4,2400,89,-3.173947334290e-5,-1.729965209961e-3
58,19,3,4,2400,90,-2.051293849945e-4,-6.947517395020e-4
58,19,3,4,2400,91,-1.570284366608e-4,-4.446506500244e-5
58,19,3,4,2400,92,3.054738044739e-5,2.539157867432e-5
58,19,3,4,2400,93,6.532669067383e-5,2.872943878174e-5
58,19,3,4,2400,94,-1.145601272583e-4,6.113052368164e-4
58,19,3,4,2400,95,-2.765655517578e-5,3.196001052856e-4
58,19,3,4,2400,96,2.211332321167e-4,-1.262307167053e-3
58,19,3,4,2400,97,1.210272312164e-4,-6.637573242188e-4
58,19,3,4,2400,98,3.618001937866e-4,1.310229301453e-3
58,19,3,4,2400,99,1.649856567383e-4,6.395578384399e-4
58,19,3,4,2400,100,5.155801773071e-6,9.298324584961e-6
58,19,3,4,2400,101,2.714991569519e-5,4.303455352783e-5
58,19,3,4,2400,102,9.676814079285e-5,6.723403930664e-5
58,19,3,4,2400,103,4.908442497253e-5,4.386901855469e-5
58,19,3,4,2400,104,3.674626350403e-5,-2.588033676147e-4
58,19,3,4,2400,105,1.099705696106e-5,2.174377441406e-4
58,19,3,4,2400,106,2.914369106293e-4,1.311540603638e-3
58,19,3,4,2400,107,1.514256000519e-4,6.692409515381e-4
58,19,3,4,2400,108,1.400709152222e-4,9.739398956299e-5
58,19,3,4,2400,109,1.610517501831e-4,1.612901687622e-4
58,19,3,4,2400,110,2.617537975311e-4,1.152753829956e-4
58,19,3,4,2400,111,1.779496669769e-4,1.372098922729e-4
58,19,3,4,2400,112,1.581907272339e-4,-3.898143768311e-5
58,19,3,4,2400,113,1.661479473114e-4,3.933906555176e-5
58,19,3,4,2400,114,7.411837577820e-5,6.139278411865e-5
58,19,3,4,2400,115,1.683831214905e-5,-1.275539398193e-5
58,19,3,4,2400,116,-6.091594696045e-5,1.530647277832e-4
58,19,3,4,2400,117,3.805756568909e-5,7.498264312744e-5
58,19,3,4,2400,118,-1.212656497955e-4,8.627176284790e-4
58,19,3,4,2400,119,-3.170967102051e-5,4.538297653198e-4
58,19,3,4,2400,120,-3.552436828613e-5,2.464771270752e-3
58,19,3,4,2400,121,1.996755599976e-6,1.258134841919e-3
58,19,3,4,2400,122,1.522302627563e-4,3.842115402222e-4
58,19,3,4,2400,123,1.164972782135e-4,6.890296936035e-4
58,19,3,4,2400,124,1.882314682007e-4,5.568265914917e-4
58,19,3,4,2400,125,2.191066741943e-4,7.363557815552e-4
58,19,3,4,2400,126,-5.456805229187e-5,3.147125244141e-5
58,19,3,4,2400,127,-3.054738044739e-5,1.788139343262e-5
58,19,3,4,2400,128,-2.622902393341e-4,8.094310760498e-5
58,19,3,4,2400,129,-1.039803028107e-4,8.571147918701e-5
58,19,3,4,2400,130,-7.838010787964e-6,5.578994750977e-5
58,19,3,4,2400,131,4.410743713379e-6,2.896785736084e-5
58,19,3,4,2400,132,-1.189410686493e-4,-1.207590103149e-4
58,19,3,4,2400,133,-5.891919136047e-5,-6.008148193359e-5
58,19,3,4,2400,134,4.979968070984e-5,3.073692321777e-3
58,19,3,4,2400,135,1.207888126373e-4,1.606822013855e-3
58,19,3,4,2400,136,1.478493213654e-4,4.899740219116e-3
58,19,3,4,2400,137,9.393692016602e-5,2.457499504089e-3
58,19,3,4,2400,138,2.723932266235e-4,2.377390861511e-3
58,19,3,4,2400,139,2.325475215912e-4,1.392483711243e-3
58,19,3,4,2400,140,2.466142177582e-4,1.889467239380e-4
58,19,3,4,2400,141,1.342296600342e-4,9.334087371826e-5
58,19,3,4,2400,142,-1.302361488342e-5,5.375146865845e-4
58,19,3,4,2400,143,-4.678964614868e-6,2.695322036743e-4
58,19,3,4,2400,144,2.841949462891e-4,5.332231521606e-4
58,19,3,4,2400,145,1.643896102905e-4,2.802610397339e-4
58,19,3,4,2400,146,-3.494322299957e-4,-3.849267959595e-4
58,19,3,4,2400,147,-1.306235790253e-4,-4.369020462036e-4
58,19,3,4,2400,148,2.825260162354e-4,3.671646118164e-5
58,19,3,4,2400,149,1.419484615326e-4,1.883506774902e-5
58,19,3,4,2400,150,-7.542967796326e-5,-3.658533096313e-4
58,19,3,4,2400,151,-2.214312553406e-5,-2.983808517456e-4
58,19,3,4,2400,152,1.183062791824e-3,4.388213157654e-3
58,19,3,4,2400,153,6.451904773712e-4,2.052426338196e-3
58,19,3,4,2400,154,-1.920759677887e-4,3.327131271362e-4
58,19,3,4,2400,155,-9.214878082275e-5,1.872777938843e-4
58,19,3,4,2400,156,6.941556930542e-4,1.919269561768e-4
58,19,3,4,2400,157,3.145933151245e-4,1.381635665894e-4
58,19,3,4,2400,158,4.315376281738e-5,5.027055740356e-4
58,19,3,4,2400,159,1.093745231628e-5,2.673864364624e-4
58,19,3,4,2400,160,5.467236042023e-4,-1.125812530518e-3
58,19,3,4,2400,161,2.752542495728e-4,-6.095170974731e-4
58,19,3,4,2400,162,-1.626014709473e-4,-6.613731384277e-4
58,19,3,4,2400,163,-7.891654968262e-5,-5.115270614624e-4
58,19,3,4,2400,164,2.384185791016e-7,0.000000000000e0
58,19,3,4,2400,165,4.887580871582e-6,-6.794929504395e-6
58,19,3,4,2400,166,3.346800804138e-5,-1.311302185059e-6
58,19,3,4,2400,167,-6.350874900818e-5,-1.004934310913e-4
58,19,3,4,2400,168,-5.421042442322e-5,-1.322031021118e-4
58,19,3,4,2400,169,-1.221597194672e-4,-2.359151840210e-4
59,19,3,4,4200,0,-3.118813037872e-5,-7.152557373047e-5
59,19,3,4,4200,1,-1.083165407181e-4,-1.304149627686e-4
59,19,3,4,4200,2,3.419816493988e-5,8.106231689453e-5
59,19,3,4,4200,3,2.653896808624e-5,4.065036773682e-5
59,19,3,4,4200,4,8.727610111237e-5,-8.630752563477e-5
59,19,3,4,4200,5,3.166496753693e-5,6.604194641113e-5
59,19,3,4,4200,6,4.935264587402e-5,-6.293058395386e-4
59,19,3,4,4200,7,-6.003677845001e-5,-4.334449768066e-4
59,19,3,4,4200,8,4.176795482635e-5,-5.531311035156e-5
59,19,3,4,4200,9,2.068281173706e-5,-2.622604370117e-5
59,19,3,4,4200,10,1.890659332275e-4,-2.870559692383e-4
59,19,3,4,4200,11,2.520829439163e-4,-2.133846282959e-4
59,19,3,4,4200,12,6.394088268280e-5,-5.377531051636e-4
59,19,3,4,4200,13,3.515183925629e-5,-2.545118331909e-4
59,19,3,4,4200,14,1.219660043716e-4,1.955270767212e-3
59,19,3,4,4200,15,7.791817188263e-5,9.994506835938e-4
59,19,3,4,4200,16,-2.202242612839e-4,-2.948284149170e-3
59,19,3,4,4200,17,-4.355609416962e-5,-1.348376274109e-3
59,19,3,4,4200,18,1.675635576248e-4,2.293586730957e-3
59,19,3,4,4200,19,1.072883605957e-4,1.159787178040e-3
59,19,3,4,4200,20,6.668269634247e-5,-3.709673881531e-3
59,19,3,4,4200,21,2.383589744568e-4,-2.677917480469e-3
59,19,3,4,4200,22,-9.320974349976e-4,-3.993511199951e-5
59,19,3,4,4200,23,-4.516392946243e-4,-9.894371032715e-6
59,19,3,4,4200,24,-3.574937582016e-4,2.569913864136e-3
59,19,3,4,4200,25,-7.881224155426e-5,1.392602920532e-3
59,19,3,4,4200,26,-3.610551357269e-5,-2.567768096924e-4
59,19,3,4,4200,27,-3.095269203186e-4,-3.836154937744e-4
59,19,3,4,4200,28,-5.328655242920e-5,3.409385681152e-5
59,19,3,4,4200,29,1.013278961182e-5,-1.710653305054e-4
59,19,3,4,4200,30,-4.543811082840e-4,-5.280971527100e-5
59,19,3,4,4200,31,-4.692226648331e-4,-1.525878906250e-5
59,19,3,4,4200,32,-1.528412103653e-4,1.060605049133e-3
59,19,3,4,4200,33,-4.376769065857e-4,2.065181732178e-3
59,19,3,4,4200,34,7.557868957520e-5,1.019239425659e-3
59,19,3,4,4200,35,4.899501800537e-5,5.170106887817e-4
59,19,3,4,4200,36,9.496510028839e-5,-1.753330230713e-3
59,19,3,4,4200,37,1.229494810104e-4,-2.669095993042e-4
59,19,3,4,4200,38,-1.822710037231e-4,3.378987312317e-3
59,19,3,4,4200,39,-6.611645221710e-5,1.698613166809e-3
59,19,3,4,4200,40,-2.126693725586e-4,3.749489784241e-3
59,19,3,4,4200,41,-3.811866044998e-4,7.264375686646e-3
59,19,3,4,4200,42,-1.996755599976e-5,2.138376235962e-3
59,19,3,4,4200,43,-2.155452966690e-4,4.077911376953e-3
59,19,3,4,4200,44,2.381205558777e-4,7.667541503906e-4
59,19,3,4,4200,45,4.644691944122e-5,-3.862380981445e-5
59,19,3,4,4200,46,6.781518459320e-5,-5.497932434082e-4
59,19,3,4,4200,47,3.261864185333e-5,-2.672672271729e-4
59,19,3,4,4200,48,-6.602704524994e-5,4.651546478271e-4
59,19,3,4,4200,49,-2.277940511703e-4,8.527040481567e-4
59,19,3,4,4200,50,1.829862594604e-4,1.175403594971e-4
59,19,3,4,4200,51,6.021559238434e-5,7.683038711548e-4
59,19,3,4,4200,52,3.035068511963e-4,-3.564119338989e-3
59,19,3,4,4200,53,3.003627061844e-4,-8.807182312012e-4
59,19,3,4,4200,54,1.768916845322e-4,-9.130239486694e-4
59,19,3,4,4200,55,-5.254596471786e-4,1.848936080933e-3
59,19,3,4,4200,56,-1.902431249619e-4,1.917839050293e-3
59,19,3,4,4200,57,-2.608299255371e-4,4.093170166016e-3
59,19,3,4,4200,58,3.414601087570e-4,4.798173904419e-4
59,19,3,4,4200,59,-2.330541610718e-5,8.146762847900e-4
59,19,3,4,4200,60,1.624077558517e-4,6.783008575439e-4
59,19,3,4,4200,61,5.312263965607e-5,2.781152725220e-4
59,19,3,4,4200,62,3.799349069595e-4,7.691383361816e-4
59,19,3,4,4200,63,4.977732896805e-4,3.979206085205e-4
59,19,3,4,4200,64,-1.950562000275e-5,-1.881122589111e-4
59,19,3,4,4200,65,3.127753734589e-5,-4.944801330566e-4
59,19,3,4,4200,66,2.045929431915e-5,-1.850485801697e-3
59,19,3,4,4200,67,2.121925354004e-5,-9.131431579590e-4
59,19,3,4,4200,68,-1.690387725830e-4,-5.941390991211e-4
59,19,3,4,4200,69,-4.954636096954e-5,-2.853870391846e-4
59,19,3,4,4200,70,1.343935728073e-4,2.980232238770e-5
59,19,3,4,4200,71,1.483708620071e-4,7.960796356201e-4
59,19,3,4,4200,72,-1.228898763657e-4,-7.112026214600e-4
59,19,3,4,4200,73,-1.844316720963e-4,-1.222372055054e-3
59,19,3,4,4200,74,2.986043691635e-4,-1.430273056030e-3
59,19,3,4,4200,75,1.565665006638e-4,-7.190704345703e-4
59,19,3,4,4200,76,1.049190759659e-4,1.469731330872e-3
59,19,3,4,4200,77,4.189163446426e-4,2.113819122314e-3
59,19,3,4,4200,78,-2.343803644180e-4,2.173900604248e-3
59,19,3,4,4200,79,-7.532835006714e-4,3.743290901184e-3
59,19,3,4,4200,80,-3.789365291595e-5,2.951860427856e-3
59,19,3,4,4200,81,1.522898674011e-4,1.333832740784e-3
59,19,3,4,4200,82,3.492832183838e-4,1.649856567383e-4
59,19,3,4,4200,83,7.736682891846e-5,1.656532287598e-3
59,19,3,4,4200,84,-2.737343311310e-5,8.994340896606e-4
59,19,3,4,4200,85,-1.282542943954e-4,1.473665237427e-3
59,19,3,4,4200,86,-2.272427082062e-5,7.945299148560e-4
59,19,3,4,4200,87,4.664063453674e-6,4.167556762695e-4
59,19,3,4,4200,88,3.107190132141e-4,5.256175994873e-3
59,19,3,4,4200,89,3.249794244766e-4,8.327007293701e-3
59,19,3,4,4200,90,-1.405030488968e-4,2.155303955078e-4
59,19,3,4,4200,91,-3.044605255127e-4,-2.505779266357e-4
59,19,3,4,4200,92,-1.298636198044e-4,1.200675964355e-3
59,19,3,4,4200,93,-2.650618553162e-4,-1.192092895508e-6
59,19,3,4,4200,94,-4.959106445312e-5,2.847909927368e-4
59,19,3,4,4200,95,-1.780688762665e-5,1.473426818848e-4
59,19,3,4,4200,96,-5.279034376144e-4,-5.167007446289e-3
59,19,3,4,4200,97,-1.357048749924e-4,-2.447366714478e-3
59,19,3,4,4200,98,-3.900080919266e-4,-5.459785461426e-4
59,19,3,4,4200,99,-1.811534166336e-4,-2.707242965698e-4
59,19,3,4,4200,100,-4.251301288605e-5,-4.208087921143e-4
59,19,3,4,4200,101,-2.078711986542e-5,-2.077817916870e-4
59,19,3,4,4200,102,1.810044050217e-4,-9.173154830933e-4
59,19,3,4,4200,103,1.493692398071e-4,-1.260757446289e-3
59,19,3,4,4200,104,3.532022237778e-4,1.202225685120e-3
59,19,3,4,4200,105,1.262277364731e-4,5.872249603271e-4
59,19,3,4,4200,106,2.135783433914e-4,7.997751235962e-4
59,19,3,4,4200,107,1.133233308792e-4,4.025697708130e-4
59,19,3,4,4200,108,5.401819944382e-4,-1.786589622498e-3
59,19,3,4,4200,109,4.856586456299e-4,-4.241466522217e-4
59,19,3,4,4200,110,-5.894899368286e-5,-8.344650268555e-6
59,19,3,4,4200,111,6.489455699921e-5,3.750324249268e-4
59,19,3,4,4200,112,-3.463029861450e-4,5.043029785156e-3
59,19,3,4,4200,113,-3.396719694138e-4,3.077983856201e-3
59,19,3,4,4200,114,-1.060962677002e-5,-1.699924468994e-4
59,19,3,4,4200,115,1.368671655655e-4,-2.217292785645e-5
59,19,3,4,4200,116,1.574158668518e-4,1.427769660950e-3
59,19,3,4,4200,117,1.561790704727e-4,7.250308990479e-4
59,19,3,4,4200,118,1.177638769150e-4,9.615421295166e-4
59,19,3,4,4200,119,-4.293769598007e-4,-1.915931701660e-3
59,19,3,4,4200,120,7.225573062897e-5,-2.426624298096e-3
59,19,3,4,4200,121,7.216632366180e-5,-1.078486442566e-3
59,19,3,4,4200,122,4.331767559052e-5,-2.055168151855e-4
59,19,3,4,4200,123,1.549273729324e-4,-1.004934310913e-4
59,19,3,4,4200,124,4.559755325317e-5,-2.151489257812e-3
59,19,3,4,4200,125,2.436190843582e-4,-3.229022026062e-3
59,19,3,4,4200,126,-2.087801694870e-4,9.448528289795e-4
59,19,3,4,4200,127,-5.555897951126e-4,3.576874732971e-3
59,19,3,4,4200,128,1.113116741180e-5,4.076957702637e-5
59,19,3,4,4200,129,-1.640617847443e-5,2.197504043579e-3
59,19,3,4,4200,130,-5.889385938644e-4,-6.107687950134e-3
59,19,3,4,4200,131,-2.307295799255e-4,-3.026247024536e-3
59,19,3,4,4200,132,-5.231946706772e-4,6.890296936035e-4
59,19,3,4,4200,133,-1.872628927231e-4,3.595352172852e-4
59,19,3,4,4200,134,-1.779049634933e-4,-1.201629638672e-4
59,19,3,4,4200,135,-2.475529909134e-4,1.465082168579e-4
59,19,3,4,4200,136,3.867149353027e-4,3.463864326477e-3
59,19,3,4,4200,137,1.755952835083e-4,6.785392761230e-4
59,19,3,4,4200,138,-2.288669347763e-4,1.380920410156e-3
59,19,3,4,4200,139,-7.593631744385e-5,7.095336914062e-4
59,19,3,4,4200,140,-9.540766477585e-4,1.575708389282e-3
59,19,3,4,4200,141,-4.456043243408e-4,7.697343826294e-4
59,19,3,4,4200,142,-6.765574216843e-4,2.830743789673e-3
59,19,3,4,4200,143,-4.820227622986e-4,-2.756118774414e-4
59,19,3,4,4200,144,1.758188009262e-4,7.925033569336e-4
59,19,3,4,4200,145,3.389865159988e-4,-4.336833953857e-4
59,19,3,4,4200,146,-2.986788749695e-4,-1.486659049988e-3
59,19,3,4,4200,147,-8.331239223480e-5,-7.041692733765e-4
59,19,3,4,4200,148,-1.990199089050e-4,1.954078674316e-3
59,19,3,4,4200,149,-7.510185241699e-5,9.913444519043e-4
59,19,3,4,4200,150,1.703947782516e-4,1.882314682007e-3
59,19,3,4,4200,151,1.735091209412e-4,-8.424520492554e-4
59,19,3,4,4200,152,1.336485147476e-4,3.992676734924e-3
59,19,3,4,4200,153,1.135617494583e-4,2.986907958984e-3
59,19,3,4,4200,154,-4.645735025406e-4,2.549171447754e-3
59,19,3,4,4200,155,-2.165287733078e-4,6.568431854248e-4
59,19,3,4,4200,156,-6.142407655716e-4,3.726720809937e-3
59,19,3,4,4200,157,-2.356618642807e-4,2.670288085938e-3
59,19,3,4,4200,158,-2.603381872177e-4,1.051187515259e-3
59,19,3,4,4200,159,-4.681944847107e-4,3.613471984863e-3
59,19,3,4,4200,160,-2.813339233398e-5,1.548051834106e-3
59,19,3,4,4200,161,3.349781036377e-5,4.666090011597e-3
59,19,3,4,4200,162,-8.039176464081e-5,2.514123916626e-3
59,19,3,4,4200,163,-4.716217517853e-5,1.442670822144e-3
59,19,3,4,4200,164,-2.145171165466e-4,-3.345012664795e-4
59,19,3,4,4200,165,-3.860443830490e-4,-8.333921432495e-4
59,19,3,4,4200,166,-1.563578844070e-4,-7.181167602539e-4
59,19,3,4,4200,167,-2.284348011017e-5,-2.645254135132e-4
59,19,3,4,4200,168,-7.243901491165e-4,2.330422401428e-3
59,19,3,4,4200,169,-3.192424774170e-4,1.216053962708e-3
60,20,4,0,600,0,-1.871585845947e-5,-5.505084991455e-4
60,20,4,0,600,1,-1.114606857300e-5,-2.852678298950e-4
60,20,4,0,600,2,-3.790855407715e-5,-1.120567321777e-4
60,20,4,0,600,3,-7.617473602295e-5,-2.248287200928e-4
60,20,4,0,600,4,-1.204013824463e-5,-8.082389831543e-5
60,20,4,0,600,5,-2.068281173706e-5,-1.617670059204e-4
60,20,4,0,600,6,-1.639127731323e-5,-5.924701690674e-5
60,20,4,0,600,7,-3.230571746826e-5,-1.151561737061e-4
60,20,4,0,600,8,1.674890518188e-5,5.567073822021e-5
60,20,4,0,600,9,3.993511199951e-5,1.118183135986e-4
60,20,4,0,600,10,-2.193450927734e-5,-3.504753112793e-5
60,20,4,0,600,11,-4.887580871582e-6,-1.931190490723e-5
60,20,4,0,600,12,4.297494888306e-5,1.478195190430e-5
60,20,4,0,600,13,9.185075759888e-5,2.920627593994e-5
60,20,4,0,600,14,7.224082946777e-5,4.172325134277e-5
60,20,4,0,600,15,3.606081008911e-5,2.110004425049e-5
60,20,4,0,600,16,-7.688999176025e-5,2.574920654297e-5
60,20,4,0,600,17,-3.850460052490e-5,1.287460327148e-5
60,20,4,0,600,18,-7.987022399902e-6,-6.389617919922e-5
60,20,4,0,600,19,-3.015995025635e-5,-7.224082946777e-5
60,20,4,0,600,20,4.470348358154e-5,-2.610683441162e-5
60,20,4,0,600,21,5.888938903809e-5,-1.144409179688e-5
60,20,4,0,600,22,-5.424022674561e-6,-3.933906555176e-5
60,20,4,0,600,23,-2.741813659668e-6,-2.300739288330e-5
60,20,4,0,600,24,-1.716613769531e-5,-5.316734313965e-5
60,20,4,0,600,25,-1.019239425659e-5,-5.483627319336e-6
60,20,4,0,600,26,-7.337331771851e-5,-2.281665802002e-4
60,20,4,0,600,27,-8.761882781982e-6,-9.727478027344e-5
60,20,4,0,600,28,1.168251037598e-5,1.963376998901e-4
60,20,4,0,600,29,2.618432044983e-4,3.035068511963e-4
60,20,4,0,600,30,1.364946365356e-5,1.535415649414e-4
60,20,4,0,600,31,5.364418029785e-6,1.659393310547e-4
60,20,4,0,600,32,-6.049871444702e-5,-1.080036163330e-4
60,20,4,0,600,33,-7.772445678711e-5,-1.497268676758e-4
60,20,4,0,600,34,-9.167194366455e-5,-3.921985626221e-5
60,20,4,0,600,35,-7.903575897217e-5,-6.413459777832e-5
60,20,4,0,600,36,-4.506111145020e-5,1.919269561768e-5
60,20,4,0,600,37,-9.477138519287e-6,-6.914138793945e-6
60,20,4,0,600,38,1.469254493713e-4,6.830692291260e-5
60,20,4,0,600,39,7.873773574829e-5,3.123283386230e-5
60,20,4,0,600,40,-8.094310760498e-5,-1.771450042725e-4
60,20,4,0,600,41,-3.504753112793e-5,-8.797645568848e-5
60,20,4,0,600,42,-2.520084381104e-4,-4.136562347412e-4
60,20,4,0,600,43,-1.142024993896e-4,-2.884864807129e-4
60,20,4,0,600,44,-5.835294723511e-4,1.568794250488e-3
60,20,4,0,600,45,-2.860426902771e-4,8.169412612915e-4
60,20,4,0,600,46,3.182888031006e-5,-3.564357757568e-4
60,20,4,0,600,47,-7.033348083496e-6,-7.846355438232e-4
60,20,4,0,600,48,1.242756843567e-4,5.829334259033e-5
60,20,4,0,600,49,2.017021179199e-4,2.644062042236e-4
60,20,4,0,600,50,-2.801418304443e-5,5.340576171875e-4
60,20,4,0,600,51,-3.278255462646e-6,3.182888031006e-4
60,20,4,0,600,52,-4.708170890808e-4,2.436637878418e-4
60,20,4,0,600,53,-2.261996269226e-4,1.678466796875e-4
60,20,4,0,600,54,-4.708766937256e-6,-7.877349853516e-4
60,20,4,0,600,55,6.735324859619e-6,-3.991127014160e-4
60,20,4,0,600,56,6.258487701416e-6,1.309275627136e-3
60,20,4,0,600,57,1.603364944458e-5,6.697177886963e-4
60,20,4,0,600,58,1.097917556763e-4,-6.883144378662e-4
60,20,4,0,600,59,3.061294555664e-4,-1.215219497681e-3
60,20,4,0,600,60,-1.475214958191e-4,8.463859558105e-5
60,20,4,0,600,61,-1.347064971924e-4,1.595020294189e-4
60,20,4,0,600,62,1.149773597717e-4,1.324415206909e-4
60,20,4,0,600,63,6.043910980225e-5,1.416206359863e-4
60,20,4,0,600,64,3.343224525452e-4,1.509189605713e-4
60,20,4,0,600,65,1.676082611084e-4,7.998943328857e-5
60,20,4,0,600,66,5.847215652466e-5,1.144409179688e-5
60,20,4,0,600,67,5.054473876953e-5,8.940696716309e-6
60,20,4,0,600,68,-5.364418029785e-6,6.508827209473e-5
60,20,4,0,600,69,-4.786252975464e-5,1.380443572998e-4
60,20,4,0,600,70,6.157159805298e-5,-1.380443572998e-4
60,20,4,0,600,71,7.748603820801e-6,-2.323389053345e-4
60,20,4,0,600,72,7.992982864380e-5,2.706050872803e-5
60,20,4,0,600,73,4.059076309204e-5,6.198883056641e-6
60,20,4,0,600,74,-5.471706390381e-5,-2.884864807129e-5
60,20,4,0,600,75,-1.472234725952e-4,-3.314018249512e-5
60,20,4,0,600,76,-2.169609069824e-5,-3.504753112793e-5
60,20,4,0,600,77,-1.877546310425e-5,6.914138793945e-6
60,20,4,0,600,78,4.601478576660e-5,1.044273376465e-4
60,20,4,0,600,79,2.294778823853e-5,4.875659942627e-5
60,20,4,0,600,80,1.717805862427e-4,2.157688140869e-5
60,20,4,0,600,81,8.779764175415e-5,1.144409179688e-5
60,20,4,0,600,82,4.708766937256e-5,-1.692771911621e-5
60,20,4,0,600,83,2.129077911377e-4,2.225637435913e-4
60,20,4,0,600,84,-1.322031021118e-4,2.491474151611e-4
60,20,4,0,600,85,-1.556873321533e-4,1.260042190552e-4
60,20,4,0,600,86,-9.751319885254e-5,-7.057189941406e-5
60,20,4,0,600,87,-1.462697982788e-4,-1.749992370605e-4
60,20,4,0,600,88,2.051591873169e-4,2.868175506592e-4
60,20,4,0,600,89,1.034736633301e-4,1.442432403564e-4
60,20,4,0,600,90,1.630783081055e-4,-1.382827758789e-4
60,20,4,0,600,91,8.094310760498e-5,-6.937980651855e-5
60,20,4,0,600,92,-1.428127288818e-4,3.417730331421e-4
60,20,4,0,600,93,-4.714727401733e-5,1.761913299561e-4
60,20,4,0,600,94,-8.916854858398e-5,5.280971527100e-5
60,20,4,0,600,95,-1.440048217773e-4,1.640319824219e-4
60,20,4,0,600,96,-1.293420791626e-4,1.087546348572e-3
60,20,4,0,600,97,-6.949901580811e-5,5.564689636230e-4
60,20,4,0,600,98,2.443790435791e-6,-3.838539123535e-5
60,20,4,0,600,99,2.604722976685e-5,-1.835823059082e-5
60,20,4,0,600,100,-3.522634506226e-5,-4.196166992188e-4
60,20,4,0,600,101,9.691715240479e-5,-1.869201660156e-4
60,20,4,0,600,102,-1.604557037354e-4,-2.460479736328e-4
60,20,4,0,600,103,-7.593631744385e-5,-1.229047775269e-4
60,20,4,0,600,104,-1.263022422791e-4,-1.490116119385e-4
60,20,4,0,600,105,-4.404783248901e-5,-6.365776062012e-5
60,20,4,0,600,106,-2.212524414062e-4,-4.258155822754e-4
60,20,4,0,600,107,-2.022981643677e-4,-2.385377883911e-4
60,20,4,0,600,108,-1.432895660400e-4,-6.592273712158e-5
60,20,4,0,600,109,-7.081031799316e-5,-3.385543823242e-5
60,20,4,0,600,110,8.988380432129e-5,-1.177787780762e-4
60,20,4,0,600,111,4.839897155762e-5,-5.304813385010e-5
60,20,4,0,600,112,3.409981727600e-4,2.804994583130e-4
60,20,4,0,600,113,1.572370529175e-4,6.067752838135e-5
60,20,4,0,600,114,1.027584075928e-4,2.721548080444e-4
60,20,4,0,600,115,1.186132431030e-4,1.513957977295e-4
60,20,4,0,600,116,3.433227539062e-5,8.511543273926e-5
60,20,4,0,600,117,-1.013278961182e-5,7.104873657227e-5
60,20,4,0,600,118,-4.261732101440e-5,-1.001358032227e-5
60,20,4,0,600,119,-8.428096771240e-5,-1.978874206543e-5
60,20,4,0,600,120,2.739429473877e-4,-2.059936523438e-4
60,20,4,0,600,121,1.397132873535e-4,-1.016855239868e-4
60,20,4,0,600,122,1.034736633301e-4,-1.355409622192e-4
60,20,4,0,600,123,5.197525024414e-5,-6.723403930664e-5
60,20,4,0,600,124,1.705288887024e-4,-1.542568206787e-4
60,20,4,0,600,125,8.845329284668e-5,-8.821487426758e-5
60,20,4,0,600,126,1.032948493958e-4,-3.848075866699e-4
60,20,4,0,600,127,5.221366882324e-5,-2.019405364990e-4
60,20,4,0,600,128,1.692771911621e-4,-7.593631744385e-4
60,20,4,0,600,129,9.500980377197e-5,-2.514123916626e-4
60,20,4,0,600,130,2.167820930481e-4,-4.359483718872e-4
60,20,4,0,600,131,1.095533370972e-4,-2.170801162720e-4
60,20,4,0,600,132,1.062154769897e-4,-1.072883605957e-4
60,20,4,0,600,133,-4.768371582031e-5,5.638599395752e-5
60,20,4,0,600,134,2.968311309814e-5,2.019405364990e-4
60,20,4,0,600,135,1.263618469238e-5,1.013278961182e-4
60,20,4,0,600,136,-1.628398895264e-4,-3.528594970703e-4
60,20,4,0,600,137,-9.429454803467e-5,6.341934204102e-5
60,20,4,0,600,138,-2.089738845825e-4,-1.935958862305e-4
60,20,4,0,600,139,-1.200437545776e-4,-1.815557479858e-4
60,20,4,0,600,140,6.061792373657e-5,-1.008510589600e-4
60,20,4,0,600,141,3.194808959961e-5,-5.173683166504e-5
60,20,4,0,600,142,5.602836608887e-5,-2.428293228149e-4
60,20,4,0,600,143,2.723932266235e-5,-1.266002655029e-4
60,20,4,0,600,144,3.969669342041e-4,-8.692741394043e-4
60,20,4,0,600,145,1.904964447021e-4,-4.349946975708e-4
60,20,4,0,600,146,1.130700111389e-4,-1.832246780396e-4
60,20,4,0,600,147,5.608797073364e-5,-6.282329559326e-5
60,20,4,0,600,148,2.415776252747e-4,-9.346008300781e-5
60,20,4,0,600,149,1.480579376221e-4,-2.908706665039e-5
60,20,4,0,600,150,-1.919269561768e-5,-4.482269287109e-5
60,20,4,0,600,151,-3.927946090698e-5,-8.821487426758e-5
60,20,4,0,600,152,-3.265142440796e-4,-2.908706665039e-4
60,20,4,0,600,153,-1.530051231384e-4,-1.204013824463e-4
60,20,4,0,600,154,-1.759529113770e-4,-1.752376556396e-5
60,20,4,0,600,155,-8.738040924072e-5,-1.263618469238e-5
60,20,4,0,600,156,2.012252807617e-4,2.360343933105e-5
60,20,4,0,600,157,9.471178054810e-5,5.960464477539e-6
60,20,4,0,600,158,-6.550550460815e-5,3.731250762939e-5
60,20,4,0,600,159,-8.130073547363e-5,1.541376113892e-4
60,20,4,0,600,160,2.253651618958e-4,4.768371582031e-6
60,20,4,0,600,161,1.170635223389e-4,1.001358032227e-5
60,20,4,0,600,162,-1.327395439148e-4,6.527900695801e-4
60,20,4,0,600,163,-5.567073822021e-5,3.321170806885e-4
60,20,4,0,600,164,-2.221465110779e-4,-1.420974731445e-3
60,20,4,0,600,165,-1.098513603210e-4,-7.014274597168e-4
60,20,4,0,600,166,-2.331733703613e-4,-5.784034729004e-4
60,20,4,0,600,167,-8.702278137207e-5,-3.206729888916e-4
60,20,4,0,600,168,-1.430511474609e-5,-2.104043960571e-4
60,20,4,0,600,169,7.987022399902e-5,-1.456737518311e-4
61,20,4,0,2400,0,-4.611611366272e-4,7.951259613037e-5
61,20,4,0,2400,1,-2.253055572510e-4,4.339218139648e-5
61,20,4,0,2400,2,-1.257061958313e-4,8.146762847900e-4
61,20,4,0,2400,3,1.570582389832e-4,1.721262931824e-3
61,20,4,0,2400,4,-1.130700111389e-4,-5.464553833008e-4
61,20,4,0,2400,5,1.289844512939e-4,-7.565021514893e-4
61,20,4,0,2400,6,-1.657009124756e-5,1.197695732117e-3
61,20,4,0,2400,7,2.074241638184e-5,6.011724472046e-4
61,20,4,0,2400,8,3.647208213806e-4,2.094268798828e-3
61,20,4,0,2400,9,2.022981643677e-4,9.994506835938e-4
61,20,4,0,2400,10,1.189708709717e-4,-2.698898315430e-4
61,20,4,0,2400,11,4.057288169861e-4,2.810955047607e-4
61,20,4,0,2400,12,-1.618862152100e-4,9.511709213257e-4
61,20,4,0,2400,13,4.327297210693e-5,2.172946929932e-3
61,20,4,0,2400,14,2.712607383728e-4,1.588582992554e-3
61,20,4,0,2400,15,1.594424247742e-4,8.114576339722e-4
61,20,4,0,2400,16,-8.392930030823e-4,2.075195312500e-3
61,20,4,0,2400,17,-4.100799560547e-4,1.060247421265e-3
61,20,4,0,2400,18,1.377463340759e-4,-8.070468902588e-5
61,20,4,0,2400,19,8.642673492432e-5,-2.694129943848e-5
61,20,4,0,2400,20,1.909732818604e-4,-8.583068847656e-5
61,20,4,0,2400,21,1.627206802368e-4,-1.406311988831e-3
61,20,4,0,2400,22,4.923343658447e-4,5.006790161133e-6
61,20,4,0,2400,23,6.898641586304e-4,-1.087307929993e-3
61,20,4,0,2400,24,5.483627319336e-6,1.132011413574e-3
61,20,4,0,2400,25,1.939535140991e-4,1.100063323975e-3
61,20,4,0,2400,26,1.496076583862e-4,2.202510833740e-3
61,20,4,0,2400,27,8.416175842285e-5,1.116514205933e-3
61,20,4,0,2400,28,-2.463459968567e-4,-1.363754272461e-4
61,20,4,0,2400,29,-1.106858253479e-4,-6.639957427979e-5
61,20,4,0,2400,30,-4.178285598755e-5,-9.472370147705e-4
61,20,4,0,2400,31,-5.364418029785e-6,-4.589557647705e-4
61,20,4,0,2400,32,1.587271690369e-4,-3.163099288940e-3
61,20,4,0,2400,33,8.094310760498e-5,-1.568317413330e-3
61,20,4,0,2400,34,7.551908493042e-5,-6.633996963501e-4
61,20,4,0,2400,35,6.508827209473e-5,-2.694129943848e-5
61,20,4,0,2400,36,-1.417398452759e-4,9.140968322754e-4
61,20,4,0,2400,37,-3.963708877563e-5,4.606246948242e-4
61,20,4,0,2400,38,-4.273653030396e-5,2.015590667725e-3
61,20,4,0,2400,39,2.992153167725e-5,1.440405845642e-3
61,20,4,0,2400,40,-3.815293312073e-4,1.015543937683e-3
61,20,4,0,2400,41,-1.633167266846e-4,5.235671997070e-4
61,20,4,0,2400,42,-2.246499061584e-4,-5.179405212402e-3
61,20,4,0,2400,43,-5.084276199341e-5,-2.578735351562e-3
61,20,4,0,2400,44,1.719117164612e-3,1.040458679199e-3
61,20,4,0,2400,45,9.171366691589e-4,5.412101745605e-4
61,20,4,0,2400,46,-5.412101745605e-4,-1.706361770630e-3
61,20,4,0,2400,47,-1.600980758667e-4,3.178119659424e-4
61,20,4,0,2400,48,-5.348920822144e-4,1.151084899902e-3
61,20,4,0,2400,49,-6.855726242065e-4,4.179477691650e-3
61,20,4,0,2400,50,-4.395246505737e-4,4.471540451050e-4
61,20,4,0,2400,51,-1.940727233887e-4,2.502202987671e-4
61,20,4,0,2400,52,5.966424942017e-4,1.477956771851e-3
61,20,4,0,2400,53,3.408193588257e-4,7.531642913818e-4
61,20,4,0,2400,54,-7.222890853882e-4,1.990079879761e-3
61,20,4,0,2400,55,-7.485151290894e-4,2.465248107910e-3
61,20,4,0,2400,56,-1.790523529053e-4,2.949237823486e-4
61,20,4,0,2400,57,-3.135204315186e-5,3.708600997925e-4
61,20,4,0,2400,58,1.875162124634e-4,-3.165841102600e-3
61,20,4,0,2400,59,9.930133819580e-5,-1.581192016602e-3
61,20,4,0,2400,60,-3.910064697266e-4,1.301765441895e-3
61,20,4,0,2400,61,-1.741647720337e-4,6.669759750366e-4
61,20,4,0,2400,62,1.317858695984e-4,-1.288652420044e-4
61,20,4,0,2400,63,4.470348358154e-6,3.771781921387e-4
61,20,4,0,2400,64,-2.530217170715e-4,6.005048751831e-3
61,20,4,0,2400,65,-8.440017700195e-5,2.955317497253e-3
61,20,4,0,2400,66,-3.544092178345e-4,1.478910446167e-3
61,20,4,0,2400,67,-1.333951950073e-4,6.706714630127e-4
61,20,4,0,2400,68,4.923343658447e-5,2.602338790894e-4
61,20,4,0,2400,69,-5.277395248413e-4,-1.387596130371e-4
61,20,4,0,2400,70,2.825260162354e-5,1.614928245544e-3
61,20,4,0,2400,71,-4.816055297852e-5,7.479190826416e-4
61,20,4,0,2400,72,-1.692771911621e-5,-1.203656196594e-3
61,20,4,0,2400,73,1.179575920105e-4,-3.278255462646e-4
61,20,4,0,2400,74,4.492998123169e-4,-4.010319709778e-3
61,20,4,0,2400,75,2.295970916748e-4,-2.001285552979e-3
61,20,4,0,2400,76,9.715557098389e-5,6.279945373535e-4
61,20,4,0,2400,77,7.218122482300e-5,3.218650817871e-4
61,20,4,0,2400,78,-4.953145980835e-4,-2.208948135376e-4
61,20,4,0,2400,79,-4.561543464661e-4,-3.302097320557e-5
61,20,4,0,2400,80,-6.811618804932e-4,1.076114177704e-2
61,20,4,0,2400,81,-3.029108047485e-4,5.405783653259e-3
61,20,4,0,2400,82,-4.695057868958e-4,8.399486541748e-4
61,20,4,0,2400,83,-2.028942108154e-4,4.247426986694e-4
61,20,4,0,2400,84,3.156661987305e-4,-3.441810607910e-3
61,20,4,0,2400,85,1.633167266846e-4,-1.714825630188e-3
61,20,4,0,2400,86,-2.157688140869e-4,4.036426544189e-4
61,20,4,0,2400,87,-9.375810623169e-5,4.038810729980e-4
61,20,4,0,2400,88,-2.296566963196e-4,1.877188682556e-3
61,20,4,0,2400,89,-2.551078796387e-5,1.461029052734e-3
61,20,4,0,2400,90,2.954006195068e-4,1.772761344910e-3
61,20,4,0,2400,91,1.654624938965e-4,1.843214035034e-3
61,20,4,0,2400,92,-2.834796905518e-4,-1.171827316284e-3
61,20,4,0,2400,93,-1.193284988403e-4,-5.676746368408e-4
61,20,4,0,2400,94,5.723834037781e-4,1.832365989685e-3
61,20,4,0,2400,95,3.005862236023e-4,9.202957153320e-4
61,20,4,0,2400,96,-1.643300056458e-4,2.439022064209e-4
61,20,4,0,2400,97,-1.135468482971e-4,3.955364227295e-4
61,20,4,0,2400,98,-2.794265747070e-4,1.103878021240e-4
61,20,4,0,2400,99,-8.589029312134e-5,8.273124694824e-5
61,20,4,0,2400,100,-9.113550186157e-5,4.428744316101e-3
61,20,4,0,2400,101,-3.916025161743e-5,2.085685729980e-3
61,20,4,0,2400,102,-1.774430274963e-4,-3.739595413208e-4
61,20,4,0,2400,103,-7.569789886475e-5,-1.733303070068e-4
61,20,4,0,2400,104,-2.377629280090e-4,2.157688140869e-4
61,20,4,0,2400,105,-5.054473876953e-5,3.007650375366e-4
61,20,4,0,2400,106,-3.238916397095e-4,3.317356109619e-3
61,20,4,0,2400,107,-1.418590545654e-4,1.673698425293e-3
61,20,4,0,2400,108,-6.552934646606e-4,3.301620483398e-3
61,20,4,0,2400,109,-3.312826156616e-4,1.616358757019e-3
61,20,4,0,2400,110,3.613829612732e-4,-2.279043197632e-3
61,20,4,0,2400,111,2.439022064209e-4,-1.090526580811e-3
61,20,4,0,2400,112,-3.861188888550e-4,2.434968948364e-3
61,20,4,0,2400,113,-7.072091102600e-4,3.718376159668e-3
61,20,4,0,2400,114,-2.282261848450e-4,-5.975365638733e-3
61,20,4,0,2400,115,3.266334533691e-5,-2.955436706543e-3
61,20,4,0,2400,116,4.162192344666e-4,8.362531661987e-4
61,20,4,0,2400,117,4.312992095947e-4,-8.751153945923e-4
61,20,4,0,2400,118,3.113746643066e-4,-2.877712249756e-4
61,20,4,0,2400,119,2.030730247498e-4,-1.078844070435e-4
61,20,4,0,2400,120,1.096725463867e-4,2.870917320251e-3
61,20,4,0,2400,121,3.976225852966e-4,3.579854965210e-3
61,20,4,0,2400,122,9.595155715942e-4,1.877546310425e-3
61,20,4,0,2400,123,6.080865859985e-4,1.323461532593e-3
61,20,4,0,2400,124,-2.908706665039e-4,5.457401275635e-4
61,20,4,0,2400,125,-5.422234535217e-4,8.773803710938e-5
61,20,4,0,2400,126,6.779432296753e-4,6.623268127441e-4
61,20,4,0,2400,127,3.455877304077e-4,3.412961959839e-4
61,20,4,0,2400,128,-1.175403594971e-4,-1.615285873413e-3
61,20,4,0,2400,129,-2.454519271851e-4,-9.999275207520e-4
61,20,4,0,2400,130,-5.594491958618e-4,6.188631057739e-3
61,20,4,0,2400,131,-2.179741859436e-4,3.108382225037e-3
61,20,4,0,2400,132,7.514357566833e-4,-2.159357070923e-3
61,20,4,0,2400,133,3.792643547058e-4,-1.077294349670e-3
61,20,4,0,2400,134,1.720190048218e-4,-1.011490821838e-3
61,20,4,0,2400,135,5.616545677185e-4,-1.775383949280e-3
61,20,4,0,2400,136,2.462267875671e-4,1.066207885742e-3
61,20,4,0,2400,137,1.334547996521e-4,5.434751510620e-4
61,20,4,0,2400,138,1.995563507080e-4,1.102209091187e-3
61,20,4,0,2400,139,6.997585296631e-5,8.780956268311e-4
61,20,4,0,2400,140,3.288984298706e-4,1.213550567627e-4
61,20,4,0,2400,141,9.047985076904e-5,7.064342498779e-4
61,20,4,0,2400,142,-7.826089859009e-5,-1.145958900452e-3
61,20,4,0,2400,143,-2.062320709229e-5,-5.775690078735e-4
61,20,4,0,2400,144,1.751184463501e-4,1.256465911865e-4
61,20,4,0,2400,145,8.481740951538e-5,5.650520324707e-5
61,20,4,0,2400,146,-2.726316452026e-4,1.710772514343e-3
61,20,4,0,2400,147,-1.357197761536e-4,9.583234786987e-4
61,20,4,0,2400,148,1.758337020874e-4,-3.572702407837e-4
61,20,4,0,2400,149,8.815526962280e-5,-1.707077026367e-4
61,20,4,0,2400,150,1.065135002136e-4,1.931190490723e-4
61,20,4,0,2400,151,1.222491264343e-4,-5.841255187988e-5
61,20,4,0,2400,152,-1.478195190430e-4,1.838207244873e-4
61,20,4,0,2400,153,-2.825260162354e-5,5.576610565186e-4
61,20,4,0,2400,154,-8.225440979004e-6,-1.484513282776e-3
61,20,4,0,2400,155,1.370906829834e-6,-7.383823394775e-4
61,20,4,0,2400,156,-1.287460327148e-4,1.301765441895e-4
61,20,4,0,2400,157,-8.422136306763e-5,-8.583068847656e-6
61,20,4,0,2400,158,2.757906913757e-4,5.483627319336e-5
61,20,4,0,2400,159,1.233816146851e-4,-6.496906280518e-5
61,20,4,0,2400,160,1.087188720703e-4,-1.351833343506e-4
61,20,4,0,2400,161,5.501508712769e-5,-6.628036499023e-5
61,20,4,0,2400,162,-8.606910705566e-5,-1.064896583557e-3
61,20,4,0,2400,163,-4.202127456665e-5,-5.309581756592e-4
61,20,4,0,2400,164,0.000000000000e0,0.000000000000e0
61,20,4,0,2400,165,0.000000000000e0,0.000000000000e0
61,20,4,0,2400,166,0.000000000000e0,0.000000000000e0
61,20,4,0,2400,167,0.000000000000e0,0.000000000000e0
61,20,4,0,2400,168,0.000000000000e0,0.000000000000e0
61,20,4,0,2400,169,0.000000000000e0,0.000000000000e0
62,20,4,0,4200,0,-3.516674041748e-5,-9.126663208008e-4
62,20,4,0,4200,1,-2.160668373108e-5,-4.560947418213e-4
62,20,4,0,4200,2,1.044273376465e-4,8.523464202881e-4
62,20,4,0,4200,3,4.813075065613e-5,4.265308380127e-4
62,20,4,0,4200,4,8.910894393921e-5,-2.906322479248e-4
62,20,4,0,4200,5,3.981590270996e-5,-1.447200775146e-4
62,20,4,0,4200,6,6.207823753357e-5,-1.239538192749e-3
62,20,4,0,4200,7,3.251433372498e-5,-6.163120269775e-4
62,20,4,0,4200,8,9.879469871521e-5,1.317501068115e-3
62,20,4,0,4200,9,4.965066909790e-5,6.597042083740e-4
62,20,4,0,4200,10,-1.257658004761e-5,-1.538753509521e-3
62,20,4,0,4200,11,-7.182359695435e-6,-7.681846618652e-4
62,20,4,0,4200,12,-6.717443466187e-5,5.099773406982e-4
62,20,4,0,4200,13,-2.792477607727e-5,2.562999725342e-4
62,20,4,0,4200,14,-7.039308547974e-5,-1.972913742065e-3
62,20,4,0,4200,15,-3.373622894287e-5,-9.860992431641e-4
62,20,4,0,4200,16,-8.199512958527e-4,-7.402896881104e-4
62,20,4,0,4200,17,-3.834068775177e-4,-3.616809844971e-4
62,20,4,0,4200,18,9.874701499939e-4,3.472089767456e-3
62,20,4,0,4200,19,5.092620849609e-4,1.723527908325e-3
62,20,4,0,4200,20,3.273189067841e-4,-3.092288970947e-4
62,20,4,0,4200,21,7.472932338715e-4,-7.717609405518e-4
62,20,4,0,4200,22,5.373656749725e-4,-5.125999450684e-5
62,20,4,0,4200,23,2.918839454651e-4,-4.553794860840e-5
62,20,4,0,4200,24,4.026591777802e-4,4.468202590942e-3
62,20,4,0,4200,25,2.224445343018e-4,2.244234085083e-3
62,20,4,0,4200,26,-3.270506858826e-4,-5.784749984741e-3
62,20,4,0,4200,27,-1.678466796875e-4,-3.089904785156e-3
62,20,4,0,4200,28,2.622604370117e-5,9.348392486572e-4
62,20,4,0,4200,29,2.809166908264e-4,5.006790161133e-4
62,20,4,0,4200,30,-8.144974708557e-5,8.559226989746e-5
62,20,4,0,4200,31,-1.718997955322e-4,1.623630523682e-4
62,20,4,0,4200,32,-5.834102630615e-4,-4.378080368042e-3
62,20,4,0,4200,33,-1.528561115265e-4,-2.208471298218e-3
62,20,4,0,4200,34,6.920099258423e-4,4.620552062988e-3
62,20,4,0,4200,35,3.661811351776e-4,2.334833145142e-3
62,20,4,0,4200,36,6.793141365051e-4,1.035451889038e-3
62,20,4,0,4200,37,5.099177360535e-4,1.247167587280e-3
62,20,4,0,4200,38,1.233696937561e-3,-7.879018783569e-3
62,20,4,0,4200,39,6.703734397888e-4,-3.889083862305e-3
62,20,4,0,4200,40,4.271864891052e-4,3.490209579468e-3
62,20,4,0,4200,41,2.657175064087e-4,2.093076705933e-3
62,20,4,0,4200,42,7.708072662354e-4,5.131959915161e-3
62,20,4,0,4200,43,4.878938198090e-4,3.192901611328e-3
62,20,4,0,4200,44,9.697079658508e-4,-5.550146102905e-3
62,20,4,0,4200,45,4.050135612488e-4,-3.480434417725e-3
62,20,4,0,4200,46,-1.149177551270e-4,1.374673843384e-2
62,20,4,0,4200,47,1.386404037476e-4,6.948232650757e-3
62,20,4,0,4200,48,2.835690975189e-4,-1.063585281372e-3
62,20,4,0,4200,49,5.240142345428e-4,-2.254962921143e-3
62,20,4,0,4200,50,3.211200237274e-4,1.178503036499e-3
62,20,4,0,4200,51,2.183616161346e-4,5.738735198975e-4
62,20,4,0,4200,52,6.794929504395e-4,9.343624114990e-4
62,20,4,0,4200,53,1.217216253281e-3,1.840114593506e-3
62,20,4,0,4200,54,5.753934383392e-4,3.578662872314e-4
62,20,4,0,4200,55,7.516145706177e-4,-9.086132049561e-4
62,20,4,0,4200,56,2.422928810120e-4,1.122951507568e-4
62,20,4,0,4200,57,4.163682460785e-4,8.988380432129e-4
62,20,4,0,4200,58,3.847479820251e-4,2.956390380859e-5
62,20,4,0,4200,59,6.889700889587e-4,3.931522369385e-4
62,20,4,0,4200,60,-2.630054950714e-4,-3.302335739136e-3
62,20,4,0,4200,61,-7.722377777100e-4,-5.812883377075e-3
62,20,4,0,4200,62,-2.439022064209e-4,2.803564071655e-3
62,20,4,0,4200,63,-5.165636539459e-4,6.022214889526e-3
62,20,4,0,4200,64,2.072453498840e-4,6.842613220215e-5
62,20,4,0,4200,65,1.270473003387e-4,3.215074539185e-3
62,20,4,0,4200,66,3.552436828613e-5,7.874965667725e-4
62,20,4,0,4200,67,8.368492126465e-5,4.179477691650e-4
62,20,4,0,4200,68,-4.545748233795e-4,6.604433059692e-3
62,20,4,0,4200,69,-1.128017902374e-4,3.309726715088e-3
62,20,4,0,4200,70,1.317262649536e-5,-1.310110092163e-3
62,20,4,0,4200,71,-1.772046089172e-4,-4.340648651123e-3
62,20,4,0,4200,72,-2.399086952209e-5,-1.295328140259e-3
62,20,4,0,4200,73,-2.211332321167e-4,-1.955986022949e-3
62,20,4,0,4200,74,-1.470446586609e-4,-2.632379531860e-3
62,20,4,0,4200,75,5.781650543213e-6,-1.304626464844e-3
62,20,4,0,4200,76,2.834796905518e-4,8.042097091675e-3
62,20,4,0,4200,77,2.430379390717e-4,9.125471115112e-3
62,20,4,0,4200,78,-5.996227264404e-5,1.197242736816e-2
62,20,4,0,4200,79,5.245208740234e-6,5.145072937012e-3
62,20,4,0,4200,80,3.404021263123e-4,1.625299453735e-3
62,20,4,0,4200,81,3.126561641693e-4,1.515388488770e-3
62,20,4,0,4200,82,2.188384532928e-4,1.588821411133e-3
62,20,4,0,4200,83,-9.065866470337e-5,1.619338989258e-3
62,20,4,0,4200,84,9.506940841675e-6,-7.278919219971e-4
62,20,4,0,4200,85,-1.087784767151e-5,-1.483201980591e-3
62,20,4,0,4200,86,-4.011690616608e-4,-4.698276519775e-3
62,20,4,0,4200,87,-1.779794692993e-4,-2.585887908936e-3
62,20,4,0,4200,88,9.286105632782e-4,-2.397775650024e-3
62,20,4,0,4200,89,1.064300537109e-3,-4.980802536011e-3
62,20,4,0,4200,90,1.098871231079e-3,-3.442287445068e-3
62,20,4,0,4200,91,9.051561355591e-4,-6.539344787598e-3
62,20,4,0,4200,92,-1.584589481354e-4,-6.172657012939e-4
62,20,4,0,4200,93,-3.286898136139e-4,-3.969669342041e-4
62,20,4,0,4200,94,-3.569424152374e-4,8.352756500244e-3
62,20,4,0,4200,95,-1.413226127625e-4,4.164457321167e-3
62,20,4,0,4200,96,-6.538629531860e-5,-1.143693923950e-3
62,20,4,0,4200,97,-7.688999176025e-6,-5.624294281006e-4
62,20,4,0,4200,98,-3.218650817871e-6,3.112792968750e-3
62,20,4,0,4200,99,2.968311309814e-5,1.550436019897e-3
62,20,4,0,4200,100,-2.382397651672e-4,2.375841140747e-3
62,20,4,0,4200,101,-1.080036163330e-4,1.198768615723e-3
62,20,4,0,4200,102,3.371834754944e-4,-3.876209259033e-3
62,20,4,0,4200,103,1.177489757538e-4,-9.733915328979e-3
62,20,4,0,4200,104,6.119906902313e-4,1.555442810059e-3
62,20,4,0,4200,105,3.297030925751e-4,-1.365423202515e-3
62,20,4,0,4200,106,7.210373878479e-4,-7.340908050537e-3
62,20,4,0,4200,107,3.964602947235e-4,-3.626585006714e-3
62,20,4,0,4200,108,-6.586313247681e-5,2.035379409790e-3
62,20,4,0,4200,109,-4.310905933380e-4,1.898527145386e-3
62,20,4,0,4200,110,-4.741251468658e-4,7.671356201172e-3
62,20,4,0,4200,111,-2.170801162720e-4,3.866195678711e-3
62,20,4,0,4200,112,5.333423614502e-4,1.092672348022e-3
62,20,4,0,4200,113,4.699230194092e-4,-3.426074981689e-4
62,20,4,0,4200,114,-2.619028091431e-4,-2.817392349243e-3
62,20,4,0,4200,115,-1.192688941956e-4,-1.393556594849e-3
62,20,4,0,4200,116,-7.227659225464e-4,-4.616975784302e-3
62,20,4,0,4200,117,-3.530979156494e-4,-2.291202545166e-3
62,20,4,0,4200,118,7.359385490417e-4,8.889675140381e-3
62,20,4,0,4200,119,3.868341445923e-4,4.448175430298e-3
62,20,4,0,4200,120,7.959604263306e-4,1.016378402710e-3
62,20,4,0,4200,121,4.335343837738e-4,5.440711975098e-4
62,20,4,0,4200,122,-2.921223640442e-4,1.019477844238e-3
62,20,4,0,4200,123,-6.298124790192e-4,-8.130073547363e-5
62,20,4,0,4200,124,2.427697181702e-4,5.316734313965e-4
62,20,4,0,4200,125,2.118945121765e-4,-6.563663482666e-4
62,20,4,0,4200,126,8.344650268555e-5,-3.958225250244e-3
62,20,4,0,4200,127,-9.492039680481e-5,-1.287460327148e-3
62,20,4,0,4200,128,6.354749202728e-4,-1.808404922485e-3
62,20,4,0,4200,129,4.214048385620e-4,-8.952617645264e-4
62,20,4,0,4200,130,4.539489746094e-4,-1.031637191772e-3
62,20,4,0,4200,131,2.490282058716e-4,-5.075931549072e-4
62,20,4,0,4200,132,-8.517503738403e-5,-1.512289047241e-3
62,20,4,0,4200,133,8.127093315125e-5,-7.474422454834e-4
62,20,4,0,4200,134,2.509355545044e-5,-4.205226898193e-3
62,20,4,0,4200,135,-2.896189689636e-4,-7.156133651733e-3
62,20,4,0,4200,136,1.148879528046e-4,2.747297286987e-3
62,20,4,0,4200,137,3.487765789032e-4,6.842613220215e-4
62,20,4,0,4200,138,8.509159088135e-4,-4.665374755859e-3
62,20,4,0,4200,139,4.499852657318e-4,-2.298831939697e-3
62,20,4,0,4200,140,1.980960369110e-4,-4.665851593018e-4
62,20,4,0,4200,141,1.434683799744e-4,-2.241134643555e-4
62,20,4,0,4200,142,-2.622604370117e-5,1.457452774048e-3
62,20,4,0,4200,143,1.531839370728e-5,7.362365722656e-4
62,20,4,0,4200,144,4.770159721375e-4,2.092599868774e-3
62,20,4,0,4200,145,4.571676254272e-4,1.222848892212e-3
62,20,4,0,4200,146,3.073811531067e-4,1.173973083496e-3
62,20,4,0,4200,147,1.745820045471e-4,5.645751953125e-4
62,20,4,0,4200,148,-5.775690078735e-5,-8.592605590820e-4
62,20,4,0,4200,149,-2.074241638184e-5,-4.351139068604e-4
62,20,4,0,4200,150,-1.005917787552e-3,-7.781982421875e-3
62,20,4,0,4200,151,-4.587471485138e-4,-4.107952117920e-3
62,20,4,0,4200,152,2.036988735199e-4,5.745887756348e-4
62,20,4,0,4200,153,3.542304039001e-4,1.424074172974e-3
62,20,4,0,4200,154,-2.252161502838e-4,-1.428842544556e-3
62,20,4,0,4200,155,-8.952617645264e-5,-7.059574127197e-4
62,20,4,0,4200,156,1.787841320038e-4,8.018732070923e-3
62,20,4,0,4200,157,1.021027565002e-4,4.025220870972e-3
62,20,4,0,4200,158,-6.923675537109e-4,-2.522230148315e-3
62,20,4,0,4200,159,-2.305805683136e-4,-1.200437545776e-3
62,20,4,0,4200,160,1.609325408936e-5,-1.043558120728e-3
62,20,4,0,4200,161,2.881288528442e-4,-1.932382583618e-3
62,20,4,0,4200,162,-1.294910907745e-4,-7.765293121338e-4
62,20,4,0,4200,163,7.939338684082e-5,-4.014968872070e-4
62,20,4,0,4200,164,-1.278907060623e-3,-2.143144607544e-3
62,20,4,0,4200,165,-1.562595367432e-3,-3.479480743408e-3
62,20,4,0,4200,166,-3.122687339783e-4,-9.155988693237e-3
62,20,4,0,4200,167,-1.123249530792e-4,-4.530191421509e-3
62,20,4,0,4200,168,2.773702144623e-4,-1.446247100830e-3
62,20,4,0,4200,169,1.899898052216e-4,-6.744861602783e-4
63,21,4,1,600,0,0.000000000000e0,0.000000000000e0
63,21,4,1,600,1,0.000000000000e0,0.000000000000e0
63,21,4,1,600,2,8.821487426758e-6,8.201599121094e-5
63,21,4,1,600,3,1.049041748047e-5,4.506111145020e-5
63,21,4,1,600,4,-2.052783966064e-4,-3.910064697266e-5
63,21,4,1,600,5,-1.018047332764e-4,-1.859664916992e-5
63,21,4,1,600,6,-1.525878906250e-5,-3.470182418823e-4
63,21,4,1,600,7,-6.914138793945e-6,-1.664161682129e-4
63,21,4,1,600,8,-1.668930053711e-6,-6.592273712158e-5
63,21,4,1,600,9,-4.768371582031e-7,-3.266334533691e-5
63,21,4,1,600,10,-8.380413055420e-5,-5.636215209961e-4
63,21,4,1,600,11,-4.136562347412e-5,-2.808570861816e-4
63,21,4,1,600,12,1.131296157837e-4,-1.406669616699e-5
63,21,4,1,600,13,5.674362182617e-5,-7.152557373047e-6
63,21,4,1,600,14,4.112720489502e-5,1.418590545654e-4
63,21,4,1,600,15,2.753734588623e-5,8.654594421387e-5
63,21,4,1,600,16,1.285076141357e-4,-3.862380981445e-5
63,21,4,1,600,17,6.425380706787e-5,-1.823902130127e-5
63,21,4,1,600,18,0.000000000000e0,0.000000000000e0
63,21,4,1,600,19,0.000000000000e0,0.000000000000e0
63,21,4,1,600,20,0.000000000000e0,0.000000000000e0
63,21,4,1,600,21,-2.348423004150e-5,4.649162292480e-5
63,21,4,1,600,22,0.000000000000e0,0.000000000000e0
63,21,4,1,600,23,-1.192092895508e-6,2.980232238770e-5
63,21,4,1,600,24,0.000000000000e0,0.000000000000e0
63,21,4,1,600,25,0.000000000000e0,2.646446228027e-5
63,21,4,1,600,26,0.000000000000e0,0.000000000000e0
63,21,4,1,600,27,-4.482269287109e-5,4.649162292480e-5
63,21,4,1,600,28,-2.622604370117e-6,-1.037120819092e-5
63,21,4,1,600,29,-3.337860107422e-6,-5.006790161133e-6
63,21,4,1,600,30,-2.980232238770e-6,-3.751516342163e-4
63,21,4,1,600,31,-3.600120544434e-5,-7.611513137817e-4
63,21,4,1,600,32,3.910064697266e-5,-3.886222839355e-5
63,21,4,1,600,33,7.820129394531e-5,-7.152557373047e-5
63,21,4,1,600,34,-3.886222839355e-5,3.874301910400e-5
63,21,4,1,600,35,-1.502037048340e-5,1.931190490723e-5
63,21,4,1,600,36,-2.408027648926e-5,-6.592273712158e-5
63,21,4,1,600,37,-4.315376281738e-5,-1.320838928223e-4
63,21,4,1,600,38,-6.067752838135e-5,-1.263618469238e-5
63,21,4,1,600,39,-3.099441528320e-5,-5.960464477539e-6
63,21,4,1,600,40,-1.931190490723e-5,-3.014802932739e-4
63,21,4,1,600,41,2.384185791016e-6,-1.451969146729e-4
63,21,4,1,600,42,-8.106231689453e-6,-1.063346862793e-4
63,21,4,1,600,43,-2.169609069824e-5,-2.124309539795e-4
63,21,4,1,600,44,1.502037048340e-4,1.001358032227e-5
63,21,4,1,600,45,7.724761962891e-5,6.794929504395e-6
63,21,4,1,600,46,-8.225440979004e-6,5.984306335449e-5
63,21,4,1,600,47,-1.811981201172e-5,1.198053359985e-4
63,21,4,1,600,48,6.198883056641e-5,-9.620189666748e-5
63,21,4,1,600,49,1.204013824463e-4,-1.878738403320e-4
63,21,4,1,600,50,6.997585296631e-5,-1.124143600464e-4
63,21,4,1,600,51,3.695487976074e-5,-5.614757537842e-5
63,21,4,1,600,52,4.816055297852e-5,-3.054141998291e-4
63,21,4,1,600,53,2.682209014893e-5,-1.670122146606e-4
63,21,4,1,600,54,-5.877017974854e-5,-2.026557922363e-5
63,21,4,1,600,55,-2.944469451904e-5,-7.629394531250e-6
63,21,4,1,600,56,1.810789108276e-4,-2.006292343140e-4
63,21,4,1,600,57,9.477138519287e-5,-1.003742218018e-4
63,21,4,1,600,58,-3.600120544434e-5,7.867813110352e-6
63,21,4,1,600,59,-7.414817810059e-5,1.120567321777e-5
63,21,4,1,600,60,-1.111030578613e-4,3.526210784912e-4
63,21,4,1,600,61,-2.421140670776e-4,6.388425827026e-4
63,21,4,1,600,62,-1.521110534668e-4,6.959438323975e-4
63,21,4,1,600,63,-3.173351287842e-4,1.466870307922e-3
63,21,4,1,600,64,5.364418029785e-5,-1.327991485596e-3
63,21,4,1,600,65,3.516674041748e-5,-6.800889968872e-4
63,21,4,1,600,66,-1.455545425415e-4,-1.286506652832e-3
63,21,4,1,600,67,-6.723403930664e-5,-6.382465362549e-4
63,21,4,1,600,68,-2.485513687134e-4,-1.613855361938e-3
63,21,4,1,600,69,-4.279613494873e-5,-2.325654029846e-3
63,21,4,1,600,70,-1.467466354370e-4,-7.739067077637e-4
63,21,4,1,600,71,-4.365444183350e-4,-1.168847084045e-3
63,21,4,1,600,72,2.837181091309e-4,-1.932978630066e-3
63,21,4,1,600,73,1.513957977295e-4,-9.329319000244e-4
63,21,4,1,600,74,9.512901306152e-5,5.331039428711e-4
63,21,4,1,600,75,1.361370086670e-4,9.992122650146e-4
63,21,4,1,600,76,3.633499145508e-4,-6.127357482910e-5
63,21,4,1,600,77,1.777410507202e-4,-3.170967102051e-5
63,21,4,1,600,78,2.032518386841e-4,-7.629394531250e-4
63,21,4,1,600,79,1.095533370972e-4,-3.681182861328e-4
63,21,4,1,600,80,2.760887145996e-4,3.099441528320e-5
63,21,4,1,600,81,1.404285430908e-4,1.573562622070e-5
63,21,4,1,600,82,4.911422729492e-5,-5.292892456055e-5
63,21,4,1,600,83,1.000165939331e-4,-1.053810119629e-4
63,21,4,1,600,84,-7.629394531250e-6,-2.241134643555e-5
63,21,4,1,600,85,1.549720764160e-5,-4.076957702637e-5
63,21,4,1,600,86,7.128715515137e-5,3.564357757568e-5
63,21,4,1,600,87,1.465082168579e-4,4.959106445312e-5
63,21,4,1,600,88,-3.099441528320e-6,-6.639957427979e-5
63,21,4,1,600,89,-5.722045898438e-6,-3.361701965332e-5
63,21,4,1,600,90,-5.936622619629e-5,-1.306533813477e-4
63,21,4,1,600,91,-4.732608795166e-5,-4.124641418457e-5
63,21,4,1,600,92,-1.246929168701e-4,-3.385543823242e-5
63,21,4,1,600,93,-6.568431854248e-5,-9.894371032715e-6
63,21,4,1,600,94,-4.839897155762e-5,6.294250488281e-5
63,21,4,1,600,95,-6.687641143799e-5,1.044273376465e-4
63,21,4,1,600,96,3.337860107422e-5,-1.313686370850e-4
63,21,4,1,600,97,2.551078796387e-5,-6.520748138428e-5
63,21,4,1,600,98,-3.004074096680e-5,5.173683166504e-5
63,21,4,1,600,99,-6.401538848877e-5,9.405612945557e-5
63,21,4,1,600,100,2.694129943848e-5,4.792213439941e-5
63,21,4,1,600,101,5.674362182617e-5,9.346008300781e-5
63,21,4,1,600,102,1.802444458008e-4,-1.016139984131e-3
63,21,4,1,600,103,9.131431579590e-5,-4.909038543701e-4
63,21,4,1,600,104,-2.956390380859e-5,-9.858608245850e-5
63,21,4,1,600,105,-7.498264312744e-5,-1.559257507324e-4
63,21,4,1,600,106,-3.600120544434e-5,-9.632110595703e-5
63,21,4,1,600,107,-8.034706115723e-5,-1.928806304932e-4
63,21,4,1,600,108,6.699562072754e-5,-9.322166442871e-5
63,21,4,1,600,109,2.980232238770e-5,-4.601478576660e-5
63,21,4,1,600,110,-5.435943603516e-5,8.988380432129e-5
63,21,4,1,600,111,-2.789497375488e-5,-1.008510589600e-4
63,21,4,1,600,112,-2.872943878174e-5,-6.330013275146e-5
63,21,4,1,600,113,-1.621246337891e-5,-1.596212387085e-4
63,21,4,1,600,114,-4.053115844727e-6,-1.573562622070e-5
63,21,4,1,600,115,-7.867813110352e-6,-3.206729888916e-5
63,21,4,1,600,116,4.363059997559e-5,3.075599670410e-5
63,21,4,1,600,117,8.308887481689e-5,6.198883056641e-5
63,21,4,1,600,118,1.953840255737e-4,3.244876861572e-4
63,21,4,1,600,119,1.001358032227e-4,1.493692398071e-4
63,21,4,1,600,120,-2.884864807129e-5,-4.613399505615e-5
63,21,4,1,600,121,-8.106231689453e-6,-2.324581146240e-5
63,21,4,1,600,122,-5.543231964111e-5,-1.528263092041e-4
63,21,4,1,600,123,-2.908706665039e-5,-7.653236389160e-5
63,21,4,1,600,124,4.529953002930e-6,-2.086162567139e-5
63,21,4,1,600,125,-3.576278686523e-6,-4.136562347412e-5
63,21,4,1,600,126,2.880096435547e-4,-1.938819885254e-3
63,21,4,1,600,127,1.528263092041e-4,-9.636878967285e-4
63,21,4,1,600,128,-5.435943603516e-5,-7.939338684082e-5
63,21,4,1,600,129,-6.103515625000e-5,-1.311302185059e-4
63,21,4,1,600,130,2.801418304443e-5,9.822845458984e-5
63,21,4,1,600,131,1.406669616699e-5,5.078315734863e-5
63,21,4,1,600,132,1.001358032227e-5,1.573562622070e-5
63,21,4,1,600,133,2.002716064453e-5,3.182888031006e-5
63,21,4,1,600,134,2.973079681396e-4,-6.771087646484e-5
63,21,4,1,600,135,1.497268676758e-4,-3.337860107422e-5
63,21,4,1,600,136,-8.344650268555e-6,-6.198883056641e-5
63,21,4,1,600,137,-1.335144042969e-5,-1.223087310791e-4
63,21,4,1,600,138,-2.980232238770e-6,-2.920627593994e-5
63,21,4,1,600,139,-4.172325134277e-6,-6.127357482910e-5
63,21,4,1,600,140,-3.623962402344e-5,6.330013275146e-4
63,21,4,1,600,141,-1.275539398193e-5,3.654956817627e-4
63,21,4,1,600,142,-6.380081176758e-4,-7.588863372803e-4
63,21,4,1,600,143,-3.049373626709e-4,-3.731250762939e-4
63,21,4,1,600,144,-4.339218139648e-4,-1.094102859497e-3
63,21,4,1,600,145,-2.093315124512e-4,-5.457401275635e-4
63,21,4,1,600,146,1.085996627808e-4,3.142356872559e-4
63,21,4,1,600,147,2.045631408691e-4,5.996227264404e-4
63,21,4,1,600,148,6.759166717529e-5,1.478195190430e-4
63,21,4,1,600,149,1.313686370850e-4,2.933740615845e-4
63,21,4,1,600,150,-9.429454803467e-5,-6.471872329712e-4
63,21,4,1,600,151,-3.087520599365e-4,-6.492137908936e-4
63,21,4,1,600,152,5.829334259033e-5,-3.379583358765e-4
63,21,4,1,600,153,7.939338684082e-5,-6.785392761230e-4
63,21,4,1,600,154,8.106231689453e-5,-3.398656845093e-4
63,21,4,1,600,155,4.863739013672e-5,-1.684427261353e-4
63,21,4,1,600,156,-4.780292510986e-5,2.157688140869e-4
63,21,4,1,600,157,-2.253055572510e-5,1.076459884644e-4
63,21,4,1,600,158,3.569126129150e-4,-1.059651374817e-3
63,21,4,1,600,159,1.559257507324e-4,-4.818439483643e-4
63,21,4,1,600,160,9.012222290039e-5,-9.179115295410e-5
63,21,4,1,600,161,4.553794860840e-5,-4.518032073975e-5
63,21,4,1,600,162,-2.896785736084e-5,-1.326084136963e-3
63,21,4,1,600,163,-9.274482727051e-5,-6.538629531860e-4
63,21,4,1,600,164,6.091594696045e-5,-1.954078674316e-3
63,21,4,1,600,165,4.518032073975e-5,-9.666681289673e-4
63,21,4,1,600,166,-4.768371582031e-7,2.125501632690e-4
63,21,4,1,600,167,-1.113414764404e-4,-9.477138519287e-5
63,21,4,1,600,168,-1.136064529419e-4,-3.623962402344e-4
63,21,4,1,600,169,-1.052618026733e-4,-4.425048828125e-4
64,21,4,1,2400,0,5.185604095459e-5,7.407665252686e-4
64,21,4,1,2400,1,3.230571746826e-5,3.782510757446e-4
64,21,4,1,2400,2,-3.730058670044e-4,5.695819854736e-4
64,21,4,1,2400,3,-4.636049270630e-4,1.179933547974e-3
64,21,4,1,2400,4,-2.713799476624e-4,-3.229379653931e-3
64,21,4,1,2400,5,-3.337860107422e-4,-2.448320388794e-3
64,21,4,1,2400,6,5.161762237549e-5,2.983093261719e-3
64,21,4,1,2400,7,6.532669067383e-5,1.553773880005e-3
64,21,4,1,2400,8,2.131462097168e-4,3.472089767456e-3
64,21,4,1,2400,9,1.662969589233e-4,1.785278320312e-3
64,21,4,1,2400,10,7.680058479309e-4,2.810120582581e-3
64,21,4,1,2400,11,5.459785461426e-4,1.263380050659e-3
64,21,4,1,2400,12,-1.951456069946e-4,-1.621723175049e-3
64,21,4,1,2400,13,7.092952728271e-5,1.980066299438e-4
64,21,4,1,2400,14,-3.206729888916e-5,4.325509071350e-3
64,21,4,1,2400,15,3.862380981445e-5,2.227306365967e-3
64,21,4,1,2400,16,-4.033446311951e-4,8.019089698792e-3
64,21,4,1,2400,17,-1.770257949829e-4,4.100441932678e-3
64,21,4,1,2400,18,1.391291618347e-3,-2.773523330688e-3
64,21,4,1,2400,19,7.358789443970e-4,-1.513957977295e-3
64,21,4,1,2400,20,1.109242439270e-4,3.004550933838e-3
64,21,4,1,2400,21,6.324052810669e-5,1.417636871338e-3
64,21,4,1,2400,22,-4.587173461914e-4,2.254009246826e-3
64,21,4,1,2400,23,-2.167224884033e-4,1.125097274780e-3
64,21,4,1,2400,24,3.259181976318e-4,1.016378402710e-3
64,21,4,1,2400,25,1.813173294067e-4,5.179643630981e-4
64,21,4,1,2400,26,-2.956390380859e-5,-2.881884574890e-3
64,21,4,1,2400,27,1.770257949829e-5,-1.463413238525e-3
64,21,4,1,2400,28,-3.373026847839e-4,8.597373962402e-4
64,21,4,1,2400,29,-1.533031463623e-4,4.076957702637e-4
64,21,4,1,2400,30,-6.397366523743e-4,2.870082855225e-3
64,21,4,1,2400,31,-2.851486206055e-4,1.452922821045e-3
64,21,4,1,2400,32,5.213022232056e-4,3.359079360962e-3
64,21,4,1,2400,33,2.707839012146e-4,1.582622528076e-3
64,21,4,1,2400,34,5.994439125061e-4,2.110004425049e-4
64,21,4,1,2400,35,4.101395606995e-4,1.321077346802e-3
64,21,4,1,2400,36,-3.092288970947e-4,3.445148468018e-5
64,21,4,1,2400,37,-1.513957977295e-4,1.919269561768e-5
64,21,4,1,2400,38,-1.330375671387e-4,2.466440200806e-4
64,21,4,1,2400,39,-6.020069122314e-5,1.250505447388e-4
64,21,4,1,2400,40,-1.738071441650e-4,7.367134094238e-5
64,21,4,1,2400,41,-7.081031799316e-5,4.386901855469e-5
64,21,4,1,2400,42,-7.072687149048e-4,7.491111755371e-4
64,21,4,1,2400,43,-6.129741668701e-4,1.575589179993e-3
64,21,4,1,2400,44,4.073977470398e-4,3.405809402466e-4
64,21,4,1,2400,45,2.078413963318e-4,1.721382141113e-4
64,21,4,1,2400,46,5.164742469788e-4,1.150846481323e-3
64,21,4,1,2400,47,2.629756927490e-4,5.774497985840e-4
64,21,4,1,2400,48,-1.847743988037e-4,8.862018585205e-4
64,21,4,1,2400,49,-9.673833847046e-5,4.644393920898e-4
64,21,4,1,2400,50,2.303123474121e-4,-4.675388336182e-3
64,21,4,1,2400,51,1.579523086548e-4,-2.312064170837e-3
64,21,4,1,2400,52,1.225471496582e-4,1.143693923950e-3
64,21,4,1,2400,53,6.186962127686e-5,5.729198455811e-4
64,21,4,1,2400,54,-8.624792098999e-5,9.336471557617e-4
64,21,4,1,2400,55,-4.243850708008e-5,4.650354385376e-4
64,21,4,1,2400,56,-1.012086868286e-4,-3.361701965332e-5
64,21,4,1,2400,57,-4.881620407104e-5,-3.480911254883e-5
64,21,4,1,2400,58,-8.153915405273e-5,-1.339793205261e-3
64,21,4,1,2400,59,-2.431869506836e-5,-6.483793258667e-4
64,21,4,1,2400,60,1.626610755920e-4,9.253025054932e-4
64,21,4,1,2400,61,8.344650268555e-5,4.770755767822e-4
64,21,4,1,2400,62,-4.116296768188e-4,4.587173461914e-4
64,21,4,1,2400,63,-2.125501632690e-4,2.310276031494e-4
64,21,4,1,2400,64,2.499818801880e-4,1.572370529175e-3
64,21,4,1,2400,65,1.360177993774e-4,8.168220520020e-4
64,21,4,1,2400,66,7.748603820801e-6,-1.063346862793e-4
64,21,4,1,2400,67,-2.038478851318e-5,5.571842193604e-4
64,21,4,1,2400,68,1.596212387085e-4,3.354549407959e-4
64,21,4,1,2400,69,9.143352508545e-5,1.678466796875e-4
64,21,4,1,2400,70,-4.115104675293e-4,1.009941101074e-3
64,21,4,1,2400,71,-1.906156539917e-4,5.254745483398e-4
64,21,4,1,2400,72,2.875328063965e-4,-1.228809356689e-3
64,21,4,1,2400,73,1.762509346008e-4,-7.069110870361e-4
64,21,4,1,2400,74,-1.835823059082e-5,2.283573150635e-3
64,21,4,1,2400,75,1.084804534912e-5,1.181840896606e-3
64,21,4,1,2400,76,2.045631408691e-4,-2.497434616089e-4
64,21,4,1,2400,77,1.047253608704e-4,-2.077817916870e-4
64,21,4,1,2400,78,-3.439188003540e-4,6.333589553833e-4
64,21,4,1,2400,79,-1.610517501831e-4,3.004074096680e-4
64,21,4,1,2400,80,-5.269050598145e-4,-1.094579696655e-3
64,21,4,1,2400,81,-2.529025077820e-4,-5.267858505249e-4
64,21,4,1,2400,82,6.592273712158e-4,-1.511454582214e-3
64,21,4,1,2400,83,3.614425659180e-4,-7.317066192627e-4
64,21,4,1,2400,84,2.021789550781e-4,-8.680820465088e-4
64,21,4,1,2400,85,1.839399337769e-4,-4.295110702515e-4
64,21,4,1,2400,86,-2.942085266113e-4,4.148244857788e-3
64,21,4,1,2400,87,2.062320709229e-5,2.083778381348e-3
64,21,4,1,2400,88,2.461671829224e-5,-3.765583038330e-3
64,21,4,1,2400,89,4.559755325317e-5,-1.929759979248e-3
64,21,4,1,2400,90,3.404617309570e-4,3.072500228882e-3
64,21,4,1,2400,91,2.490878105164e-4,1.855134963989e-3
64,21,4,1,2400,92,-1.503229141235e-4,4.315376281738e-4
64,21,4,1,2400,93,-3.647804260254e-5,2.199411392212e-4
64,21,4,1,2400,94,3.578066825867e-4,-1.960277557373e-3
64,21,4,1,2400,95,2.791881561279e-4,-9.211301803589e-4
64,21,4,1,2400,96,-2.632737159729e-4,9.496212005615e-4
64,21,4,1,2400,97,-2.017021179199e-4,2.894401550293e-4
64,21,4,1,2400,98,7.736682891846e-5,-4.021644592285e-3
64,21,4,1,2400,99,-1.443028450012e-4,-8.073568344116e-3
64,21,4,1,2400,100,-5.710124969482e-5,-1.932978630066e-3
64,21,4,1,2400,101,3.832578659058e-4,-1.717925071716e-3
64,21,4,1,2400,102,-2.557039260864e-4,6.519556045532e-4
64,21,4,1,2400,103,-1.245737075806e-4,3.573894500732e-4
64,21,4,1,2400,104,5.215406417847e-4,-3.321170806885e-4
64,21,4,1,2400,105,6.660223007202e-4,7.371902465820e-4
64,21,4,1,2400,106,3.602504730225e-4,1.113057136536e-3
64,21,4,1,2400,107,1.943111419678e-4,5.828142166138e-4
64,21,4,1,2400,108,-2.194643020630e-4,2.076625823975e-4
64,21,4,1,2400,109,3.412961959839e-4,-1.978874206543e-5
64,21,4,1,2400,110,6.049871444702e-5,1.592397689819e-3
64,21,4,1,2400,111,1.854896545410e-4,2.217769622803e-3
64,21,4,1,2400,112,2.020597457886e-5,-8.225440979004e-4
64,21,4,1,2400,113,1.400709152222e-5,-4.057884216309e-4
64,21,4,1,2400,114,2.124905586243e-4,-5.410909652710e-4
64,21,4,1,2400,115,1.072883605957e-4,-2.659559249878e-4
64,21,4,1,2400,116,1.913309097290e-4,1.386284828186e-3
64,21,4,1,2400,117,1.443624496460e-4,6.967782974243e-4
64,21,4,1,2400,118,-7.410645484924e-4,-1.229166984558e-3
64,21,4,1,2400,119,-3.345012664795e-4,-5.350112915039e-4
64,21,4,1,2400,120,-6.352066993713e-4,5.265474319458e-4
64,21,4,1,2400,121,-3.042221069336e-4,2.129077911377e-4
64,21,4,1,2400,122,-4.336833953857e-4,-9.036064147949e-5
64,21,4,1,2400,123,-2.142190933228e-4,-6.175041198730e-5
64,21,4,1,2400,124,3.707408905029e-5,7.964372634888e-4
64,21,4,1,2400,125,2.646446228027e-5,3.972053527832e-4
64,21,4,1,2400,126,-1.523494720459e-4,-1.456499099731e-3
64,21,4,1,2400,127,-6.675720214844e-5,-7.208585739136e-4
64,21,4,1,2400,128,-2.743005752563e-4,3.308057785034e-3
64,21,4,1,2400,129,1.466274261475e-5,1.653432846069e-3
64,21,4,1,2400,130,3.641843795776e-5,-4.113912582397e-4
64,21,4,1,2400,131,1.645088195801e-5,-1.947879791260e-4
64,21,4,1,2400,132,0.000000000000e0,0.000000000000e0
64,21,4,1,2400,133,0.000000000000e0,-5.602836608887e-6
64,21,4,1,2400,134,0.000000000000e0,-4.649162292480e-6
64,21,4,1,2400,135,0.000000000000e0,0.000000000000e0
64,21,4,1,2400,136,0.000000000000e0,0.000000000000e0
64,21,4,1,2400,137,0.000000000000e0,-2.801418304443e-5
64,21,4,1,2400,138,0.000000000000e0,-9.536743164062e-7
64,21,4,1,2400,139,0.000000000000e0,0.000000000000e0
64,21,4,1,2400,140,0.000000000000e0,0.000000000000e0
64,21,4,1,2400,141,0.000000000000e0,0.000000000000e0
64,21,4,1,2400,142,0.000000000000e0,0.000000000000e0
64,21,4,1,2400,143,0.000000000000e0,-4.529953002930e-6
64,21,4,1,2400,144,0.000000000000e0,0.000000000000e0
64,21,4,1,2400,145,0.000000000000e0,2.217292785645e-5
64,21,4,1,2400,146,5.769729614258e-5,-2.664327621460e-4
64,21,4,1,2400,147,0.000000000000e0,0.000000000000e0
64,21,4,1,2400,148,0.000000000000e0,0.000000000000e0
64,21,4,1,2400,149,1.370906829834e-6,5.745887756348e-5
64,21,4,1,2400,150,-6.985664367676e-5,3.010034561157e-4
64,21,4,1,2400,151,0.000000000000e0,0.000000000000e0
64,21,4,1,2400,152,4.887580871582e-6,9.799003601074e-5
64,21,4,1,2400,153,0.000000000000e0,0.000000000000e0
64,21,4,1,2400,154,0.000000000000e0,0.000000000000e0
64,21,4,1,2400,155,4.112720489502e-6,8.273124694824e-5
64,21,4,1,2400,156,2.694129943848e-5,2.300739288330e-4
64,21,4,1,2400,157,0.000000000000e0,0.000000000000e0
64,21,4,1,2400,158,-1.430511474609e-6,1.215934753418e-5
64,21,4,1,2400,159,0.000000000000e0,0.000000000000e0
64,21,4,1,2400,160,1.174211502075e-4,-2.554655075073e-4
64,21,4,1,2400,161,2.266168594360e-4,-5.140304565430e-4
64,21,4,1,2400,162,-2.997517585754e-4,2.539157867432e-4
64,21,4,1,2400,163,-7.073879241943e-4,4.894733428955e-4
64,21,4,1,2400,164,4.132986068726e-4,-5.280971527100e-5
64,21,4,1,2400,165,6.269812583923e-4,-5.277395248413e-4
64,21,4,1,2400,166,-1.518130302429e-4,-4.643201828003e-4
64,21,4,1,2400,167,-6.175041198730e-5,-2.197027206421e-4
64,21,4,1,2400,168,1.133680343628e-4,3.113269805908e-3
64,21,4,1,2400,169,-2.217292785645e-5,2.617478370667e-3
65,21,4,1,4200,0,1.528859138489e-5,2.340078353882e-4
65,21,4,1,4200,1,-3.102421760559e-5,3.846883773804e-4
65,21,4,1,4200,2,2.249479293823e-4,-7.911920547485e-4
65,21,4,1,4200,3,3.732144832611e-4,-2.429127693176e-3
65,21,4,1,4200,4,1.610219478607e-4,-1.228809356689e-3
65,21,4,1,4200,5,2.986490726471e-4,-2.593755722046e-3
65,21,4,1,4200,6,1.772940158844e-4,-2.686977386475e-3
65,21,4,1,4200,7,9.867548942566e-5,-1.333236694336e-3
65,21,4,1,4200,8,-2.461969852448e-4,-3.888130187988e-3
65,21,4,1,4200,9,-1.127421855927e-4,-1.935601234436e-3
65,21,4,1,4200,10,8.347630500793e-5,3.131866455078e-3
65,21,4,1,4200,11,5.051493644714e-5,6.773352622986e-3
65,21,4,1,4200,12,2.135038375854e-4,-3.294944763184e-4
65,21,4,1,4200,13,2.184212207794e-4,-1.888275146484e-4
65,21,4,1,4200,14,2.852082252502e-5,-2.523660659790e-4
65,21,4,1,4200,15,1.430511474609e-5,-1.255273818970e-4
65,21,4,1,4200,16,-5.930662155151e-6,-3.194808959961e-4
65,21,4,1,4200,17,-2.890825271606e-6,-1.589059829712e-4
65,21,4,1,4200,18,0.000000000000e0,0.000000000000e0
65,21,4,1,4200,19,-1.698732376099e-6,3.218650817871e-6
65,21,4,1,4200,20,6.049871444702e-6,7.152557373047e-7
65,21,4,1,4200,21,3.010034561157e-6,0.000000000000e0
65,21,4,1,4200,22,1.072883605957e-6,-4.739761352539e-4
65,21,4,1,4200,23,1.162290573120e-6,-2.384185791016e-4
65,21,4,1,4200,24,4.768371582031e-7,6.234645843506e-5
65,21,4,1,4200,25,6.258487701416e-7,3.218650817871e-5
65,21,4,1,4200,26,0.000000000000e0,0.000000000000e0
65,21,4,1,4200,27,3.203749656677e-5,4.076957702637e-5
65,21,4,1,4200,28,6.169080734253e-6,-1.549720764160e-5
65,21,4,1,4200,29,3.099441528320e-6,-7.629394531250e-6
65,21,4,1,4200,30,0.000000000000e0,0.000000000000e0
65,21,4,1,4200,31,1.648068428040e-5,5.280971527100e-5
65,21,4,1,4200,32,0.000000000000e0,0.000000000000e0
65,21,4,1,4200,33,-5.722045898438e-6,1.580715179443e-4
65,21,4,1,4200,34,2.086162567139e-7,0.000000000000e0
65,21,4,1,4200,35,0.000000000000e0,0.000000000000e0
65,21,4,1,4200,36,8.940696716309e-8,0.000000000000e0
65,21,4,1,4200,37,-9.238719940186e-7,-2.384185791016e-7
65,21,4,1,4200,38,0.000000000000e0,0.000000000000e0
65,21,4,1,4200,39,-9.626150131226e-6,4.537105560303e-4
65,21,4,1,4200,40,0.000000000000e0,0.000000000000e0
65,21,4,1,4200,41,-5.066394805908e-7,-2.384185791016e-7
65,21,4,1,4200,42,0.000000000000e0,0.000000000000e0
65,21,4,1,4200,43,8.106231689453e-6,5.185604095459e-5
65,21,4,1,4200,44,2.980232238770e-8,0.000000000000e0
65,21,4,1,4200,45,8.940696716309e-8,2.622604370117e-6
65,21,4,1,4200,46,-1.230239868164e-4,2.624869346619e-3
65,21,4,1,4200,47,-5.462765693665e-5,1.380801200867e-3
65,21,4,1,4200,48,3.478527069092e-4,1.913428306580e-3
65,21,4,1,4200,49,1.537799835205e-4,-1.696228981018e-3
65,21,4,1,4200,50,2.994239330292e-4,1.551985740662e-3
65,21,4,1,4200,51,2.125203609467e-4,8.306503295898e-4
65,21,4,1,4200,52,-1.262724399567e-4,1.672148704529e-3
65,21,4,1,4200,53,4.675984382629e-5,2.728223800659e-3
65,21,4,1,4200,54,-2.347230911255e-4,-5.897641181946e-3
65,21,4,1,4200,55,-2.416074275970e-4,-6.022572517395e-3
65,21,4,1,4200,56,-1.380443572998e-4,-2.193689346313e-3
65,21,4,1,4200,57,-2.474486827850e-4,-2.299904823303e-3
65,21,4,1,4200,58,1.564621925354e-5,5.461454391479e-3
65,21,4,1,4200,59,3.856718540192e-4,5.224466323853e-3
65,21,4,1,4200,60,-3.191828727722e-5,-1.375675201416e-4
65,21,4,1,4200,61,-2.466738224030e-4,1.144170761108e-3
65,21,4,1,4200,62,7.462501525879e-5,-6.356239318848e-4
65,21,4,1,4200,63,1.075863838196e-5,1.956462860107e-3
65,21,4,1,4200,64,-6.288290023804e-6,-2.920627593994e-5
65,21,4,1,4200,65,-7.221102714539e-5,1.643896102905e-4
65,21,4,1,4200,66,-1.759827136993e-4,-2.443075180054e-3
65,21,4,1,4200,67,-8.717179298401e-5,-1.197576522827e-3
65,21,4,1,4200,68,-8.714199066162e-5,7.820129394531e-5
65,21,4,1,4200,69,-3.996491432190e-5,6.198883056641e-5
65,21,4,1,4200,70,-7.301568984985e-6,1.180171966553e-5
65,21,4,1,4200,71,-5.638599395752e-5,1.864433288574e-4
65,21,4,1,4200,72,2.494752407074e-4,-5.455017089844e-4
65,21,4,1,4200,73,2.861022949219e-4,-1.098394393921e-3
65,21,4,1,4200,74,3.267228603363e-4,-6.668567657471e-4
65,21,4,1,4200,75,1.655817031860e-4,-3.123283386230e-4
65,21,4,1,4200,76,1.488924026489e-4,-2.298355102539e-4
65,21,4,1,4200,77,3.537535667419e-5,1.934766769409e-4
65,21,4,1,4200,78,2.840161323547e-5,2.837181091309e-5
65,21,4,1,4200,79,1.800060272217e-5,1.136779785156e-3
65,21,4,1,4200,80,1.563727855682e-4,2.413749694824e-3
65,21,4,1,4200,81,1.246631145477e-4,4.666686058044e-3
65,21,4,1,4200,82,1.347064971924e-4,6.911754608154e-4
65,21,4,1,4200,83,1.253783702850e-4,1.170992851257e-3
65,21,4,1,4200,84,5.039572715759e-5,8.986711502075e-3
65,21,4,1,4200,85,6.350874900818e-5,1.055645942688e-2
65,21,4,1,4200,86,-2.327263355255e-4,-1.855623722076e-2
65,21,4,1,4200,87,-1.379847526550e-5,-9.208321571350e-3
65,21,4,1,4200,88,9.286403656006e-5,6.632566452026e-3
65,21,4,1,4200,89,7.292628288269e-5,3.487467765808e-3
65,21,4,1,4200,90,8.210539817810e-5,-4.494190216064e-5
65,21,4,1,4200,91,7.763504981995e-5,6.723403930664e-5
65,21,4,1,4200,92,3.631114959717e-4,-4.174351692200e-3
65,21,4,1,4200,93,3.418624401093e-4,-6.231784820557e-3
65,21,4,1,4200,94,-6.571412086487e-5,5.269289016724e-3
65,21,4,1,4200,95,1.028180122375e-5,2.646207809448e-3
65,21,4,1,4200,96,-5.534291267395e-5,1.232981681824e-3
65,21,4,1,4200,97,-1.391768455505e-5,6.417036056519e-4
65,21,4,1,4200,98,-9.521842002869e-5,2.154231071472e-3
65,21,4,1,4200,99,-2.658367156982e-5,1.095771789551e-3
65,21,4,1,4200,100,-2.884864807129e-5,1.248121261597e-3
65,21,4,1,4200,101,2.014636993408e-5,6.365776062012e-4
65,21,4,1,4200,102,1.280009746552e-4,-3.399848937988e-4
65,21,4,1,4200,103,1.389980316162e-4,-1.049518585205e-3
65,21,4,1,4200,104,-1.845657825470e-4,1.034617424011e-3
65,21,4,1,4200,105,-4.175007343292e-4,2.748012542725e-3
65,21,4,1,4200,106,1.874566078186e-5,1.777172088623e-3
65,21,4,1,4200,107,3.004074096680e-5,1.082181930542e-3
65,21,4,1,4200,108,9.821653366089e-4,-5.871295928955e-3
65,21,4,1,4200,109,5.732476711273e-4,-1.508474349976e-3
65,21,4,1,4200,110,3.036558628082e-4,-2.392292022705e-3
65,21,4,1,4200,111,1.600086688995e-4,-1.178383827209e-3
65,21,4,1,4200,112,1.895427703857e-5,-3.247261047363e-4
65,21,4,1,4200,113,3.027915954590e-5,-6.744861602783e-4
65,21,4,1,4200,114,-1.826584339142e-4,-9.167194366455e-4
65,21,4,1,4200,115,-7.364153862000e-5,-4.516839981079e-4
65,21,4,1,4200,116,6.574690341949e-4,-1.383304595947e-3
65,21,4,1,4200,117,3.387629985809e-4,-6.842613220215e-4
65,21,4,1,4200,118,1.444518566132e-4,-1.969575881958e-3
65,21,4,1,4200,119,7.817149162292e-5,-9.777545928955e-4
65,21,4,1,4200,120,2.844631671906e-4,-2.554416656494e-3
65,21,4,1,4200,121,1.448094844818e-4,-1.258611679077e-3
65,21,4,1,4200,122,-3.361701965332e-5,-6.079673767090e-4
65,21,4,1,4200,123,-7.414817810059e-5,-1.351833343506e-3
65,21,4,1,4200,124,-1.513004302979e-3,4.320502281189e-3
65,21,4,1,4200,125,-7.062256336212e-4,5.176067352295e-3
65,21,4,1,4200,126,2.344548702240e-4,-1.657009124756e-3
65,21,4,1,4200,127,1.378953456879e-4,-2.936005592346e-3
65,21,4,1,4200,128,-1.694858074188e-4,-1.632928848267e-3
65,21,4,1,4200,129,-7.176399230957e-5,-8.050203323364e-4
65,21,4,1,4200,130,2.053380012512e-5,-4.863739013672e-4
65,21,4,1,4200,131,2.005696296692e-5,-2.241134643555e-4
65,21,4,1,4200,132,-8.746981620789e-5,7.133960723877e-3
65,21,4,1,4200,133,-3.373622894287e-5,3.579020500183e-3
65,21,4,1,4200,134,1.593530178070e-4,-4.696607589722e-3
65,21,4,1,4200,135,3.267228603363e-4,-9.863138198853e-3
65,21,4,1,4200,136,1.777708530426e-4,-3.907680511475e-4
65,21,4,1,4200,137,3.484487533569e-4,-4.131793975830e-4
65,21,4,1,4200,138,-5.018711090088e-5,-1.201272010803e-3
65,21,4,1,4200,139,-1.704692840576e-5,-6.346702575684e-4
65,21,4,1,4200,140,2.500414848328e-5,-3.327846527100e-3
65,21,4,1,4200,141,2.160668373108e-5,-1.698255538940e-3
65,21,4,1,4200,142,-5.018711090088e-5,1.239776611328e-3
65,21,4,1,4200,143,-8.672475814819e-6,6.393194198608e-4
65,21,4,1,4200,144,-2.883970737457e-4,-9.075403213501e-4
65,21,4,1,4200,145,-5.027353763580e-4,-8.765459060669e-4
65,21,4,1,4200,146,6.663799285889e-5,-3.110647201538e-3
65,21,4,1,4200,147,6.318092346191e-5,-1.346588134766e-3
65,21,4,1,4200,148,-2.803504467010e-4,-7.627010345459e-4
65,21,4,1,4200,149,-1.210272312164e-4,-3.633499145508e-4
65,21,4,1,4200,150,-2.358853816986e-4,3.598451614380e-3
65,21,4,1,4200,151,-9.426474571228e-5,1.835107803345e-3
65,21,4,1,4200,152,-5.483925342560e-4,2.375364303589e-3
65,21,4,1,4200,153,-2.644062042236e-4,1.300692558289e-3
65,21,4,1,4200,154,-1.493990421295e-4,-6.070613861084e-3
65,21,4,1,4200,155,-5.188584327698e-5,-2.964973449707e-3
65,21,4,1,4200,156,-4.330277442932e-5,-3.687858581543e-3
65,21,4,1,4200,157,-5.334615707397e-6,-1.803040504456e-3
65,21,4,1,4200,158,-7.736682891846e-5,2.060174942017e-3
65,21,4,1,4200,159,-1.384019851685e-4,3.097295761108e-3
65,21,4,1,4200,160,2.306401729584e-4,3.662824630737e-3
65,21,4,1,4200,161,3.261268138885e-4,6.856679916382e-3
65,21,4,1,4200,162,2.710521221161e-4,-3.618955612183e-3
65,21,4,1,4200,163,2.111494541168e-4,-1.716375350952e-3
65,21,4,1,4200,164,-9.605288505554e-5,2.548575401306e-3
65,21,4,1,4200,165,8.320808410645e-5,5.785703659058e-3
65,21,4,1,4200,166,-2.264976501465e-6,-7.687091827393e-3
65,21,4,1,4200,167,1.998841762543e-4,-3.759980201721e-3
65,21,4,1,4200,168,-2.548396587372e-4,-3.876805305481e-3
65,21,4,1,4200,169,-9.983777999878e-6,-1.805543899536e-3
66,22,4,2,600,0,7.814168930054e-5,-2.962350845337e-4
66,22,4,2,600,1,3.957748413086e-5,-1.477003097534e-4
66,22,4,2,600,2,6.073713302612e-5,-9.930133819580e-5
66,22,4,2,600,3,1.113414764404e-4,-1.924037933350e-4
66,22,4,2,600,4,-2.211332321167e-5,-1.145601272583e-4
66,22,4,2,600,5,-4.720687866211e-5,-2.125501632690e-4
66,22,4,2,600,6,-1.430511474609e-5,-1.704692840576e-4
66,22,4,2,600,7,-3.671646118164e-5,-3.359317779541e-4
66,22,4,2,600,8,2.008676528931e-5,-4.088878631592e-5
66,22,4,2,600,9,4.297494888306e-5,-8.118152618408e-5
66,22,4,2,600,10,3.154277801514e-4,-7.426738739014e-5
66,22,4,2,600,11,1.583695411682e-4,-1.680850982666e-5
66,22,4,2,600,12,1.039505004883e-4,-1.965761184692e-4
66,22,4,2,600,13,2.056956291199e-4,-3.958940505981e-4
66,22,4,2,600,14,-1.212954521179e-4,-4.998445510864e-4
66,22,4,2,600,15,-5.888938903809e-5,-2.430677413940e-4
66,22,4,2,600,16,-8.171796798706e-5,-9.083747863770e-5
66,22,4,2,600,17,-4.154443740845e-5,-4.518032073975e-5
66,22,4,2,600,18,2.437233924866e-4,-5.948543548584e-5
66,22,4,2,600,19,3.109574317932e-4,-3.412961959839e-4
66,22,4,2,600,20,-4.887580871582e-5,-2.692937850952e-4
66,22,4,2,600,21,-1.184344291687e-4,-4.259347915649e-4
66,22,4,2,600,22,-4.094243049622e-4,-1.040101051331e-3
66,22,4,2,600,23,-1.986622810364e-4,-5.177259445190e-4
66,22,4,2,600,24,-1.535415649414e-4,-7.903575897217e-5
66,22,4,2,600,25,-9.685754776001e-5,8.225440979004e-5
66,22,4,2,600,26,3.009438514709e-4,-1.387596130371e-4
66,22,4,2,600,27,3.083348274231e-4,3.588199615479e-5
66,22,4,2,600,28,-8.535385131836e-5,-1.132845878601e-3
66,22,4,2,600,29,-1.139640808105e-4,-2.219319343567e-3
66,22,4,2,600,30,-4.798173904419e-5,-9.225606918335e-4
66,22,4,2,600,31,-9.769201278687e-5,-1.578569412231e-3
66,22,4,2,600,32,9.220838546753e-5,-2.223253250122e-4
66,22,4,2,600,33,7.927417755127e-6,-3.376007080078e-4
66,22,4,2,600,34,-1.615881919861e-4,-7.218122482300e-4
66,22,4,2,600,35,-3.626942634583e-4,-1.295328140259e-3
66,22,4,2,600,36,2.413988113403e-5,-8.496046066284e-4
66,22,4,2,600,37,-2.741813659668e-5,-1.729488372803e-3
66,22,4,2,600,38,2.899765968323e-4,2.557039260864e-4
66,22,4,2,600,39,1.459717750549e-4,1.322031021118e-4
66,22,4,2,600,40,-1.251697540283e-4,1.682043075562e-4
66,22,4,2,600,41,-6.461143493652e-5,4.994869232178e-5
66,22,4,2,600,42,-2.129077911377e-4,3.428459167480e-4
66,22,4,2,600,43,-4.727840423584e-4,6.612539291382e-4
66,22,4,2,600,44,1.626014709473e-4,-1.119136810303e-3
66,22,4,2,600,45,7.772445678711e-5,-5.509853363037e-4
66,22,4,2,600,46,2.250075340271e-4,2.695322036743e-4
66,22,4,2,600,47,3.643035888672e-4,5.446672439575e-4
66,22,4,2,600,48,1.139044761658e-4,2.163648605347e-4
66,22,4,2,600,49,2.357959747314e-4,5.422830581665e-4
66,22,4,2,600,50,-8.511543273926e-5,-6.526708602905e-4
66,22,4,2,600,51,-3.987550735474e-5,-3.216266632080e-4
66,22,4,2,600,52,-1.978874206543e-5,-3.780126571655e-4
66,22,4,2,600,53,-7.688999176025e-6,-1.795291900635e-4
66,22,4,2,600,54,-1.954436302185e-4,-1.324057579041e-3
66,22,4,2,600,55,-7.778406143188e-5,-6.457567214966e-4
66,22,4,2,600,56,7.283091545105e-4,-2.197265625000e-3
66,22,4,2,600,57,3.717541694641e-4,-1.088380813599e-3
66,22,4,2,600,58,-2.636909484863e-4,1.558899879456e-3
66,22,4,2,600,59,-4.170536994934e-4,1.758694648743e-3
66,22,4,2,600,60,-8.440017700195e-5,-2.872943878174e-4
66,22,4,2,600,61,-4.367232322693e-4,-1.965761184692e-4
66,22,4,2,600,62,-4.008412361145e-4,-2.351999282837e-4
66,22,4,2,600,63,-7.325410842896e-5,-1.357436180115e-3
66,22,4,2,600,64,7.489323616028e-4,-1.836419105530e-3
66,22,4,2,600,65,3.990530967712e-4,-9.045600891113e-4
66,22,4,2,600,66,1.256465911865e-4,-9.239912033081e-4
66,22,4,2,600,67,7.820129394531e-5,-4.562139511108e-4
66,22,4,2,600,68,4.023909568787e-4,4.851818084717e-5
66,22,4,2,600,69,-4.214644432068e-4,1.754760742188e-4
66,22,4,2,600,70,4.064440727234e-4,9.623765945435e-4
66,22,4,2,600,71,4.053115844727e-4,9.360313415527e-4
66,22,4,2,600,72,-4.200339317322e-4,-9.199380874634e-4
66,22,4,2,600,73,-2.445578575134e-4,-4.615783691406e-4
66,22,4,2,600,74,1.092553138733e-4,-7.355213165283e-5
66,22,4,2,600,75,1.156330108643e-4,-4.216432571411e-4
66,22,4,2,600,76,-2.493858337402e-4,-2.771615982056e-4
66,22,4,2,600,77,-1.220703125000e-4,-1.395940780640e-4
66,22,4,2,600,78,-4.370212554932e-4,-2.499818801880e-4
66,22,4,2,600,79,-2.139210700989e-4,-1.405477523804e-4
66,22,4,2,600,80,1.434683799744e-4,-9.272098541260e-4
66,22,4,2,600,81,7.349252700806e-5,-4.631280899048e-4
66,22,4,2,600,82,1.275539398193e-4,-1.863241195679e-4
66,22,4,2,600,83,2.329349517822e-4,-3.427267074585e-4
66,22,4,2,600,84,-5.650520324707e-5,-1.388788223267e-4
66,22,4,2,600,85,-8.326768875122e-5,-2.738237380981e-4
66,22,4,2,600,86,-1.007914543152e-4,-2.256631851196e-4
66,22,4,2,600,87,-2.224445343018e-4,-3.637075424194e-4
66,22,4,2,600,88,-3.066658973694e-4,-1.382827758789e-4
66,22,4,2,600,89,-1.515746116638e-4,-7.426738739014e-5
66,22,4,2,600,90,-9.351968765259e-5,7.212162017822e-5
66,22,4,2,600,91,-4.833936691284e-5,3.027915954590e-5
66,22,4,2,600,92,-3.113150596619e-4,-1.289248466492e-3
66,22,4,2,600,93,-1.500248908997e-4,-6.357431411743e-4
66,22,4,2,600,94,-1.867413520813e-4,5.671977996826e-4
66,22,4,2,600,95,-3.873705863953e-4,1.037359237671e-3
66,22,4,2,600,96,-6.442070007324e-4,-1.493096351624e-3
66,22,4,2,600,97,-3.151893615723e-4,-7.053613662720e-4
66,22,4,2,600,98,-1.199841499329e-4,-1.517176628113e-3
66,22,4,2,600,99,7.563829421997e-5,-9.614229202271e-4
66,22,4,2,600,100,-1.521110534668e-4,-7.389783859253e-4
66,22,4,2,600,101,-2.747178077698e-4,-4.720687866211e-4
66,22,4,2,600,102,-9.536743164062e-6,5.780458450317e-4
66,22,4,2,600,103,2.121925354004e-5,2.982616424561e-4
66,22,4,2,600,104,-2.632141113281e-4,-1.364588737488e-3
66,22,4,2,600,105,-3.429055213928e-4,-1.747608184814e-3
66,22,4,2,600,106,-1.921653747559e-4,-2.778768539429e-4
66,22,4,2,600,107,-3.344416618347e-4,-2.819299697876e-4
66,22,4,2,600,108,-1.592636108398e-4,2.038955688477e-3
66,22,4,2,600,109,-1.860260963440e-4,3.829002380371e-4
66,22,4,2,600,110,3.439188003540e-5,5.292892456055e-4
66,22,4,2,600,111,2.241134643555e-5,2.728700637817e-4
66,22,4,2,600,112,-2.898573875427e-4,3.323554992676e-4
66,22,4,2,600,113,4.473328590393e-4,-8.720159530640e-4
66,22,4,2,600,114,3.138184547424e-4,-3.596544265747e-4
66,22,4,2,600,115,1.423954963684e-4,-2.868175506592e-4
66,22,4,2,600,116,3.118515014648e-4,-4.409551620483e-4
66,22,4,2,600,117,3.768801689148e-4,-5.055665969849e-4
66,22,4,2,600,118,1.263618469238e-4,-2.658367156982e-5
66,22,4,2,600,119,1.602172851562e-4,1.525878906250e-5
66,22,4,2,600,120,-5.549192428589e-5,-8.145570755005e-4
66,22,4,2,600,121,2.521276473999e-5,-4.054307937622e-4
66,22,4,2,600,122,2.086162567139e-4,-7.803440093994e-4
66,22,4,2,600,123,1.225471496582e-4,-3.761053085327e-4
66,22,4,2,600,124,3.259181976318e-4,-7.494688034058e-4
66,22,4,2,600,125,1.739859580994e-4,-3.633499145508e-4
66,22,4,2,600,126,4.334449768066e-4,1.395106315613e-3
66,22,4,2,600,127,2.161860466003e-4,6.688833236694e-4
66,22,4,2,600,128,2.221465110779e-4,-8.404254913330e-5
66,22,4,2,600,129,3.337860107422e-4,-1.811981201172e-4
66,22,4,2,600,130,5.609989166260e-4,-1.552462577820e-3
66,22,4,2,600,131,2.798438072205e-4,-8.033514022827e-4
66,22,4,2,600,132,3.507733345032e-4,-3.817081451416e-4
66,22,4,2,600,133,5.574226379395e-4,4.693269729614e-4
66,22,4,2,600,134,4.622936248779e-4,5.052089691162e-4
66,22,4,2,600,135,2.317428588867e-4,2.499818801880e-4
66,22,4,2,600,136,2.561211585999e-4,-8.455514907837e-4
66,22,4,2,600,137,2.818703651428e-4,-9.226799011230e-4
66,22,4,2,600,138,-6.967782974243e-5,3.504753112793e-5
66,22,4,2,600,139,-1.513957977295e-4,6.508827209473e-5
66,22,4,2,600,140,3.138184547424e-4,-1.486420631409e-3
66,22,4,2,600,141,1.606941223145e-4,-7.606744766235e-4
66,22,4,2,600,142,3.414750099182e-4,8.043050765991e-4
66,22,4,2,600,143,1.733899116516e-4,4.012584686279e-4
66,22,4,2,600,144,2.026557922363e-5,-9.894371032715e-6
66,22,4,2,600,145,2.241134643555e-5,4.887580871582e-6
66,22,4,2,600,146,1.043081283569e-5,7.561445236206e-4
66,22,4,2,600,147,-9.536743164062e-6,2.508163452148e-4
66,22,4,2,600,148,-7.390975952148e-5,-4.972219467163e-4
66,22,4,2,600,149,-4.893541336060e-5,-1.627206802368e-4
66,22,4,2,600,150,3.027915954590e-5,3.719329833984e-5
66,22,4,2,600,151,-3.337860107422e-6,1.289844512939e-4
66,22,4,2,600,152,7.033348083496e-5,3.819465637207e-4
66,22,4,2,600,153,-1.907348632812e-6,9.202957153320e-5
66,22,4,2,600,154,8.285045623779e-6,1.503229141235e-4
66,22,4,2,600,155,1.907348632812e-6,7.140636444092e-5
66,22,4,2,600,156,1.726150512695e-4,2.212405204773e-3
66,22,4,2,600,157,1.062750816345e-4,1.079678535461e-3
66,22,4,2,600,158,1.174807548523e-4,1.301765441895e-4
66,22,4,2,600,159,-2.044439315796e-5,5.723237991333e-4
66,22,4,2,600,160,-1.577734947205e-4,-7.591247558594e-4
66,22,4,2,600,161,-7.694959640503e-5,-3.613233566284e-4
66,22,4,2,600,162,-3.737807273865e-4,-1.927733421326e-3
66,22,4,2,600,163,-1.352429389954e-4,-1.058459281921e-3
66,22,4,2,600,164,3.263950347900e-4,1.718401908875e-3
66,22,4,2,600,165,1.928806304932e-4,8.857250213623e-4
66,22,4,2,600,166,6.288290023804e-5,3.280639648438e-4
66,22,4,2,600,167,9.322166442871e-5,4.833936691284e-4
66,22,4,2,600,168,1.727938652039e-4,8.189678192139e-5
66,22,4,2,600,169,7.957220077515e-5,-7.013082504272e-4
67,22,4,2,2400,0,8.082389831543e-4,-2.323150634766e-3
67,22,4,2,2400,1,4.569590091705e-4,-1.103043556213e-3
67,22,4,2,2400,2,-9.933114051819e-4,7.467269897461e-4
67,22,4,2,2400,3,-7.361769676208e-4,-2.952575683594e-3
67,22,4,2,2400,4,-3.314018249512e-5,1.922369003296e-3
67,22,4,2,2400,5,-1.416802406311e-4,3.810286521912e-3
67,22,4,2,2400,6,6.258487701416e-6,-7.802963256836e-3
67,22,4,2,2400,7,4.321336746216e-5,-3.855466842651e-3
67,22,4,2,2400,8,-8.822381496429e-4,-6.500363349915e-3
67,22,4,2,2400,9,-3.906488418579e-4,-3.229618072510e-3
67,22,4,2,2400,10,-8.440017700195e-5,-2.242326736450e-4
67,22,4,2,2400,11,1.304447650909e-4,-5.514621734619e-4
67,22,4,2,2400,12,-2.070069313049e-4,3.035068511963e-4
67,22,4,2,2400,13,-5.513429641724e-5,6.382465362549e-4
67,22,4,2,2400,14,3.801584243774e-4,-1.155614852905e-3
67,22,4,2,2400,15,1.977682113647e-4,-5.707740783691e-4
67,22,4,2,2400,16,1.168251037598e-5,-1.231431961060e-4
67,22,4,2,2400,17,5.185604095459e-6,-6.079673767090e-5
67,22,4,2,2400,18,6.127357482910e-5,-1.904010772705e-3
67,22,4,2,2400,19,3.129243850708e-5,-9.452104568481e-4
67,22,4,2,2400,20,-2.904534339905e-4,2.921342849731e-3
67,22,4,2,2400,21,5.808472633362e-5,3.139972686768e-3
67,22,4,2,2400,22,1.540780067444e-5,-3.671288490295e-3
67,22,4,2,2400,23,1.845657825470e-4,-2.318024635315e-3
67,22,4,2,2400,24,-4.941225051880e-5,-5.706548690796e-3
67,22,4,2,2400,25,2.872347831726e-4,-2.742290496826e-3
67,22,4,2,2400,26,4.599094390869e-4,5.753397941589e-3
67,22,4,2,2400,27,2.556145191193e-4,2.911329269409e-3
67,22,4,2,2400,28,6.506443023682e-4,2.333998680115e-3
67,22,4,2,2400,29,3.552436828613e-4,1.192927360535e-3
67,22,4,2,2400,30,6.287395954132e-4,-2.151131629944e-3
67,22,4,2,2400,31,3.423094749451e-4,-1.010060310364e-3
67,22,4,2,2400,32,3.398954868317e-4,-1.359581947327e-3
67,22,4,2,2400,33,1.991093158722e-4,-6.319284439087e-4
67,22,4,2,2400,34,-5.629658699036e-4,-1.037240028381e-3
67,22,4,2,2400,35,-5.900859832764e-6,-1.240253448486e-3
67,22,4,2,2400,36,-8.779764175415e-5,-7.206439971924e-3
67,22,4,2,2400,37,-1.856684684753e-5,-3.577351570129e-3
67,22,4,2,2400,38,-1.044273376465e-4,4.226684570312e-3
67,22,4,2,2400,39,-2.384185791016e-5,1.864671707153e-3
67,22,4,2,2400,40,9.304285049438e-5,-4.101753234863e-3
67,22,4,2,2400,41,5.275011062622e-5,-1.997947692871e-3
67,22,4,2,2400,42,1.735687255859e-4,3.341674804688e-3
67,22,4,2,2400,43,9.334087371826e-5,1.719474792480e-3
67,22,4,2,2400,44,-3.528296947479e-4,7.189512252808e-4
67,22,4,2,2400,45,-1.616179943085e-4,3.893375396729e-4
67,22,4,2,2400,46,3.432631492615e-4,-5.968689918518e-3
67,22,4,2,2400,47,2.787709236145e-4,-5.169987678528e-3
67,22,4,2,2400,48,-8.940696716309e-6,1.141428947449e-3
67,22,4,2,2400,49,4.965066909790e-5,5.831718444824e-4
67,22,4,2,2400,50,-5.555748939514e-4,-6.351947784424e-3
67,22,4,2,2400,51,-2.643465995789e-4,-3.134965896606e-3
67,22,4,2,2400,52,1.260548830032e-3,-2.871751785278e-3
67,22,4,2,2400,53,7.169544696808e-4,-1.387596130371e-3
67,22,4,2,2400,54,-4.996657371521e-4,-2.747654914856e-3
67,22,4,2,2400,55,-9.101629257202e-5,-1.557946205139e-3
67,22,4,2,2400,56,4.157423973083e-4,1.034140586853e-3
67,22,4,2,2400,57,2.242326736450e-4,5.409717559814e-4
67,22,4,2,2400,58,-9.882450103760e-5,-1.580715179443e-4
67,22,4,2,2400,59,-3.236532211304e-5,-4.589557647705e-5
67,22,4,2,2400,60,2.728998661041e-4,-2.770423889160e-3
67,22,4,2,2400,61,1.634955406189e-4,-1.364827156067e-3
67,22,4,2,2400,62,5.884766578674e-4,-2.083778381348e-4
67,22,4,2,2400,63,1.014947891235e-3,-2.259492874146e-3
67,22,4,2,2400,64,-2.762675285339e-4,-7.796287536621e-5
67,22,4,2,2400,65,-1.146197319031e-4,-1.907348632812e-5
67,22,4,2,2400,66,-1.236200332642e-4,-5.058407783508e-3
67,22,4,2,2400,67,9.894371032715e-6,-2.306938171387e-3
67,22,4,2,2400,68,-4.312396049500e-5,3.987550735474e-3
67,22,4,2,2400,69,-1.301765441895e-4,7.440924644470e-3
67,22,4,2,2400,70,-1.966953277588e-5,2.340078353882e-4
67,22,4,2,2400,71,3.659725189209e-5,-4.637241363525e-4
67,22,4,2,2400,72,6.800889968872e-5,-1.767158508301e-3
67,22,4,2,2400,73,2.435445785522e-4,-1.583099365234e-3
67,22,4,2,2400,74,-4.810094833374e-5,4.277229309082e-4
67,22,4,2,2400,75,-2.032518386841e-5,2.133846282959e-4
67,22,4,2,2400,76,1.540482044220e-4,1.602172851562e-4
67,22,4,2,2400,77,8.457899093628e-5,8.487701416016e-5
67,22,4,2,2400,78,2.463161945343e-4,-7.383823394775e-4
67,22,4,2,2400,79,4.246830940247e-4,-2.055883407593e-3
67,22,4,2,2400,80,3.603100776672e-5,3.751516342163e-4
67,22,4,2,2400,81,1.886487007141e-5,1.769065856934e-4
67,22,4,2,2400,82,3.552436828613e-5,7.605552673340e-5
67,22,4,2,2400,83,4.589557647705e-5,1.275539398193e-4
67,22,4,2,2400,84,-2.333521842957e-5,-1.776456832886e-3
67,22,4,2,2400,85,-8.046627044678e-7,0.000000000000e0
67,22,4,2,2400,86,2.428591251373e-4,-4.623651504517e-3
67,22,4,2,2400,87,1.625418663025e-4,-2.361536026001e-3
67,22,4,2,2400,88,3.123283386230e-5,9.425878524780e-4
67,22,4,2,2400,89,4.175305366516e-5,5.216598510742e-4
67,22,4,2,2400,90,7.969141006470e-5,3.283262252808e-3
67,22,4,2,2400,91,7.647275924683e-5,1.213431358337e-3
67,22,4,2,2400,92,5.108416080475e-4,3.192424774170e-4
67,22,4,2,2400,93,2.944469451904e-4,1.847743988037e-4
67,22,4,2,2400,94,-3.221035003662e-4,6.151199340820e-5
67,22,4,2,2400,95,-1.420378684998e-4,-1.652240753174e-4
67,22,4,2,2400,96,3.445148468018e-5,-2.298593521118e-3
67,22,4,2,2400,97,5.024671554565e-5,-5.750179290771e-3
67,22,4,2,2400,98,-1.295298337936e-3,-8.773803710938e-4
67,22,4,2,2400,99,-8.806586265564e-4,9.655952453613e-5
67,22,4,2,2400,100,1.948475837708e-4,8.561968803406e-3
67,22,4,2,2400,101,2.007484436035e-4,4.367589950562e-3
67,22,4,2,2400,102,6.057322025299e-4,-1.692414283752e-3
67,22,4,2,2400,103,3.461837768555e-4,-9.438991546631e-4
67,22,4,2,2400,104,-4.323720932007e-4,-1.204490661621e-3
67,22,4,2,2400,105,-1.439452171326e-4,4.124641418457e-5
67,22,4,2,2400,106,4.136562347412e-4,3.515601158142e-3
67,22,4,2,2400,107,3.035366535187e-4,1.344680786133e-3
67,22,4,2,2400,108,4.569292068481e-4,2.118945121765e-3
67,22,4,2,2400,109,1.612305641174e-4,1.491427421570e-3
67,22,4,2,2400,110,-3.036856651306e-4,-2.815961837769e-3
67,22,4,2,2400,111,3.150999546051e-4,-2.961158752441e-3
67,22,4,2,2400,112,1.099705696106e-4,1.490390300751e-2
67,22,4,2,2400,113,4.020333290100e-4,1.934134960175e-2
67,22,4,2,2400,114,-4.856586456299e-4,2.678871154785e-3
67,22,4,2,2400,115,2.010464668274e-4,5.192756652832e-3
67,22,4,2,2400,116,-3.935098648071e-4,-3.256559371948e-3
67,22,4,2,2400,117,-2.792775630951e-4,-2.404928207397e-3
67,22,4,2,2400,118,9.220838546753e-5,-3.031849861145e-3
67,22,4,2,2400,119,6.681680679321e-5,-1.476526260376e-3
67,22,4,2,2400,120,3.569126129150e-4,4.713416099548e-3
67,22,4,2,2400,121,2.928376197815e-4,4.999637603760e-4
67,22,4,2,2400,122,-5.594491958618e-4,-4.403591156006e-3
67,22,4,2,2400,123,-1.157611608505e-3,-8.887410163879e-3
67,22,4,2,2400,124,-1.464784145355e-4,-1.177430152893e-3
67,22,4,2,2400,125,-8.401274681091e-5,-1.293182373047e-3
67,22,4,2,2400,126,2.890825271606e-5,-8.990764617920e-4
67,22,4,2,2400,127,-6.103515625000e-5,1.243352890015e-4
67,22,4,2,2400,128,-4.526972770691e-4,-8.069157600403e-3
67,22,4,2,2400,129,-1.761615276337e-4,-3.996968269348e-3
67,22,4,2,2400,130,-9.589195251465e-4,-1.175987720490e-2
67,22,4,2,2400,131,-3.243088722229e-4,-5.876183509827e-3
67,22,4,2,2400,132,3.834068775177e-4,9.521245956421e-4
67,22,4,2,2400,133,1.971721649170e-4,4.866123199463e-4
67,22,4,2,2400,134,-6.896257400513e-5,-1.674890518188e-4
67,22,4,2,2400,135,2.157986164093e-4,-1.029968261719e-3
67,22,4,2,2400,136,-1.268088817596e-4,2.464652061462e-3
67,22,4,2,2400,137,-5.346536636353e-5,1.239299774170e-3
67,22,4,2,2400,138,1.083612442017e-4,-3.671646118164e-4
67,22,4,2,2400,139,1.093149185181e-4,-5.407333374023e-4
67,22,4,2,2400,140,7.438659667969e-4,-1.522302627563e-3
67,22,4,2,2400,141,3.893971443176e-4,-7.658004760742e-4
67,22,4,2,2400,142,-1.013278961182e-6,-1.572847366333e-3
67,22,4,2,2400,143,2.598762512207e-5,-7.855892181396e-4
67,22,4,2,2400,144,3.020167350769e-4,-1.923203468323e-3
67,22,4,2,2400,145,1.823306083679e-4,-9.250640869141e-4
67,22,4,2,2400,146,4.515647888184e-4,-4.864811897278e-3
67,22,4,2,2400,147,3.085136413574e-4,-2.293825149536e-3
67,22,4,2,2400,148,1.015067100525e-4,1.494884490967e-4
67,22,4,2,2400,149,5.152821540833e-5,1.161098480225e-4
67,22,4,2,2400,150,1.511871814728e-4,-1.223087310791e-4
67,22,4,2,2400,151,3.142952919006e-4,-4.678964614868e-4
67,22,4,2,2400,152,-8.612871170044e-5,9.303092956543e-4
67,22,4,2,2400,153,-2.145767211914e-6,4.441738128662e-4
67,22,4,2,2400,154,-2.703070640564e-5,1.145601272583e-3
67,22,4,2,2400,155,-1.141428947449e-5,5.779266357422e-4
67,22,4,2,2400,156,9.837746620178e-5,-4.258155822754e-4
67,22,4,2,2400,157,2.384185791016e-7,-6.747245788574e-5
67,22,4,2,2400,158,3.889203071594e-5,2.222061157227e-4
67,22,4,2,2400,159,1.291632652283e-4,4.129409790039e-4
67,22,4,2,2400,160,4.959106445312e-5,2.622604370117e-5
67,22,4,2,2400,161,2.604722976685e-5,1.430511474609e-5
67,22,4,2,2400,162,1.944601535797e-4,-1.593589782715e-3
67,22,4,2,2400,163,1.054108142853e-4,-7.810592651367e-4
67,22,4,2,2400,164,0.000000000000e0,0.000000000000e0
67,22,4,2,2400,165,0.000000000000e0,-9.536743164062e-7
67,22,4,2,2400,166,0.000000000000e0,0.000000000000e0
67,22,4,2,2400,167,0.000000000000e0,-9.536743164062e-7
67,22,4,2,2400,168,0.000000000000e0,0.000000000000e0
67,22,4,2,2400,169,0.000000000000e0,0.000000000000e0
68,22,4,2,4200,0,-6.262958049774e-5,-3.871917724609e-4
68,22,4,2,4200,1,-2.980232238770e-5,-1.895427703857e-4
68,22,4,2,4200,2,-1.544207334518e-4,8.840560913086e-4
68,22,4,2,4200,3,-7.653236389160e-5,4.422664642334e-4
68,22,4,2,4200,4,5.038082599640e-5,1.764297485352e-3
68,22,4,2,4200,5,2.844631671906e-5,8.842945098877e-4
68,22,4,2,4200,6,-9.216368198395e-5,1.657009124756e-4
68,22,4,2,4200,7,-4.559755325317e-5,9.584426879883e-5
68,22,4,2,4200,8,0.000000000000e0,0.000000000000e0
68,22,4,2,4200,9,-8.571147918701e-5,1.008272171021e-3
68,22,4,2,4200,10,6.437301635742e-5,-5.149841308594e-5
68,22,4,2,4200,11,3.229081630707e-5,-2.479553222656e-5
68,22,4,2,4200,12,-1.235306262970e-5,7.386207580566e-4
68,22,4,2,4200,13,-3.263354301453e-6,3.714561462402e-4
68,22,4,2,4200,14,4.358589649200e-5,-5.625486373901e-3
68,22,4,2,4200,15,-1.060962677002e-5,9.655952453613e-4
68,22,4,2,4200,16,9.939074516296e-6,-3.140926361084e-3
68,22,4,2,4200,17,1.244246959686e-5,-1.566886901855e-3
68,22,4,2,4200,18,4.999339580536e-5,-8.010864257812e-5
68,22,4,2,4200,19,4.433095455170e-5,1.049041748047e-4
68,22,4,2,4200,20,1.245737075806e-5,-3.123283386230e-4
68,22,4,2,4200,21,1.490116119385e-5,-6.036758422852e-4
68,22,4,2,4200,22,0.000000000000e0,0.000000000000e0
68,22,4,2,4200,23,1.028627157211e-4,-9.703636169434e-5
68,22,4,2,4200,24,2.276897430420e-5,-1.728057861328e-3
68,22,4,2,4200,25,8.951127529144e-5,7.984638214111e-4
68,22,4,2,4200,26,-1.053512096405e-5,4.277229309082e-4
68,22,4,2,4200,27,-4.416704177856e-5,7.054805755615e-4
68,22,4,2,4200,28,-1.499205827713e-4,-7.438659667969e-5
68,22,4,2,4200,29,-1.347512006760e-4,-3.957748413086e-4
68,22,4,2,4200,30,-5.538761615753e-5,-4.723548889160e-3
68,22,4,2,4200,31,-1.775473356247e-4,-8.245468139648e-3
68,22,4,2,4200,32,7.867813110352e-6,3.457069396973e-5
68,22,4,2,4200,33,-7.450580596924e-8,7.770061492920e-4
68,22,4,2,4200,34,1.192092895508e-5,-2.204418182373e-3
68,22,4,2,4200,35,1.226365566254e-5,-1.099824905396e-3
68,22,4,2,4200,36,-3.498196601868e-4,-6.343364715576e-3
68,22,4,2,4200,37,-3.123283386230e-5,-4.523038864136e-3
68,22,4,2,4200,38,5.410462617874e-4,-3.168582916260e-3
68,22,4,2,4200,39,5.109161138535e-4,-2.229213714600e-3
68,22,4,2,4200,40,1.022368669510e-4,7.828950881958e-3
68,22,4,2,4200,41,8.951127529144e-5,7.259130477905e-3
68,22,4,2,4200,42,-1.416951417923e-4,5.333423614502e-4
68,22,4,2,4200,43,-4.143267869949e-4,1.981735229492e-3
68,22,4,2,4200,44,-2.553910017014e-4,3.947734832764e-3
68,22,4,2,4200,45,-2.286434173584e-4,7.801055908203e-4
68,22,4,2,4200,46,-7.208585739136e-4,-1.052856445312e-3
68,22,4,2,4200,47,-3.226548433304e-4,-5.202293395996e-4
68,22,4,2,4200,48,-4.314184188843e-4,2.064943313599e-3
68,22,4,2,4200,49,-7.420331239700e-4,-1.047611236572e-3
68,22,4,2,4200,50,-6.616115570068e-5,-2.229213714600e-3
68,22,4,2,4200,51,1.139938831329e-5,-1.112461090088e-3
68,22,4,2,4200,52,-3.398656845093e-4,-4.783868789673e-3
68,22,4,2,4200,53,-2.683997154236e-4,-4.225730895996e-3
68,22,4,2,4200,54,2.001523971558e-4,-3.139972686768e-3
68,22,4,2,4200,55,1.514554023743e-4,-4.560947418213e-3
68,22,4,2,4200,56,4.164874553680e-5,-8.251667022705e-4
68,22,4,2,4200,57,-3.065168857574e-5,-4.853248596191e-3
68,22,4,2,4200,58,-3.622472286224e-5,1.001358032227e-3
68,22,4,2,4200,59,1.475214958191e-6,2.111434936523e-3
68,22,4,2,4200,60,-8.031725883484e-6,1.863479614258e-3
68,22,4,2,4200,61,1.029223203659e-4,-2.454280853271e-3
68,22,4,2,4200,62,2.692937850952e-4,-4.799365997314e-3
68,22,4,2,4200,63,5.551129579544e-4,1.442432403564e-3
68,22,4,2,4200,64,2.344101667404e-4,-5.208730697632e-3
68,22,4,2,4200,65,3.690719604492e-4,-1.100134849548e-2
68,22,4,2,4200,66,9.607076644897e-4,6.880283355713e-3
68,22,4,2,4200,67,5.323886871338e-4,3.470659255981e-3
68,22,4,2,4200,68,1.577585935593e-4,4.235029220581e-3
68,22,4,2,4200,69,8.428096771240e-5,2.276182174683e-3
68,22,4,2,4200,70,-8.742511272430e-5,-1.228332519531e-3
68,22,4,2,4200,71,-2.920627593994e-4,-2.544164657593e-3
68,22,4,2,4200,72,-4.625320434570e-5,5.803108215332e-3
68,22,4,2,4200,73,-2.019405364990e-4,1.153278350830e-2
68,22,4,2,4200,74,3.750324249268e-4,8.497238159180e-4
68,22,4,2,4200,75,2.191662788391e-4,4.363059997559e-4
68,22,4,2,4200,76,-3.425776958466e-5,-7.799625396729e-3
68,22,4,2,4200,77,-2.171546220779e-4,-1.562261581421e-2
68,22,4,2,4200,78,3.068447113037e-4,3.653764724731e-3
68,22,4,2,4200,79,3.963708877563e-4,7.252693176270e-3
68,22,4,2,4200,80,-3.306418657303e-4,-4.059553146362e-3
68,22,4,2,4200,81,-3.598928451538e-4,-1.517057418823e-3
68,22,4,2,4200,82,2.217888832092e-4,7.946491241455e-4
68,22,4,2,4200,83,1.380443572998e-4,-2.362728118896e-4
68,22,4,2,4200,84,1.203268766403e-4,-1.902580261230e-4
68,22,4,2,4200,85,2.014636993408e-5,1.363754272461e-4
68,22,4,2,4200,86,-3.191232681274e-4,-1.965045928955e-3
68,22,4,2,4200,87,-9.024143218994e-5,-9.338855743408e-4
68,22,4,2,4200,88,-2.905726432800e-6,1.636028289795e-3
68,22,4,2,4200,89,-7.684528827667e-5,3.486633300781e-3
68,22,4,2,4200,90,-6.431341171265e-5,-5.574703216553e-3
68,22,4,2,4200,91,-4.903525114059e-4,-4.888296127319e-3
68,22,4,2,4200,92,-1.127272844315e-4,-1.226902008057e-3
68,22,4,2,4200,93,-1.320987939835e-4,-2.671718597412e-3
68,22,4,2,4200,94,-1.786798238754e-4,8.530616760254e-4
68,22,4,2,4200,95,-8.861720561981e-5,4.279613494873e-4
68,22,4,2,4200,96,-1.234561204910e-4,-7.792234420776e-3
68,22,4,2,4200,97,-5.318224430084e-5,-3.885269165039e-3
68,22,4,2,4200,98,4.614889621735e-5,1.138210296631e-3
68,22,4,2,4200,99,5.890429019928e-5,5.710124969482e-4
68,22,4,2,4200,100,-1.624077558517e-4,-1.173257827759e-3
68,22,4,2,4200,101,-7.911026477814e-5,-5.824565887451e-4
68,22,4,2,4200,102,7.432699203491e-5,-2.691507339478e-3
68,22,4,2,4200,103,-4.661083221436e-5,-1.743793487549e-3
68,22,4,2,4200,104,-1.357793807983e-4,2.110481262207e-3
68,22,4,2,4200,105,-1.513510942459e-4,3.476858139038e-3
68,22,4,2,4200,106,-3.750324249268e-4,-5.488157272339e-3
68,22,4,2,4200,107,-1.680105924606e-4,-2.728700637817e-3
68,22,4,2,4200,108,-2.881437540054e-4,-3.824234008789e-4
68,22,4,2,4200,109,-1.377016305923e-4,-5.650520324707e-5
68,22,4,2,4200,110,-5.057901144028e-4,-4.359483718872e-3
68,22,4,2,4200,111,-2.319961786270e-4,-2.162933349609e-3
68,22,4,2,4200,112,-1.391321420670e-4,-3.407478332520e-3
68,22,4,2,4200,113,-4.164427518845e-4,-7.376670837402e-4
68,22,4,2,4200,114,-6.853044033051e-5,-5.664825439453e-4
68,22,4,2,4200,115,1.068413257599e-5,-2.748966217041e-4
68,22,4,2,4200,116,-4.053115844727e-5,2.572774887085e-3
68,22,4,2,4200,117,4.291534423828e-5,1.305103302002e-3
68,22,4,2,4200,118,3.196299076080e-5,1.020431518555e-4
68,22,4,2,4200,119,4.470348358154e-5,7.772445678711e-5
68,22,4,2,4200,120,-3.963708877563e-4,-7.068395614624e-3
68,22,4,2,4200,121,-1.609325408936e-4,-3.514289855957e-3
68,22,4,2,4200,122,4.109591245651e-4,-1.861572265625e-3
68,22,4,2,4200,123,4.961043596268e-4,1.658201217651e-3
68,22,4,2,4200,124,-2.247542142868e-4,3.636837005615e-3
68,22,4,2,4200,125,-2.424716949463e-4,2.733707427979e-3
68,22,4,2,4200,126,2.701878547668e-4,-3.031730651855e-3
68,22,4,2,4200,127,4.866272211075e-4,-6.075382232666e-3
68,22,4,2,4200,128,5.041509866714e-4,-1.840591430664e-3
68,22,4,2,4200,129,2.559274435043e-4,-9.138584136963e-4
68,22,4,2,4200,130,2.390295267105e-4,-6.970882415771e-3
68,22,4,2,4200,131,1.341551542282e-4,-3.281593322754e-3
68,22,4,2,4200,132,2.268552780151e-4,6.394386291504e-4
68,22,4,2,4200,133,1.275986433029e-4,3.447532653809e-4
68,22,4,2,4200,134,1.319795846939e-4,-1.290321350098e-3
68,22,4,2,4200,135,1.248866319656e-4,-1.917839050293e-3
68,22,4,2,4200,136,2.218484878540e-4,3.551483154297e-3
68,22,4,2,4200,137,2.724677324295e-4,8.201122283936e-3
68,22,4,2,4200,138,-7.085204124451e-4,3.398656845093e-3
68,22,4,2,4200,139,-3.230571746826e-4,1.897811889648e-3
68,22,4,2,4200,140,-1.239776611328e-5,2.470970153809e-3
68,22,4,2,4200,141,5.885958671570e-6,1.431465148926e-3
68,22,4,2,4200,142,-3.817826509476e-4,-2.948999404907e-3
68,22,4,2,4200,143,-1.745969057083e-4,-1.465082168579e-3
68,22,4,2,4200,144,-9.131431579590e-5,-7.405281066895e-4
68,22,4,2,4200,145,-1.503527164459e-5,6.861686706543e-4
68,22,4,2,4200,146,8.285045623779e-6,-3.303050994873e-3
68,22,4,2,4200,147,1.561641693115e-5,-1.624584197998e-3
68,22,4,2,4200,148,2.212822437286e-5,-1.119136810303e-3
68,22,4,2,4200,149,4.075467586517e-5,-5.276203155518e-4
68,22,4,2,4200,150,-4.850178956985e-4,-1.232767105103e-2
68,22,4,2,4200,151,-1.752376556396e-4,-6.124496459961e-3
68,22,4,2,4200,152,-4.328638315201e-4,1.704692840576e-3
68,22,4,2,4200,153,-1.725703477859e-4,9.555816650391e-4
68,22,4,2,4200,154,1.873970031738e-4,8.959770202637e-3
68,22,4,2,4200,155,1.247376203537e-4,4.295110702515e-3
68,22,4,2,4200,156,-1.689791679382e-4,5.576133728027e-3
68,22,4,2,4200,157,3.859400749207e-6,2.079963684082e-3
68,22,4,2,4200,158,3.767013549805e-5,5.826234817505e-3
68,22,4,2,4200,159,1.699924468994e-4,3.625154495239e-3
68,22,4,2,4200,160,1.688748598099e-4,-3.082513809204e-3
68,22,4,2,4200,161,-2.627074718475e-5,-2.741336822510e-3
68,22,4,2,4200,162,-1.027584075928e-4,-2.591371536255e-3
68,22,4,2,4200,163,-2.081692218781e-5,-1.398324966431e-3
68,22,4,2,4200,164,1.891404390335e-4,-8.337020874023e-3
68,22,4,2,4200,165,5.307942628860e-4,-5.549430847168e-3
68,22,4,2,4200,166,4.009902477264e-5,-1.260042190552e-3
68,22,4,2,4200,167,2.951920032501e-5,-6.215572357178e-4
68,22,4,2,4200,168,-9.989738464355e-5,2.586126327515e-3
68,22,4,2,4200,169,-3.914535045624e-5,1.370906829834e-3
69,23,4,3,600,0,0.000000000000e0,0.000000000000e0
69,23,4,3,600,1,0.000000000000e0,0.000000000000e0
69,23,4,3,600,2,-4.744529724121e-5,5.793571472168e-5
69,23,4,3,600,3,-2.145767211914e-5,2.896785736084e-5
69,23,4,3,600,4,5.078315734863e-5,-3.874301910400e-5
69,23,4,3,600,5,2.551078796387e-5,-3.373622894287e-5
69,23,4,3,600,6,1.024007797241e-4,-4.684925079346e-5
69,23,4,3,600,7,5.125999450684e-5,-3.027915954590e-5
69,23,4,3,600,8,1.996159553528e-4,-2.883672714233e-4
69,23,4,3,600,9,9.900331497192e-5,-1.455545425415e-4
69,23,4,3,600,10,-4.100799560547e-5,1.326799392700e-4
69,23,4,3,600,11,-1.823902130127e-5,6.639957427979e-5
69,23,4,3,600,12,7.748603820801e-7,1.591444015503e-4
69,23,4,3,600,13,7.921457290649e-5,1.822710037231e-4
69,23,4,3,600,14,-7.385015487671e-5,1.358985900879e-5
69,23,4,3,600,15,-3.683567047119e-5,3.099441528320e-6
69,23,4,3,600,16,-7.843971252441e-5,-2.624988555908e-4
69,23,4,3,600,17,-3.504753112793e-5,-1.341104507446e-4
69,23,4,3,600,18,6.461143493652e-5,-9.608268737793e-5
69,23,4,3,600,19,1.282691955566e-4,-1.939535140991e-4
69,23,4,3,600,20,-2.801418304443e-5,-2.082586288452e-4
69,23,4,3,600,21,-6.484985351562e-5,-4.273653030396e-4
69,23,4,3,600,22,3.577470779419e-4,-1.251697540283e-5
69,23,4,3,600,23,1.826882362366e-4,-2.622604370117e-6
69,23,4,3,600,24,8.594989776611e-5,-7.915496826172e-5
69,23,4,3,600,25,1.645684242249e-4,-1.642704010010e-4
69,23,4,3,600,26,-1.585483551025e-5,-1.100301742554e-4
69,23,4,3,600,27,-3.206729888916e-5,-2.210140228271e-4
69,23,4,3,600,28,2.110004425049e-5,-3.659725189209e-5
69,23,4,3,600,29,6.198883056641e-6,-5.602836608887e-5
69,23,4,3,600,30,1.078844070435e-5,4.696846008301e-5
69,23,4,3,600,31,2.121925354004e-5,8.082389831543e-5
69,23,4,3,600,32,1.657009124756e-5,-4.172325134277e-6
69,23,4,3,600,33,2.360343933105e-5,-6.794929504395e-6
69,23,4,3,600,34,-1.225471496582e-4,5.309581756592e-4
69,23,4,3,600,35,-5.292892456055e-5,2.663135528564e-4
69,23,4,3,600,36,5.936622619629e-5,6.910562515259e-4
69,23,4,3,600,37,7.522106170654e-5,9.890794754028e-4
69,23,4,3,600,38,1.278519630432e-4,5.590915679932e-4
69,23,4,3,600,39,7.206201553345e-5,2.802610397339e-4
69,23,4,3,600,40,3.194808959961e-5,-6.386041641235e-4
69,23,4,3,600,41,1.776218414307e-5,-3.210306167603e-4
69,23,4,3,600,42,-1.077055931091e-4,-2.688169479370e-4
69,23,4,3,600,43,-4.148483276367e-5,-1.519918441772e-4
69,23,4,3,600,44,1.991391181946e-4,1.841783523560e-4
69,23,4,3,600,45,1.025795936584e-4,8.857250213623e-5
69,23,4,3,600,46,3.606081008911e-5,7.271766662598e-5
69,23,4,3,600,47,3.683567047119e-5,9.095668792725e-5
69,23,4,3,600,48,1.836419105530e-4,1.370906829834e-4
69,23,4,3,600,49,3.136396408081e-4,2.440214157104e-4
69,23,4,3,600,50,2.890825271606e-5,-6.031990051270e-5
69,23,4,3,600,51,3.987550735474e-5,-6.496906280518e-5
69,23,4,3,600,52,-1.241564750671e-4,-5.042552947998e-5
69,23,4,3,600,53,-6.759166717529e-5,-2.133846282959e-5
69,23,4,3,600,54,1.354217529297e-4,-1.636743545532e-4
69,23,4,3,600,55,6.818771362305e-5,-9.512901306152e-5
69,23,4,3,600,56,3.147125244141e-4,-2.866983413696e-4
69,23,4,3,600,57,1.600980758667e-4,-1.431703567505e-4
69,23,4,3,600,58,8.827447891235e-5,1.975297927856e-4
69,23,4,3,600,59,2.404451370239e-4,3.553628921509e-4
69,23,4,3,600,60,7.152557373047e-6,9.453296661377e-5
69,23,4,3,600,61,-8.285045623779e-6,2.011060714722e-4
69,23,4,3,600,62,-5.078315734863e-5,-4.506111145020e-5
69,23,4,3,600,63,-5.137920379639e-5,-7.951259613037e-5
69,23,4,3,600,64,4.893541336060e-5,1.919269561768e-5
69,23,4,3,600,65,2.419948577881e-5,1.466274261475e-5
69,23,4,3,600,66,-4.214048385620e-5,3.492832183838e-5
69,23,4,3,600,67,-2.145767211914e-5,1.704692840576e-5
69,23,4,3,600,68,1.966953277588e-6,-5.125999450684e-6
69,23,4,3,600,69,7.748603820801e-7,-1.621246337891e-5
69,23,4,3,600,70,2.741813659668e-6,-8.559226989746e-5
69,23,4,3,600,71,5.364418029785e-6,-1.653432846069e-4
69,23,4,3,600,72,3.367662429810e-5,7.510185241699e-6
69,23,4,3,600,73,1.561641693115e-5,4.410743713379e-6
69,23,4,3,600,74,2.372264862061e-5,2.551078796387e-5
69,23,4,3,600,75,4.351139068604e-5,5.185604095459e-5
69,23,4,3,600,76,-6.914138793945e-5,-1.109838485718e-4
69,23,4,3,600,77,-2.992153167725e-5,-5.638599395752e-5
69,23,4,3,600,78,-5.716085433960e-5,-2.670288085938e-5
69,23,4,3,600,79,-2.646446228027e-5,-1.132488250732e-5
69,23,4,3,600,80,-7.355213165283e-5,-3.457069396973e-5
69,23,4,3,600,81,-3.832578659058e-5,-1.704692840576e-5
69,23,4,3,600,82,2.096295356750e-4,-2.187490463257e-4
69,23,4,3,600,83,1.752972602844e-4,-7.200241088867e-5
69,23,4,3,600,84,3.117322921753e-4,-1.050233840942e-4
69,23,4,3,600,85,2.048611640930e-4,-2.745389938354e-4
69,23,4,3,600,86,3.441572189331e-4,1.106262207031e-4
69,23,4,3,600,87,2.117156982422e-4,5.280971527100e-5
69,23,4,3,600,88,6.254911422729e-4,-8.612871170044e-4
69,23,4,3,600,89,3.188848495483e-4,-4.321336746216e-4
69,23,4,3,600,90,-3.528594970703e-5,5.272626876831e-4
69,23,4,3,600,91,-1.633167266846e-5,2.648830413818e-4
69,23,4,3,600,92,-2.609491348267e-4,5.081892013550e-4
69,23,4,3,600,93,-1.291632652283e-4,2.483129501343e-4
69,23,4,3,600,94,1.144409179688e-5,1.333951950073e-4
69,23,4,3,600,95,-5.960464477539e-6,1.119375228882e-4
69,23,4,3,600,96,-6.854534149170e-5,-5.244016647339e-4
69,23,4,3,600,97,-2.944469451904e-5,-2.685785293579e-4
69,23,4,3,600,98,-1.047849655151e-4,3.278255462646e-5
69,23,4,3,600,99,-4.231929779053e-6,-8.881092071533e-5
69,23,4,3,600,100,5.936622619629e-5,6.449222564697e-5
69,23,4,3,600,101,1.022815704346e-4,1.188516616821e-4
69,23,4,3,600,102,-2.825260162354e-5,3.073215484619e-4
69,23,4,3,600,103,7.510185241699e-6,1.524686813354e-4
69,23,4,3,600,104,-1.196861267090e-4,9.381771087646e-5
69,23,4,3,600,105,-2.405643463135e-4,1.869201660156e-4
69,23,4,3,600,106,1.958608627319e-4,2.955198287964e-4
69,23,4,3,600,107,1.915693283081e-4,1.393556594849e-4
69,23,4,3,600,108,2.093911170959e-4,2.133131027222e-3
69,23,4,3,600,109,9.447336196899e-5,1.054167747498e-3
69,23,4,3,600,110,-5.173683166504e-5,2.399682998657e-4
69,23,4,3,600,111,1.633167266846e-5,1.254081726074e-4
69,23,4,3,600,112,6.395578384399e-5,3.786087036133e-4
69,23,4,3,600,113,3.457069396973e-4,-1.903772354126e-4
69,23,4,3,600,114,3.808736801147e-4,5.227327346802e-4
69,23,4,3,600,115,3.355741500854e-4,-2.650022506714e-4
69,23,4,3,600,116,8.761882781982e-5,-1.360177993774e-4
69,23,4,3,600,117,1.736283302307e-4,-2.740621566772e-4
69,23,4,3,600,118,3.371834754944e-4,-3.359317779541e-4
69,23,4,3,600,119,4.528164863586e-4,-1.456737518311e-4
69,23,4,3,600,120,2.379417419434e-4,-2.040863037109e-4
69,23,4,3,600,121,1.223683357239e-4,-9.846687316895e-5
69,23,4,3,600,122,-4.954338073730e-4,-2.171993255615e-4
69,23,4,3,600,123,-1.626014709473e-4,-1.026391983032e-4
69,23,4,3,600,124,1.502633094788e-4,6.592273712158e-5
69,23,4,3,600,125,8.165836334229e-5,3.623962402344e-5
69,23,4,3,600,126,-1.184344291687e-4,1.170039176941e-3
69,23,4,3,600,127,-5.191564559937e-5,5.890130996704e-4
69,23,4,3,600,128,4.608631134033e-4,-1.308798789978e-3
69,23,4,3,600,129,1.636147499084e-4,-8.476972579956e-4
69,23,4,3,600,130,1.730918884277e-4,-7.092952728271e-4
69,23,4,3,600,131,9.453296661377e-5,-3.389120101929e-4
69,23,4,3,600,132,1.404285430908e-4,1.776218414307e-5
69,23,4,3,600,133,2.751946449280e-4,1.287460327148e-5
69,23,4,3,600,134,3.550052642822e-4,6.419420242310e-4
69,23,4,3,600,135,1.827478408813e-4,3.232955932617e-4
69,23,4,3,600,136,1.164078712463e-4,-6.119012832642e-4
69,23,4,3,600,137,2.079010009766e-4,-1.235604286194e-3
69,23,4,3,600,138,3.166198730469e-4,5.472898483276e-4
69,23,4,3,600,139,3.483295440674e-4,3.403425216675e-4
69,23,4,3,600,140,1.633167266846e-4,1.478195190430e-5
69,23,4,3,600,141,8.636713027954e-5,9.894371032715e-6
69,23,4,3,600,142,-6.377696990967e-5,4.444122314453e-4
69,23,4,3,600,143,-3.498792648315e-5,2.247095108032e-4
69,23,4,3,600,144,4.656314849854e-4,-8.796453475952e-4
69,23,4,3,600,145,2.363920211792e-4,-4.277229309082e-4
69,23,4,3,600,146,-1.441836357117e-4,5.301237106323e-4
69,23,4,3,600,147,-1.580715179443e-4,-4.280805587769e-4
69,23,4,3,600,148,-6.484985351562e-5,-2.468824386597e-4
69,23,4,3,600,149,-1.363754272461e-4,-5.142688751221e-4
69,23,4,3,600,150,-7.051229476929e-5,-1.451969146729e-4
69,23,4,3,600,151,-1.561641693115e-4,1.311302185059e-5
69,23,4,3,600,152,3.367662429810e-5,-4.692077636719e-4
69,23,4,3,600,153,6.181001663208e-5,-9.452104568481e-4
69,23,4,3,600,154,-1.448988914490e-4,-1.455545425415e-4
69,23,4,3,600,155,-7.170438766479e-5,-7.021427154541e-5
69,23,4,3,600,156,-1.394748687744e-4,-5.900859832764e-5
69,23,4,3,600,157,-6.264448165894e-5,-2.908706665039e-5
69,23,4,3,600,158,-1.114606857300e-5,-2.670288085938e-5
69,23,4,3,600,159,-2.086162567139e-5,-5.340576171875e-5
69,23,4,3,600,160,-1.907348632812e-5,-6.899833679199e-4
69,23,4,3,600,161,-2.562999725342e-6,-3.474950790405e-4
69,23,4,3,600,162,3.214478492737e-4,1.776576042175e-3
69,23,4,3,600,163,1.710057258606e-4,8.920431137085e-4
69,23,4,3,600,164,1.384019851685e-4,1.908898353577e-3
69,23,4,3,600,165,8.040666580200e-5,9.659528732300e-4
69,23,4,3,600,166,1.196861267090e-4,-1.016855239868e-4
69,23,4,3,600,167,1.003742218018e-4,-6.198883056641e-5
69,23,4,3,600,168,1.847743988037e-5,-4.649162292480e-5
69,23,4,3,600,169,4.702806472778e-5,-4.625320434570e-5
70,23,4,3,2400,0,3.796815872192e-5,-5.110502243042e-4
70,23,4,3,2400,1,5.197525024414e-5,-2.316236495972e-4
70,23,4,3,2400,2,5.483627319336e-6,9.596347808838e-5
70,23,4,3,2400,3,3.230571746826e-5,-1.190900802612e-4
70,23,4,3,2400,4,-1.952052116394e-4,1.711964607239e-3
70,23,4,3,2400,5,-3.623962402344e-5,7.687807083130e-4
70,23,4,3,2400,6,1.581907272339e-4,-4.510760307312e-3
70,23,4,3,2400,7,8.863210678101e-5,-2.340793609619e-3
70,23,4,3,2400,8,-2.931952476501e-4,-5.329132080078e-3
70,23,4,3,2400,9,-1.493096351624e-4,-2.691745758057e-3
70,23,4,3,2400,10,-2.193450927734e-5,3.266811370850e-3
70,23,4,3,2400,11,-3.117322921753e-5,1.962304115295e-3
70,23,4,3,2400,12,2.602338790894e-4,1.525402069092e-3
70,23,4,3,2400,13,4.985332489014e-4,3.037095069885e-3
70,23,4,3,2400,14,6.065368652344e-4,1.517534255981e-4
70,23,4,3,2400,15,3.266930580139e-4,1.034736633301e-4
70,23,4,3,2400,16,6.482005119324e-4,2.298712730408e-3
70,23,4,3,2400,17,3.596544265747e-4,1.194953918457e-3
70,23,4,3,2400,18,1.952648162842e-4,-1.675605773926e-3
70,23,4,3,2400,19,1.111030578613e-4,-8.233785629272e-4
70,23,4,3,2400,20,7.027983665466e-4,9.444952011108e-4
70,23,4,3,2400,21,4.547834396362e-4,-1.125335693359e-4
70,23,4,3,2400,22,-6.439089775085e-4,-6.315708160400e-3
70,23,4,3,2400,23,-6.241798400879e-4,-2.839088439941e-3
70,23,4,3,2400,24,-3.182888031006e-5,4.579186439514e-3
70,23,4,3,2400,25,5.602836608887e-6,2.307772636414e-3
70,23,4,3,2400,26,-4.673004150391e-5,5.642533302307e-3
70,23,4,3,2400,27,4.291534423828e-6,2.841353416443e-3
70,23,4,3,2400,28,-3.061294555664e-4,2.999305725098e-4
70,23,4,3,2400,29,-1.312494277954e-4,1.627206802368e-4
70,23,4,3,2400,30,-2.905130386353e-4,-3.008365631104e-3
70,23,4,3,2400,31,-1.087188720703e-4,-1.489520072937e-3
70,23,4,3,2400,32,-3.745555877686e-4,3.578305244446e-3
70,23,4,3,2400,33,-7.146596908569e-5,1.778483390808e-3
70,23,4,3,2400,34,2.243518829346e-4,4.359364509583e-3
70,23,4,3,2400,35,1.382827758789e-4,2.204060554504e-3
70,23,4,3,2400,36,1.609325408936e-5,7.678270339966e-4
70,23,4,3,2400,37,4.148483276367e-5,4.152059555054e-4
70,23,4,3,2400,38,-4.999637603760e-4,-7.575988769531e-3
70,23,4,3,2400,39,-1.984834671021e-4,-2.364516258240e-3
70,23,4,3,2400,40,1.229643821716e-4,-1.859545707703e-3
70,23,4,3,2400,41,7.832050323486e-5,-8.769035339355e-4
70,23,4,3,2400,42,3.368258476257e-4,3.642439842224e-3
70,23,4,3,2400,43,2.708435058594e-4,1.431941986084e-3
70,23,4,3,2400,44,-1.547336578369e-4,4.867315292358e-4
70,23,4,3,2400,45,-4.887580871582e-5,2.679824829102e-4
70,23,4,3,2400,46,-4.951357841492e-4,1.515507698059e-3
70,23,4,3,2400,47,1.955032348633e-5,-4.148483276367e-4
70,23,4,3,2400,48,3.612041473389e-4,-3.154754638672e-3
70,23,4,3,2400,49,3.536939620972e-4,2.407550811768e-3
70,23,4,3,2400,50,-3.768801689148e-4,2.274513244629e-4
70,23,4,3,2400,51,-1.465082168579e-4,1.577138900757e-4
70,23,4,3,2400,52,1.085400581360e-4,-3.405809402466e-4
70,23,4,3,2400,53,6.055831909180e-5,-1.491308212280e-4
70,23,4,3,2400,54,5.279779434204e-4,3.481388092041e-3
70,23,4,3,2400,55,5.939006805420e-4,2.767443656921e-3
70,23,4,3,2400,56,-3.212690353394e-4,5.792379379272e-4
70,23,4,3,2400,57,-1.573562622070e-4,3.175735473633e-4
70,23,4,3,2400,58,6.844997406006e-4,1.304984092712e-3
70,23,4,3,2400,59,3.481507301331e-4,6.600618362427e-4
70,23,4,3,2400,60,3.757476806641e-4,9.579658508301e-4
70,23,4,3,2400,61,1.929998397827e-4,5.965232849121e-4
70,23,4,3,2400,62,-1.527667045593e-4,2.371907234192e-3
70,23,4,3,2400,63,4.124641418457e-5,2.631664276123e-3
70,23,4,3,2400,64,-9.089708328247e-5,6.378173828125e-3
70,23,4,3,2400,65,1.525878906250e-5,3.302693367004e-3
70,23,4,3,2400,66,1.623630523682e-4,-3.442645072937e-3
70,23,4,3,2400,67,8.296966552734e-5,-1.716256141663e-3
70,23,4,3,2400,68,-4.306435585022e-4,-1.219630241394e-3
70,23,4,3,2400,69,-1.974105834961e-4,-5.961656570435e-4
70,23,4,3,2400,70,-2.857446670532e-4,-6.299018859863e-4
70,23,4,3,2400,71,-2.502799034119e-4,-2.640485763550e-4
70,23,4,3,2400,72,0.000000000000e0,0.000000000000e0
70,23,4,3,2400,73,2.622604370117e-5,1.908540725708e-4
70,23,4,3,2400,74,-4.194378852844e-4,1.684069633484e-3
70,23,4,3,2400,75,-1.580715179443e-4,8.659362792969e-4
70,23,4,3,2400,76,7.927417755127e-5,1.298189163208e-4
70,23,4,3,2400,77,4.345178604126e-5,9.191036224365e-5
70,23,4,3,2400,78,-3.606081008911e-4,1.239299774170e-3
70,23,4,3,2400,79,-1.057386398315e-4,2.596020698547e-3
70,23,4,3,2400,80,-1.170635223389e-4,6.004571914673e-4
70,23,4,3,2400,81,-2.396106719971e-5,3.331899642944e-4
70,23,4,3,2400,82,5.321502685547e-4,-2.020716667175e-3
70,23,4,3,2400,83,2.741813659668e-4,-1.003742218018e-3
70,23,4,3,2400,84,7.249712944031e-4,3.040313720703e-3
70,23,4,3,2400,85,3.614425659180e-4,1.527428627014e-3
70,23,4,3,2400,86,1.160502433777e-4,-3.359794616699e-3
70,23,4,3,2400,87,6.639957427979e-5,-1.671910285950e-3
70,23,4,3,2400,88,2.307891845703e-4,2.304553985596e-3
70,23,4,3,2400,89,2.089738845825e-4,7.394194602966e-3
70,23,4,3,2400,90,1.041889190674e-4,1.392364501953e-4
70,23,4,3,2400,91,4.259347915649e-4,-2.822875976562e-4
70,23,4,3,2400,92,-5.984306335449e-4,5.305171012878e-3
70,23,4,3,2400,93,-2.629160881042e-4,2.712845802307e-3
70,23,4,3,2400,94,2.975463867188e-4,-1.053214073181e-3
70,23,4,3,2400,95,1.529455184937e-4,-5.121231079102e-4
70,23,4,3,2400,96,1.074075698853e-4,2.980232238770e-4
70,23,4,3,2400,97,6.949901580811e-5,1.348257064819e-4
70,23,4,3,2400,98,2.329349517822e-4,-5.940198898315e-4
70,23,4,3,2400,99,1.199841499329e-4,-2.852678298950e-4
70,23,4,3,2400,100,-1.388192176819e-4,-2.362132072449e-3
70,23,4,3,2400,101,-6.580352783203e-5,-1.163959503174e-3
70,23,4,3,2400,102,-4.130601882935e-4,-1.711487770081e-3
70,23,4,3,2400,103,-1.862049102783e-4,-8.319616317749e-4
70,23,4,3,2400,104,1.072287559509e-4,-2.888560295105e-3
70,23,4,3,2400,105,8.195638656616e-5,-1.425266265869e-3
70,23,4,3,2400,106,4.484653472900e-4,2.766847610474e-4
70,23,4,3,2400,107,2.361536026001e-4,1.544952392578e-4
70,23,4,3,2400,108,-2.771615982056e-5,9.292364120483e-4
70,23,4,3,2400,109,2.628564834595e-5,4.447698593140e-4
70,23,4,3,2400,110,-9.834766387939e-5,2.733469009399e-4
70,23,4,3,2400,111,-2.801418304443e-5,1.524686813354e-4
70,23,4,3,2400,112,3.969669342041e-4,4.109859466553e-3
70,23,4,3,2400,113,2.179145812988e-4,2.069354057312e-3
70,23,4,3,2400,114,3.915429115295e-4,1.033186912537e-3
70,23,4,3,2400,115,2.163052558899e-4,1.664161682129e-4
70,23,4,3,2400,116,7.760524749756e-5,-2.535581588745e-4
70,23,4,3,2400,117,1.583099365234e-4,-3.646612167358e-4
70,23,4,3,2400,118,2.086162567139e-5,-2.014994621277e-3
70,23,4,3,2400,119,1.382827758789e-5,-1.003265380859e-3
70,23,4,3,2400,120,-5.185604095459e-5,1.917004585266e-3
70,23,4,3,2400,121,9.030103683472e-5,2.441406250000e-4
70,23,4,3,2400,122,3.067255020142e-4,7.615923881531e-3
70,23,4,3,2400,123,2.716779708862e-4,3.666520118713e-3
70,23,4,3,2400,124,-5.078315734863e-5,-3.893256187439e-3
70,23,4,3,2400,125,3.039836883545e-6,-2.662539482117e-3
70,23,4,3,2400,126,1.187920570374e-4,-2.442598342896e-4
70,23,4,3,2400,127,8.577108383179e-5,-1.181364059448e-4
70,23,4,3,2400,128,6.645917892456e-5,3.981590270996e-4
70,23,4,3,2400,129,3.707408905029e-5,2.287626266479e-4
70,23,4,3,2400,130,-7.908344268799e-4,2.795696258545e-3
70,23,4,3,2400,131,-3.674030303955e-4,1.400351524353e-3
70,23,4,3,2400,132,-4.646778106689e-4,-2.919435501099e-4
70,23,4,3,2400,133,-2.274513244629e-4,-1.401901245117e-4
70,23,4,3,2400,134,2.828240394592e-4,1.747488975525e-3
70,23,4,3,2400,135,2.247095108032e-4,1.806020736694e-4
70,23,4,3,2400,136,-3.442168235779e-4,-3.600955009460e-3
70,23,4,3,2400,137,-1.342296600342e-4,-1.760482788086e-3
70,23,4,3,2400,138,2.241730690002e-4,2.850532531738e-3
70,23,4,3,2400,139,1.630783081055e-4,-2.371072769165e-4
70,23,4,3,2400,140,1.118183135986e-4,-6.307363510132e-4
70,23,4,3,2400,141,3.826022148132e-4,-9.882450103760e-5
70,23,4,3,2400,142,1.537203788757e-4,1.286864280701e-3
70,23,4,3,2400,143,8.249282836914e-5,6.469488143921e-4
70,23,4,3,2400,144,1.319646835327e-4,-8.678436279297e-4
70,23,4,3,2400,145,6.794929504395e-5,-4.329681396484e-4
70,23,4,3,2400,146,2.849102020264e-5,-3.342628479004e-4
70,23,4,3,2400,147,2.294778823853e-5,-1.679658889771e-4
70,23,4,3,2400,148,0.000000000000e0,0.000000000000e0
70,23,4,3,2400,149,0.000000000000e0,0.000000000000e0
70,23,4,3,2400,150,0.000000000000e0,0.000000000000e0
70,23,4,3,2400,151,0.000000000000e0,0.000000000000e0
70,23,4,3,2400,152,0.000000000000e0,0.000000000000e0
70,23,4,3,2400,153,0.000000000000e0,0.000000000000e0
70,23,4,3,2400,154,0.000000000000e0,0.000000000000e0
70,23,4,3,2400,155,0.000000000000e0,1.430511474609e-6
70,23,4,3,2400,156,0.000000000000e0,0.000000000000e0
70,23,4,3,2400,157,0.000000000000e0,3.576278686523e-7
70,23,4,3,2400,158,0.000000000000e0,0.000000000000e0
70,23,4,3,2400,159,0.000000000000e0,0.000000000000e0
70,23,4,3,2400,160,-2.849102020264e-5,1.825094223022e-4
70,23,4,3,2400,161,-6.687641143799e-5,3.682374954224e-4
70,23,4,3,2400,162,1.436471939087e-5,-1.052618026733e-4
70,23,4,3,2400,163,2.861022949219e-5,-2.098083496094e-4
70,23,4,3,2400,164,3.397464752197e-5,4.744529724121e-4
70,23,4,3,2400,165,7.629394531250e-5,6.121397018433e-4
70,23,4,3,2400,166,-3.552436828613e-5,-1.178145408630e-3
70,23,4,3,2400,167,-1.710653305054e-5,-5.869865417480e-4
70,23,4,3,2400,168,-1.192092895508e-5,1.756787300110e-3
70,23,4,3,2400,169,-4.893541336060e-5,9.816884994507e-4
71,23,4,3,4200,0,3.769993782043e-5,-9.102821350098e-4
71,23,4,3,4200,1,2.238154411316e-5,-4.558563232422e-4
71,23,4,3,4200,2,-1.582503318787e-5,3.690719604492e-4
71,23,4,3,4200,3,-3.209710121155e-5,7.376670837402e-4
71,23,4,3,4200,4,-1.278519630432e-5,2.994537353516e-4
71,23,4,3,4200,5,-2.622604370117e-5,5.989074707031e-4
71,23,4,3,4200,6,-2.145767211914e-6,-1.350879669189e-3
71,23,4,3,4200,7,-6.914138793945e-6,-2.703189849854e-3
71,23,4,3,4200,8,-3.665685653687e-5,-5.567073822021e-4
71,23,4,3,4200,9,-1.698732376099e-5,-2.775192260742e-4
71,23,4,3,4200,10,-4.786252975464e-5,-4.482269287109e-4
71,23,4,3,4200,11,-1.025199890137e-4,-8.976459503174e-4
71,23,4,3,4200,12,-1.126527786255e-5,-8.296966552734e-5
71,23,4,3,4200,13,-2.259016036987e-5,-1.697540283203e-4
71,23,4,3,4200,14,0.000000000000e0,0.000000000000e0
71,23,4,3,4200,15,0.000000000000e0,0.000000000000e0
71,23,4,3,4200,16,2.034902572632e-4,-2.605915069580e-4
71,23,4,3,4200,17,1.026988029480e-4,-1.273155212402e-4
71,23,4,3,4200,18,3.179609775543e-4,1.924276351929e-3
71,23,4,3,4200,19,1.739263534546e-4,9.922981262207e-4
71,23,4,3,4200,20,-5.156993865967e-4,2.664804458618e-3
71,23,4,3,4200,21,-2.325773239136e-4,1.350402832031e-3
71,23,4,3,4200,22,3.085732460022e-4,3.699302673340e-3
71,23,4,3,4200,23,1.967251300812e-4,1.917362213135e-3
71,23,4,3,4200,24,-2.610981464386e-4,-2.546310424805e-3
71,23,4,3,4200,25,-1.082122325897e-4,-1.266002655029e-3
71,23,4,3,4200,26,2.193450927734e-5,-1.465559005737e-3
71,23,4,3,4200,27,2.676248550415e-5,-7.224082946777e-4
71,23,4,3,4200,28,-9.681880474091e-4,4.780292510986e-4
71,23,4,3,4200,29,-4.699826240540e-4,2.448558807373e-4
71,23,4,3,4200,30,-1.883506774902e-5,4.171848297119e-3
71,23,4,3,4200,31,3.048777580261e-5,2.137184143066e-3
71,23,4,3,4200,32,-1.268386840820e-4,8.680820465088e-4
71,23,4,3,4200,33,-2.815127372742e-4,1.223087310791e-3
71,23,4,3,4200,34,-2.928376197815e-4,-1.927614212036e-3
71,23,4,3,4200,35,-1.460015773773e-4,7.224082946777e-5
71,23,4,3,4200,36,2.446770668030e-5,5.643367767334e-4
71,23,4,3,4200,37,-4.181265830994e-5,9.281635284424e-4
71,23,4,3,4200,38,-3.643631935120e-4,-9.579658508301e-3
71,23,4,3,4200,39,-1.685917377472e-4,-4.770278930664e-3
71,23,4,3,4200,40,-5.912780761719e-5,-2.115488052368e-3
71,23,4,3,4200,41,-2.355873584747e-4,-3.055095672607e-3
71,23,4,3,4200,42,-3.441572189331e-4,-2.473831176758e-3
71,23,4,3,4200,43,-7.792115211487e-4,-2.872943878174e-3
71,23,4,3,4200,44,2.074241638184e-5,1.765251159668e-3
71,23,4,3,4200,45,3.737211227417e-5,8.680820465088e-4
71,23,4,3,4200,46,-4.969835281372e-4,4.904270172119e-3
71,23,4,3,4200,47,-2.099871635437e-4,2.444744110107e-3
71,23,4,3,4200,48,-9.819865226746e-5,2.979278564453e-3
71,23,4,3,4200,49,-2.342760562897e-4,5.910873413086e-3
71,23,4,3,4200,50,-6.777048110962e-5,-5.259513854980e-4
71,23,4,3,4200,51,-1.773238182068e-5,-2.450942993164e-4
71,23,4,3,4200,52,-1.000463962555e-4,2.917766571045e-3
71,23,4,3,4200,53,-2.182126045227e-4,5.543708801270e-3
71,23,4,3,4200,54,2.998709678650e-4,7.356166839600e-3
71,23,4,3,4200,55,5.229711532593e-4,1.463413238525e-2
71,23,4,3,4200,56,-2.166628837585e-4,1.851558685303e-3
71,23,4,3,4200,57,-5.380809307098e-4,3.604650497437e-3
71,23,4,3,4200,58,-1.822710037231e-4,-3.541469573975e-3
71,23,4,3,4200,59,-4.036426544189e-4,-7.123470306396e-3
71,23,4,3,4200,60,-2.962350845337e-5,1.900196075439e-4
71,23,4,3,4200,61,-6.878376007080e-5,3.755092620850e-4
71,23,4,3,4200,62,-1.325011253357e-4,-1.770257949829e-3
71,23,4,3,4200,63,-4.727244377136e-4,-3.557920455933e-3
71,23,4,3,4200,64,1.949667930603e-4,-5.331039428711e-4
71,23,4,3,4200,65,3.574490547180e-4,-2.653121948242e-3
71,23,4,3,4200,66,-1.222878694534e-3,-7.389783859253e-3
71,23,4,3,4200,67,-4.664063453674e-4,-3.600120544434e-3
71,23,4,3,4200,68,1.562535762787e-4,-1.243591308594e-3
71,23,4,3,4200,69,1.259744167328e-4,-4.711151123047e-4
71,23,4,3,4200,70,-4.421472549438e-4,-3.556728363037e-3
71,23,4,3,4200,71,-1.761317253113e-4,2.741813659668e-5
71,23,4,3,4200,72,-2.738833427429e-4,2.562999725342e-4
71,23,4,3,4200,73,-2.525746822357e-4,-4.993915557861e-3
71,23,4,3,4200,74,-1.223981380463e-4,1.320362091064e-3
71,23,4,3,4200,75,7.820129394531e-5,7.340908050537e-4
71,23,4,3,4200,76,-5.227327346802e-5,1.038503646851e-2
71,23,4,3,4200,77,-5.140006542206e-4,8.594036102295e-3
71,23,4,3,4200,78,-1.174807548523e-4,5.240440368652e-4
71,23,4,3,4200,79,3.099441528320e-5,-4.477500915527e-4
71,23,4,3,4200,80,-5.297064781189e-4,-3.132820129395e-3
71,23,4,3,4200,81,-9.542703628540e-4,-2.238750457764e-3
71,23,4,3,4200,82,-1.009106636047e-4,8.773803710938e-4
71,23,4,3,4200,83,-2.438127994537e-4,1.705646514893e-3
71,23,4,3,4200,84,-3.080666065216e-4,3.232955932617e-4
71,23,4,3,4200,85,-6.885826587677e-4,1.687765121460e-3
71,23,4,3,4200,86,-5.161166191101e-4,6.940364837646e-4
71,23,4,3,4200,87,-2.343654632568e-4,3.819465637207e-4
71,23,4,3,4200,88,-1.440048217773e-4,-2.904653549194e-3
71,23,4,3,4200,89,-1.093149185181e-4,-5.845308303833e-3
71,23,4,3,4200,90,1.283884048462e-4,3.427982330322e-3
71,23,4,3,4200,91,7.885694503784e-5,3.284931182861e-3
71,23,4,3,4200,92,-2.194046974182e-4,5.900859832764e-4
71,23,4,3,4200,93,-4.653334617615e-4,1.198291778564e-3
71,23,4,3,4200,94,-3.939270973206e-4,1.310443878174e-2
71,23,4,3,4200,95,-1.555085182190e-4,6.604433059692e-3
71,23,4,3,4200,96,4.161596298218e-4,-1.005172729492e-3
71,23,4,3,4200,97,2.241730690002e-4,-4.675388336182e-4
71,23,4,3,4200,98,-2.720952033997e-4,8.854866027832e-4
71,23,4,3,4200,99,-1.186132431030e-4,4.513263702393e-4
71,23,4,3,4200,100,1.060068607330e-4,-5.242824554443e-4
71,23,4,3,4200,101,1.270473003387e-4,-2.493858337402e-4
71,23,4,3,4200,102,-1.178979873657e-4,-4.601478576660e-4
71,23,4,3,4200,103,-2.669394016266e-4,-9.520053863525e-4
71,23,4,3,4200,104,4.233419895172e-4,2.212762832642e-3
71,23,4,3,4200,105,-9.840726852417e-5,2.391338348389e-3
71,23,4,3,4200,106,6.839632987976e-5,7.090568542480e-4
71,23,4,3,4200,107,7.569789886475e-5,3.633499145508e-4
71,23,4,3,4200,108,4.363059997559e-5,5.073547363281e-4
71,23,4,3,4200,109,8.979439735413e-5,1.002550125122e-3
71,23,4,3,4200,110,-2.686679363251e-4,9.245872497559e-3
71,23,4,3,4200,111,-1.360177993774e-4,3.840923309326e-3
71,23,4,3,4200,112,-4.606246948242e-4,3.050804138184e-3
71,23,4,3,4200,113,-3.329217433929e-4,2.462387084961e-3
71,23,4,3,4200,114,2.219080924988e-4,-3.534317016602e-3
71,23,4,3,4200,115,1.180469989777e-4,-1.730203628540e-3
71,23,4,3,4200,116,4.678964614868e-5,-1.189947128296e-3
71,23,4,3,4200,117,-6.243586540222e-5,-6.203651428223e-4
71,23,4,3,4200,118,-1.085996627808e-4,3.321170806885e-3
71,23,4,3,4200,119,-3.743171691895e-5,1.778125762939e-3
71,23,4,3,4200,120,6.383657455444e-5,-7.131099700928e-4
71,23,4,3,4200,121,4.589557647705e-5,-3.359317779541e-4
71,23,4,3,4200,122,-1.794099807739e-5,-2.874851226807e-3
71,23,4,3,4200,123,-7.355213165283e-5,-3.895759582520e-4
71,23,4,3,4200,124,1.286566257477e-4,2.889633178711e-4
71,23,4,3,4200,125,2.192556858063e-4,5.636215209961e-4
71,23,4,3,4200,126,4.024803638458e-4,-1.070857048035e-2
71,23,4,3,4200,127,1.779198646545e-4,-7.550716400146e-3
71,23,4,3,4200,128,1.860857009888e-4,1.168918609619e-2
71,23,4,3,4200,129,1.265108585358e-4,5.902767181396e-3
71,23,4,3,4200,130,-1.010298728943e-4,1.112461090088e-3
71,23,4,3,4200,131,-2.201497554779e-4,2.211570739746e-3
71,23,4,3,4200,132,-2.061128616333e-4,4.516601562500e-3
71,23,4,3,4200,133,2.872943878174e-5,2.283811569214e-3
71,23,4,3,4200,134,-4.065036773682e-5,9.412765502930e-4
71,23,4,3,4200,135,-1.505911350250e-4,1.808166503906e-3
71,23,4,3,4200,136,3.526806831360e-4,-6.369113922119e-3
71,23,4,3,4200,137,3.925859928131e-4,-9.495735168457e-3
71,23,4,3,4200,138,-2.855956554413e-4,1.147556304932e-2
71,23,4,3,4200,139,-1.011490821838e-4,5.811214447021e-3
71,23,4,3,4200,140,1.536011695862e-4,4.115343093872e-3
71,23,4,3,4200,141,1.440048217773e-4,2.092361450195e-3
71,23,4,3,4200,142,2.728104591370e-4,-9.793281555176e-3
71,23,4,3,4200,143,2.056360244751e-4,-4.817485809326e-3
71,23,4,3,4200,144,7.225871086121e-4,2.345561981201e-3
71,23,4,3,4200,145,4.113614559174e-4,1.184463500977e-3
71,23,4,3,4200,146,6.791055202484e-4,3.709793090820e-3
71,23,4,3,4200,147,3.881752490997e-4,2.558469772339e-3
71,23,4,3,4200,148,-4.288554191589e-4,-1.403808593750e-3
71,23,4,3,4200,149,-1.930892467499e-4,-6.911754608154e-4
71,23,4,3,4200,150,3.930926322937e-5,-6.023168563843e-3
71,23,4,3,4200,151,6.181001663208e-5,-2.974033355713e-3
71,23,4,3,4200,152,1.229941844940e-4,-4.316091537476e-3
71,23,4,3,4200,153,4.304647445679e-4,-7.026195526123e-3
71,23,4,3,4200,154,-3.385841846466e-4,-8.233070373535e-3
71,23,4,3,4200,155,-1.123845577240e-4,-4.012107849121e-3
71,23,4,3,4200,156,4.685521125793e-4,1.847267150879e-3
71,23,4,3,4200,157,2.801716327667e-4,9.601116180420e-4
71,23,4,3,4200,158,-2.815425395966e-4,-2.157688140869e-4
71,23,4,3,4200,159,-7.241964340210e-4,-6.866455078125e-4
71,23,4,3,4200,160,-4.428923130035e-4,1.459360122681e-3
71,23,4,3,4200,161,-1.004636287689e-3,2.916812896729e-3
71,23,4,3,4200,162,-7.055401802063e-4,4.487037658691e-4
71,23,4,3,4200,163,-3.224313259125e-4,2.448558807373e-4
71,23,4,3,4200,164,-1.812577247620e-4,-2.646446228027e-4
71,23,4,3,4200,165,-4.131197929382e-4,-1.378059387207e-4
71,23,4,3,4200,166,5.751848220825e-6,3.456592559814e-3
71,23,4,3,4200,167,1.188516616821e-4,1.759529113770e-3
71,23,4,3,4200,168,6.696581840515e-5,-1.840972900391e-2
71,23,4,3,4200,169,6.884336471558e-5,-9.146928787231e-3
72,24,4,4,600,0,-8.171796798706e-5,9.477138519287e-5
72,24,4,4,600,1,-4.053115844727e-5,2.980232238770e-5
72,24,4,4,600,2,3.272294998169e-5,5.841255187988e-6
72,24,4,4,600,3,4.166364669800e-5,8.237361907959e-5
72,24,4,4,600,4,-6.777048110962e-5,-5.972385406494e-5
72,24,4,4,600,5,-3.510713577271e-5,-1.349449157715e-4
72,24,4,4,600,6,2.169609069824e-5,-7.748603820801e-6
72,24,4,4,600,7,2.741813659668e-5,-5.936622619629e-5
72,24,4,4,600,8,8.600950241089e-5,-8.618831634521e-5
72,24,4,4,600,9,7.718801498413e-5,-2.012252807617e-4
72,24,4,4,600,10,9.119510650635e-6,-1.251697540283e-4
72,24,4,4,600,11,4.708766937256e-6,-6.258487701416e-5
72,24,4,4,600,12,3.188848495483e-5,8.475780487061e-5
72,24,4,4,600,13,7.677078247070e-5,1.059770584106e-4
72,24,4,4,600,14,7.146596908569e-5,9.179115295410e-5
72,24,4,4,600,15,4.124641418457e-5,3.182888031006e-5
72,24,4,4,600,16,3.159046173096e-6,3.157854080200e-4
72,24,4,4,600,17,2.908706665039e-5,1.758337020874e-4
72,24,4,4,600,18,9.834766387939e-6,-6.401538848877e-5
72,24,4,4,600,19,2.145767211914e-5,-9.834766387939e-5
72,24,4,4,600,20,6.514787673950e-5,-9.334087371826e-5
72,24,4,4,600,21,1.266002655029e-4,-2.845525741577e-4
72,24,4,4,600,22,2.861022949219e-6,-3.588199615479e-4
72,24,4,4,600,23,-5.364418029785e-7,-1.784563064575e-4
72,24,4,4,600,24,4.124641418457e-5,3.091096878052e-4
72,24,4,4,600,25,8.541345596313e-5,6.461143493652e-4
72,24,4,4,600,26,-8.821487426758e-6,-1.040697097778e-4
72,24,4,4,600,27,-2.121925354004e-5,-2.037286758423e-4
72,24,4,4,600,28,2.330541610718e-5,-4.518032073975e-5
72,24,4,4,600,29,4.869699478149e-5,-1.488924026489e-4
72,24,4,4,600,30,9.715557098389e-6,-3.178119659424e-4
72,24,4,4,600,31,2.759695053101e-5,-6.083250045776e-4
72,24,4,4,600,32,-1.001358032227e-5,-3.618001937866e-4
72,24,4,4,600,33,-2.193450927734e-5,-6.818771362305e-4
72,24,4,4,600,34,2.920627593994e-6,-4.994869232178e-5
72,24,4,4,600,35,1.788139343262e-7,-2.467632293701e-5
72,24,4,4,600,36,7.325410842896e-5,-4.206895828247e-4
72,24,4,4,600,37,-6.574392318726e-5,-5.489587783813e-4
72,24,4,4,600,38,-7.414817810059e-5,-4.113912582397e-4
72,24,4,4,600,39,-3.337860107422e-5,-1.946687698364e-4
72,24,4,4,600,40,-5.425810813904e-4,-3.830194473267e-3
72,24,4,4,600,41,-2.356171607971e-4,-1.897931098938e-3
72,24,4,4,600,42,5.578994750977e-5,-9.357929229736e-5
72,24,4,4,600,43,2.378225326538e-5,-2.397298812866e-4
72,24,4,4,600,44,-1.275539398193e-4,1.934766769409e-4
72,24,4,4,600,45,-6.181001663208e-5,9.858608245850e-5
72,24,4,4,600,46,1.698136329651e-4,1.633167266846e-5
72,24,4,4,600,47,1.971125602722e-4,6.556510925293e-5
72,24,4,4,600,48,8.577108383179e-5,4.410743713379e-6
72,24,4,4,600,49,9.119510650635e-6,-8.344650268555e-7
72,24,4,4,600,50,-1.947879791260e-4,-8.056163787842e-4
72,24,4,4,600,51,-9.727478027344e-5,-4.022121429443e-4
72,24,4,4,600,52,-2.101063728333e-4,-3.652095794678e-3
72,24,4,4,600,53,-9.399652481079e-5,-1.820564270020e-3
72,24,4,4,600,54,3.529191017151e-4,-1.433730125427e-3
72,24,4,4,600,55,1.809000968933e-4,-7.119178771973e-4
72,24,4,4,600,56,5.257725715637e-4,-8.860826492310e-4
72,24,4,4,600,57,2.748370170593e-4,-4.305839538574e-4
72,24,4,4,600,58,-5.292892456055e-5,-2.466440200806e-4
72,24,4,4,600,59,-4.291534423828e-5,-1.351833343506e-4
72,24,4,4,600,60,6.508827209473e-5,-1.211881637573e-3
72,24,4,4,600,61,-1.528859138489e-4,-6.971359252930e-4
72,24,4,4,600,62,1.821517944336e-4,1.717805862427e-4
72,24,4,4,600,63,3.428459167480e-4,4.268884658813e-4
72,24,4,4,600,64,4.705786705017e-4,-2.933740615845e-4
72,24,4,4,600,65,2.512931823730e-4,-1.357793807983e-4
72,24,4,4,600,66,-2.231597900391e-4,-2.051591873169e-4
72,24,4,4,600,67,-1.070499420166e-4,-1.004934310913e-4
72,24,4,4,600,68,0.000000000000e0,0.000000000000e0
72,24,4,4,600,69,-9.566545486450e-5,-2.508163452148e-4
72,24,4,4,600,70,-1.698732376099e-5,-2.049207687378e-4
72,24,4,4,600,71,4.112720489502e-6,-1.549720764160e-6
72,24,4,4,600,72,2.580881118774e-5,-3.302097320557e-5
72,24,4,4,600,73,7.671117782593e-5,-1.209974288940e-4
72,24,4,4,600,74,-1.567602157593e-5,1.704692840576e-5
72,24,4,4,600,75,2.086162567139e-6,-3.933906555176e-6
72,24,4,4,600,76,2.956390380859e-5,-6.178617477417e-4
72,24,4,4,600,77,2.050399780273e-5,-3.172159194946e-4
72,24,4,4,600,78,9.959936141968e-5,2.211332321167e-4
72,24,4,4,600,79,4.982948303223e-5,6.973743438721e-5
72,24,4,4,600,80,4.833936691284e-5,2.392530441284e-4
72,24,4,4,600,81,2.503395080566e-5,1.200437545776e-4
72,24,4,4,600,82,-8.648633956909e-5,-2.659559249878e-4
72,24,4,4,600,83,-1.491904258728e-4,-4.372596740723e-4
72,24,4,4,600,84,1.819729804993e-4,-1.639127731323e-4
72,24,4,4,600,85,1.314282417297e-4,-6.822347640991e-4
72,24,4,4,600,86,-3.713369369507e-5,1.121759414673e-4
72,24,4,4,600,87,-9.632110595703e-5,-3.075599670410e-5
72,24,4,4,600,88,-1.168251037598e-5,1.637935638428e-4
72,24,4,4,600,89,-5.245208740234e-6,8.332729339600e-5
72,24,4,4,600,90,3.004074096680e-5,5.573034286499e-4
72,24,4,4,600,91,4.649162292480e-5,2.813339233398e-4
72,24,4,4,600,92,3.910064697266e-5,1.323223114014e-4
72,24,4,4,600,93,1.358985900879e-5,6.663799285889e-5
72,24,4,4,600,94,6.335973739624e-5,5.161762237549e-5
72,24,4,4,600,95,8.600950241089e-5,3.457069396973e-5
72,24,4,4,600,96,1.806020736694e-5,7.665157318115e-5
72,24,4,4,600,97,7.629394531250e-6,3.802776336670e-5
72,24,4,4,600,98,7.432699203491e-5,7.135868072510e-4
72,24,4,4,600,99,-2.962350845337e-5,3.117322921753e-4
72,24,4,4,600,100,-4.619359970093e-5,-4.953145980835e-4
72,24,4,4,600,101,-1.645088195801e-5,-2.801418304443e-4
72,24,4,4,600,102,5.888938903809e-5,-8.571147918701e-5
72,24,4,4,600,103,2.646446228027e-5,-5.030632019043e-5
72,24,4,4,600,104,9.238719940186e-6,-1.388788223267e-4
72,24,4,4,600,105,4.321336746216e-5,-7.593631744385e-5
72,24,4,4,600,106,2.382397651672e-4,-3.409385681152e-4
72,24,4,4,600,107,1.447200775146e-4,-2.137422561646e-4
72,24,4,4,600,108,-1.747012138367e-4,-2.879023551941e-3
72,24,4,4,600,109,-9.137392044067e-5,-1.189351081848e-3
72,24,4,4,600,110,4.510283470154e-4,6.824731826782e-4
72,24,4,4,600,111,2.329945564270e-4,3.477334976196e-4
72,24,4,4,600,112,7.367134094238e-5,5.149841308594e-5
72,24,4,4,600,113,-6.777048110962e-5,-2.933740615845e-4
72,24,4,4,600,114,-2.241134643555e-5,9.355545043945e-4
72,24,4,4,600,115,-3.975629806519e-5,8.257627487183e-4
72,24,4,4,600,116,4.611611366272e-4,-1.465082168579e-4
72,24,4,4,600,117,5.328655242920e-4,-7.895231246948e-4
72,24,4,4,600,118,-2.294182777405e-4,1.512765884399e-4
72,24,4,4,600,119,-4.675388336182e-4,2.774000167847e-4
72,24,4,4,600,120,1.490116119385e-4,-3.143548965454e-4
72,24,4,4,600,121,8.511543273926e-5,-1.434087753296e-4
72,24,4,4,600,122,1.001536846161e-3,8.153915405273e-4
72,24,4,4,600,123,5.096793174744e-4,4.225969314575e-4
72,24,4,4,600,124,-2.687573432922e-4,-3.068327903748e-3
72,24,4,4,600,125,-1.199841499329e-4,-1.508951187134e-3
72,24,4,4,600,126,4.350543022156e-4,-1.764297485352e-4
72,24,4,4,600,127,2.294182777405e-4,-9.405612945557e-5
72,24,4,4,600,128,1.256465911865e-4,4.484653472900e-4
72,24,4,4,600,129,-6.461143493652e-5,1.746416091919e-4
72,24,4,4,600,130,2.925395965576e-4,-6.743669509888e-4
72,24,4,4,600,131,1.482367515564e-4,-3.348588943481e-4
72,24,4,4,600,132,-2.498626708984e-4,-5.164146423340e-4
72,24,4,4,600,133,-2.542138099670e-4,-7.916688919067e-4
72,24,4,4,600,134,-3.671646118164e-5,-5.488395690918e-4
72,24,4,4,600,135,-1.746416091919e-5,-2.754926681519e-4
72,24,4,4,600,136,-3.987550735474e-5,-3.255605697632e-4
72,24,4,4,600,137,-1.230835914612e-4,-3.381967544556e-4
72,24,4,4,600,138,2.732276916504e-4,-6.818771362305e-5
72,24,4,4,600,139,4.098415374756e-4,5.263090133667e-4
72,24,4,4,600,140,5.640983581543e-4,-2.708077430725e-3
72,24,4,4,600,141,2.582669258118e-4,-9.833574295044e-4
72,24,4,4,600,142,-4.802346229553e-4,-1.923441886902e-3
72,24,4,4,600,143,-2.037882804871e-4,-9.438991546631e-4
72,24,4,4,600,144,3.093481063843e-5,-1.662373542786e-3
72,24,4,4,600,145,2.986192703247e-5,-8.156299591064e-4
72,24,4,4,600,146,4.029273986816e-5,-4.785060882568e-4
72,24,4,4,600,147,-7.605552673340e-5,-1.206398010254e-3
72,24,4,4,600,148,1.132488250732e-6,7.425546646118e-4
72,24,4,4,600,149,-2.102851867676e-4,1.212954521179e-3
72,24,4,4,600,150,2.592802047729e-5,-3.921985626221e-5
72,24,4,4,600,151,9.357929229736e-6,-1.161098480225e-4
72,24,4,4,600,152,-1.092553138733e-4,-6.420612335205e-4
72,24,4,4,600,153,-3.259181976318e-4,-1.341700553894e-3
72,24,4,4,600,154,-1.763701438904e-4,-3.473758697510e-3
72,24,4,4,600,155,-7.730722427368e-5,-1.722931861877e-3
72,24,4,4,600,156,6.053447723389e-4,8.326768875122e-4
72,24,4,4,600,157,3.051161766052e-4,4.209280014038e-4
72,24,4,4,600,158,-2.149939537048e-4,7.879734039307e-5
72,24,4,4,600,159,-7.432699203491e-5,1.827478408813e-4
72,24,4,4,600,160,2.470612525940e-4,3.683567047119e-5
72,24,4,4,600,161,1.235604286194e-4,1.704692840576e-5
72,24,4,4,600,162,4.088282585144e-4,1.903295516968e-3
72,24,4,4,600,163,2.458095550537e-4,9.276866912842e-4
72,24,4,4,600,164,-2.455711364746e-5,-2.065539360046e-3
72,24,4,4,600,165,-9.953975677490e-6,-1.023769378662e-3
72,24,4,4,600,166,3.505349159241e-4,1.976490020752e-4
72,24,4,4,600,167,1.351833343506e-4,-9.167194366455e-5
72,24,4,4,600,168,6.848573684692e-5,1.066923141479e-4
72,24,4,4,600,169,3.105401992798e-5,2.133846282959e-5
73,24,4,4,2400,0,4.006624221802e-4,-1.318812370300e-3
73,24,4,4,2400,1,2.161264419556e-4,-6.488561630249e-4
73,24,4,4,2400,2,-9.572505950928e-5,-1.415133476257e-3
73,24,4,4,2400,3,-4.202127456665e-5,-2.160429954529e-3
73,24,4,4,2400,4,-5.660057067871e-4,-5.404353141785e-3
73,24,4,4,2400,5,-4.243850708008e-5,-2.676963806152e-3
73,24,4,4,2400,6,9.166002273560e-4,-1.089334487915e-3
73,24,4,4,2400,7,1.364111900330e-3,-2.296209335327e-3
73,24,4,4,2400,8,-2.665519714355e-4,1.685619354248e-3
73,24,4,4,2400,9,-9.632110595703e-5,8.833408355713e-4
73,24,4,4,2400,10,-2.543330192566e-4,4.959106445312e-4
73,24,4,4,2400,11,-3.116130828857e-4,-4.872083663940e-4
73,24,4,4,2400,12,-1.024484634399e-3,2.094507217407e-4
73,24,4,4,2400,13,-6.108880043030e-4,1.176357269287e-3
73,24,4,4,2400,14,2.647638320923e-4,2.287864685059e-3
73,24,4,4,2400,15,1.842975616455e-4,1.184225082397e-3
73,24,4,4,2400,16,-1.720547676086e-3,3.957509994507e-3
73,24,4,4,2400,17,-8.174180984497e-4,2.021908760071e-3
73,24,4,4,2400,18,-2.760887145996e-4,1.005125045776e-2
73,24,4,4,2400,19,-8.463859558105e-5,5.237221717834e-3
73,24,4,4,2400,20,-2.766847610474e-4,-7.160902023315e-4
73,24,4,4,2400,21,6.866455078125e-5,-1.258730888367e-3
73,24,4,4,2400,22,-5.233287811279e-4,5.161762237549e-5
73,24,4,4,2400,23,-4.001855850220e-4,1.556873321533e-4
73,24,4,4,2400,24,1.668930053711e-4,-1.479506492615e-3
73,24,4,4,2400,25,9.477138519287e-5,-7.084608078003e-4
73,24,4,4,2400,26,-7.587671279907e-4,-2.502679824829e-3
73,24,4,4,2400,27,-3.486871719360e-4,-1.275300979614e-3
73,24,4,4,2400,28,-1.471936702728e-3,-2.435445785522e-4
73,24,4,4,2400,29,-6.943345069885e-4,-1.071691513062e-4
73,24,4,4,2400,30,-1.134872436523e-4,3.259778022766e-3
73,24,4,4,2400,31,-2.771615982056e-5,1.607060432434e-3
73,24,4,4,2400,32,-9.600520133972e-4,-1.548767089844e-3
73,24,4,4,2400,33,-4.647374153137e-4,-7.938146591187e-4
73,24,4,4,2400,34,-1.026988029480e-4,-1.494884490967e-3
73,24,4,4,2400,35,1.367330551147e-4,-6.455183029175e-4
73,24,4,4,2400,36,4.344582557678e-4,-5.298137664795e-3
73,24,4,4,2400,37,2.322196960449e-4,-2.641081809998e-3
73,24,4,4,2400,38,-6.755590438843e-4,-1.224398612976e-3
73,24,4,4,2400,39,-4.478096961975e-4,1.755952835083e-4
73,24,4,4,2400,40,-3.466010093689e-4,-1.213312149048e-3
73,24,4,4,2400,41,-1.544952392578e-4,-5.507469177246e-4
73,24,4,4,2400,42,-2.586841583252e-4,6.834983825684e-3
73,24,4,4,2400,43,-2.232789993286e-4,3.798127174377e-3
73,24,4,4,2400,44,-4.609227180481e-4,-7.011771202087e-3
73,24,4,4,2400,45,-1.986026763916e-4,-3.515481948853e-3
73,24,4,4,2400,46,6.561875343323e-4,-5.629062652588e-4
73,24,4,4,2400,47,3.374218940735e-4,4.016160964966e-4
73,24,4,4,2400,48,7.281303405762e-4,-6.488561630249e-3
73,24,4,4,2400,49,3.876090049744e-4,-3.926157951355e-3
73,24,4,4,2400,50,1.091361045837e-4,-3.775954246521e-3
73,24,4,4,2400,51,9.876489639282e-5,-1.820921897888e-3
73,24,4,4,2400,52,1.039505004883e-4,8.583068847656e-5
73,24,4,4,2400,53,-1.871585845947e-4,1.656055450439e-3
73,24,4,4,2400,54,-1.040101051331e-4,-4.076957702637e-4
73,24,4,4,2400,55,-8.094310760498e-5,-8.373260498047e-4
73,24,4,4,2400,56,3.232955932617e-4,1.189708709717e-4
73,24,4,4,2400,57,1.623034477234e-4,6.079673767090e-5
73,24,4,4,2400,58,-1.128911972046e-4,-8.442401885986e-4
73,24,4,4,2400,59,-5.853176116943e-5,-4.184246063232e-4
73,24,4,4,2400,60,-2.920627593994e-5,-1.692175865173e-3
73,24,4,4,2400,61,-8.285045623779e-6,-8.410215377808e-4
73,24,4,4,2400,62,3.302097320557e-4,-7.275342941284e-4
73,24,4,4,2400,63,2.917647361755e-4,-1.034617424011e-3
73,24,4,4,2400,64,-9.047985076904e-5,-1.155734062195e-3
73,24,4,4,2400,65,-4.267692565918e-5,-5.917549133301e-4
73,24,4,4,2400,66,1.376867294312e-5,-7.085800170898e-4
73,24,4,4,2400,67,4.827976226807e-6,-3.432035446167e-4
73,24,4,4,2400,68,-9.810924530029e-5,5.588650703430e-3
73,24,4,4,2400,69,-5.362629890442e-4,1.030170917511e-2
73,24,4,4,2400,70,-2.540349960327e-4,-1.006126403809e-3
73,24,4,4,2400,71,-2.497434616089e-4,-3.638267517090e-4
73,24,4,4,2400,72,3.904104232788e-4,-1.248121261597e-4
73,24,4,4,2400,73,2.083778381348e-4,3.731250762939e-5
73,24,4,4,2400,74,-4.285573959351e-5,-1.091837882996e-3
73,24,4,4,2400,75,-2.622604370117e-6,-5.424022674561e-4
73,24,4,4,2400,76,-2.939701080322e-4,8.336305618286e-4
73,24,4,4,2400,77,-1.339316368103e-4,3.974437713623e-4
73,24,4,4,2400,78,6.854534149170e-6,-4.835128784180e-4
73,24,4,4,2400,79,2.908706665039e-5,-1.347303390503e-3
73,24,4,4,2400,80,-3.856420516968e-5,-2.818465232849e-3
73,24,4,4,2400,81,-4.172325134277e-6,-1.580953598022e-3
73,24,4,4,2400,82,-3.932118415833e-4,-4.307270050049e-3
73,24,4,4,2400,83,-1.913905143738e-4,-2.192735671997e-3
73,24,4,4,2400,84,-8.904933929443e-5,2.854347229004e-3
73,24,4,4,2400,85,-2.866983413696e-5,1.386165618896e-3
73,24,4,4,2400,86,-5.680322647095e-5,1.385807991028e-3
73,24,4,4,2400,87,-2.241134643555e-5,6.957054138184e-4
73,24,4,4,2400,88,3.790855407715e-5,1.338124275208e-3
73,24,4,4,2400,89,8.505582809448e-5,2.653598785400e-4
73,24,4,4,2400,90,4.750490188599e-5,-5.850315093994e-3
73,24,4,4,2400,91,9.924173355103e-5,-3.144264221191e-3
73,24,4,4,2400,92,-4.317164421082e-4,9.982585906982e-4
73,24,4,4,2400,93,-1.840591430664e-4,4.497766494751e-4
73,24,4,4,2400,94,4.754066467285e-4,4.203796386719e-3
73,24,4,4,2400,95,2.625584602356e-4,2.063274383545e-3
73,24,4,4,2400,96,-1.794099807739e-4,1.392960548401e-3
73,24,4,4,2400,97,-3.552436828613e-5,-5.844831466675e-4
73,24,4,4,2400,98,-1.217126846313e-4,6.378412246704e-3
73,24,4,4,2400,99,-8.141994476318e-5,3.504753112793e-3
73,24,4,4,2400,100,1.192092895508e-5,3.605127334595e-3
73,24,4,4,2400,101,5.269050598145e-5,2.216577529907e-3
73,24,4,4,2400,102,2.505183219910e-4,-3.185272216797e-4
73,24,4,4,2400,103,2.059936523438e-4,-1.351833343506e-4
73,24,4,4,2400,104,5.612969398499e-4,9.536743164062e-4
73,24,4,4,2400,105,5.070567131042e-4,8.106231689453e-5
73,24,4,4,2400,106,-1.029014587402e-3,-7.139563560486e-3
73,24,4,4,2400,107,-4.355311393738e-4,-3.555178642273e-3
73,24,4,4,2400,108,1.115798950195e-4,-1.567840576172e-3
73,24,4,4,2400,109,1.937150955200e-4,-6.669759750366e-4
73,24,4,4,2400,110,-1.111030578613e-4,-6.618499755859e-4
73,24,4,4,2400,111,2.998113632202e-5,-1.329183578491e-4
73,24,4,4,2400,112,-6.091594696045e-5,-5.136251449585e-3
73,24,4,4,2400,113,-5.538463592529e-4,-6.009817123413e-3
73,24,4,4,2400,114,-1.048803329468e-3,2.743363380432e-3
73,24,4,4,2400,115,-1.077115535736e-3,5.012035369873e-3
73,24,4,4,2400,116,3.015398979187e-4,-2.310276031494e-3
73,24,4,4,2400,117,5.491971969604e-4,-4.692435264587e-3
73,24,4,4,2400,118,-1.204311847687e-3,7.868409156799e-3
73,24,4,4,2400,119,-5.375146865845e-4,3.964662551880e-3
73,24,4,4,2400,120,8.916854858398e-5,-4.695653915405e-4
73,24,4,4,2400,121,2.146363258362e-4,-5.732059478760e-3
73,24,4,4,2400,122,-1.328587532043e-4,-5.831480026245e-3
73,24,4,4,2400,123,-5.216598510742e-4,-1.102328300476e-3
73,24,4,4,2400,124,2.355575561523e-4,-2.608656883240e-3
73,24,4,4,2400,125,4.814863204956e-4,-5.203962326050e-3
73,24,4,4,2400,126,1.561641693115e-4,-4.280328750610e-3
73,24,4,4,2400,127,9.179115295410e-5,-2.131223678589e-3
73,24,4,4,2400,128,-1.269042491913e-3,5.686044692993e-3
73,24,4,4,2400,129,-6.138086318970e-4,2.806186676025e-3
73,24,4,4,2400,130,3.293752670288e-4,-6.803750991821e-3
73,24,4,4,2400,131,1.852512359619e-4,-3.371953964233e-3
73,24,4,4,2400,132,-1.108646392822e-5,-3.955364227295e-4
73,24,4,4,2400,133,-5.006790161133e-6,-1.977682113647e-4
73,24,4,4,2400,134,1.921653747559e-4,-1.403808593750e-3
73,24,4,4,2400,135,1.589059829712e-4,-6.812810897827e-4
73,24,4,4,2400,136,5.245208740234e-5,-2.092123031616e-4
73,24,4,4,2400,137,2.914667129517e-5,-1.004934310913e-4
73,24,4,4,2400,138,8.833408355713e-5,-1.424670219421e-3
73,24,4,4,2400,139,2.443790435791e-5,-6.870031356812e-4
73,24,4,4,2400,140,-5.245208740234e-5,2.517700195312e-4
73,24,4,4,2400,141,-1.472234725952e-4,5.022287368774e-4
73,24,4,4,2400,142,-4.398822784424e-5,-9.655952453613e-5
73,24,4,4,2400,143,-2.038478851318e-5,3.719329833984e-5
73,24,4,4,2400,144,-3.767013549805e-5,7.612705230713e-4
73,24,4,4,2400,145,2.473592758179e-5,3.812313079834e-4
73,24,4,4,2400,146,-2.086162567139e-5,-9.653568267822e-4
73,24,4,4,2400,147,3.218650817871e-6,-4.657506942749e-4
73,24,4,4,2400,148,1.111030578613e-4,-5.066394805908e-4
73,24,4,4,2400,149,5.555152893066e-5,-2.536773681641e-4
73,24,4,4,2400,150,-3.450512886047e-4,2.486467361450e-3
73,24,4,4,2400,151,-1.639723777771e-4,1.253128051758e-3
73,24,4,4,2400,152,-1.360177993774e-4,4.941225051880e-4
73,24,4,4,2400,153,-6.031990051270e-5,2.642869949341e-4
73,24,4,4,2400,154,-4.875659942627e-5,-1.569747924805e-3
73,24,4,4,2400,155,-2.253055572510e-5,-7.834434509277e-4
73,24,4,4,2400,156,-5.263090133667e-5,-5.376338958740e-5
73,24,4,4,2400,157,-3.075599670410e-5,9.346008300781e-5
73,24,4,4,2400,158,8.594989776611e-5,-5.850791931152e-4
73,24,4,4,2400,159,5.161762237549e-5,-2.940893173218e-4
73,24,4,4,2400,160,-8.696317672729e-5,2.586841583252e-4
73,24,4,4,2400,161,-1.144409179688e-4,7.164478302002e-5
73,24,4,4,2400,162,-3.170967102051e-5,-6.582736968994e-4
73,24,4,4,2400,163,-2.093315124512e-4,-7.088184356689e-4
73,24,4,4,2400,164,1.199841499329e-4,3.037452697754e-4
73,24,4,4,2400,165,1.595020294189e-4,4.191398620605e-4
73,24,4,4,2400,166,-3.266334533691e-5,1.960992813110e-4
73,24,4,4,2400,167,-1.436471939087e-5,1.045465469360e-4
73,24,4,4,2400,168,7.599592208862e-5,-2.324581146240e-5
73,24,4,4,2400,169,7.915496826172e-5,-3.876686096191e-4
74,24,4,4,4200,0,-5.510449409485e-5,4.959106445312e-4
74,24,4,4,4200,1,-1.267492771149e-4,1.080274581909e-3
74,24,4,4,4200,2,-7.119774818420e-5,-9.903907775879e-4
74,24,4,4,4200,3,-1.306235790253e-4,-1.192092895508e-3
74,24,4,4,4200,4,5.495548248291e-5,-2.422332763672e-4
74,24,4,4,4200,5,1.420080661774e-4,-2.470016479492e-4
74,24,4,4,4200,6,1.159310340881e-5,-8.578300476074e-4
74,24,4,4,4200,7,4.023313522339e-6,-1.773118972778e-3
74,24,4,4,4200,8,-1.536309719086e-4,-3.116130828857e-4
74,24,4,4,4200,9,-7.498264312744e-5,-1.449584960938e-4
74,24,4,4,4200,10,4.324316978455e-5,1.547336578369e-4
74,24,4,4,4200,11,8.365511894226e-5,1.876354217529e-4
74,24,4,4,4200,12,-2.098083496094e-5,2.129077911377e-4
74,24,4,4,4200,13,3.087520599365e-5,3.228187561035e-4
74,24,4,4,4200,14,-2.367496490479e-4,-3.695487976074e-5
74,24,4,4,4200,15,-1.085102558136e-4,-1.168251037598e-5
74,24,4,4,4200,16,-2.683699131012e-4,-6.227493286133e-4
74,24,4,4,4200,17,-1.285970211029e-4,-3.080368041992e-4
74,24,4,4,4200,18,-2.169609069824e-5,-1.868247985840e-3
74,24,4,4,4200,19,-8.910894393921e-6,-9.324550628662e-4
74,24,4,4,4200,20,2.157688140869e-5,-4.339218139648e-4
74,24,4,4,4200,21,-6.464123725891e-5,-3.688335418701e-4
74,24,4,4,4200,22,5.018711090088e-5,-2.378702163696e-3
74,24,4,4,4200,23,9.664893150330e-5,-4.414319992065e-3
74,24,4,4,4200,24,-6.154179573059e-5,-9.863376617432e-4
74,24,4,4,4200,25,-2.524256706238e-5,-4.909038543701e-4
74,24,4,4,4200,26,3.889203071594e-5,2.834320068359e-3
74,24,4,4,4200,27,7.465481758118e-5,5.931138992310e-3
74,24,4,4,4200,28,-4.354119300842e-5,2.048015594482e-4
74,24,4,4,4200,29,-1.576542854309e-5,8.766651153564e-4
74,24,4,4,4200,30,-1.339018344879e-4,-1.578092575073e-3
74,24,4,4,4200,31,-6.577372550964e-5,-1.798152923584e-3
74,24,4,4,4200,32,-7.760524749756e-5,3.239870071411e-3
74,24,4,4,4200,33,-2.714991569519e-5,2.330541610718e-3
74,24,4,4,4200,34,-2.027451992035e-4,1.913619041443e-2
74,24,4,4,4200,35,-6.553530693054e-5,9.588956832886e-3
74,24,4,4,4200,36,-2.478361129761e-4,-4.249334335327e-3
74,24,4,4,4200,37,-1.838803291321e-5,-2.135753631592e-3
74,24,4,4,4200,38,2.341568470001e-4,-8.877038955688e-3
74,24,4,4,4200,39,1.235902309418e-4,-4.432201385498e-3
74,24,4,4,4200,40,-2.323687076569e-4,-1.945257186890e-3
74,24,4,4,4200,41,-7.840991020203e-5,-1.405477523804e-3
74,24,4,4,4200,42,3.895163536072e-5,-2.209901809692e-3
74,24,4,4,4200,43,6.315112113953e-5,5.836486816406e-4
74,24,4,4,4200,44,-7.270574569702e-4,-7.169485092163e-3
74,24,4,4,4200,45,-3.080070018768e-4,-3.208398818970e-3
74,24,4,4,4200,46,-1.995563507080e-4,-4.876852035522e-3
74,24,4,4,4200,47,-6.413459777832e-5,-2.391576766968e-3
74,24,4,4,4200,48,-2.938210964203e-4,-6.901025772095e-3
74,24,4,4,4200,49,-6.179809570312e-4,-1.316976547241e-2
74,24,4,4,4200,50,-8.416175842285e-5,3.481864929199e-3
74,24,4,4,4200,51,-3.838539123535e-5,1.745939254761e-3
74,24,4,4,4200,52,-1.132786273956e-4,-9.572505950928e-4
74,24,4,4,4200,53,-3.683567047119e-5,3.695487976074e-5
74,24,4,4,4200,54,-2.181529998779e-5,-9.083509445190e-3
74,24,4,4,4200,55,-7.787346839905e-5,-1.431560516357e-2
74,24,4,4,4200,56,-3.467500209808e-4,-3.240346908569e-3
74,24,4,4,4200,57,-8.202791213989e-4,-6.539821624756e-3
74,24,4,4,4200,58,-8.550286293030e-5,3.594160079956e-3
74,24,4,4,4200,59,-6.756186485291e-5,-6.148815155029e-4
74,24,4,4,4200,60,-1.377761363983e-4,-5.912780761719e-5
74,24,4,4,4200,61,-1.215934753418e-5,2.948760986328e-3
74,24,4,4,4200,62,-4.552304744720e-4,-1.642465591431e-3
74,24,4,4,4200,63,-9.307861328125e-4,1.805305480957e-3
74,24,4,4,4200,64,-9.962916374207e-5,3.381967544556e-3
74,24,4,4,4200,65,-3.605782985687e-4,6.472826004028e-3
74,24,4,4,4200,66,-1.157820224762e-4,3.821849822998e-4
74,24,4,4,4200,67,2.101063728333e-5,-1.239776611328e-5
74,24,4,4,4200,68,-7.616579532623e-4,4.322528839111e-4
74,24,4,4,4200,69,-3.288090229034e-4,-2.503395080566e-5
74,24,4,4,4200,70,2.977252006531e-5,-8.916139602661e-3
74,24,4,4,4200,71,-9.116530418396e-5,-1.532506942749e-2
74,24,4,4,4200,72,1.319646835327e-4,-2.261400222778e-3
74,24,4,4,4200,73,-4.303455352783e-5,-4.342555999756e-3
74,24,4,4,4200,74,-1.126229763031e-4,-1.185178756714e-3
74,24,4,4,4200,75,-1.221895217896e-6,-5.538463592529e-4
74,24,4,4,4200,76,5.242228507996e-5,4.081249237061e-3
74,24,4,4,4200,77,9.033083915710e-5,7.282018661499e-3
74,24,4,4,4200,78,-4.434287548065e-4,-5.254030227661e-3
74,24,4,4,4200,79,-7.535219192505e-4,-8.189916610718e-3
74,24,4,4,4200,80,-2.644062042236e-4,-4.758119583130e-3
74,24,4,4,4200,81,-4.419088363647e-4,-6.571769714355e-3
74,24,4,4,4200,82,4.425644874573e-5,8.666515350342e-4
74,24,4,4,4200,83,-2.332925796509e-4,-3.679037094116e-3
74,24,4,4,4200,84,-9.894371032715e-5,-2.312660217285e-5
74,24,4,4,4200,85,-3.012120723724e-4,-7.054805755615e-4
74,24,4,4,4200,86,-5.384683609009e-4,8.734941482544e-3
74,24,4,4,4200,87,-2.017915248871e-4,3.894567489624e-3
74,24,4,4,4200,88,1.318752765656e-4,1.729011535645e-3
74,24,4,4,4200,89,2.447366714478e-4,3.460407257080e-3
74,24,4,4,4200,90,4.491806030273e-4,1.018714904785e-2
74,24,4,4,4200,91,4.351437091827e-4,9.741067886353e-3
74,24,4,4,4200,92,-2.872645854950e-4,-2.596616744995e-3
74,24,4,4,4200,93,-4.846155643463e-4,-2.616882324219e-3
74,24,4,4,4200,94,-9.915232658386e-5,-1.588344573975e-3
74,24,4,4,4200,95,-9.298324584961e-6,5.807876586914e-4
74,24,4,4,4200,96,8.568167686462e-5,-4.478693008423e-3
74,24,4,4,4200,97,1.156330108643e-5,-5.156755447388e-3
74,24,4,4,4200,98,-1.944303512573e-4,-3.153085708618e-3
74,24,4,4,4200,99,-1.195967197418e-4,-1.525640487671e-3
74,24,4,4,4200,100,6.154179573059e-5,2.979755401611e-3
74,24,4,4,4200,101,4.315376281738e-5,1.492977142334e-3
74,24,4,4,4200,102,-4.556775093079e-5,-8.738040924072e-4
74,24,4,4,4200,103,-2.411007881165e-5,-1.883506774902e-4
74,24,4,4,4200,104,2.296864986420e-4,2.770423889160e-3
74,24,4,4,4200,105,1.707375049591e-4,2.379179000854e-3
74,24,4,4,4200,106,8.046627044678e-5,-1.720666885376e-3
74,24,4,4,4200,107,-2.393126487732e-5,2.660036087036e-3
74,24,4,4,4200,108,1.541078090668e-4,-3.170013427734e-3
74,24,4,4,4200,109,8.428096771240e-5,-1.756429672241e-3
74,24,4,4,4200,110,1.964867115021e-4,1.569747924805e-3
74,24,4,4,4200,111,1.057684421539e-4,7.898807525635e-4
74,24,4,4,4200,112,5.492568016052e-5,1.098632812500e-3
74,24,4,4,4200,113,-8.371472358704e-5,-2.212524414062e-4
74,24,4,4,4200,114,-3.644227981567e-4,-1.235485076904e-3
74,24,4,4,4200,115,-1.699626445770e-4,-6.039142608643e-4
74,24,4,4,4200,116,5.069375038147e-5,3.814697265625e-6
74,24,4,4,4200,117,4.121661186218e-5,3.337860107422e-6
74,24,4,4,4200,118,1.453161239624e-4,-1.014232635498e-3
74,24,4,4,4200,119,6.401538848877e-5,-5.667209625244e-4
74,24,4,4,4200,120,-1.488924026489e-4,1.429796218872e-3
74,24,4,4,4200,121,-7.128715515137e-5,7.154941558838e-4
74,24,4,4,4200,122,2.244114875793e-5,-2.028942108154e-4
74,24,4,4,4200,123,-2.148747444153e-5,2.174377441406e-3
74,24,4,4,4200,124,-1.987218856812e-4,-2.429485321045e-4
74,24,4,4,4200,125,-1.624822616577e-4,-4.751682281494e-4
74,24,4,4,4200,126,-2.227127552032e-4,2.039670944214e-3
74,24,4,4,4200,127,-4.864633083344e-4,2.963304519653e-3
74,24,4,4,4200,128,-4.374980926514e-5,8.682489395142e-3
74,24,4,4,4200,129,-4.291534423828e-6,4.364728927612e-3
74,24,4,4,4200,130,-6.175041198730e-5,-5.869626998901e-3
74,24,4,4,4200,131,3.996491432190e-5,-2.890348434448e-3
74,24,4,4,4200,132,1.481473445892e-4,-7.683515548706e-3
74,24,4,4,4200,133,9.700655937195e-5,-3.814220428467e-3
74,24,4,4,4200,134,1.490116119385e-5,-6.276607513428e-3
74,24,4,4,4200,135,-1.146495342255e-4,-1.324772834778e-2
74,24,4,4,4200,136,-8.967518806458e-5,1.545667648315e-3
74,24,4,4,4200,137,1.122057437897e-4,3.093719482422e-3
74,24,4,4,4200,138,3.981292247772e-4,-6.179809570312e-3
74,24,4,4,4200,139,2.363026142120e-4,-3.044128417969e-3
74,24,4,4,4200,140,5.593895912170e-5,-3.809690475464e-3
74,24,4,4,4200,141,2.780556678772e-5,-1.758813858032e-3
74,24,4,4,4200,142,-1.043975353241e-4,-3.797769546509e-3
74,24,4,4,4200,143,1.120567321777e-5,-1.871824264526e-3
74,24,4,4,4200,144,-1.848042011261e-4,-5.648851394653e-3
74,24,4,4,4200,145,-1.837313175201e-4,-6.304502487183e-3
74,24,4,4,4200,146,-3.424882888794e-4,-4.715919494629e-3
74,24,4,4,4200,147,-1.150667667389e-4,-2.335786819458e-3
74,24,4,4,4200,148,-3.647804260254e-4,-6.134271621704e-3
74,24,4,4,4200,149,-1.325905323029e-4,-3.048658370972e-3
74,24,4,4,4200,150,8.203983306885e-4,-3.009319305420e-3
74,24,4,4,4200,151,4.767179489136e-4,-1.420021057129e-3
74,24,4,4,4200,152,4.550516605377e-4,-2.357006072998e-3
74,24,4,4,4200,153,2.514123916626e-4,-1.152753829956e-3
74,24,4,4,4200,154,-2.601742744446e-5,-1.148223876953e-3
74,24,4,4,4200,155,3.719329833984e-5,-4.372596740723e-4
74,24,4,4,4200,156,4.059076309204e-4,-1.929283142090e-3
74,24,4,4,4200,157,2.989470958710e-4,-7.348060607910e-4
74,24,4,4,4200,158,2.348423004150e-5,-6.858825683594e-3
74,24,4,4,4200,159,-2.965927124023e-4,-1.237511634827e-2
74,24,4,4,4200,160,3.740191459656e-5,3.093481063843e-3
74,24,4,4,4200,161,-3.181695938110e-4,8.064746856689e-3
74,24,4,4,4200,162,-5.956888198853e-4,1.001834869385e-3
74,24,4,4,4200,163,-1.983344554901e-4,4.065036773682e-4
74,24,4,4,4200,164,6.604194641113e-5,-1.225471496582e-3
74,24,4,4,4200,165,8.568167686462e-5,-2.591609954834e-4
74,24,4,4,4200,166,-1.383423805237e-3,1.347494125366e-2
74,24,4,4,4200,167,-6.105601787567e-4,6.833314895630e-3
74,24,4,4,4200,168,1.175403594971e-4,-1.676797866821e-3
74,24,4,4,4200,169,1.050233840942e-4,-7.665157318115e-4
