id,seed,stream,control_slot,snapshot_commit,pair_left,pair_right,g3_delta_left,g3_delta_right,control_delta_left,control_delta_right,g3_immediate_utility,control_immediate_utility,utility_gap,initial_gap,final_gap,cumulative_j,positive_j,negative_j,max_abs_j,top1_favorable_share,top5_favorable_share,top10_favorable_share,reversal_horizon,valid_future_commits,invalid_future_step,invalid_parameter,telescoping_residual,max_event_decomposition_residual
1,2b7e151628aed2a6,L0-original-frozen,0,50,94,4,0.005000,-0.020000,0.000000,-0.020000,3.234148025513e-4,3.269910812378e-4,3.576278686523e-6,3.576278686523e-6,-1.280307769775e-4,-1.316070556641e-4,1.991987228394e-4,-3.308057785034e-4,4.553794860840e-5,0.09729730,0.43711712,0.67819820,2,63,0,-1,0.000000000000e0,6.444752216339e-7
2,2b7e151628aed2a6,L2-phase17-frozen,0,50,94,4,0.005000,-0.020000,0.000000,-0.020000,3.234148025513e-4,3.269910812378e-4,3.576278686523e-6,3.576278686523e-6,-1.279115676880e-4,-1.314878463745e-4,2.740621566772e-4,-4.055500030518e-4,5.149841308594e-5,0.12698413,0.48089359,0.65196943,10,63,0,-1,0.000000000000e0,8.177012205124e-7
3,2b7e151628aed2a6,L0-original-frozen,1,50,94,4,0.005000,-0.020000,0.010000,-0.020000,3.234148025513e-4,2.868175506592e-4,3.659725189209e-5,-3.659725189209e-5,1.138448715210e-4,1.504421234131e-4,3.236532211304e-4,-1.732110977173e-4,6.580352783203e-5,0.37990365,0.79490709,0.91878871,22,63,0,-1,0.000000000000e0,7.543712854385e-7
4,2b7e151628aed2a6,L2-phase17-frozen,1,50,94,4,0.005000,-0.020000,0.010000,-0.020000,3.234148025513e-4,2.868175506592e-4,3.659725189209e-5,-3.659725189209e-5,4.816055297852e-5,8.475780487061e-5,3.134012222290e-4,-2.286434173584e-4,4.267692565918e-5,0.13190824,0.57299270,0.80865485,24,63,0,-1,0.000000000000e0,8.294979731242e-7
5,2b7e151628aed2a6,L0-original-frozen,0,300,88,18,-0.010000,0.020000,-0.020000,0.010000,-3.460049629211e-4,-3.371238708496e-4,8.881092071533e-6,8.881092071533e-6,1.019239425659e-5,1.311302185059e-6,9.490847587585e-4,-9.477734565735e-4,1.924633979797e-4,0.15061946,0.48657317,0.66505251,6,63,0,-1,0.000000000000e0,6.078432003657e-7
6,2b7e151628aed2a6,L2-phase17-frozen,0,300,88,18,-0.010000,0.020000,-0.020000,0.010000,-3.460049629211e-4,-3.371238708496e-4,8.881092071533e-6,8.881092071533e-6,4.267692565918e-5,3.379583358765e-5,8.818507194519e-4,-8.480548858643e-4,3.066062927246e-4,0.09565645,0.38571830,0.60226314,2,63,0,-1,0.000000000000e0,1.251697540283e-6
7,2b7e151628aed2a6,L0-original-frozen,1,300,88,18,-0.010000,0.020000,0.020000,-0.020000,-3.460049629211e-4,-3.634691238403e-4,1.746416091919e-5,-1.746416091919e-5,-3.329515457153e-4,-3.154873847961e-4,5.808889865875e-3,-6.124377250671e-3,9.342432022095e-4,0.15254501,0.40294891,0.60387348,2,63,0,-1,0.000000000000e0,4.619359970093e-7
8,2b7e151628aed2a6,L2-phase17-frozen,1,300,88,18,-0.010000,0.020000,0.020000,-0.020000,-3.460049629211e-4,-3.634691238403e-4,1.746416091919e-5,-1.746416091919e-5,-7.575750350952e-4,-7.401108741760e-4,5.891263484955e-3,-6.631374359131e-3,1.371383666992e-3,0.07529482,0.31439203,0.54362012,3,63,0,-1,0.000000000000e0,8.580585320791e-7
9,2b7e151628aed2a6,L0-original-frozen,0,400,59,1,0.020000,0.020000,0.010000,0.020000,6.657242774963e-4,6.397366523743e-4,2.598762512207e-5,-2.598762512207e-5,-1.436471939087e-5,1.162290573120e-5,7.891654968262e-5,-6.729364395142e-5,1.341104507446e-5,0.19929141,0.57307352,0.77945084,0,63,0,-1,0.000000000000e0,4.277875026067e-7
10,2b7e151628aed2a6,L2-phase17-frozen,0,400,59,1,0.020000,0.020000,0.010000,0.020000,6.657242774963e-4,6.397366523743e-4,2.598762512207e-5,-2.598762512207e-5,-2.896785736084e-5,-2.980232238770e-6,9.185075759888e-5,-9.483098983765e-5,1.752376556396e-5,0.18478944,0.64047769,0.82463859,0,63,0,-1,0.000000000000e0,4.743536313375e-7
11,2b7e151628aed2a6,L0-original-frozen,1,400,59,1,0.020000,0.020000,0.005000,0.020000,6.657242774963e-4,6.266236305237e-4,3.910064697266e-5,-3.910064697266e-5,-2.181529998779e-5,1.728534698486e-5,1.179575920105e-4,-1.006722450256e-4,2.008676528931e-5,0.19952635,0.56897573,0.76850207,0,63,0,-1,0.000000000000e0,9.002784887950e-7
12,2b7e151628aed2a6,L2-phase17-frozen,1,400,59,1,0.020000,0.020000,0.005000,0.020000,6.657242774963e-4,6.266236305237e-4,3.910064697266e-5,-3.910064697266e-5,-4.404783248901e-5,-4.947185516357e-6,1.376867294312e-4,-1.426339149475e-4,2.598762512207e-5,0.18219808,0.63351442,0.82281655,0,63,0,-1,0.000000000000e0,7.183601458867e-7
13,2b7e151628aed2a6,L0-original-frozen,0,500,33,104,0.000000,-0.020000,-0.010000,-0.020000,4.628896713257e-4,4.628896713257e-4,0.000000000000e0,0.000000000000e0,0.000000000000e0,0.000000000000e0,0.000000000000e0,0.000000000000e0,0.000000000000e0,0.00000000,0.00000000,0.00000000,0,63,0,-1,0.000000000000e0,0.000000000000e0
14,2b7e151628aed2a6,L2-phase17-frozen,0,500,33,104,0.000000,-0.020000,-0.010000,-0.020000,4.628896713257e-4,4.628896713257e-4,0.000000000000e0,0.000000000000e0,0.000000000000e0,0.000000000000e0,0.000000000000e0,0.000000000000e0,0.000000000000e0,0.00000000,0.00000000,0.00000000,0,63,0,-1,0.000000000000e0,0.000000000000e0
15,2b7e151628aed2a6,L0-original-frozen,1,500,33,104,0.000000,-0.020000,0.005000,-0.020000,4.628896713257e-4,4.628896713257e-4,0.000000000000e0,0.000000000000e0,0.000000000000e0,0.000000000000e0,0.000000000000e0,0.000000000000e0,0.000000000000e0,0.00000000,0.00000000,0.00000000,0,63,0,-1,0.000000000000e0,0.000000000000e0
16,2b7e151628aed2a6,L2-phase17-frozen,1,500,33,104,0.000000,-0.020000,0.005000,-0.020000,4.628896713257e-4,4.628896713257e-4,0.000000000000e0,0.000000000000e0,0.000000000000e0,0.000000000000e0,0.000000000000e0,0.000000000000e0,0.000000000000e0,0.00000000,0.00000000,0.00000000,0,63,0,-1,0.000000000000e0,0.000000000000e0
17,2b7e151628aed2a6,L0-original-frozen,0,550,104,10,-0.020000,0.020000,-0.020000,0.010000,5.083084106445e-4,4.813671112061e-4,2.694129943848e-5,-2.694129943848e-5,1.215934753418e-5,3.910064697266e-5,1.131296157837e-4,-7.402896881104e-5,3.427267074585e-5,0.46296296,0.69404187,0.83494364,63,63,0,-1,0.000000000000e0,4.203369220098e-7
18,2b7e151628aed2a6,L2-phase17-frozen,0,550,104,10,-0.020000,0.020000,-0.020000,0.010000,5.083084106445e-4,4.813671112061e-4,2.694129943848e-5,-2.694129943848e-5,1.740455627441e-5,4.434585571289e-5,1.342892646790e-4,-8.994340896606e-5,3.302097320557e-5,0.36713055,0.65672631,0.81378396,50,63,0,-1,0.000000000000e0,4.032626748085e-7
19,2b7e151628aed2a6,L0-original-frozen,1,550,104,10,-0.020000,0.020000,-0.020000,0.005000,5.083084106445e-4,4.665255546570e-4,4.178285598755e-5,-4.178285598755e-5,1.621246337891e-5,5.799531936646e-5,1.698136329651e-4,-1.118183135986e-4,5.084276199341e-5,0.45469083,0.68496802,0.83582090,64,63,0,-1,0.000000000000e0,5.091230074565e-7
20,2b7e151628aed2a6,L2-phase17-frozen,1,550,104,10,-0.020000,0.020000,-0.020000,0.005000,5.083084106445e-4,4.665255546570e-4,4.178285598755e-5,-4.178285598755e-5,2.425909042358e-5,6.604194641113e-5,2.028942108154e-4,-1.368522644043e-4,4.988908767700e-5,0.36454704,0.66027875,0.83101045,50,63,0,-1,0.000000000000e0,4.296501477559e-7
21,2b7e151628aed2a6,L0-original-frozen,0,600,27,64,-0.020000,0.020000,-0.020000,0.010000,1.195371150970e-3,1.190006732941e-3,5.364418029785e-6,-5.364418029785e-6,1.907348632812e-6,7.271766662598e-6,1.317262649536e-5,-5.900859832764e-6,2.443790435791e-6,0.23232323,0.68686869,0.87878788,42,63,0,-1,0.000000000000e0,4.780789216359e-7
22,2b7e151628aed2a6,L2-phase17-frozen,0,600,27,64,-0.020000,0.020000,-0.020000,0.010000,1.195371150970e-3,1.190006732941e-3,5.364418029785e-6,-5.364418029785e-6,6.198883056641e-6,1.156330108643e-5,1.579523086548e-5,-4.231929779053e-6,2.264976501465e-6,0.28169014,0.67605634,0.87323944,43,63,0,-1,0.000000000000e0,4.501392443975e-7
23,2b7e151628aed2a6,L0-original-frozen,1,600,27,64,-0.020000,0.020000,-0.020000,0.005000,1.195371150970e-3,1.187384128571e-3,7.987022399902e-6,-7.987022399902e-6,2.682209014893e-6,1.066923141479e-5,1.847743988037e-5,-7.808208465576e-6,3.814697265625e-6,0.20610687,0.62595420,0.81679389,42,63,0,-1,0.000000000000e0,4.312023520470e-7
24,2b7e151628aed2a6,L2-phase17-frozen,1,600,27,64,-0.020000,0.020000,-0.020000,0.005000,1.195371150970e-3,1.187384128571e-3,7.987022399902e-6,-7.987022399902e-6,9.298324584961e-6,1.728534698486e-5,2.235174179077e-5,-5.066394805908e-6,3.278255462646e-6,0.36470588,0.76470588,0.89411765,43,63,0,-1,0.000000000000e0,4.172325134277e-7
25,2b7e151628aed2a6,L0-original-frozen,0,650,50,18,0.000000,-0.020000,0.010000,-0.020000,-7.998943328857e-5,-7.998943328857e-5,0.000000000000e0,0.000000000000e0,0.000000000000e0,0.000000000000e0,0.000000000000e0,0.000000000000e0,0.000000000000e0,0.00000000,0.00000000,0.00000000,0,63,0,-1,0.000000000000e0,0.000000000000e0
26,2b7e151628aed2a6,L2-phase17-frozen,0,650,50,18,0.000000,-0.020000,0.010000,-0.020000,-7.998943328857e-5,-7.998943328857e-5,0.000000000000e0,0.000000000000e0,0.000000000000e0,0.000000000000e0,0.000000000000e0,0.000000000000e0,0.000000000000e0,0.00000000,0.00000000,0.00000000,0,63,0,-1,0.000000000000e0,0.000000000000e0
27,2b7e151628aed2a6,L0-original-frozen,1,650,50,18,0.000000,-0.020000,-0.005000,-0.020000,-7.998943328857e-5,-7.998943328857e-5,0.000000000000e0,0.000000000000e0,0.000000000000e0,0.000000000000e0,0.000000000000e0,0.000000000000e0,0.000000000000e0,0.00000000,0.00000000,0.00000000,0,63,0,-1,0.000000000000e0,0.000000000000e0
28,2b7e151628aed2a6,L2-phase17-frozen,1,650,50,18,0.000000,-0.020000,-0.005000,-0.020000,-7.998943328857e-5,-7.998943328857e-5,0.000000000000e0,0.000000000000e0,0.000000000000e0,0.000000000000e0,0.000000000000e0,0.000000000000e0,0.000000000000e0,0.00000000,0.00000000,0.00000000,0,63,0,-1,0.000000000000e0,0.000000000000e0
29,2b7e151628aed2a6,L0-original-frozen,0,700,104,64,-0.020000,0.020000,-0.020000,0.010000,5.637407302856e-4,5.667805671692e-4,3.039836883545e-6,3.039836883545e-6,6.437301635742e-6,3.397464752197e-6,1.019239425659e-5,-6.794929504395e-6,1.311302185059e-6,0.09649123,0.43859649,0.72807018,0,63,0,-1,0.000000000000e0,3.358970085780e-7
30,2b7e151628aed2a6,L2-phase17-frozen,0,700,104,64,-0.020000,0.020000,-0.020000,0.010000,5.637407302856e-4,5.667805671692e-4,3.039836883545e-6,3.039836883545e-6,6.914138793945e-6,3.874301910400e-6,1.078844070435e-5,-6.914138793945e-6,1.072883605957e-6,0.12068966,0.41379310,0.70689655,0,63,0,-1,0.000000000000e0,2.936770518621e-7
31,2b7e151628aed2a6,L0-original-frozen,1,700,104,64,-0.020000,0.020000,-0.020000,0.005000,5.637407302856e-4,5.682706832886e-4,4.529953002930e-6,4.529953002930e-6,9.477138519287e-6,4.947185516357e-6,1.448392868042e-5,-9.536743164062e-6,1.966953277588e-6,0.10625000,0.44375000,0.71250000,0,63,0,-1,0.000000000000e0,2.924352884293e-7
32,2b7e151628aed2a6,L2-phase17-frozen,1,700,104,64,-0.020000,0.020000,-0.020000,0.005000,5.637407302856e-4,5.682706832886e-4,4.529953002930e-6,4.529953002930e-6,1.049041748047e-5,5.960464477539e-6,1.609325408936e-5,-1.013278961182e-5,1.549720764160e-6,0.11764706,0.41764706,0.70000000,0,63,0,-1,0.000000000000e0,2.632538477580e-7
33,2b7e151628aed2a6,L0-original-frozen,0,750,41,104,0.000000,-0.020000,-0.010000,-0.020000,4.783272743225e-4,4.783272743225e-4,0.000000000000e0,0.000000000000e0,0.000000000000e0,0.000000000000e0,0.000000000000e0,0.000000000000e0,0.000000000000e0,0.00000000,0.00000000,0.00000000,0,63,0,-1,0.000000000000e0,0.000000000000e0
34,2b7e151628aed2a6,L2-phase17-frozen,0,750,41,104,0.000000,-0.020000,-0.010000,-0.020000,4.783272743225e-4,4.783272743225e-4,0.000000000000e0,0.000000000000e0,0.000000000000e0,0.000000000000e0,0.000000000000e0,0.000000000000e0,0.000000000000e0,0.00000000,0.00000000,0.00000000,0,63,0,-1,0.000000000000e0,0.000000000000e0
35,2b7e151628aed2a6,L0-original-frozen,1,750,41,104,0.000000,-0.020000,-0.020000,-0.020000,4.783272743225e-4,4.783272743225e-4,0.000000000000e0,0.000000000000e0,0.000000000000e0,0.000000000000e0,0.000000000000e0,0.000000000000e0,0.000000000000e0,0.00000000,0.00000000,0.00000000,0,63,0,-1,0.000000000000e0,0.000000000000e0
36,2b7e151628aed2a6,L2-phase17-frozen,1,750,41,104,0.000000,-0.020000,-0.020000,-0.020000,4.783272743225e-4,4.783272743225e-4,0.000000000000e0,0.000000000000e0,0.000000000000e0,0.000000000000e0,0.000000000000e0,0.000000000000e0,0.000000000000e0,0.00000000,0.00000000,0.00000000,0,63,0,-1,0.000000000000e0,0.000000000000e0
37,2b7e151628aed2a6,L0-original-frozen,0,900,87,112,0.000000,0.020000,0.005000,0.020000,9.612441062927e-4,9.612441062927e-4,0.000000000000e0,0.000000000000e0,0.000000000000e0,0.000000000000e0,0.000000000000e0,0.000000000000e0,0.000000000000e0,0.00000000,0.00000000,0.00000000,0,63,0,-1,0.000000000000e0,0.000000000000e0
38,2b7e151628aed2a6,L2-phase17-frozen,0,900,87,112,0.000000,0.020000,0.005000,0.020000,9.612441062927e-4,9.612441062927e-4,0.000000000000e0,0.000000000000e0,0.000000000000e0,0.000000000000e0,0.000000000000e0,0.000000000000e0,0.000000000000e0,0.00000000,0.00000000,0.00000000,0,63,0,-1,0.000000000000e0,0.000000000000e0
39,2b7e151628aed2a6,L0-original-frozen,1,900,87,112,0.000000,0.020000,-0.005000,0.020000,9.612441062927e-4,9.612441062927e-4,0.000000000000e0,0.000000000000e0,0.000000000000e0,0.000000000000e0,0.000000000000e0,0.000000000000e0,0.000000000000e0,0.00000000,0.00000000,0.00000000,0,63,0,-1,0.000000000000e0,0.000000000000e0
40,2b7e151628aed2a6,L2-phase17-frozen,1,900,87,112,0.000000,0.020000,-0.005000,0.020000,9.612441062927e-4,9.612441062927e-4,0.000000000000e0,0.000000000000e0,0.000000000000e0,0.000000000000e0,0.000000000000e0,0.000000000000e0,0.000000000000e0,0.00000000,0.00000000,0.00000000,0,63,0,-1,0.000000000000e0,0.000000000000e0
41,2b7e151628aed2a6,L0-original-frozen,0,950,4,49,0.020000,0.000000,0.020000,0.005000,-2.028346061707e-4,-2.028346061707e-4,0.000000000000e0,0.000000000000e0,0.000000000000e0,0.000000000000e0,0.000000000000e0,0.000000000000e0,0.000000000000e0,0.00000000,0.00000000,0.00000000,0,63,0,-1,0.000000000000e0,0.000000000000e0
42,2b7e151628aed2a6,L2-phase17-frozen,0,950,4,49,0.020000,0.000000,0.020000,0.005000,-2.028346061707e-4,-2.028346061707e-4,0.000000000000e0,0.000000000000e0,0.000000000000e0,0.000000000000e0,0.000000000000e0,0.000000000000e0,0.000000000000e0,0.00000000,0.00000000,0.00000000,0,63,0,-1,0.000000000000e0,0.000000000000e0
43,2b7e151628aed2a6,L0-original-frozen,1,950,4,49,0.020000,0.000000,0.020000,-0.005000,-2.028346061707e-4,-2.028346061707e-4,0.000000000000e0,0.000000000000e0,0.000000000000e0,0.000000000000e0,0.000000000000e0,0.000000000000e0,0.000000000000e0,0.00000000,0.00000000,0.00000000,0,63,0,-1,0.000000000000e0,0.000000000000e0
44,2b7e151628aed2a6,L2-phase17-frozen,1,950,4,49,0.020000,0.000000,0.020000,-0.005000,-2.028346061707e-4,-2.028346061707e-4,0.000000000000e0,0.000000000000e0,0.000000000000e0,0.000000000000e0,0.000000000000e0,0.000000000000e0,0.000000000000e0,0.00000000,0.00000000,0.00000000,0,63,0,-1,0.000000000000e0,0.000000000000e0
45,2b7e151628aed2a6,L0-original-frozen,0,1100,13,94,-0.020000,-0.020000,-0.020000,0.010000,4.462599754333e-4,4.720687866211e-4,2.580881118774e-5,2.580881118774e-5,-2.170205116272e-4,-2.428293228149e-4,4.187494516373e-3,-4.430323839188e-3,5.592703819275e-4,0.11952347,0.38232979,0.57629308,2,63,0,-1,0.000000000000e0,3.445893526077e-7
46,2b7e151628aed2a6,L2-phase17-frozen,0,1100,13,94,-0.020000,-0.020000,-0.020000,0.010000,4.462599754333e-4,4.720687866211e-4,2.580881118774e-5,2.580881118774e-5,-4.255473613739e-4,-4.513561725616e-4,4.341781139374e-3,-4.793137311935e-3,5.575418472290e-4,0.09097749,0.37587281,0.55529096,2,63,0,-1,0.000000000000e0,4.156803091367e-7
47,2b7e151628aed2a6,L0-original-frozen,0,1150,79,5,-0.010000,0.020000,-0.005000,0.020000,-1.169145107269e-3,-1.213610172272e-3,4.446506500244e-5,-4.446506500244e-5,1.034140586853e-5,5.480647087097e-5,1.451969146729e-4,-9.039044380188e-5,1.791119575500e-5,0.19650511,0.64094955,0.86547972,57,63,0,-1,0.000000000000e0,2.315888802210e-7
48,2b7e151628aed2a6,L2-phase17-frozen,0,1150,79,5,-0.010000,0.020000,-0.005000,0.020000,-1.169145107269e-3,-1.213610172272e-3,4.446506500244e-5,-4.446506500244e-5,9.030103683472e-6,5.349516868591e-5,1.509487628937e-4,-9.745359420776e-5,2.226233482361e-5,0.22844037,0.64373089,0.88623853,56,63,0,-1,0.000000000000e0,3.358970085780e-7
49,2b7e151628aed2a6,L0-original-frozen,0,1200,4,57,0.020000,0.000000,0.020000,0.010000,-2.083182334900e-4,-2.083182334900e-4,0.000000000000e0,0.000000000000e0,0.000000000000e0,0.000000000000e0,0.000000000000e0,0.000000000000e0,0.000000000000e0,0.00000000,0.00000000,0.00000000,0,63,0,-1,0.000000000000e0,0.000000000000e0
50,2b7e151628aed2a6,L2-phase17-frozen,0,1200,4,57,0.020000,0.000000,0.020000,0.010000,-2.083182334900e-4,-2.083182334900e-4,0.000000000000e0,0.000000000000e0,0.000000000000e0,0.000000000000e0,0.000000000000e0,0.000000000000e0,0.000000000000e0,0.00000000,0.00000000,0.00000000,0,63,0,-1,0.000000000000e0,0.000000000000e0
51,2b7e151628aed2a6,L0-original-frozen,1,1200,4,57,0.020000,0.000000,0.020000,0.005000,-2.083182334900e-4,-2.083182334900e-4,0.000000000000e0,0.000000000000e0,0.000000000000e0,0.000000000000e0,0.000000000000e0,0.000000000000e0,0.000000000000e0,0.00000000,0.00000000,0.00000000,0,63,0,-1,0.000000000000e0,0.000000000000e0
52,2b7e151628aed2a6,L2-phase17-frozen,1,1200,4,57,0.020000,0.000000,0.020000,0.005000,-2.083182334900e-4,-2.083182334900e-4,0.000000000000e0,0.000000000000e0,0.000000000000e0,0.000000000000e0,0.000000000000e0,0.000000000000e0,0.000000000000e0,0.00000000,0.00000000,0.00000000,0,63,0,-1,0.000000000000e0,0.000000000000e0
53,2b7e151628aed2a6,L0-original-frozen,0,1250,62,99,-0.020000,-0.020000,-0.020000,-0.010000,6.366670131683e-4,6.073415279388e-4,2.932548522949e-5,-2.932548522949e-5,-3.075599670410e-5,-1.430511474609e-6,1.049041748047e-5,-1.192092895508e-5,2.950429916382e-6,0.24750000,0.55000000,0.82000000,0,63,0,-1,0.000000000000e0,3.017485141754e-7
54,2b7e151628aed2a6,L2-phase17-frozen,0,1250,62,99,-0.020000,-0.020000,-0.020000,-0.010000,6.366670131683e-4,6.073415279388e-4,2.932548522949e-5,-2.932548522949e-5,-2.950429916382e-5,-1.788139343262e-7,7.420778274536e-6,-7.599592208862e-6,9.536743164062e-7,0.10588235,0.43529412,0.66274510,0,63,0,-1,0.000000000000e0,2.949188152949e-7
55,2b7e151628aed2a6,L0-original-frozen,1,1250,62,99,-0.020000,-0.020000,-0.020000,-0.005000,6.366670131683e-4,5.924701690674e-4,4.419684410095e-5,-4.419684410095e-5,-4.619359970093e-5,-1.996755599976e-6,1.609325408936e-5,-1.809000968933e-5,4.500150680542e-6,0.24876442,0.53047776,0.78747941,0,63,0,-1,0.000000000000e0,2.564241488775e-7
56,2b7e151628aed2a6,L2-phase17-frozen,1,1250,62,99,-0.020000,-0.020000,-0.020000,-0.005000,6.366670131683e-4,5.924701690674e-4,4.419684410095e-5,-4.419684410095e-5,-4.425644874573e-5,-5.960464477539e-8,1.087784767151e-5,-1.093745231628e-5,1.430511474609e-6,0.10081744,0.37874659,0.64305177,0,63,0,-1,0.000000000000e0,2.489735682805e-7
57,2b7e151628aed2a6,L0-original-frozen,0,1400,88,4,0.020000,-0.020000,0.000000,0.000000,-6.943941116333e-6,0.000000000000e0,6.943941116333e-6,6.943941116333e-6,-9.277760982513e-4,-9.347200393677e-4,5.544215440750e-3,-6.478935480118e-3,8.806884288788e-4,0.13593104,0.44811106,0.62228090,5,63,0,-1,0.000000000000e0,4.426886638006e-7
58,2b7e151628aed2a6,L2-phase17-frozen,0,1400,88,4,0.020000,-0.020000,0.000000,0.000000,-6.943941116333e-6,0.000000000000e0,6.943941116333e-6,6.943941116333e-6,-6.890296936035e-4,-6.959736347198e-4,6.713390350342e-3,-7.409363985062e-3,1.035630702972e-3,0.13442363,0.52177043,0.68367811,5,63,0,-1,0.000000000000e0,2.713253100713e-7
59,2b7e151628aed2a6,L0-original-frozen,1,1400,88,4,0.020000,-0.020000,0.000000,-0.005000,-6.943941116333e-6,7.271766662598e-6,1.421570777893e-5,1.421570777893e-5,-8.724629878998e-4,-8.866786956787e-4,5.501687526703e-3,-6.388366222382e-3,9.138286113739e-4,0.13506844,0.46343500,0.63405611,5,63,0,-1,0.000000000000e0,3.253420193990e-7
60,2b7e151628aed2a6,L2-phase17-frozen,1,1400,88,4,0.020000,-0.020000,0.000000,-0.005000,-6.943941116333e-6,7.271766662598e-6,1.421570777893e-5,1.421570777893e-5,-5.891919136047e-4,-6.034076213837e-4,6.733119487762e-3,-7.336527109146e-3,1.062363386154e-3,0.13751305,0.53514805,0.69704232,5,63,0,-1,0.000000000000e0,2.762923638026e-7
61,2b7e151628aed2a6,L0-original-frozen,0,1450,110,82,0.020000,0.000000,0.020000,0.005000,1.710355281830e-4,1.710355281830e-4,0.000000000000e0,0.000000000000e0,-2.980232238770e-8,-2.980232238770e-8,1.490116119385e-7,-1.788139343262e-7,8.940696716309e-8,0.50000000,1.00000000,1.00000000,0,63,0,-1,0.000000000000e0,9.189049402873e-8
62,2b7e151628aed2a6,L2-phase17-frozen,0,1450,110,82,0.020000,0.000000,0.020000,0.005000,1.710355281830e-4,1.710355281830e-4,0.000000000000e0,0.000000000000e0,0.000000000000e0,0.000000000000e0,3.874301910400e-7,-3.874301910400e-7,8.940696716309e-8,0.23076923,0.92307692,1.00000000,0,63,0,-1,0.000000000000e0,9.064873059591e-8
63,2b7e151628aed2a6,L0-original-frozen,1,1450,110,82,0.020000,0.000000,0.020000,-0.010000,1.710355281830e-4,1.710355281830e-4,0.000000000000e0,0.000000000000e0,1.490116119385e-7,1.490116119385e-7,5.960464477539e-7,-4.470348358154e-7,1.192092895508e-7,0.20000000,0.80000000,1.00000000,0,63,0,-1,0.000000000000e0,9.064873059591e-8
64,2b7e151628aed2a6,L2-phase17-frozen,1,1450,110,82,0.020000,0.000000,0.020000,-0.010000,1.710355281830e-4,1.710355281830e-4,0.000000000000e0,0.000000000000e0,0.000000000000e0,0.000000000000e0,2.980232238770e-7,-2.980232238770e-7,8.940696716309e-8,0.30000000,0.80000000,1.00000000,0,63,0,-1,0.000000000000e0,8.940696716309e-8
65,2b7e151628aed2a6,L0-original-frozen,0,1500,40,6,-0.010000,-0.020000,-0.005000,-0.020000,-9.904205799103e-4,-1.005798578262e-3,1.537799835205e-5,-1.537799835205e-5,-2.005696296692e-5,-4.678964614868e-6,7.107853889465e-5,-7.575750350952e-5,9.715557098389e-6,0.10896932,0.51455547,0.77655389,0,63,0,-1,0.000000000000e0,1.912315686544e-7
66,2b7e151628aed2a6,L2-phase17-frozen,0,1500,40,6,-0.010000,-0.020000,-0.005000,-0.020000,-9.904205799103e-4,-1.005798578262e-3,1.537799835205e-5,-1.537799835205e-5,-2.157688140869e-5,-6.198883056641e-6,6.610155105591e-5,-7.230043411255e-5,1.165270805359e-5,0.16117065,0.57543281,0.78194559,0,63,0,-1,0.000000000000e0,1.707424720128e-7
67,2b7e151628aed2a6,L0-original-frozen,1,1500,40,6,-0.010000,-0.020000,-0.020000,-0.020000,-9.904205799103e-4,-9.613633155823e-4,2.905726432800e-5,2.905726432800e-5,3.886222839355e-5,9.804964065552e-6,1.538097858429e-4,-1.440048217773e-4,1.958012580872e-5,0.13596854,0.59023179,0.79076987,0,63,0,-1,0.000000000000e0,2.042700846990e-7
68,2b7e151628aed2a6,L2-phase17-frozen,1,1500,40,6,-0.010000,-0.020000,-0.020000,-0.020000,-9.904205799103e-4,-9.613633155823e-4,2.905726432800e-5,2.905726432800e-5,4.276633262634e-5,1.370906829834e-5,1.450777053833e-4,-1.313686370850e-4,2.646446228027e-5,0.13861162,0.51043557,0.75612523,0,63,0,-1,0.000000000000e0,1.477698485057e-7
69,2b7e151628aed2a6,L0-original-frozen,0,1750,31,23,-0.010000,-0.020000,-0.005000,-0.020000,3.609359264374e-4,3.575980663300e-4,3.337860107422e-6,-3.337860107422e-6,2.980232238770e-6,6.318092346191e-6,1.159608364105e-4,-1.096427440643e-4,1.710653305054e-5,0.15602066,0.50611579,0.74830117,18,63,0,-1,0.000000000000e0,1.396983861923e-7
70,2b7e151628aed2a6,L2-phase17-frozen,0,1750,31,23,-0.010000,-0.020000,-0.005000,-0.020000,3.609359264374e-4,3.575980663300e-4,3.337860107422e-6,-3.337860107422e-6,2.861022949219e-6,6.198883056641e-6,1.290142536163e-4,-1.228153705597e-4,1.323223114014e-5,0.10774084,0.45619995,0.71220578,17,63,0,-1,0.000000000000e0,1.608083645503e-7
71,2b7e151628aed2a6,L0-original-frozen,1,1750,31,23,-0.010000,-0.020000,-0.020000,-0.020000,3.609359264374e-4,3.666281700134e-4,5.692243576050e-6,5.692243576050e-6,-6.496906280518e-6,-1.218914985657e-5,2.268552780151e-4,-2.390444278717e-4,3.451108932495e-5,0.09624735,0.43024561,0.68607406,18,63,0,-1,0.000000000000e0,1.421819130580e-7
72,2b7e151628aed2a6,L2-phase17-frozen,1,1750,31,23,-0.010000,-0.020000,-0.020000,-0.020000,3.609359264374e-4,3.666281700134e-4,5.692243576050e-6,5.692243576050e-6,-6.347894668579e-6,-1.204013824463e-5,2.459585666656e-4,-2.579987049103e-4,2.691149711609e-5,0.10188287,0.46517269,0.71895576,17,63,0,-1,0.000000000000e0,1.806765794754e-7
73,2b7e151628aed2a6,L0-original-frozen,0,1900,90,18,-0.010000,-0.020000,-0.005000,-0.020000,1.508921384811e-3,1.556545495987e-3,4.762411117554e-5,4.762411117554e-5,4.553794860840e-5,-2.086162567139e-6,1.887083053589e-4,-1.907944679260e-4,3.607571125031e-5,0.18908154,0.46946267,0.66237113,30,63,0,-1,0.000000000000e0,1.452863216400e-7
74,2b7e151628aed2a6,L2-phase17-frozen,0,1900,90,18,-0.010000,-0.020000,-0.005000,-0.020000,1.508921384811e-3,1.556545495987e-3,4.762411117554e-5,4.762411117554e-5,4.827976226807e-5,6.556510925293e-7,2.138763666153e-4,-2.132207155228e-4,3.305077552795e-5,0.14529317,0.46788734,0.65546160,32,63,0,-1,0.000000000000e0,2.409021059672e-7
75,2b7e151628aed2a6,L0-original-frozen,0,1950,21,64,0.020000,0.020000,0.020000,0.010000,3.036707639694e-4,2.885907888412e-4,1.507997512817e-5,-1.507997512817e-5,-7.346272468567e-6,7.733702659607e-6,6.680190563202e-5,-5.906820297241e-5,5.498528480530e-6,0.08804238,0.36478305,0.62815338,51,63,0,-1,0.000000000000e0,1.254181067149e-7
76,2b7e151628aed2a6,L2-phase17-frozen,0,1950,21,64,0.020000,0.020000,0.020000,0.010000,3.036707639694e-4,2.885907888412e-4,1.507997512817e-5,-1.507997512817e-5,-1.633167266846e-5,-1.251697540283e-6,5.795061588287e-5,-5.920231342316e-5,7.688999176025e-6,0.12987667,0.44525547,0.70072993,55,63,0,-1,0.000000000000e0,1.142422358195e-7
77,2b7e151628aed2a6,L0-original-frozen,1,1950,21,64,0.020000,0.020000,0.020000,0.005000,3.036707639694e-4,2.809166908264e-4,2.275407314301e-5,-2.275407314301e-5,-1.114606857300e-5,1.160800457001e-5,1.004785299301e-4,-8.887052536011e-5,8.270144462585e-6,0.08886653,0.36452046,0.62692824,51,63,0,-1,0.000000000000e0,1.434236764908e-7
78,2b7e151628aed2a6,L2-phase17-frozen,1,1950,21,64,0.020000,0.020000,0.020000,0.005000,3.036707639694e-4,2.809166908264e-4,2.275407314301e-5,-2.275407314301e-5,-2.457201480865e-5,-1.817941665649e-6,8.681416511536e-5,-8.863210678101e-5,1.157820224762e-5,0.13063215,0.44653665,0.70342972,55,63,0,-1,0.000000000000e0,1.365939776103e-7
79,2b7e151628aed2a6,L0-original-frozen,0,2000,44,18,0.010000,0.020000,0.005000,0.020000,-1.614764332771e-3,-1.601383090019e-3,1.338124275208e-5,1.338124275208e-5,4.380941390991e-6,-9.000301361084e-6,6.864964962006e-5,-7.764995098114e-5,8.895993232727e-6,0.10535406,0.39493379,0.66167722,15,63,0,-1,0.000000000000e0,2.197921276093e-7
80,2b7e151628aed2a6,L2-phase17-frozen,0,2000,44,18,0.010000,0.020000,0.005000,0.020000,-1.614764332771e-3,-1.601383090019e-3,1.338124275208e-5,1.338124275208e-5,1.072883605957e-6,-1.230835914612e-5,7.784366607666e-5,-9.015202522278e-5,1.162290573120e-5,0.12892562,0.47752066,0.69735537,13,63,0,-1,0.000000000000e0,1.514951388041e-7
81,2b7e151628aed2a6,L0-original-frozen,1,2000,44,18,0.010000,0.020000,0.000000,0.020000,-1.614764332771e-3,-1.588776707649e-3,2.598762512207e-5,2.598762512207e-5,8.612871170044e-6,-1.737475395203e-5,1.369267702103e-4,-1.543015241623e-4,1.785159111023e-5,0.10613230,0.39546113,0.66035732,14,63,0,-1,0.000000000000e0,2.421438694000e-7
82,2b7e151628aed2a6,L2-phase17-frozen,1,2000,44,18,0.010000,0.020000,0.000000,0.020000,-1.614764332771e-3,-1.588776707649e-3,2.598762512207e-5,2.598762512207e-5,2.130866050720e-6,-2.385675907135e-5,1.567453145981e-4,-1.806020736694e-4,2.317130565643e-5,0.12830033,0.48118812,0.70041254,13,63,0,-1,0.000000000000e0,1.937150955200e-7
83,2b7e151628aed2a6,L0-original-frozen,0,2050,6,33,0.020000,0.000000,0.020000,0.010000,7.477998733521e-4,7.477998733521e-4,0.000000000000e0,0.000000000000e0,0.000000000000e0,0.000000000000e0,0.000000000000e0,0.000000000000e0,0.000000000000e0,0.00000000,0.00000000,0.00000000,0,63,0,-1,0.000000000000e0,0.000000000000e0
84,2b7e151628aed2a6,L2-phase17-frozen,0,2050,6,33,0.020000,0.000000,0.020000,0.010000,7.477998733521e-4,7.477998733521e-4,0.000000000000e0,0.000000000000e0,0.000000000000e0,0.000000000000e0,0.000000000000e0,0.000000000000e0,0.000000000000e0,0.00000000,0.00000000,0.00000000,0,63,0,-1,0.000000000000e0,0.000000000000e0
85,2b7e151628aed2a6,L0-original-frozen,1,2050,6,33,0.020000,0.000000,0.020000,0.005000,7.477998733521e-4,7.477998733521e-4,0.000000000000e0,0.000000000000e0,0.000000000000e0,0.000000000000e0,0.000000000000e0,0.000000000000e0,0.000000000000e0,0.00000000,0.00000000,0.00000000,0,63,0,-1,0.000000000000e0,0.000000000000e0
86,2b7e151628aed2a6,L2-phase17-frozen,1,2050,6,33,0.020000,0.000000,0.020000,0.005000,7.477998733521e-4,7.477998733521e-4,0.000000000000e0,0.000000000000e0,0.000000000000e0,0.000000000000e0,0.000000000000e0,0.000000000000e0,0.000000000000e0,0.00000000,0.00000000,0.00000000,0,63,0,-1,0.000000000000e0,0.000000000000e0
87,2b7e151628aed2a6,L0-original-frozen,0,2100,50,89,0.010000,0.020000,0.005000,0.020000,1.883208751678e-4,1.976937055588e-4,9.372830390930e-6,9.372830390930e-6,8.344650268555e-6,-1.028180122375e-6,1.294910907745e-5,-1.397728919983e-5,3.129243850708e-6,0.22388060,0.56716418,0.73454158,0,63,0,-1,0.000000000000e0,9.064873059591e-8
88,2b7e151628aed2a6,L2-phase17-frozen,0,2100,50,89,0.010000,0.020000,0.005000,0.020000,1.883208751678e-4,1.976937055588e-4,9.372830390930e-6,9.372830390930e-6,9.775161743164e-6,4.023313522339e-7,2.236664295197e-5,-2.196431159973e-5,4.634261131287e-6,0.21099050,0.73337856,0.85345997,0,63,0,-1,0.000000000000e0,9.809931119283e-8
89,2b7e151628aed2a6,L0-original-frozen,1,2100,50,89,0.010000,0.020000,0.000000,0.020000,1.883208751678e-4,2.070367336273e-4,1.871585845947e-5,1.871585845947e-5,1.876056194305e-5,4.470348358154e-8,2.624094486237e-5,-2.619624137878e-5,5.289912223816e-6,0.20193402,0.56712173,0.75199090,0,63,0,-1,0.000000000000e0,1.117587089539e-7
90,2b7e151628aed2a6,L2-phase17-frozen,1,2100,50,89,0.010000,0.020000,0.000000,0.020000,1.883208751678e-4,2.070367336273e-4,1.871585845947e-5,1.871585845947e-5,1.958012580872e-5,8.642673492432e-7,4.410743713379e-5,-4.324316978455e-5,9.223818778992e-6,0.21330117,0.68538939,0.81702274,0,63,0,-1,0.000000000000e0,1.142422358195e-7
91,2b7e151628aed2a6,L0-original-frozen,0,2150,110,6,0.020000,-0.020000,0.010000,-0.020000,-1.122549176216e-3,-1.149252057076e-3,2.670288085938e-5,-2.670288085938e-5,6.049871444702e-6,3.275275230408e-5,1.137927174568e-3,-1.105174422264e-3,1.241415739059e-4,0.11232759,0.44788113,0.66401499,3,63,0,-1,0.000000000000e0,1.390775044759e-7
92,2b7e151628aed2a6,L2-phase17-frozen,0,2150,110,6,0.020000,-0.020000,0.010000,-0.020000,-1.122549176216e-3,-1.149252057076e-3,2.670288085938e-5,-2.670288085938e-5,-6.978213787079e-5,-4.307925701141e-5,9.986162185669e-4,-1.041695475578e-3,1.362860202789e-4,0.13083096,0.43968415,0.61108330,3,63,0,-1,0.000000000000e0,1.272807518641e-7
93,2b7e151628aed2a6,L0-original-frozen,1,2150,110,6,0.020000,-0.020000,0.005000,-0.020000,-1.122549176216e-3,-1.172259449959e-3,4.971027374268e-5,-4.971027374268e-5,-4.321336746216e-7,4.927814006805e-5,1.704439520836e-3,-1.655161380768e-3,1.860558986664e-4,0.11240952,0.44794555,0.66418488,3,63,0,-1,0.000000000000e0,1.912315686544e-7
94,2b7e151628aed2a6,L2-phase17-frozen,1,2150,110,6,0.020000,-0.020000,0.005000,-0.020000,-1.122549176216e-3,-1.172259449959e-3,4.971027374268e-5,-4.971027374268e-5,-1.136064529419e-4,-6.389617919922e-5,1.496106386185e-3,-1.560002565384e-3,2.043545246124e-4,0.13099627,0.43998472,0.61134779,4,63,0,-1,0.000000000000e0,1.117587089539e-7
95,2b7e151628aed2a6,L0-original-frozen,0,2250,74,119,0.020000,-0.010000,0.010000,-0.020000,1.068115234375e-4,9.876489639282e-5,8.046627044678e-6,-8.046627044678e-6,-4.291534423828e-5,-3.486871719360e-5,1.302883028984e-3,-1.337751746178e-3,1.726001501083e-4,0.12902256,0.59397382,0.79419660,3,63,0,-1,0.000000000000e0,1.179675261180e-7
96,2b7e151628aed2a6,L2-phase17-frozen,0,2250,74,119,0.020000,-0.010000,0.010000,-0.020000,1.068115234375e-4,9.876489639282e-5,8.046627044678e-6,-8.046627044678e-6,-9.715557098389e-6,-1.668930053711e-6,1.283705234528e-3,-1.285374164581e-3,1.867860555649e-4,0.14531649,0.55796429,0.76175516,2,63,0,-1,0.000000000000e0,1.577039559682e-7
97,2b7e151628aed2a6,L0-original-frozen,1,2250,74,119,0.020000,-0.010000,0.020000,-0.005000,1.068115234375e-4,9.663403034210e-5,1.017749309540e-5,-1.017749309540e-5,-1.506507396698e-5,-4.887580871582e-6,1.625716686249e-5,-2.114474773407e-5,4.261732101440e-6,0.16138125,0.57293869,0.82875264,0,63,0,-1,0.000000000000e0,1.229345798492e-7
98,2b7e151628aed2a6,L2-phase17-frozen,1,2250,74,119,0.020000,-0.010000,0.020000,-0.005000,1.068115234375e-4,9.663403034210e-5,1.017749309540e-5,-1.017749309540e-5,-1.072883605957e-5,-5.513429641724e-7,1.807510852814e-5,-1.862645149231e-5,3.576278686523e-6,0.15760000,0.54080000,0.80640000,0,63,0,-1,0.000000000000e0,1.067916552226e-7
99,2b7e151628aed2a6,L0-original-frozen,0,2300,18,29,0.010000,0.000000,0.010000,-0.005000,9.335875511169e-4,8.863210678101e-4,4.726648330688e-5,-4.726648330688e-5,-3.984570503235e-5,7.420778274536e-6,9.426474571228e-5,-8.684396743774e-5,1.148879528046e-5,0.12611531,0.55199039,0.79495539,0,63,0,-1,0.000000000000e0,1.440445582072e-7
100,2b7e151628aed2a6,L2-phase17-frozen,0,2300,18,29,0.010000,0.000000,0.010000,-0.005000,9.335875511169e-4,8.863210678101e-4,4.726648330688e-5,-4.726648330688e-5,-4.686415195465e-5,4.023313522339e-7,9.953975677490e-5,-9.913742542267e-5,1.320242881775e-5,0.13317300,0.53644972,0.79272509,0,63,0,-1,0.000000000000e0,1.341104507446e-7
101,2b7e151628aed2a6,L0-original-frozen,0,2400,106,18,0.020000,0.020000,-0.005000,0.010000,3.792494535446e-4,3.822296857834e-4,2.980232238770e-6,2.980232238770e-6,-6.777346134186e-4,-6.807148456573e-4,3.402650356293e-3,-4.083365201950e-3,1.073002815247e-3,0.26277415,0.56763493,0.75832208,17,63,0,-1,0.000000000000e0,1.179675261180e-7
102,2b7e151628aed2a6,L2-phase17-frozen,0,2400,106,18,0.020000,0.020000,-0.005000,0.010000,3.792494535446e-4,3.822296857834e-4,2.980232238770e-6,2.980232238770e-6,-1.972913742065e-4,-2.002716064453e-4,5.211517214775e-3,-5.411788821220e-3,1.063838601112e-3,0.19657800,0.47043194,0.67214789,17,63,0,-1,0.000000000000e0,1.601874828339e-7
103,2b7e151628aed2a6,L0-original-frozen,1,2400,106,18,0.020000,0.020000,0.010000,0.005000,3.792494535446e-4,3.484189510345e-4,3.083050251007e-5,-3.083050251007e-5,-9.202212095261e-4,-8.893907070160e-4,4.704728722572e-3,-5.594119429588e-3,1.543611288071e-3,0.27593463,0.57834130,0.75433054,2,63,0,-1,0.000000000000e0,9.313225746155e-8
104,2b7e151628aed2a6,L2-phase17-frozen,1,2400,106,18,0.020000,0.020000,0.010000,0.005000,3.792494535446e-4,3.484189510345e-4,3.083050251007e-5,-3.083050251007e-5,-2.550482749939e-4,-2.242177724838e-4,7.218986749649e-3,-7.443204522133e-3,1.522228121758e-3,0.20139538,0.46897829,0.67018148,2,63,0,-1,0.000000000000e0,1.303851604462e-7
105,2b7e151628aed2a6,L0-original-frozen,0,2450,20,81,0.020000,0.000000,0.020000,0.020000,6.485581398010e-4,6.485581398010e-4,0.000000000000e0,0.000000000000e0,0.000000000000e0,0.000000000000e0,0.000000000000e0,0.000000000000e0,0.000000000000e0,0.00000000,0.00000000,0.00000000,0,63,0,-1,0.000000000000e0,0.000000000000e0
106,2b7e151628aed2a6,L2-phase17-frozen,0,2450,20,81,0.020000,0.000000,0.020000,0.020000,6.485581398010e-4,6.485581398010e-4,0.000000000000e0,0.000000000000e0,0.000000000000e0,0.000000000000e0,0.000000000000e0,0.000000000000e0,0.000000000000e0,0.00000000,0.00000000,0.00000000,0,63,0,-1,0.000000000000e0,0.000000000000e0
107,2b7e151628aed2a6,L0-original-frozen,1,2450,20,81,0.020000,0.000000,0.020000,-0.010000,6.485581398010e-4,6.485581398010e-4,0.000000000000e0,0.000000000000e0,0.000000000000e0,0.000000000000e0,0.000000000000e0,0.000000000000e0,0.000000000000e0,0.00000000,0.00000000,0.00000000,0,63,0,-1,0.000000000000e0,0.000000000000e0
108,2b7e151628aed2a6,L2-phase17-frozen,1,2450,20,81,0.020000,0.000000,0.020000,-0.010000,6.485581398010e-4,6.485581398010e-4,0.000000000000e0,0.000000000000e0,0.000000000000e0,0.000000000000e0,0.000000000000e0,0.000000000000e0,0.000000000000e0,0.00000000,0.00000000,0.00000000,0,63,0,-1,0.000000000000e0,0.000000000000e0
109,2b7e151628aed2a6,L0-original-frozen,0,2500,89,112,0.020000,0.000000,-0.020000,0.000000,-7.173418998718e-5,-6.908178329468e-5,2.652406692505e-6,2.652406692505e-6,-3.935396671295e-4,-3.961920738220e-4,4.186928272247e-3,-4.583120346069e-3,6.448477506638e-4,0.14070059,0.43567276,0.71246359,10,63,0,-1,0.000000000000e0,1.365939776103e-7
110,2b7e151628aed2a6,L2-phase17-frozen,0,2500,89,112,0.020000,0.000000,-0.020000,0.000000,-7.173418998718e-5,-6.908178329468e-5,2.652406692505e-6,2.652406692505e-6,-6.134659051895e-4,-6.161183118820e-4,3.597483038902e-3,-4.213601350784e-3,4.549175500870e-4,0.10796407,0.38047530,0.58388443,12,63,0,-1,0.000000000000e0,8.443991343181e-8
111,2b7e151628aed2a6,L0-original-frozen,1,2500,89,112,0.020000,0.000000,-0.010000,0.000000,-7.173418998718e-5,-2.822279930115e-5,4.351139068604e-5,4.351139068604e-5,-2.338737249374e-4,-2.773851156235e-4,3.150045871735e-3,-3.427430987358e-3,4.848539829254e-4,0.14146280,0.43743125,0.71186595,10,63,0,-1,0.000000000000e0,1.297642787298e-7
112,2b7e151628aed2a6,L2-phase17-frozen,1,2500,89,112,0.020000,0.000000,-0.010000,0.000000,-7.173418998718e-5,-2.822279930115e-5,4.351139068604e-5,4.351139068604e-5,-3.930926322937e-4,-4.366040229797e-4,2.733811736107e-3,-3.170415759087e-3,3.428161144257e-4,0.10812970,0.38227041,0.58211719,17,63,0,-1,0.000000000000e0,1.030663649241e-7
113,2b7e151628aed2a6,L0-original-frozen,0,2600,18,14,-0.020000,0.010000,-0.020000,0.005000,1.992076635361e-3,1.980960369110e-3,1.111626625061e-5,-1.111626625061e-5,3.963708877563e-6,1.507997512817e-5,9.503960609436e-5,-7.995963096619e-5,1.004338264465e-5,0.12560567,0.40477078,0.69903094,10,63,0,-1,0.000000000000e0,6.084640820821e-8
114,2b7e151628aed2a6,L2-phase17-frozen,0,2600,18,14,-0.020000,0.010000,-0.020000,0.005000,1.992076635361e-3,1.980960369110e-3,1.111626625061e-5,-1.111626625061e-5,-1.051872968674e-4,-9.407103061676e-5,1.198798418045e-4,-2.139508724213e-4,6.465613842010e-5,0.30220086,0.62870873,0.79467892,10,63,0,-1,0.000000000000e0,1.421819130580e-7
115,2b7e151628aed2a6,L0-original-frozen,1,2600,18,14,-0.020000,0.010000,-0.020000,0.020000,1.992076635361e-3,2.011895179749e-3,1.981854438782e-5,1.981854438782e-5,-9.447336196899e-6,-2.926588058472e-5,1.586377620697e-4,-1.879036426544e-4,1.914799213409e-5,0.10190325,0.39167328,0.62323553,10,63,0,-1,0.000000000000e0,7.140139738719e-8
116,2b7e151628aed2a6,L2-phase17-frozen,1,2600,18,14,-0.020000,0.010000,-0.020000,0.020000,1.992076635361e-3,2.011895179749e-3,1.981854438782e-5,1.981854438782e-5,2.052485942841e-4,1.854300498962e-4,4.333704710007e-4,-2.479404211044e-4,1.790076494217e-4,0.15710079,0.44371657,0.69451289,10,63,0,-1,0.000000000000e0,6.457169850667e-8
117,2b7e151628aed2a6,L0-original-frozen,0,2750,99,110,0.010000,0.020000,0.005000,0.010000,2.088397741318e-5,2.095848321915e-5,7.450580596924e-8,7.450580596924e-8,-1.859441399574e-4,-1.860186457634e-4,9.378120303154e-4,-1.123830676079e-3,1.470968127251e-4,0.13088877,0.51567244,0.67931158,2,63,0,-1,0.000000000000e0,8.071462313334e-8
118,2b7e151628aed2a6,L2-phase17-frozen,0,2750,99,110,0.010000,0.020000,0.005000,0.010000,2.088397741318e-5,2.095848321915e-5,7.450580596924e-8,7.450580596924e-8,-1.294836401939e-4,-1.295581459999e-4,8.432045578957e-4,-9.727627038956e-4,1.432895660400e-4,0.14730167,0.46725694,0.64712550,2,63,0,-1,0.000000000000e0,8.071462313334e-8
119,2b7e151628aed2a6,L0-original-frozen,1,2750,99,110,0.010000,0.020000,-0.020000,0.005000,2.088397741318e-5,2.205371856689e-5,1.169741153717e-6,1.169741153717e-6,-2.714022994041e-4,-2.725720405579e-4,1.357898116112e-3,-1.630470156670e-3,2.093762159348e-4,0.12841463,0.51707656,0.67890403,2,63,0,-1,0.000000000000e0,8.816520373027e-8
120,2b7e151628aed2a6,L2-phase17-frozen,1,2750,99,110,0.010000,0.020000,-0.020000,0.005000,2.088397741318e-5,2.205371856689e-5,1.169741153717e-6,1.169741153717e-6,-1.982897520065e-4,-1.994594931602e-4,1.209899783134e-3,-1.409359276295e-3,2.029165625572e-4,0.14397788,0.46874356,0.64255317,2,63,0,-1,0.000000000000e0,7.698933283488e-8
121,2b7e151628aed2a6,L0-original-frozen,0,2800,18,45,0.005000,-0.020000,0.005000,-0.010000,5.249157547951e-4,5.008578300476e-4,2.405792474747e-5,-2.405792474747e-5,-3.045797348022e-5,-6.400048732758e-6,5.864351987839e-5,-6.504356861115e-5,8.828938007355e-6,0.13104238,0.48946163,0.68843070,0,63,0,-1,0.000000000000e0,5.960464477539e-8
122,2b7e151628aed2a6,L2-phase17-frozen,0,2800,18,45,0.005000,-0.020000,0.005000,-0.010000,5.249157547951e-4,5.008578300476e-4,2.405792474747e-5,-2.405792474747e-5,-3.505498170853e-5,-1.099705696106e-5,5.044043064117e-5,-6.143748760223e-5,7.942318916321e-6,0.11120543,0.46264856,0.63109386,0,63,0,-1,0.000000000000e0,4.967053731283e-8
123,2b7e151628aed2a6,L0-original-frozen,1,2800,18,45,0.005000,-0.020000,0.005000,-0.005000,5.249157547951e-4,4.879832267761e-4,3.693252801895e-5,-3.693252801895e-5,-4.584342241287e-5,-8.910894393921e-6,8.972734212875e-5,-9.863823652267e-5,1.286715269089e-5,0.12606692,0.49157791,0.67693935,0,63,0,-1,0.000000000000e0,4.470348358154e-8
124,2b7e151628aed2a6,L2-phase17-frozen,1,2800,18,45,0.005000,-0.020000,0.005000,-0.005000,5.249157547951e-4,4.879832267761e-4,3.693252801895e-5,-3.693252801895e-5,-5.272030830383e-5,-1.578778028488e-5,7.612258195877e-5,-9.191036224365e-5,1.187622547150e-5,0.11146239,0.46481842,0.63294423,0,63,0,-1,0.000000000000e0,4.470348358154e-8
125,2b7e151628aed2a6,L0-original-frozen,0,2850,32,8,-0.020000,-0.020000,-0.020000,-0.010000,3.155320882797e-4,2.947747707367e-4,2.075731754303e-5,-2.075731754303e-5,-3.256648778915e-5,-1.180917024612e-5,1.358211040497e-3,-1.370020210743e-3,4.917234182358e-4,0.35891691,0.71285777,0.81356965,5,63,0,-1,0.000000000000e0,8.940696716309e-8
126,2b7e151628aed2a6,L2-phase17-frozen,0,2850,32,8,-0.020000,-0.020000,-0.020000,-0.010000,3.155320882797e-4,2.947747707367e-4,2.075731754303e-5,-2.075731754303e-5,-2.105310559273e-4,-1.897737383842e-4,6.136000156403e-4,-8.033737540245e-4,2.741292119026e-4,0.34122251,0.56661133,0.73524256,4,63,0,-1,0.000000000000e0,7.698933283488e-8
127,2b7e151628aed2a6,L0-original-frozen,1,2850,32,8,-0.020000,-0.020000,-0.020000,-0.005000,3.155320882797e-4,2.714619040489e-4,4.407018423080e-5,-4.407018423080e-5,-7.233023643494e-5,-2.826005220413e-5,2.356402575970e-3,-2.384662628174e-3,8.930265903473e-4,0.37448760,0.74249525,0.83271158,5,63,0,-1,0.000000000000e0,9.934107462565e-8
128,2b7e151628aed2a6,L2-phase17-frozen,1,2850,32,8,-0.020000,-0.020000,-0.020000,-0.005000,3.155320882797e-4,2.714619040489e-4,4.407018423080e-5,-4.407018423080e-5,-6.392374634743e-4,-5.951672792435e-4,1.013137400150e-3,-1.608304679394e-3,6.715357303619e-4,0.41754261,0.60017233,0.74570445,4,63,0,-1,0.000000000000e0,8.940696716309e-8
129,2b7e151628aed2a6,L0-original-frozen,0,2900,119,21,-0.020000,-0.020000,-0.010000,-0.020000,4.136562347412e-4,4.064440727234e-4,7.212162017822e-6,-7.212162017822e-6,-4.246830940247e-6,2.965331077576e-6,2.925843000412e-5,-2.629309892654e-5,4.746019840240e-6,0.14054973,0.62198923,0.79285917,14,63,0,-1,0.000000000000e0,6.953875223796e-8
130,2b7e151628aed2a6,L2-phase17-frozen,0,2900,119,21,-0.020000,-0.020000,-0.010000,-0.020000,4.136562347412e-4,4.064440727234e-4,7.212162017822e-6,-7.212162017822e-6,-7.033348083496e-6,1.788139343262e-7,2.133101224899e-5,-2.115219831467e-5,3.017485141754e-6,0.14265586,0.53539979,0.73758366,19,63,0,-1,0.000000000000e0,6.457169850667e-8
131,2b7e151628aed2a6,L0-original-frozen,1,2900,119,21,-0.020000,-0.020000,-0.005000,-0.020000,4.136562347412e-4,4.028305411339e-4,1.082569360733e-5,-1.082569360733e-5,-6.414949893951e-6,4.410743713379e-6,4.358589649200e-5,-3.917515277863e-5,7.130205631256e-6,0.14130848,0.62476227,0.79631038,14,63,0,-1,0.000000000000e0,1.092751820882e-7
132,2b7e151628aed2a6,L2-phase17-frozen,1,2900,119,21,-0.020000,-0.020000,-0.005000,-0.020000,4.136562347412e-4,4.028305411339e-4,1.082569360733e-5,-1.082569360733e-5,-1.055002212524e-5,2.756714820862e-7,3.217905759811e-5,-3.190338611603e-5,4.567205905914e-6,0.14315740,0.52942550,0.73587109,19,63,0,-1,0.000000000000e0,5.712111790975e-8
133,2b7e151628aed2a6,L0-original-frozen,0,2950,19,98,0.020000,-0.020000,0.020000,-0.010000,-1.318380236626e-4,-1.098513603210e-4,2.198666334152e-5,2.198666334152e-5,-1.331418752670e-5,-3.530085086823e-5,1.636222004890e-4,-1.989230513573e-4,3.399699926376e-5,0.17090528,0.48136634,0.65481853,13,63,0,-1,0.000000000000e0,8.443991343180e-8
134,2b7e151628aed2a6,L2-phase17-frozen,0,2950,19,98,0.020000,-0.020000,0.020000,-0.010000,-1.318380236626e-4,-1.098513603210e-4,2.198666334152e-5,2.198666334152e-5,-9.372830390930e-6,-3.135949373245e-5,1.654624938965e-4,-1.968219876289e-4,3.416836261749e-5,0.08910929,0.37029186,0.64246508,11,63,0,-1,0.000000000000e0,8.692344029744e-8
135,2b7e151628aed2a6,L0-original-frozen,1,2950,19,98,0.020000,-0.020000,-0.005000,-0.020000,-1.318380236626e-4,-1.609399914742e-4,2.910196781158e-5,-2.910196781158e-5,-1.770101487637e-3,-1.740999519825e-3,7.265962660313e-3,-9.006962180138e-3,1.954242587090e-3,0.21697022,0.61796485,0.81422027,2,63,0,-1,0.000000000000e0,5.215406417847e-8
136,2b7e151628aed2a6,L2-phase17-frozen,1,2950,19,98,0.020000,-0.020000,-0.005000,-0.020000,-1.318380236626e-4,-1.609399914742e-4,2.910196781158e-5,-2.910196781158e-5,-1.064516603947e-3,-1.035414636135e-3,7.286436855793e-3,-8.321851491928e-3,1.880429685116e-3,0.14690404,0.47581428,0.70053629,2,63,0,-1,0.000000000000e0,7.947285970050e-8
137,2b7e151628aed2a6,L0-original-frozen,0,3100,29,19,0.000000,-0.020000,-0.010000,-0.005000,8.070468902588e-5,8.970499038696e-5,9.000301361084e-6,9.000301361084e-6,6.733089685440e-5,5.833059549332e-5,5.936749279499e-3,-5.878418684006e-3,1.104347407818e-3,0.18274929,0.46860662,0.63100579,20,63,0,-1,0.000000000000e0,7.326404253642e-8
138,2b7e151628aed2a6,L2-phase17-frozen,0,3100,29,19,0.000000,-0.020000,-0.010000,-0.005000,8.070468902588e-5,8.970499038696e-5,9.000301361084e-6,9.000301361084e-6,5.602762103081e-4,5.512759089470e-4,5.813620984554e-3,-5.262345075607e-3,1.121878623962e-3,0.21318986,0.53459437,0.74359762,6,63,0,-1,0.000000000000e0,6.208817164103e-8
139,2b7e151628aed2a6,L0-original-frozen,1,3100,29,19,0.000000,-0.020000,-0.020000,-0.010000,8.070468902588e-5,9.071081876755e-5,1.000612974167e-5,1.000612974167e-5,5.391985177994e-5,4.391372203827e-5,4.051625728607e-3,-4.007712006569e-3,7.471442222595e-4,0.18052411,0.46946121,0.63171260,21,63,0,-1,0.000000000000e0,7.823109626770e-8
140,2b7e151628aed2a6,L2-phase17-frozen,1,3100,29,19,0.000000,-0.020000,-0.020000,-0.010000,8.070468902588e-5,9.071081876755e-5,1.000612974167e-5,1.000612974167e-5,3.975778818130e-4,3.875717520714e-4,4.034794867039e-3,-3.647223114967e-3,7.556602358818e-4,0.20718783,0.52928163,0.73494348,6,63,0,-1,0.000000000000e0,6.581346193949e-8
141,2b7e151628aed2a6,L0-original-frozen,0,3200,2,0,0.000000,-0.020000,-0.010000,-0.020000,1.465544104576e-3,1.465544104576e-3,0.000000000000e0,0.000000000000e0,0.000000000000e0,0.000000000000e0,0.000000000000e0,0.000000000000e0,0.000000000000e0,0.00000000,0.00000000,0.00000000,0,63,0,-1,0.000000000000e0,0.000000000000e0
142,2b7e151628aed2a6,L2-phase17-frozen,0,3200,2,0,0.000000,-0.020000,-0.010000,-0.020000,1.465544104576e-3,1.465544104576e-3,0.000000000000e0,0.000000000000e0,0.000000000000e0,0.000000000000e0,0.000000000000e0,0.000000000000e0,0.000000000000e0,0.00000000,0.00000000,0.00000000,0,63,0,-1,0.000000000000e0,0.000000000000e0
143,2b7e151628aed2a6,L0-original-frozen,1,3200,2,0,0.000000,-0.020000,-0.020000,-0.020000,1.465544104576e-3,1.465544104576e-3,0.000000000000e0,0.000000000000e0,0.000000000000e0,0.000000000000e0,0.000000000000e0,0.000000000000e0,0.000000000000e0,0.00000000,0.00000000,0.00000000,0,63,0,-1,0.000000000000e0,0.000000000000e0
144,2b7e151628aed2a6,L2-phase17-frozen,1,3200,2,0,0.000000,-0.020000,-0.020000,-0.020000,1.465544104576e-3,1.465544104576e-3,0.000000000000e0,0.000000000000e0,0.000000000000e0,0.000000000000e0,0.000000000000e0,0.000000000000e0,0.000000000000e0,0.00000000,0.00000000,0.00000000,0,63,0,-1,0.000000000000e0,0.000000000000e0
145,2b7e151628aed2a6,L0-original-frozen,0,3250,74,28,0.010000,0.020000,-0.020000,-0.010000,-1.515150070190e-4,-1.597106456757e-4,8.195638656616e-6,-8.195638656616e-6,-6.896257400513e-5,-6.076693534851e-5,2.148821949959e-3,-2.209588885307e-3,3.935396671295e-4,0.17810538,0.61572129,0.77971514,0,63,0,-1,0.000000000000e0,3.725290298462e-8
146,2b7e151628aed2a6,L2-phase17-frozen,0,3250,74,28,0.010000,0.020000,-0.020000,-0.010000,-1.515150070190e-4,-1.597106456757e-4,8.195638656616e-6,-8.195638656616e-6,-2.107545733452e-4,-2.025589346886e-4,2.493552863598e-3,-2.696111798286e-3,3.521814942360e-4,0.13062570,0.55004339,0.76812964,2,63,0,-1,0.000000000000e0,4.718701044719e-8
147,2b7e151628aed2a6,L0-original-frozen,1,3250,74,28,0.010000,0.020000,-0.010000,0.000000,-1.515150070190e-4,-1.277178525925e-4,2.379715442657e-5,2.379715442657e-5,-2.014636993408e-5,-4.394352436066e-5,1.453243196011e-3,-1.497186720371e-3,2.534836530685e-4,0.16930664,0.61433996,0.77858063,3,63,0,-1,0.000000000000e0,3.973642985026e-8
148,2b7e151628aed2a6,L2-phase17-frozen,1,3250,74,28,0.010000,0.020000,-0.010000,0.000000,-1.515150070190e-4,-1.277178525925e-4,2.379715442657e-5,2.379715442657e-5,-1.174136996269e-4,-1.412108540535e-4,1.638785004616e-3,-1.779995858669e-3,2.276450395584e-4,0.12789077,0.55165399,0.77100713,3,63,0,-1,0.000000000000e0,4.470348358154e-8
149,2b7e151628aed2a6,L0-original-frozen,0,3300,0,79,0.020000,0.020000,0.020000,0.010000,-7.839202880859e-4,-8.281618356705e-4,4.424154758453e-5,-4.424154758453e-5,-6.866455078125e-5,-2.442300319672e-5,1.930668950081e-4,-2.174898982048e-4,2.861768007278e-5,0.12538111,0.48689665,0.73135555,29,63,0,-1,0.000000000000e0,4.718701044718e-8
150,2b7e151628aed2a6,L2-phase17-frozen,0,3300,0,79,0.020000,0.020000,0.020000,0.010000,-7.839202880859e-4,-8.281618356705e-4,4.424154758453e-5,-4.424154758453e-5,-7.129460573196e-5,-2.705305814743e-5,1.970902085304e-4,-2.241432666779e-4,2.658367156982e-5,0.11860125,0.49016088,0.74694190,29,63,0,-1,0.000000000000e0,5.960464477539e-8
151,2b7e151628aed2a6,L0-original-frozen,0,3400,80,76,0.000000,-0.020000,0.005000,-0.020000,2.225339412689e-4,2.235025167465e-4,9.685754776001e-7,9.685754776001e-7,2.413988113403e-6,1.445412635803e-6,6.332993507385e-6,-4.887580871582e-6,7.376074790955e-7,0.15091463,0.59298780,0.83384146,0,63,0,-1,0.000000000000e0,1.738468805949e-8
152,2b7e151628aed2a6,L2-phase17-frozen,0,3400,80,76,0.000000,-0.020000,0.005000,-0.020000,2.225339412689e-4,2.235025167465e-4,9.685754776001e-7,9.685754776001e-7,1.549720764160e-6,5.811452865601e-7,5.029141902924e-6,-4.447996616364e-6,7.003545761108e-7,0.15577889,0.65996650,0.89614740,0,63,0,-1,0.000000000000e0,1.614292462667e-8
153,2b7e151628aed2a6,L0-original-frozen,1,3400,80,76,0.000000,-0.020000,-0.005000,-0.020000,2.225339412689e-4,2.215579152107e-4,9.760260581970e-7,-9.760260581970e-7,-2.413988113403e-6,-1.437962055206e-6,4.902482032776e-6,-6.340444087982e-6,7.301568984985e-7,0.11398355,0.51586369,0.86368978,0,63,0,-1,0.000000000000e0,1.986821492513e-8
154,2b7e151628aed2a6,L2-phase17-frozen,1,3400,80,76,0.000000,-0.020000,-0.005000,-0.020000,2.225339412689e-4,2.215579152107e-4,9.760260581970e-7,-9.760260581970e-7,-1.549720764160e-6,-5.736947059631e-7,4.418194293976e-6,-4.991888999939e-6,6.854534149170e-7,0.13731343,0.58507463,0.87313433,0,63,0,-1,0.000000000000e0,2.110997835795e-8
155,2b7e151628aed2a6,L0-original-frozen,0,3450,10,0,-0.010000,-0.020000,-0.005000,-0.020000,1.705080270767e-3,1.673482358456e-3,3.159791231155e-5,-3.159791231155e-5,-3.457069396973e-6,2.814084291458e-5,1.706555485725e-4,-1.425147056580e-4,2.355128526688e-5,0.13566499,0.57538687,0.83134672,41,63,0,-1,0.000000000000e0,2.235174179077e-8
156,2b7e151628aed2a6,L2-phase17-frozen,0,3450,10,0,-0.010000,-0.020000,-0.005000,-0.020000,1.705080270767e-3,1.673482358456e-3,3.159791231155e-5,-3.159791231155e-5,-2.219527959824e-5,9.402632713318e-6,1.482442021370e-4,-1.388415694237e-4,2.267956733704e-5,0.15390394,0.53319023,0.79962436,0,63,0,-1,0.000000000000e0,1.490116119385e-8
157,2b7e151628aed2a6,L0-original-frozen,0,3500,110,0,0.000000,-0.020000,-0.005000,-0.020000,1.334398984909e-3,1.325100660324e-3,9.298324584961e-6,-9.298324584961e-6,-1.199543476105e-6,8.098781108856e-6,3.464370965958e-4,-3.383383154869e-4,5.177408456802e-5,0.15302460,0.45841316,0.66316531,12,63,0,-1,0.000000000000e0,2.980232238770e-8
158,2b7e151628aed2a6,L2-phase17-frozen,0,3500,110,0,0.000000,-0.020000,-0.005000,-0.020000,1.334398984909e-3,1.325100660324e-3,9.298324584961e-6,-9.298324584961e-6,3.717094659805e-5,4.646927118301e-5,3.948882222176e-4,-3.484189510345e-4,5.965679883957e-5,0.12379181,0.43063040,0.63042084,12,63,0,-1,0.000000000000e0,4.221995671590e-8
159,2b7e151628aed2a6,L0-original-frozen,1,3500,110,0,0.000000,-0.020000,-0.010000,-0.020000,1.334398984909e-3,1.312330365181e-3,2.206861972809e-5,-2.206861972809e-5,-5.848705768585e-6,1.621991395950e-5,6.924197077751e-4,-6.761997938156e-4,1.035258173943e-4,0.15309945,0.45867031,0.66341259,12,63,0,-1,0.000000000000e0,3.228584925334e-8
160,2b7e151628aed2a6,L2-phase17-frozen,1,3500,110,0,0.000000,-0.020000,-0.010000,-0.020000,1.334398984909e-3,1.312330365181e-3,2.206861972809e-5,-2.206861972809e-5,7.079541683197e-5,9.286403656006e-5,7.890909910202e-4,-6.962269544601e-4,1.193657517433e-4,0.12391114,0.43123301,0.63078141,58,63,0,-1,0.000000000000e0,3.725290298462e-8
161,2b7e151628aed2a6,L0-original-frozen,0,3550,21,66,-0.020000,-0.020000,-0.020000,-0.010000,-2.815723419189e-4,-2.603307366371e-4,2.124160528183e-5,2.124160528183e-5,-5.219876766205e-5,-7.344037294388e-5,5.333125591278e-4,-6.067529320717e-4,8.906424045563e-5,0.11321635,0.45956997,0.68812702,4,63,0,-1,0.000000000000e0,2.235174179077e-8
162,2b7e151628aed2a6,L2-phase17-frozen,0,3550,21,66,-0.020000,-0.020000,-0.020000,-0.010000,-2.815723419189e-4,-2.603307366371e-4,2.124160528183e-5,2.124160528183e-5,-2.548843622208e-5,-4.673004150391e-5,5.448386073112e-4,-5.915686488152e-4,7.132440805435e-5,0.11804935,0.46348191,0.68276679,3,63,0,-1,0.000000000000e0,2.483526865642e-8
163,2b7e151628aed2a6,L0-original-frozen,1,3550,21,66,-0.020000,-0.020000,-0.020000,-0.005000,-2.815723419189e-4,-2.527758479118e-4,2.879649400711e-5,2.879649400711e-5,-8.094310760498e-5,-1.097396016121e-4,7.991716265678e-4,-9.089112281799e-4,1.334026455879e-4,0.11323693,0.45989901,0.68848777,4,63,0,-1,0.000000000000e0,2.483526865642e-8
164,2b7e151628aed2a6,L2-phase17-frozen,1,3550,21,66,-0.020000,-0.020000,-0.020000,-0.005000,-2.815723419189e-4,-2.527758479118e-4,2.879649400711e-5,2.879649400711e-5,-4.100054502487e-5,-6.979703903198e-5,8.165538311005e-4,-8.863508701324e-4,1.068860292435e-4,0.11810296,0.46362765,0.68291248,3,63,0,-1,0.000000000000e0,2.235174179077e-8
165,2b7e151628aed2a6,L0-original-frozen,0,3600,48,16,0.020000,0.020000,0.010000,0.020000,2.592504024506e-4,2.552047371864e-4,4.045665264130e-6,-4.045665264130e-6,-3.829598426819e-6,2.160668373108e-7,4.194676876068e-6,-3.978610038757e-6,8.419156074524e-7,0.14981273,0.53558052,0.77528090,0,63,0,-1,0.000000000000e0,1.738468805949e-8
166,2b7e151628aed2a6,L2-phase17-frozen,0,3600,48,16,0.020000,0.020000,0.010000,0.020000,2.592504024506e-4,2.552047371864e-4,4.045665264130e-6,-4.045665264130e-6,-4.746019840240e-6,-7.003545761108e-7,3.337860107422e-6,-4.038214683533e-6,5.513429641724e-7,0.13653137,0.43542435,0.67158672,0,63,0,-1,0.000000000000e0,1.986821492513e-8
167,2b7e151628aed2a6,L0-original-frozen,1,3600,48,16,0.020000,0.020000,0.005000,0.020000,2.592504024506e-4,2.531632781029e-4,6.087124347687e-6,-6.087124347687e-6,-5.751848220825e-6,3.352761268616e-7,6.414949893951e-6,-6.079673767090e-6,1.266598701477e-6,0.15073529,0.52941176,0.76348039,0,63,0,-1,0.000000000000e0,2.235174179077e-8
168,2b7e151628aed2a6,L2-phase17-frozen,1,3600,48,16,0.020000,0.020000,0.005000,0.020000,2.592504024506e-4,2.531632781029e-4,6.087124347687e-6,-6.087124347687e-6,-7.137656211853e-6,-1.050531864166e-6,4.991888999939e-6,-6.042420864105e-6,8.270144462585e-7,0.13686806,0.43526510,0.66954377,0,63,0,-1,0.000000000000e0,1.986821492513e-8
169,2b7e151628aed2a6,L0-original-frozen,0,3650,93,71,0.020000,0.020000,0.020000,0.010000,-1.719370484352e-4,-1.593306660652e-4,1.260638237000e-5,1.260638237000e-5,3.053247928619e-5,1.792609691620e-5,1.352317631245e-4,-1.173056662083e-4,1.791864633560e-5,0.15275175,0.61310299,0.80351869,6,63,0,-1,0.000000000000e0,2.359350522359e-8
170,2b7e151628aed2a6,L2-phase17-frozen,0,3650,93,71,0.020000,0.020000,0.020000,0.010000,-1.719370484352e-4,-1.593306660652e-4,1.260638237000e-5,1.260638237000e-5,1.744925975800e-5,4.842877388000e-6,1.147240400314e-4,-1.098811626434e-4,1.693516969681e-5,0.15412259,0.59784378,0.80166802,35,63,0,-1,0.000000000000e0,1.986821492513e-8
171,2b7e151628aed2a6,L0-original-frozen,1,3650,93,71,0.020000,0.020000,0.020000,0.005000,-1.719370484352e-4,-1.532137393951e-4,1.872330904007e-5,1.872330904007e-5,4.556775093079e-5,2.684444189072e-5,2.028308808804e-4,-1.759864389896e-4,2.688914537430e-5,0.15279101,0.61281514,0.80404733,6,63,0,-1,0.000000000000e0,2.110997835795e-8
172,2b7e151628aed2a6,L2-phase17-frozen,1,3650,93,71,0.020000,0.020000,0.020000,0.005000,-1.719370484352e-4,-1.532137393951e-4,1.872330904007e-5,1.872330904007e-5,2.600252628326e-5,7.279217243195e-6,1.723170280457e-4,-1.650378108025e-4,2.551823854446e-5,0.15462056,0.59812198,0.80158909,35,63,0,-1,0.000000000000e0,2.110997835795e-8
173,2b7e151628aed2a6,L0-original-frozen,0,3700,18,0,-0.020000,0.020000,-0.005000,0.005000,2.884715795517e-4,2.766996622086e-4,1.177191734314e-5,-1.177191734314e-5,4.512965679169e-4,4.630684852600e-4,8.349400013685e-3,-7.886331528425e-3,1.196000725031e-3,0.14358439,0.42855523,0.65997834,2,63,0,-1,0.000000000000e0,3.104408582044e-8
174,2b7e151628aed2a6,L2-phase17-frozen,0,3700,18,0,-0.020000,0.020000,-0.005000,0.005000,2.884715795517e-4,2.766996622086e-4,1.177191734314e-5,-1.177191734314e-5,1.862049102783e-4,1.979768276215e-4,9.330287575722e-3,-9.132310748100e-3,1.290962100029e-3,0.13639149,0.47181937,0.69775226,2,63,0,-1,0.000000000000e0,1.862645149231e-8
175,2b7e151628aed2a6,L0-original-frozen,1,3700,18,0,-0.020000,0.020000,0.000000,-0.020000,2.884715795517e-4,2.456121146679e-4,4.285946488380e-5,-4.285946488380e-5,4.812292754650e-4,5.240887403488e-4,1.421473175287e-2,-1.369064301252e-2,1.721084117889e-3,0.11359779,0.40414209,0.67937859,2,63,0,-1,0.000000000000e0,3.601113955187e-8
176,2b7e151628aed2a6,L2-phase17-frozen,1,3700,18,0,-0.020000,0.020000,0.000000,-0.020000,2.884715795517e-4,2.456121146679e-4,4.285946488380e-5,-4.285946488380e-5,3.540292382240e-4,3.968887031078e-4,1.612402871251e-2,-1.572714000940e-2,1.783892512321e-3,0.11315288,0.44177210,0.69080721,2,63,0,-1,0.000000000000e0,1.986821492511e-8
177,2b7e151628aed2a6,L0-original-frozen,0,3750,112,6,0.000000,-0.020000,-0.005000,-0.020000,-5.586445331573e-4,-5.210936069489e-4,3.755092620850e-5,3.755092620850e-5,-4.532560706139e-5,-8.287653326988e-5,3.409311175346e-4,-4.238076508045e-4,3.437697887421e-5,0.08111458,0.36353887,0.60952841,8,63,0,-1,0.000000000000e0,2.359350522359e-8
178,2b7e151628aed2a6,L2-phase17-frozen,0,3750,112,6,0.000000,-0.020000,-0.005000,-0.020000,-5.586445331573e-4,-5.210936069489e-4,3.755092620850e-5,3.755092620850e-5,-7.181242108345e-5,-1.093633472919e-4,3.287866711617e-4,-4.381500184536e-4,3.921240568161e-5,0.08949539,0.36203716,0.60380904,8,63,0,-1,0.000000000000e0,1.490116119385e-8
179,2b7e151628aed2a6,L0-original-frozen,0,3800,16,79,0.020000,0.020000,0.010000,0.020000,2.686008810997e-4,2.387799322605e-4,2.982094883919e-5,-2.982094883919e-5,1.092843711376e-3,1.122664660215e-3,4.200913012028e-3,-3.078248351812e-3,4.595406353474e-4,0.13720984,0.51338056,0.79495977,2,63,0,-1,0.000000000000e0,1.986821492513e-8
180,2b7e151628aed2a6,L2-phase17-frozen,0,3800,16,79,0.020000,0.020000,0.010000,0.020000,2.686008810997e-4,2.387799322605e-4,2.982094883919e-5,-2.982094883919e-5,1.358076930046e-3,1.387897878885e-3,4.880696535110e-3,-3.492798656225e-3,4.448741674423e-4,0.12736897,0.52078678,0.82046329,2,63,0,-1,0.000000000000e0,1.862645149231e-8
181,2b7e151628aed2a6,L0-original-frozen,1,3800,16,79,0.020000,0.020000,0.020000,0.010000,2.686008810997e-4,2.282746136189e-4,4.032626748085e-5,-4.032626748085e-5,-3.071129322052e-5,9.614974260330e-6,2.195760607719e-4,-2.099610865116e-4,3.674626350403e-5,0.17501464,0.56940083,0.74752045,17,63,0,-1,0.000000000000e0,2.483526865641e-8
182,2b7e151628aed2a6,L2-phase17-frozen,1,3800,16,79,0.020000,0.020000,0.020000,0.010000,2.686008810997e-4,2.282746136189e-4,4.032626748085e-5,-4.032626748085e-5,-2.656131982803e-5,1.376494765282e-5,2.580061554909e-4,-2.442412078381e-4,3.750994801521e-5,0.15357748,0.52987203,0.74664064,15,63,0,-1,0.000000000000e0,1.986821492513e-8
183,2b7e151628aed2a6,L0-original-frozen,0,3850,86,109,0.020000,-0.020000,0.010000,-0.020000,6.322562694550e-5,6.453692913055e-5,1.311302185059e-6,1.311302185059e-6,1.080334186554e-7,-1.203268766403e-6,2.326816320419e-5,-2.447143197060e-5,3.386288881302e-6,0.13837723,0.46826001,0.76678338,24,63,0,-1,0.000000000000e0,1.986821492513e-8
184,2b7e151628aed2a6,L2-phase17-frozen,0,3850,86,109,0.020000,-0.020000,0.010000,-0.020000,6.322562694550e-5,6.453692913055e-5,1.311302185059e-6,1.311302185059e-6,-1.072883605957e-6,-2.384185791016e-6,1.422688364983e-5,-1.661106944084e-5,2.183020114899e-6,0.13141960,0.49046871,0.75285939,5,63,0,-1,0.000000000000e0,1.490116119385e-8
185,2b7e151628aed2a6,L0-original-frozen,1,3850,86,109,0.020000,-0.020000,0.005000,-0.020000,6.322562694550e-5,6.504356861115e-5,1.817941665649e-6,1.817941665649e-6,7.823109626770e-8,-1.739710569382e-6,3.502517938614e-5,-3.676488995552e-5,5.062669515610e-6,0.13770392,0.47360422,0.77018948,5,63,0,-1,0.000000000000e0,1.986821492513e-8
186,2b7e151628aed2a6,L2-phase17-frozen,1,3850,86,109,0.020000,-0.020000,0.005000,-0.020000,6.322562694550e-5,6.504356861115e-5,1.817941665649e-6,1.817941665649e-6,-1.657754182816e-6,-3.475695848465e-6,2.126768231392e-5,-2.474337816238e-5,3.248453140259e-6,0.13128576,0.48976212,0.75474255,5,63,0,-1,0.000000000000e0,1.738468805949e-8
187,2b7e151628aed2a6,L0-original-frozen,0,3900,16,33,-0.020000,0.000000,-0.020000,0.020000,8.194893598557e-4,8.194893598557e-4,0.000000000000e0,0.000000000000e0,0.000000000000e0,0.000000000000e0,0.000000000000e0,0.000000000000e0,0.000000000000e0,0.00000000,0.00000000,0.00000000,0,63,0,-1,0.000000000000e0,0.000000000000e0
188,2b7e151628aed2a6,L2-phase17-frozen,0,3900,16,33,-0.020000,0.000000,-0.020000,0.020000,8.194893598557e-4,8.194893598557e-4,0.000000000000e0,0.000000000000e0,0.000000000000e0,0.000000000000e0,0.000000000000e0,0.000000000000e0,0.000000000000e0,0.00000000,0.00000000,0.00000000,0,63,0,-1,0.000000000000e0,0.000000000000e0
189,2b7e151628aed2a6,L0-original-frozen,1,3900,16,33,-0.020000,0.000000,-0.020000,-0.005000,8.194893598557e-4,8.194893598557e-4,0.000000000000e0,0.000000000000e0,0.000000000000e0,0.000000000000e0,0.000000000000e0,0.000000000000e0,0.000000000000e0,0.00000000,0.00000000,0.00000000,0,63,0,-1,0.000000000000e0,0.000000000000e0
190,2b7e151628aed2a6,L2-phase17-frozen,1,3900,16,33,-0.020000,0.000000,-0.020000,-0.005000,8.194893598557e-4,8.194893598557e-4,0.000000000000e0,0.000000000000e0,0.000000000000e0,0.000000000000e0,0.000000000000e0,0.000000000000e0,0.000000000000e0,0.00000000,0.00000000,0.00000000,0,63,0,-1,0.000000000000e0,0.000000000000e0
191,2b7e151628aed2a6,L0-original-frozen,0,3950,32,117,-0.020000,0.020000,-0.020000,0.010000,3.062449395657e-4,2.800226211548e-4,2.622231841087e-5,-2.622231841087e-5,-9.462237358093e-7,2.527609467506e-5,1.424923539162e-4,-1.172162592411e-4,1.488626003265e-5,0.11050373,0.38770062,0.63413316,8,63,0,-1,0.000000000000e0,1.986821492513e-8
192,2b7e151628aed2a6,L2-phase17-frozen,0,3950,32,117,-0.020000,0.020000,-0.020000,0.010000,3.062449395657e-4,2.800226211548e-4,2.622231841087e-5,-2.622231841087e-5,-4.786998033524e-6,2.143532037735e-5,1.361966133118e-4,-1.147612929344e-4,1.475587487221e-5,0.12857885,0.47938713,0.68447705,7,63,0,-1,0.000000000000e0,1.738468805949e-8
193,2b7e151628aed2a6,L0-original-frozen,1,3950,32,117,-0.020000,0.020000,-0.020000,0.005000,3.062449395657e-4,2.667009830475e-4,3.954395651817e-5,-3.954395651817e-5,-1.598149538040e-6,3.794580698013e-5,2.137310802937e-4,-1.757852733135e-4,2.231821417809e-5,0.11060250,0.38694980,0.63373387,8,63,0,-1,0.000000000000e0,1.365939776103e-8
194,2b7e151628aed2a6,L2-phase17-frozen,1,3950,32,117,-0.020000,0.020000,-0.020000,0.005000,3.062449395657e-4,2.667009830475e-4,3.954395651817e-5,-3.954395651817e-5,-7.364898920059e-6,3.217905759811e-5,2.045035362244e-4,-1.723244786263e-4,2.218410372734e-5,0.12873449,0.47952787,0.68381685,7,63,0,-1,0.000000000000e0,1.862645149231e-8
195,2b7e151628aed2a6,L0-original-frozen,0,4000,113,13,-0.020000,-0.010000,-0.020000,-0.005000,1.428835093975e-4,1.348443329334e-4,8.039176464081e-6,-8.039176464081e-6,1.012533903122e-5,1.816451549530e-5,1.077987253666e-4,-8.963420987129e-5,2.931803464890e-5,0.32708532,0.71588878,0.89476747,42,63,0,-1,0.000000000000e0,1.241763432821e-8
196,2b7e151628aed2a6,L2-phase17-frozen,0,4000,113,13,-0.020000,-0.010000,-0.020000,-0.005000,1.428835093975e-4,1.348443329334e-4,8.039176464081e-6,-8.039176464081e-6,1.040101051331e-5,1.844018697739e-5,1.141317188740e-4,-9.569153189659e-5,2.917647361755e-5,0.30490131,0.66632927,0.83762214,62,63,0,-1,0.000000000000e0,2.235174179077e-8
197,2b7e151628aed2a6,L0-original-frozen,1,4000,113,13,-0.020000,-0.010000,-0.020000,-0.020000,1.428835093975e-4,1.325421035290e-4,1.034140586853e-5,-1.034140586853e-5,-2.769380807877e-5,-1.735240221024e-5,1.991838216782e-4,-2.165362238884e-4,6.675720214844e-5,0.08918556,0.40961016,0.74254206,14,63,0,-1,0.000000000000e0,1.738468805949e-8
198,2b7e151628aed2a6,L2-phase17-frozen,1,4000,113,13,-0.020000,-0.010000,-0.020000,-0.020000,1.428835093975e-4,1.325421035290e-4,1.034140586853e-5,-1.034140586853e-5,-3.216788172722e-5,-2.182647585869e-5,2.054311335087e-4,-2.272576093674e-4,6.781890988350e-5,0.10351780,0.47673923,0.81556947,14,63,0,-1,0.000000000000e0,1.241763432821e-8
199,2b7e151628aed2a6,L0-original-frozen,0,4050,31,72,-0.020000,-0.020000,-0.010000,0.020000,3.820285201073e-5,3.864988684654e-5,4.470348358154e-7,4.470348358154e-7,-2.294480800629e-4,-2.298951148987e-4,9.196922183037e-4,-1.149587333202e-3,1.626759767532e-4,0.11610875,0.48230338,0.73775560,7,63,0,-1,0.000000000000e0,1.738468805949e-8
200,2b7e151628aed2a6,L2-phase17-frozen,0,4050,31,72,-0.020000,-0.020000,-0.010000,0.020000,3.820285201073e-5,3.864988684654e-5,4.470348358154e-7,4.470348358154e-7,-2.872049808502e-4,-2.876520156860e-4,6.089732050896e-4,-8.966252207756e-4,1.339018344879e-4,0.14933980,0.52761690,0.69011492,3,63,0,-1,0.000000000000e0,1.738468805949e-8
201,2b7e151628aed2a6,L0-original-frozen,1,4050,31,72,-0.020000,-0.020000,-0.010000,0.010000,3.820285201073e-5,3.464519977570e-5,3.557652235031e-6,-3.557652235031e-6,-1.738406717777e-4,-1.702830195427e-4,6.747357547283e-4,-8.450187742710e-4,1.199878752232e-4,0.11620884,0.48149079,0.73883430,2,63,0,-1,0.000000000000e0,1.862645149231e-8
202,2b7e151628aed2a6,L2-phase17-frozen,1,4050,31,72,-0.020000,-0.020000,-0.010000,0.010000,3.820285201073e-5,3.464519977570e-5,3.557652235031e-6,-3.557652235031e-6,-2.051629126072e-4,-2.016052603722e-4,4.652515053749e-4,-6.668567657471e-4,9.982287883759e-5,0.14969163,0.52606029,0.69629849,2,63,0,-1,0.000000000000e0,1.365939776103e-8
203,2b7e151628aed2a6,L0-original-frozen,0,4100,62,18,0.000000,-0.020000,-0.005000,-0.020000,8.295290172100e-4,8.530616760254e-4,2.353265881538e-5,2.353265881538e-5,3.967434167862e-5,1.614168286324e-5,2.035722136497e-4,-1.874305307865e-4,2.103671431541e-5,0.10748713,0.41227913,0.66388409,11,63,0,-1,0.000000000000e0,1.365939776103e-8
204,2b7e151628aed2a6,L2-phase17-frozen,0,4100,62,18,0.000000,-0.020000,-0.005000,-0.020000,8.295290172100e-4,8.530616760254e-4,2.353265881538e-5,2.353265881538e-5,4.189461469650e-5,1.836195588112e-5,1.689419150352e-4,-1.505799591541e-4,2.025440335274e-5,0.13450929,0.49165038,0.78281092,0,63,0,-1,0.000000000000e0,1.614292462667e-8
205,2b7e151628aed2a6,L0-original-frozen,1,4100,62,18,0.000000,-0.020000,0.005000,-0.020000,8.295290172100e-4,8.040964603424e-4,2.543255686760e-5,-2.543255686760e-5,-4.146620631218e-5,-1.603364944458e-5,1.892820000648e-4,-2.053156495094e-4,2.124160528183e-5,0.10345829,0.36611387,0.57575208,11,63,0,-1,0.000000000000e0,1.738468805949e-8
206,2b7e151628aed2a6,L2-phase17-frozen,1,4100,62,18,0.000000,-0.020000,0.005000,-0.020000,8.295290172100e-4,8.040964603424e-4,2.543255686760e-5,-2.543255686760e-5,-4.386901855469e-5,-1.843646168709e-5,1.522973179817e-4,-1.707337796688e-4,2.046674489975e-5,0.11134385,0.41962864,0.67493618,0,63,0,-1,0.000000000000e0,1.614292462667e-8
207,2b7e151628aed2a6,L0-original-frozen,0,4150,105,75,-0.020000,-0.020000,-0.010000,-0.020000,-1.456476747990e-4,-1.471973955631e-4,1.549720764160e-6,-1.549720764160e-6,-4.729256033897e-5,-4.574283957481e-5,3.059171140194e-4,-3.516599535942e-4,5.745887756348e-5,0.16339329,0.51377148,0.76249497,2,63,0,-1,0.000000000000e0,1.614292462667e-8
208,2b7e151628aed2a6,L2-phase17-frozen,0,4150,105,75,-0.020000,-0.020000,-0.010000,-0.020000,-1.456476747990e-4,-1.471973955631e-4,1.549720764160e-6,-1.549720764160e-6,-2.371519804001e-5,-2.216547727585e-5,3.341548144817e-4,-3.563202917576e-4,5.093216896057e-5,0.14293929,0.52804525,0.76678272,2,63,0,-1,0.000000000000e0,1.862645149231e-8
209,2b7e151628aed2a6,L0-original-frozen,1,4150,105,75,-0.020000,-0.020000,-0.005000,-0.020000,-1.456476747990e-4,-1.497268676758e-4,4.079192876816e-6,-4.079192876816e-6,-7.278844714165e-5,-6.870925426483e-5,4.597268998623e-4,-5.284361541271e-4,8.620321750641e-5,0.16312892,0.51324982,0.76239152,2,63,0,-1,0.000000000000e0,1.614292462667e-8
210,2b7e151628aed2a6,L2-phase17-frozen,1,4150,105,75,-0.020000,-0.020000,-0.005000,-0.020000,-1.456476747990e-4,-1.497268676758e-4,4.079192876816e-6,-4.079192876816e-6,-3.739818930626e-5,-3.331899642944e-5,5.023479461670e-4,-5.356669425964e-4,7.647275924683e-5,0.14276177,0.52763714,0.76644737,2,63,0,-1,0.000000000000e0,1.490116119385e-8
211,2b7e151628aed2a6,L0-original-frozen,0,4200,26,8,0.000000,0.020000,0.005000,0.020000,-7.553584873676e-4,-7.999837398529e-4,4.462525248528e-5,-4.462525248528e-5,-5.577504634857e-5,-1.114979386330e-5,3.412775695324e-4,-3.524273633957e-4,6.928667426109e-5,0.19659845,0.56046256,0.74641664,14,63,0,-1,0.000000000000e0,1.862645149231e-8
212,2b7e151628aed2a6,L2-phase17-frozen,0,4200,26,8,0.000000,0.020000,0.005000,0.020000,-7.553584873676e-4,-7.999837398529e-4,4.462525248528e-5,-4.462525248528e-5,-3.332272171974e-5,1.130253076553e-5,4.274994134903e-4,-4.161968827248e-4,7.237121462822e-5,0.17388697,0.54758239,0.78661320,13,63,0,-1,0.000000000000e0,1.117587089539e-8
213,2b7e151628aed2a6,L0-original-frozen,0,4300,16,95,-0.020000,0.020000,-0.020000,0.010000,1.887809485197e-3,1.859273761511e-3,2.853572368622e-5,-2.853572368622e-5,-8.232891559601e-6,2.030283212662e-5,9.844824671745e-5,-7.814541459084e-5,1.056492328644e-5,0.13519569,0.45158984,0.68627544,0,63,0,-1,0.000000000000e0,1.614292462667e-8
214,2b7e151628aed2a6,L2-phase17-frozen,0,4300,16,95,-0.020000,0.020000,-0.020000,0.010000,1.887809485197e-3,1.859273761511e-3,2.853572368622e-5,-2.853572368622e-5,-1.744553446770e-5,1.109018921852e-5,1.176409423351e-4,-1.065507531166e-4,1.523271203041e-5,0.11726453,0.46605133,0.67435844,0,63,0,-1,0.000000000000e0,1.738468805949e-8
215,2b7e151628aed2a6,L0-original-frozen,1,4300,16,95,-0.020000,0.020000,-0.020000,0.005000,1.887809485197e-3,1.845456659794e-3,4.235282540321e-5,-4.235282540321e-5,-1.572817564011e-5,2.662464976311e-5,1.400671899319e-4,-1.134425401688e-4,1.384690403938e-5,0.12206095,0.45744122,0.70005254,0,63,0,-1,0.000000000000e0,1.862645149231e-8
216,2b7e151628aed2a6,L2-phase17-frozen,1,4300,16,95,-0.020000,0.020000,-0.020000,0.005000,1.887809485197e-3,1.845456659794e-3,4.235282540321e-5,-4.235282540321e-5,-2.630427479744e-5,1.604855060577e-5,1.637078821659e-4,-1.476593315601e-4,1.918151974678e-5,0.10833312,0.44622449,0.67305800,0,63,0,-1,0.000000000000e0,2.235174179077e-8
217,2b7e151628aed2a6,L0-original-frozen,0,4350,93,118,0.020000,0.000000,0.010000,0.020000,-2.761892974377e-4,-3.011338412762e-4,2.494454383850e-5,-2.494454383850e-5,-1.083165407181e-4,-8.337199687958e-5,6.745271384716e-4,-7.578991353512e-4,1.408271491528e-4,0.16593019,0.41761245,0.60848280,16,63,0,-1,0.000000000000e0,8.692344029745e-9
218,2b7e151628aed2a6,L2-phase17-frozen,0,4350,93,118,0.020000,0.000000,0.010000,0.020000,-2.761892974377e-4,-3.011338412762e-4,2.494454383850e-5,-2.494454383850e-5,-1.618564128876e-4,-1.369118690491e-4,5.937814712524e-4,-7.306933403015e-4,1.264885067940e-4,0.17310751,0.47602782,0.71678461,6,63,0,-1,0.000000000000e0,1.738468805949e-8
219,2b7e151628aed2a6,L0-original-frozen,1,4350,93,118,0.020000,0.000000,0.020000,0.005000,-2.761892974377e-4,-3.184787929058e-4,4.228949546814e-5,-4.228949546814e-5,-2.862885594368e-5,1.366063952446e-5,2.067387104034e-4,-1.930780708790e-4,2.111122012138e-5,0.10934033,0.44561925,0.65671728,17,63,0,-1,0.000000000000e0,1.614292462667e-8
220,2b7e151628aed2a6,L2-phase17-frozen,1,4350,93,118,0.020000,0.000000,0.020000,0.005000,-2.761892974377e-4,-3.184787929058e-4,4.228949546814e-5,-4.228949546814e-5,-2.735853195190e-5,1.493096351624e-5,1.877211034298e-4,-1.727901399136e-4,1.887977123260e-5,0.10926417,0.46120346,0.69585840,17,63,0,-1,0.000000000000e0,1.862645149231e-8
221,2b7e151628aed2a6,L0-original-frozen,0,4400,7,58,0.020000,0.020000,0.000000,0.020000,1.979582011700e-4,2.010315656662e-4,3.073364496231e-6,3.073364496231e-6,-1.327022910118e-4,-1.357756555080e-4,6.638020277023e-4,-7.995776832104e-4,9.180232882500e-5,0.07661379,0.29854870,0.48400307,5,63,0,-1,0.000000000000e0,9.934107462566e-9
222,2b7e151628aed2a6,L2-phase17-frozen,0,4400,7,58,0.020000,0.020000,0.000000,0.020000,1.979582011700e-4,2.010315656662e-4,3.073364496231e-6,3.073364496231e-6,-1.504942774773e-4,-1.535676419735e-4,6.994083523750e-4,-8.529759943485e-4,1.234710216522e-4,0.09411754,0.28120837,0.45954693,8,63,0,-1,0.000000000000e0,1.241763432821e-8
223,2b7e151628aed2a6,L0-original-frozen,1,4400,7,58,0.020000,0.020000,0.005000,0.020000,1.979582011700e-4,2.083107829094e-4,1.035258173943e-5,1.035258173943e-5,-9.153410792351e-5,-1.018866896629e-4,4.981383681297e-4,-6.000250577927e-4,6.956234574318e-5,0.07644597,0.29846400,0.48429235,6,63,0,-1,0.000000000000e0,8.692344029743e-9
224,2b7e151628aed2a6,L2-phase17-frozen,1,4400,7,58,0.020000,0.020000,0.005000,0.020000,1.979582011700e-4,2.083107829094e-4,1.035258173943e-5,1.035258173943e-5,-1.055337488651e-4,-1.158863306046e-4,5.237236618996e-4,-6.396099925041e-4,9.276717901230e-5,0.09587988,0.28328305,0.46155952,8,63,0,-1,0.000000000000e0,1.241763432821e-8
225,2b7e151628aed2a6,L0-original-frozen,0,4550,58,61,0.020000,0.010000,-0.020000,-0.010000,-6.122514605522e-5,-6.165355443954e-5,4.284083843231e-7,-4.284083843231e-7,-1.280166208744e-3,-1.279737800360e-3,3.102593123913e-3,-4.382330924273e-3,4.388801753521e-4,0.07428426,0.31575104,0.55474922,4,63,0,-1,0.000000000000e0,4.967053731285e-9
226,2b7e151628aed2a6,L2-phase17-frozen,0,4550,58,61,0.020000,0.010000,-0.020000,-0.010000,-6.122514605522e-5,-6.165355443954e-5,4.284083843231e-7,-4.284083843231e-7,-1.409690827131e-3,-1.409262418747e-3,3.240045160055e-3,-4.649307578802e-3,5.355067551136e-4,0.11517989,0.38630363,0.61068604,2,63,0,-1,0.000000000000e0,4.967053731292e-9
227,2b7e151628aed2a6,L0-original-frozen,1,4550,58,61,0.020000,0.010000,0.020000,0.005000,-6.122514605522e-5,-5.527585744858e-5,5.949288606644e-6,5.949288606644e-6,-3.494694828987e-5,-4.089623689651e-5,8.643791079521e-5,-1.273341476917e-4,1.271069049835e-5,0.09625230,0.36549545,0.53918844,6,63,0,-1,0.000000000000e0,4.967053731283e-9
228,2b7e151628aed2a6,L2-phase17-frozen,1,4550,58,61,0.020000,0.010000,0.020000,0.005000,-6.122514605522e-5,-5.527585744858e-5,5.949288606644e-6,5.949288606644e-6,-4.837289452553e-5,-5.432218313217e-5,9.245425462723e-5,-1.467764377594e-4,2.334266901016e-5,0.15903553,0.41799492,0.61192893,4,63,0,-1,0.000000000000e0,4.967053731283e-9
229,2b7e151628aed2a6,L0-original-frozen,0,4600,82,14,-0.020000,-0.020000,-0.010000,-0.020000,4.370510578156e-5,4.527717828751e-5,1.572072505951e-6,1.572072505951e-6,6.332993507385e-8,-1.508742570877e-6,1.459196209908e-5,-1.610070466995e-5,3.378838300705e-6,0.20823693,0.61244794,0.75960204,2,63,0,-1,0.000000000000e0,4.967053731283e-9
230,2b7e151628aed2a6,L2-phase17-frozen,0,4600,82,14,-0.020000,-0.020000,-0.010000,-0.020000,4.370510578156e-5,4.527717828751e-5,1.572072505951e-6,1.572072505951e-6,-1.123175024986e-5,-1.280382275581e-5,1.669302582741e-5,-2.949684858322e-5,5.245208740234e-6,0.16203587,0.52109118,0.68893660,5,63,0,-1,0.000000000000e0,4.967053731282e-9
231,2b7e151628aed2a6,L0-original-frozen,1,4600,82,14,-0.020000,-0.020000,-0.005000,-0.020000,4.370510578156e-5,4.604086279869e-5,2.335757017136e-6,2.335757017136e-6,-1.911073923111e-6,-4.246830940247e-6,2.274662256241e-5,-2.699345350266e-5,4.738569259644e-6,0.17388904,0.60226332,0.77615236,2,63,0,-1,0.000000000000e0,4.967053731283e-9
232,2b7e151628aed2a6,L2-phase17-frozen,1,4600,82,14,-0.020000,-0.020000,-0.005000,-0.020000,4.370510578156e-5,4.604086279869e-5,2.335757017136e-6,2.335757017136e-6,-1.570582389832e-5,-1.804158091545e-5,2.617016434669e-5,-4.421174526215e-5,7.469207048416e-6,0.16894169,0.53783283,0.70508932,4,63,0,-1,0.000000000000e0,4.967053731282e-9
233,2b7e151628aed2a6,L0-original-frozen,0,4650,8,65,0.020000,0.000000,0.020000,-0.010000,-8.838735520840e-4,-8.838735520840e-4,0.000000000000e0,0.000000000000e0,0.000000000000e0,0.000000000000e0,0.000000000000e0,0.000000000000e0,0.000000000000e0,0.00000000,0.00000000,0.00000000,0,63,0,-1,0.000000000000e0,0.000000000000e0
234,2b7e151628aed2a6,L2-phase17-frozen,0,4650,8,65,0.020000,0.000000,0.020000,-0.010000,-8.838735520840e-4,-8.838735520840e-4,0.000000000000e0,0.000000000000e0,0.000000000000e0,0.000000000000e0,0.000000000000e0,0.000000000000e0,0.000000000000e0,0.00000000,0.00000000,0.00000000,0,63,0,-1,0.000000000000e0,0.000000000000e0
235,2b7e151628aed2a6,L0-original-frozen,1,4650,8,65,0.020000,0.000000,0.020000,-0.005000,-8.838735520840e-4,-8.838735520840e-4,0.000000000000e0,0.000000000000e0,0.000000000000e0,0.000000000000e0,0.000000000000e0,0.000000000000e0,0.000000000000e0,0.00000000,0.00000000,0.00000000,0,63,0,-1,0.000000000000e0,0.000000000000e0
236,2b7e151628aed2a6,L2-phase17-frozen,1,4650,8,65,0.020000,0.000000,0.020000,-0.005000,-8.838735520840e-4,-8.838735520840e-4,0.000000000000e0,0.000000000000e0,0.000000000000e0,0.000000000000e0,0.000000000000e0,0.000000000000e0,0.000000000000e0,0.00000000,0.00000000,0.00000000,0,63,0,-1,0.000000000000e0,0.000000000000e0
237,2b7e151628aed2a6,L0-original-frozen,0,4700,34,16,-0.020000,-0.020000,-0.010000,-0.020000,1.133777201176e-3,1.100465655327e-3,3.331154584885e-5,-3.331154584885e-5,-7.176399230957e-5,-3.845244646072e-5,6.075426936150e-4,-6.459951400757e-4,9.252130985260e-5,0.14322292,0.42793873,0.66238005,22,63,0,-1,0.000000000000e0,4.967053731285e-9
238,2b7e151628aed2a6,L2-phase17-frozen,0,4700,34,16,-0.020000,-0.020000,-0.010000,-0.020000,1.133777201176e-3,1.100465655327e-3,3.331154584885e-5,-3.331154584885e-5,-9.465962648392e-5,-6.134808063507e-5,5.167983472347e-4,-5.781464278698e-4,1.067183911800e-4,0.18458713,0.53099004,0.73514611,57,63,0,-1,0.000000000000e0,4.967053731282e-9
239,2b7e151628aed2a6,L0-original-frozen,0,4750,6,21,0.020000,0.010000,0.020000,-0.010000,1.757740974426e-4,2.046003937721e-4,2.882629632950e-5,2.882629632950e-5,-2.849362790585e-4,-3.137625753880e-4,2.146426588297e-3,-2.460189163685e-3,2.767741680145e-4,0.11250117,0.43162801,0.68248431,5,63,0,-1,0.000000000000e0,4.967053731283e-9
240,2b7e151628aed2a6,L2-phase17-frozen,0,4750,6,21,0.020000,0.010000,0.020000,-0.010000,1.757740974426e-4,2.046003937721e-4,2.882629632950e-5,2.882629632950e-5,-1.542530953884e-4,-1.830793917179e-4,2.220164984465e-3,-2.403244376183e-3,3.314651548862e-4,0.13792403,0.56125720,0.80911495,7,63,0,-1,0.000000000000e0,4.967053731278e-9
241,2b7e151628aed2a6,L0-original-frozen,1,4750,6,21,0.020000,0.010000,0.020000,0.005000,1.757740974426e-4,2.111122012138e-4,3.533810377121e-5,3.533810377121e-5,-4.937872290611e-5,-8.471682667732e-5,5.508810281754e-4,-6.355978548527e-4,7.680058479309e-5,0.12083204,0.44346695,0.69399884,7,63,0,-1,0.000000000000e0,4.967053731285e-9
242,2b7e151628aed2a6,L2-phase17-frozen,1,4750,6,21,0.020000,0.010000,0.020000,0.005000,1.757740974426e-4,2.111122012138e-4,3.533810377121e-5,3.533810377121e-5,-1.772493124008e-5,-5.306303501129e-5,5.623474717140e-4,-6.154105067253e-4,9.091570973396e-5,0.14773181,0.56481313,0.81266722,9,63,0,-1,0.000000000000e0,4.967053731285e-9
243,77a19d3c4e280b51,L0-original-frozen,0,200,78,74,0.000000,0.020000,-0.005000,0.020000,4.521608352661e-4,4.431009292603e-4,9.059906005859e-6,-9.059906005859e-6,-9.655952453613e-6,-5.960464477539e-7,2.861022949219e-6,-3.457069396973e-6,1.013278961182e-6,0.29310345,0.51724138,0.70689655,0,63,0,-1,0.000000000000e0,2.222756544749e-7
244,77a19d3c4e280b51,L2-phase17-frozen,0,200,78,74,0.000000,0.020000,-0.005000,0.020000,4.521608352661e-4,4.431009292603e-4,9.059906005859e-6,-9.059906005859e-6,-9.775161743164e-6,-7.152557373047e-7,3.218650817871e-6,-3.933906555176e-6,1.311302185059e-6,0.33333333,0.53030303,0.69696970,0,63,0,-1,0.000000000000e0,1.750886440277e-7
245,77a19d3c4e280b51,L0-original-frozen,1,200,78,74,0.000000,0.020000,0.005000,0.020000,4.521608352661e-4,4.612207412720e-4,9.059906005859e-6,9.059906005859e-6,9.536743164062e-6,4.768371582031e-7,3.635883331299e-6,-3.159046173096e-6,1.072883605957e-6,0.11320755,0.43396226,0.71698113,0,63,0,-1,0.000000000000e0,2.595285574595e-7
246,77a19d3c4e280b51,L2-phase17-frozen,1,200,78,74,0.000000,0.020000,0.005000,0.020000,4.521608352661e-4,4.612207412720e-4,9.059906005859e-6,9.059906005859e-6,9.715557098389e-6,6.556510925293e-7,3.933906555176e-6,-3.278255462646e-6,1.013278961182e-6,0.09090909,0.40000000,0.69090909,0,63,0,-1,0.000000000000e0,2.117206652959e-7
247,77a19d3c4e280b51,L0-original-frozen,0,400,72,111,-0.020000,0.000000,-0.020000,-0.005000,5.764961242676e-4,5.764961242676e-4,0.000000000000e0,0.000000000000e0,0.000000000000e0,0.000000000000e0,0.000000000000e0,0.000000000000e0,0.000000000000e0,0.00000000,0.00000000,0.00000000,0,63,0,-1,0.000000000000e0,0.000000000000e0
248,77a19d3c4e280b51,L2-phase17-frozen,0,400,72,111,-0.020000,0.000000,-0.020000,-0.005000,5.764961242676e-4,5.764961242676e-4,0.000000000000e0,0.000000000000e0,0.000000000000e0,0.000000000000e0,0.000000000000e0,0.000000000000e0,0.000000000000e0,0.00000000,0.00000000,0.00000000,0,63,0,-1,0.000000000000e0,0.000000000000e0
249,77a19d3c4e280b51,L0-original-frozen,1,400,72,111,-0.020000,0.000000,-0.020000,0.020000,5.764961242676e-4,5.764961242676e-4,0.000000000000e0,0.000000000000e0,0.000000000000e0,0.000000000000e0,0.000000000000e0,0.000000000000e0,0.000000000000e0,0.00000000,0.00000000,0.00000000,0,63,0,-1,0.000000000000e0,0.000000000000e0
250,77a19d3c4e280b51,L2-phase17-frozen,1,400,72,111,-0.020000,0.000000,-0.020000,0.020000,5.764961242676e-4,5.764961242676e-4,0.000000000000e0,0.000000000000e0,0.000000000000e0,0.000000000000e0,0.000000000000e0,0.000000000000e0,0.000000000000e0,0.00000000,0.00000000,0.00000000,0,63,0,-1,0.000000000000e0,0.000000000000e0
251,77a19d3c4e280b51,L0-original-frozen,0,450,16,21,-0.020000,-0.010000,0.020000,-0.010000,-2.961754798889e-4,-3.002882003784e-4,4.112720489502e-6,-4.112720489502e-6,2.889633178711e-4,2.930760383606e-4,6.770730018616e-3,-6.477653980255e-3,1.012742519379e-3,0.09005585,0.37162417,0.62959044,2,63,0,-1,0.000000000000e0,3.191332022349e-7
252,77a19d3c4e280b51,L2-phase17-frozen,0,450,16,21,-0.020000,-0.010000,0.020000,-0.010000,-2.961754798889e-4,-3.002882003784e-4,4.112720489502e-6,-4.112720489502e-6,4.311800003052e-4,4.352927207947e-4,6.583869457245e-3,-6.148576736450e-3,9.680986404419e-4,0.08652914,0.33573423,0.56496956,2,63,0,-1,0.000000000000e0,5.370626846949e-7
253,77a19d3c4e280b51,L0-original-frozen,1,450,16,21,-0.020000,-0.010000,0.020000,0.020000,-2.961754798889e-4,-3.046989440918e-4,8.523464202881e-6,-8.523464202881e-6,-2.938508987427e-5,-2.086162567139e-5,7.701456546783e-3,-7.722318172455e-3,1.075148582458e-3,0.09118625,0.36628872,0.62167815,2,63,0,-1,0.000000000000e0,4.495183626811e-7
254,77a19d3c4e280b51,L2-phase17-frozen,1,450,16,21,-0.020000,-0.010000,0.020000,0.020000,-2.961754798889e-4,-3.046989440918e-4,8.523464202881e-6,-8.523464202881e-6,1.331567764282e-4,1.416802406311e-4,7.380306720734e-3,-7.238626480103e-3,1.071929931641e-3,0.08759593,0.32974046,0.55970653,2,63,0,-1,0.000000000000e0,4.097819328308e-7
255,77a19d3c4e280b51,L0-original-frozen,0,500,62,75,-0.020000,-0.020000,-0.010000,-0.020000,1.484751701355e-4,1.187324523926e-4,2.974271774292e-5,-2.974271774292e-5,-3.856420516968e-5,-8.821487426758e-6,6.377696990967e-6,-1.519918441772e-5,1.192092895508e-6,0.07843137,0.34117647,0.59607843,0,63,0,-1,0.000000000000e0,2.613912026087e-7
256,77a19d3c4e280b51,L2-phase17-frozen,0,500,62,75,-0.020000,-0.020000,-0.010000,-0.020000,1.484751701355e-4,1.187324523926e-4,2.974271774292e-5,-2.974271774292e-5,-3.564357757568e-5,-5.900859832764e-6,8.940696716309e-6,-1.484155654907e-5,2.145767211914e-6,0.14457831,0.38152610,0.61847390,0,63,0,-1,0.000000000000e0,2.564241488775e-7
257,77a19d3c4e280b51,L0-original-frozen,1,500,62,75,-0.020000,-0.020000,-0.020000,-0.010000,1.484751701355e-4,1.055002212524e-4,4.297494888306e-5,-4.297494888306e-5,-9.083747863770e-5,-4.786252975464e-5,2.534389495850e-4,-3.013014793396e-4,6.079673767090e-5,0.18872404,0.69020772,0.86211672,6,63,0,-1,0.000000000000e0,5.153318246206e-7
258,77a19d3c4e280b51,L2-phase17-frozen,1,500,62,75,-0.020000,-0.020000,-0.020000,-0.010000,1.484751701355e-4,1.055002212524e-4,4.297494888306e-5,-4.297494888306e-5,-8.940696716309e-5,-4.643201828003e-5,1.997351646423e-4,-2.461671829224e-4,5.221366882324e-5,0.21210654,0.62711864,0.76537530,27,63,0,-1,0.000000000000e0,4.650404055913e-7
259,77a19d3c4e280b51,L0-original-frozen,0,600,19,72,0.020000,-0.020000,-0.010000,-0.020000,5.440711975098e-4,5.654096603394e-4,2.133846282959e-5,2.133846282959e-5,-3.726482391357e-4,-3.939867019653e-4,1.098215579987e-3,-1.492202281952e-3,4.288554191589e-4,0.11575794,0.51439984,0.75642101,6,63,0,-1,0.000000000000e0,5.985299746195e-7
260,77a19d3c4e280b51,L2-phase17-frozen,0,600,19,72,0.020000,-0.020000,-0.010000,-0.020000,5.440711975098e-4,5.654096603394e-4,2.133846282959e-5,2.133846282959e-5,-1.063346862793e-4,-1.276731491089e-4,1.262307167053e-3,-1.389980316162e-3,2.192854881287e-4,0.10724700,0.46968268,0.74120926,6,63,0,-1,0.000000000000e0,3.601113955180e-7
261,77a19d3c4e280b51,L0-original-frozen,0,650,52,16,0.000000,-0.020000,0.010000,-0.020000,-7.780790328979e-4,-7.780790328979e-4,0.000000000000e0,0.000000000000e0,0.000000000000e0,0.000000000000e0,0.000000000000e0,0.000000000000e0,0.000000000000e0,0.00000000,0.00000000,0.00000000,0,63,0,-1,0.000000000000e0,0.000000000000e0
262,77a19d3c4e280b51,L2-phase17-frozen,0,650,52,16,0.000000,-0.020000,0.010000,-0.020000,-7.780790328979e-4,-7.780790328979e-4,0.000000000000e0,0.000000000000e0,0.000000000000e0,0.000000000000e0,0.000000000000e0,0.000000000000e0,0.000000000000e0,0.00000000,0.00000000,0.00000000,0,63,0,-1,0.000000000000e0,0.000000000000e0
263,77a19d3c4e280b51,L0-original-frozen,1,650,52,16,0.000000,-0.020000,0.020000,-0.020000,-7.780790328979e-4,-7.780790328979e-4,0.000000000000e0,0.000000000000e0,0.000000000000e0,0.000000000000e0,0.000000000000e0,0.000000000000e0,0.000000000000e0,0.00000000,0.00000000,0.00000000,0,63,0,-1,0.000000000000e0,0.000000000000e0
264,77a19d3c4e280b51,L2-phase17-frozen,1,650,52,16,0.000000,-0.020000,0.020000,-0.020000,-7.780790328979e-4,-7.780790328979e-4,0.000000000000e0,0.000000000000e0,0.000000000000e0,0.000000000000e0,0.000000000000e0,0.000000000000e0,0.000000000000e0,0.00000000,0.00000000,0.00000000,0,63,0,-1,0.000000000000e0,0.000000000000e0
265,77a19d3c4e280b51,L0-original-frozen,0,750,41,104,0.000000,-0.020000,0.010000,-0.020000,3.662705421448e-4,3.662705421448e-4,0.000000000000e0,0.000000000000e0,0.000000000000e0,0.000000000000e0,0.000000000000e0,0.000000000000e0,0.000000000000e0,0.00000000,0.00000000,0.00000000,0,63,0,-1,0.000000000000e0,0.000000000000e0
266,77a19d3c4e280b51,L2-phase17-frozen,0,750,41,104,0.000000,-0.020000,0.010000,-0.020000,3.662705421448e-4,3.662705421448e-4,0.000000000000e0,0.000000000000e0,0.000000000000e0,0.000000000000e0,0.000000000000e0,0.000000000000e0,0.000000000000e0,0.00000000,0.00000000,0.00000000,0,63,0,-1,0.000000000000e0,0.000000000000e0
267,77a19d3c4e280b51,L0-original-frozen,1,750,41,104,0.000000,-0.020000,-0.005000,-0.020000,3.662705421448e-4,3.662705421448e-4,0.000000000000e0,0.000000000000e0,0.000000000000e0,0.000000000000e0,0.000000000000e0,0.000000000000e0,0.000000000000e0,0.00000000,0.00000000,0.00000000,0,63,0,-1,0.000000000000e0,0.000000000000e0
268,77a19d3c4e280b51,L2-phase17-frozen,1,750,41,104,0.000000,-0.020000,-0.005000,-0.020000,3.662705421448e-4,3.662705421448e-4,0.000000000000e0,0.000000000000e0,0.000000000000e0,0.000000000000e0,0.000000000000e0,0.000000000000e0,0.000000000000e0,0.00000000,0.00000000,0.00000000,0,63,0,-1,0.000000000000e0,0.000000000000e0
269,77a19d3c4e280b51,L0-original-frozen,0,800,104,18,-0.020000,0.020000,-0.020000,0.010000,5.220174789429e-4,5.258321762085e-4,3.814697265625e-6,3.814697265625e-6,-2.524852752686e-4,-2.562999725342e-4,8.096694946289e-4,-1.065969467163e-3,2.371072769165e-4,0.11742340,0.43144710,0.65751510,11,63,0,-1,0.000000000000e0,5.085021257401e-7
270,77a19d3c4e280b51,L2-phase17-frozen,0,800,104,18,-0.020000,0.020000,-0.020000,0.010000,5.220174789429e-4,5.258321762085e-4,3.814697265625e-6,3.814697265625e-6,-3.350973129272e-4,-3.389120101929e-4,6.781220436096e-4,-1.017034053802e-3,1.425743103027e-4,0.14018637,0.44142296,0.68270527,27,63,0,-1,0.000000000000e0,3.427267074585e-7
271,77a19d3c4e280b51,L0-original-frozen,1,800,104,18,-0.020000,0.020000,-0.020000,0.005000,5.220174789429e-4,4.775524139404e-4,4.446506500244e-5,-4.446506500244e-5,-4.320144653320e-4,-3.875494003296e-4,1.212775707245e-3,-1.600325107574e-3,3.437995910645e-4,0.12529331,0.42668256,0.65242653,2,63,0,-1,0.000000000000e0,3.855675458908e-7
272,77a19d3c4e280b51,L2-phase17-frozen,1,800,104,18,-0.020000,0.020000,-0.020000,0.005000,5.220174789429e-4,4.775524139404e-4,4.446506500244e-5,-4.446506500244e-5,-5.346536636353e-4,-4.901885986328e-4,1.031458377838e-3,-1.521646976471e-3,2.130866050720e-4,0.14003682,0.43867758,0.66179639,4,63,0,-1,0.000000000000e0,3.942598899206e-7
273,77a19d3c4e280b51,L0-original-frozen,0,850,24,75,0.020000,-0.020000,0.020000,0.020000,2.924799919128e-4,3.402829170227e-4,4.780292510986e-5,4.780292510986e-5,1.215934753418e-4,7.379055023193e-5,2.309381961823e-3,-2.235591411591e-3,5.752444267273e-4,0.25731197,0.77822806,0.88490149,2,63,0,-1,0.000000000000e0,3.247211376826e-7
274,77a19d3c4e280b51,L2-phase17-frozen,0,850,24,75,0.020000,-0.020000,0.020000,0.020000,2.924799919128e-4,3.402829170227e-4,4.780292510986e-5,4.780292510986e-5,2.976655960083e-4,2.498626708984e-4,2.926707267761e-3,-2.676844596863e-3,5.348920822144e-4,0.19703852,0.63852149,0.82656424,23,63,0,-1,0.000000000000e0,3.576278686523e-7
275,77a19d3c4e280b51,L0-original-frozen,0,1000,72,81,-0.020000,0.000000,-0.020000,-0.005000,4.488825798035e-4,4.488825798035e-4,0.000000000000e0,0.000000000000e0,0.000000000000e0,0.000000000000e0,0.000000000000e0,0.000000000000e0,0.000000000000e0,0.00000000,0.00000000,0.00000000,0,63,0,-1,0.000000000000e0,0.000000000000e0
276,77a19d3c4e280b51,L2-phase17-frozen,0,1000,72,81,-0.020000,0.000000,-0.020000,-0.005000,4.488825798035e-4,4.488825798035e-4,0.000000000000e0,0.000000000000e0,0.000000000000e0,0.000000000000e0,0.000000000000e0,0.000000000000e0,0.000000000000e0,0.00000000,0.00000000,0.00000000,0,63,0,-1,0.000000000000e0,0.000000000000e0
277,77a19d3c4e280b51,L0-original-frozen,1,1000,72,81,-0.020000,0.000000,-0.020000,0.005000,4.488825798035e-4,4.488825798035e-4,0.000000000000e0,0.000000000000e0,0.000000000000e0,0.000000000000e0,0.000000000000e0,0.000000000000e0,0.000000000000e0,0.00000000,0.00000000,0.00000000,0,63,0,-1,0.000000000000e0,0.000000000000e0
278,77a19d3c4e280b51,L2-phase17-frozen,1,1000,72,81,-0.020000,0.000000,-0.020000,0.005000,4.488825798035e-4,4.488825798035e-4,0.000000000000e0,0.000000000000e0,0.000000000000e0,0.000000000000e0,0.000000000000e0,0.000000000000e0,0.000000000000e0,0.00000000,0.00000000,0.00000000,0,63,0,-1,0.000000000000e0,0.000000000000e0
279,77a19d3c4e280b51,L0-original-frozen,0,1050,75,55,-0.020000,0.010000,0.020000,0.010000,-2.956390380859e-5,-2.920627593994e-5,3.576278686523e-7,3.576278686523e-7,-2.067685127258e-4,-2.071261405945e-4,1.611471176147e-3,-1.818597316742e-3,3.503561019897e-4,0.11595818,0.43915309,0.63937596,2,63,0,-1,0.000000000000e0,2.620120843252e-7
280,77a19d3c4e280b51,L2-phase17-frozen,0,1050,75,55,-0.020000,0.010000,0.020000,0.010000,-2.956390380859e-5,-2.920627593994e-5,3.576278686523e-7,3.576278686523e-7,-5.048513412476e-5,-5.084276199341e-5,1.303613185883e-3,-1.354455947876e-3,2.442598342896e-4,0.18033797,0.43825911,0.63496744,2,63,0,-1,0.000000000000e0,1.899898052216e-7
281,77a19d3c4e280b51,L0-original-frozen,1,1050,75,55,-0.020000,0.010000,0.020000,0.005000,-2.956390380859e-5,-3.015995025635e-5,5.960464477539e-7,-5.960464477539e-7,-2.025961875916e-4,-2.020001411438e-4,1.618564128876e-3,-1.820564270020e-3,3.497004508972e-4,0.11658591,0.43920246,0.63930723,0,63,0,-1,0.000000000000e0,3.514190514882e-7
282,77a19d3c4e280b51,L2-phase17-frozen,1,1050,75,55,-0.020000,0.010000,0.020000,0.005000,-2.956390380859e-5,-3.015995025635e-5,5.960464477539e-7,-5.960464477539e-7,-4.923343658447e-5,-4.863739013672e-5,1.306235790253e-3,-1.354873180389e-3,2.442598342896e-4,0.18028243,0.43786019,0.63428798,0,63,0,-1,0.000000000000e0,3.284464279811e-7
283,77a19d3c4e280b51,L0-original-frozen,0,1100,12,95,-0.020000,-0.010000,-0.020000,-0.005000,8.268952369690e-4,8.571743965149e-4,3.027915954590e-5,3.027915954590e-5,4.148483276367e-5,1.120567321777e-5,2.318620681763e-5,-1.198053359985e-5,5.722045898438e-6,0.22388060,0.55721393,0.80597015,0,63,0,-1,0.000000000000e0,2.278635899226e-7
284,77a19d3c4e280b51,L2-phase17-frozen,0,1100,12,95,-0.020000,-0.010000,-0.020000,-0.005000,8.268952369690e-4,8.571743965149e-4,3.027915954590e-5,3.027915954590e-5,1.984834671021e-5,-1.043081283569e-5,2.419948577881e-5,-3.463029861450e-5,5.304813385010e-6,0.15318417,0.59380379,0.88468158,0,63,0,-1,0.000000000000e0,2.781550089518e-7
285,77a19d3c4e280b51,L0-original-frozen,0,1250,31,7,0.010000,-0.020000,0.005000,-0.020000,4.147887229919e-4,4.405975341797e-4,2.580881118774e-5,2.580881118774e-5,4.574656486511e-5,1.993775367737e-5,2.089738845825e-4,-1.890361309052e-4,2.825260162354e-5,0.13321772,0.43796311,0.72473593,0,63,0,-1,0.000000000000e0,2.663582563400e-7
286,77a19d3c4e280b51,L2-phase17-frozen,0,1250,31,7,0.010000,-0.020000,0.005000,-0.020000,4.147887229919e-4,4.405975341797e-4,2.580881118774e-5,2.580881118774e-5,2.816319465637e-5,2.354383468628e-6,2.261996269226e-4,-2.238452434540e-4,4.664063453674e-5,0.11596325,0.41246172,0.65983225,58,63,0,-1,0.000000000000e0,3.483146429062e-7
287,77a19d3c4e280b51,L0-original-frozen,0,1300,116,22,0.020000,-0.020000,0.020000,0.020000,-6.537139415741e-4,-6.700158119202e-4,1.630187034607e-5,-1.630187034607e-5,-3.376603126526e-4,-3.213584423065e-4,4.042446613312e-3,-4.363805055618e-3,3.941059112549e-4,0.08224688,0.35324569,0.59386717,2,63,0,-1,0.000000000000e0,2.135833104452e-7
288,77a19d3c4e280b51,L2-phase17-frozen,0,1300,116,22,0.020000,-0.020000,0.020000,0.020000,-6.537139415741e-4,-6.700158119202e-4,1.630187034607e-5,-1.630187034607e-5,7.137358188629e-4,7.300376892090e-4,4.720360040665e-3,-3.990322351456e-3,8.307993412018e-4,0.12325514,0.47496135,0.68002061,2,63,0,-1,0.000000000000e0,1.757095257441e-7
289,77a19d3c4e280b51,L0-original-frozen,0,1350,15,100,0.020000,-0.020000,0.005000,0.000000,-6.145238876343e-5,-8.890032768250e-5,2.744793891907e-5,-2.744793891907e-5,-6.315112113953e-5,-3.570318222046e-5,9.052455425262e-4,-9.409487247467e-4,9.661912918091e-5,0.06952143,0.31317898,0.54321731,0,63,0,-1,0.000000000000e0,4.613151152929e-7
290,77a19d3c4e280b51,L2-phase17-frozen,0,1350,15,100,0.020000,-0.020000,0.005000,0.000000,-6.145238876343e-5,-8.890032768250e-5,2.744793891907e-5,-2.744793891907e-5,-2.335906028748e-4,-2.061426639557e-4,8.393228054047e-4,-1.045465469360e-3,1.046061515808e-4,0.06747434,0.30801026,0.55316420,0,63,0,-1,0.000000000000e0,3.601113955180e-7
291,77a19d3c4e280b51,L0-original-frozen,1,1350,15,100,0.020000,-0.020000,0.000000,0.005000,-6.145238876343e-5,-8.958578109741e-5,2.813339233398e-5,-2.813339233398e-5,-8.320808410645e-5,-5.507469177246e-5,1.207232475281e-3,-1.262307167053e-3,1.202821731567e-4,0.07120597,0.32002550,0.55678062,0,63,0,-1,0.000000000000e0,4.644195238749e-7
292,77a19d3c4e280b51,L2-phase17-frozen,1,1350,15,100,0.020000,-0.020000,0.000000,0.005000,-6.145238876343e-5,-8.958578109741e-5,2.813339233398e-5,-2.813339233398e-5,-2.970099449158e-4,-2.688765525818e-4,1.113921403885e-3,-1.382797956467e-3,1.477897167206e-4,0.06894545,0.31239897,0.55833100,0,63,0,-1,0.000000000000e0,3.259629011154e-7
293,77a19d3c4e280b51,L0-original-frozen,0,1400,87,5,0.005000,0.020000,0.010000,0.020000,-8.076429367065e-5,-8.502602577209e-5,4.261732101440e-6,-4.261732101440e-6,-5.483627319336e-6,-1.221895217896e-6,4.708766937256e-6,-5.930662155151e-6,1.668930053711e-6,0.28140704,0.57286432,0.72361809,0,63,0,-1,0.000000000000e0,1.993030309677e-7
294,77a19d3c4e280b51,L2-phase17-frozen,0,1400,87,5,0.005000,0.020000,0.010000,0.020000,-8.076429367065e-5,-8.502602577209e-5,4.261732101440e-6,-4.261732101440e-6,-9.715557098389e-6,-5.453824996948e-6,1.117587089539e-5,-1.662969589233e-5,3.963708877563e-6,0.23835125,0.64874552,0.88709677,0,63,0,-1,0.000000000000e0,3.054738044739e-7
295,77a19d3c4e280b51,L0-original-frozen,1,1400,87,5,0.005000,0.020000,0.000000,0.020000,-8.076429367065e-5,-7.647275924683e-5,4.291534423828e-6,4.291534423828e-6,5.513429641724e-6,1.221895217896e-6,6.258487701416e-6,-5.036592483521e-6,1.132488250732e-6,0.22485207,0.58579882,0.76331361,0,63,0,-1,0.000000000000e0,1.601874828339e-7
296,77a19d3c4e280b51,L2-phase17-frozen,1,1400,87,5,0.005000,0.020000,0.000000,0.020000,-8.076429367065e-5,-7.647275924683e-5,4.291534423828e-6,4.291534423828e-6,9.596347808838e-6,5.304813385010e-6,1.674890518188e-5,-1.144409179688e-5,2.950429916382e-6,0.25781250,0.71354167,0.83854167,0,63,0,-1,0.000000000000e0,1.980612675349e-7
297,77a19d3c4e280b51,L0-original-frozen,0,1450,24,45,0.020000,-0.020000,0.020000,-0.010000,5.046725273132e-4,4.751086235046e-4,2.956390380859e-5,-2.956390380859e-5,-3.346800804138e-5,-3.904104232788e-6,3.653764724731e-5,-4.044175148010e-5,6.288290023804e-6,0.14222550,0.47752395,0.70817981,0,63,0,-1,0.000000000000e0,1.744677623113e-7
298,77a19d3c4e280b51,L2-phase17-frozen,0,1450,24,45,0.020000,-0.020000,0.020000,-0.010000,5.046725273132e-4,4.751086235046e-4,2.956390380859e-5,-2.956390380859e-5,-2.789497375488e-5,1.668930053711e-6,4.610419273376e-5,-4.443526268005e-5,6.258487701416e-6,0.12273642,0.45539906,0.67672703,0,63,0,-1,0.000000000000e0,1.788139343262e-7
299,77a19d3c4e280b51,L0-original-frozen,1,1450,24,45,0.020000,-0.020000,0.020000,-0.005000,5.046725273132e-4,4.602670669556e-4,4.440546035767e-5,-4.440546035767e-5,-5.021691322327e-5,-5.811452865601e-6,5.427002906799e-5,-6.008148193359e-5,9.387731552124e-6,0.14484127,0.48363095,0.71279762,0,63,0,-1,0.000000000000e0,1.626710096995e-7
300,77a19d3c4e280b51,L2-phase17-frozen,1,1450,24,45,0.020000,-0.020000,0.020000,-0.005000,5.046725273132e-4,4.602670669556e-4,4.440546035767e-5,-4.440546035767e-5,-4.190206527710e-5,2.503395080566e-6,6.958842277527e-5,-6.708502769470e-5,9.357929229736e-6,0.12172368,0.45402044,0.67525544,0,63,0,-1,0.000000000000e0,2.117206652959e-7
301,77a19d3c4e280b51,L0-original-frozen,0,1500,57,112,0.000000,0.020000,0.020000,0.020000,2.251863479614e-4,2.251863479614e-4,0.000000000000e0,0.000000000000e0,0.000000000000e0,0.000000000000e0,0.000000000000e0,0.000000000000e0,0.000000000000e0,0.00000000,0.00000000,0.00000000,0,63,0,-1,0.000000000000e0,0.000000000000e0
302,77a19d3c4e280b51,L2-phase17-frozen,0,1500,57,112,0.000000,0.020000,0.020000,0.020000,2.251863479614e-4,2.251863479614e-4,0.000000000000e0,0.000000000000e0,0.000000000000e0,0.000000000000e0,0.000000000000e0,0.000000000000e0,0.000000000000e0,0.00000000,0.00000000,0.00000000,0,63,0,-1,0.000000000000e0,0.000000000000e0
303,77a19d3c4e280b51,L0-original-frozen,1,1500,57,112,0.000000,0.020000,-0.005000,0.020000,2.251863479614e-4,2.251863479614e-4,0.000000000000e0,0.000000000000e0,0.000000000000e0,0.000000000000e0,0.000000000000e0,0.000000000000e0,0.000000000000e0,0.00000000,0.00000000,0.00000000,0,63,0,-1,0.000000000000e0,0.000000000000e0
304,77a19d3c4e280b51,L2-phase17-frozen,1,1500,57,112,0.000000,0.020000,-0.005000,0.020000,2.251863479614e-4,2.251863479614e-4,0.000000000000e0,0.000000000000e0,0.000000000000e0,0.000000000000e0,0.000000000000e0,0.000000000000e0,0.000000000000e0,0.00000000,0.00000000,0.00000000,0,63,0,-1,0.000000000000e0,0.000000000000e0
305,77a19d3c4e280b51,L0-original-frozen,0,1550,88,58,0.020000,0.020000,0.000000,-0.020000,-3.496408462524e-4,-3.759860992432e-4,2.634525299072e-5,-2.634525299072e-5,-1.459032297134e-3,-1.432687044144e-3,4.504591226578e-3,-5.937278270721e-3,5.617439746857e-4,0.09461304,0.35276225,0.56240777,0,63,0,-1,0.000000000000e0,4.408260186513e-7
306,77a19d3c4e280b51,L2-phase17-frozen,0,1550,88,58,0.020000,0.020000,0.000000,-0.020000,-3.496408462524e-4,-3.759860992432e-4,2.634525299072e-5,-2.634525299072e-5,-1.247018575668e-3,-1.220673322678e-3,4.466831684113e-3,-5.687505006790e-3,5.428791046143e-4,0.08483502,0.33852264,0.52420601,2,63,0,-1,0.000000000000e0,2.682209014893e-7
307,77a19d3c4e280b51,L0-original-frozen,1,1550,88,58,0.020000,0.020000,-0.020000,-0.020000,-3.496408462524e-4,-3.151595592499e-4,3.448128700256e-5,3.448128700256e-5,-1.747876405716e-3,-1.782357692719e-3,6.735295057297e-3,-8.517652750015e-3,9.765923023224e-4,0.09520827,0.31566628,0.50823813,2,63,0,-1,0.000000000000e0,3.123035033544e-7
308,77a19d3c4e280b51,L2-phase17-frozen,1,1550,88,58,0.020000,0.020000,-0.020000,-0.020000,-3.496408462524e-4,-3.151595592499e-4,3.448128700256e-5,3.448128700256e-5,-1.357674598694e-3,-1.392155885696e-3,6.428420543671e-3,-7.820576429367e-3,9.037852287292e-4,0.07605891,0.31903664,0.50128994,3,63,0,-1,0.000000000000e0,4.116445779800e-7
309,77a19d3c4e280b51,L0-original-frozen,0,1600,26,97,-0.020000,-0.010000,-0.020000,-0.005000,4.893839359283e-4,5.098879337311e-4,2.050399780273e-5,2.050399780273e-5,4.512071609497e-5,2.461671829224e-5,3.132224082947e-4,-2.886056900024e-4,3.105401992798e-5,0.07156134,0.33343660,0.59149112,18,63,0,-1,0.000000000000e0,2.359350522359e-7
310,77a19d3c4e280b51,L2-phase17-frozen,0,1600,26,97,-0.020000,-0.010000,-0.020000,-0.005000,4.893839359283e-4,5.098879337311e-4,2.050399780273e-5,2.050399780273e-5,6.750226020813e-5,4.699826240540e-5,3.727078437805e-4,-3.257095813751e-4,3.004074096680e-5,0.09159118,0.39509562,0.60719187,14,63,0,-1,0.000000000000e0,3.135452667872e-7
311,77a19d3c4e280b51,L0-original-frozen,1,1600,26,97,-0.020000,-0.010000,-0.020000,0.000000,4.893839359283e-4,5.284547805786e-4,3.907084465027e-5,3.907084465027e-5,8.800625801086e-5,4.893541336060e-5,6.270408630371e-4,-5.781054496765e-4,6.213784217834e-5,0.07196618,0.33333333,0.59083411,18,63,0,-1,0.000000000000e0,2.843638261159e-7
312,77a19d3c4e280b51,L2-phase17-frozen,1,1600,26,97,-0.020000,-0.010000,-0.020000,0.000000,4.893839359283e-4,5.284547805786e-4,3.907084465027e-5,3.907084465027e-5,1.326203346252e-4,9.354948997498e-5,7.448792457581e-4,-6.513297557831e-4,6.040930747986e-5,0.09146648,0.39551590,0.60764127,14,63,0,-1,0.000000000000e0,2.402812242508e-7
313,77a19d3c4e280b51,L0-original-frozen,0,1650,88,12,0.020000,-0.010000,0.005000,0.005000,-3.606081008911e-4,-3.543496131897e-4,6.258487701416e-6,6.258487701416e-6,-2.671480178833e-4,-2.734065055847e-4,2.647846937180e-3,-2.921253442764e-3,3.919303417206e-4,0.07954418,0.32473654,0.56691933,4,63,0,-1,0.000000000000e0,2.241382996241e-7
314,77a19d3c4e280b51,L2-phase17-frozen,0,1650,88,12,0.020000,-0.010000,0.005000,0.005000,-3.606081008911e-4,-3.543496131897e-4,6.258487701416e-6,6.258487701416e-6,-6.607174873352e-5,-7.233023643494e-5,2.934515476227e-3,-3.006845712662e-3,4.309713840485e-4,0.14333006,0.41178278,0.59886216,3,63,0,-1,0.000000000000e0,3.166496753693e-7
315,77a19d3c4e280b51,L0-original-frozen,1,1650,88,12,0.020000,-0.010000,0.010000,0.000000,-3.606081008911e-4,-3.235340118408e-4,3.707408905029e-5,3.707408905029e-5,-1.355409622192e-4,-1.726150512695e-4,1.798301935196e-3,-1.970916986465e-3,2.933740615845e-4,0.09019703,0.33308636,0.56380324,5,63,0,-1,0.000000000000e0,2.390394608180e-7
316,77a19d3c4e280b51,L2-phase17-frozen,1,1650,88,12,0.020000,-0.010000,0.010000,0.000000,-3.606081008911e-4,-3.235340118408e-4,3.707408905029e-5,3.707408905029e-5,-9.268522262573e-6,-4.634261131287e-5,2.018541097641e-3,-2.064883708954e-3,2.743005752563e-4,0.13284069,0.40068701,0.58967180,5,63,0,-1,0.000000000000e0,2.123415470123e-7
317,77a19d3c4e280b51,L0-original-frozen,0,1700,22,55,-0.020000,0.010000,0.020000,0.020000,-1.764595508575e-4,-1.829564571381e-4,6.496906280518e-6,-6.496906280518e-6,-9.513795375824e-4,-9.448826313019e-4,3.808081150055e-3,-4.752963781357e-3,7.265210151672e-4,0.15285642,0.47650220,0.76961808,2,63,0,-1,0.000000000000e0,1.428027947744e-7
318,77a19d3c4e280b51,L2-phase17-frozen,0,1700,22,55,-0.020000,0.010000,0.020000,0.020000,-1.764595508575e-4,-1.829564571381e-4,6.496906280518e-6,-6.496906280518e-6,-4.872679710388e-4,-4.807710647583e-4,3.998667001724e-3,-4.479438066483e-3,7.900297641754e-4,0.17636805,0.55025448,0.77443864,2,63,0,-1,0.000000000000e0,1.713633537292e-7
319,77a19d3c4e280b51,L0-original-frozen,1,1700,22,55,-0.020000,0.010000,-0.020000,0.005000,-1.764595508575e-4,-1.650750637054e-4,1.138448715210e-5,1.138448715210e-5,9.447336196899e-6,-1.937150955200e-6,7.838010787964e-6,-9.775161743164e-6,1.758337020874e-6,0.17987805,0.45426829,0.67073171,0,63,0,-1,0.000000000000e0,1.092751820882e-7
320,77a19d3c4e280b51,L2-phase17-frozen,1,1700,22,55,-0.020000,0.010000,-0.020000,0.005000,-1.764595508575e-4,-1.650750637054e-4,1.138448715210e-5,1.138448715210e-5,8.463859558105e-6,-2.920627593994e-6,7.390975952148e-6,-1.031160354614e-5,1.162290573120e-6,0.11271676,0.43930636,0.69364162,0,63,0,-1,0.000000000000e0,1.303851604462e-7
321,77a19d3c4e280b51,L0-original-frozen,0,1750,48,6,0.000000,-0.020000,-0.020000,-0.020000,-7.174015045166e-4,-7.174015045166e-4,0.000000000000e0,0.000000000000e0,0.000000000000e0,0.000000000000e0,0.000000000000e0,0.000000000000e0,0.000000000000e0,0.00000000,0.00000000,0.00000000,0,63,0,-1,0.000000000000e0,0.000000000000e0
322,77a19d3c4e280b51,L2-phase17-frozen,0,1750,48,6,0.000000,-0.020000,-0.020000,-0.020000,-7.174015045166e-4,-7.174015045166e-4,0.000000000000e0,0.000000000000e0,0.000000000000e0,0.000000000000e0,0.000000000000e0,0.000000000000e0,0.000000000000e0,0.00000000,0.00000000,0.00000000,0,63,0,-1,0.000000000000e0,0.000000000000e0
323,77a19d3c4e280b51,L0-original-frozen,1,1750,48,6,0.000000,-0.020000,0.020000,-0.020000,-7.174015045166e-4,-7.174015045166e-4,0.000000000000e0,0.000000000000e0,0.000000000000e0,0.000000000000e0,0.000000000000e0,0.000000000000e0,0.000000000000e0,0.00000000,0.00000000,0.00000000,0,63,0,-1,0.000000000000e0,0.000000000000e0
324,77a19d3c4e280b51,L2-phase17-frozen,1,1750,48,6,0.000000,-0.020000,0.020000,-0.020000,-7.174015045166e-4,-7.174015045166e-4,0.000000000000e0,0.000000000000e0,0.000000000000e0,0.000000000000e0,0.000000000000e0,0.000000000000e0,0.000000000000e0,0.00000000,0.00000000,0.00000000,0,63,0,-1,0.000000000000e0,0.000000000000e0
325,77a19d3c4e280b51,L0-original-frozen,0,1800,0,31,0.020000,-0.020000,-0.005000,-0.005000,5.275011062622e-6,5.602836608887e-6,3.278255462646e-7,3.278255462646e-7,5.320310592651e-4,5.317032337189e-4,1.144826412201e-3,-6.131231784821e-4,1.984238624573e-4,0.14426676,0.57750450,0.80868128,0,63,0,-1,0.000000000000e0,1.707424720128e-7
326,77a19d3c4e280b51,L2-phase17-frozen,0,1800,0,31,0.020000,-0.020000,-0.005000,-0.005000,5.275011062622e-6,5.602836608887e-6,3.278255462646e-7,3.278255462646e-7,2.896189689636e-4,2.892911434174e-4,9.254813194275e-4,-6.361901760101e-4,1.385211944580e-4,0.21773551,0.51257788,0.73841758,2,63,0,-1,0.000000000000e0,1.682589451472e-7
327,77a19d3c4e280b51,L0-original-frozen,1,1800,0,31,0.020000,-0.020000,-0.010000,-0.020000,5.275011062622e-6,4.827976226807e-6,4.470348358154e-7,-4.470348358154e-7,4.568099975586e-4,4.572570323944e-4,1.005977392197e-3,-5.487203598022e-4,1.693665981293e-4,0.22447317,0.60330219,0.79893548,2,63,0,-1,0.000000000000e0,1.328686873118e-7
328,77a19d3c4e280b51,L2-phase17-frozen,1,1800,0,31,0.020000,-0.020000,-0.010000,-0.020000,5.275011062622e-6,4.827976226807e-6,4.470348358154e-7,-4.470348358154e-7,2.298951148987e-4,2.303421497345e-4,8.298754692078e-4,-5.995333194733e-4,1.197457313538e-4,0.11234279,0.44236218,0.67515037,3,63,0,-1,0.000000000000e0,1.279016335805e-7
329,77a19d3c4e280b51,L0-original-frozen,0,1850,6,2,0.020000,0.000000,0.020000,0.020000,7.122159004211e-4,7.122159004211e-4,0.000000000000e0,0.000000000000e0,0.000000000000e0,0.000000000000e0,0.000000000000e0,0.000000000000e0,0.000000000000e0,0.00000000,0.00000000,0.00000000,0,63,0,-1,0.000000000000e0,0.000000000000e0
330,77a19d3c4e280b51,L2-phase17-frozen,0,1850,6,2,0.020000,0.000000,0.020000,0.020000,7.122159004211e-4,7.122159004211e-4,0.000000000000e0,0.000000000000e0,0.000000000000e0,0.000000000000e0,0.000000000000e0,0.000000000000e0,0.000000000000e0,0.00000000,0.00000000,0.00000000,0,63,0,-1,0.000000000000e0,0.000000000000e0
331,77a19d3c4e280b51,L0-original-frozen,1,1850,6,2,0.020000,0.000000,0.020000,0.010000,7.122159004211e-4,7.122159004211e-4,0.000000000000e0,0.000000000000e0,0.000000000000e0,0.000000000000e0,0.000000000000e0,0.000000000000e0,0.000000000000e0,0.00000000,0.00000000,0.00000000,0,63,0,-1,0.000000000000e0,0.000000000000e0
332,77a19d3c4e280b51,L2-phase17-frozen,1,1850,6,2,0.020000,0.000000,0.020000,0.010000,7.122159004211e-4,7.122159004211e-4,0.000000000000e0,0.000000000000e0,0.000000000000e0,0.000000000000e0,0.000000000000e0,0.000000000000e0,0.000000000000e0,0.00000000,0.00000000,0.00000000,0,63,0,-1,0.000000000000e0,0.000000000000e0
333,77a19d3c4e280b51,L0-original-frozen,0,1900,88,20,0.020000,0.010000,0.020000,0.005000,-3.050863742828e-4,-2.680420875549e-4,3.704428672791e-5,3.704428672791e-5,2.300739288330e-5,-1.403689384460e-5,2.372264862061e-4,-2.512633800507e-4,3.409385681152e-5,0.12975922,0.44988732,0.68200688,24,63,0,-1,0.000000000000e0,1.906106869380e-7
334,77a19d3c4e280b51,L2-phase17-frozen,0,1900,88,20,0.020000,0.010000,0.020000,0.005000,-3.050863742828e-4,-2.680420875549e-4,3.704428672791e-5,3.704428672791e-5,6.568431854248e-5,2.864003181458e-5,2.639889717102e-4,-2.353489398956e-4,3.111362457275e-5,0.13220210,0.44269976,0.67126757,0,63,0,-1,0.000000000000e0,1.632918914159e-7
335,77a19d3c4e280b51,L0-original-frozen,1,1900,88,20,0.020000,0.010000,-0.020000,0.020000,-3.050863742828e-4,-2.562999725342e-4,4.878640174866e-5,4.878640174866e-5,-5.879700183868e-4,-6.367564201355e-4,6.260186433792e-3,-6.896942853928e-3,1.038253307343e-3,0.15053819,0.58122140,0.73132748,2,63,0,-1,0.000000000000e0,1.682589451472e-7
336,77a19d3c4e280b51,L2-phase17-frozen,1,1900,88,20,0.020000,0.010000,-0.020000,0.020000,-3.050863742828e-4,-2.562999725342e-4,4.878640174866e-5,4.878640174866e-5,3.402233123779e-4,2.914369106293e-4,5.211114883423e-3,-4.919677972794e-3,8.984208106995e-4,0.16116721,0.43170763,0.62596243,2,63,0,-1,0.000000000000e0,1.614292462667e-7
337,77a19d3c4e280b51,L0-original-frozen,0,2000,57,5,0.000000,0.020000,0.005000,0.020000,-4.137158393860e-4,-4.137158393860e-4,0.000000000000e0,0.000000000000e0,0.000000000000e0,0.000000000000e0,0.000000000000e0,0.000000000000e0,0.000000000000e0,0.00000000,0.00000000,0.00000000,0,63,0,-1,0.000000000000e0,0.000000000000e0
338,77a19d3c4e280b51,L2-phase17-frozen,0,2000,57,5,0.000000,0.020000,0.005000,0.020000,-4.137158393860e-4,-4.137158393860e-4,0.000000000000e0,0.000000000000e0,0.000000000000e0,0.000000000000e0,0.000000000000e0,0.000000000000e0,0.000000000000e0,0.00000000,0.00000000,0.00000000,0,63,0,-1,0.000000000000e0,0.000000000000e0
339,77a19d3c4e280b51,L0-original-frozen,1,2000,57,5,0.000000,0.020000,-0.005000,0.020000,-4.137158393860e-4,-4.137158393860e-4,0.000000000000e0,0.000000000000e0,0.000000000000e0,0.000000000000e0,0.000000000000e0,0.000000000000e0,0.000000000000e0,0.00000000,0.00000000,0.00000000,0,63,0,-1,0.000000000000e0,0.000000000000e0
340,77a19d3c4e280b51,L2-phase17-frozen,1,2000,57,5,0.000000,0.020000,-0.005000,0.020000,-4.137158393860e-4,-4.137158393860e-4,0.000000000000e0,0.000000000000e0,0.000000000000e0,0.000000000000e0,0.000000000000e0,0.000000000000e0,0.000000000000e0,0.00000000,0.00000000,0.00000000,0,63,0,-1,0.000000000000e0,0.000000000000e0
341,77a19d3c4e280b51,L0-original-frozen,0,2050,96,66,0.020000,-0.020000,0.005000,-0.020000,1.037716865540e-4,1.027286052704e-4,1.043081283569e-6,-1.043081283569e-6,-1.310110092163e-4,-1.299679279327e-4,1.200795173645e-3,-1.330763101578e-3,1.429319381714e-4,0.09305086,0.44910756,0.66913757,2,63,0,-1,0.000000000000e0,2.291053533554e-7
342,77a19d3c4e280b51,L2-phase17-frozen,0,2050,96,66,0.020000,-0.020000,0.005000,-0.020000,1.037716865540e-4,1.027286052704e-4,1.043081283569e-6,-1.043081283569e-6,-1.243650913239e-4,-1.233220100403e-4,1.131802797318e-3,-1.255124807358e-3,1.546740531921e-4,0.12323400,0.47555503,0.70347857,2,63,0,-1,0.000000000000e0,2.160668373108e-7
343,77a19d3c4e280b51,L0-original-frozen,1,2050,96,66,0.020000,-0.020000,0.010000,-0.020000,1.037716865540e-4,1.056492328644e-4,1.877546310425e-6,1.877546310425e-6,-8.440017700195e-5,-8.627772331238e-5,8.015632629395e-4,-8.878409862518e-4,9.539723396301e-5,0.09294753,0.44896110,0.66885972,4,63,0,-1,0.000000000000e0,2.657373746236e-7
344,77a19d3c4e280b51,L2-phase17-frozen,1,2050,96,66,0.020000,-0.020000,0.010000,-0.020000,1.037716865540e-4,1.056492328644e-4,1.877546310425e-6,1.877546310425e-6,-8.013844490051e-5,-8.201599121094e-5,7.555484771729e-4,-8.375644683838e-4,1.032054424286e-4,0.12322089,0.47551950,0.70377882,5,63,0,-1,0.000000000000e0,1.800556977590e-7
345,77a19d3c4e280b51,L0-original-frozen,0,2150,101,15,0.020000,0.020000,0.000000,0.020000,-3.159642219543e-4,-3.162920475006e-4,3.278255462646e-7,-3.278255462646e-7,-1.166760921478e-4,-1.163482666016e-4,1.084864139557e-3,-1.201212406158e-3,1.117885112762e-4,0.09306307,0.37632114,0.65739592,2,63,0,-1,0.000000000000e0,1.676380634308e-7
346,77a19d3c4e280b51,L2-phase17-frozen,0,2150,101,15,0.020000,0.020000,0.000000,0.020000,-3.159642219543e-4,-3.162920475006e-4,3.278255462646e-7,-3.278255462646e-7,-3.105401992798e-5,-3.072619438171e-5,9.751021862030e-4,-1.005828380585e-3,9.983777999878e-5,0.09925926,0.45831111,0.71191111,2,63,0,-1,0.000000000000e0,1.328686873118e-7
347,77a19d3c4e280b51,L0-original-frozen,1,2150,101,15,0.020000,0.020000,0.005000,0.020000,-3.159642219543e-4,-3.143250942230e-4,1.639127731323e-6,1.639127731323e-6,-8.574128150940e-5,-8.738040924072e-5,8.137524127960e-4,-9.011328220367e-4,8.392333984375e-5,0.09313093,0.37645930,0.65763799,7,63,0,-1,0.000000000000e0,2.061327298482e-7
348,77a19d3c4e280b51,L2-phase17-frozen,1,2150,101,15,0.020000,0.020000,0.005000,0.020000,-3.159642219543e-4,-3.143250942230e-4,1.639127731323e-6,1.639127731323e-6,-2.148747444153e-5,-2.312660217285e-5,7.317662239075e-4,-7.548928260803e-4,7.489323616028e-5,0.09921042,0.45815239,0.71192262,11,63,0,-1,0.000000000000e0,2.073744932810e-7
349,77a19d3c4e280b51,L0-original-frozen,0,2200,22,71,-0.020000,0.020000,-0.005000,-0.005000,9.670853614807e-5,1.002848148346e-4,3.576278686523e-6,3.576278686523e-6,6.151497364044e-4,6.115734577179e-4,2.232000231743e-3,-1.620426774025e-3,3.058910369873e-4,0.09390777,0.39654237,0.69917697,41,63,0,-1,0.000000000000e0,2.011656761169e-7
350,77a19d3c4e280b51,L2-phase17-frozen,0,2200,22,71,-0.020000,0.020000,-0.005000,-0.005000,9.670853614807e-5,1.002848148346e-4,3.576278686523e-6,3.576278686523e-6,5.338191986084e-4,5.302429199219e-4,2.163469791412e-3,-1.633226871490e-3,2.813041210175e-4,0.09558045,0.40850699,0.67382577,10,63,0,-1,0.000000000000e0,1.452863216400e-7
351,77a19d3c4e280b51,L0-original-frozen,1,2200,22,71,-0.020000,0.020000,0.000000,-0.020000,9.670853614807e-5,1.049041748047e-4,8.195638656616e-6,8.195638656616e-6,7.526874542236e-4,7.444918155670e-4,2.804383635521e-3,-2.059891819954e-3,4.113614559174e-4,0.09652987,0.39111092,0.68793449,41,63,0,-1,0.000000000000e0,1.589457194010e-7
352,77a19d3c4e280b51,L2-phase17-frozen,1,2200,22,71,-0.020000,0.020000,0.000000,-0.020000,9.670853614807e-5,1.049041748047e-4,8.195638656616e-6,8.195638656616e-6,6.532669067383e-4,6.450712680817e-4,2.682894468307e-3,-2.037823200226e-3,3.730356693268e-4,0.10947966,0.40105005,0.65828190,10,63,0,-1,0.000000000000e0,1.459072033564e-7
353,77a19d3c4e280b51,L0-original-frozen,0,2250,59,11,-0.020000,0.020000,-0.005000,0.010000,1.630783081055e-4,1.611411571503e-4,1.937150955200e-6,-1.937150955200e-6,-1.659989356995e-4,-1.640617847443e-4,1.951143145561e-3,-2.115204930305e-3,2.570748329163e-4,0.12153661,0.50464603,0.71906812,2,63,0,-1,0.000000000000e0,2.048909664154e-7
354,77a19d3c4e280b51,L2-phase17-frozen,0,2250,59,11,-0.020000,0.020000,-0.005000,0.010000,1.630783081055e-4,1.611411571503e-4,1.937150955200e-6,-1.937150955200e-6,-1.603364944458e-5,-1.409649848938e-5,1.910492777824e-3,-1.924589276314e-3,2.613663673401e-4,0.12841735,0.39253776,0.60354452,2,63,0,-1,0.000000000000e0,2.731879552205e-7
355,77a19d3c4e280b51,L0-original-frozen,1,2250,59,11,-0.020000,0.020000,0.010000,0.005000,1.630783081055e-4,1.349449157715e-4,2.813339233398e-5,-2.813339233398e-5,-3.128945827484e-4,-2.847611904144e-4,3.781199455261e-3,-4.065960645676e-3,5.660057067871e-4,0.13920590,0.54863997,0.75199185,2,63,0,-1,0.000000000000e0,1.744677623113e-7
356,77a19d3c4e280b51,L2-phase17-frozen,1,2250,59,11,-0.020000,0.020000,0.010000,0.005000,1.630783081055e-4,1.349449157715e-4,2.813339233398e-5,-2.813339233398e-5,-8.594989776611e-5,-5.781650543213e-5,3.612145781517e-3,-3.669962286949e-3,5.181133747101e-4,0.14117676,0.40862490,0.62236334,2,63,0,-1,0.000000000000e0,1.918524503708e-7
357,77a19d3c4e280b51,L0-original-frozen,0,2300,16,31,0.020000,0.010000,0.020000,0.005000,-4.479587078094e-4,-4.204213619232e-4,2.753734588623e-5,2.753734588623e-5,-2.980232238770e-5,-5.733966827393e-5,2.551972866058e-4,-3.125369548798e-4,6.043910980225e-5,0.19338228,0.46624392,0.67521694,13,63,0,-1,0.000000000000e0,1.589457194010e-7
358,77a19d3c4e280b51,L2-phase17-frozen,0,2300,16,31,0.020000,0.010000,0.020000,0.005000,-4.479587078094e-4,-4.204213619232e-4,2.753734588623e-5,2.753734588623e-5,-3.638863563538e-5,-6.392598152161e-5,3.157705068588e-4,-3.796964883804e-4,5.064904689789e-5,0.13339351,0.43777717,0.65491935,10,63,0,-1,0.000000000000e0,1.539786656698e-7
359,77a19d3c4e280b51,L0-original-frozen,0,2350,20,4,-0.020000,-0.020000,-0.010000,-0.020000,3.730803728104e-4,4.146099090576e-4,4.152953624725e-5,4.152953624725e-5,-9.953975677490e-5,-1.410692930222e-4,2.794712781906e-4,-4.205405712128e-4,6.404519081116e-5,0.15229254,0.49082276,0.74874212,2,63,0,-1,0.000000000000e0,1.142422358195e-7
360,77a19d3c4e280b51,L2-phase17-frozen,0,2350,20,4,-0.020000,-0.020000,-0.010000,-0.020000,3.730803728104e-4,4.146099090576e-4,4.152953624725e-5,4.152953624725e-5,-1.225173473358e-4,-1.640468835831e-4,3.551244735718e-4,-5.191713571548e-4,7.069110870361e-5,0.09968141,0.38314055,0.61048764,10,63,0,-1,0.000000000000e0,1.955777406693e-7
361,77a19d3c4e280b51,L0-original-frozen,0,2400,97,27,0.020000,-0.020000,0.010000,-0.020000,1.841440796852e-3,1.797601580620e-3,4.383921623230e-5,-4.383921623230e-5,-1.915395259857e-4,-1.477003097534e-4,5.534291267395e-4,-7.011294364929e-4,9.366869926453e-5,0.08088923,0.33496982,0.56692595,38,63,0,-1,0.000000000000e0,1.477698485057e-7
362,77a19d3c4e280b51,L2-phase17-frozen,0,2400,97,27,0.020000,-0.020000,0.010000,-0.020000,1.841440796852e-3,1.797601580620e-3,4.383921623230e-5,-4.383921623230e-5,-1.670122146606e-4,-1.231729984283e-4,7.931441068649e-4,-9.163171052933e-4,1.060366630554e-4,0.11100450,0.39798026,0.58832713,20,63,0,-1,0.000000000000e0,1.750886440277e-7
363,77a19d3c4e280b51,L0-original-frozen,0,2500,62,16,0.010000,0.020000,0.020000,0.020000,1.251697540283e-3,1.262977719307e-3,1.128017902374e-5,1.128017902374e-5,-4.212558269501e-5,-5.340576171875e-5,5.112141370773e-4,-5.646198987961e-4,6.210803985596e-5,0.10999974,0.48705497,0.77406244,2,63,0,-1,0.000000000000e0,1.105169455210e-7
364,77a19d3c4e280b51,L2-phase17-frozen,0,2500,62,16,0.010000,0.020000,0.020000,0.020000,1.251697540283e-3,1.262977719307e-3,1.128017902374e-5,1.128017902374e-5,-2.893805503845e-5,-4.021823406219e-5,3.860741853714e-4,-4.262924194336e-4,6.422400474548e-5,0.14786074,0.60525028,0.80260766,5,63,0,-1,0.000000000000e0,7.326404253642e-8
365,77a19d3c4e280b51,L0-original-frozen,1,2500,62,16,0.010000,0.020000,0.005000,0.020000,1.251697540283e-3,1.238152384758e-3,1.354515552521e-5,-1.354515552521e-5,1.835823059082e-5,3.190338611603e-5,2.719312906265e-4,-2.400279045105e-4,3.159046173096e-5,0.13161162,0.58343680,0.82915322,2,63,0,-1,0.000000000000e0,8.195638656616e-8
366,77a19d3c4e280b51,L2-phase17-frozen,1,2500,62,16,0.010000,0.020000,0.005000,0.020000,1.251697540283e-3,1.238152384758e-3,1.354515552521e-5,-1.354515552521e-5,7.823109626770e-6,2.136826515198e-5,2.126395702362e-4,-1.912713050842e-4,3.881752490997e-5,0.20294484,0.64474914,0.84418822,5,63,0,-1,0.000000000000e0,9.934107462565e-8
367,77a19d3c4e280b51,L0-original-frozen,0,2600,67,88,0.020000,0.020000,0.000000,-0.010000,-1.430511474609e-4,-1.357644796371e-4,7.286667823792e-6,7.286667823792e-6,-5.838423967361e-4,-5.911290645599e-4,6.442427635193e-3,-7.033556699753e-3,1.043200492859e-3,0.14369277,0.52684666,0.72571788,2,63,0,-1,0.000000000000e0,1.396983861923e-7
368,77a19d3c4e280b51,L2-phase17-frozen,0,2600,67,88,0.020000,0.020000,0.000000,-0.010000,-1.430511474609e-4,-1.357644796371e-4,7.286667823792e-6,7.286667823792e-6,-1.015201210976e-3,-1.022487878799e-3,7.265225052834e-3,-8.287712931633e-3,1.414939761162e-3,0.17072741,0.58244558,0.76813220,6,63,0,-1,0.000000000000e0,1.260389884313e-7
369,77a19d3c4e280b51,L0-original-frozen,1,2600,67,88,0.020000,0.020000,0.010000,0.020000,-1.430511474609e-4,-1.525878906250e-4,9.536743164062e-6,-9.536743164062e-6,4.601478576660e-5,5.555152893066e-5,6.459057331085e-4,-5.903542041779e-4,1.150369644165e-4,0.19486092,0.49601191,0.73317684,9,63,0,-1,0.000000000000e0,1.216928164164e-7
370,77a19d3c4e280b51,L2-phase17-frozen,1,2600,67,88,0.020000,0.020000,0.010000,0.020000,-1.430511474609e-4,-1.525878906250e-4,9.536743164062e-6,-9.536743164062e-6,-4.354119300842e-5,-3.400444984436e-5,6.833523511887e-4,-7.173568010330e-4,1.115798950195e-4,0.14690181,0.45399971,0.71890904,7,63,0,-1,0.000000000000e0,1.390775044759e-7
371,77a19d3c4e280b51,L0-original-frozen,0,2650,70,62,-0.020000,0.020000,-0.010000,0.020000,-1.510381698608e-4,-1.287162303925e-4,2.232193946838e-5,2.232193946838e-5,6.616115570068e-5,4.383921623230e-5,2.476722002029e-4,-2.038329839706e-4,2.901256084442e-5,0.11301996,0.46392280,0.71350245,53,63,0,-1,0.000000000000e0,1.067916552226e-7
372,77a19d3c4e280b51,L2-phase17-frozen,0,2650,70,62,-0.020000,0.020000,-0.010000,0.020000,-1.510381698608e-4,-1.287162303925e-4,2.232193946838e-5,2.232193946838e-5,5.213916301727e-5,2.981722354889e-5,2.492666244507e-4,-2.194494009018e-4,2.284348011017e-5,0.10158213,0.44163781,0.70401304,52,63,0,-1,0.000000000000e0,9.064873059591e-8
373,77a19d3c4e280b51,L0-original-frozen,1,2650,70,62,-0.020000,0.020000,-0.005000,0.020000,-1.510381698608e-4,-1.183003187180e-4,3.273785114288e-5,3.273785114288e-5,9.834766387939e-5,6.560981273651e-5,3.710240125656e-4,-3.054141998291e-4,4.346668720245e-5,0.11294887,0.46423692,0.71326112,53,63,0,-1,0.000000000000e0,1.204510529836e-7
374,77a19d3c4e280b51,L2-phase17-frozen,1,2650,70,62,-0.020000,0.020000,-0.005000,0.020000,-1.510381698608e-4,-1.183003187180e-4,3.273785114288e-5,3.273785114288e-5,7.733702659607e-5,4.459917545319e-5,3.734678030014e-4,-3.288686275482e-4,3.424286842346e-5,0.10172179,0.44204803,0.70439511,52,63,0,-1,0.000000000000e0,8.443991343180e-8
375,77a19d3c4e280b51,L0-original-frozen,0,2700,22,87,0.020000,-0.020000,0.020000,-0.010000,3.203153610229e-4,3.189593553543e-4,1.356005668640e-6,-1.356005668640e-6,-6.675720214844e-6,-5.319714546204e-6,2.592802047729e-6,-7.912516593933e-6,4.574656486511e-6,0.57815443,0.74576271,0.85499058,0,63,0,-1,0.000000000000e0,8.692344029744e-8
376,77a19d3c4e280b51,L2-phase17-frozen,0,2700,22,87,0.020000,-0.020000,0.020000,-0.010000,3.203153610229e-4,3.189593553543e-4,1.356005668640e-6,-1.356005668640e-6,-1.117587089539e-6,2.384185791016e-7,2.339482307434e-6,-2.101063728333e-6,2.831220626831e-7,0.13475177,0.41134752,0.64539007,0,63,0,-1,0.000000000000e0,8.071462313334e-8
377,77a19d3c4e280b51,L0-original-frozen,1,2700,22,87,0.020000,-0.020000,0.020000,-0.005000,3.203153610229e-4,3.182888031006e-4,2.026557922363e-6,-2.026557922363e-6,-1.005828380585e-5,-8.031725883484e-6,3.740191459656e-6,-1.177191734314e-5,6.914138793945e-6,0.58734177,0.75569620,0.85443038,0,63,0,-1,0.000000000000e0,9.685754776001e-8
378,77a19d3c4e280b51,L2-phase17-frozen,1,2700,22,87,0.020000,-0.020000,0.020000,-0.005000,3.203153610229e-4,3.182888031006e-4,2.026557922363e-6,-2.026557922363e-6,-1.713633537292e-6,3.129243850708e-7,3.024935722351e-6,-2.712011337280e-6,3.874301910400e-7,0.13186813,0.46703297,0.68681319,0,63,0,-1,0.000000000000e0,7.326404253642e-8
379,77a19d3c4e280b51,L0-original-frozen,0,2750,71,15,0.020000,0.020000,0.010000,0.020000,-1.716017723083e-4,-1.492500305176e-4,2.235174179077e-5,2.235174179077e-5,-4.106760025024e-5,-6.341934204102e-5,1.927316188812e-4,-2.561509609222e-4,3.476440906525e-5,0.12984293,0.44072135,0.64269924,11,63,0,-1,0.000000000000e0,1.173466444016e-7
380,77a19d3c4e280b51,L2-phase17-frozen,0,2750,71,15,0.020000,0.020000,0.010000,0.020000,-1.716017723083e-4,-1.492500305176e-4,2.235174179077e-5,2.235174179077e-5,-1.858174800873e-5,-4.093348979950e-5,2.177506685257e-4,-2.586841583252e-4,3.448128700256e-5,0.13329493,0.48358295,0.71221198,11,63,0,-1,0.000000000000e0,1.303851604462e-7
381,77a19d3c4e280b51,L0-original-frozen,1,2750,71,15,0.020000,0.020000,0.005000,0.020000,-1.716017723083e-4,-1.389384269714e-4,3.266334533691e-5,3.266334533691e-5,-6.248056888580e-5,-9.514391422272e-5,2.889186143875e-4,-3.840625286102e-4,5.219876766205e-5,0.12978195,0.44098704,0.64289594,11,63,0,-1,0.000000000000e0,1.130004723867e-7
382,77a19d3c4e280b51,L2-phase17-frozen,1,2750,71,15,0.020000,0.020000,0.005000,0.020000,-1.716017723083e-4,-1.389384269714e-4,3.266334533691e-5,3.266334533691e-5,-2.886354923248e-5,-6.152689456940e-5,3.271549940109e-4,-3.886818885803e-4,5.158782005310e-5,0.13272504,0.48240301,0.71055053,11,63,0,-1,0.000000000000e0,1.452863216400e-7
383,77a19d3c4e280b51,L0-original-frozen,0,2800,108,78,0.020000,0.020000,0.020000,0.010000,7.125288248062e-4,6.654113531113e-4,4.711747169495e-5,-4.711747169495e-5,-4.236400127411e-5,4.753470420837e-6,5.745887756348e-5,-5.270540714264e-5,8.270144462585e-6,0.15691264,0.56743003,0.84789370,0,63,0,-1,0.000000000000e0,6.084640820821e-8
384,77a19d3c4e280b51,L2-phase17-frozen,0,2800,108,78,0.020000,0.020000,0.020000,0.010000,7.125288248062e-4,6.654113531113e-4,4.711747169495e-5,-4.711747169495e-5,-4.394352436066e-5,3.173947334290e-6,5.272030830383e-5,-4.954636096954e-5,7.718801498413e-6,0.15578947,0.52872180,0.79157895,0,63,0,-1,0.000000000000e0,7.078051567078e-8
385,77a19d3c4e280b51,L0-original-frozen,0,2850,21,19,-0.010000,0.020000,-0.005000,0.010000,4.423409700394e-4,4.467070102692e-4,4.366040229797e-6,4.366040229797e-6,9.693205356598e-5,9.256601333618e-5,4.034698009491e-3,-3.942131996155e-3,8.330643177032e-4,0.10442937,0.38709592,0.65119523,3,63,0,-1,0.000000000000e0,1.030663649241e-7
386,77a19d3c4e280b51,L2-phase17-frozen,0,2850,21,19,-0.010000,0.020000,-0.005000,0.010000,4.423409700394e-4,4.467070102692e-4,4.366040229797e-6,4.366040229797e-6,-4.693865776062e-6,-9.059906005859e-6,3.837570548058e-3,-3.846630454063e-3,8.554011583328e-4,0.08397671,0.37701971,0.67343294,3,63,0,-1,0.000000000000e0,1.452863216400e-7
387,77a19d3c4e280b51,L0-original-frozen,1,2850,21,19,-0.010000,0.020000,0.020000,0.010000,4.423409700394e-4,4.497468471527e-4,7.405877113342e-6,7.405877113342e-6,-9.287893772125e-5,-1.002848148346e-4,7.169112563133e-3,-7.269397377968e-3,9.272843599319e-4,0.12756000,0.45675948,0.67578986,2,63,0,-1,0.000000000000e0,1.564621925354e-7
388,77a19d3c4e280b51,L2-phase17-frozen,1,2850,21,19,-0.010000,0.020000,0.020000,0.010000,4.423409700394e-4,4.497468471527e-4,7.405877113342e-6,7.405877113342e-6,-4.824250936508e-4,-4.898309707642e-4,6.976008415222e-3,-7.465839385986e-3,9.700506925583e-4,0.12993190,0.47211511,0.68206513,2,63,0,-1,0.000000000000e0,1.639127731323e-7
389,77a19d3c4e280b51,L0-original-frozen,0,2900,75,65,-0.020000,0.000000,-0.020000,0.005000,-1.572668552399e-4,-1.572668552399e-4,0.000000000000e0,0.000000000000e0,0.000000000000e0,0.000000000000e0,0.000000000000e0,0.000000000000e0,0.000000000000e0,0.00000000,0.00000000,0.00000000,0,63,0,-1,0.000000000000e0,0.000000000000e0
390,77a19d3c4e280b51,L2-phase17-frozen,0,2900,75,65,-0.020000,0.000000,-0.020000,0.005000,-1.572668552399e-4,-1.572668552399e-4,0.000000000000e0,0.000000000000e0,0.000000000000e0,0.000000000000e0,0.000000000000e0,0.000000000000e0,0.000000000000e0,0.00000000,0.00000000,0.00000000,0,63,0,-1,0.000000000000e0,0.000000000000e0
391,77a19d3c4e280b51,L0-original-frozen,1,2900,75,65,-0.020000,0.000000,-0.020000,-0.005000,-1.572668552399e-4,-1.572668552399e-4,0.000000000000e0,0.000000000000e0,0.000000000000e0,0.000000000000e0,0.000000000000e0,0.000000000000e0,0.000000000000e0,0.00000000,0.00000000,0.00000000,0,63,0,-1,0.000000000000e0,0.000000000000e0
392,77a19d3c4e280b51,L2-phase17-frozen,1,2900,75,65,-0.020000,0.000000,-0.020000,-0.005000,-1.572668552399e-4,-1.572668552399e-4,0.000000000000e0,0.000000000000e0,0.000000000000e0,0.000000000000e0,0.000000000000e0,0.000000000000e0,0.000000000000e0,0.00000000,0.00000000,0.00000000,0,63,0,-1,0.000000000000e0,0.000000000000e0
393,77a19d3c4e280b51,L0-original-frozen,0,2950,22,95,-0.020000,0.010000,-0.020000,0.005000,-3.765970468521e-4,-3.831237554550e-4,6.526708602905e-6,-6.526708602905e-6,6.705522537231e-6,1.323223114014e-5,1.150667667389e-4,-1.018345355988e-4,1.418590545654e-5,0.13930348,0.59438104,0.81357916,19,63,0,-1,0.000000000000e0,1.067916552226e-7
394,77a19d3c4e280b51,L2-phase17-frozen,0,2950,22,95,-0.020000,0.010000,-0.020000,0.005000,-3.765970468521e-4,-3.831237554550e-4,6.526708602905e-6,-6.526708602905e-6,-3.516674041748e-6,3.010034561157e-6,1.032501459122e-4,-1.002401113510e-4,1.238286495209e-5,0.11713988,0.57380705,0.81997919,20,63,0,-1,0.000000000000e0,1.080334186554e-7
395,77a19d3c4e280b51,L0-original-frozen,1,2950,22,95,-0.020000,0.010000,-0.020000,0.000000,-3.765970468521e-4,-3.898888826370e-4,1.329183578491e-5,-1.329183578491e-5,1.461803913116e-5,2.790987491608e-5,2.280771732330e-4,-2.001672983170e-4,2.899765968323e-5,0.14486712,0.60180153,0.81299784,19,63,0,-1,0.000000000000e0,8.071462313334e-8
396,77a19d3c4e280b51,L2-phase17-frozen,1,2950,22,95,-0.020000,0.010000,-0.020000,0.000000,-3.765970468521e-4,-3.898888826370e-4,1.329183578491e-5,-1.329183578491e-5,-7.212162017822e-6,6.079673767090e-6,2.039968967438e-4,-1.979172229767e-4,2.481043338776e-5,0.11873212,0.58093661,0.81486222,20,63,0,-1,0.000000000000e0,9.685754776001e-8
397,77a19d3c4e280b51,L0-original-frozen,0,3000,76,18,-0.020000,-0.010000,-0.020000,-0.005000,1.073926687241e-4,1.102536916733e-4,2.861022949219e-6,2.861022949219e-6,-2.611577510834e-4,-2.640187740326e-4,1.078948378563e-3,-1.342967152596e-3,2.471953630447e-4,0.18406657,0.58588627,0.76936477,4,63,0,-1,0.000000000000e0,7.512668768565e-8
398,77a19d3c4e280b51,L2-phase17-frozen,0,3000,76,18,-0.020000,-0.010000,-0.020000,-0.005000,1.073926687241e-4,1.102536916733e-4,2.861022949219e-6,2.861022949219e-6,-1.240372657776e-4,-1.268982887268e-4,1.262307167053e-3,-1.389205455780e-3,2.963244915009e-4,0.21330502,0.55453297,0.73623804,2,63,0,-1,0.000000000000e0,6.953875223795e-8
399,77a19d3c4e280b51,L0-original-frozen,1,3000,76,18,-0.020000,-0.010000,-0.010000,-0.005000,1.073926687241e-4,9.422004222870e-5,1.317262649536e-5,-1.317262649536e-5,-2.713501453400e-4,-2.581775188446e-4,1.100003719330e-3,-1.358181238174e-3,2.538114786148e-4,0.18687600,0.58318522,0.76901894,5,63,0,-1,0.000000000000e0,6.829698880513e-8
400,77a19d3c4e280b51,L2-phase17-frozen,1,3000,76,18,-0.020000,-0.010000,-0.010000,-0.005000,1.073926687241e-4,9.422004222870e-5,1.317262649536e-5,-1.317262649536e-5,-1.297444105148e-4,-1.165717840195e-4,1.276105642319e-3,-1.392677426338e-3,3.020018339157e-4,0.21684981,0.55299002,0.73202726,5,63,0,-1,0.000000000000e0,1.092751820882e-7
401,77a19d3c4e280b51,L0-original-frozen,0,3050,13,58,0.010000,0.020000,0.005000,-0.020000,-2.096593379974e-4,-1.959949731827e-4,1.366436481476e-5,1.366436481476e-5,-1.511290669441e-3,-1.524955034256e-3,3.917470574379e-3,-5.442425608635e-3,5.476474761963e-4,0.10030254,0.41402932,0.63640670,5,63,0,-1,0.000000000000e0,6.581346193951e-8
402,77a19d3c4e280b51,L2-phase17-frozen,0,3050,13,58,0.010000,0.020000,0.005000,-0.020000,-2.096593379974e-4,-1.959949731827e-4,1.366436481476e-5,1.366436481476e-5,-1.564174890518e-3,-1.577839255333e-3,4.210799932480e-3,-5.788639187813e-3,6.268769502640e-4,0.10829436,0.38822660,0.62025284,6,63,0,-1,0.000000000000e0,7.574756940207e-8
403,77a19d3c4e280b51,L0-original-frozen,1,3050,13,58,0.010000,0.020000,0.010000,-0.010000,-2.096593379974e-4,-1.658052206039e-4,4.385411739349e-5,4.385411739349e-5,-1.114413142204e-3,-1.158267259598e-3,2.857714891434e-3,-4.015982151031e-3,4.056692123413e-4,0.10101370,0.41521216,0.64122030,5,63,0,-1,0.000000000000e0,7.326404253642e-8
404,77a19d3c4e280b51,L2-phase17-frozen,1,3050,13,58,0.010000,0.020000,0.010000,-0.010000,-2.096593379974e-4,-1.658052206039e-4,4.385411739349e-5,4.385411739349e-5,-1.148417592049e-3,-1.192271709442e-3,3.056988120079e-3,-4.249259829521e-3,4.585385322571e-4,0.10791021,0.39154449,0.62692565,6,63,0,-1,0.000000000000e0,9.189049402873e-8
405,77a19d3c4e280b51,L0-original-frozen,0,3100,29,19,0.020000,0.020000,0.010000,0.005000,2.812147140503e-4,2.796202898026e-4,1.594424247742e-6,-1.594424247742e-6,-7.161498069763e-4,-7.145553827286e-4,7.348090410233e-3,-8.062645792961e-3,1.408323645592e-3,0.15648293,0.44023102,0.63932727,3,63,0,-1,0.000000000000e0,8.443991343182e-8
406,77a19d3c4e280b51,L2-phase17-frozen,0,3100,29,19,0.020000,0.020000,0.010000,0.005000,2.812147140503e-4,2.796202898026e-4,1.594424247742e-6,-1.594424247742e-6,-5.495399236679e-4,-5.479454994202e-4,6.789669394493e-3,-7.337614893913e-3,1.352056860924e-3,0.18039515,0.48595607,0.71696056,2,63,0,-1,0.000000000000e0,8.195638656616e-8
407,77a19d3c4e280b51,L0-original-frozen,1,3100,29,19,0.020000,0.020000,0.005000,0.010000,2.812147140503e-4,2.929121255875e-4,1.169741153717e-5,1.169741153717e-5,-4.445612430573e-4,-4.562586545944e-4,4.971027374268e-3,-5.427286028862e-3,9.353607892990e-4,0.15488758,0.43526285,0.63711393,5,63,0,-1,0.000000000000e0,9.126961231232e-8
408,77a19d3c4e280b51,L2-phase17-frozen,1,3100,29,19,0.020000,0.020000,0.005000,0.010000,2.812147140503e-4,2.929121255875e-4,1.169741153717e-5,1.169741153717e-5,-3.248006105423e-4,-3.364980220795e-4,4.599988460541e-3,-4.936486482620e-3,8.968710899353e-4,0.17853068,0.48127275,0.70907565,3,63,0,-1,0.000000000000e0,1.055498917898e-7
409,77a19d3c4e280b51,L0-original-frozen,0,3150,122,26,-0.020000,-0.020000,-0.020000,0.020000,1.724213361740e-4,1.688152551651e-4,3.606081008911e-6,-3.606081008911e-6,-1.903325319290e-4,-1.867264509201e-4,1.453101634979e-3,-1.639828085899e-3,4.037171602249e-4,0.24619481,0.50707425,0.71908366,3,63,0,-1,0.000000000000e0,5.463759104411e-8
410,77a19d3c4e280b51,L2-phase17-frozen,0,3150,122,26,-0.020000,-0.020000,-0.020000,0.020000,1.724213361740e-4,1.688152551651e-4,3.606081008911e-6,-3.606081008911e-6,-2.065300941467e-4,-2.029240131378e-4,1.402944326401e-3,-1.605868339539e-3,2.322196960449e-4,0.10089266,0.37773736,0.58955349,3,63,0,-1,0.000000000000e0,3.601113955180e-8
411,77a19d3c4e280b51,L0-original-frozen,1,3150,122,26,-0.020000,-0.020000,-0.020000,0.010000,1.724213361740e-4,1.403242349625e-4,3.209710121155e-5,-3.209710121155e-5,-1.090914011002e-4,-7.699429988861e-5,1.097857952118e-3,-1.174852252007e-3,2.823919057846e-4,0.24036376,0.49379146,0.70765953,3,63,0,-1,0.000000000000e0,6.208817164103e-8
412,77a19d3c4e280b51,L2-phase17-frozen,1,3150,122,26,-0.020000,-0.020000,-0.020000,0.010000,1.724213361740e-4,1.403242349625e-4,3.209710121155e-5,-3.209710121155e-5,-1.264363527298e-4,-9.433925151825e-5,1.185014843941e-3,-1.279354095459e-3,2.071857452393e-4,0.09284150,0.38434122,0.59669679,3,63,0,-1,0.000000000000e0,5.960464477539e-8
413,77a19d3c4e280b51,L0-original-frozen,0,3200,23,102,0.020000,-0.010000,0.005000,0.000000,6.458163261414e-5,6.984174251556e-5,5.260109901428e-6,5.260109901428e-6,2.121329307556e-4,2.068728208542e-4,2.964109182358e-3,-2.757236361504e-3,3.618896007538e-4,0.09356068,0.40332370,0.59716810,37,63,0,-1,0.000000000000e0,9.313225746155e-8
414,77a19d3c4e280b51,L2-phase17-frozen,0,3200,23,102,0.020000,-0.010000,0.005000,0.000000,6.458163261414e-5,6.984174251556e-5,5.260109901428e-6,5.260109901428e-6,2.719610929489e-4,2.667009830475e-4,3.564864397049e-3,-3.298163414001e-3,3.912746906281e-4,0.09448983,0.40768334,0.60972006,7,63,0,-1,0.000000000000e0,7.512668768565e-8
415,77a19d3c4e280b51,L0-original-frozen,1,3200,23,102,0.020000,-0.010000,0.010000,-0.005000,6.458163261414e-5,7.380545139313e-5,9.223818778992e-6,9.223818778992e-6,1.365393400192e-4,1.273155212402e-4,2.071171998978e-3,-1.943856477737e-3,2.525299787521e-4,0.09257187,0.40949023,0.60027597,37,63,0,-1,0.000000000000e0,1.105169455210e-7
416,77a19d3c4e280b51,L2-phase17-frozen,1,3200,23,102,0.020000,-0.010000,0.010000,-0.005000,6.458163261414e-5,7.380545139313e-5,9.223818778992e-6,9.223818778992e-6,1.591742038727e-4,1.499503850937e-4,2.448603510857e-3,-2.298653125763e-3,2.724379301071e-4,0.09503436,0.42451057,0.62601452,7,63,0,-1,0.000000000000e0,1.130004723867e-7
417,77a19d3c4e280b51,L0-original-frozen,0,3250,96,6,0.020000,-0.020000,0.010000,-0.020000,-1.355275511742e-3,-1.317560672760e-3,3.771483898163e-5,3.771483898163e-5,-8.159875869751e-5,-1.193135976791e-4,4.669576883316e-4,-5.862712860107e-4,6.370246410370e-5,0.10273485,0.42641826,0.60738613,16,63,0,-1,0.000000000000e0,9.934107462565e-8
418,77a19d3c4e280b51,L2-phase17-frozen,0,3250,96,6,0.020000,-0.020000,0.010000,-0.020000,-1.355275511742e-3,-1.317560672760e-3,3.771483898163e-5,3.771483898163e-5,-6.687641143799e-5,-1.045912504196e-4,4.216954112053e-4,-5.262866616249e-4,5.501508712769e-5,0.10436457,0.40226793,0.57857780,12,63,0,-1,0.000000000000e0,7.078051567078e-8
419,77a19d3c4e280b51,L0-original-frozen,0,3350,50,6,-0.020000,-0.020000,-0.010000,-0.020000,-8.610039949417e-4,-8.637905120850e-4,2.786517143250e-6,-2.786517143250e-6,1.117587089539e-6,3.904104232788e-6,1.336634159088e-5,-9.462237358093e-6,4.507601261139e-6,0.17086614,0.59842520,0.78740157,60,63,0,-1,0.000000000000e0,4.967053731283e-8
420,77a19d3c4e280b51,L2-phase17-frozen,0,3350,50,6,-0.020000,-0.020000,-0.010000,-0.020000,-8.610039949417e-4,-8.637905120850e-4,2.786517143250e-6,-2.786517143250e-6,-2.235174179077e-8,2.764165401459e-6,1.185387372971e-5,-9.089708328247e-6,3.129243850708e-6,0.15163934,0.48114754,0.74508197,26,63,0,-1,0.000000000000e0,5.215406417847e-8
421,77a19d3c4e280b51,L0-original-frozen,1,3350,50,6,-0.020000,-0.020000,-0.005000,-0.020000,-8.610039949417e-4,-8.651912212372e-4,4.187226295471e-6,-4.187226295471e-6,1.691281795502e-6,5.878508090973e-6,2.319365739822e-5,-1.731514930725e-5,6.750226020813e-6,0.16437177,0.62693632,0.80679862,60,63,0,-1,0.000000000000e0,4.221995671590e-8
422,77a19d3c4e280b51,L2-phase17-frozen,1,3350,50,6,-0.020000,-0.020000,-0.005000,-0.020000,-8.610039949417e-4,-8.651912212372e-4,4.187226295471e-6,-4.187226295471e-6,-3.725290298462e-8,4.149973392487e-6,1.755356788635e-5,-1.340359449387e-5,5.111098289490e-6,0.17565314,0.52084491,0.72984992,26,63,0,-1,0.000000000000e0,4.221995671590e-8
423,77a19d3c4e280b51,L0-original-frozen,0,3450,6,4,-0.020000,-0.010000,-0.020000,-0.005000,-7.856711745262e-4,-8.069872856140e-4,2.131611108780e-5,-2.131611108780e-5,-2.085417509079e-5,4.619359970093e-7,1.415386795998e-4,-1.410767436028e-4,2.058595418930e-5,0.14592025,0.50071297,0.70884605,3,63,0,-1,0.000000000000e0,4.594524701436e-8
424,77a19d3c4e280b51,L2-phase17-frozen,0,3450,6,4,-0.020000,-0.010000,-0.020000,-0.005000,-7.856711745262e-4,-8.069872856140e-4,2.131611108780e-5,-2.131611108780e-5,1.445412635803e-6,2.276152372360e-5,1.676231622696e-4,-1.448616385460e-4,2.009421586990e-5,0.13655300,0.48418454,0.74160366,3,63,0,-1,0.000000000000e0,6.208817164103e-8
425,77a19d3c4e280b51,L0-original-frozen,1,3450,6,4,-0.020000,-0.010000,-0.020000,-0.020000,-7.856711745262e-4,-7.474720478058e-4,3.819912672043e-5,3.819912672043e-5,3.779679536819e-5,-4.023313522339e-7,2.640709280968e-4,-2.644732594490e-4,4.152208566666e-5,0.15051976,0.48513959,0.72890667,3,63,0,-1,0.000000000000e0,5.215406417847e-8
426,77a19d3c4e280b51,L2-phase17-frozen,1,3450,6,4,-0.020000,-0.010000,-0.020000,-0.020000,-7.856711745262e-4,-7.474720478058e-4,3.819912672043e-5,3.819912672043e-5,-7.733702659607e-6,-4.593282938004e-5,2.876520156860e-4,-3.335848450661e-4,4.029273986816e-5,0.12078708,0.52428919,0.76566234,3,63,0,-1,0.000000000000e0,7.574756940206e-8
427,77a19d3c4e280b51,L0-original-frozen,0,3500,83,27,-0.010000,0.020000,-0.005000,0.020000,-6.413608789444e-4,-5.928650498390e-4,4.849582910538e-5,4.849582910538e-5,7.921457290649e-5,3.071874380112e-5,1.768618822098e-4,-1.461431384087e-4,3.012269735336e-5,0.20611777,0.59709406,0.82824369,0,63,0,-1,0.000000000000e0,6.208817164103e-8
428,77a19d3c4e280b51,L2-phase17-frozen,0,3500,83,27,-0.010000,0.020000,-0.005000,0.020000,-6.413608789444e-4,-5.928650498390e-4,4.849582910538e-5,4.849582910538e-5,6.408989429474e-5,1.559406518936e-5,1.810193061829e-4,-1.654252409935e-4,2.887099981308e-5,0.12795568,0.51569608,0.76971580,0,63,0,-1,0.000000000000e0,9.437402089437e-8
429,77a19d3c4e280b51,L0-original-frozen,0,3550,0,87,0.020000,-0.020000,0.020000,-0.010000,-1.140296459198e-3,-1.122273504734e-3,1.802295446396e-5,1.802295446396e-5,9.559094905853e-6,-8.463859558105e-6,2.650916576385e-5,-3.497302532196e-5,5.163252353668e-6,0.13101832,0.46016191,0.64167022,54,63,0,-1,0.000000000000e0,4.967053731283e-8
430,77a19d3c4e280b51,L2-phase17-frozen,0,3550,0,87,0.020000,-0.020000,0.020000,-0.010000,-1.140296459198e-3,-1.122273504734e-3,1.802295446396e-5,1.802295446396e-5,1.722574234009e-5,-7.972121238708e-7,2.216547727585e-5,-2.296268939972e-5,3.106892108917e-6,0.13530175,0.41888384,0.66255678,0,63,0,-1,0.000000000000e0,7.202227910360e-8
431,77a19d3c4e280b51,L0-original-frozen,1,3550,0,87,0.020000,-0.020000,0.020000,-0.005000,-1.140296459198e-3,-1.113295555115e-3,2.700090408325e-5,2.700090408325e-5,1.432746648788e-5,-1.267343759537e-5,4.145503044128e-5,-5.412846803665e-5,8.553266525269e-6,0.10516173,0.43441156,0.64955265,54,63,0,-1,0.000000000000e0,7.450580596924e-8
432,77a19d3c4e280b51,L2-phase17-frozen,1,3550,0,87,0.020000,-0.020000,0.020000,-0.005000,-1.140296459198e-3,-1.113295555115e-3,2.700090408325e-5,2.700090408325e-5,2.578645944595e-5,-1.214444637299e-6,3.328174352646e-5,-3.449618816376e-5,4.656612873077e-6,0.13498920,0.41749460,0.66112311,0,63,0,-1,0.000000000000e0,7.450580596924e-8
433,77a19d3c4e280b51,L0-original-frozen,0,3600,46,18,-0.010000,0.010000,-0.005000,0.010000,-2.707764506340e-4,-2.720057964325e-4,1.229345798492e-6,-1.229345798492e-6,1.229345798492e-6,2.458691596985e-6,1.977384090424e-5,-1.731514930725e-5,4.760921001434e-6,0.12779690,0.49397590,0.72117040,2,63,0,-1,0.000000000000e0,3.476937611898e-8
434,77a19d3c4e280b51,L2-phase17-frozen,0,3600,46,18,-0.010000,0.010000,-0.005000,0.010000,-2.707764506340e-4,-2.720057964325e-4,1.229345798492e-6,-1.229345798492e-6,-2.816319465637e-6,-1.586973667145e-6,3.375858068466e-5,-3.534555435181e-5,4.939734935760e-6,0.13975548,0.53857504,0.77782462,3,63,0,-1,0.000000000000e0,3.725290298462e-8
435,77a19d3c4e280b51,L0-original-frozen,1,3600,46,18,-0.010000,0.010000,-0.020000,0.010000,-2.707764506340e-4,-2.687871456146e-4,1.989305019379e-6,1.989305019379e-6,-3.002583980560e-6,-4.991888999939e-6,3.422796726227e-5,-3.921985626221e-5,9.521842002869e-6,0.24278116,0.66907295,0.90653495,2,63,0,-1,0.000000000000e0,4.221995671590e-8
436,77a19d3c4e280b51,L2-phase17-frozen,1,3600,46,18,-0.010000,0.010000,-0.020000,0.010000,-2.707764506340e-4,-2.687871456146e-4,1.989305019379e-6,1.989305019379e-6,5.125999450684e-6,3.136694431305e-6,7.043778896332e-5,-6.730109453201e-5,9.939074516296e-6,0.14402745,0.49319163,0.76940108,3,63,0,-1,0.000000000000e0,4.470348358154e-8
437,77a19d3c4e280b51,L0-original-frozen,0,3650,16,25,-0.020000,0.000000,-0.020000,-0.005000,4.816129803658e-4,4.816129803658e-4,0.000000000000e0,0.000000000000e0,0.000000000000e0,0.000000000000e0,0.000000000000e0,0.000000000000e0,0.000000000000e0,0.00000000,0.00000000,0.00000000,0,63,0,-1,0.000000000000e0,0.000000000000e0
438,77a19d3c4e280b51,L2-phase17-frozen,0,3650,16,25,-0.020000,0.000000,-0.020000,-0.005000,4.816129803658e-4,4.816129803658e-4,0.000000000000e0,0.000000000000e0,0.000000000000e0,0.000000000000e0,0.000000000000e0,0.000000000000e0,0.000000000000e0,0.00000000,0.00000000,0.00000000,0,63,0,-1,0.000000000000e0,0.000000000000e0
439,77a19d3c4e280b51,L0-original-frozen,1,3650,16,25,-0.020000,0.000000,-0.020000,-0.020000,4.816129803658e-4,4.816129803658e-4,0.000000000000e0,0.000000000000e0,0.000000000000e0,0.000000000000e0,0.000000000000e0,0.000000000000e0,0.000000000000e0,0.00000000,0.00000000,0.00000000,0,63,0,-1,0.000000000000e0,0.000000000000e0
440,77a19d3c4e280b51,L2-phase17-frozen,1,3650,16,25,-0.020000,0.000000,-0.020000,-0.020000,4.816129803658e-4,4.816129803658e-4,0.000000000000e0,0.000000000000e0,0.000000000000e0,0.000000000000e0,0.000000000000e0,0.000000000000e0,0.000000000000e0,0.00000000,0.00000000,0.00000000,0,63,0,-1,0.000000000000e0,0.000000000000e0
441,77a19d3c4e280b51,L0-original-frozen,0,3700,23,118,-0.020000,0.000000,-0.020000,0.005000,8.199214935303e-4,7.855296134949e-4,3.439188003540e-5,-3.439188003540e-5,-6.145238876343e-5,-2.706050872803e-5,8.831918239594e-5,-1.153796911240e-4,1.943111419678e-5,0.16841018,0.46596926,0.65394550,0,63,0,-1,0.000000000000e0,5.463759104411e-8
442,77a19d3c4e280b51,L2-phase17-frozen,0,3700,23,118,-0.020000,0.000000,-0.020000,0.005000,8.199214935303e-4,7.855296134949e-4,3.439188003540e-5,-3.439188003540e-5,-6.350874900818e-5,-2.911686897278e-5,6.525218486786e-5,-9.436905384064e-5,1.156330108643e-5,0.12253276,0.47307753,0.65513974,0,63,0,-1,0.000000000000e0,6.457169850667e-8
443,77a19d3c4e280b51,L0-original-frozen,0,3750,105,13,-0.020000,-0.020000,-0.010000,-0.020000,1.205205917358e-4,1.185387372971e-4,1.981854438782e-6,-1.981854438782e-6,-1.009181141853e-4,-9.893625974655e-5,3.392398357391e-4,-4.381760954857e-4,7.069110870361e-5,0.15410382,0.50839129,0.70366088,0,63,0,-1,0.000000000000e0,5.712111790974e-8
444,77a19d3c4e280b51,L2-phase17-frozen,0,3750,105,13,-0.020000,-0.020000,-0.010000,-0.020000,1.205205917358e-4,1.185387372971e-4,1.981854438782e-6,-1.981854438782e-6,-9.754300117493e-5,-9.556114673615e-5,3.386661410332e-4,-4.342272877693e-4,6.254017353058e-5,0.13352551,0.42825278,0.65335186,0,63,0,-1,0.000000000000e0,7.698933283488e-8
445,77a19d3c4e280b51,L0-original-frozen,1,3750,105,13,-0.020000,-0.020000,-0.005000,-0.020000,1.205205917358e-4,1.148283481598e-4,5.692243576050e-6,-5.692243576050e-6,-1.541674137115e-4,-1.484751701355e-4,5.090460181236e-4,-6.575211882591e-4,1.060590147972e-4,0.15412857,0.50851548,0.70379939,0,63,0,-1,0.000000000000e0,5.463759104411e-8
446,77a19d3c4e280b51,L2-phase17-frozen,1,3750,105,13,-0.020000,-0.020000,-0.005000,-0.020000,1.205205917358e-4,1.148283481598e-4,5.692243576050e-6,-5.692243576050e-6,-1.491755247116e-4,-1.434832811356e-4,5.083233118057e-4,-6.518065929413e-4,9.375810623169e-5,0.13336153,0.42803255,0.65361666,0,63,0,-1,0.000000000000e0,5.960464477539e-8
447,77a19d3c4e280b51,L0-original-frozen,0,3800,16,79,0.020000,-0.020000,0.010000,-0.010000,3.655478358269e-4,3.600269556046e-4,5.520880222321e-6,-5.520880222321e-6,1.876875758171e-4,1.932084560394e-4,5.050174891949e-3,-4.856966435909e-3,5.469322204590e-4,0.11260778,0.46370175,0.67419707,2,63,0,-1,0.000000000000e0,6.705522537231e-8
448,77a19d3c4e280b51,L2-phase17-frozen,0,3800,16,79,0.020000,-0.020000,0.010000,-0.010000,3.655478358269e-4,3.600269556046e-4,5.520880222321e-6,-5.520880222321e-6,1.439526677132e-4,1.494735479355e-4,5.019135773182e-3,-4.869662225246e-3,5.118250846863e-4,0.10510484,0.42015621,0.66096589,2,63,0,-1,0.000000000000e0,5.339582761127e-8
449,77a19d3c4e280b51,L0-original-frozen,1,3800,16,79,0.020000,-0.020000,0.020000,-0.010000,3.655478358269e-4,3.599375486374e-4,5.610287189484e-6,-5.610287189484e-6,-4.686415195465e-5,-4.125386476517e-5,1.450583338737e-3,-1.491837203503e-3,1.577064394951e-4,0.09597914,0.38473064,0.63463200,2,63,0,-1,0.000000000000e0,4.967053731282e-8
450,77a19d3c4e280b51,L2-phase17-frozen,1,3800,16,79,0.020000,-0.020000,0.020000,-0.010000,3.655478358269e-4,3.599375486374e-4,5.610287189484e-6,-5.610287189484e-6,-8.812546730042e-5,-8.251518011093e-5,1.438096165657e-3,-1.520611345768e-3,1.298338174820e-4,0.08538264,0.37581887,0.62440652,2,63,0,-1,0.000000000000e0,6.705522537231e-8
451,77a19d3c4e280b51,L0-original-frozen,0,3850,38,34,0.020000,-0.020000,0.010000,-0.020000,1.337528228760e-4,1.424551010132e-4,8.702278137207e-6,8.702278137207e-6,-3.492832183838e-5,-4.363059997559e-5,1.592785120010e-4,-2.029091119766e-4,2.320110797882e-5,0.11415877,0.45006242,0.72328707,5,63,0,-1,0.000000000000e0,2.980232238770e-8
452,77a19d3c4e280b51,L2-phase17-frozen,0,3850,38,34,0.020000,-0.020000,0.010000,-0.020000,1.337528228760e-4,1.424551010132e-4,8.702278137207e-6,8.702278137207e-6,-1.120567321777e-5,-1.990795135498e-5,1.467242836952e-4,-1.666322350502e-4,2.501159906387e-5,0.15010060,0.45794769,0.73878829,8,63,0,-1,0.000000000000e0,3.228584925334e-8
453,77a19d3c4e280b51,L0-original-frozen,1,3850,38,34,0.020000,-0.020000,0.005000,-0.020000,1.337528228760e-4,1.457929611206e-4,1.204013824463e-5,1.204013824463e-5,-5.370378494263e-5,-6.574392318726e-5,2.396181225777e-4,-3.053620457649e-4,3.490597009659e-5,0.11418812,0.45031109,0.72353300,5,63,0,-1,0.000000000000e0,2.980232238770e-8
454,77a19d3c4e280b51,L2-phase17-frozen,1,3850,38,34,0.020000,-0.020000,0.005000,-0.020000,1.337528228760e-4,1.457929611206e-4,1.204013824463e-5,1.204013824463e-5,-1.792609691620e-5,-2.996623516083e-5,2.206489443779e-4,-2.506151795387e-4,3.758817911148e-5,0.14998365,0.45830484,0.73915629,8,63,0,-1,0.000000000000e0,3.228584925334e-8
455,77a19d3c4e280b51,L0-original-frozen,0,3950,43,106,0.020000,0.020000,0.010000,-0.020000,-7.213652133942e-5,-7.113814353943e-5,9.983777999878e-7,9.983777999878e-7,-1.405596733093e-3,-1.406595110893e-3,4.278540611267e-3,-5.685135722160e-3,7.402971386909e-4,0.13021626,0.54665905,0.71356117,3,63,0,-1,0.000000000000e0,4.594524701436e-8
456,77a19d3c4e280b51,L2-phase17-frozen,0,3950,43,106,0.020000,0.020000,0.010000,-0.020000,-7.213652133942e-5,-7.113814353943e-5,9.983777999878e-7,9.983777999878e-7,-1.574024558067e-3,-1.575022935867e-3,4.673756659031e-3,-6.248779594898e-3,7.900148630142e-4,0.12642706,0.56053378,0.74645790,3,63,0,-1,0.000000000000e0,4.470348358154e-8
457,77a19d3c4e280b51,L0-original-frozen,1,3950,43,106,0.020000,0.020000,-0.005000,-0.005000,-7.213652133942e-5,-7.098168134689e-5,1.154839992523e-6,1.154839992523e-6,-1.591183245182e-3,-1.592338085175e-3,4.798620939255e-3,-6.390959024429e-3,8.404925465584e-4,0.13151274,0.53958241,0.70702278,3,63,0,-1,0.000000000000e0,5.712111790976e-8
458,77a19d3c4e280b51,L2-phase17-frozen,1,3950,43,106,0.020000,0.020000,-0.005000,-0.005000,-7.213652133942e-5,-7.098168134689e-5,1.154839992523e-6,1.154839992523e-6,-1.650363206863e-3,-1.651518046856e-3,5.187414586544e-3,-6.838932633400e-3,8.916258811951e-4,0.13037501,0.53925783,0.73582698,3,63,0,-1,0.000000000000e0,5.215406417847e-8
459,77a19d3c4e280b51,L0-original-frozen,0,4000,110,16,0.010000,0.020000,0.020000,0.020000,1.043744385242e-3,1.045204699039e-3,1.460313796997e-6,1.460313796997e-6,-1.408159732819e-6,-2.868473529816e-6,2.997517585754e-4,-3.026202321053e-4,4.157423973083e-5,0.13738090,0.52955659,0.80867617,21,63,0,-1,0.000000000000e0,4.718701044718e-8
460,77a19d3c4e280b51,L2-phase17-frozen,0,4000,110,16,0.010000,0.020000,0.020000,0.020000,1.043744385242e-3,1.045204699039e-3,1.460313796997e-6,1.460313796997e-6,-1.452118158340e-5,-1.598149538040e-5,3.205388784409e-4,-3.365203738213e-4,4.415214061737e-5,0.13120198,0.51316226,0.78023778,2,63,0,-1,0.000000000000e0,5.215406417847e-8
461,77a19d3c4e280b51,L0-original-frozen,1,4000,110,16,0.010000,0.020000,0.005000,0.020000,1.043744385242e-3,1.040168106556e-3,3.576278686523e-6,-3.576278686523e-6,-1.922249794006e-6,1.654028892517e-6,1.508370041847e-4,-1.491829752922e-4,2.077966928482e-5,0.12116067,0.49687859,0.83084453,21,63,0,-1,0.000000000000e0,5.215406417847e-8
462,77a19d3c4e280b51,L2-phase17-frozen,1,4000,110,16,0.010000,0.020000,0.005000,0.020000,1.043744385242e-3,1.040168106556e-3,3.576278686523e-6,-3.576278686523e-6,4.515051841736e-6,8.091330528259e-6,1.678988337517e-4,-1.598075032234e-4,2.194195985794e-5,0.11124062,0.44580167,0.70059210,21,63,0,-1,0.000000000000e0,4.221995671590e-8
463,77a19d3c4e280b51,L0-original-frozen,0,4050,28,75,-0.010000,-0.020000,-0.005000,-0.020000,1.289248466492e-4,1.356005668640e-4,6.675720214844e-6,6.675720214844e-6,-5.684792995453e-6,-1.236051321030e-5,1.381188631058e-4,-1.504793763161e-4,2.316385507584e-5,0.15393375,0.57924444,0.81581423,15,63,0,-1,0.000000000000e0,7.202227910360e-8
464,77a19d3c4e280b51,L2-phase17-frozen,0,4050,28,75,-0.010000,-0.020000,-0.005000,-0.020000,1.289248466492e-4,1.356005668640e-4,6.675720214844e-6,6.675720214844e-6,1.989305019379e-6,-4.686415195465e-6,1.364052295685e-4,-1.410916447639e-4,2.018362283707e-5,0.14305328,0.67053916,0.93182658,15,63,0,-1,0.000000000000e0,6.457169850667e-8
465,77a19d3c4e280b51,L0-original-frozen,1,4050,28,75,-0.010000,-0.020000,0.000000,-0.020000,1.289248466492e-4,1.416802406311e-4,1.275539398193e-5,1.275539398193e-5,-1.200288534164e-5,-2.475827932358e-5,2.764835953712e-4,-3.012418746948e-4,4.637241363525e-5,0.15393748,0.57907103,0.81544321,15,63,0,-1,0.000000000000e0,4.967053731283e-8
466,77a19d3c4e280b51,L2-phase17-frozen,1,4050,28,75,-0.010000,-0.020000,0.000000,-0.020000,1.289248466492e-4,1.416802406311e-4,1.275539398193e-5,1.275539398193e-5,3.337860107422e-6,-9.417533874512e-6,2.728551626205e-4,-2.822726964951e-4,4.042685031891e-5,0.14321913,0.67032677,0.93166341,15,63,0,-1,0.000000000000e0,5.712111790975e-8
467,77a19d3c4e280b51,L0-original-frozen,0,4100,74,6,-0.020000,-0.020000,-0.010000,-0.005000,2.450123429298e-4,2.342984080315e-4,1.071393489838e-5,-1.071393489838e-5,2.164468169212e-4,2.271607518196e-4,2.056151628494e-3,-1.828990876675e-3,2.087131142616e-4,0.10667541,0.48136123,0.72433936,2,63,0,-1,0.000000000000e0,3.725290298462e-8
468,77a19d3c4e280b51,L2-phase17-frozen,0,4100,74,6,-0.020000,-0.020000,-0.010000,-0.005000,2.450123429298e-4,2.342984080315e-4,1.071393489838e-5,-1.071393489838e-5,2.234354615211e-4,2.341493964195e-4,2.137608826160e-3,-1.903459429741e-3,3.115758299828e-4,0.11645621,0.43693390,0.69857287,2,63,0,-1,0.000000000000e0,6.208817164103e-8
469,77a19d3c4e280b51,L0-original-frozen,1,4100,74,6,-0.020000,-0.020000,-0.005000,0.020000,2.450123429298e-4,2.592429518700e-4,1.423060894012e-5,1.423060894012e-5,4.424974322319e-4,4.282668232918e-4,4.835836589336e-3,-4.407569766045e-3,5.300715565681e-4,0.12026391,0.55138495,0.78382586,9,63,0,-1,0.000000000000e0,5.960464477539e-8
470,77a19d3c4e280b51,L2-phase17-frozen,1,4100,74,6,-0.020000,-0.020000,-0.005000,0.020000,2.450123429298e-4,2.592429518700e-4,1.423060894012e-5,1.423060894012e-5,4.267990589142e-4,4.125684499741e-4,4.849657416344e-3,-4.437088966370e-3,9.063258767128e-4,0.11701728,0.49160924,0.78455375,10,63,0,-1,0.000000000000e0,5.463759104411e-8
471,77a19d3c4e280b51,L0-original-frozen,0,4150,122,58,0.020000,0.020000,0.020000,0.005000,8.697807788849e-5,8.652359247208e-5,4.544854164124e-7,-4.544854164124e-7,2.776980400085e-4,2.781525254250e-4,1.874141395092e-3,-1.595988869667e-3,1.916587352753e-4,0.06629476,0.31398628,0.58996312,10,63,0,-1,0.000000000000e0,3.973642985026e-8
472,77a19d3c4e280b51,L2-phase17-frozen,0,4150,122,58,0.020000,0.020000,0.020000,0.005000,8.697807788849e-5,8.652359247208e-5,4.544854164124e-7,-4.544854164124e-7,2.280101180077e-4,2.284646034241e-4,1.687586307526e-3,-1.459121704102e-3,1.712813973427e-4,0.09958640,0.34780433,0.54839665,8,63,0,-1,0.000000000000e0,4.470348358154e-8
473,77a19d3c4e280b51,L0-original-frozen,1,4150,122,58,0.020000,0.020000,0.020000,0.010000,8.697807788849e-5,9.707361459732e-5,1.009553670883e-5,1.009553670883e-5,1.968741416931e-4,1.867786049843e-4,1.251362264156e-3,-1.064583659172e-3,1.276656985283e-4,0.06640959,0.31348068,0.58856011,2,63,0,-1,0.000000000000e0,4.967053731282e-8
474,77a19d3c4e280b51,L2-phase17-frozen,1,4150,122,58,0.020000,0.020000,0.020000,0.010000,8.697807788849e-5,9.707361459732e-5,1.009553670883e-5,1.009553670883e-5,1.630485057831e-4,1.529529690742e-4,1.124642789364e-3,-9.716898202896e-4,1.143664121628e-4,0.09949547,0.34742904,0.54776948,2,63,0,-1,0.000000000000e0,3.476937611898e-8
475,77a19d3c4e280b51,L0-original-frozen,0,4200,24,10,-0.010000,0.020000,-0.010000,0.005000,4.950165748596e-5,4.908442497253e-5,4.172325134277e-7,-4.172325134277e-7,-1.707300543785e-4,-1.703128218651e-4,4.527568817139e-4,-6.230697035789e-4,4.760921001434e-5,0.07641073,0.29947266,0.51986799,2,63,0,-1,0.000000000000e0,3.725290298462e-8
476,77a19d3c4e280b51,L2-phase17-frozen,0,4200,24,10,-0.010000,0.020000,-0.010000,0.005000,4.950165748596e-5,4.908442497253e-5,4.172325134277e-7,-4.172325134277e-7,-1.192241907120e-4,-1.188069581985e-4,5.116760730743e-4,-6.304830312729e-4,5.096942186356e-5,0.06699204,0.30225001,0.52596252,2,63,0,-1,0.000000000000e0,4.470348358154e-8
477,77a19d3c4e280b51,L0-original-frozen,1,4200,24,10,-0.010000,0.020000,-0.010000,0.010000,4.950165748596e-5,5.105137825012e-5,1.549720764160e-6,1.549720764160e-6,-1.123622059822e-4,-1.139119267464e-4,2.954378724098e-4,-4.093497991562e-4,2.963840961456e-5,0.06687052,0.28965090,0.51266790,8,63,0,-1,0.000000000000e0,2.731879552205e-8
478,77a19d3c4e280b51,L2-phase17-frozen,1,4200,24,10,-0.010000,0.020000,-0.010000,0.010000,4.950165748596e-5,5.105137825012e-5,1.549720764160e-6,1.549720764160e-6,-7.823854684830e-5,-7.978826761246e-5,3.379881381989e-4,-4.177764058113e-4,3.378093242645e-5,0.06698411,0.30217752,0.52909600,5,63,0,-1,0.000000000000e0,3.476937611898e-8
479,77a19d3c4e280b51,L0-original-frozen,0,4250,0,11,-0.020000,0.000000,-0.005000,0.000000,1.145899295807e-5,2.595037221909e-5,1.449137926102e-5,1.449137926102e-5,-3.526210784912e-4,-3.671124577522e-4,1.320399343967e-3,-1.687511801720e-3,2.484619617462e-4,0.14723569,0.50198239,0.71711833,6,63,0,-1,0.000000000000e0,2.235174179077e-8
480,77a19d3c4e280b51,L2-phase17-frozen,0,4250,0,11,-0.020000,0.000000,-0.005000,0.000000,1.145899295807e-5,2.595037221909e-5,1.449137926102e-5,1.449137926102e-5,-3.612041473389e-4,-3.756955265999e-4,2.309948205948e-3,-2.685643732548e-3,2.608373761177e-4,0.09712285,0.38844702,0.65309978,7,63,0,-1,0.000000000000e0,2.731879552205e-8
481,77a19d3c4e280b51,L0-original-frozen,1,4250,0,11,-0.020000,0.000000,-0.010000,0.000000,1.145899295807e-5,3.478676080704e-5,2.332776784897e-5,2.332776784897e-5,-2.906396985054e-4,-3.139674663544e-4,1.109674572945e-3,-1.423642039299e-3,1.884177327156e-4,0.12827222,0.52255100,0.75999853,6,63,0,-1,0.000000000000e0,3.725290298462e-8
482,77a19d3c4e280b51,L2-phase17-frozen,1,4250,0,11,-0.020000,0.000000,-0.010000,0.000000,1.145899295807e-5,3.478676080704e-5,2.332776784897e-5,2.332776784897e-5,-2.288073301315e-4,-2.521350979805e-4,1.714743673801e-3,-1.966878771782e-3,1.756176352501e-4,0.08928747,0.41209137,0.67055191,7,63,0,-1,0.000000000000e0,2.483526865640e-8
483,77a19d3c4e280b51,L0-original-frozen,0,4350,95,116,0.005000,0.020000,0.010000,0.020000,-4.113167524338e-4,-3.960505127907e-4,1.526623964310e-5,1.526623964310e-5,-2.756714820862e-6,-1.802295446396e-5,8.500367403030e-5,-1.030266284943e-4,1.680850982666e-5,0.16314724,0.53854498,0.77314145,3,63,0,-1,0.000000000000e0,1.986821492513e-8
484,77a19d3c4e280b51,L2-phase17-frozen,0,4350,95,116,0.005000,0.020000,0.010000,0.020000,-4.113167524338e-4,-3.960505127907e-4,1.526623964310e-5,1.526623964310e-5,-8.508563041687e-6,-2.377480268478e-5,9.202957153320e-5,-1.158043742180e-4,2.424418926239e-5,0.20935469,0.53998585,0.73203371,3,63,0,-1,0.000000000000e0,3.228584925334e-8
485,77a19d3c4e280b51,L0-original-frozen,1,4350,95,116,0.005000,0.020000,0.000000,0.020000,-4.113167524338e-4,-4.280358552933e-4,1.671910285950e-5,-1.671910285950e-5,2.339482307434e-6,1.905858516693e-5,1.034960150719e-4,-8.443742990494e-5,1.661479473114e-5,0.19509397,0.52448601,0.74287479,4,63,0,-1,0.000000000000e0,2.235174179077e-8
486,77a19d3c4e280b51,L2-phase17-frozen,1,4350,95,116,0.005000,0.020000,0.000000,0.020000,-4.113167524338e-4,-4.280358552933e-4,1.671910285950e-5,-1.671910285950e-5,8.054077625275e-6,2.477318048477e-5,1.167431473732e-4,-9.196996688843e-5,2.513080835342e-5,0.21872975,0.57428710,0.77122489,3,63,0,-1,0.000000000000e0,2.731879552205e-8
487,77a19d3c4e280b51,L0-original-frozen,0,4400,23,42,0.020000,0.010000,0.000000,-0.010000,1.668184995651e-5,1.935660839081e-5,2.674758434296e-6,2.674758434296e-6,-2.141818404198e-4,-2.168565988541e-4,4.641026258469e-3,-4.857882857323e-3,5.808025598526e-4,0.11955878,0.42994015,0.69667369,12,63,0,-1,0.000000000000e0,2.483526865641e-8
488,77a19d3c4e280b51,L2-phase17-frozen,0,4400,23,42,0.020000,0.010000,0.000000,-0.010000,1.668184995651e-5,1.935660839081e-5,2.674758434296e-6,2.674758434296e-6,-1.204758882523e-4,-1.231506466866e-4,4.801996052265e-3,-4.925146698952e-3,5.180835723877e-4,0.09575942,0.42343300,0.69636120,17,63,0,-1,0.000000000000e0,2.483526865643e-8
489,77a19d3c4e280b51,L0-original-frozen,1,4400,23,42,0.020000,0.010000,0.000000,-0.005000,1.668184995651e-5,1.097470521927e-5,5.707144737244e-6,-5.707144737244e-6,-2.116560935974e-4,-2.059489488602e-4,4.642732441425e-3,-4.848681390285e-3,5.774646997452e-4,0.11909727,0.43671508,0.70261794,2,63,0,-1,0.000000000000e0,2.483526865643e-8
490,77a19d3c4e280b51,L2-phase17-frozen,1,4400,23,42,0.020000,0.010000,0.000000,-0.005000,1.668184995651e-5,1.097470521927e-5,5.707144737244e-6,-5.707144737244e-6,-1.157447695732e-4,-1.100376248360e-4,4.805259406567e-3,-4.915297031403e-3,5.185529589653e-4,0.09596495,0.43066907,0.70206148,2,63,0,-1,0.000000000000e0,3.973642985026e-8
491,77a19d3c4e280b51,L0-original-frozen,0,4450,42,0,-0.020000,-0.020000,-0.010000,-0.020000,7.899701595306e-4,7.452592253685e-4,4.471093416214e-5,-4.471093416214e-5,1.718848943710e-5,6.189942359924e-5,1.925230026245e-4,-1.306235790253e-4,1.866370439529e-5,0.14288159,0.65063883,0.85768880,34,63,0,-1,0.000000000000e0,1.986821492513e-8
492,77a19d3c4e280b51,L2-phase17-frozen,0,4450,42,0,-0.020000,-0.020000,-0.010000,-0.020000,7.899701595306e-4,7.452592253685e-4,4.471093416214e-5,-4.471093416214e-5,1.937896013260e-5,6.408989429474e-5,2.226233482361e-4,-1.585334539413e-4,2.095848321915e-5,0.13220227,0.55475139,0.81971990,12,63,0,-1,0.000000000000e0,2.483526865641e-8
493,77a19d3c4e280b51,L0-original-frozen,0,4500,115,27,0.010000,0.020000,-0.020000,0.000000,2.928078174591e-5,2.171844244003e-5,7.562339305878e-6,-7.562339305878e-6,-4.670619964600e-4,-4.594996571541e-4,5.368236452341e-3,-5.827736109495e-3,9.627938270569e-4,0.16380130,0.51475257,0.73505773,2,63,0,-1,0.000000000000e0,2.483526865643e-8
494,77a19d3c4e280b51,L2-phase17-frozen,0,4500,115,27,0.010000,0.020000,-0.020000,0.000000,2.928078174591e-5,2.171844244003e-5,7.562339305878e-6,-7.562339305878e-6,-5.665421485901e-4,-5.589798092842e-4,5.192618817091e-3,-5.751598626375e-3,1.012645661831e-3,0.16838814,0.59716451,0.79000514,2,63,0,-1,0.000000000000e0,2.731879552206e-8
495,77a19d3c4e280b51,L0-original-frozen,1,4500,115,27,0.010000,0.020000,0.005000,0.020000,2.928078174591e-5,4.024803638458e-5,1.096725463867e-5,1.096725463867e-5,5.114823579788e-6,-5.852431058884e-6,2.704933285713e-5,-3.290176391602e-5,5.982816219330e-6,0.18183877,0.51856884,0.77105978,0,63,0,-1,0.000000000000e0,2.359350522359e-8
496,77a19d3c4e280b51,L2-phase17-frozen,1,4500,115,27,0.010000,0.020000,0.005000,0.020000,2.928078174591e-5,4.024803638458e-5,1.096725463867e-5,1.096725463867e-5,6.217509508133e-6,-4.749745130539e-6,2.835690975189e-5,-3.310665488243e-5,6.385147571564e-6,0.17823788,0.63508496,0.85056825,0,63,0,-1,0.000000000000e0,1.738468805949e-8
497,77a19d3c4e280b51,L0-original-frozen,0,4550,31,88,-0.020000,0.010000,-0.005000,0.000000,-2.643465995789e-5,-2.465397119522e-5,1.780688762665e-6,1.780688762665e-6,-4.155561327934e-5,-4.333630204201e-5,9.239390492439e-4,-9.672753512859e-4,1.550354063511e-4,0.14451321,0.48332184,0.78184563,5,63,0,-1,0.000000000000e0,2.110997835795e-8
498,77a19d3c4e280b51,L2-phase17-frozen,0,4550,31,88,-0.020000,0.010000,-0.005000,0.000000,-2.643465995789e-5,-2.465397119522e-5,1.780688762665e-6,1.780688762665e-6,-7.556751370430e-5,-7.734820246696e-5,8.212924003601e-4,-8.986406028271e-4,1.544691622257e-4,0.15624287,0.51074714,0.74929838,4,63,0,-1,0.000000000000e0,2.110997835795e-8
499,77a19d3c4e280b51,L0-original-frozen,1,4550,31,88,-0.020000,0.010000,0.005000,-0.005000,-2.643465995789e-5,-2.213567495346e-5,4.298985004425e-6,4.298985004425e-6,-7.169693708420e-5,-7.599592208862e-5,1.322332769632e-3,-1.398328691721e-3,2.202503383160e-4,0.14851037,0.48019640,0.77587442,4,63,0,-1,0.000000000000e0,2.483526865641e-8
500,77a19d3c4e280b51,L2-phase17-frozen,1,4550,31,88,-0.020000,0.010000,0.005000,-0.005000,-2.643465995789e-5,-2.213567495346e-5,4.298985004425e-6,4.298985004425e-6,-1.173801720142e-4,-1.216791570187e-4,1.194711774588e-3,-1.316390931606e-3,2.223253250122e-4,0.15498095,0.49861900,0.73607534,3,63,0,-1,0.000000000000e0,2.483526865641e-8
501,77a19d3c4e280b51,L0-original-frozen,0,4600,81,15,0.000000,0.020000,0.020000,0.020000,2.024695277214e-5,2.024695277214e-5,0.000000000000e0,0.000000000000e0,0.000000000000e0,0.000000000000e0,0.000000000000e0,0.000000000000e0,0.000000000000e0,0.00000000,0.00000000,0.00000000,0,63,0,-1,0.000000000000e0,0.000000000000e0
502,77a19d3c4e280b51,L2-phase17-frozen,0,4600,81,15,0.000000,0.020000,0.020000,0.020000,2.024695277214e-5,2.024695277214e-5,0.000000000000e0,0.000000000000e0,0.000000000000e0,0.000000000000e0,0.000000000000e0,0.000000000000e0,0.000000000000e0,0.00000000,0.00000000,0.00000000,0,63,0,-1,0.000000000000e0,0.000000000000e0
503,77a19d3c4e280b51,L0-original-frozen,1,4600,81,15,0.000000,0.020000,0.010000,0.020000,2.024695277214e-5,2.024695277214e-5,0.000000000000e0,0.000000000000e0,0.000000000000e0,0.000000000000e0,0.000000000000e0,0.000000000000e0,0.000000000000e0,0.00000000,0.00000000,0.00000000,0,63,0,-1,0.000000000000e0,0.000000000000e0
504,77a19d3c4e280b51,L2-phase17-frozen,1,4600,81,15,0.000000,0.020000,0.010000,0.020000,2.024695277214e-5,2.024695277214e-5,0.000000000000e0,0.000000000000e0,0.000000000000e0,0.000000000000e0,0.000000000000e0,0.000000000000e0,0.000000000000e0,0.00000000,0.00000000,0.00000000,0,63,0,-1,0.000000000000e0,0.000000000000e0
505,77a19d3c4e280b51,L0-original-frozen,0,4650,114,82,-0.020000,-0.020000,-0.020000,-0.010000,6.066635251045e-4,6.048269569874e-4,1.836568117142e-6,-1.836568117142e-6,5.476176738739e-7,2.384185791016e-6,1.109391450882e-5,-8.709728717804e-6,1.203268766403e-6,0.13045338,0.57698888,0.85714286,27,63,0,-1,0.000000000000e0,1.241763432821e-8
506,77a19d3c4e280b51,L2-phase17-frozen,0,4650,114,82,-0.020000,-0.020000,-0.020000,-0.010000,6.066635251045e-4,6.048269569874e-4,1.836568117142e-6,-1.836568117142e-6,5.215406417847e-8,1.888722181320e-6,1.163035631180e-5,-9.741634130478e-6,1.221895217896e-6,0.11892925,0.50669216,0.80573614,57,63,0,-1,0.000000000000e0,1.365939776103e-8
507,77a19d3c4e280b51,L0-original-frozen,1,4650,114,82,-0.020000,-0.020000,-0.020000,-0.005000,6.066635251045e-4,6.038919091225e-4,2.771615982056e-6,-2.771615982056e-6,8.270144462585e-7,3.598630428314e-6,1.708790659904e-5,-1.348927617073e-5,2.037733793259e-6,0.12593206,0.56034245,0.86440210,27,63,0,-1,0.000000000000e0,1.738468805949e-8
508,77a19d3c4e280b51,L2-phase17-frozen,1,4650,114,82,-0.020000,-0.020000,-0.020000,-0.005000,6.066635251045e-4,6.038919091225e-4,2.771615982056e-6,-2.771615982056e-6,7.078051567078e-8,2.842396497726e-6,1.689791679382e-5,-1.405552029610e-5,1.840293407440e-6,0.11290750,0.49297641,0.80254439,57,63,0,-1,0.000000000000e0,1.365939776103e-8
509,77a19d3c4e280b51,L0-original-frozen,0,4700,27,23,-0.010000,0.020000,-0.020000,0.005000,2.369731664658e-4,2.448260784149e-4,7.852911949158e-6,7.852911949158e-6,3.541111946106e-4,3.462582826614e-4,4.304863512516e-3,-3.958605229855e-3,5.265846848488e-4,0.13302278,0.41421850,0.69071737,21,63,0,-1,0.000000000000e0,1.862645149231e-8
510,77a19d3c4e280b51,L2-phase17-frozen,0,4700,27,23,-0.010000,0.020000,-0.020000,0.005000,2.369731664658e-4,2.448260784149e-4,7.852911949158e-6,7.852911949158e-6,1.282095909119e-4,1.203566789627e-4,3.934431821108e-3,-3.814075142145e-3,4.068836569786e-4,0.09259420,0.38545837,0.63728753,23,63,0,-1,0.000000000000e0,2.235174179077e-8
511,77a19d3c4e280b51,L0-original-frozen,1,4700,27,23,-0.010000,0.020000,-0.020000,0.010000,2.369731664658e-4,2.459250390530e-4,8.951872587204e-6,8.951872587204e-6,4.785098135471e-4,4.695579409599e-4,3.300331532955e-3,-2.830773591995e-3,4.316642880440e-4,0.15248987,0.40883034,0.67286282,22,63,0,-1,0.000000000000e0,1.986821492511e-8
512,77a19d3c4e280b51,L2-phase17-frozen,1,4700,27,23,-0.010000,0.020000,-0.020000,0.010000,2.369731664658e-4,2.459250390530e-4,8.951872587204e-6,8.951872587204e-6,2.973191440105e-4,2.883672714233e-4,3.056708723307e-3,-2.768341451883e-3,4.394836723804e-4,0.07796308,0.33951806,0.61159623,30,63,0,-1,0.000000000000e0,1.986821492514e-8
513,77a19d3c4e280b51,L0-original-frozen,0,4750,79,71,0.020000,0.010000,0.020000,0.005000,1.496374607086e-4,1.357607543468e-4,1.387670636177e-5,-1.387670636177e-5,-1.545995473862e-6,1.233071088791e-5,1.089870929718e-4,-9.665638208389e-5,1.500919461250e-5,0.08698836,0.37666692,0.64961844,9,63,0,-1,0.000000000000e0,1.862645149231e-8
514,77a19d3c4e280b51,L2-phase17-frozen,0,4750,79,71,0.020000,0.010000,0.020000,0.005000,1.496374607086e-4,1.357607543468e-4,1.387670636177e-5,-1.387670636177e-5,2.415105700493e-5,3.802776336670e-5,1.345574855804e-4,-9.652972221375e-5,1.420825719833e-5,0.08717969,0.40251621,0.68713337,13,63,0,-1,0.000000000000e0,1.614292462667e-8
515,77a19d3c4e280b51,L0-original-frozen,1,4750,79,71,0.020000,0.010000,0.020000,0.020000,1.496374607086e-4,1.747459173203e-4,2.510845661163e-5,2.510845661163e-5,8.568167686462e-8,-2.502277493477e-5,1.928284764290e-4,-2.178512513638e-4,3.014877438545e-5,0.13839156,0.51763881,0.76584757,9,63,0,-1,0.000000000000e0,1.738468805949e-8
516,77a19d3c4e280b51,L2-phase17-frozen,1,4750,79,71,0.020000,0.010000,0.020000,0.020000,1.496374607086e-4,1.747459173203e-4,2.510845661163e-5,2.510845661163e-5,-5.112960934639e-5,-7.623806595802e-5,1.920424401760e-4,-2.682805061340e-4,2.840906381607e-5,0.10589313,0.40284104,0.62441680,13,63,0,-1,0.000000000000e0,1.862645149231e-8
517,1111222233334444,L0-original-frozen,0,50,84,14,0.000000,-0.020000,0.010000,-0.020000,3.285408020020e-4,3.285408020020e-4,0.000000000000e0,0.000000000000e0,0.000000000000e0,0.000000000000e0,0.000000000000e0,0.000000000000e0,0.000000000000e0,0.00000000,0.00000000,0.00000000,0,63,0,-1,0.000000000000e0,0.000000000000e0
518,1111222233334444,L2-phase17-frozen,0,50,84,14,0.000000,-0.020000,0.010000,-0.020000,3.285408020020e-4,3.285408020020e-4,0.000000000000e0,0.000000000000e0,0.000000000000e0,0.000000000000e0,0.000000000000e0,0.000000000000e0,0.000000000000e0,0.00000000,0.00000000,0.00000000,0,63,0,-1,0.000000000000e0,0.000000000000e0
519,1111222233334444,L0-original-frozen,1,50,84,14,0.000000,-0.020000,0.020000,-0.020000,3.285408020020e-4,3.285408020020e-4,0.000000000000e0,0.000000000000e0,0.000000000000e0,0.000000000000e0,0.000000000000e0,0.000000000000e0,0.000000000000e0,0.00000000,0.00000000,0.00000000,0,63,0,-1,0.000000000000e0,0.000000000000e0
520,1111222233334444,L2-phase17-frozen,1,50,84,14,0.000000,-0.020000,0.020000,-0.020000,3.285408020020e-4,3.285408020020e-4,0.000000000000e0,0.000000000000e0,0.000000000000e0,0.000000000000e0,0.000000000000e0,0.000000000000e0,0.000000000000e0,0.00000000,0.00000000,0.00000000,0,63,0,-1,0.000000000000e0,0.000000000000e0
521,1111222233334444,L0-original-frozen,0,300,100,6,-0.020000,0.010000,-0.020000,0.005000,4.153251647949e-4,4.062056541443e-4,9.119510650635e-6,-9.119510650635e-6,-7.212162017822e-6,1.907348632812e-6,1.430511474609e-5,-1.239776611328e-5,1.609325408936e-6,0.11057692,0.43750000,0.74038462,0,63,0,-1,0.000000000000e0,7.754812637965e-7
522,1111222233334444,L2-phase17-frozen,0,300,100,6,-0.020000,0.010000,-0.020000,0.005000,4.153251647949e-4,4.062056541443e-4,9.119510650635e-6,-9.119510650635e-6,-8.642673492432e-6,4.768371582031e-7,1.621246337891e-5,-1.573562622070e-5,2.145767211914e-6,0.13636364,0.51893939,0.73863636,0,63,0,-1,0.000000000000e0,1.057361563047e-6
523,1111222233334444,L0-original-frozen,1,300,100,6,-0.020000,0.010000,-0.020000,0.020000,4.153251647949e-4,4.307627677917e-4,1.543760299683e-5,1.543760299683e-5,1.454353332520e-5,-8.940696716309e-7,1.978874206543e-5,-2.068281173706e-5,3.278255462646e-6,0.11239193,0.43515850,0.71181556,0,63,0,-1,0.000000000000e0,3.712872664134e-7
524,1111222233334444,L2-phase17-frozen,1,300,100,6,-0.020000,0.010000,-0.020000,0.020000,4.153251647949e-4,4.307627677917e-4,1.543760299683e-5,1.543760299683e-5,1.710653305054e-5,1.668930053711e-6,2.872943878174e-5,-2.706050872803e-5,3.457069396973e-6,0.12775330,0.53083700,0.81718062,0,63,0,-1,0.000000000000e0,8.326023817062e-7
525,1111222233334444,L0-original-frozen,0,400,49,11,0.000000,0.020000,0.005000,0.020000,8.500814437866e-4,8.500814437866e-4,0.000000000000e0,0.000000000000e0,0.000000000000e0,0.000000000000e0,0.000000000000e0,0.000000000000e0,0.000000000000e0,0.00000000,0.00000000,0.00000000,0,63,0,-1,0.000000000000e0,0.000000000000e0
526,1111222233334444,L2-phase17-frozen,0,400,49,11,0.000000,0.020000,0.005000,0.020000,8.500814437866e-4,8.500814437866e-4,0.000000000000e0,0.000000000000e0,0.000000000000e0,0.000000000000e0,0.000000000000e0,0.000000000000e0,0.000000000000e0,0.00000000,0.00000000,0.00000000,0,63,0,-1,0.000000000000e0,0.000000000000e0
527,1111222233334444,L0-original-frozen,1,400,49,11,0.000000,0.020000,0.020000,0.020000,8.500814437866e-4,8.500814437866e-4,0.000000000000e0,0.000000000000e0,0.000000000000e0,0.000000000000e0,0.000000000000e0,0.000000000000e0,0.000000000000e0,0.00000000,0.00000000,0.00000000,0,63,0,-1,0.000000000000e0,0.000000000000e0
528,1111222233334444,L2-phase17-frozen,1,400,49,11,0.000000,0.020000,0.020000,0.020000,8.500814437866e-4,8.500814437866e-4,0.000000000000e0,0.000000000000e0,0.000000000000e0,0.000000000000e0,0.000000000000e0,0.000000000000e0,0.000000000000e0,0.00000000,0.00000000,0.00000000,0,63,0,-1,0.000000000000e0,0.000000000000e0
529,1111222233334444,L0-original-frozen,0,500,11,3,0.020000,0.000000,0.020000,0.020000,9.841322898865e-4,9.841322898865e-4,0.000000000000e0,0.000000000000e0,0.000000000000e0,0.000000000000e0,0.000000000000e0,0.000000000000e0,0.000000000000e0,0.00000000,0.00000000,0.00000000,0,63,0,-1,0.000000000000e0,0.000000000000e0
530,1111222233334444,L2-phase17-frozen,0,500,11,3,0.020000,0.000000,0.020000,0.020000,9.841322898865e-4,9.841322898865e-4,0.000000000000e0,0.000000000000e0,0.000000000000e0,0.000000000000e0,0.000000000000e0,0.000000000000e0,0.000000000000e0,0.00000000,0.00000000,0.00000000,0,63,0,-1,0.000000000000e0,0.000000000000e0
531,1111222233334444,L0-original-frozen,1,500,11,3,0.020000,0.000000,0.020000,-0.005000,9.841322898865e-4,9.841322898865e-4,0.000000000000e0,0.000000000000e0,0.000000000000e0,0.000000000000e0,0.000000000000e0,0.000000000000e0,0.000000000000e0,0.00000000,0.00000000,0.00000000,0,63,0,-1,0.000000000000e0,0.000000000000e0
532,1111222233334444,L2-phase17-frozen,1,500,11,3,0.020000,0.000000,0.020000,-0.005000,9.841322898865e-4,9.841322898865e-4,0.000000000000e0,0.000000000000e0,0.000000000000e0,0.000000000000e0,0.000000000000e0,0.000000000000e0,0.000000000000e0,0.00000000,0.00000000,0.00000000,0,63,0,-1,0.000000000000e0,0.000000000000e0
533,1111222233334444,L0-original-frozen,0,650,63,5,-0.010000,0.020000,0.000000,-0.010000,-3.212690353394e-5,-3.236532211304e-5,2.384185791016e-7,-2.384185791016e-7,-5.381703376770e-4,-5.379319190979e-4,1.952052116394e-3,-2.489984035492e-3,3.498792648315e-4,0.09163375,0.33912627,0.59557151,2,63,0,-1,0.000000000000e0,5.563100179036e-7
534,1111222233334444,L2-phase17-frozen,0,650,63,5,-0.010000,0.020000,0.000000,-0.010000,-3.212690353394e-5,-3.236532211304e-5,2.384185791016e-7,-2.384185791016e-7,-1.386404037476e-4,-1.384019851685e-4,2.437353134155e-3,-2.575755119324e-3,2.745985984802e-4,0.08286666,0.31603184,0.53080020,2,63,0,-1,0.000000000000e0,4.954636096954e-7
535,1111222233334444,L0-original-frozen,1,650,63,5,-0.010000,0.020000,-0.005000,-0.010000,-3.212690353394e-5,-2.819299697876e-5,3.933906555176e-6,3.933906555176e-6,-4.982948303223e-4,-5.022287368774e-4,1.798391342163e-3,-2.300620079041e-3,3.317594528198e-4,0.09096326,0.34374838,0.59598943,7,63,0,-1,0.000000000000e0,5.681067705154e-7
536,1111222233334444,L2-phase17-frozen,1,650,63,5,-0.010000,0.020000,-0.005000,-0.010000,-3.212690353394e-5,-2.819299697876e-5,3.933906555176e-6,3.933906555176e-6,-1.302361488342e-4,-1.341700553894e-4,2.201557159424e-3,-2.335727214813e-3,2.405643463135e-4,0.07316202,0.30461633,0.52545487,5,63,0,-1,0.000000000000e0,7.345030705134e-7
537,1111222233334444,L0-original-frozen,0,750,41,104,0.000000,-0.020000,0.005000,-0.020000,5.356073379517e-4,5.356073379517e-4,0.000000000000e0,0.000000000000e0,0.000000000000e0,0.000000000000e0,0.000000000000e0,0.000000000000e0,0.000000000000e0,0.00000000,0.00000000,0.00000000,0,63,0,-1,0.000000000000e0,0.000000000000e0
538,1111222233334444,L2-phase17-frozen,0,750,41,104,0.000000,-0.020000,0.005000,-0.020000,5.356073379517e-4,5.356073379517e-4,0.000000000000e0,0.000000000000e0,0.000000000000e0,0.000000000000e0,0.000000000000e0,0.000000000000e0,0.000000000000e0,0.00000000,0.00000000,0.00000000,0,63,0,-1,0.000000000000e0,0.000000000000e0
539,1111222233334444,L0-original-frozen,1,750,41,104,0.000000,-0.020000,0.020000,-0.020000,5.356073379517e-4,5.356073379517e-4,0.000000000000e0,0.000000000000e0,0.000000000000e0,0.000000000000e0,0.000000000000e0,0.000000000000e0,0.000000000000e0,0.00000000,0.00000000,0.00000000,0,63,0,-1,0.000000000000e0,0.000000000000e0
540,1111222233334444,L2-phase17-frozen,1,750,41,104,0.000000,-0.020000,0.020000,-0.020000,5.356073379517e-4,5.356073379517e-4,0.000000000000e0,0.000000000000e0,0.000000000000e0,0.000000000000e0,0.000000000000e0,0.000000000000e0,0.000000000000e0,0.00000000,0.00000000,0.00000000,0,63,0,-1,0.000000000000e0,0.000000000000e0
541,1111222233334444,L0-original-frozen,0,800,104,18,-0.020000,0.010000,-0.010000,-0.010000,3.452301025391e-4,3.119707107544e-4,3.325939178467e-5,-3.325939178467e-5,-1.229047775269e-3,-1.195788383484e-3,2.695679664612e-3,-3.891468048096e-3,7.451176643372e-4,0.19147470,0.53947127,0.72230732,11,63,0,-1,0.000000000000e0,3.737707932790e-7
542,1111222233334444,L2-phase17-frozen,0,800,104,18,-0.020000,0.010000,-0.010000,-0.010000,3.452301025391e-4,3.119707107544e-4,3.325939178467e-5,-3.325939178467e-5,-4.224777221680e-4,-3.892183303833e-4,3.412783145905e-3,-3.802001476288e-3,6.719231605530e-4,0.16064402,0.45419913,0.73472651,10,63,0,-1,0.000000000000e0,3.613531589508e-7
543,1111222233334444,L0-original-frozen,1,800,104,18,-0.020000,0.010000,-0.010000,-0.005000,3.452301025391e-4,2.998709678650e-4,4.535913467407e-5,-4.535913467407e-5,-8.441209793091e-4,-7.987618446350e-4,1.987278461456e-3,-2.786040306091e-3,4.903674125671e-4,0.17600873,0.53793162,0.72776090,12,63,0,-1,0.000000000000e0,4.591420292854e-7
544,1111222233334444,L2-phase17-frozen,1,800,104,18,-0.020000,0.010000,-0.010000,-0.005000,3.452301025391e-4,2.998709678650e-4,4.535913467407e-5,-4.535913467407e-5,-3.660917282104e-4,-3.207325935364e-4,2.543449401855e-3,-2.864181995392e-3,4.844069480896e-4,0.15322665,0.44296922,0.73595821,10,63,0,-1,0.000000000000e0,3.067155679067e-7
545,1111222233334444,L0-original-frozen,0,850,7,92,-0.020000,0.020000,-0.020000,0.005000,6.093978881836e-4,6.079077720642e-4,1.490116119385e-6,-1.490116119385e-6,-1.162886619568e-4,-1.147985458374e-4,1.229822635651e-3,-1.344621181488e-3,1.685619354248e-4,0.11893258,0.44230684,0.67525156,2,63,0,-1,0.000000000000e0,3.750125567118e-7
546,1111222233334444,L2-phase17-frozen,0,850,7,92,-0.020000,0.020000,-0.020000,0.005000,6.093978881836e-4,6.079077720642e-4,1.490116119385e-6,-1.490116119385e-6,-2.490878105164e-4,-2.475976943970e-4,1.420140266418e-3,-1.667737960815e-3,1.778006553650e-4,0.10661187,0.45107219,0.65607577,2,63,0,-1,0.000000000000e0,5.482385555903e-7
547,1111222233334444,L0-original-frozen,1,850,7,92,-0.020000,0.020000,-0.020000,0.010000,6.093978881836e-4,6.222128868103e-4,1.281499862671e-5,1.281499862671e-5,-6.616115570068e-5,-7.897615432739e-5,8.205175399780e-4,-8.994936943054e-4,1.103878021240e-4,0.12046915,0.43158174,0.65800808,7,63,0,-1,0.000000000000e0,5.302329858144e-7
548,1111222233334444,L2-phase17-frozen,1,850,7,92,-0.020000,0.020000,-0.020000,0.010000,6.093978881836e-4,6.222128868103e-4,1.281499862671e-5,1.281499862671e-5,-1.491904258728e-4,-1.620054244995e-4,9.416937828064e-4,-1.103699207306e-3,1.131892204285e-4,0.10255441,0.44262029,0.64918723,9,63,0,-1,0.000000000000e0,2.930561701457e-7
549,1111222233334444,L0-original-frozen,0,900,65,11,0.000000,0.020000,0.020000,0.020000,1.241326332092e-3,1.241326332092e-3,0.000000000000e0,0.000000000000e0,0.000000000000e0,0.000000000000e0,0.000000000000e0,0.000000000000e0,0.000000000000e0,0.00000000,0.00000000,0.00000000,0,63,0,-1,0.000000000000e0,0.000000000000e0
550,1111222233334444,L2-phase17-frozen,0,900,65,11,0.000000,0.020000,0.020000,0.020000,1.241326332092e-3,1.241326332092e-3,0.000000000000e0,0.000000000000e0,0.000000000000e0,0.000000000000e0,0.000000000000e0,0.000000000000e0,0.000000000000e0,0.00000000,0.00000000,0.00000000,0,63,0,-1,0.000000000000e0,0.000000000000e0
551,1111222233334444,L0-original-frozen,1,900,65,11,0.000000,0.020000,-0.005000,0.020000,1.241326332092e-3,1.241326332092e-3,0.000000000000e0,0.000000000000e0,0.000000000000e0,0.000000000000e0,0.000000000000e0,0.000000000000e0,0.000000000000e0,0.00000000,0.00000000,0.00000000,0,63,0,-1,0.000000000000e0,0.000000000000e0
552,1111222233334444,L2-phase17-frozen,1,900,65,11,0.000000,0.020000,-0.005000,0.020000,1.241326332092e-3,1.241326332092e-3,0.000000000000e0,0.000000000000e0,0.000000000000e0,0.000000000000e0,0.000000000000e0,0.000000000000e0,0.000000000000e0,0.00000000,0.00000000,0.00000000,0,63,0,-1,0.000000000000e0,0.000000000000e0
553,1111222233334444,L0-original-frozen,0,1100,4,103,0.020000,0.000000,0.020000,0.020000,5.593895912170e-4,5.593895912170e-4,0.000000000000e0,0.000000000000e0,0.000000000000e0,0.000000000000e0,0.000000000000e0,0.000000000000e0,0.000000000000e0,0.00000000,0.00000000,0.00000000,0,63,0,-1,0.000000000000e0,0.000000000000e0
554,1111222233334444,L2-phase17-frozen,0,1100,4,103,0.020000,0.000000,0.020000,0.020000,5.593895912170e-4,5.593895912170e-4,0.000000000000e0,0.000000000000e0,0.000000000000e0,0.000000000000e0,0.000000000000e0,0.000000000000e0,0.000000000000e0,0.00000000,0.00000000,0.00000000,0,63,0,-1,0.000000000000e0,0.000000000000e0
555,1111222233334444,L0-original-frozen,1,1100,4,103,0.020000,0.000000,0.020000,-0.010000,5.593895912170e-4,5.593895912170e-4,0.000000000000e0,0.000000000000e0,0.000000000000e0,0.000000000000e0,0.000000000000e0,0.000000000000e0,0.000000000000e0,0.00000000,0.00000000,0.00000000,0,63,0,-1,0.000000000000e0,0.000000000000e0
556,1111222233334444,L2-phase17-frozen,1,1100,4,103,0.020000,0.000000,0.020000,-0.010000,5.593895912170e-4,5.593895912170e-4,0.000000000000e0,0.000000000000e0,0.000000000000e0,0.000000000000e0,0.000000000000e0,0.000000000000e0,0.000000000000e0,0.00000000,0.00000000,0.00000000,0,63,0,-1,0.000000000000e0,0.000000000000e0
557,1111222233334444,L0-original-frozen,0,1150,54,30,0.000000,-0.020000,-0.020000,-0.020000,1.375675201416e-4,1.375675201416e-4,0.000000000000e0,0.000000000000e0,0.000000000000e0,0.000000000000e0,0.000000000000e0,0.000000000000e0,0.000000000000e0,0.00000000,0.00000000,0.00000000,0,63,0,-1,0.000000000000e0,0.000000000000e0
558,1111222233334444,L2-phase17-frozen,0,1150,54,30,0.000000,-0.020000,-0.020000,-0.020000,1.375675201416e-4,1.375675201416e-4,0.000000000000e0,0.000000000000e0,0.000000000000e0,0.000000000000e0,0.000000000000e0,0.000000000000e0,0.000000000000e0,0.00000000,0.00000000,0.00000000,0,63,0,-1,0.000000000000e0,0.000000000000e0
559,1111222233334444,L0-original-frozen,1,1150,54,30,0.000000,-0.020000,0.020000,-0.020000,1.375675201416e-4,1.375675201416e-4,0.000000000000e0,0.000000000000e0,0.000000000000e0,0.000000000000e0,0.000000000000e0,0.000000000000e0,0.000000000000e0,0.00000000,0.00000000,0.00000000,0,63,0,-1,0.000000000000e0,0.000000000000e0
560,1111222233334444,L2-phase17-frozen,1,1150,54,30,0.000000,-0.020000,0.020000,-0.020000,1.375675201416e-4,1.375675201416e-4,0.000000000000e0,0.000000000000e0,0.000000000000e0,0.000000000000e0,0.000000000000e0,0.000000000000e0,0.000000000000e0,0.00000000,0.00000000,0.00000000,0,63,0,-1,0.000000000000e0,0.000000000000e0
561,1111222233334444,L0-original-frozen,0,1200,23,38,-0.020000,-0.010000,-0.010000,0.000000,4.241466522217e-4,4.400908946991e-4,1.594424247742e-5,1.594424247742e-5,2.263784408569e-4,2.104341983795e-4,2.448618412018e-3,-2.238184213638e-3,2.673268318176e-4,0.09581763,0.36498848,0.61449248,8,63,0,-1,0.000000000000e0,2.433856328328e-7
562,1111222233334444,L2-phase17-frozen,0,1200,23,38,-0.020000,-0.010000,-0.010000,0.000000,4.241466522217e-4,4.400908946991e-4,1.594424247742e-5,1.594424247742e-5,4.458427429199e-5,2.864003181458e-5,2.971142530441e-3,-2.942502498627e-3,4.087090492249e-4,0.13889845,0.40201957,0.64619078,21,63,0,-1,0.000000000000e0,3.377596537272e-7
563,1111222233334444,L0-original-frozen,1,1200,23,38,-0.020000,-0.010000,-0.005000,0.010000,4.241466522217e-4,4.075169563293e-4,1.662969589233e-5,-1.662969589233e-5,3.410577774048e-4,3.576874732971e-4,3.708332777023e-3,-3.350645303726e-3,3.869533538818e-4,0.10253582,0.36767204,0.61280453,2,63,0,-1,0.000000000000e0,2.933666110039e-7
564,1111222233334444,L2-phase17-frozen,1,1200,23,38,-0.020000,-0.010000,-0.005000,0.010000,4.241466522217e-4,4.075169563293e-4,1.662969589233e-5,-1.662969589233e-5,9.444355964661e-5,1.110732555389e-4,4.506289958954e-3,-4.395216703415e-3,6.007254123688e-4,0.13667709,0.39741929,0.63805016,2,63,0,-1,0.000000000000e0,3.104408582051e-7
565,1111222233334444,L0-original-frozen,0,1250,37,1,-0.020000,0.020000,-0.005000,0.020000,4.460215568542e-4,4.459321498871e-4,8.940696716309e-8,-8.940696716309e-8,1.201033592224e-5,1.209974288940e-5,4.614889621735e-4,-4.493892192841e-4,4.374980926514e-5,0.07699450,0.31434445,0.56283573,2,63,0,-1,0.000000000000e0,2.297262350718e-7
566,1111222233334444,L2-phase17-frozen,0,1250,37,1,-0.020000,0.020000,-0.005000,0.020000,4.460215568542e-4,4.459321498871e-4,8.940696716309e-8,-8.940696716309e-8,-2.071261405945e-5,-2.062320709229e-5,5.075633525848e-4,-5.281865596771e-4,5.331635475159e-5,0.09862890,0.41488461,0.62500705,2,63,0,-1,0.000000000000e0,2.688417832057e-7
567,1111222233334444,L0-original-frozen,1,1250,37,1,-0.020000,0.020000,-0.010000,0.020000,4.460215568542e-4,4.463791847229e-4,3.576278686523e-7,3.576278686523e-7,8.434057235718e-6,8.076429367065e-6,3.078579902649e-4,-2.997815608978e-4,2.908706665039e-5,0.07664778,0.31355005,0.56099016,4,63,0,-1,0.000000000000e0,2.210338910421e-7
568,1111222233334444,L2-phase17-frozen,1,1250,37,1,-0.020000,0.020000,-0.010000,0.020000,4.460215568542e-4,4.463791847229e-4,3.576278686523e-7,3.576278686523e-7,-1.335144042969e-5,-1.370906829834e-5,3.378093242645e-4,-3.515183925629e-4,3.564357757568e-5,0.09868588,0.41475201,0.62492582,3,63,0,-1,0.000000000000e0,2.924352884293e-7
569,1111222233334444,L0-original-frozen,0,1300,112,26,0.020000,-0.020000,0.005000,0.010000,2.264976501465e-4,2.100467681885e-4,1.645088195801e-5,-1.645088195801e-5,4.774928092957e-4,4.939436912537e-4,3.626793622971e-3,-3.132849931717e-3,4.626810550690e-4,0.14768695,0.50200245,0.68862549,3,63,0,-1,0.000000000000e0,3.464519977570e-7
570,1111222233334444,L2-phase17-frozen,0,1300,112,26,0.020000,-0.020000,0.005000,0.010000,2.264976501465e-4,2.100467681885e-4,1.645088195801e-5,-1.645088195801e-5,3.119707107544e-4,3.284215927124e-4,3.774553537369e-3,-3.446131944656e-3,4.119575023651e-4,0.11053073,0.45146282,0.67344962,3,63,0,-1,0.000000000000e0,3.163392345111e-7
571,1111222233334444,L0-original-frozen,1,1300,112,26,0.020000,-0.020000,0.010000,0.000000,2.264976501465e-4,2.470314502716e-4,2.053380012512e-5,2.053380012512e-5,3.924965858459e-4,3.719627857208e-4,2.535074949265e-3,-2.163112163544e-3,3.423690795898e-4,0.15827616,0.51638147,0.70859166,6,63,0,-1,0.000000000000e0,3.427267074585e-7
572,1111222233334444,L2-phase17-frozen,1,1300,112,26,0.020000,-0.020000,0.010000,0.000000,2.264976501465e-4,2.470314502716e-4,2.053380012512e-5,2.053380012512e-5,2.723634243011e-4,2.518296241760e-4,2.675533294678e-3,-2.423703670502e-3,3.100335597992e-4,0.11874431,0.45381551,0.66226053,9,63,0,-1,0.000000000000e0,4.718701044718e-7
573,1111222233334444,L0-original-frozen,0,1400,71,21,-0.020000,-0.020000,-0.010000,-0.020000,6.533861160278e-4,6.104707717896e-4,4.291534423828e-5,-4.291534423828e-5,-1.361966133118e-5,2.929568290710e-5,1.588761806488e-4,-1.295804977417e-4,1.546740531921e-5,0.11936523,0.48873045,0.76885925,8,63,0,-1,0.000000000000e0,2.551823854446e-7
574,1111222233334444,L2-phase17-frozen,0,1400,71,21,-0.020000,-0.020000,-0.010000,-0.020000,6.533861160278e-4,6.104707717896e-4,4.291534423828e-5,-4.291534423828e-5,5.304813385010e-6,4.822015762329e-5,1.318752765656e-4,-8.365511894226e-5,1.409649848938e-5,0.12896331,0.47880299,0.72532953,16,63,0,-1,0.000000000000e0,2.672895789146e-7
575,1111222233334444,L0-original-frozen,0,1450,18,51,-0.020000,0.000000,-0.020000,0.010000,-1.605272293091e-3,-1.605272293091e-3,0.000000000000e0,0.000000000000e0,0.000000000000e0,0.000000000000e0,0.000000000000e0,0.000000000000e0,0.000000000000e0,0.00000000,0.00000000,0.00000000,0,63,0,-1,0.000000000000e0,0.000000000000e0
576,1111222233334444,L2-phase17-frozen,0,1450,18,51,-0.020000,0.000000,-0.020000,0.010000,-1.605272293091e-3,-1.605272293091e-3,0.000000000000e0,0.000000000000e0,0.000000000000e0,0.000000000000e0,0.000000000000e0,0.000000000000e0,0.000000000000e0,0.00000000,0.00000000,0.00000000,0,63,0,-1,0.000000000000e0,0.000000000000e0
577,1111222233334444,L0-original-frozen,1,1450,18,51,-0.020000,0.000000,-0.020000,-0.005000,-1.605272293091e-3,-1.605272293091e-3,0.000000000000e0,0.000000000000e0,0.000000000000e0,0.000000000000e0,0.000000000000e0,0.000000000000e0,0.000000000000e0,0.00000000,0.00000000,0.00000000,0,63,0,-1,0.000000000000e0,0.000000000000e0
578,1111222233334444,L2-phase17-frozen,1,1450,18,51,-0.020000,0.000000,-0.020000,-0.005000,-1.605272293091e-3,-1.605272293091e-3,0.000000000000e0,0.000000000000e0,0.000000000000e0,0.000000000000e0,0.000000000000e0,0.000000000000e0,0.000000000000e0,0.00000000,0.00000000,0.00000000,0,63,0,-1,0.000000000000e0,0.000000000000e0
579,1111222233334444,L0-original-frozen,0,1500,77,92,-0.005000,0.020000,-0.005000,0.000000,9.575486183167e-5,8.878111839294e-5,6.973743438721e-6,-6.973743438721e-6,-1.726746559143e-4,-1.657009124756e-4,2.750545740128e-3,-2.916246652603e-3,3.577172756195e-4,0.08348237,0.38065261,0.64255567,2,63,0,-1,0.000000000000e0,2.272427082062e-7
580,1111222233334444,L2-phase17-frozen,0,1500,77,92,-0.005000,0.020000,-0.005000,0.000000,9.575486183167e-5,8.878111839294e-5,6.973743438721e-6,-6.973743438721e-6,-2.530217170715e-5,-1.832842826843e-5,2.689510583878e-3,-2.707839012146e-3,3.185570240021e-4,0.11764253,0.45171693,0.69295620,2,63,0,-1,0.000000000000e0,2.998858690262e-7
581,1111222233334444,L0-original-frozen,1,1500,77,92,-0.005000,0.020000,-0.010000,-0.005000,9.575486183167e-5,1.086294651031e-4,1.287460327148e-5,1.287460327148e-5,-1.565515995026e-4,-1.694262027740e-4,3.216773271561e-3,-3.386199474335e-3,4.316568374634e-4,0.08545880,0.38316523,0.65247047,12,63,0,-1,0.000000000000e0,3.085782130559e-7
582,1111222233334444,L2-phase17-frozen,1,1500,77,92,-0.005000,0.020000,-0.010000,-0.005000,9.575486183167e-5,1.086294651031e-4,1.287460327148e-5,1.287460327148e-5,9.179115295410e-6,-3.695487976074e-6,3.103137016296e-3,-3.106832504272e-3,4.017353057861e-4,0.12335968,0.45901120,0.70158660,11,63,0,-1,0.000000000000e0,3.036111593246e-7
583,1111222233334444,L0-original-frozen,0,1550,7,16,-0.020000,0.020000,-0.010000,0.005000,2.314448356628e-4,2.471208572388e-4,1.567602157593e-5,1.567602157593e-5,-8.487105369568e-4,-8.643865585327e-4,4.089772701263e-3,-4.954159259796e-3,4.020035266876e-4,0.07147756,0.33352984,0.61706390,2,63,0,-1,0.000000000000e0,2.359350522359e-7
584,1111222233334444,L2-phase17-frozen,0,1550,7,16,-0.020000,0.020000,-0.010000,0.005000,2.314448356628e-4,2.471208572388e-4,1.567602157593e-5,1.567602157593e-5,-9.962320327759e-4,-1.011908054352e-3,2.617865800858e-3,-3.629773855209e-3,3.261566162109e-4,0.07648918,0.34332280,0.60961452,2,63,0,-1,0.000000000000e0,2.626329660416e-7
585,1111222233334444,L0-original-frozen,1,1550,7,16,-0.020000,0.020000,-0.005000,-0.010000,2.314448356628e-4,2.552568912506e-4,2.381205558777e-5,2.381205558777e-5,-1.758009195328e-3,-1.781821250916e-3,8.038550615311e-3,-9.820371866226e-3,7.856786251068e-4,0.07733137,0.34611568,0.61851741,2,63,0,-1,0.000000000000e0,2.309679985046e-7
586,1111222233334444,L2-phase17-frozen,1,1550,7,16,-0.020000,0.020000,-0.005000,-0.010000,2.314448356628e-4,2.552568912506e-4,2.381205558777e-5,2.381205558777e-5,-1.953512430191e-3,-1.977324485779e-3,5.345344543457e-3,-7.322669029236e-3,6.735026836395e-4,0.07650952,0.35687483,0.62063913,2,63,0,-1,0.000000000000e0,2.663582563400e-7
587,1111222233334444,L0-original-frozen,0,1600,16,107,-0.020000,0.020000,-0.020000,0.010000,-3.327429294586e-4,-3.331303596497e-4,3.874301910400e-7,-3.874301910400e-7,-2.980232238770e-6,-2.592802047729e-6,1.102685928345e-6,-3.695487976074e-6,6.556510925293e-7,0.17741935,0.69354839,0.85483871,0,63,0,-1,0.000000000000e0,7.574756940206e-8
588,1111222233334444,L2-phase17-frozen,0,1600,16,107,-0.020000,0.020000,-0.020000,0.010000,-3.327429294586e-4,-3.331303596497e-4,3.874301910400e-7,-3.874301910400e-7,-1.072883605957e-6,-6.854534149170e-7,1.221895217896e-6,-1.907348632812e-6,3.874301910400e-7,0.20312500,0.60937500,0.81250000,0,63,0,-1,0.000000000000e0,9.809931119283e-8
589,1111222233334444,L0-original-frozen,1,1600,16,107,-0.020000,0.020000,-0.020000,0.005000,-3.327429294586e-4,-3.333091735840e-4,5.662441253662e-7,-5.662441253662e-7,-4.470348358154e-6,-3.904104232788e-6,1.490116119385e-6,-5.394220352173e-6,9.238719940186e-7,0.17127072,0.70165746,0.86187845,0,63,0,-1,0.000000000000e0,8.443991343180e-8
590,1111222233334444,L2-phase17-frozen,1,1600,16,107,-0.020000,0.020000,-0.020000,0.005000,-3.327429294586e-4,-3.333091735840e-4,5.662441253662e-7,-5.662441253662e-7,-1.609325408936e-6,-1.043081283569e-6,1.430511474609e-6,-2.473592758179e-6,6.258487701416e-7,0.25301205,0.72289157,0.84337349,0,63,0,-1,0.000000000000e0,7.698933283488e-8
591,1111222233334444,L0-original-frozen,0,1650,90,10,-0.010000,0.020000,-0.005000,0.020000,-6.794035434723e-4,-6.430745124817e-4,3.632903099060e-5,3.632903099060e-5,5.456805229187e-5,1.823902130127e-5,2.238750457764e-4,-2.056360244751e-4,2.288818359375e-5,0.09420290,0.40231884,0.56710145,20,63,0,-1,0.000000000000e0,2.011656761169e-7
592,1111222233334444,L2-phase17-frozen,0,1650,90,10,-0.010000,0.020000,-0.005000,0.020000,-6.794035434723e-4,-6.430745124817e-4,3.632903099060e-5,3.632903099060e-5,4.163384437561e-5,5.304813385010e-6,2.528131008148e-4,-2.475082874298e-4,4.187226295471e-5,0.10198675,0.42071042,0.59301626,13,63,0,-1,0.000000000000e0,2.576659123103e-7
593,1111222233334444,L0-original-frozen,0,1700,10,67,-0.020000,-0.010000,-0.020000,0.020000,7.233023643494e-4,7.286667823792e-4,5.364418029785e-6,5.364418029785e-6,-1.727938652039e-4,-1.781582832336e-4,2.788901329041e-4,-4.570484161377e-4,9.226799011230e-5,0.20187793,0.51877934,0.79499218,5,63,0,-1,0.000000000000e0,1.670171817144e-7
594,1111222233334444,L2-phase17-frozen,0,1700,10,67,-0.020000,-0.010000,-0.020000,0.020000,7.233023643494e-4,7.286667823792e-4,5.364418029785e-6,5.364418029785e-6,-7.906556129456e-5,-8.442997932434e-5,2.284646034241e-4,-3.128945827484e-4,3.305077552795e-5,0.10562911,0.42023050,0.64625202,3,63,0,-1,0.000000000000e0,1.750886440277e-7
595,1111222233334444,L0-original-frozen,1,1700,10,67,-0.020000,-0.010000,-0.020000,-0.005000,7.233023643494e-4,7.304549217224e-4,7.152557373047e-6,7.152557373047e-6,-1.725554466248e-5,-2.440810203552e-5,3.761053085327e-5,-6.201863288879e-5,7.897615432739e-6,0.12734262,0.47525228,0.79625180,9,63,0,-1,0.000000000000e0,2.235174179077e-7
596,1111222233334444,L2-phase17-frozen,1,1700,10,67,-0.020000,-0.010000,-0.020000,-0.005000,7.233023643494e-4,7.304549217224e-4,7.152557373047e-6,7.152557373047e-6,-5.275011062622e-6,-1.242756843567e-5,4.824995994568e-5,-6.067752838135e-5,9.566545486450e-6,0.15766208,0.43467583,0.65667976,10,63,0,-1,0.000000000000e0,2.334515253703e-7
597,1111222233334444,L0-original-frozen,0,1800,0,31,0.020000,-0.020000,0.020000,0.000000,1.973807811737e-4,1.974701881409e-4,8.940696716309e-8,8.940696716309e-8,6.366372108459e-4,6.365478038788e-4,2.598822116852e-3,-1.962274312973e-3,2.429783344269e-4,0.08792127,0.41834364,0.73898516,2,63,0,-1,0.000000000000e0,1.285225152969e-7
598,1111222233334444,L2-phase17-frozen,0,1800,0,31,0.020000,-0.020000,0.020000,0.000000,1.973807811737e-4,1.974701881409e-4,8.940696716309e-8,8.940696716309e-8,3.091692924500e-4,3.090798854828e-4,2.072602510452e-3,-1.763522624969e-3,2.027153968811e-4,0.10185216,0.42060702,0.71186670,3,63,0,-1,0.000000000000e0,1.620501279831e-7
599,1111222233334444,L0-original-frozen,1,1800,0,31,0.020000,-0.020000,0.020000,-0.010000,1.973807811737e-4,2.142786979675e-4,1.689791679382e-5,1.689791679382e-5,3.272891044617e-4,3.103911876678e-4,1.320928335190e-3,-1.010537147522e-3,1.367628574371e-4,0.10451811,0.45092604,0.75457119,2,63,0,-1,0.000000000000e0,1.999239126841e-7
600,1111222233334444,L2-phase17-frozen,1,1800,0,31,0.020000,-0.020000,0.020000,-0.010000,1.973807811737e-4,2.142786979675e-4,1.689791679382e-5,1.689791679382e-5,1.637041568756e-4,1.468062400818e-4,1.025646924973e-3,-8.788406848907e-4,9.211897850037e-5,0.10281800,0.42202177,0.70626335,3,63,0,-1,0.000000000000e0,2.005447944005e-7
601,1111222233334444,L0-original-frozen,0,1850,8,0,-0.020000,0.020000,-0.010000,-0.010000,5.468130111694e-4,5.463063716888e-4,5.066394805908e-7,-5.066394805908e-7,-8.890032768250e-5,-8.839368820190e-5,8.686184883118e-4,-9.570121765137e-4,8.714199066162e-5,0.09105630,0.38730070,0.60519432,2,63,0,-1,0.000000000000e0,1.961986223857e-7
602,1111222233334444,L2-phase17-frozen,0,1850,8,0,-0.020000,0.020000,-0.010000,-0.010000,5.468130111694e-4,5.463063716888e-4,5.066394805908e-7,-5.066394805908e-7,-4.475712776184e-4,-4.470646381378e-4,6.037354469299e-4,-1.050800085068e-3,8.708238601685e-5,0.08287246,0.32953289,0.55234125,2,63,0,-1,0.000000000000e0,1.539786656698e-7
603,1111222233334444,L0-original-frozen,0,1900,85,23,0.000000,-0.020000,0.010000,-0.020000,6.467700004578e-4,6.467700004578e-4,0.000000000000e0,0.000000000000e0,0.000000000000e0,0.000000000000e0,0.000000000000e0,0.000000000000e0,0.000000000000e0,0.00000000,0.00000000,0.00000000,0,63,0,-1,0.000000000000e0,0.000000000000e0
604,1111222233334444,L2-phase17-frozen,0,1900,85,23,0.000000,-0.020000,0.010000,-0.020000,6.467700004578e-4,6.467700004578e-4,0.000000000000e0,0.000000000000e0,0.000000000000e0,0.000000000000e0,0.000000000000e0,0.000000000000e0,0.000000000000e0,0.00000000,0.00000000,0.00000000,0,63,0,-1,0.000000000000e0,0.000000000000e0
605,1111222233334444,L0-original-frozen,1,1900,85,23,0.000000,-0.020000,-0.020000,-0.020000,6.467700004578e-4,6.467700004578e-4,0.000000000000e0,0.000000000000e0,0.000000000000e0,0.000000000000e0,0.000000000000e0,0.000000000000e0,0.000000000000e0,0.00000000,0.00000000,0.00000000,0,63,0,-1,0.000000000000e0,0.000000000000e0
606,1111222233334444,L2-phase17-frozen,1,1900,85,23,0.000000,-0.020000,-0.020000,-0.020000,6.467700004578e-4,6.467700004578e-4,0.000000000000e0,0.000000000000e0,0.000000000000e0,0.000000000000e0,0.000000000000e0,0.000000000000e0,0.000000000000e0,0.00000000,0.00000000,0.00000000,0,63,0,-1,0.000000000000e0,0.000000000000e0
607,1111222233334444,L0-original-frozen,0,2100,26,113,0.020000,0.020000,0.020000,0.010000,2.728402614594e-4,2.634972333908e-4,9.343028068542e-6,-9.343028068542e-6,-5.909800529480e-5,-4.975497722626e-5,2.348572015762e-4,-2.846121788025e-4,2.916157245636e-5,0.09350785,0.36832461,0.60387435,2,63,0,-1,0.000000000000e0,1.173466444016e-7
608,1111222233334444,L2-phase17-frozen,0,2100,26,113,0.020000,0.020000,0.020000,0.010000,2.728402614594e-4,2.634972333908e-4,9.343028068542e-6,-9.343028068542e-6,-4.233419895172e-5,-3.299117088318e-5,2.560764551163e-4,-2.890676259995e-4,3.468990325928e-5,0.12000619,0.39115418,0.60967060,3,63,0,-1,0.000000000000e0,1.744677623113e-7
609,1111222233334444,L0-original-frozen,1,2100,26,113,0.020000,0.020000,0.020000,0.005000,2.728402614594e-4,2.582371234894e-4,1.460313796997e-5,-1.460313796997e-5,-8.928775787354e-5,-7.468461990356e-5,3.528445959091e-4,-4.275292158127e-4,4.376471042633e-5,0.09354850,0.36879161,0.60444042,2,63,0,-1,0.000000000000e0,1.502533753713e-7
610,1111222233334444,L2-phase17-frozen,1,2100,26,113,0.020000,0.020000,0.020000,0.005000,2.728402614594e-4,2.582371234894e-4,1.460313796997e-5,-1.460313796997e-5,-6.407499313354e-5,-4.947185516357e-5,3.842413425446e-4,-4.337131977081e-4,5.203485488892e-5,0.11997526,0.39077853,0.60963375,3,63,0,-1,0.000000000000e0,1.781930526098e-7
611,1111222233334444,L0-original-frozen,0,2150,106,10,-0.010000,-0.020000,0.000000,-0.020000,1.993030309677e-4,1.995563507080e-4,2.533197402954e-7,2.533197402954e-7,9.942054748535e-5,9.916722774506e-5,2.510994672775e-4,-1.519322395325e-4,3.105401992798e-5,0.20439388,0.50676736,0.71606512,2,63,0,-1,0.000000000000e0,2.216547727585e-7
612,1111222233334444,L2-phase17-frozen,0,2150,106,10,-0.010000,-0.020000,0.000000,-0.020000,1.993030309677e-4,1.995563507080e-4,2.533197402954e-7,2.533197402954e-7,8.621811866760e-5,8.596479892731e-5,2.769976854324e-4,-1.910328865051e-4,2.861022949219e-5,0.14976599,0.51146646,0.72964119,28,63,0,-1,0.000000000000e0,1.688798268636e-7
613,1111222233334444,L0-original-frozen,1,2150,106,10,-0.010000,-0.020000,-0.005000,-0.020000,1.993030309677e-4,1.998096704483e-4,5.066394805908e-7,5.066394805908e-7,5.017220973969e-5,4.966557025909e-5,1.254379749298e-4,-7.577240467072e-5,1.560151576996e-5,0.20589971,0.50757129,0.71917404,2,63,0,-1,0.000000000000e0,1.452863216400e-7
614,1111222233334444,L2-phase17-frozen,1,2150,106,10,-0.010000,-0.020000,-0.005000,-0.020000,1.993030309677e-4,1.998096704483e-4,5.066394805908e-7,5.066394805908e-7,4.346668720245e-5,4.296004772186e-5,1.384019851685e-4,-9.544193744659e-5,1.437962055206e-5,0.15066354,0.51163154,0.72911788,28,63,0,-1,0.000000000000e0,1.825392246246e-7
615,1111222233334444,L0-original-frozen,0,2250,66,4,-0.010000,0.020000,-0.005000,0.020000,6.808787584305e-4,6.750226020813e-4,5.856156349182e-6,-5.856156349182e-6,-1.296401023865e-6,4.559755325317e-6,1.593232154846e-4,-1.547634601593e-4,2.077221870422e-5,0.13421914,0.54111304,0.79539765,5,63,0,-1,0.000000000000e0,1.583248376846e-7
616,1111222233334444,L2-phase17-frozen,0,2250,66,4,-0.010000,0.020000,-0.005000,0.020000,6.808787584305e-4,6.750226020813e-4,5.856156349182e-6,-5.856156349182e-6,-1.713633537292e-6,4.142522811890e-6,1.499056816101e-4,-1.457631587982e-4,1.907348632812e-5,0.12073196,0.44520548,0.64690247,6,63,0,-1,0.000000000000e0,1.353522141774e-7
617,1111222233334444,L0-original-frozen,1,2250,66,4,-0.010000,0.020000,-0.020000,0.020000,6.808787584305e-4,6.916075944901e-4,1.072883605957e-5,1.072883605957e-5,1.341104507446e-6,-9.387731552124e-6,3.090649843216e-4,-3.184527158737e-4,4.118680953979e-5,0.12465491,0.53165505,0.74222077,5,63,0,-1,0.000000000000e0,1.949568589528e-7
618,1111222233334444,L2-phase17-frozen,1,2250,66,4,-0.010000,0.020000,-0.020000,0.020000,6.808787584305e-4,6.916075944901e-4,1.072883605957e-5,1.072883605957e-5,2.205371856689e-6,-8.523464202881e-6,2.916902303696e-4,-3.002136945724e-4,3.825128078461e-5,0.12741351,0.53526580,0.76989130,6,63,0,-1,0.000000000000e0,1.477698485057e-7
619,1111222233334444,L0-original-frozen,0,2300,15,32,0.020000,0.020000,0.020000,0.010000,1.979768276215e-4,2.207756042480e-4,2.279877662659e-5,2.279877662659e-5,9.891390800476e-5,7.611513137817e-5,2.283900976181e-4,-1.522749662399e-4,1.858174800873e-5,0.10304335,0.45444760,0.73461200,0,63,0,-1,0.000000000000e0,1.117587089539e-7
620,1111222233334444,L2-phase17-frozen,0,2300,15,32,0.020000,0.020000,0.020000,0.010000,1.979768276215e-4,2.207756042480e-4,2.279877662659e-5,2.279877662659e-5,1.170635223389e-4,9.426474571228e-5,2.625435590744e-4,-1.682788133621e-4,3.068149089813e-5,0.10900558,0.50110688,0.76472151,0,63,0,-1,0.000000000000e0,1.117587089539e-7
621,1111222233334444,L0-original-frozen,1,2300,15,32,0.020000,0.020000,0.010000,-0.020000,1.979768276215e-4,1.744031906128e-4,2.357363700867e-5,-2.357363700867e-5,6.038695573807e-4,6.274431943893e-4,2.167642116547e-3,-1.540198922157e-3,1.778751611710e-4,0.10781629,0.43018160,0.69615232,2,63,0,-1,0.000000000000e0,1.161048809687e-7
622,1111222233334444,L2-phase17-frozen,1,2300,15,32,0.020000,0.020000,0.010000,-0.020000,1.979768276215e-4,1.744031906128e-4,2.357363700867e-5,-2.357363700867e-5,7.424801588058e-4,7.660537958145e-4,2.510040998459e-3,-1.743987202644e-3,2.865344285965e-4,0.10993959,0.49505712,0.76324581,2,63,0,-1,0.000000000000e0,1.440445582072e-7
623,1111222233334444,L0-original-frozen,0,2350,68,79,-0.010000,0.020000,-0.005000,0.020000,-5.229711532593e-4,-5.145817995071e-4,8.389353752136e-6,8.389353752136e-6,1.624226570129e-6,-6.765127182007e-6,8.745491504669e-5,-9.422004222870e-5,1.004338264465e-5,0.08397912,0.36043018,0.61600506,3,63,0,-1,0.000000000000e0,1.465280850728e-7
624,1111222233334444,L2-phase17-frozen,0,2350,68,79,-0.010000,0.020000,-0.005000,0.020000,-5.229711532593e-4,-5.145817995071e-4,8.389353752136e-6,8.389353752136e-6,1.177191734314e-5,3.382563591003e-6,1.056492328644e-4,-1.022666692734e-4,1.713633537292e-5,0.16756520,0.45111467,0.68876585,4,63,0,-1,0.000000000000e0,1.198301712672e-7
625,1111222233334444,L0-original-frozen,1,2350,68,79,-0.010000,0.020000,0.000000,0.020000,-5.229711532593e-4,-5.066692829132e-4,1.630187034607e-5,1.630187034607e-5,4.008412361145e-6,-1.229345798492e-5,1.749992370605e-4,-1.872926950455e-4,2.010166645050e-5,0.08528920,0.36319516,0.62129048,3,63,0,-1,0.000000000000e0,1.545995473862e-7
626,1111222233334444,L2-phase17-frozen,1,2350,68,79,-0.010000,0.020000,0.000000,0.020000,-5.229711532593e-4,-5.066692829132e-4,1.630187034607e-5,1.630187034607e-5,2.305209636688e-5,6.750226020813e-6,2.105683088303e-4,-2.038180828094e-4,3.419816493988e-5,0.16778769,0.45072379,0.68796608,4,63,0,-1,0.000000000000e0,1.552204291026e-7
627,1111222233334444,L0-original-frozen,0,2400,108,16,-0.010000,-0.020000,-0.005000,-0.020000,-5.024671554565e-5,-4.902482032776e-5,1.221895217896e-6,1.221895217896e-6,1.425296068192e-4,1.413077116013e-4,4.163235425949e-4,-2.750158309937e-4,7.706880569458e-5,0.16753359,0.63133940,0.82016688,0,63,0,-1,0.000000000000e0,1.850227514903e-7
628,1111222233334444,L2-phase17-frozen,0,2400,108,16,-0.010000,-0.020000,-0.005000,-0.020000,-5.024671554565e-5,-4.902482032776e-5,1.221895217896e-6,1.221895217896e-6,1.398324966431e-4,1.386106014252e-4,3.461986780167e-4,-2.075880765915e-4,4.258751869202e-5,0.20515397,0.53607063,0.74524442,0,63,0,-1,0.000000000000e0,1.663962999980e-7
629,1111222233334444,L0-original-frozen,1,2400,108,16,-0.010000,-0.020000,0.000000,-0.020000,-5.024671554565e-5,-5.237758159637e-5,2.130866050720e-6,-2.130866050720e-6,2.801418304443e-4,2.822726964951e-4,8.323043584824e-4,-5.500316619873e-4,1.539736986160e-4,0.16758778,0.63169159,0.82011270,2,63,0,-1,0.000000000000e0,1.291433970133e-7
630,1111222233334444,L2-phase17-frozen,1,2400,108,16,-0.010000,-0.020000,0.000000,-0.020000,-5.024671554565e-5,-5.237758159637e-5,2.130866050720e-6,-2.130866050720e-6,2.750456333160e-4,2.771764993668e-4,6.923079490662e-4,-4.151314496994e-4,8.530914783478e-5,0.20549912,0.53673858,0.74625794,2,63,0,-1,0.000000000000e0,1.310060421626e-7
631,1111222233334444,L0-original-frozen,0,2450,13,88,-0.010000,0.020000,0.020000,0.010000,-3.311634063721e-4,-3.521591424942e-4,2.099573612213e-5,-2.099573612213e-5,-2.898275852203e-4,-2.688318490982e-4,2.191454172134e-3,-2.460286021233e-3,3.142356872559e-4,0.07781620,0.35681104,0.57857632,4,63,0,-1,0.000000000000e0,1.111378272374e-7
632,1111222233334444,L2-phase17-frozen,0,2450,13,88,-0.010000,0.020000,0.020000,0.010000,-3.311634063721e-4,-3.521591424942e-4,2.099573612213e-5,-2.099573612213e-5,-1.166909933090e-4,-9.569525718689e-5,2.111047506332e-3,-2.206742763519e-3,3.689974546432e-4,0.16721362,0.50026335,0.73031629,2,63,0,-1,0.000000000000e0,1.564621925354e-7
633,1111222233334444,L0-original-frozen,1,2450,13,88,-0.010000,0.020000,-0.005000,0.020000,-3.311634063721e-4,-3.689080476761e-4,3.774464130402e-5,-3.774464130402e-5,-7.227063179016e-6,3.051757812500e-5,9.831786155701e-5,-6.780028343201e-5,2.029538154602e-5,0.29934066,0.59714286,0.80417582,57,63,0,-1,0.000000000000e0,8.940696716309e-8
634,1111222233334444,L2-phase17-frozen,1,2450,13,88,-0.010000,0.020000,-0.005000,0.020000,-3.311634063721e-4,-3.689080476761e-4,3.774464130402e-5,-3.774464130402e-5,-3.336369991302e-5,4.380941390991e-6,8.639693260193e-5,-8.201599121094e-5,1.958012580872e-5,0.22965116,0.62772529,0.81776890,0,63,0,-1,0.000000000000e0,9.685754776001e-8
635,1111222233334444,L0-original-frozen,0,2500,78,0,0.010000,-0.020000,0.005000,-0.020000,3.209859132767e-4,2.955198287964e-4,2.546608448029e-5,-2.546608448029e-5,-4.690885543823e-5,-2.144277095795e-5,4.400312900543e-5,-6.544589996338e-5,1.002848148346e-5,0.14503643,0.40869763,0.64799636,0,63,0,-1,0.000000000000e0,8.940696716309e-8
636,1111222233334444,L2-phase17-frozen,0,2500,78,0,0.010000,-0.020000,0.005000,-0.020000,3.209859132767e-4,2.955198287964e-4,2.546608448029e-5,-2.546608448029e-5,-3.814697265625e-5,-1.268088817596e-5,5.635619163513e-5,-6.903707981110e-5,9.596347808838e-6,0.13900281,0.42758472,0.64903950,0,63,0,-1,0.000000000000e0,9.934107462565e-8
637,1111222233334444,L0-original-frozen,1,2500,78,0,0.010000,-0.020000,0.020000,-0.020000,3.209859132767e-4,3.706216812134e-4,4.963576793671e-5,4.963576793671e-5,9.214878082275e-5,4.251301288605e-5,1.299828290939e-4,-8.746981620789e-5,2.004206180573e-5,0.22913118,0.69676320,0.86882453,0,63,0,-1,0.000000000000e0,5.587935447693e-8
638,1111222233334444,L2-phase17-frozen,1,2500,78,0,0.010000,-0.020000,0.020000,-0.020000,3.209859132767e-4,3.706216812134e-4,4.963576793671e-5,4.963576793671e-5,7.466971874237e-5,2.503395080566e-5,1.372694969177e-4,-1.122355461121e-4,1.923739910126e-5,0.12387148,0.48765268,0.76619756,0,63,0,-1,0.000000000000e0,7.698933283488e-8
639,1111222233334444,L0-original-frozen,0,2550,16,39,-0.020000,0.020000,-0.010000,0.010000,2.112388610840e-4,1.916885375977e-4,1.955032348633e-5,-1.955032348633e-5,1.992285251617e-4,2.187788486481e-4,2.793729305267e-3,-2.574950456619e-3,3.502368927002e-4,0.10918855,0.47697365,0.73117209,2,63,0,-1,0.000000000000e0,1.136213541031e-7
640,1111222233334444,L2-phase17-frozen,0,2550,16,39,-0.020000,0.020000,-0.010000,0.010000,2.112388610840e-4,1.916885375977e-4,1.955032348633e-5,-1.955032348633e-5,1.350045204163e-5,3.305077552795e-5,2.385228872299e-3,-2.352178096771e-3,3.701150417328e-4,0.15734992,0.57655906,0.73850189,5,63,0,-1,0.000000000000e0,7.264316082001e-8
641,1111222233334444,L0-original-frozen,1,2550,16,39,-0.020000,0.020000,-0.005000,0.010000,2.112388610840e-4,1.882612705231e-4,2.297759056091e-5,-2.297759056091e-5,2.649426460266e-4,2.879202365875e-4,3.811046481133e-3,-3.523126244545e-3,4.853606224060e-4,0.11123659,0.47645210,0.73040142,2,63,0,-1,0.000000000000e0,1.210719347000e-7
642,1111222233334444,L2-phase17-frozen,1,2550,16,39,-0.020000,0.020000,-0.005000,0.010000,2.112388610840e-4,1.882612705231e-4,2.297759056091e-5,-2.297759056091e-5,2.002716064453e-5,4.300475120544e-5,3.295868635178e-3,-3.252863883972e-3,5.091130733490e-4,0.15651226,0.57331330,0.73663283,3,63,0,-1,0.000000000000e0,8.257726828258e-8
643,1111222233334444,L0-original-frozen,0,2600,19,13,-0.020000,0.010000,-0.020000,0.005000,3.845095634460e-4,3.928691148758e-4,8.359551429749e-6,8.359551429749e-6,1.579523086548e-6,-6.780028343201e-6,9.992718696594e-5,-1.067072153091e-4,2.592802047729e-5,0.24298282,0.49141181,0.70716380,6,63,0,-1,0.000000000000e0,8.692344029744e-8
644,1111222233334444,L2-phase17-frozen,0,2600,19,13,-0.020000,0.010000,-0.020000,0.005000,3.845095634460e-4,3.928691148758e-4,8.359551429749e-6,8.359551429749e-6,1.174211502075e-5,3.382563591003e-6,1.217722892761e-4,-1.183897256851e-4,2.403557300568e-5,0.20302077,0.52901196,0.74323474,7,63,0,-1,0.000000000000e0,6.581346193949e-8
645,1111222233334444,L0-original-frozen,1,2600,19,13,-0.020000,0.010000,-0.020000,0.000000,3.845095634460e-4,3.987103700638e-4,1.420080661774e-5,1.420080661774e-5,2.235174179077e-7,-1.397728919983e-5,2.032965421677e-4,-2.172738313675e-4,5.544722080231e-5,0.25519512,0.49763391,0.70845621,5,63,0,-1,0.000000000000e0,6.953875223796e-8
646,1111222233334444,L2-phase17-frozen,1,2600,19,13,-0.020000,0.010000,-0.020000,0.000000,3.845095634460e-4,3.987103700638e-4,1.420080661774e-5,1.420080661774e-5,2.081692218781e-5,6.616115570068e-6,2.433061599731e-4,-2.366900444031e-4,4.792213439941e-5,0.20246789,0.52618988,0.73791236,7,63,0,-1,0.000000000000e0,8.940696716309e-8
647,1111222233334444,L0-original-frozen,0,2650,102,30,0.020000,-0.020000,0.010000,-0.020000,2.103745937347e-4,1.851916313171e-4,2.518296241760e-5,-2.518296241760e-5,-2.135783433914e-4,-1.883953809738e-4,1.244395971298e-3,-1.432791352272e-3,1.450926065445e-4,0.09021039,0.36414880,0.58316433,3,63,0,-1,0.000000000000e0,1.192092895508e-7
648,1111222233334444,L2-phase17-frozen,0,2650,102,30,0.020000,-0.020000,0.010000,-0.020000,2.103745937347e-4,1.851916313171e-4,2.518296241760e-5,-2.518296241760e-5,-1.883655786514e-4,-1.631826162338e-4,1.136124134064e-3,-1.299306750298e-3,1.464784145355e-4,0.11273582,0.42750158,0.64197488,3,63,0,-1,0.000000000000e0,1.030663649241e-7
649,1111222233334444,L0-original-frozen,1,2650,102,30,0.020000,-0.020000,0.005000,-0.020000,2.103745937347e-4,1.617670059204e-4,4.860758781433e-5,-4.860758781433e-5,-3.312081098557e-4,-2.826005220413e-4,1.868203282356e-3,-2.150803804398e-3,2.175867557526e-4,0.09031579,0.36408984,0.58316590,3,63,0,-1,0.000000000000e0,1.595666011175e-7
650,1111222233334444,L2-phase17-frozen,1,2650,102,30,0.020000,-0.020000,0.005000,-0.020000,2.103745937347e-4,1.617670059204e-4,4.860758781433e-5,-4.860758781433e-5,-2.938956022263e-4,-2.452880144119e-4,1.704677939415e-3,-1.949965953827e-3,2.195984125137e-4,0.11261654,0.42725814,0.64185389,0,63,0,-1,0.000000000000e0,1.130004723867e-7
651,1111222233334444,L0-original-frozen,0,2700,19,90,0.020000,0.010000,0.020000,0.005000,1.810774207115e-3,1.776874065399e-3,3.390014171600e-5,-3.390014171600e-5,5.349516868591e-6,3.924965858459e-5,3.863722085953e-4,-3.471225500107e-4,3.570318222046e-5,0.10285469,0.41519639,0.70830650,22,63,0,-1,0.000000000000e0,1.403192679087e-7
652,1111222233334444,L2-phase17-frozen,0,2700,19,90,0.020000,0.010000,0.020000,0.005000,1.810774207115e-3,1.776874065399e-3,3.390014171600e-5,-3.390014171600e-5,2.801418304443e-6,3.670156002045e-5,3.279745578766e-4,-2.912729978561e-4,2.928078174591e-5,0.08395150,0.38154192,0.67207244,35,63,0,-1,0.000000000000e0,9.685754776001e-8
653,1111222233334444,L0-original-frozen,0,2750,66,20,-0.010000,0.020000,-0.005000,0.020000,-7.164627313614e-4,-7.189512252808e-4,2.488493919373e-6,-2.488493919373e-6,-3.768503665924e-5,-3.519654273987e-5,1.492351293564e-4,-1.844316720963e-4,2.194941043854e-5,0.09719641,0.33893512,0.55279955,0,63,0,-1,0.000000000000e0,6.705522537231e-8
654,1111222233334444,L2-phase17-frozen,0,2750,66,20,-0.010000,0.020000,-0.005000,0.020000,-7.164627313614e-4,-7.189512252808e-4,2.488493919373e-6,-2.488493919373e-6,-2.939999103546e-5,-2.691149711609e-5,1.447796821594e-4,-1.716911792755e-4,1.884996891022e-5,0.09659781,0.36877278,0.58626974,2,63,0,-1,0.000000000000e0,9.561578432719e-8
655,1111222233334444,L0-original-frozen,1,2750,66,20,-0.010000,0.020000,-0.020000,0.020000,-7.164627313614e-4,-7.126182317734e-4,3.844499588013e-6,3.844499588013e-6,7.417798042297e-5,7.033348083496e-5,3.689974546432e-4,-2.986639738083e-4,4.416704177856e-5,0.14788205,0.48011775,0.72549020,0,63,0,-1,0.000000000000e0,7.947285970052e-8
656,1111222233334444,L2-phase17-frozen,1,2750,66,20,-0.010000,0.020000,-0.020000,0.020000,-7.164627313614e-4,-7.126182317734e-4,3.844499588013e-6,3.844499588013e-6,5.765259265900e-5,5.380809307098e-5,3.436356782913e-4,-2.898275852203e-4,3.784894943237e-5,0.13059126,0.47105398,0.70025707,2,63,0,-1,0.000000000000e0,1.216928164164e-7
657,1111222233334444,L0-original-frozen,0,2800,21,42,-0.020000,0.020000,-0.020000,0.010000,6.065517663956e-4,6.311684846878e-4,2.461671829224e-5,2.461671829224e-5,1.695752143860e-5,-7.659196853638e-6,6.503909826279e-4,-6.580501794815e-4,6.398558616638e-5,0.09723512,0.37501415,0.62247232,10,63,0,-1,0.000000000000e0,9.064873059591e-8
658,1111222233334444,L2-phase17-frozen,0,2800,21,42,-0.020000,0.020000,-0.020000,0.010000,6.065517663956e-4,6.311684846878e-4,2.461671829224e-5,2.461671829224e-5,8.583068847656e-6,-1.603364944458e-5,7.261633872986e-4,-7.421970367432e-4,6.671249866486e-5,0.08988516,0.37407645,0.61092596,11,63,0,-1,0.000000000000e0,1.117587089539e-7
659,1111222233334444,L0-original-frozen,1,2800,21,42,-0.020000,0.020000,-0.020000,0.005000,6.065517663956e-4,6.422847509384e-4,3.573298454285e-5,3.573298454285e-5,2.434849739075e-5,-1.138448715210e-5,9.748041629791e-4,-9.861886501312e-4,9.593367576599e-5,0.09727721,0.37504155,0.62240488,10,63,0,-1,0.000000000000e0,9.934107462565e-8
660,1111222233334444,L2-phase17-frozen,1,2800,21,42,-0.020000,0.020000,-0.020000,0.005000,6.065517663956e-4,6.422847509384e-4,3.573298454285e-5,3.573298454285e-5,1.178681850433e-5,-2.394616603851e-5,1.088544726372e-3,-1.112490892410e-3,1.000612974167e-4,0.08994348,0.37407913,0.61097270,11,63,0,-1,0.000000000000e0,1.055498917898e-7
661,1111222233334444,L0-original-frozen,0,2900,122,18,-0.010000,-0.020000,0.010000,-0.010000,3.439038991928e-4,3.460645675659e-4,2.160668373108e-6,2.160668373108e-6,1.644194126129e-4,1.622587442398e-4,4.017397761345e-3,-3.855139017105e-3,6.585121154785e-4,0.14539607,0.49986085,0.68757779,5,63,0,-1,0.000000000000e0,9.189049402869e-8
662,1111222233334444,L2-phase17-frozen,0,2900,122,18,-0.010000,-0.020000,0.010000,-0.010000,3.439038991928e-4,3.460645675659e-4,2.160668373108e-6,2.160668373108e-6,8.523464202881e-6,6.362795829773e-6,3.716915845871e-3,-3.710553050041e-3,5.642920732498e-4,0.15044315,0.50034336,0.66760505,9,63,0,-1,0.000000000000e0,1.216928164164e-7
663,1111222233334444,L0-original-frozen,1,2900,122,18,-0.010000,-0.020000,0.005000,-0.010000,3.439038991928e-4,3.409385681152e-4,2.965331077576e-6,-2.965331077576e-6,1.833140850067e-4,1.862794160843e-4,4.261374473572e-3,-4.075095057487e-3,6.844252347946e-4,0.14297468,0.49624646,0.68496572,2,63,0,-1,0.000000000000e0,1.378357410431e-7
664,1111222233334444,L2-phase17-frozen,1,2900,122,18,-0.010000,-0.020000,0.005000,-0.010000,3.439038991928e-4,3.409385681152e-4,2.965331077576e-6,-2.965331077576e-6,1.651048660278e-5,1.947581768036e-5,3.931134939194e-3,-3.911659121513e-3,5.879700183868e-4,0.14871984,0.49620010,0.67254207,2,63,0,-1,0.000000000000e0,1.005828380585e-7
665,1111222233334444,L0-original-frozen,0,3000,73,21,0.000000,-0.020000,-0.010000,-0.020000,1.673072576523e-3,1.673072576523e-3,0.000000000000e0,0.000000000000e0,0.000000000000e0,0.000000000000e0,0.000000000000e0,0.000000000000e0,0.000000000000e0,0.00000000,0.00000000,0.00000000,0,63,0,-1,0.000000000000e0,0.000000000000e0
666,1111222233334444,L2-phase17-frozen,0,3000,73,21,0.000000,-0.020000,-0.010000,-0.020000,1.673072576523e-3,1.673072576523e-3,0.000000000000e0,0.000000000000e0,0.000000000000e0,0.000000000000e0,0.000000000000e0,0.000000000000e0,0.000000000000e0,0.00000000,0.00000000,0.00000000,0,63,0,-1,0.000000000000e0,0.000000000000e0
667,1111222233334444,L0-original-frozen,1,3000,73,21,0.000000,-0.020000,0.005000,-0.020000,1.673072576523e-3,1.673072576523e-3,0.000000000000e0,0.000000000000e0,0.000000000000e0,0.000000000000e0,0.000000000000e0,0.000000000000e0,0.000000000000e0,0.00000000,0.00000000,0.00000000,0,63,0,-1,0.000000000000e0,0.000000000000e0
668,1111222233334444,L2-phase17-frozen,1,3000,73,21,0.000000,-0.020000,0.005000,-0.020000,1.673072576523e-3,1.673072576523e-3,0.000000000000e0,0.000000000000e0,0.000000000000e0,0.000000000000e0,0.000000000000e0,0.000000000000e0,0.000000000000e0,0.00000000,0.00000000,0.00000000,0,63,0,-1,0.000000000000e0,0.000000000000e0
669,1111222233334444,L0-original-frozen,0,3050,12,59,0.000000,0.020000,0.020000,-0.010000,-3.126412630081e-4,-2.992153167725e-4,1.342594623566e-5,1.342594623566e-5,-4.724115133286e-4,-4.858374595642e-4,2.154663205147e-3,-2.640500664711e-3,3.361105918884e-4,0.12729048,0.45943307,0.68496227,3,63,0,-1,0.000000000000e0,9.934107462566e-8
670,1111222233334444,L2-phase17-frozen,0,3050,12,59,0.000000,0.020000,0.020000,-0.010000,-3.126412630081e-4,-2.992153167725e-4,1.342594623566e-5,1.342594623566e-5,-7.463395595551e-4,-7.597655057907e-4,2.010285854340e-3,-2.770051360130e-3,3.794729709625e-4,0.13699131,0.45751634,0.70761989,2,63,0,-1,0.000000000000e0,1.229345798492e-7
671,1111222233334444,L0-original-frozen,1,3050,12,59,0.000000,0.020000,0.010000,0.005000,-3.126412630081e-4,-2.835988998413e-4,2.904236316681e-5,2.904236316681e-5,-2.135634422302e-4,-2.426058053970e-4,1.073852181435e-3,-1.316457986832e-3,1.671910285950e-4,0.12700066,0.45871913,0.68485274,4,63,0,-1,0.000000000000e0,1.452863216400e-7
672,1111222233334444,L2-phase17-frozen,1,3050,12,59,0.000000,0.020000,0.010000,0.005000,-3.126412630081e-4,-2.835988998413e-4,2.904236316681e-5,2.904236316681e-5,-3.492236137390e-4,-3.782659769058e-4,1.004710793495e-3,-1.382976770401e-3,1.888573169708e-4,0.13655856,0.45707359,0.70682039,3,63,0,-1,0.000000000000e0,1.279016335805e-7
673,1111222233334444,L0-original-frozen,0,3100,25,23,0.000000,-0.020000,-0.020000,-0.020000,1.075953245163e-3,1.075953245163e-3,0.000000000000e0,0.000000000000e0,0.000000000000e0,0.000000000000e0,0.000000000000e0,0.000000000000e0,0.000000000000e0,0.00000000,0.00000000,0.00000000,0,63,0,-1,0.000000000000e0,0.000000000000e0
674,1111222233334444,L2-phase17-frozen,0,3100,25,23,0.000000,-0.020000,-0.020000,-0.020000,1.075953245163e-3,1.075953245163e-3,0.000000000000e0,0.000000000000e0,0.000000000000e0,0.000000000000e0,0.000000000000e0,0.000000000000e0,0.000000000000e0,0.00000000,0.00000000,0.00000000,0,63,0,-1,0.000000000000e0,0.000000000000e0
675,1111222233334444,L0-original-frozen,1,3100,25,23,0.000000,-0.020000,0.020000,-0.020000,1.075953245163e-3,1.075953245163e-3,0.000000000000e0,0.000000000000e0,0.000000000000e0,0.000000000000e0,0.000000000000e0,0.000000000000e0,0.000000000000e0,0.00000000,0.00000000,0.00000000,0,63,0,-1,0.000000000000e0,0.000000000000e0
676,1111222233334444,L2-phase17-frozen,1,3100,25,23,0.000000,-0.020000,0.020000,-0.020000,1.075953245163e-3,1.075953245163e-3,0.000000000000e0,0.000000000000e0,0.000000000000e0,0.000000000000e0,0.000000000000e0,0.000000000000e0,0.000000000000e0,0.00000000,0.00000000,0.00000000,0,63,0,-1,0.000000000000e0,0.000000000000e0
677,1111222233334444,L0-original-frozen,0,3150,87,61,0.000000,0.020000,-0.020000,0.020000,3.235638141632e-4,3.235638141632e-4,0.000000000000e0,0.000000000000e0,0.000000000000e0,0.000000000000e0,1.490116119385e-8,-1.490116119385e-8,1.490116119385e-8,1.00000000,1.00000000,1.00000000,0,63,0,-1,0.000000000000e0,1.490116119385e-8
678,1111222233334444,L2-phase17-frozen,0,3150,87,61,0.000000,0.020000,-0.020000,0.020000,3.235638141632e-4,3.235638141632e-4,0.000000000000e0,0.000000000000e0,2.488493919373e-6,2.488493919373e-6,4.902482032776e-6,-2.413988113403e-6,1.713633537292e-6,0.34567901,0.90740741,0.97530864,0,63,0,-1,0.000000000000e0,3.973642985026e-8
679,1111222233334444,L0-original-frozen,1,3150,87,61,0.000000,0.020000,0.010000,0.020000,3.235638141632e-4,3.235638141632e-4,0.000000000000e0,0.000000000000e0,-3.129243850708e-7,-3.129243850708e-7,6.407499313354e-7,-9.536743164062e-7,6.407499313354e-7,0.67187500,1.00000000,1.00000000,0,63,0,-1,0.000000000000e0,1.738468805949e-8
680,1111222233334444,L2-phase17-frozen,1,3150,87,61,0.000000,0.020000,0.010000,0.020000,3.235638141632e-4,3.235638141632e-4,0.000000000000e0,0.000000000000e0,-1.266598701477e-6,-1.266598701477e-6,1.266598701477e-6,-2.533197402954e-6,1.013278961182e-6,0.40000000,0.82352941,0.92941176,0,63,0,-1,0.000000000000e0,3.973642985026e-8
681,1111222233334444,L0-original-frozen,0,3250,86,16,0.020000,0.020000,0.010000,0.020000,4.032552242279e-4,4.016906023026e-4,1.564621925354e-6,-1.564621925354e-6,-2.592802047729e-6,-1.028180122375e-6,1.356005668640e-6,-2.384185791016e-6,9.834766387939e-7,0.41250000,0.78750000,0.88125000,0,63,0,-1,0.000000000000e0,3.725290298462e-8
682,1111222233334444,L2-phase17-frozen,0,3250,86,16,0.020000,0.020000,0.010000,0.020000,4.032552242279e-4,4.016906023026e-4,1.564621925354e-6,-1.564621925354e-6,-3.904104232788e-6,-2.339482307434e-6,2.190470695496e-6,-4.529953002930e-6,1.311302185059e-6,0.28947368,0.65789474,0.81578947,0,63,0,-1,0.000000000000e0,4.967053731283e-8
683,1111222233334444,L0-original-frozen,1,3250,86,16,0.020000,0.020000,0.005000,0.020000,4.032552242279e-4,4.009008407593e-4,2.354383468628e-6,-2.354383468628e-6,-3.904104232788e-6,-1.549720764160e-6,1.922249794006e-6,-3.471970558167e-6,1.266598701477e-6,0.36480687,0.78540773,0.87553648,0,63,0,-1,0.000000000000e0,4.470348358154e-8
684,1111222233334444,L2-phase17-frozen,1,3250,86,16,0.020000,0.020000,0.005000,0.020000,4.032552242279e-4,4.009008407593e-4,2.354383468628e-6,-2.354383468628e-6,-5.871057510376e-6,-3.516674041748e-6,2.980232238770e-6,-6.496906280518e-6,1.862645149231e-6,0.28669725,0.61467890,0.75917431,0,63,0,-1,0.000000000000e0,5.712111790975e-8
685,1111222233334444,L0-original-frozen,0,3300,114,88,-0.020000,-0.010000,-0.020000,-0.020000,1.878440380096e-4,1.904517412186e-4,2.607703208923e-6,2.607703208923e-6,4.508197307587e-4,4.482120275497e-4,2.080604434013e-3,-1.632392406464e-3,1.983642578125e-4,0.12151751,0.43219411,0.61970095,3,63,0,-1,0.000000000000e0,9.189049402872e-8
686,1111222233334444,L2-phase17-frozen,0,3300,114,88,-0.020000,-0.010000,-0.020000,-0.020000,1.878440380096e-4,1.904517412186e-4,2.607703208923e-6,2.607703208923e-6,5.218684673309e-4,5.192607641220e-4,2.220273017883e-3,-1.701012253761e-3,2.581179141998e-4,0.12532303,0.45932214,0.64213818,3,63,0,-1,0.000000000000e0,1.117587089539e-7
687,1111222233334444,L0-original-frozen,1,3300,114,88,-0.020000,-0.010000,-0.020000,-0.005000,1.878440380096e-4,1.666396856308e-4,2.120435237885e-5,-2.120435237885e-5,-2.433806657791e-4,-2.221763134003e-4,8.172839879990e-4,-1.039460301399e-3,1.001507043839e-4,0.09551730,0.44404146,0.70539157,3,63,0,-1,0.000000000000e0,9.934107462566e-8
688,1111222233334444,L2-phase17-frozen,1,3300,114,88,-0.020000,-0.010000,-0.020000,-0.005000,1.878440380096e-4,1.666396856308e-4,2.120435237885e-5,-2.120435237885e-5,-2.795010805130e-4,-2.582967281342e-4,8.333176374435e-4,-1.091614365578e-3,1.289695501328e-4,0.11814571,0.48500485,0.71023929,3,63,0,-1,0.000000000000e0,1.080334186554e-7
689,1111222233334444,L0-original-frozen,0,3350,46,10,0.020000,0.020000,0.010000,0.020000,-1.575380563736e-3,-1.578703522682e-3,3.322958946228e-6,-3.322958946228e-6,-3.099441528320e-6,2.235174179077e-7,1.209229230881e-5,-1.186877489090e-5,1.803040504456e-6,0.08913999,0.36785938,0.63151287,0,63,0,-1,0.000000000000e0,4.221995671590e-8
690,1111222233334444,L2-phase17-frozen,0,3350,46,10,0.020000,0.020000,0.010000,0.020000,-1.575380563736e-3,-1.578703522682e-3,3.322958946228e-6,-3.322958946228e-6,-3.874301910400e-6,-5.513429641724e-7,1.444667577744e-5,-1.499801874161e-5,2.071261405945e-6,0.11425733,0.46100348,0.68852459,0,63,0,-1,0.000000000000e0,4.221995671590e-8
691,1111222233334444,L0-original-frozen,1,3350,46,10,0.020000,0.020000,0.005000,0.020000,-1.575380563736e-3,-1.580372452736e-3,4.991888999939e-6,-4.991888999939e-6,-4.678964614868e-6,3.129243850708e-7,1.829862594604e-5,-1.798570156097e-5,2.741813659668e-6,0.08947804,0.36246893,0.62303231,0,63,0,-1,0.000000000000e0,6.457169850667e-8
692,1111222233334444,L2-phase17-frozen,1,3350,46,10,0.020000,0.020000,0.005000,0.020000,-1.575380563736e-3,-1.580372452736e-3,4.991888999939e-6,-4.991888999939e-6,-5.856156349182e-6,-8.642673492432e-7,2.171099185944e-5,-2.257525920868e-5,3.084540367126e-6,0.11617162,0.46468647,0.69108911,0,63,0,-1,0.000000000000e0,5.215406417847e-8
693,1111222233334444,L0-original-frozen,0,3400,13,20,-0.010000,0.020000,-0.005000,0.020000,3.490671515465e-4,3.464221954346e-4,2.644956111908e-6,-2.644956111908e-6,-4.061311483383e-5,-3.796815872192e-5,5.756318569183e-5,-9.553134441376e-5,1.603364944458e-5,0.16783653,0.50335361,0.76142567,0,63,0,-1,0.000000000000e0,5.712111790975e-8
694,1111222233334444,L2-phase17-frozen,0,3400,13,20,-0.010000,0.020000,-0.005000,0.020000,3.490671515465e-4,3.464221954346e-4,2.644956111908e-6,-2.644956111908e-6,-1.293420791626e-5,-1.028925180435e-5,9.105354547501e-5,-1.013427972794e-4,1.957267522812e-5,0.15137480,0.52345243,0.77187178,31,63,0,-1,0.000000000000e0,6.457169850667e-8
695,1111222233334444,L0-original-frozen,1,3400,13,20,-0.010000,0.020000,-0.020000,0.020000,3.490671515465e-4,3.444775938988e-4,4.589557647705e-6,-4.589557647705e-6,7.057189941406e-5,7.516145706177e-5,1.869723200798e-4,-1.118108630180e-4,3.097951412201e-5,0.15299527,0.54567868,0.81355367,2,63,0,-1,0.000000000000e0,5.960464477539e-8
696,1111222233334444,L2-phase17-frozen,1,3400,13,20,-0.010000,0.020000,-0.020000,0.020000,3.490671515465e-4,3.444775938988e-4,4.589557647705e-6,-4.589557647705e-6,1.507997512817e-5,1.966953277588e-5,1.946091651917e-4,-1.749396324158e-4,3.840029239655e-5,0.21950596,0.53931005,0.73918228,2,63,0,-1,0.000000000000e0,5.712111790975e-8
697,1111222233334444,L0-original-frozen,0,3450,18,115,0.010000,0.010000,0.020000,0.005000,3.152489662170e-4,3.138035535812e-4,1.445412635803e-6,-1.445412635803e-6,-1.430511474609e-4,-1.416057348251e-4,5.385369062424e-3,-5.526974797249e-3,1.061536371708e-3,0.14640653,0.57824291,0.80965816,10,63,0,-1,0.000000000000e0,1.142422358195e-7
698,1111222233334444,L2-phase17-frozen,0,3450,18,115,0.010000,0.010000,0.020000,0.005000,3.152489662170e-4,3.138035535812e-4,1.445412635803e-6,-1.445412635803e-6,-2.825483679771e-4,-2.811029553413e-4,4.465997219086e-3,-4.747100174427e-3,7.559210062027e-4,0.15923848,0.57360883,0.77109920,23,63,0,-1,0.000000000000e0,1.316269238790e-7
699,1111222233334444,L0-original-frozen,1,3450,18,115,0.010000,0.010000,0.020000,0.000000,3.152489662170e-4,3.206133842468e-4,5.364418029785e-6,5.364418029785e-6,-1.436471939087e-4,-1.490116119385e-4,5.400106310844e-3,-5.549117922783e-3,1.068770885468e-3,0.14618752,0.57811866,0.80959062,2,63,0,-1,0.000000000000e0,8.443991343179e-8
700,1111222233334444,L2-phase17-frozen,1,3450,18,115,0.010000,0.010000,0.020000,0.000000,3.152489662170e-4,3.206133842468e-4,5.364418029785e-6,5.364418029785e-6,-2.842396497726e-4,-2.896040678024e-4,4.465751349926e-3,-4.755355417728e-3,7.581338286400e-4,0.15942737,0.57432554,0.77218438,2,63,0,-1,0.000000000000e0,1.254181067149e-7
701,1111222233334444,L0-original-frozen,0,3500,96,14,0.020000,0.020000,0.020000,0.010000,1.788586378098e-4,1.574605703354e-4,2.139806747437e-5,-2.139806747437e-5,-3.365427255630e-5,-1.225620508194e-5,4.780367016792e-4,-4.902929067612e-4,3.712624311447e-5,0.07572258,0.32188554,0.59272711,2,63,0,-1,0.000000000000e0,6.457169850667e-8
702,1111222233334444,L2-phase17-frozen,0,3500,96,14,0.020000,0.020000,0.020000,0.010000,1.788586378098e-4,1.574605703354e-4,2.139806747437e-5,-2.139806747437e-5,-4.927814006805e-5,-2.788007259369e-5,5.016475915909e-4,-5.295276641846e-4,4.848837852478e-5,0.09156911,0.32212404,0.57282756,5,63,0,-1,0.000000000000e0,8.443991343180e-8
703,1111222233334444,L0-original-frozen,1,3500,96,14,0.020000,0.020000,0.020000,0.005000,1.788586378098e-4,1.423358917236e-4,3.652274608612e-5,-3.652274608612e-5,-5.680322647095e-5,-2.028048038483e-5,7.041394710541e-4,-7.244199514389e-4,5.523860454559e-5,0.07625219,0.32172169,0.59432274,2,63,0,-1,0.000000000000e0,7.202227910360e-8
704,1111222233334444,L2-phase17-frozen,1,3500,96,14,0.020000,0.020000,0.020000,0.005000,1.788586378098e-4,1.423358917236e-4,3.652274608612e-5,-3.652274608612e-5,-8.051097393036e-5,-4.398822784424e-5,7.392615079880e-4,-7.832497358322e-4,7.115304470062e-5,0.09084337,0.32073892,0.57062002,5,63,0,-1,0.000000000000e0,7.947285970052e-8
705,1111222233334444,L0-original-frozen,0,3550,26,61,0.020000,0.020000,0.010000,-0.020000,-4.352554678917e-4,-4.693865776062e-4,3.413110971451e-5,-3.413110971451e-5,-4.254430532455e-4,-3.913119435310e-4,2.732098102570e-3,-3.123410046101e-3,3.696531057358e-4,0.10637927,0.41336348,0.63683486,16,63,0,-1,0.000000000000e0,7.450580596924e-8
706,1111222233334444,L2-phase17-frozen,0,3550,26,61,0.020000,0.020000,0.010000,-0.020000,-4.352554678917e-4,-4.693865776062e-4,3.413110971451e-5,-3.413110971451e-5,-2.484843134880e-4,-2.143532037735e-4,3.297276794910e-3,-3.511629998684e-3,3.853216767311e-4,0.08867592,0.41720858,0.66387170,2,63,0,-1,0.000000000000e0,8.443991343181e-8
707,1111222233334444,L0-original-frozen,0,3650,20,21,0.020000,-0.020000,0.010000,0.005000,-6.240829825401e-4,-6.605610251427e-4,3.647804260254e-5,-3.647804260254e-5,-5.755275487900e-4,-5.390495061874e-4,7.215358316898e-3,-7.754407823086e-3,8.182823657990e-4,0.09782961,0.44663661,0.63350144,3,63,0,-1,0.000000000000e0,8.816520373028e-8
708,1111222233334444,L2-phase17-frozen,0,3650,20,21,0.020000,-0.020000,0.010000,0.005000,-6.240829825401e-4,-6.605610251427e-4,3.647804260254e-5,-3.647804260254e-5,-9.239464998245e-5,-5.591660737991e-5,8.888199925423e-3,-8.944116532803e-3,1.319147646427e-3,0.12579522,0.39328040,0.57883526,6,63,0,-1,0.000000000000e0,8.319814999896e-8
709,1111222233334444,L0-original-frozen,0,3700,11,7,0.020000,0.010000,0.020000,0.005000,7.927715778351e-4,8.364021778107e-4,4.363059997559e-5,4.363059997559e-5,5.093961954117e-5,7.309019565582e-6,1.479685306549e-4,-1.406595110893e-4,1.528114080429e-5,0.10810954,0.49817257,0.74977488,0,63,0,-1,0.000000000000e0,7.823109626770e-8
710,1111222233334444,L2-phase17-frozen,0,3700,11,7,0.020000,0.010000,0.020000,0.005000,7.927715778351e-4,8.364021778107e-4,4.363059997559e-5,4.363059997559e-5,5.521625280380e-5,1.158565282822e-5,1.584812998772e-4,-1.468956470490e-4,1.844763755798e-5,0.11523636,0.49188476,0.76475959,0,63,0,-1,0.000000000000e0,1.204510529836e-7
711,1111222233334444,L0-original-frozen,0,3750,110,8,0.020000,-0.020000,0.010000,-0.005000,9.875744581223e-5,1.015514135361e-4,2.793967723846e-6,2.793967723846e-6,-1.177132129669e-3,-1.179926097393e-3,1.939594745636e-3,-3.119520843029e-3,2.774670720100e-4,0.08894541,0.37527317,0.60889908,3,63,0,-1,0.000000000000e0,1.179675261180e-7
712,1111222233334444,L2-phase17-frozen,0,3750,110,8,0.020000,-0.020000,0.010000,-0.005000,9.875744581223e-5,1.015514135361e-4,2.793967723846e-6,2.793967723846e-6,-1.159042119980e-3,-1.161836087704e-3,1.804932951927e-3,-2.966769039631e-3,2.618804574013e-4,0.08827127,0.35432315,0.60530446,3,63,0,-1,0.000000000000e0,9.561578432719e-8
713,1111222233334444,L0-original-frozen,1,3750,110,8,0.020000,-0.020000,0.010000,0.000000,9.875744581223e-5,1.023262739182e-4,3.568828105927e-6,3.568828105927e-6,-1.527160406113e-3,-1.530729234219e-3,2.552866935730e-3,-4.083596169949e-3,3.634989261627e-4,0.08901442,0.37585912,0.61048074,3,63,0,-1,0.000000000000e0,8.319814999899e-8
714,1111222233334444,L2-phase17-frozen,1,3750,110,8,0.020000,-0.020000,0.010000,0.000000,9.875744581223e-5,1.023262739182e-4,3.568828105927e-6,3.568828105927e-6,-1.476190984249e-3,-1.479759812355e-3,2.325646579266e-3,-3.805406391621e-3,3.274604678154e-4,0.08605138,0.35478793,0.61798364,3,63,0,-1,0.000000000000e0,1.092751820882e-7
715,1111222233334444,L0-original-frozen,0,3800,10,85,0.020000,0.000000,0.020000,-0.005000,-8.286088705063e-4,-8.286088705063e-4,0.000000000000e0,0.000000000000e0,0.000000000000e0,0.000000000000e0,0.000000000000e0,0.000000000000e0,0.000000000000e0,0.00000000,0.00000000,0.00000000,0,63,0,-1,0.000000000000e0,0.000000000000e0
716,1111222233334444,L2-phase17-frozen,0,3800,10,85,0.020000,0.000000,0.020000,-0.005000,-8.286088705063e-4,-8.286088705063e-4,0.000000000000e0,0.000000000000e0,0.000000000000e0,0.000000000000e0,0.000000000000e0,0.000000000000e0,0.000000000000e0,0.00000000,0.00000000,0.00000000,0,63,0,-1,0.000000000000e0,0.000000000000e0
717,1111222233334444,L0-original-frozen,1,3800,10,85,0.020000,0.000000,0.020000,-0.020000,-8.286088705063e-4,-8.286088705063e-4,0.000000000000e0,0.000000000000e0,0.000000000000e0,0.000000000000e0,0.000000000000e0,0.000000000000e0,0.000000000000e0,0.00000000,0.00000000,0.00000000,0,63,0,-1,0.000000000000e0,0.000000000000e0
718,1111222233334444,L2-phase17-frozen,1,3800,10,85,0.020000,0.000000,0.020000,-0.020000,-8.286088705063e-4,-8.286088705063e-4,0.000000000000e0,0.000000000000e0,0.000000000000e0,0.000000000000e0,0.000000000000e0,0.000000000000e0,0.000000000000e0,0.00000000,0.00000000,0.00000000,0,63,0,-1,0.000000000000e0,0.000000000000e0
719,1111222233334444,L0-original-frozen,0,3850,66,6,-0.020000,0.020000,-0.010000,0.020000,8.131414651871e-4,7.912963628769e-4,2.184510231018e-5,-2.184510231018e-5,-7.270276546478e-5,-5.085766315460e-5,2.540051937103e-4,-3.048628568649e-4,4.468858242035e-5,0.14658585,0.47969109,0.67100054,0,63,0,-1,0.000000000000e0,7.823109626770e-8
720,1111222233334444,L2-phase17-frozen,0,3850,66,6,-0.020000,0.020000,-0.010000,0.020000,8.131414651871e-4,7.912963628769e-4,2.184510231018e-5,-2.184510231018e-5,-9.384006261826e-5,-7.199496030807e-5,2.816617488861e-4,-3.536567091942e-4,4.265457391739e-5,0.11938821,0.48113426,0.70423663,0,63,0,-1,0.000000000000e0,8.692344029745e-8
721,1111222233334444,L0-original-frozen,1,3850,66,6,-0.020000,0.020000,-0.005000,0.020000,8.131414651871e-4,7.796809077263e-4,3.346055746078e-5,-3.346055746078e-5,-1.096278429031e-4,-7.616728544235e-5,3.812015056610e-4,-4.573687911034e-4,6.707757711411e-5,0.14665972,0.47985730,0.67162429,0,63,0,-1,0.000000000000e0,7.326404253642e-8
722,1111222233334444,L2-phase17-frozen,1,3850,66,6,-0.020000,0.020000,-0.005000,0.020000,8.131414651871e-4,7.796809077263e-4,3.346055746078e-5,-3.346055746078e-5,-1.414269208908e-4,-1.079663634300e-4,4.224330186844e-4,-5.303993821144e-4,6.397813558578e-5,0.11952689,0.48128222,0.70444872,0,63,0,-1,0.000000000000e0,7.947285970052e-8
723,1111222233334444,L0-original-frozen,0,3900,23,26,0.020000,0.020000,-0.005000,0.000000,-2.752766013145e-4,-2.789720892906e-4,3.695487976074e-6,-3.695487976074e-6,1.764222979546e-4,1.801177859306e-4,6.052732467651e-3,-5.872614681721e-3,1.101426780224e-3,0.18755305,0.59089531,0.81446038,2,63,0,-1,0.000000000000e0,1.005828380585e-7
724,1111222233334444,L2-phase17-frozen,0,3900,23,26,0.020000,0.020000,-0.005000,0.000000,-2.752766013145e-4,-2.789720892906e-4,3.695487976074e-6,-3.695487976074e-6,6.546080112457e-5,6.915628910065e-5,6.170980632305e-3,-6.101824343204e-3,1.099064946175e-3,0.14807936,0.47712440,0.74794163,2,63,0,-1,0.000000000000e0,8.940696716309e-8
725,1111222233334444,L0-original-frozen,1,3900,23,26,0.020000,0.020000,0.000000,0.005000,-2.752766013145e-4,-2.263486385345e-4,4.892796278000e-5,4.892796278000e-5,2.207458019257e-4,1.718178391457e-4,4.898257553577e-3,-4.726439714432e-3,8.784532546997e-4,0.18585940,0.58569105,0.81349114,45,63,0,-1,0.000000000000e0,1.043081283569e-7
726,1111222233334444,L2-phase17-frozen,1,3900,23,26,0.020000,0.020000,0.000000,0.005000,-2.752766013145e-4,-2.263486385345e-4,4.892796278000e-5,4.892796278000e-5,1.325458288193e-4,8.361786603928e-5,5.032144486904e-3,-4.948526620865e-3,8.879825472832e-4,0.14267066,0.47293354,0.74309826,47,63,0,-1,0.000000000000e0,7.574756940206e-8
727,1111222233334444,L0-original-frozen,0,3950,30,119,-0.020000,-0.020000,-0.020000,-0.010000,7.511675357819e-5,6.826221942902e-5,6.854534149170e-6,-6.854534149170e-6,-1.071393489838e-5,-3.859400749207e-6,1.195818185806e-5,-1.581758260727e-5,2.190470695496e-6,0.13848328,0.49976448,0.74894018,0,63,0,-1,0.000000000000e0,7.202227910360e-8
728,1111222233334444,L2-phase17-frozen,0,3950,30,119,-0.020000,-0.020000,-0.020000,-0.010000,7.511675357819e-5,6.826221942902e-5,6.854534149170e-6,-6.854534149170e-6,-8.024275302887e-6,-1.169741153717e-6,1.160055398941e-5,-1.277029514313e-5,1.586973667145e-6,0.12427071,0.54725788,0.74562427,0,63,0,-1,0.000000000000e0,8.692344029744e-8
729,1111222233334444,L0-original-frozen,1,3950,30,119,-0.020000,-0.020000,-0.020000,-0.005000,7.511675357819e-5,6.486475467682e-5,1.025199890137e-5,-1.025199890137e-5,-1.611560583115e-5,-5.863606929779e-6,1.774728298187e-5,-2.361088991165e-5,3.263354301453e-6,0.13821395,0.50678447,0.75355002,0,63,0,-1,0.000000000000e0,5.215406417847e-8
730,1111222233334444,L2-phase17-frozen,1,3950,30,119,-0.020000,-0.020000,-0.020000,-0.005000,7.511675357819e-5,6.486475467682e-5,1.025199890137e-5,-1.025199890137e-5,-1.207739114761e-5,-1.825392246246e-6,1.714378595352e-5,-1.896917819977e-5,2.346932888031e-6,0.12018853,0.54988217,0.75019639,0,63,0,-1,0.000000000000e0,6.208817164103e-8
731,1111222233334444,L0-original-frozen,0,4050,4,99,0.020000,-0.020000,0.020000,-0.010000,4.997923970222e-4,4.869028925896e-4,1.288950443268e-5,-1.288950443268e-5,-1.547485589981e-5,-2.585351467133e-6,3.027170896530e-5,-3.285706043243e-5,3.211200237274e-6,0.09773243,0.39047619,0.67120181,0,63,0,-1,0.000000000000e0,6.208817164103e-8
732,1111222233334444,L2-phase17-frozen,0,4050,4,99,0.020000,-0.020000,0.020000,-0.010000,4.997923970222e-4,4.869028925896e-4,1.288950443268e-5,-1.288950443268e-5,-1.154094934464e-5,1.348555088043e-6,3.584474325180e-5,-3.449618816376e-5,3.553926944733e-6,0.07494600,0.34665227,0.62699784,0,63,0,-1,0.000000000000e0,4.967053731283e-8
733,1111222233334444,L0-original-frozen,1,4050,4,99,0.020000,-0.020000,0.020000,-0.005000,4.997923970222e-4,4.804432392120e-4,1.934915781021e-5,-1.934915781021e-5,-2.320855855942e-5,-3.859400749207e-6,4.534423351288e-5,-4.920363426208e-5,4.768371582031e-6,0.09691096,0.38809812,0.67125984,0,63,0,-1,0.000000000000e0,5.215406417847e-8
734,1111222233334444,L2-phase17-frozen,1,4050,4,99,0.020000,-0.020000,0.020000,-0.005000,4.997923970222e-4,4.804432392120e-4,1.934915781021e-5,-1.934915781021e-5,-1.732259988785e-5,2.026557922363e-6,5.354732275009e-5,-5.152076482773e-5,5.319714546204e-6,0.07650036,0.34924078,0.62762111,0,63,0,-1,0.000000000000e0,8.319814999898e-8
735,1111222233334444,L0-original-frozen,0,4100,70,10,0.020000,-0.020000,0.010000,-0.020000,1.745261251926e-3,1.728080213070e-3,1.718103885651e-5,-1.718103885651e-5,2.443790435791e-6,1.962482929230e-5,8.971244096756e-5,-7.008761167526e-5,9.387731552124e-6,0.12448177,0.52875518,0.78569151,64,63,0,-1,0.000000000000e0,4.967053731283e-8
736,1111222233334444,L2-phase17-frozen,0,4100,70,10,0.020000,-0.020000,0.010000,-0.020000,1.745261251926e-3,1.728080213070e-3,1.718103885651e-5,-1.718103885651e-5,9.857118129730e-6,2.703815698624e-5,9.130686521530e-5,-6.426870822906e-5,1.018494367599e-5,0.10201716,0.40563413,0.68768838,59,63,0,-1,0.000000000000e0,4.221995671590e-8
737,1111222233334444,L0-original-frozen,1,4100,70,10,0.020000,-0.020000,0.005000,-0.020000,1.745261251926e-3,1.719199120998e-3,2.606213092804e-5,-2.606213092804e-5,3.457069396973e-6,2.951920032501e-5,1.347959041595e-4,-1.052767038345e-4,1.414120197296e-5,0.12462845,0.52944091,0.78627035,64,63,0,-1,0.000000000000e0,4.221995671590e-8
738,1111222233334444,L2-phase17-frozen,1,4100,70,10,0.020000,-0.020000,0.005000,-0.020000,1.745261251926e-3,1.719199120998e-3,2.606213092804e-5,-2.606213092804e-5,1.452863216400e-5,4.059076309204e-5,1.372620463371e-4,-9.667128324509e-5,1.527369022369e-5,0.10150289,0.40439306,0.68732177,59,63,0,-1,0.000000000000e0,4.221995671590e-8
739,1111222233334444,L0-original-frozen,0,4200,28,6,-0.020000,0.020000,0.010000,0.000000,-6.988644599915e-6,-7.674098014832e-6,6.854534149170e-7,-6.854534149170e-7,-1.308836042881e-3,-1.308150589466e-3,3.784820437431e-3,-5.092971026897e-3,6.517171859741e-4,0.12219431,0.41771619,0.62283434,2,63,0,-1,0.000000000000e0,1.130004723867e-7
740,1111222233334444,L2-phase17-frozen,0,4200,28,6,-0.020000,0.020000,0.010000,0.000000,-6.988644599915e-6,-7.674098014832e-6,6.854534149170e-7,-6.854534149170e-7,-1.341201364994e-3,-1.340515911579e-3,4.121541976929e-3,-5.462057888508e-3,6.010085344315e-4,0.11003335,0.38754885,0.60815572,2,63,0,-1,0.000000000000e0,9.809931119283e-8
741,1111222233334444,L0-original-frozen,1,4200,28,6,-0.020000,0.020000,0.000000,0.000000,-6.988644599915e-6,0.000000000000e0,6.988644599915e-6,6.988644599915e-6,-1.135542988777e-3,-1.142531633377e-3,2.798840403557e-3,-3.941372036934e-3,4.475861787796e-4,0.11356101,0.38920836,0.58516981,10,63,0,-1,0.000000000000e0,1.018246014913e-7
742,1111222233334444,L2-phase17-frozen,1,4200,28,6,-0.020000,0.020000,0.000000,0.000000,-6.988644599915e-6,0.000000000000e0,6.988644599915e-6,6.988644599915e-6,-1.125536859035e-3,-1.132525503635e-3,3.003284335136e-3,-4.135809838772e-3,4.377514123917e-4,0.10584418,0.35889274,0.57812390,10,63,0,-1,0.000000000000e0,7.078051567078e-8
743,1111222233334444,L0-original-frozen,0,4250,5,6,-0.010000,-0.020000,-0.005000,-0.020000,-5.025342106819e-4,-4.532709717751e-4,4.926323890686e-5,4.926323890686e-5,3.445148468018e-5,-1.481175422668e-5,6.738454103470e-4,-6.886571645737e-4,6.503611803055e-5,0.09375744,0.33640593,0.57915179,4,63,0,-1,0.000000000000e0,8.195638656616e-8
744,1111222233334444,L2-phase17-frozen,0,4250,5,6,-0.010000,-0.020000,-0.005000,-0.020000,-5.025342106819e-4,-4.532709717751e-4,4.926323890686e-5,4.926323890686e-5,5.578249692917e-5,6.519258022308e-6,4.823133349419e-4,-4.757940769196e-4,5.002319812775e-5,0.10513624,0.39771375,0.65986533,4,63,0,-1,0.000000000000e0,9.809931119283e-8
745,1111222233334444,L0-original-frozen,0,4300,48,63,0.000000,0.020000,-0.020000,0.020000,1.151092350483e-3,1.151092350483e-3,0.000000000000e0,0.000000000000e0,0.000000000000e0,0.000000000000e0,0.000000000000e0,0.000000000000e0,0.000000000000e0,0.00000000,0.00000000,0.00000000,0,63,0,-1,0.000000000000e0,0.000000000000e0
746,1111222233334444,L2-phase17-frozen,0,4300,48,63,0.000000,0.020000,-0.020000,0.020000,1.151092350483e-3,1.151092350483e-3,0.000000000000e0,0.000000000000e0,0.000000000000e0,0.000000000000e0,0.000000000000e0,0.000000000000e0,0.000000000000e0,0.00000000,0.00000000,0.00000000,0,63,0,-1,0.000000000000e0,0.000000000000e0
747,1111222233334444,L0-original-frozen,1,4300,48,63,0.000000,0.020000,0.020000,0.020000,1.151092350483e-3,1.151092350483e-3,0.000000000000e0,0.000000000000e0,0.000000000000e0,0.000000000000e0,0.000000000000e0,0.000000000000e0,0.000000000000e0,0.00000000,0.00000000,0.00000000,0,63,0,-1,0.000000000000e0,0.000000000000e0
748,1111222233334444,L2-phase17-frozen,1,4300,48,63,0.000000,0.020000,0.020000,0.020000,1.151092350483e-3,1.151092350483e-3,0.000000000000e0,0.000000000000e0,0.000000000000e0,0.000000000000e0,0.000000000000e0,0.000000000000e0,0.000000000000e0,0.00000000,0.00000000,0.00000000,0,63,0,-1,0.000000000000e0,0.000000000000e0
749,1111222233334444,L0-original-frozen,0,4350,80,8,0.000000,0.020000,0.020000,0.020000,-2.577826380730e-4,-2.577826380730e-4,0.000000000000e0,0.000000000000e0,0.000000000000e0,0.000000000000e0,0.000000000000e0,0.000000000000e0,0.000000000000e0,0.00000000,0.00000000,0.00000000,0,63,0,-1,0.000000000000e0,0.000000000000e0
750,1111222233334444,L2-phase17-frozen,0,4350,80,8,0.000000,0.020000,0.020000,0.020000,-2.577826380730e-4,-2.577826380730e-4,0.000000000000e0,0.000000000000e0,0.000000000000e0,0.000000000000e0,0.000000000000e0,0.000000000000e0,0.000000000000e0,0.00000000,0.00000000,0.00000000,0,63,0,-1,0.000000000000e0,0.000000000000e0
751,1111222233334444,L0-original-frozen,1,4350,80,8,0.000000,0.020000,0.010000,0.020000,-2.577826380730e-4,-2.577826380730e-4,0.000000000000e0,0.000000000000e0,0.000000000000e0,0.000000000000e0,0.000000000000e0,0.000000000000e0,0.000000000000e0,0.00000000,0.00000000,0.00000000,0,63,0,-1,0.000000000000e0,0.000000000000e0
752,1111222233334444,L2-phase17-frozen,1,4350,80,8,0.000000,0.020000,0.010000,0.020000,-2.577826380730e-4,-2.577826380730e-4,0.000000000000e0,0.000000000000e0,0.000000000000e0,0.000000000000e0,0.000000000000e0,0.000000000000e0,0.000000000000e0,0.00000000,0.00000000,0.00000000,0,63,0,-1,0.000000000000e0,0.000000000000e0
753,1111222233334444,L0-original-frozen,0,4400,21,44,-0.020000,-0.020000,-0.020000,-0.010000,7.792711257935e-4,7.494986057281e-4,2.977252006531e-5,-2.977252006531e-5,-1.028850674629e-4,-7.311254739761e-5,6.116032600403e-4,-6.847158074379e-4,6.710737943649e-5,0.09800764,0.41645902,0.67260422,11,63,0,-1,0.000000000000e0,6.332993507385e-8
754,1111222233334444,L2-phase17-frozen,0,4400,21,44,-0.020000,-0.020000,-0.020000,-0.010000,7.792711257935e-4,7.494986057281e-4,2.977252006531e-5,-2.977252006531e-5,-9.799748659134e-5,-6.822496652603e-5,6.033778190613e-4,-6.716027855873e-4,7.122009992599e-5,0.10604497,0.45522016,0.76284931,10,63,0,-1,0.000000000000e0,6.705522537231e-8
755,1111222233334444,L0-original-frozen,1,4400,21,44,-0.020000,-0.020000,-0.020000,-0.005000,7.792711257935e-4,7.325932383537e-4,4.667788743973e-5,-4.667788743973e-5,-1.561120152473e-4,-1.094341278076e-4,9.181275963783e-4,-1.027561724186e-3,1.006647944450e-4,0.09796472,0.41635911,0.67263644,11,63,0,-1,0.000000000000e0,7.326404253642e-8
756,1111222233334444,L2-phase17-frozen,1,4400,21,44,-0.020000,-0.020000,-0.020000,-0.005000,7.792711257935e-4,7.325932383537e-4,4.667788743973e-5,-4.667788743973e-5,-1.489520072937e-4,-1.022741198540e-4,9.059682488441e-4,-1.008242368698e-3,1.069232821465e-4,0.10604919,0.45515208,0.76287281,12,63,0,-1,0.000000000000e0,8.940696716309e-8
757,1111222233334444,L0-original-frozen,0,4500,82,60,-0.020000,-0.020000,-0.010000,-0.020000,3.326535224915e-4,3.310665488243e-4,1.586973667145e-6,-1.586973667145e-6,-4.492700099945e-6,-2.905726432800e-6,4.202127456665e-6,-7.107853889465e-6,1.922249794006e-6,0.27044025,0.61006289,0.78406709,0,63,0,-1,0.000000000000e0,8.443991343180e-8
758,1111222233334444,L2-phase17-frozen,0,4500,82,60,-0.020000,-0.020000,-0.010000,-0.020000,3.326535224915e-4,3.310665488243e-4,1.586973667145e-6,-1.586973667145e-6,-7.972121238708e-7,7.897615432739e-7,3.583729267120e-6,-2.793967723846e-6,1.072883605957e-6,0.17600000,0.48266667,0.72533333,0,63,0,-1,0.000000000000e0,3.725290298462e-8
759,1111222233334444,L0-original-frozen,1,4500,82,60,-0.020000,-0.020000,-0.005000,-0.020000,3.326535224915e-4,3.302320837975e-4,2.421438694000e-6,-2.421438694000e-6,-6.735324859619e-6,-4.313886165619e-6,6.154179573059e-6,-1.046806573868e-5,2.875924110413e-6,0.27473310,0.62491103,0.80071174,0,63,0,-1,0.000000000000e0,5.712111790975e-8
760,1111222233334444,L2-phase17-frozen,1,4500,82,60,-0.020000,-0.020000,-0.005000,-0.020000,3.326535224915e-4,3.302320837975e-4,2.421438694000e-6,-2.421438694000e-6,-1.192092895508e-6,1.229345798492e-6,5.595386028290e-6,-4.366040229797e-6,1.147389411926e-6,0.16211604,0.45563140,0.71501706,0,63,0,-1,0.000000000000e0,4.967053731283e-8
761,1111222233334444,L0-original-frozen,0,4550,19,100,0.010000,-0.005000,0.010000,0.000000,-1.420304179192e-4,-1.110434532166e-4,3.098696470261e-5,3.098696470261e-5,-1.073628664017e-5,-4.172325134277e-5,3.266111016273e-4,-3.683343529701e-4,5.289912223816e-5,0.13924793,0.56615490,0.80296134,3,63,0,-1,0.000000000000e0,5.836288134257e-8
762,1111222233334444,L2-phase17-frozen,0,4550,19,100,0.010000,-0.005000,0.010000,0.000000,-1.420304179192e-4,-1.110434532166e-4,3.098696470261e-5,3.098696470261e-5,1.324713230133e-5,-1.773983240128e-5,3.585740923882e-4,-3.763139247894e-4,5.696713924408e-5,0.15138196,0.61075473,0.80323909,4,63,0,-1,0.000000000000e0,8.940696716309e-8
763,1111222233334444,L0-original-frozen,1,4550,19,100,0.010000,-0.005000,-0.020000,-0.005000,-1.420304179192e-4,-1.812279224396e-4,3.919750452042e-5,-3.919750452042e-5,3.105401992798e-5,7.025152444839e-5,7.687225937843e-3,-7.616974413395e-3,9.504705667496e-4,0.12263519,0.43819675,0.71688579,2,63,0,-1,0.000000000000e0,5.215406417847e-8
764,1111222233334444,L2-phase17-frozen,1,4550,19,100,0.010000,-0.005000,-0.020000,-0.005000,-1.420304179192e-4,-1.812279224396e-4,3.919750452042e-5,-3.919750452042e-5,1.818984746933e-4,2.210959792137e-4,8.674956858158e-3,-8.453860878944e-3,9.391084313393e-4,0.08640048,0.40415614,0.66937262,2,63,0,-1,0.000000000000e0,9.313225746155e-8
765,1111222233334444,L0-original-frozen,0,4600,90,6,0.010000,-0.020000,0.010000,-0.010000,-5.598366260529e-5,-5.993247032166e-5,3.948807716370e-6,-3.948807716370e-6,3.396645188332e-4,3.436133265495e-4,9.473636746407e-4,-6.037503480911e-4,6.605684757233e-5,0.10514105,0.41267863,0.66347459,2,63,0,-1,0.000000000000e0,7.326404253642e-8
766,1111222233334444,L2-phase17-frozen,0,4600,90,6,0.010000,-0.020000,0.010000,-0.010000,-5.598366260529e-5,-5.993247032166e-5,3.948807716370e-6,-3.948807716370e-6,2.962350845337e-4,3.001838922501e-4,8.006468415260e-4,-5.004629492760e-4,5.843490362167e-5,0.11676170,0.43798663,0.67502345,2,63,0,-1,0.000000000000e0,5.836288134257e-8
767,1111222233334444,L0-original-frozen,1,4600,90,6,0.010000,-0.020000,0.005000,0.005000,-5.598366260529e-5,-6.326287984848e-5,7.279217243195e-6,-7.279217243195e-6,8.321478962898e-4,8.394271135330e-4,2.278067171574e-3,-1.438640058041e-3,1.513361930847e-4,0.10519392,0.42469095,0.67980382,2,63,0,-1,0.000000000000e0,6.953875223795e-8
768,1111222233334444,L2-phase17-frozen,1,4600,90,6,0.010000,-0.020000,0.005000,0.005000,-5.598366260529e-5,-6.326287984848e-5,7.279217243195e-6,-7.279217243195e-6,7.238388061523e-4,7.311180233955e-4,1.992575824261e-3,-1.261457800865e-3,1.400709152222e-4,0.10525072,0.38630914,0.64975489,2,63,0,-1,0.000000000000e0,6.457169850667e-8
769,1111222233334444,L0-original-frozen,0,4650,26,47,-0.020000,-0.020000,-0.020000,-0.010000,4.321783781052e-4,4.105567932129e-4,2.162158489227e-5,-2.162158489227e-5,-5.479902029037e-5,-3.317743539810e-5,4.778951406479e-4,-5.110725760460e-4,5.850940942764e-5,0.11448356,0.46701655,0.74380057,7,63,0,-1,0.000000000000e0,6.208817164103e-8
770,1111222233334444,L2-phase17-frozen,0,4650,26,47,-0.020000,-0.020000,-0.020000,-0.010000,4.321783781052e-4,4.105567932129e-4,2.162158489227e-5,-2.162158489227e-5,-4.325062036514e-5,-2.162903547287e-5,5.419477820396e-4,-5.635768175125e-4,5.485117435455e-5,0.09732688,0.40062399,0.65036620,7,63,0,-1,0.000000000000e0,7.202227910360e-8
771,1111222233334444,L0-original-frozen,1,4650,26,47,-0.020000,-0.020000,-0.020000,-0.005000,4.321783781052e-4,3.983080387115e-4,3.387033939362e-5,-3.387033939362e-5,-8.442252874374e-5,-5.055218935013e-5,7.186755537987e-4,-7.692277431488e-4,8.801370859146e-5,0.11441827,0.46740731,0.74444035,7,63,0,-1,0.000000000000e0,8.071462313335e-8
772,1111222233334444,L2-phase17-frozen,1,4650,26,47,-0.020000,-0.020000,-0.020000,-0.005000,4.321783781052e-4,3.983080387115e-4,3.387033939362e-5,-3.387033939362e-5,-6.686151027679e-5,-3.299117088318e-5,8.156225085258e-4,-8.486136794090e-4,8.248537778854e-5,0.09720015,0.40018789,0.64983011,7,63,0,-1,0.000000000000e0,6.084640820821e-8
773,1111222233334444,L0-original-frozen,0,4700,32,18,0.020000,0.020000,0.010000,0.020000,1.035220921040e-3,1.080840826035e-3,4.561990499496e-5,4.561990499496e-5,1.548975706100e-5,-3.013014793396e-5,1.226067543030e-4,-1.527369022369e-4,1.434981822968e-5,0.09395122,0.39180488,0.66404878,0,63,0,-1,0.000000000000e0,5.215406417847e-8
774,1111222233334444,L2-phase17-frozen,0,4700,32,18,0.020000,0.020000,0.010000,0.020000,1.035220921040e-3,1.080840826035e-3,4.561990499496e-5,4.561990499496e-5,1.745671033859e-5,-2.816319465637e-5,1.698657870293e-4,-1.980289816856e-4,1.765042543411e-5,0.08913052,0.37661312,0.60634335,0,63,0,-1,0.000000000000e0,5.463759104411e-8
775,1111222233334444,L0-original-frozen,0,4750,104,46,-0.010000,0.020000,0.005000,-0.010000,-1.743435859680e-6,-9.089708328247e-7,8.344650268555e-7,8.344650268555e-7,-1.624226570129e-6,-2.458691596985e-6,6.464570760727e-4,-6.489157676697e-4,8.092820644379e-5,0.10999357,0.51461606,0.71321301,3,63,0,-1,0.000000000000e0,6.705522537231e-8
776,1111222233334444,L2-phase17-frozen,0,4750,104,46,-0.010000,0.020000,0.005000,-0.010000,-1.743435859680e-6,-9.089708328247e-7,8.344650268555e-7,8.344650268555e-7,8.517503738403e-5,8.434057235718e-5,6.516575813293e-4,-5.673170089722e-4,9.495019912720e-5,0.14360948,0.52504465,0.68814352,3,63,0,-1,0.000000000000e0,6.953875223796e-8
777,1111222233334444,L0-original-frozen,1,4750,104,46,-0.010000,0.020000,0.000000,-0.005000,-1.743435859680e-6,-2.801418304443e-6,1.057982444763e-6,-1.057982444763e-6,-1.765787601471e-6,-7.078051567078e-7,4.263818264008e-4,-4.270896315575e-4,5.323439836502e-5,0.10965930,0.51330182,0.71170385,2,63,0,-1,0.000000000000e0,7.823109626770e-8
778,1111222233334444,L2-phase17-frozen,1,4750,104,46,-0.010000,0.020000,0.000000,-0.005000,-1.743435859680e-6,-2.801418304443e-6,1.057982444763e-6,-1.057982444763e-6,5.662441253662e-5,5.768239498138e-5,4.297569394112e-4,-3.720745444298e-4,6.233155727386e-5,0.14385550,0.52409940,0.68966139,2,63,0,-1,0.000000000000e0,5.960464477539e-8
