dataset_index,initialization_index,stream_seed,arm,refresh_slot,partition_epoch,hash_partition_id,partition_fingerprint,feature_ns,ordering_or_hash_ns
0,0,a303d1ea00000001,projected_order_1d,0,0,,244bcacd0c456c25,10900,20400
0,0,a303d1ea00000001,projected_order_1d,100,1,,e6bee1575f02f80d,7300,8400
0,0,a303d1ea00000001,projected_order_1d,200,2,,7d012bf63ad8f965,8600,11800
0,0,a303d1ea00000001,projected_order_1d,300,3,,bded91f8d45754cd,7400,8300
0,0,a303d1ea00000001,projected_order_1d,400,4,,dbcd08eb8bc24eb1,7400,8400
0,0,a303d1ea00000001,projected_order_1d,500,5,,698736d4f0674e1d,7500,8500
0,0,a303d1ea00000001,projected_order_1d,600,6,,ec07979ff3038915,8600,11700
0,0,a303d1ea00000001,projected_order_1d,700,7,,dd9882f7d4cc9b19,7300,8100
0,0,a303d1ea00000001,projected_order_1d,800,8,,18b01e96242a93dd,8500,11600
0,0,a303d1ea00000001,projected_order_1d,900,9,,073ef4def1227059,7300,8100
0,0,a303d1ea00000001,projected_order_1d,1000,10,,d4d5709867141e7d,7400,8200
0,0,a303d1ea00000001,projected_order_1d,1100,11,,73696241d88c135d,7500,8300
0,0,a303d1ea00000001,projected_order_1d,1200,12,,c207260537fa04cd,7900,8500
0,0,a303d1ea00000001,projected_order_1d,1300,13,,f86b13f9273ed219,8300,11600
0,0,a303d1ea00000001,projected_order_1d,1400,14,,8b673abb15c58e51,7300,8500
0,0,a303d1ea00000001,projected_order_1d,1500,15,,3122c15e37c504c1,7500,8200
0,0,a303d1ea00000001,projected_order_1d,1600,16,,ec1db3912515d715,8000,7900
0,0,a303d1ea00000001,projected_order_1d,1700,17,,fc8944bdb50a4ec1,7700,8400
0,0,a303d1ea00000001,projected_order_1d,1800,18,,6589265acc59c62d,8200,11000
0,0,a303d1ea00000001,projected_order_1d,1900,19,,e0f5eb2feee722ad,7800,11900
0,0,a303d1ea00000001,projected_order_1d,2000,20,,a7fe884c24980e71,7500,8200
0,0,a303d1ea00000001,projected_order_1d,2100,21,,854c6eebfcb2b7d1,8600,11900
0,0,a303d1ea00000001,projected_order_1d,2200,22,,f2fbbc9b35bf0c3d,7500,8200
0,0,a303d1ea00000001,projected_order_1d,2300,23,,f10dbc7b20f37d31,7300,8300
0,0,a303d1ea00000001,projected_order_1d,2400,24,,72f81bf71327818d,8300,11200
0,0,a303d1ea00000001,projected_order_1d,2500,25,,c436ed62a4253a89,7300,8600
0,0,a303d1ea00000001,projected_order_1d,2600,26,,f6a2cb2d22a50f09,7500,8400
0,0,a303d1ea00000001,projected_order_1d,2700,27,,a41f68cc02d70ea5,7500,9000
0,0,a303d1ea00000001,projected_order_1d,2800,28,,9e9f5652cae98b2d,7400,8600
0,0,a303d1ea00000001,projected_order_1d,2900,29,,71f9bceffc885b39,7800,11000
0,0,a303d1ea00000001,projected_order_1d,3000,30,,8734e534984589ad,7500,8300
0,0,a303d1ea00000001,projected_order_1d,3100,31,,2446f5621ced4e9d,9200,13200
0,0,a303d1ea00000001,projected_order_1d,3200,32,,87ea41bd081ef09d,8500,12400
0,0,a303d1ea00000001,projected_order_1d,3300,33,,de21917b75f4bfd5,9000,11500
0,0,a303d1ea00000001,projected_order_1d,3400,34,,7a1b12cca2bcb231,7500,8200
0,0,a303d1ea00000001,projected_order_1d,3500,35,,8fbd0ab9fed1b491,7400,8400
0,0,a303d1ea00000001,projected_order_1d,3600,36,,2b08d4dd897fc255,7400,8400
0,0,a303d1ea00000001,projected_order_1d,3700,37,,8db9035faeff8ca5,7400,7900
0,0,a303d1ea00000001,projected_order_1d,3800,38,,c233c52a6099d0d1,7300,8500
0,0,a303d1ea00000001,projected_order_1d,3900,39,,ba4242e28cd2fb15,7500,8200
0,0,a303d1ea00000001,projected_order_1d,4000,40,,3dcc83de4c64c9c5,7300,7700
0,0,a303d1ea00000001,projected_order_1d,4100,41,,bafd585bb46f5c25,7500,8500
0,0,a303d1ea00000001,hash_placebo,0,0,0,800d700550ef4109,0,4100
0,0,a303d1ea00000002,projected_order_1d,0,0,,244bcacd0c456c25,7400,8000
0,0,a303d1ea00000002,projected_order_1d,100,1,,2f2bc623e8f20175,7300,8500
0,0,a303d1ea00000002,projected_order_1d,200,2,,729cfe786bff6f15,7300,8600
0,0,a303d1ea00000002,projected_order_1d,300,3,,39ee849e215bb655,8500,11900
0,0,a303d1ea00000002,projected_order_1d,400,4,,a4820f890a4ea0b5,7300,7800
0,0,a303d1ea00000002,projected_order_1d,500,5,,513a4c89f0ff073d,8200,12000
0,0,a303d1ea00000002,projected_order_1d,600,6,,e23555f3383d64bd,8300,10900
0,0,a303d1ea00000002,projected_order_1d,700,7,,489a25fd338cb8d5,8100,10800
0,0,a303d1ea00000002,projected_order_1d,800,8,,f9c8f5820a2c87d1,7200,7900
0,0,a303d1ea00000002,projected_order_1d,900,9,,74685bd287898dcd,7400,8500
0,0,a303d1ea00000002,projected_order_1d,1000,10,,52e35ac2ca24e3d1,7200,7900
0,0,a303d1ea00000002,projected_order_1d,1100,11,,97862752c98f6f9d,7400,8300
0,0,a303d1ea00000002,projected_order_1d,1200,12,,2f6df57546cc017d,8100,11700
0,0,a303d1ea00000002,projected_order_1d,1300,13,,f46535cd4779bb99,7200,10600
0,0,a303d1ea00000002,projected_order_1d,1400,14,,528b89e69b5d83f1,8000,10700
0,0,a303d1ea00000002,projected_order_1d,1500,15,,e2626e4e71636ad1,7400,8500
0,0,a303d1ea00000002,projected_order_1d,1600,16,,363078b9e1125ddd,7200,7500
0,0,a303d1ea00000002,projected_order_1d,1700,17,,4c2a58c9a7c10a0d,7200,7900
0,0,a303d1ea00000002,projected_order_1d,1800,18,,e592aaef35ff403d,7300,7900
0,0,a303d1ea00000002,projected_order_1d,1900,19,,41a4dac4d39bdca5,7300,8500
0,0,a303d1ea00000002,projected_order_1d,2000,20,,f155fa0935fb27a1,7300,7900
0,0,a303d1ea00000002,projected_order_1d,2100,21,,50a34ea01fa09eb1,7500,8000
0,0,a303d1ea00000002,projected_order_1d,2200,22,,23c28c28682ebcbd,7200,7400
0,0,a303d1ea00000002,projected_order_1d,2300,23,,5fac4dbfb0703f41,7300,8200
0,0,a303d1ea00000002,projected_order_1d,2400,24,,76cb1e1510d6a9e9,8400,11600
0,0,a303d1ea00000002,projected_order_1d,2500,25,,e83fde1a32795ca1,7300,7700
0,0,a303d1ea00000002,projected_order_1d,2600,26,,00bc05ad916456dd,8300,12200
0,0,a303d1ea00000002,projected_order_1d,2700,27,,617e3be7deaee0f5,8300,11400
0,0,a303d1ea00000002,projected_order_1d,2800,28,,f9057296ae48018d,7300,8300
0,0,a303d1ea00000002,projected_order_1d,2900,29,,3ac6c4a92405eb35,7300,8700
0,0,a303d1ea00000002,projected_order_1d,3000,30,,14cec209cef659b5,8200,12400
0,0,a303d1ea00000002,projected_order_1d,3100,31,,7dc5d0e7ff6ae365,7400,7900
0,0,a303d1ea00000002,projected_order_1d,3200,32,,14a6d7a39ebf1939,7300,8200
0,0,a303d1ea00000002,projected_order_1d,3300,33,,39e4e7c41e7525a5,7400,8000
0,0,a303d1ea00000002,projected_order_1d,3400,34,,78fc069f7c3e65d1,7400,8200
0,0,a303d1ea00000002,projected_order_1d,3500,35,,712614f0379f84e1,7400,7700
0,0,a303d1ea00000002,projected_order_1d,3600,36,,339cb1a7820a589d,7300,7500
0,0,a303d1ea00000002,projected_order_1d,3700,37,,3cfb68f71cfe615d,7200,7900
0,0,a303d1ea00000002,projected_order_1d,3800,38,,8b6f9fa944dcc149,8300,11800
0,0,a303d1ea00000002,projected_order_1d,3900,39,,308bc67cedf74c09,8300,10400
0,0,a303d1ea00000002,projected_order_1d,4000,40,,c2f5f13d0b65c741,6900,8000
0,0,a303d1ea00000002,projected_order_1d,4100,41,,5173ebd8dc1dc931,7100,7800
0,0,a303d1ea00000002,hash_placebo,0,0,4,20c93c293c11f9f1,0,4300
0,1,a303d1ea00000003,projected_order_1d,0,0,,35ac16f9db7e66b1,7400,8200
0,1,a303d1ea00000003,projected_order_1d,100,1,,36a56de44e123b95,8300,12000
0,1,a303d1ea00000003,projected_order_1d,200,2,,beb06f73ef99fa39,7300,8500
0,1,a303d1ea00000003,projected_order_1d,300,3,,38f802eb9c7e5129,8400,11100
0,1,a303d1ea00000003,projected_order_1d,400,4,,6a536e73847c3b31,8300,11900
0,1,a303d1ea00000003,projected_order_1d,500,5,,40b40e943f5fc57d,8800,11900
0,1,a303d1ea00000003,projected_order_1d,600,6,,362a561faa34e81d,8300,11300
0,1,a303d1ea00000003,projected_order_1d,700,7,,c0998d9bf18cf2c1,7500,7800
0,1,a303d1ea00000003,projected_order_1d,800,8,,53ea9e63069071d1,7400,8600
0,1,a303d1ea00000003,projected_order_1d,900,9,,1f30605188f91801,7400,8000
0,1,a303d1ea00000003,projected_order_1d,1000,10,,7349c9dbccf86e69,8500,12100
0,1,a303d1ea00000003,projected_order_1d,1100,11,,64df72b01b7b4c95,7400,8000
0,1,a303d1ea00000003,projected_order_1d,1200,12,,8e5bbe7beef36105,7700,8400
0,1,a303d1ea00000003,projected_order_1d,1300,13,,9dc63c7030a3227d,7500,8200
0,1,a303d1ea00000003,projected_order_1d,1400,14,,cd729342f39479cd,7500,8400
0,1,a303d1ea00000003,projected_order_1d,1500,15,,df4b0290d63b2165,7400,8000
0,1,a303d1ea00000003,projected_order_1d,1600,16,,15a4b83d7e8fc7d9,7400,8200
0,1,a303d1ea00000003,projected_order_1d,1700,17,,a747ddcd7bfec1b5,7500,8400
0,1,a303d1ea00000003,projected_order_1d,1800,18,,170d1412023f2d19,7400,8300
0,1,a303d1ea00000003,projected_order_1d,1900,19,,dd56b889d8f5adf5,7400,8100
0,1,a303d1ea00000003,projected_order_1d,2000,20,,42eb9bd0d793ea69,8300,10800
0,1,a303d1ea00000003,projected_order_1d,2100,21,,0c1a068d7dc08161,9100,12800
0,1,a303d1ea00000003,projected_order_1d,2200,22,,de2ffcf80b7013fd,8200,12600
0,1,a303d1ea00000003,projected_order_1d,2300,23,,f863267ac5fa9925,10400,8100
0,1,a303d1ea00000003,projected_order_1d,2400,24,,4b21ddfd46ab1fbd,9500,15000
0,1,a303d1ea00000003,projected_order_1d,2500,25,,c54098ea4f11794d,11500,8300
0,1,a303d1ea00000003,projected_order_1d,2600,26,,54d4ff482c34dc45,7500,8400
0,1,a303d1ea00000003,projected_order_1d,2700,27,,bf0c9e9a004ffe05,7500,8500
0,1,a303d1ea00000003,projected_order_1d,2800,28,,af406505fc98f90d,7500,7900
0,1,a303d1ea00000003,projected_order_1d,2900,29,,341065df23b5cb71,7500,7800
0,1,a303d1ea00000003,projected_order_1d,3000,30,,a0ceac8a1ac310d1,7600,18800
0,1,a303d1ea00000003,projected_order_1d,3100,31,,54bc46061ddf83a9,7400,8800
0,1,a303d1ea00000003,projected_order_1d,3200,32,,1e186ac772177c6d,8200,11100
0,1,a303d1ea00000003,projected_order_1d,3300,33,,d04e1da6e96dc089,8700,11200
0,1,a303d1ea00000003,projected_order_1d,3400,34,,238495f4924f4edd,7300,8200
0,1,a303d1ea00000003,projected_order_1d,3500,35,,c92496e1335b67a5,7500,8100
0,1,a303d1ea00000003,projected_order_1d,3600,36,,a2f0eab4f98d3599,8600,13200
0,1,a303d1ea00000003,projected_order_1d,3700,37,,5857c041fdab13b9,7500,8200
0,1,a303d1ea00000003,projected_order_1d,3800,38,,0f99574db8592b1d,7300,8200
0,1,a303d1ea00000003,projected_order_1d,3900,39,,2ce498e9b023bd81,7400,8300
0,1,a303d1ea00000003,projected_order_1d,4000,40,,bbdb3a1d52a08f4d,7900,8200
0,1,a303d1ea00000003,projected_order_1d,4100,41,,9b2cad7718a614f1,7300,8000
0,1,a303d1ea00000003,hash_placebo,0,0,3,8e228c41c267e92d,0,4400
0,1,a303d1ea00000004,projected_order_1d,0,0,,35ac16f9db7e66b1,7300,8000
0,1,a303d1ea00000004,projected_order_1d,100,1,,2cc2244070aed6dd,7400,8100
0,1,a303d1ea00000004,projected_order_1d,200,2,,9bb34e49c9027c69,7300,8400
0,1,a303d1ea00000004,projected_order_1d,300,3,,a5eb9cecd22de051,7300,8100
0,1,a303d1ea00000004,projected_order_1d,400,4,,f4e622f2bcf01c15,7200,8000
0,1,a303d1ea00000004,projected_order_1d,500,5,,c27f723c8ce7d9f5,8500,11600
0,1,a303d1ea00000004,projected_order_1d,600,6,,f2d845f7c253be81,8000,8900
0,1,a303d1ea00000004,projected_order_1d,700,7,,93566170eddb523d,7500,8100
0,1,a303d1ea00000004,projected_order_1d,800,8,,2aa0dae3e7ee6f59,7800,8300
0,1,a303d1ea00000004,projected_order_1d,900,9,,a52d973d855cf9b9,7300,8200
0,1,a303d1ea00000004,projected_order_1d,1000,10,,3237d3871bbd5595,7300,7900
0,1,a303d1ea00000004,projected_order_1d,1100,11,,42950fe9802369a5,7800,8200
0,1,a303d1ea00000004,projected_order_1d,1200,12,,c3de42b7a0299e1d,7600,8000
0,1,a303d1ea00000004,projected_order_1d,1300,13,,ea003a7fde461091,11700,10100
0,1,a303d1ea00000004,projected_order_1d,1400,14,,f48c58c06237d011,7300,8300
0,1,a303d1ea00000004,projected_order_1d,1500,15,,2c5de96ac6d7b13d,7700,8100
0,1,a303d1ea00000004,projected_order_1d,1600,16,,52ec8d8fb2ef2fd1,7800,7600
0,1,a303d1ea00000004,projected_order_1d,1700,17,,e0d02a51f25cd5dd,7600,7700
0,1,a303d1ea00000004,projected_order_1d,1800,18,,68a2d4034b8be269,7300,7600
0,1,a303d1ea00000004,projected_order_1d,1900,19,,fd39f9c2aa8bff75,7300,8000
0,1,a303d1ea00000004,projected_order_1d,2000,20,,621ab1d36924d199,7300,8200
0,1,a303d1ea00000004,projected_order_1d,2100,21,,2c63325c9d86ac9d,7300,8000
0,1,a303d1ea00000004,projected_order_1d,2200,22,,c221bb842cc4f56d,7300,8000
0,1,a303d1ea00000004,projected_order_1d,2300,23,,fa0f39479f5eaa91,7300,7900
0,1,a303d1ea00000004,projected_order_1d,2400,24,,32378cfeee1deae1,7600,8100
0,1,a303d1ea00000004,projected_order_1d,2500,25,,81f3a8f6685794cd,7500,7900
0,1,a303d1ea00000004,projected_order_1d,2600,26,,85227723daeea9c1,7800,8100
0,1,a303d1ea00000004,projected_order_1d,2700,27,,44e7e5e0268465d5,7200,8200
0,1,a303d1ea00000004,projected_order_1d,2800,28,,8d64a878af6feb4d,7600,8200
0,1,a303d1ea00000004,projected_order_1d,2900,29,,85a1801179b50e51,7500,20000
0,1,a303d1ea00000004,projected_order_1d,3000,30,,977524f1ee3cd3d1,7400,8600
0,1,a303d1ea00000004,projected_order_1d,3100,31,,c9e28a86b462c545,7300,7900
0,1,a303d1ea00000004,projected_order_1d,3200,32,,8a5d56afd6ca4249,7000,7600
0,1,a303d1ea00000004,projected_order_1d,3300,33,,296b6b0bec86c69d,7200,8400
0,1,a303d1ea00000004,projected_order_1d,3400,34,,a71e63073bb748dd,7300,8400
0,1,a303d1ea00000004,projected_order_1d,3500,35,,1b7fa914bd2dbca5,7400,8000
0,1,a303d1ea00000004,projected_order_1d,3600,36,,e787fe05fe5f64c1,6800,7700
0,1,a303d1ea00000004,projected_order_1d,3700,37,,3df8f9f9ad357225,7000,8000
0,1,a303d1ea00000004,projected_order_1d,3800,38,,d18b7e1961cf256d,7300,7800
0,1,a303d1ea00000004,projected_order_1d,3900,39,,ec100daa29aaefbd,7300,8400
0,1,a303d1ea00000004,projected_order_1d,4000,40,,e864309b35b9d931,7500,7900
0,1,a303d1ea00000004,projected_order_1d,4100,41,,ff3de55735975ec5,7500,7600
0,1,a303d1ea00000004,hash_placebo,0,0,7,6dc24e9a85dcc575,0,3900
0,2,a303d1ea00000005,projected_order_1d,0,0,,1e063c59740c0a11,7300,8100
0,2,a303d1ea00000005,projected_order_1d,100,1,,0faa278cd843d0bd,7500,9000
0,2,a303d1ea00000005,projected_order_1d,200,2,,4e024d5aa08d4e45,7400,8100
0,2,a303d1ea00000005,projected_order_1d,300,3,,bf5290c2b0e99351,7500,8000
0,2,a303d1ea00000005,projected_order_1d,400,4,,15c19e5336dac0cd,7900,8000
0,2,a303d1ea00000005,projected_order_1d,500,5,,5cc06599c8fccb01,7500,8600
0,2,a303d1ea00000005,projected_order_1d,600,6,,1e911c19e600f195,7600,7800
0,2,a303d1ea00000005,projected_order_1d,700,7,,87569d94da1dcac5,7800,8200
0,2,a303d1ea00000005,projected_order_1d,800,8,,d3d71ba136ba9245,7400,8000
0,2,a303d1ea00000005,projected_order_1d,900,9,,1fd8651cad2e1165,7200,8000
0,2,a303d1ea00000005,projected_order_1d,1000,10,,d1c392fcfa54a295,7400,8000
0,2,a303d1ea00000005,projected_order_1d,1100,11,,36fb1ff3bd6b45a1,7300,8500
0,2,a303d1ea00000005,projected_order_1d,1200,12,,4d07619eb5dcfa9d,7500,8100
0,2,a303d1ea00000005,projected_order_1d,1300,13,,3d1a56a35e335c55,7300,7900
0,2,a303d1ea00000005,projected_order_1d,1400,14,,9ddedfe2830ade31,7600,7400
0,2,a303d1ea00000005,projected_order_1d,1500,15,,44a00b5d16d9ff6d,8000,12000
0,2,a303d1ea00000005,projected_order_1d,1600,16,,e98b37f4fb4ee8f9,7300,8600
0,2,a303d1ea00000005,projected_order_1d,1700,17,,866472035d10ab2d,7300,8200
0,2,a303d1ea00000005,projected_order_1d,1800,18,,0e56002c46217429,7200,8300
0,2,a303d1ea00000005,projected_order_1d,1900,19,,710f2d69be18de21,7200,7800
0,2,a303d1ea00000005,projected_order_1d,2000,20,,f7fe82420a3f14bd,8700,11300
0,2,a303d1ea00000005,projected_order_1d,2100,21,,32ee450dc4241481,7500,8200
0,2,a303d1ea00000005,projected_order_1d,2200,22,,4f0d06ea316d1ad1,7500,26200
0,2,a303d1ea00000005,projected_order_1d,2300,23,,9618f681d45cc739,7400,8300
0,2,a303d1ea00000005,projected_order_1d,2400,24,,289075df560f2845,7300,8300
0,2,a303d1ea00000005,projected_order_1d,2500,25,,55bf57f203c31345,8500,12700
0,2,a303d1ea00000005,projected_order_1d,2600,26,,606ffd171531b1b5,7400,8400
0,2,a303d1ea00000005,projected_order_1d,2700,27,,6090c09a049daad1,7300,7700
0,2,a303d1ea00000005,projected_order_1d,2800,28,,06d3d9693d856d91,7300,14300
0,2,a303d1ea00000005,projected_order_1d,2900,29,,0cf3d860b4504921,7400,8300
0,2,a303d1ea00000005,projected_order_1d,3000,30,,18c55969439b5779,7500,8300
0,2,a303d1ea00000005,projected_order_1d,3100,31,,f0d646016e463579,7400,8100
0,2,a303d1ea00000005,projected_order_1d,3200,32,,61e7e62b7e75e591,7300,8900
0,2,a303d1ea00000005,projected_order_1d,3300,33,,3551997962f502cd,7300,8400
0,2,a303d1ea00000005,projected_order_1d,3400,34,,5637048bc7a70d6d,7600,7800
0,2,a303d1ea00000005,projected_order_1d,3500,35,,0f9def841dafd1b9,7500,8400
0,2,a303d1ea00000005,projected_order_1d,3600,36,,570298f9e859e5b5,7300,7900
0,2,a303d1ea00000005,projected_order_1d,3700,37,,ff7358eeb32c163d,7700,7700
0,2,a303d1ea00000005,projected_order_1d,3800,38,,0a4606a7003ca979,7400,8100
0,2,a303d1ea00000005,projected_order_1d,3900,39,,797db55a7a7607ad,7400,8100
0,2,a303d1ea00000005,projected_order_1d,4000,40,,c560c392000abf19,7500,8100
0,2,a303d1ea00000005,projected_order_1d,4100,41,,3ef3015e5af4f9f5,8200,10500
0,2,a303d1ea00000005,hash_placebo,0,0,6,136f7bc9ccab051d,0,4000
0,2,a303d1ea00000006,projected_order_1d,0,0,,1e063c59740c0a11,7200,8200
0,2,a303d1ea00000006,projected_order_1d,100,1,,c0d02587ef1a3849,9400,16400
0,2,a303d1ea00000006,projected_order_1d,200,2,,7347f105e5998011,7400,8100
0,2,a303d1ea00000006,projected_order_1d,300,3,,ec32012d651dc325,7600,8200
0,2,a303d1ea00000006,projected_order_1d,400,4,,d8f70a7f47c52369,7300,7400
0,2,a303d1ea00000006,projected_order_1d,500,5,,7dc292589da9d2dd,8800,10900
0,2,a303d1ea00000006,projected_order_1d,600,6,,8efd5b7926269ecd,7400,8300
0,2,a303d1ea00000006,projected_order_1d,700,7,,37ec11253f3f28d5,7400,8100
0,2,a303d1ea00000006,projected_order_1d,800,8,,59ccb9abd7bfcdf5,7500,8000
0,2,a303d1ea00000006,projected_order_1d,900,9,,c2cae25b49f1df01,7300,8100
0,2,a303d1ea00000006,projected_order_1d,1000,10,,0ccb0241cd638985,7400,8400
0,2,a303d1ea00000006,projected_order_1d,1100,11,,d31ac492f56f74cd,8600,8200
0,2,a303d1ea00000006,projected_order_1d,1200,12,,feda095e2e343af5,7300,7800
0,2,a303d1ea00000006,projected_order_1d,1300,13,,bce30567aa8bf305,7600,7900
0,2,a303d1ea00000006,projected_order_1d,1400,14,,66cb315b98719dd1,7300,8200
0,2,a303d1ea00000006,projected_order_1d,1500,15,,4d80c1483aaa62e5,8200,11200
0,2,a303d1ea00000006,projected_order_1d,1600,16,,bba691a4eab369ad,9700,9600
0,2,a303d1ea00000006,projected_order_1d,1700,17,,f7b93ae17ec7ba09,7300,8000
0,2,a303d1ea00000006,projected_order_1d,1800,18,,1cc86eaac0317ab5,7500,7700
0,2,a303d1ea00000006,projected_order_1d,1900,19,,b1f0b7b04483e0c9,7700,8200
0,2,a303d1ea00000006,projected_order_1d,2000,20,,1dc1fbb185607781,7400,8500
0,2,a303d1ea00000006,projected_order_1d,2100,21,,f2523cc5c29339a5,7500,8100
0,2,a303d1ea00000006,projected_order_1d,2200,22,,70d7def7fd64dda1,7300,8000
0,2,a303d1ea00000006,projected_order_1d,2300,23,,5c0c8cd95b5e4e01,7600,8100
0,2,a303d1ea00000006,projected_order_1d,2400,24,,cbe8cba6bed9a745,7500,8200
0,2,a303d1ea00000006,projected_order_1d,2500,25,,e98ed4a0ec038f15,7800,8600
0,2,a303d1ea00000006,projected_order_1d,2600,26,,6c6dd0d503bacdbd,7300,8500
0,2,a303d1ea00000006,projected_order_1d,2700,27,,ec47512e4894787d,7400,7800
0,2,a303d1ea00000006,projected_order_1d,2800,28,,e109bdcc04aa8bb5,7600,7900
0,2,a303d1ea00000006,projected_order_1d,2900,29,,cf52095032ae3f4d,8700,12800
0,2,a303d1ea00000006,projected_order_1d,3000,30,,ab3ffd0611e58671,7300,8600
0,2,a303d1ea00000006,projected_order_1d,3100,31,,90fd2d8cba589641,8000,11700
0,2,a303d1ea00000006,projected_order_1d,3200,32,,b4d639bfb36b1611,7400,7900
0,2,a303d1ea00000006,projected_order_1d,3300,33,,6631a89713318f5d,7300,8900
0,2,a303d1ea00000006,projected_order_1d,3400,34,,cf0cc16346374e51,7500,8400
0,2,a303d1ea00000006,projected_order_1d,3500,35,,5885a2125f157e95,7400,7800
0,2,a303d1ea00000006,projected_order_1d,3600,36,,0683cf4082b89975,19600,8200
0,2,a303d1ea00000006,projected_order_1d,3700,37,,ebeddca68244e8f5,7400,8300
0,2,a303d1ea00000006,projected_order_1d,3800,38,,ad3b8b083135348d,7300,8500
0,2,a303d1ea00000006,projected_order_1d,3900,39,,52d510cbf4b86dc5,7400,8100
0,2,a303d1ea00000006,projected_order_1d,4000,40,,62fab4953389f751,7400,8100
0,2,a303d1ea00000006,projected_order_1d,4100,41,,41957d0fc62b5a8d,7300,7400
0,2,a303d1ea00000006,hash_placebo,0,0,2,8ec04bf49bf34a6d,0,4300
0,3,a303d1ea00000007,projected_order_1d,0,0,,c2110587d07b317d,7500,7700
0,3,a303d1ea00000007,projected_order_1d,100,1,,235aed6129031985,7300,8300
0,3,a303d1ea00000007,projected_order_1d,200,2,,da09c08763e25429,7400,7900
0,3,a303d1ea00000007,projected_order_1d,300,3,,d93c1c3fbf054f99,7200,8000
0,3,a303d1ea00000007,projected_order_1d,400,4,,d06ae554af40d8a5,7400,8300
0,3,a303d1ea00000007,projected_order_1d,500,5,,e194ebb2160bda5d,7300,8100
0,3,a303d1ea00000007,projected_order_1d,600,6,,092ac7d2aaa9cb19,7300,8000
0,3,a303d1ea00000007,projected_order_1d,700,7,,67ab782cda35f4d1,7900,11200
0,3,a303d1ea00000007,projected_order_1d,800,8,,48818bcea9b3c95d,7200,8100
0,3,a303d1ea00000007,projected_order_1d,900,9,,979ff91451818db1,7300,8400
0,3,a303d1ea00000007,projected_order_1d,1000,10,,de93bad5d90d3c11,7400,7900
0,3,a303d1ea00000007,projected_order_1d,1100,11,,5e09f9fe9674cabd,7400,8500
0,3,a303d1ea00000007,projected_order_1d,1200,12,,735fea5074ca9d85,7400,8400
0,3,a303d1ea00000007,projected_order_1d,1300,13,,a5a7312fae4345ed,7300,8000
0,3,a303d1ea00000007,projected_order_1d,1400,14,,22c279a383bc0d7d,7300,8000
0,3,a303d1ea00000007,projected_order_1d,1500,15,,d95715ff9550035d,7200,8000
0,3,a303d1ea00000007,projected_order_1d,1600,16,,07cf4aaa8e81f2c5,7300,8400
0,3,a303d1ea00000007,projected_order_1d,1700,17,,fc2787d528bcda81,7300,8000
0,3,a303d1ea00000007,projected_order_1d,1800,18,,ddb6ba8b13f7e9a9,7400,8100
0,3,a303d1ea00000007,projected_order_1d,1900,19,,0a854ec266f61931,7100,7700
0,3,a303d1ea00000007,projected_order_1d,2000,20,,5e286e179beaed0d,7400,8000
0,3,a303d1ea00000007,projected_order_1d,2100,21,,8317209393ab6cb5,7300,7900
0,3,a303d1ea00000007,projected_order_1d,2200,22,,7ecd1f5edbe2394d,7600,8400
0,3,a303d1ea00000007,projected_order_1d,2300,23,,a9b1d7cf77579d45,7400,8400
0,3,a303d1ea00000007,projected_order_1d,2400,24,,5b1336bc569ba281,7700,8300
0,3,a303d1ea00000007,projected_order_1d,2500,25,,4efcd9af04c7e84d,7400,8200
0,3,a303d1ea00000007,projected_order_1d,2600,26,,9c725a70af862bb5,7400,7800
0,3,a303d1ea00000007,projected_order_1d,2700,27,,92f2b6b9132cc7a9,7300,8100
0,3,a303d1ea00000007,projected_order_1d,2800,28,,86a0f758efc60e01,7400,8600
0,3,a303d1ea00000007,projected_order_1d,2900,29,,1038db58bc64485d,7200,7600
0,3,a303d1ea00000007,projected_order_1d,3000,30,,b46cd3ef559f10d1,7300,8200
0,3,a303d1ea00000007,projected_order_1d,3100,31,,d8007c62394bf4d1,7400,8500
0,3,a303d1ea00000007,projected_order_1d,3200,32,,0cb0569f279705cd,7300,8200
0,3,a303d1ea00000007,projected_order_1d,3300,33,,15e6380fb07be8d9,7200,8000
0,3,a303d1ea00000007,projected_order_1d,3400,34,,7e22e196abc366a1,7600,8400
0,3,a303d1ea00000007,projected_order_1d,3500,35,,8f014a61d6c82661,7400,8100
0,3,a303d1ea00000007,projected_order_1d,3600,36,,76e61c078c1647a5,7200,8200
0,3,a303d1ea00000007,projected_order_1d,3700,37,,c899cb1d8f701b65,7300,8300
0,3,a303d1ea00000007,projected_order_1d,3800,38,,990f7022797ec7c1,7200,7900
0,3,a303d1ea00000007,projected_order_1d,3900,39,,cd3629d89516698d,8200,11600
0,3,a303d1ea00000007,projected_order_1d,4000,40,,cf8bc9b64de95ec9,7400,8300
0,3,a303d1ea00000007,projected_order_1d,4100,41,,09f3a9c457e9fb75,7400,8200
0,3,a303d1ea00000007,hash_placebo,0,0,1,08d2d3f44d694801,0,4900
0,3,a303d1ea00000008,projected_order_1d,0,0,,c2110587d07b317d,7300,8000
0,3,a303d1ea00000008,projected_order_1d,100,1,,fc9ab79201db444d,7600,8600
0,3,a303d1ea00000008,projected_order_1d,200,2,,70ff363c5ba77e4d,7300,7800
0,3,a303d1ea00000008,projected_order_1d,300,3,,f26f24073534f289,7300,7900
0,3,a303d1ea00000008,projected_order_1d,400,4,,1e5f4fc86216c4ed,7300,8000
0,3,a303d1ea00000008,projected_order_1d,500,5,,ae5e0cf2d97a4fc9,7300,8400
0,3,a303d1ea00000008,projected_order_1d,600,6,,bfd9b87bf4ea98a1,7100,8100
0,3,a303d1ea00000008,projected_order_1d,700,7,,adf6d4bca1ecf821,7700,8100
0,3,a303d1ea00000008,projected_order_1d,800,8,,874fa31cf50023b1,7300,8200
0,3,a303d1ea00000008,projected_order_1d,900,9,,36d16c024012e6cd,7300,7900
0,3,a303d1ea00000008,projected_order_1d,1000,10,,f8d54c5373e7210d,7500,8100
0,3,a303d1ea00000008,projected_order_1d,1100,11,,6fbee302c0907ed5,7100,7800
0,3,a303d1ea00000008,projected_order_1d,1200,12,,ebf48b87a59e46fd,7200,8100
0,3,a303d1ea00000008,projected_order_1d,1300,13,,04cd373d44a5a1c9,7600,7600
0,3,a303d1ea00000008,projected_order_1d,1400,14,,8fd32cf5d5c6b44d,7200,8300
0,3,a303d1ea00000008,projected_order_1d,1500,15,,3c8f5363e2dd9759,7300,7900
0,3,a303d1ea00000008,projected_order_1d,1600,16,,99f8d191d045e60d,7200,7600
0,3,a303d1ea00000008,projected_order_1d,1700,17,,4f83ff9a5ce47d49,7500,8300
0,3,a303d1ea00000008,projected_order_1d,1800,18,,b84060166fb2db45,7300,7700
0,3,a303d1ea00000008,projected_order_1d,1900,19,,336742b1fdb37f89,7400,8500
0,3,a303d1ea00000008,projected_order_1d,2000,20,,b0b9ba73ac6db9c9,7000,7900
0,3,a303d1ea00000008,projected_order_1d,2100,21,,80a5e1a8ca691bc1,7400,8100
0,3,a303d1ea00000008,projected_order_1d,2200,22,,f09a0a99f067cc09,7200,8000
0,3,a303d1ea00000008,projected_order_1d,2300,23,,8729312948c209f5,8100,11500
0,3,a303d1ea00000008,projected_order_1d,2400,24,,32b88537a021b2a5,7300,8700
0,3,a303d1ea00000008,projected_order_1d,2500,25,,cef546c61010de41,7300,8200
0,3,a303d1ea00000008,projected_order_1d,2600,26,,a217266663b50239,7300,8300
0,3,a303d1ea00000008,projected_order_1d,2700,27,,a32f0ffd475b02c5,7000,8300
0,3,a303d1ea00000008,projected_order_1d,2800,28,,b3168f2271e7331d,7200,7800
0,3,a303d1ea00000008,projected_order_1d,2900,29,,f5ef7b3b54db9869,7300,8500
0,3,a303d1ea00000008,projected_order_1d,3000,30,,bb6057a2c6ca258d,7300,8200
0,3,a303d1ea00000008,projected_order_1d,3100,31,,74b2115c36407a35,8300,12900
0,3,a303d1ea00000008,projected_order_1d,3200,32,,025f40c822d5ff55,7400,8300
0,3,a303d1ea00000008,projected_order_1d,3300,33,,002f572c9e3b965d,7700,8200
0,3,a303d1ea00000008,projected_order_1d,3400,34,,0db9b64293976b05,8500,8600
0,3,a303d1ea00000008,projected_order_1d,3500,35,,e4424bb4ef088819,8400,11700
0,3,a303d1ea00000008,projected_order_1d,3600,36,,079eb4a6350ea3bd,7300,8400
0,3,a303d1ea00000008,projected_order_1d,3700,37,,890040bd4e51be39,7300,8100
0,3,a303d1ea00000008,projected_order_1d,3800,38,,dd062b5ee3d53ed9,7200,7800
0,3,a303d1ea00000008,projected_order_1d,3900,39,,90ec4c6a65729809,8600,11900
0,3,a303d1ea00000008,projected_order_1d,4000,40,,bb10c5281a4a0381,7300,8000
0,3,a303d1ea00000008,projected_order_1d,4100,41,,e3e7c9cc24b60591,7300,8200
0,3,a303d1ea00000008,hash_placebo,0,0,5,e19b80df552ce8f9,0,5900
0,4,a303d1ea00000009,projected_order_1d,0,0,,7d741f3f985a07ed,8200,11400
0,4,a303d1ea00000009,projected_order_1d,100,1,,0200c06cdc82b1ed,7500,8500
0,4,a303d1ea00000009,projected_order_1d,200,2,,7f2b8f7446d45add,7200,7800
0,4,a303d1ea00000009,projected_order_1d,300,3,,56fb8e87313ea179,8600,12500
0,4,a303d1ea00000009,projected_order_1d,400,4,,38f4b8dfd7ab2071,8200,11300
0,4,a303d1ea00000009,projected_order_1d,500,5,,d0fa82a3ecfe8745,8200,12400
0,4,a303d1ea00000009,projected_order_1d,600,6,,bea23fabadeab42d,8200,11800
0,4,a303d1ea00000009,projected_order_1d,700,7,,20a799a8ad4b7425,9000,11100
0,4,a303d1ea00000009,projected_order_1d,800,8,,64367fa226bc5609,8300,11400
0,4,a303d1ea00000009,projected_order_1d,900,9,,16a791f994c4bd95,7300,8000
0,4,a303d1ea00000009,projected_order_1d,1000,10,,e2f06574805e3779,8200,11600
0,4,a303d1ea00000009,projected_order_1d,1100,11,,173efc0c6c87929d,7200,8300
0,4,a303d1ea00000009,projected_order_1d,1200,12,,f456e9af1c9c2c79,8600,11300
0,4,a303d1ea00000009,projected_order_1d,1300,13,,b9f6dcaba91cdb8d,8300,11900
0,4,a303d1ea00000009,projected_order_1d,1400,14,,3e8f708eeb3a2511,8400,12100
0,4,a303d1ea00000009,projected_order_1d,1500,15,,c3f41664991678bd,7300,7800
0,4,a303d1ea00000009,projected_order_1d,1600,16,,5643126415b70311,8400,12400
0,4,a303d1ea00000009,projected_order_1d,1700,17,,ab1700000ad540e1,8600,12000
0,4,a303d1ea00000009,projected_order_1d,1800,18,,fffb67176942a46d,8100,11900
0,4,a303d1ea00000009,projected_order_1d,1900,19,,b92b25d64d403f81,8200,11700
0,4,a303d1ea00000009,projected_order_1d,2000,20,,bd4efc2f040dde21,7200,8100
0,4,a303d1ea00000009,projected_order_1d,2100,21,,1fb5e8180d11fcc1,8300,11600
0,4,a303d1ea00000009,projected_order_1d,2200,22,,990052a63390a9c9,8300,11900
0,4,a303d1ea00000009,projected_order_1d,2300,23,,fbbc4337fbf3d431,7900,7500
0,4,a303d1ea00000009,projected_order_1d,2400,24,,cfd5e4830badec05,8300,11900
0,4,a303d1ea00000009,projected_order_1d,2500,25,,2646669c1422b901,7200,7800
0,4,a303d1ea00000009,projected_order_1d,2600,26,,d7ff46e3f67a33b5,8200,12200
0,4,a303d1ea00000009,projected_order_1d,2700,27,,88a7d5b1988a2d25,8100,11400
0,4,a303d1ea00000009,projected_order_1d,2800,28,,79bde70622668ce9,8000,12200
0,4,a303d1ea00000009,projected_order_1d,2900,29,,b8ec7a89b974df71,7300,7600
0,4,a303d1ea00000009,projected_order_1d,3000,30,,15030f47be23b361,7200,8400
0,4,a303d1ea00000009,projected_order_1d,3100,31,,5ef86d1042b8d3ad,8400,12400
0,4,a303d1ea00000009,projected_order_1d,3200,32,,6ebb52f5270c3775,8400,12200
0,4,a303d1ea00000009,projected_order_1d,3300,33,,583f27783a2efc49,8100,11700
0,4,a303d1ea00000009,projected_order_1d,3400,34,,0e900a8bb0f737c1,20200,12700
0,4,a303d1ea00000009,projected_order_1d,3500,35,,539e9553a48a470d,8600,12000
0,4,a303d1ea00000009,projected_order_1d,3600,36,,028c932ba8a24569,8300,12600
0,4,a303d1ea00000009,projected_order_1d,3700,37,,bb1ab491c50f31e9,8500,12600
0,4,a303d1ea00000009,projected_order_1d,3800,38,,f604966af5a7e7bd,8700,12200
0,4,a303d1ea00000009,projected_order_1d,3900,39,,a024f7db94ad1009,7300,7500
0,4,a303d1ea00000009,projected_order_1d,4000,40,,76fbbf05021efc09,8300,12300
0,4,a303d1ea00000009,projected_order_1d,4100,41,,393f14449bc9aca1,8300,12200
0,4,a303d1ea00000009,hash_placebo,0,0,4,20c93c293c11f9f1,0,5600
0,4,a303d1ea0000000a,projected_order_1d,0,0,,7d741f3f985a07ed,8200,12100
0,4,a303d1ea0000000a,projected_order_1d,100,1,,69ab9b0ac735355d,8500,11900
0,4,a303d1ea0000000a,projected_order_1d,200,2,,93d298f82eb5db85,8200,12400
0,4,a303d1ea0000000a,projected_order_1d,300,3,,dc5b16189afd1965,8700,12200
0,4,a303d1ea0000000a,projected_order_1d,400,4,,982c344efae7d6dd,7300,8200
0,4,a303d1ea0000000a,projected_order_1d,500,5,,c7daaefc639c2afd,8400,12100
0,4,a303d1ea0000000a,projected_order_1d,600,6,,50ed081ad6b3ed0d,8400,12100
0,4,a303d1ea0000000a,projected_order_1d,700,7,,7beb070c618b42b5,8300,12100
0,4,a303d1ea0000000a,projected_order_1d,800,8,,3e9b5546c2c4c921,8200,11400
0,4,a303d1ea0000000a,projected_order_1d,900,9,,b1ad44774b964ae5,7400,8200
0,4,a303d1ea0000000a,projected_order_1d,1000,10,,16bd223395c7d83d,8100,11900
0,4,a303d1ea0000000a,projected_order_1d,1100,11,,60bbe6dd5f4fcefd,8300,8000
0,4,a303d1ea0000000a,projected_order_1d,1200,12,,0c71da9b9b837d11,7700,8200
0,4,a303d1ea0000000a,projected_order_1d,1300,13,,cd34a81ddb5b2445,8300,12200
0,4,a303d1ea0000000a,projected_order_1d,1400,14,,64105c727f642099,7300,8100
0,4,a303d1ea0000000a,projected_order_1d,1500,15,,0547cc0ee0476b29,7600,7800
0,4,a303d1ea0000000a,projected_order_1d,1600,16,,667086ee26b1aa05,7500,8100
0,4,a303d1ea0000000a,projected_order_1d,1700,17,,eaff1678340d94e1,8400,11700
0,4,a303d1ea0000000a,projected_order_1d,1800,18,,c4da178750cf6c21,7500,8400
0,4,a303d1ea0000000a,projected_order_1d,1900,19,,37df30f274a85221,8500,10600
0,4,a303d1ea0000000a,projected_order_1d,2000,20,,5c1a2c9cd3676fa5,7400,8300
0,4,a303d1ea0000000a,projected_order_1d,2100,21,,1410229e4fdcd5e5,7400,8200
0,4,a303d1ea0000000a,projected_order_1d,2200,22,,f2aee2a3efce0279,7200,7700
0,4,a303d1ea0000000a,projected_order_1d,2300,23,,2cda00e4d042a289,7400,8400
0,4,a303d1ea0000000a,projected_order_1d,2400,24,,8418391659af4519,8600,11700
0,4,a303d1ea0000000a,projected_order_1d,2500,25,,76bdb75483c34d75,7200,8300
0,4,a303d1ea0000000a,projected_order_1d,2600,26,,17d3fafb4df96501,7300,8200
0,4,a303d1ea0000000a,projected_order_1d,2700,27,,a7398d30b6d2c559,7500,8200
0,4,a303d1ea0000000a,projected_order_1d,2800,28,,163c55baebbe1029,7600,8400
0,4,a303d1ea0000000a,projected_order_1d,2900,29,,c5b398aac6fce80d,7600,8200
0,4,a303d1ea0000000a,projected_order_1d,3000,30,,e609064ba989838d,7300,8000
0,4,a303d1ea0000000a,projected_order_1d,3100,31,,3b0ee00248dfb249,8000,11900
0,4,a303d1ea0000000a,projected_order_1d,3200,32,,f7a02f74488972e1,7400,8400
0,4,a303d1ea0000000a,projected_order_1d,3300,33,,aaf723ef0562a0f1,7500,8100
0,4,a303d1ea0000000a,projected_order_1d,3400,34,,0fc313a5546238bd,7300,7900
0,4,a303d1ea0000000a,projected_order_1d,3500,35,,05ee5e71f2c653ed,8600,13400
0,4,a303d1ea0000000a,projected_order_1d,3600,36,,2657b826cfee2ff9,7400,8400
0,4,a303d1ea0000000a,projected_order_1d,3700,37,,9f0c2f365faf71a5,8100,11300
0,4,a303d1ea0000000a,projected_order_1d,3800,38,,5df8864530897c91,7300,10700
0,4,a303d1ea0000000a,projected_order_1d,3900,39,,898490a46d8d64e1,7800,8400
0,4,a303d1ea0000000a,projected_order_1d,4000,40,,66ce013e51ef6945,8100,10600
0,4,a303d1ea0000000a,projected_order_1d,4100,41,,a375ff68be158521,8200,12300
0,4,a303d1ea0000000a,hash_placebo,0,0,0,800d700550ef4109,0,6400
1,0,a303d1ea0000000b,projected_order_1d,0,0,,1d7de308a9958d6d,7900,10900
1,0,a303d1ea0000000b,projected_order_1d,100,1,,db3ce4428b322765,8300,10100
1,0,a303d1ea0000000b,projected_order_1d,200,2,,f3cb2096764d45cd,8700,11100
1,0,a303d1ea0000000b,projected_order_1d,300,3,,d3adfd0fa02da9f5,8800,11900
1,0,a303d1ea0000000b,projected_order_1d,400,4,,8d51ae8d3c338abd,7300,9300
1,0,a303d1ea0000000b,projected_order_1d,500,5,,9fe62014e5bd2249,8200,11400
1,0,a303d1ea0000000b,projected_order_1d,600,6,,6cba77861a1c5ced,7500,8200
1,0,a303d1ea0000000b,projected_order_1d,700,7,,3a8ec2d3c0162401,8700,12100
1,0,a303d1ea0000000b,projected_order_1d,800,8,,27b25532aa5a278d,7300,8400
1,0,a303d1ea0000000b,projected_order_1d,900,9,,cc85bbb353961e6d,7600,9100
1,0,a303d1ea0000000b,projected_order_1d,1000,10,,c626c5779efe6c85,8900,10300
1,0,a303d1ea0000000b,projected_order_1d,1100,11,,f8efe4ad1c92bdc1,7400,11000
1,0,a303d1ea0000000b,projected_order_1d,1200,12,,096470a10591a4c5,8700,12000
1,0,a303d1ea0000000b,projected_order_1d,1300,13,,0fde56ba84a27209,8700,13400
1,0,a303d1ea0000000b,projected_order_1d,1400,14,,53f3de3ea4942e59,8700,12200
1,0,a303d1ea0000000b,projected_order_1d,1500,15,,bc76f69dbe5d92cd,8500,12400
1,0,a303d1ea0000000b,projected_order_1d,1600,16,,fae1aaa7126303d9,8800,12200
1,0,a303d1ea0000000b,projected_order_1d,1700,17,,28b5732142603435,8400,12400
1,0,a303d1ea0000000b,projected_order_1d,1800,18,,56fd543612b14155,8300,12000
1,0,a303d1ea0000000b,projected_order_1d,1900,19,,b593591c3b8c0f65,9400,11500
1,0,a303d1ea0000000b,projected_order_1d,2000,20,,bcfa799fb33c22d9,8200,11000
1,0,a303d1ea0000000b,projected_order_1d,2100,21,,744523defc073221,8300,10900
1,0,a303d1ea0000000b,projected_order_1d,2200,22,,bd69a3322afccd31,9200,12000
1,0,a303d1ea0000000b,projected_order_1d,2300,23,,fd6ccc9d3b85d2a5,8000,19200
1,0,a303d1ea0000000b,projected_order_1d,2400,24,,444dd52177f466d5,8200,12000
1,0,a303d1ea0000000b,projected_order_1d,2500,25,,9a1d30ffb54e3b7d,8400,12100
1,0,a303d1ea0000000b,projected_order_1d,2600,26,,44fda5c1f178b0b1,7300,8000
1,0,a303d1ea0000000b,projected_order_1d,2700,27,,c13239799141f4cd,8700,12000
1,0,a303d1ea0000000b,projected_order_1d,2800,28,,d18460dc439cb8e9,7400,8200
1,0,a303d1ea0000000b,projected_order_1d,2900,29,,fb20560b5f964ab5,8700,12600
1,0,a303d1ea0000000b,projected_order_1d,3000,30,,9306639d370f6a65,8400,11700
1,0,a303d1ea0000000b,projected_order_1d,3100,31,,dc7f4639b82ed3cd,8200,9300
1,0,a303d1ea0000000b,projected_order_1d,3200,32,,aa386a69797bd90d,8600,11500
1,0,a303d1ea0000000b,projected_order_1d,3300,33,,d85b09acf0053219,8600,11500
1,0,a303d1ea0000000b,projected_order_1d,3400,34,,018aafca3987aa95,8600,11600
1,0,a303d1ea0000000b,projected_order_1d,3500,35,,be9d29e0257f09a5,8400,11100
1,0,a303d1ea0000000b,projected_order_1d,3600,36,,39d6f67b915a00ad,7300,8100
1,0,a303d1ea0000000b,projected_order_1d,3700,37,,27308f250112b4bd,7300,8200
1,0,a303d1ea0000000b,projected_order_1d,3800,38,,dca9345aa9e8e735,8500,11700
1,0,a303d1ea0000000b,projected_order_1d,3900,39,,4b824c0c1f69fe69,8900,12000
1,0,a303d1ea0000000b,projected_order_1d,4000,40,,139ced788fe61335,8700,12400
1,0,a303d1ea0000000b,projected_order_1d,4100,41,,39f98682749b6d11,8400,11900
1,0,a303d1ea0000000b,hash_placebo,0,0,7,6dc24e9a85dcc575,0,3800
1,0,a303d1ea0000000c,projected_order_1d,0,0,,1d7de308a9958d6d,8100,11400
1,0,a303d1ea0000000c,projected_order_1d,100,1,,e3ed08cd4eb992d9,8200,10400
1,0,a303d1ea0000000c,projected_order_1d,200,2,,cceeb9e802ff2f01,7300,8600
1,0,a303d1ea0000000c,projected_order_1d,300,3,,7c92034208cd15ed,7200,9900
1,0,a303d1ea0000000c,projected_order_1d,400,4,,c693142faf543591,7400,8000
1,0,a303d1ea0000000c,projected_order_1d,500,5,,96c6c0599926fc59,8500,12200
1,0,a303d1ea0000000c,projected_order_1d,600,6,,15d3cc0c8f4bbf89,7400,8300
1,0,a303d1ea0000000c,projected_order_1d,700,7,,3ef56ebc121ce609,8300,11300
1,0,a303d1ea0000000c,projected_order_1d,800,8,,93e7928eda420929,8400,11600
1,0,a303d1ea0000000c,projected_order_1d,900,9,,fcdee66b122f83fd,8600,11700
1,0,a303d1ea0000000c,projected_order_1d,1000,10,,8192d8b8a9c4ede9,7500,8500
1,0,a303d1ea0000000c,projected_order_1d,1100,11,,cb504f9da0091099,12500,11200
1,0,a303d1ea0000000c,projected_order_1d,1200,12,,107faabe11228385,7800,8100
1,0,a303d1ea0000000c,projected_order_1d,1300,13,,da5435cb5f704969,8500,12000
1,0,a303d1ea0000000c,projected_order_1d,1400,14,,a420a4fccc75f969,7500,8200
1,0,a303d1ea0000000c,projected_order_1d,1500,15,,245fce7f67f19f3d,8500,11800
1,0,a303d1ea0000000c,projected_order_1d,1600,16,,996b0bce22e2e239,8200,12400
1,0,a303d1ea0000000c,projected_order_1d,1700,17,,2c36af1cacb21d61,8600,10600
1,0,a303d1ea0000000c,projected_order_1d,1800,18,,89ac627b44bcd2e9,8200,10400
1,0,a303d1ea0000000c,projected_order_1d,1900,19,,bb67b35da85fe355,7600,8200
1,0,a303d1ea0000000c,projected_order_1d,2000,20,,df41efd11f5feb49,8400,12400
1,0,a303d1ea0000000c,projected_order_1d,2100,21,,67ef2de5c6ec2575,8400,12500
1,0,a303d1ea0000000c,projected_order_1d,2200,22,,1bbbc187007d3cd5,7900,9700
1,0,a303d1ea0000000c,projected_order_1d,2300,23,,4978465a3f326355,7700,9700
1,0,a303d1ea0000000c,projected_order_1d,2400,24,,8d04095ff3df1b05,8500,12400
1,0,a303d1ea0000000c,projected_order_1d,2500,25,,8647d1ce40ff3721,8400,12600
1,0,a303d1ea0000000c,projected_order_1d,2600,26,,2d0367a5a664f8a9,8900,12400
1,0,a303d1ea0000000c,projected_order_1d,2700,27,,a186dfbeb21cfab9,8500,12100
1,0,a303d1ea0000000c,projected_order_1d,2800,28,,64abbd6ab3692901,8300,11900
1,0,a303d1ea0000000c,projected_order_1d,2900,29,,0a8e5a2fca16e8a1,8900,10200
1,0,a303d1ea0000000c,projected_order_1d,3000,30,,6d8c4664f2f803f5,8500,12300
1,0,a303d1ea0000000c,projected_order_1d,3100,31,,11c94d7181ebdd6d,8500,11800
1,0,a303d1ea0000000c,projected_order_1d,3200,32,,078e1c673af9b1d9,8700,12500
1,0,a303d1ea0000000c,projected_order_1d,3300,33,,0552591d99c915d1,8700,12500
1,0,a303d1ea0000000c,projected_order_1d,3400,34,,f063d55319f5142d,8300,10500
1,0,a303d1ea0000000c,projected_order_1d,3500,35,,0f81d717e59222bd,8900,12500
1,0,a303d1ea0000000c,projected_order_1d,3600,36,,6d96c7be6f06085d,8900,10600
1,0,a303d1ea0000000c,projected_order_1d,3700,37,,6b6e418d9eb90475,8400,10900
1,0,a303d1ea0000000c,projected_order_1d,3800,38,,b3bed10d9336dc55,8200,10800
1,0,a303d1ea0000000c,projected_order_1d,3900,39,,e8b6627a2d2e31cd,7500,8600
1,0,a303d1ea0000000c,projected_order_1d,4000,40,,b69b87480c7a9ef5,8400,9900
1,0,a303d1ea0000000c,projected_order_1d,4100,41,,461d0935f1139761,8500,10600
1,0,a303d1ea0000000c,hash_placebo,0,0,3,8e228c41c267e92d,0,5600
1,1,a303d1ea0000000d,projected_order_1d,0,0,,093191aa2ddcbc41,7300,8200
1,1,a303d1ea0000000d,projected_order_1d,100,1,,18c10677709d79b5,8600,12400
1,1,a303d1ea0000000d,projected_order_1d,200,2,,4d8ff006128274ed,8500,12400
1,1,a303d1ea0000000d,projected_order_1d,300,3,,d6291efd2ddec4fd,7500,8200
1,1,a303d1ea0000000d,projected_order_1d,400,4,,ba8950b14619136d,8400,12300
1,1,a303d1ea0000000d,projected_order_1d,500,5,,783febfe932605d9,9500,10400
1,1,a303d1ea0000000d,projected_order_1d,600,6,,ff1cb5388804342d,8800,12500
1,1,a303d1ea0000000d,projected_order_1d,700,7,,1f7a15b3b45917b5,8600,11200
1,1,a303d1ea0000000d,projected_order_1d,800,8,,df8d26bb5d9037a9,8100,10200
1,1,a303d1ea0000000d,projected_order_1d,900,9,,b9b8fcd2c2c54101,7600,8400
1,1,a303d1ea0000000d,projected_order_1d,1000,10,,c3c740f7923c6d39,7400,8100
1,1,a303d1ea0000000d,projected_order_1d,1100,11,,959a298894515d45,8500,10200
1,1,a303d1ea0000000d,projected_order_1d,1200,12,,e8f9ecf6ea2e4395,7400,8200
1,1,a303d1ea0000000d,projected_order_1d,1300,13,,813585d4b81111ed,7500,8500
1,1,a303d1ea0000000d,projected_order_1d,1400,14,,34eafef800576569,8100,11100
1,1,a303d1ea0000000d,projected_order_1d,1500,15,,3fa54fb3df5fd559,7400,8000
1,1,a303d1ea0000000d,projected_order_1d,1600,16,,e0521017cd62dd7d,7700,9500
1,1,a303d1ea0000000d,projected_order_1d,1700,17,,eda75cd21950d671,8400,9800
1,1,a303d1ea0000000d,projected_order_1d,1800,18,,1fe35cc512f7c355,8300,12400
1,1,a303d1ea0000000d,projected_order_1d,1900,19,,e310c81a409913f5,8300,12000
1,1,a303d1ea0000000d,projected_order_1d,2000,20,,cc214d9bb4cc233d,8800,10500
1,1,a303d1ea0000000d,projected_order_1d,2100,21,,a979dec14d3e0c9d,8300,11100
1,1,a303d1ea0000000d,projected_order_1d,2200,22,,e42e45341afc1fa1,8600,12800
1,1,a303d1ea0000000d,projected_order_1d,2300,23,,55c8a608c7d764a5,8400,12200
1,1,a303d1ea0000000d,projected_order_1d,2400,24,,0ad8743283953b21,8200,10300
1,1,a303d1ea0000000d,projected_order_1d,2500,25,,a111a51d6f902165,8700,12300
1,1,a303d1ea0000000d,projected_order_1d,2600,26,,2fe8009fc93ac38d,7200,8300
1,1,a303d1ea0000000d,projected_order_1d,2700,27,,0a36500b833e914d,7500,8200
1,1,a303d1ea0000000d,projected_order_1d,2800,28,,ebc123d1b31d5ef9,8600,13000
1,1,a303d1ea0000000d,projected_order_1d,2900,29,,801241c63a414661,7600,8300
1,1,a303d1ea0000000d,projected_order_1d,3000,30,,7a6e829bfb1fb8fd,8600,12700
1,1,a303d1ea0000000d,projected_order_1d,3100,31,,a78a869d5a3898a1,8800,22400
1,1,a303d1ea0000000d,projected_order_1d,3200,32,,46c23d2fab1a9659,8500,12300
1,1,a303d1ea0000000d,projected_order_1d,3300,33,,40348fabdbc21b95,8700,12100
1,1,a303d1ea0000000d,projected_order_1d,3400,34,,fde9c468b61abf0d,8500,12500
1,1,a303d1ea0000000d,projected_order_1d,3500,35,,c9b5c0b4e443e8fd,8400,12500
1,1,a303d1ea0000000d,projected_order_1d,3600,36,,821b114f27c113cd,8700,12400
1,1,a303d1ea0000000d,projected_order_1d,3700,37,,d76b2edd15155b91,7300,8800
1,1,a303d1ea0000000d,projected_order_1d,3800,38,,e48bbf1b8a4c1315,7900,8400
1,1,a303d1ea0000000d,projected_order_1d,3900,39,,c83e9d8b814faa09,8500,12500
1,1,a303d1ea0000000d,projected_order_1d,4000,40,,655b0e4c1c3d16a9,8600,13100
1,1,a303d1ea0000000d,projected_order_1d,4100,41,,139f3b6ac91523c1,8400,12600
1,1,a303d1ea0000000d,hash_placebo,0,0,2,8ec04bf49bf34a6d,0,4500
1,1,a303d1ea0000000e,projected_order_1d,0,0,,093191aa2ddcbc41,7800,8000
1,1,a303d1ea0000000e,projected_order_1d,100,1,,373d0607258f69f5,7400,8400
1,1,a303d1ea0000000e,projected_order_1d,200,2,,8dcf225346e62939,7500,8000
1,1,a303d1ea0000000e,projected_order_1d,300,3,,ac3805a8001c938d,7300,8100
1,1,a303d1ea0000000e,projected_order_1d,400,4,,c88b8f4fd07d3e5d,8300,11300
1,1,a303d1ea0000000e,projected_order_1d,500,5,,25fc3848b9666935,7700,8300
1,1,a303d1ea0000000e,projected_order_1d,600,6,,0142b4654e0e1d39,7300,8000
1,1,a303d1ea0000000e,projected_order_1d,700,7,,75bd161f67322f79,8600,12200
1,1,a303d1ea0000000e,projected_order_1d,800,8,,b56ac9eb1d57d37d,7900,8200
1,1,a303d1ea0000000e,projected_order_1d,900,9,,be1f354342ec2575,7500,8500
1,1,a303d1ea0000000e,projected_order_1d,1000,10,,f40afa032e16ea71,9100,10700
1,1,a303d1ea0000000e,projected_order_1d,1100,11,,dbf4032aa8cc8bbd,7400,8100
1,1,a303d1ea0000000e,projected_order_1d,1200,12,,e09f0aad689d5da9,8600,12400
1,1,a303d1ea0000000e,projected_order_1d,1300,13,,4b7ac65c485e1a2d,8700,10700
1,1,a303d1ea0000000e,projected_order_1d,1400,14,,2b8c6465f58a797d,8500,11300
1,1,a303d1ea0000000e,projected_order_1d,1500,15,,e972ace4f60172d9,8400,10000
1,1,a303d1ea0000000e,projected_order_1d,1600,16,,47324a02c706b9b9,8500,12300
1,1,a303d1ea0000000e,projected_order_1d,1700,17,,077dfb8f226c9845,7800,7900
1,1,a303d1ea0000000e,projected_order_1d,1800,18,,bbce915f46e56121,8500,12500
1,1,a303d1ea0000000e,projected_order_1d,1900,19,,de24419e625d05f9,8000,9800
1,1,a303d1ea0000000e,projected_order_1d,2000,20,,e0c7326316ce002d,7500,8500
1,1,a303d1ea0000000e,projected_order_1d,2100,21,,c506945de19c8981,9100,10400
1,1,a303d1ea0000000e,projected_order_1d,2200,22,,3054048c0dfec9d1,7400,8400
1,1,a303d1ea0000000e,projected_order_1d,2300,23,,66e0bb1c01a9a36d,7400,8600
1,1,a303d1ea0000000e,projected_order_1d,2400,24,,d1728cda91cf9c95,7900,9500
1,1,a303d1ea0000000e,projected_order_1d,2500,25,,2b5c7ca784c5e39d,8100,9500
1,1,a303d1ea0000000e,projected_order_1d,2600,26,,68a827db305a42d9,8000,9800
1,1,a303d1ea0000000e,projected_order_1d,2700,27,,d7ec73e54421ccc9,8900,11900
1,1,a303d1ea0000000e,projected_order_1d,2800,28,,05ce6853a840bc15,8400,12600
1,1,a303d1ea0000000e,projected_order_1d,2900,29,,81e55f0a55f5e4c5,8400,12100
1,1,a303d1ea0000000e,projected_order_1d,3000,30,,39eed79622e6dcc5,7300,8100
1,1,a303d1ea0000000e,projected_order_1d,3100,31,,b9223f403c722a2d,7400,8200
1,1,a303d1ea0000000e,projected_order_1d,3200,32,,e42a3a864c0ee971,8300,11900
1,1,a303d1ea0000000e,projected_order_1d,3300,33,,4235152bbd744b35,8700,11700
1,1,a303d1ea0000000e,projected_order_1d,3400,34,,684e48bc3df519f5,7500,8300
1,1,a303d1ea0000000e,projected_order_1d,3500,35,,321434848551dac1,8600,9600
1,1,a303d1ea0000000e,projected_order_1d,3600,36,,026a0f56cee13ed1,8400,12500
1,1,a303d1ea0000000e,projected_order_1d,3700,37,,df71ca9ca9fff479,7800,8400
1,1,a303d1ea0000000e,projected_order_1d,3800,38,,7e809129e000c141,7400,8100
1,1,a303d1ea0000000e,projected_order_1d,3900,39,,b75f144d2764317d,8800,12300
1,1,a303d1ea0000000e,projected_order_1d,4000,40,,7da5b5706e79a63d,8500,11900
1,1,a303d1ea0000000e,projected_order_1d,4100,41,,6c1d2be0efaedf45,8500,11300
1,1,a303d1ea0000000e,hash_placebo,0,0,6,136f7bc9ccab051d,0,4500
1,2,a303d1ea0000000f,projected_order_1d,0,0,,6bfc1baf70e3f0f9,8800,11900
1,2,a303d1ea0000000f,projected_order_1d,100,1,,9825251076d4caed,11800,12100
1,2,a303d1ea0000000f,projected_order_1d,200,2,,827add635fb6faa9,8500,12300
1,2,a303d1ea0000000f,projected_order_1d,300,3,,4291ef5a72896c25,7400,8300
1,2,a303d1ea0000000f,projected_order_1d,400,4,,2570b748b1c03271,8500,11700
1,2,a303d1ea0000000f,projected_order_1d,500,5,,884b4e1676944be1,8200,10900
1,2,a303d1ea0000000f,projected_order_1d,600,6,,57a2a23df930b7f9,8500,11600
1,2,a303d1ea0000000f,projected_order_1d,700,7,,5007895cc2707119,8300,11900
1,2,a303d1ea0000000f,projected_order_1d,800,8,,527fd38456b38805,8500,12500
1,2,a303d1ea0000000f,projected_order_1d,900,9,,02e8187f4539648d,8200,11200
1,2,a303d1ea0000000f,projected_order_1d,1000,10,,679a770689277b69,7400,8500
1,2,a303d1ea0000000f,projected_order_1d,1100,11,,c080b190eb5b9a41,8300,11200
1,2,a303d1ea0000000f,projected_order_1d,1200,12,,02d69a3d3b270869,8000,11700
1,2,a303d1ea0000000f,projected_order_1d,1300,13,,c3ed78e5c70f71f1,8900,11800
1,2,a303d1ea0000000f,projected_order_1d,1400,14,,fad6eae8dcb11519,8400,11800
1,2,a303d1ea0000000f,projected_order_1d,1500,15,,4d9f6a18500e93a5,8500,11400
1,2,a303d1ea0000000f,projected_order_1d,1600,16,,e833afdef801d25d,8300,11800
1,2,a303d1ea0000000f,projected_order_1d,1700,17,,31505fd4254cb289,8200,11800
1,2,a303d1ea0000000f,projected_order_1d,1800,18,,c997228ef0362429,8500,11800
1,2,a303d1ea0000000f,projected_order_1d,1900,19,,13defb26d79c50a5,9100,13100
1,2,a303d1ea0000000f,projected_order_1d,2000,20,,e9db1e349c91fd6d,8600,15700
1,2,a303d1ea0000000f,projected_order_1d,2100,21,,b97058b5a19d09f1,8200,11400
1,2,a303d1ea0000000f,projected_order_1d,2200,22,,e89ed5c2ea7ee801,7400,8000
1,2,a303d1ea0000000f,projected_order_1d,2300,23,,ab2cfb754619d2b9,8700,12900
1,2,a303d1ea0000000f,projected_order_1d,2400,24,,51fb53ef6fda87cd,7400,7900
1,2,a303d1ea0000000f,projected_order_1d,2500,25,,fedeccd9c285bffd,9900,11200
1,2,a303d1ea0000000f,projected_order_1d,2600,26,,48d52cf80ef56bc1,8100,11200
1,2,a303d1ea0000000f,projected_order_1d,2700,27,,b048be8be0753769,8500,12200
1,2,a303d1ea0000000f,projected_order_1d,2800,28,,eb8768aac1136b59,7400,8400
1,2,a303d1ea0000000f,projected_order_1d,2900,29,,300061fdd849e6c5,8800,12100
1,2,a303d1ea0000000f,projected_order_1d,3000,30,,47f64be300ec07a1,8400,12200
1,2,a303d1ea0000000f,projected_order_1d,3100,31,,9f1aca9d60f5b3cd,8300,11700
1,2,a303d1ea0000000f,projected_order_1d,3200,32,,83fa65fdeed9cd79,8600,11600
1,2,a303d1ea0000000f,projected_order_1d,3300,33,,a9af2ef13f4b8b61,7400,8200
1,2,a303d1ea0000000f,projected_order_1d,3400,34,,2eadb767e3bdfcbd,8400,11500
1,2,a303d1ea0000000f,projected_order_1d,3500,35,,dbf26c72f82e0541,8700,11700
1,2,a303d1ea0000000f,projected_order_1d,3600,36,,289d3ecaa57a381d,8800,11800
1,2,a303d1ea0000000f,projected_order_1d,3700,37,,8b1ccf7b8ea6cb39,8500,11500
1,2,a303d1ea0000000f,projected_order_1d,3800,38,,a27b8a696021a239,7400,8100
1,2,a303d1ea0000000f,projected_order_1d,3900,39,,8f10aafab1b8c639,8400,12600
1,2,a303d1ea0000000f,projected_order_1d,4000,40,,a2b62554b89015d9,8800,11600
1,2,a303d1ea0000000f,projected_order_1d,4100,41,,30a9fd4ef1519439,8500,12000
1,2,a303d1ea0000000f,hash_placebo,0,0,5,e19b80df552ce8f9,0,5500
1,2,a303d1ea00000010,projected_order_1d,0,0,,6bfc1baf70e3f0f9,8300,10400
1,2,a303d1ea00000010,projected_order_1d,100,1,,b6ecc0ab70aa6705,8200,11300
1,2,a303d1ea00000010,projected_order_1d,200,2,,4782d44071f5f835,7700,8000
1,2,a303d1ea00000010,projected_order_1d,300,3,,5a49312b4fb87049,7500,10700
1,2,a303d1ea00000010,projected_order_1d,400,4,,36080bb895c36105,8500,12500
1,2,a303d1ea00000010,projected_order_1d,500,5,,8f5d2c78bd8ba6d1,8200,11700
1,2,a303d1ea00000010,projected_order_1d,600,6,,ce02553288140369,8500,12300
1,2,a303d1ea00000010,projected_order_1d,700,7,,2c1df761e82c5185,8300,12300
1,2,a303d1ea00000010,projected_order_1d,800,8,,209b1ec04e797015,7400,8900
1,2,a303d1ea00000010,projected_order_1d,900,9,,e84d0bb23b376ecd,8200,12500
1,2,a303d1ea00000010,projected_order_1d,1000,10,,a77bf895a221fb45,7300,8100
1,2,a303d1ea00000010,projected_order_1d,1100,11,,f2be28fa4e79c715,7300,7900
1,2,a303d1ea00000010,projected_order_1d,1200,12,,087e637a0449af31,7400,7800
1,2,a303d1ea00000010,projected_order_1d,1300,13,,1d9f9fba705655d1,7400,8400
1,2,a303d1ea00000010,projected_order_1d,1400,14,,3d307c0eb71f7715,7200,7600
1,2,a303d1ea00000010,projected_order_1d,1500,15,,b39b2d9da551c115,8300,11200
1,2,a303d1ea00000010,projected_order_1d,1600,16,,4196331411472315,8200,10400
1,2,a303d1ea00000010,projected_order_1d,1700,17,,6453eaf90a23124d,7300,8300
1,2,a303d1ea00000010,projected_order_1d,1800,18,,f56974c421ea2db1,8100,12000
1,2,a303d1ea00000010,projected_order_1d,1900,19,,a8909c7f10908efd,8200,11500
1,2,a303d1ea00000010,projected_order_1d,2000,20,,99a09421effeb0f5,9000,8100
1,2,a303d1ea00000010,projected_order_1d,2100,21,,c7ecf8c28cc91295,7700,7600
1,2,a303d1ea00000010,projected_order_1d,2200,22,,79f1178b55e08469,7700,8300
1,2,a303d1ea00000010,projected_order_1d,2300,23,,cd0d7de15b49ed4d,7200,7500
1,2,a303d1ea00000010,projected_order_1d,2400,24,,45767eb426a352bd,7500,8200
1,2,a303d1ea00000010,projected_order_1d,2500,25,,71c2e752a9a8e969,7300,8400
1,2,a303d1ea00000010,projected_order_1d,2600,26,,81693e007d732229,7300,8300
1,2,a303d1ea00000010,projected_order_1d,2700,27,,e856b8b145d0ddf5,7300,7800
1,2,a303d1ea00000010,projected_order_1d,2800,28,,9f2b33c863fb2029,8200,11600
1,2,a303d1ea00000010,projected_order_1d,2900,29,,4d0d81e93e750635,7400,8400
1,2,a303d1ea00000010,projected_order_1d,3000,30,,1046898d8cb04335,7300,8100
1,2,a303d1ea00000010,projected_order_1d,3100,31,,5f94f934be4ca5f5,8200,9700
1,2,a303d1ea00000010,projected_order_1d,3200,32,,e4c586c360abd971,7900,11900
1,2,a303d1ea00000010,projected_order_1d,3300,33,,05434583fd52bcd5,7300,7900
1,2,a303d1ea00000010,projected_order_1d,3400,34,,349b328a058ffaa5,8000,10000
1,2,a303d1ea00000010,projected_order_1d,3500,35,,136aa6979b24132d,7200,7400
1,2,a303d1ea00000010,projected_order_1d,3600,36,,e7453334fdbf2c95,8400,10700
1,2,a303d1ea00000010,projected_order_1d,3700,37,,c18f201259f82f89,7200,7800
1,2,a303d1ea00000010,projected_order_1d,3800,38,,066a0ba008ddb169,7900,8100
1,2,a303d1ea00000010,projected_order_1d,3900,39,,acec015d7d9523d9,8300,12200
1,2,a303d1ea00000010,projected_order_1d,4000,40,,266920c770d6107d,8400,12700
1,2,a303d1ea00000010,projected_order_1d,4100,41,,728616bf8f154355,7500,8200
1,2,a303d1ea00000010,hash_placebo,0,0,1,08d2d3f44d694801,0,5100
1,3,a303d1ea00000011,projected_order_1d,0,0,,0c0a9b55af865605,8700,12600
1,3,a303d1ea00000011,projected_order_1d,100,1,,8650a36530e3dc2d,8400,12600
1,3,a303d1ea00000011,projected_order_1d,200,2,,39530c31cab9eb01,8700,11400
1,3,a303d1ea00000011,projected_order_1d,300,3,,79c52b03606a4e05,8400,12700
1,3,a303d1ea00000011,projected_order_1d,400,4,,3fb07fa38293b01d,7400,9200
1,3,a303d1ea00000011,projected_order_1d,500,5,,cc8c113066593359,8300,12300
1,3,a303d1ea00000011,projected_order_1d,600,6,,3b36605cb6bbc859,7400,8000
1,3,a303d1ea00000011,projected_order_1d,700,7,,ec5061bd217fcf35,8200,11300
1,3,a303d1ea00000011,projected_order_1d,800,8,,576cb9083fa76d21,8600,11700
1,3,a303d1ea00000011,projected_order_1d,900,9,,a156586494170cad,8300,11100
1,3,a303d1ea00000011,projected_order_1d,1000,10,,a993b5f314d9590d,8300,11900
1,3,a303d1ea00000011,projected_order_1d,1100,11,,4bc844243a443139,8300,12100
1,3,a303d1ea00000011,projected_order_1d,1200,12,,276498b312a261f1,12600,10800
1,3,a303d1ea00000011,projected_order_1d,1300,13,,5a20d1abd3bf0b9d,7300,8500
1,3,a303d1ea00000011,projected_order_1d,1400,14,,f19e3a42dc7ac76d,9000,12400
1,3,a303d1ea00000011,projected_order_1d,1500,15,,830d7e364043665d,8600,11500
1,3,a303d1ea00000011,projected_order_1d,1600,16,,87de74ed2a31064d,9900,12400
1,3,a303d1ea00000011,projected_order_1d,1700,17,,0f50654e64a57a25,8900,12000
1,3,a303d1ea00000011,projected_order_1d,1800,18,,06cefecf4c7dac89,8200,11900
1,3,a303d1ea00000011,projected_order_1d,1900,19,,67c9700344df53ed,8400,11600
1,3,a303d1ea00000011,projected_order_1d,2000,20,,2b2ce8d03993bb09,8400,12300
1,3,a303d1ea00000011,projected_order_1d,2100,21,,a6d72b4cc486ba2d,8400,12600
1,3,a303d1ea00000011,projected_order_1d,2200,22,,d5a626ed251d72b5,8400,12700
1,3,a303d1ea00000011,projected_order_1d,2300,23,,9125f3a00202546d,8600,12100
1,3,a303d1ea00000011,projected_order_1d,2400,24,,11e8c6dff8292211,8500,11100
1,3,a303d1ea00000011,projected_order_1d,2500,25,,deb0ff333dea89d1,8300,11900
1,3,a303d1ea00000011,projected_order_1d,2600,26,,04d640f04bb299f9,8400,12300
1,3,a303d1ea00000011,projected_order_1d,2700,27,,c03e0a6a20d0ab19,8400,12500
1,3,a303d1ea00000011,projected_order_1d,2800,28,,806b46e08bf64db5,8500,11800
1,3,a303d1ea00000011,projected_order_1d,2900,29,,04cc4873b6a87769,7500,8200
1,3,a303d1ea00000011,projected_order_1d,3000,30,,7675f803f668fdb5,7600,8200
1,3,a303d1ea00000011,projected_order_1d,3100,31,,3e14029b1e6fb535,7300,8300
1,3,a303d1ea00000011,projected_order_1d,3200,32,,b83aec8c8505e171,8200,12200
1,3,a303d1ea00000011,projected_order_1d,3300,33,,a25405f2fe869211,7400,8700
1,3,a303d1ea00000011,projected_order_1d,3400,34,,2e19b0fd2e79b119,8300,11900
1,3,a303d1ea00000011,projected_order_1d,3500,35,,ae3f9e8185fe2b29,8300,11700
1,3,a303d1ea00000011,projected_order_1d,3600,36,,e439272b0b196399,7300,8100
1,3,a303d1ea00000011,projected_order_1d,3700,37,,cc56bbf5ebf9f2d5,8400,12600
1,3,a303d1ea00000011,projected_order_1d,3800,38,,5e9d89172ccbf33d,7800,10600
1,3,a303d1ea00000011,projected_order_1d,3900,39,,0ebcdf2a3a988ee5,7300,8300
1,3,a303d1ea00000011,projected_order_1d,4000,40,,0be3a8453fd22f09,8400,10900
1,3,a303d1ea00000011,projected_order_1d,4100,41,,46828515f5d743bd,8300,11400
1,3,a303d1ea00000011,hash_placebo,0,0,0,800d700550ef4109,0,6200
1,3,a303d1ea00000012,projected_order_1d,0,0,,0c0a9b55af865605,7800,8200
1,3,a303d1ea00000012,projected_order_1d,100,1,,0975dce1ba45f0a5,8400,12600
1,3,a303d1ea00000012,projected_order_1d,200,2,,6d99e1bb19340ded,8000,12400
1,3,a303d1ea00000012,projected_order_1d,300,3,,964d1d336b7f1a11,8400,11700
1,3,a303d1ea00000012,projected_order_1d,400,4,,d035eda8c51650e9,7400,8200
1,3,a303d1ea00000012,projected_order_1d,500,5,,2f7ab3e07ad8edad,8300,12300
1,3,a303d1ea00000012,projected_order_1d,600,6,,7397c28cc16e03ed,8500,9100
1,3,a303d1ea00000012,projected_order_1d,700,7,,42eac438f93a68b9,8300,12100
1,3,a303d1ea00000012,projected_order_1d,800,8,,20d740fcc2bf8921,8600,12200
1,3,a303d1ea00000012,projected_order_1d,900,9,,bb15a649c4f91609,8200,12100
1,3,a303d1ea00000012,projected_order_1d,1000,10,,7de4f7035579ecbd,8200,11900
1,3,a303d1ea00000012,projected_order_1d,1100,11,,9bf3ede09e8bcc59,8400,12300
1,3,a303d1ea00000012,projected_order_1d,1200,12,,9f71d535b1eeab3d,8500,11400
1,3,a303d1ea00000012,projected_order_1d,1300,13,,d5efa83a3f2f5e85,8400,11700
1,3,a303d1ea00000012,projected_order_1d,1400,14,,1687eca3091ab2ad,7700,8300
1,3,a303d1ea00000012,projected_order_1d,1500,15,,5cb04db7a5525531,8400,11500
1,3,a303d1ea00000012,projected_order_1d,1600,16,,926c9d69364cd0f1,8300,11400
1,3,a303d1ea00000012,projected_order_1d,1700,17,,b3bf1ef3c194ce89,7300,8300
1,3,a303d1ea00000012,projected_order_1d,1800,18,,bdbb07dbc01006a1,7400,7800
1,3,a303d1ea00000012,projected_order_1d,1900,19,,8cc64076dc366979,8400,8100
1,3,a303d1ea00000012,projected_order_1d,2000,20,,cd53a441c44da8bd,7300,8500
1,3,a303d1ea00000012,projected_order_1d,2100,21,,43a393cdf5b7b8c9,8600,12100
1,3,a303d1ea00000012,projected_order_1d,2200,22,,175455c3dc3a23c1,8100,12600
1,3,a303d1ea00000012,projected_order_1d,2300,23,,a7cbd761fa393141,8300,11700
1,3,a303d1ea00000012,projected_order_1d,2400,24,,d46b07b57a7014fd,8500,12100
1,3,a303d1ea00000012,projected_order_1d,2500,25,,dc75ecd6fc7ae555,8900,11700
1,3,a303d1ea00000012,projected_order_1d,2600,26,,6b104f93af054d45,7500,8000
1,3,a303d1ea00000012,projected_order_1d,2700,27,,ddcec496d0125311,8400,11500
1,3,a303d1ea00000012,projected_order_1d,2800,28,,781d3b4b01409c59,8400,11800
1,3,a303d1ea00000012,projected_order_1d,2900,29,,73e3c0dba3d91b35,8100,8800
1,3,a303d1ea00000012,projected_order_1d,3000,30,,37e8df4765a61aa5,8500,11800
1,3,a303d1ea00000012,projected_order_1d,3100,31,,b18fcc151dde0a21,7200,8700
1,3,a303d1ea00000012,projected_order_1d,3200,32,,1db6e9c440a83995,8400,12100
1,3,a303d1ea00000012,projected_order_1d,3300,33,,a899a01317768e59,8400,11500
1,3,a303d1ea00000012,projected_order_1d,3400,34,,8bfe191b1a9efeed,7400,8200
1,3,a303d1ea00000012,projected_order_1d,3500,35,,108f1e545179663d,8300,9400
1,3,a303d1ea00000012,projected_order_1d,3600,36,,b074d9ae62d32995,8500,12400
1,3,a303d1ea00000012,projected_order_1d,3700,37,,904731112ac60b5d,8500,12500
1,3,a303d1ea00000012,projected_order_1d,3800,38,,20045b5c596bc615,8500,12000
1,3,a303d1ea00000012,projected_order_1d,3900,39,,35660b4ecc2e39fd,8500,9700
1,3,a303d1ea00000012,projected_order_1d,4000,40,,5dee13495c1c5aa5,8300,13300
1,3,a303d1ea00000012,projected_order_1d,4100,41,,0bf5c14d0c53a449,8600,12800
1,3,a303d1ea00000012,hash_placebo,0,0,4,20c93c293c11f9f1,0,6400
1,4,a303d1ea00000013,projected_order_1d,0,0,,1cfbf122625a850d,7300,7900
1,4,a303d1ea00000013,projected_order_1d,100,1,,2be4c66458290825,7100,8000
1,4,a303d1ea00000013,projected_order_1d,200,2,,b624423d91d6bdc5,8200,11700
1,4,a303d1ea00000013,projected_order_1d,300,3,,eae0b8c300d47545,7800,9800
1,4,a303d1ea00000013,projected_order_1d,400,4,,bae1a3acc02809b1,7400,8000
1,4,a303d1ea00000013,projected_order_1d,500,5,,d8ca6ca14e5725a9,7300,7800
1,4,a303d1ea00000013,projected_order_1d,600,6,,6dbe5d14c866a49d,20400,12900
1,4,a303d1ea00000013,projected_order_1d,700,7,,3c93049091b3a39d,7200,8300
1,4,a303d1ea00000013,projected_order_1d,800,8,,312f5364df272869,7200,8100
1,4,a303d1ea00000013,projected_order_1d,900,9,,5655433517f10845,7300,8000
1,4,a303d1ea00000013,projected_order_1d,1000,10,,65403eb0d5037f85,7300,8000
1,4,a303d1ea00000013,projected_order_1d,1100,11,,cd7c4f86355b9a61,8300,12100
1,4,a303d1ea00000013,projected_order_1d,1200,12,,4c452abcf1298875,7500,8300
1,4,a303d1ea00000013,projected_order_1d,1300,13,,565b088d84f5982d,8300,11500
1,4,a303d1ea00000013,projected_order_1d,1400,14,,7172edb6b61745ad,7500,8300
1,4,a303d1ea00000013,projected_order_1d,1500,15,,ffd6ddf8ee9eb949,8300,12400
1,4,a303d1ea00000013,projected_order_1d,1600,16,,cb6440dbfcb0c6a1,7300,8200
1,4,a303d1ea00000013,projected_order_1d,1700,17,,35d7eee86b9c6709,7900,11200
1,4,a303d1ea00000013,projected_order_1d,1800,18,,38aeda542e2526a9,8300,11800
1,4,a303d1ea00000013,projected_order_1d,1900,19,,31e9ccebdbb5ac35,7500,8500
1,4,a303d1ea00000013,projected_order_1d,2000,20,,aea0cb20eac35655,8100,12600
1,4,a303d1ea00000013,projected_order_1d,2100,21,,d3e0fa2bd21082ed,8200,25300
1,4,a303d1ea00000013,projected_order_1d,2200,22,,c83a67ef9182c845,8300,11600
1,4,a303d1ea00000013,projected_order_1d,2300,23,,4c9833cc7ba42c59,7200,7900
1,4,a303d1ea00000013,projected_order_1d,2400,24,,f3b388f3520c80b1,7200,7900
1,4,a303d1ea00000013,projected_order_1d,2500,25,,cba0e9fc8300e571,7500,7800
1,4,a303d1ea00000013,projected_order_1d,2600,26,,e95aeefa94e8be51,7300,8200
1,4,a303d1ea00000013,projected_order_1d,2700,27,,31dc707c93cf9d31,7700,8100
1,4,a303d1ea00000013,projected_order_1d,2800,28,,b7c4e42e0ead1c19,8700,12400
1,4,a303d1ea00000013,projected_order_1d,2900,29,,e953bc8377551b71,7800,8100
1,4,a303d1ea00000013,projected_order_1d,3000,30,,25d614b86cc04eb1,7300,8200
1,4,a303d1ea00000013,projected_order_1d,3100,31,,4d44a87e89a48059,8900,11600
1,4,a303d1ea00000013,projected_order_1d,3200,32,,f9a718f3f99c842d,8500,13100
1,4,a303d1ea00000013,projected_order_1d,3300,33,,6f0363e2f6a406e5,7400,8400
1,4,a303d1ea00000013,projected_order_1d,3400,34,,fa10c92ff8fce5a1,7200,7700
1,4,a303d1ea00000013,projected_order_1d,3500,35,,609440ad22cb5bd1,7400,7800
1,4,a303d1ea00000013,projected_order_1d,3600,36,,460fca32b4749431,7300,8200
1,4,a303d1ea00000013,projected_order_1d,3700,37,,97ccaa158961d16d,7300,7900
1,4,a303d1ea00000013,projected_order_1d,3800,38,,2686692542e6303d,8200,12800
1,4,a303d1ea00000013,projected_order_1d,3900,39,,9178e75012255241,7400,8000
1,4,a303d1ea00000013,projected_order_1d,4000,40,,f1ff1a0297d683ad,8300,11800
1,4,a303d1ea00000013,projected_order_1d,4100,41,,bda88d6cad4c7969,7400,8300
1,4,a303d1ea00000013,hash_placebo,0,0,3,8e228c41c267e92d,0,5900
1,4,a303d1ea00000014,projected_order_1d,0,0,,1cfbf122625a850d,8200,11500
1,4,a303d1ea00000014,projected_order_1d,100,1,,1074c1100c091825,7400,8100
1,4,a303d1ea00000014,projected_order_1d,200,2,,8b170936d1f00025,8100,10400
1,4,a303d1ea00000014,projected_order_1d,300,3,,651078fa4a73f861,7200,7900
1,4,a303d1ea00000014,projected_order_1d,400,4,,5e3a4c9ba9282ac5,7400,8000
1,4,a303d1ea00000014,projected_order_1d,500,5,,669a0f0e39e22639,7300,7900
1,4,a303d1ea00000014,projected_order_1d,600,6,,d2907e43b54a9755,7600,7900
1,4,a303d1ea00000014,projected_order_1d,700,7,,8240712399ed6581,8200,12400
1,4,a303d1ea00000014,projected_order_1d,800,8,,adbce54ab6d54845,7400,8400
1,4,a303d1ea00000014,projected_order_1d,900,9,,a72b52ac3798d7c5,8200,10800
1,4,a303d1ea00000014,projected_order_1d,1000,10,,b1363bb481a7f55d,7800,11000
1,4,a303d1ea00000014,projected_order_1d,1100,11,,d12420ef24200051,7800,9200
1,4,a303d1ea00000014,projected_order_1d,1200,12,,cdf879343fe3f495,7500,8200
1,4,a303d1ea00000014,projected_order_1d,1300,13,,1d60b4a1ce6cfa9d,7400,8300
1,4,a303d1ea00000014,projected_order_1d,1400,14,,a2f0b54dd42dfff9,8400,11700
1,4,a303d1ea00000014,projected_order_1d,1500,15,,af1b364f4b5c0d05,8300,11500
1,4,a303d1ea00000014,projected_order_1d,1600,16,,ef5f9c8fc6238e8d,8600,11800
1,4,a303d1ea00000014,projected_order_1d,1700,17,,c890797044c96c65,7500,7900
1,4,a303d1ea00000014,projected_order_1d,1800,18,,ae952218d45a5505,8300,8500
1,4,a303d1ea00000014,projected_order_1d,1900,19,,7b69814a53519d25,8300,12700
1,4,a303d1ea00000014,projected_order_1d,2000,20,,db839100178b8375,8300,12700
1,4,a303d1ea00000014,projected_order_1d,2100,21,,8c7171c5238d3025,8300,11700
1,4,a303d1ea00000014,projected_order_1d,2200,22,,2933ba30a8a5c2ad,8400,12300
1,4,a303d1ea00000014,projected_order_1d,2300,23,,1fbf3e6fa00f81c1,7500,8200
1,4,a303d1ea00000014,projected_order_1d,2400,24,,44ebe63c77f68f85,7800,8500
1,4,a303d1ea00000014,projected_order_1d,2500,25,,f0822773b1bbea65,7500,8400
1,4,a303d1ea00000014,projected_order_1d,2600,26,,ce949a86d19f568d,7500,8400
1,4,a303d1ea00000014,projected_order_1d,2700,27,,bbccd0b31481bc15,7300,8100
1,4,a303d1ea00000014,projected_order_1d,2800,28,,27943d8e80c1d269,8500,12800
1,4,a303d1ea00000014,projected_order_1d,2900,29,,2c40e58dcded5c81,7700,8100
1,4,a303d1ea00000014,projected_order_1d,3000,30,,b1c93f8cfb523715,8200,8500
1,4,a303d1ea00000014,projected_order_1d,3100,31,,573a4fa053b661b1,7200,8000
1,4,a303d1ea00000014,projected_order_1d,3200,32,,5e75a089e966f351,8300,10400
1,4,a303d1ea00000014,projected_order_1d,3300,33,,c7e18c1ac7ed9d01,7400,12000
1,4,a303d1ea00000014,projected_order_1d,3400,34,,eca166aa8ab435cd,7400,8900
1,4,a303d1ea00000014,projected_order_1d,3500,35,,3608a10bf39a3611,7300,8300
1,4,a303d1ea00000014,projected_order_1d,3600,36,,f43bc6feb9899475,7600,8400
1,4,a303d1ea00000014,projected_order_1d,3700,37,,33f547c009136e95,7300,8300
1,4,a303d1ea00000014,projected_order_1d,3800,38,,987742914ef6c12d,8200,10900
1,4,a303d1ea00000014,projected_order_1d,3900,39,,9f39d4ac295df551,7500,8900
1,4,a303d1ea00000014,projected_order_1d,4000,40,,5b71b01887514059,8200,11600
1,4,a303d1ea00000014,projected_order_1d,4100,41,,8051d3f44efbc1c1,7300,8100
1,4,a303d1ea00000014,hash_placebo,0,0,7,6dc24e9a85dcc575,0,4400
2,0,a303d1ea00000015,projected_order_1d,0,0,,1517dd3f4d4eccb1,7200,8100
2,0,a303d1ea00000015,projected_order_1d,100,1,,d7dd8380b08dbbbd,8100,11200
2,0,a303d1ea00000015,projected_order_1d,200,2,,893605b2726b32c5,7700,10900
2,0,a303d1ea00000015,projected_order_1d,300,3,,f6e634266335b6f5,7500,11900
2,0,a303d1ea00000015,projected_order_1d,400,4,,5f7ef1452b16b7f5,8400,12400
2,0,a303d1ea00000015,projected_order_1d,500,5,,17b06ed8572f42fd,7900,11400
2,0,a303d1ea00000015,projected_order_1d,600,6,,ee062a209de0df21,7400,8600
2,0,a303d1ea00000015,projected_order_1d,700,7,,5ddb1694b656b3ad,7300,8300
2,0,a303d1ea00000015,projected_order_1d,800,8,,5b2dd7576b85cee9,7500,8200
2,0,a303d1ea00000015,projected_order_1d,900,9,,778d6e0c02d2f065,7600,7700
2,0,a303d1ea00000015,projected_order_1d,1000,10,,80172478d38bf609,7400,8200
2,0,a303d1ea00000015,projected_order_1d,1100,11,,195ff9b21ed35fa1,8700,10600
2,0,a303d1ea00000015,projected_order_1d,1200,12,,7f1163be83a35051,8100,11000
2,0,a303d1ea00000015,projected_order_1d,1300,13,,a90d54b755119c35,7300,7900
2,0,a303d1ea00000015,projected_order_1d,1400,14,,cd40e0637d978b15,8800,11600
2,0,a303d1ea00000015,projected_order_1d,1500,15,,8907ce61cfa5f9f5,7400,8000
2,0,a303d1ea00000015,projected_order_1d,1600,16,,7023ae0641b9b265,8500,10800
2,0,a303d1ea00000015,projected_order_1d,1700,17,,1f130c40bb0dcdb1,7300,7700
2,0,a303d1ea00000015,projected_order_1d,1800,18,,436787c73b36e24d,7700,8400
2,0,a303d1ea00000015,projected_order_1d,1900,19,,9dc856aa84091f15,7400,7800
2,0,a303d1ea00000015,projected_order_1d,2000,20,,fd5691eff9ee16f5,7300,7700
2,0,a303d1ea00000015,projected_order_1d,2100,21,,d2a327599d0b0c4d,7500,8200
2,0,a303d1ea00000015,projected_order_1d,2200,22,,ac4760b65fa8b1a5,7300,8000
2,0,a303d1ea00000015,projected_order_1d,2300,23,,ebbf5037a2561459,7400,7600
2,0,a303d1ea00000015,projected_order_1d,2400,24,,10ae599192b1f429,7100,8500
2,0,a303d1ea00000015,projected_order_1d,2500,25,,a51ce77db3de50d5,7200,10900
2,0,a303d1ea00000015,projected_order_1d,2600,26,,9ec5d7e6984f5375,8600,11600
2,0,a303d1ea00000015,projected_order_1d,2700,27,,14e0d8a27bd216b1,8400,11300
2,0,a303d1ea00000015,projected_order_1d,2800,28,,349ba10900b438a1,7400,8200
2,0,a303d1ea00000015,projected_order_1d,2900,29,,bf55f6a9bfb00569,8100,10900
2,0,a303d1ea00000015,projected_order_1d,3000,30,,0bd8f1455b33a9f1,7600,7900
2,0,a303d1ea00000015,projected_order_1d,3100,31,,a9972a83d272a2e9,7500,8000
2,0,a303d1ea00000015,projected_order_1d,3200,32,,e20c88a4481d71e5,8300,11700
2,0,a303d1ea00000015,projected_order_1d,3300,33,,bfe36f35fdaa686d,8200,11600
2,0,a303d1ea00000015,projected_order_1d,3400,34,,4feb0d4d9b9740dd,7500,8300
2,0,a303d1ea00000015,projected_order_1d,3500,35,,edbaadc858b17779,7700,8100
2,0,a303d1ea00000015,projected_order_1d,3600,36,,f215b318e76a1781,7700,8200
2,0,a303d1ea00000015,projected_order_1d,3700,37,,44f0d2eea49d8235,7400,8200
2,0,a303d1ea00000015,projected_order_1d,3800,38,,3e4a12aced292f81,7700,8100
2,0,a303d1ea00000015,projected_order_1d,3900,39,,05e89e206063beb1,7800,8000
2,0,a303d1ea00000015,projected_order_1d,4000,40,,bde2a59de465ca65,7500,7800
2,0,a303d1ea00000015,projected_order_1d,4100,41,,1e78cfc9ea6f4ae9,7300,7700
2,0,a303d1ea00000015,hash_placebo,0,0,6,136f7bc9ccab051d,0,4500
2,0,a303d1ea00000016,projected_order_1d,0,0,,1517dd3f4d4eccb1,7200,8000
2,0,a303d1ea00000016,projected_order_1d,100,1,,8a5f9cb88c47ce35,7600,7900
2,0,a303d1ea00000016,projected_order_1d,200,2,,a8735ca7c6f19bc9,8300,11600
2,0,a303d1ea00000016,projected_order_1d,300,3,,555f16835da7090d,7500,7900
2,0,a303d1ea00000016,projected_order_1d,400,4,,b5ab7600ae6908b5,7200,7900
2,0,a303d1ea00000016,projected_order_1d,500,5,,a8b4a840ff23a291,7500,8100
2,0,a303d1ea00000016,projected_order_1d,600,6,,a5c0d1e90545b5f5,8200,11900
2,0,a303d1ea00000016,projected_order_1d,700,7,,64427ccde071e70d,7200,7900
2,0,a303d1ea00000016,projected_order_1d,800,8,,ee58d5de9b99d229,8400,12700
2,0,a303d1ea00000016,projected_order_1d,900,9,,d85411f011514a45,7300,7900
2,0,a303d1ea00000016,projected_order_1d,1000,10,,690d8122412f39d5,8600,12800
2,0,a303d1ea00000016,projected_order_1d,1100,11,,ef29bce3bd40cf6d,7400,8100
2,0,a303d1ea00000016,projected_order_1d,1200,12,,9a729395e3bad761,8100,11500
2,0,a303d1ea00000016,projected_order_1d,1300,13,,e24b120bc4d1edb9,7700,8100
2,0,a303d1ea00000016,projected_order_1d,1400,14,,bdeb9f6f6fcff6ed,7600,8000
2,0,a303d1ea00000016,projected_order_1d,1500,15,,5664449e0340b70d,8000,11700
2,0,a303d1ea00000016,projected_order_1d,1600,16,,bee147a40344eb6d,7700,8100
2,0,a303d1ea00000016,projected_order_1d,1700,17,,4ad7d578ae61b09d,7300,7900
2,0,a303d1ea00000016,projected_order_1d,1800,18,,c2ebd38dfc53da75,7300,7700
2,0,a303d1ea00000016,projected_order_1d,1900,19,,2ebdfa2a43f766bd,8200,12200
2,0,a303d1ea00000016,projected_order_1d,2000,20,,fb5e1191008dc0f9,8600,12000
2,0,a303d1ea00000016,projected_order_1d,2100,21,,29c735daf7e292d5,7300,7900
2,0,a303d1ea00000016,projected_order_1d,2200,22,,94ac660223f0be41,7400,8200
2,0,a303d1ea00000016,projected_order_1d,2300,23,,dbb71f5d5736e5dd,7400,7800
2,0,a303d1ea00000016,projected_order_1d,2400,24,,a76139b1e7bb5821,7500,7900
2,0,a303d1ea00000016,projected_order_1d,2500,25,,6ff7cb86f5c45ca5,7300,7900
2,0,a303d1ea00000016,projected_order_1d,2600,26,,334eb418f64c88b9,7300,8100
2,0,a303d1ea00000016,projected_order_1d,2700,27,,5c0ab55ac2bb1415,8600,12500
2,0,a303d1ea00000016,projected_order_1d,2800,28,,8f4c96fbed366335,8200,65300
2,0,a303d1ea00000016,projected_order_1d,2900,29,,8286c831d3ae2a4d,7300,8100
2,0,a303d1ea00000016,projected_order_1d,3000,30,,ba88b05ffb1278d5,8400,11500
2,0,a303d1ea00000016,projected_order_1d,3100,31,,9a0f479675908c99,7500,10500
2,0,a303d1ea00000016,projected_order_1d,3200,32,,6c380518e26bea41,8900,11900
2,0,a303d1ea00000016,projected_order_1d,3300,33,,c879f79475ff457d,7300,8000
2,0,a303d1ea00000016,projected_order_1d,3400,34,,ea074a3ba6f78c65,8400,11600
2,0,a303d1ea00000016,projected_order_1d,3500,35,,941e6b32cb84e84d,8400,11800
2,0,a303d1ea00000016,projected_order_1d,3600,36,,64479a3cea013df1,7400,8100
2,0,a303d1ea00000016,projected_order_1d,3700,37,,8ba6ffbf111ff465,7300,8000
2,0,a303d1ea00000016,projected_order_1d,3800,38,,5197e01fdfde7071,8000,12400
2,0,a303d1ea00000016,projected_order_1d,3900,39,,e76ca668f141fdad,8400,12700
2,0,a303d1ea00000016,projected_order_1d,4000,40,,dbd005ae429c76b9,7400,8600
2,0,a303d1ea00000016,projected_order_1d,4100,41,,4577d0e63d420665,7300,8100
2,0,a303d1ea00000016,hash_placebo,0,0,2,8ec04bf49bf34a6d,0,3900
2,1,a303d1ea00000017,projected_order_1d,0,0,,72725b39c2487c71,7400,8000
2,1,a303d1ea00000017,projected_order_1d,100,1,,3db743b5e2ada729,8500,12200
2,1,a303d1ea00000017,projected_order_1d,200,2,,63362c9ea537fa45,7400,7900
2,1,a303d1ea00000017,projected_order_1d,300,3,,50dc2fcbe0f993d5,7400,8300
2,1,a303d1ea00000017,projected_order_1d,400,4,,ae15129b2c1d3041,7500,8600
2,1,a303d1ea00000017,projected_order_1d,500,5,,13039e4e21ad8271,7500,8500
2,1,a303d1ea00000017,projected_order_1d,600,6,,071cf624aefc42c9,13100,8100
2,1,a303d1ea00000017,projected_order_1d,700,7,,f017f240cf632d65,7500,7500
2,1,a303d1ea00000017,projected_order_1d,800,8,,59189d50c85ffcf9,9000,11200
2,1,a303d1ea00000017,projected_order_1d,900,9,,e98d3900f223f07d,7900,10100
2,1,a303d1ea00000017,projected_order_1d,1000,10,,ef83c1bba4af3399,7400,8200
2,1,a303d1ea00000017,projected_order_1d,1100,11,,a1605595369378d1,8500,12100
2,1,a303d1ea00000017,projected_order_1d,1200,12,,f223a9a901703d29,7300,7600
2,1,a303d1ea00000017,projected_order_1d,1300,13,,fda513e444667755,7400,8300
2,1,a303d1ea00000017,projected_order_1d,1400,14,,48a51096fb5ba9d9,7300,8100
2,1,a303d1ea00000017,projected_order_1d,1500,15,,eefa3d14c68c8b91,7300,7700
2,1,a303d1ea00000017,projected_order_1d,1600,16,,fcb93a060e4e47dd,7300,7500
2,1,a303d1ea00000017,projected_order_1d,1700,17,,9325ec6b45dacad5,8400,12600
2,1,a303d1ea00000017,projected_order_1d,1800,18,,5e13f091b8034721,7500,8100
2,1,a303d1ea00000017,projected_order_1d,1900,19,,9a67da1d9df542b5,8200,11600
2,1,a303d1ea00000017,projected_order_1d,2000,20,,ad95d04c4481259d,7600,8100
2,1,a303d1ea00000017,projected_order_1d,2100,21,,08f81702f81f31b5,7200,8000
2,1,a303d1ea00000017,projected_order_1d,2200,22,,f65a82310592740d,7500,7800
2,1,a303d1ea00000017,projected_order_1d,2300,23,,d783eea8cf4a71bd,8200,8000
2,1,a303d1ea00000017,projected_order_1d,2400,24,,5e4fd3cc19047b79,7400,8000
2,1,a303d1ea00000017,projected_order_1d,2500,25,,aded24d32371256d,7300,7500
2,1,a303d1ea00000017,projected_order_1d,2600,26,,653551343d52fc55,7400,8200
2,1,a303d1ea00000017,projected_order_1d,2700,27,,4c8a1513b0ae006d,7400,8300
2,1,a303d1ea00000017,projected_order_1d,2800,28,,c268f112ff213c95,7600,8700
2,1,a303d1ea00000017,projected_order_1d,2900,29,,cf6230de503cd551,7400,7500
2,1,a303d1ea00000017,projected_order_1d,3000,30,,0553b54261d08569,7600,7700
2,1,a303d1ea00000017,projected_order_1d,3100,31,,7967ca2286f587d5,7300,8300
2,1,a303d1ea00000017,projected_order_1d,3200,32,,c3dcc5bb597d54b1,7200,7900
2,1,a303d1ea00000017,projected_order_1d,3300,33,,5339d5d4bc6a227d,8400,12100
2,1,a303d1ea00000017,projected_order_1d,3400,34,,be37bf105102b4c5,8200,11800
2,1,a303d1ea00000017,projected_order_1d,3500,35,,8ea389123a2e3f29,7800,8100
2,1,a303d1ea00000017,projected_order_1d,3600,36,,1ef1cf65893ec041,8200,12100
2,1,a303d1ea00000017,projected_order_1d,3700,37,,87ef90eed80e7f71,7600,8200
2,1,a303d1ea00000017,projected_order_1d,3800,38,,6cfb17a08e0b8235,7400,8100
2,1,a303d1ea00000017,projected_order_1d,3900,39,,db58921ab7c23bb1,8300,11800
2,1,a303d1ea00000017,projected_order_1d,4000,40,,dc5b656cf69ed335,7400,8400
2,1,a303d1ea00000017,projected_order_1d,4100,41,,3459ff181c5eb1d9,7200,8400
2,1,a303d1ea00000017,hash_placebo,0,0,1,08d2d3f44d694801,0,4500
2,1,a303d1ea00000018,projected_order_1d,0,0,,72725b39c2487c71,7200,8000
2,1,a303d1ea00000018,projected_order_1d,100,1,,091aea5ccf4dc3d5,8100,11600
2,1,a303d1ea00000018,projected_order_1d,200,2,,61eccb77ae55c511,7500,7800
2,1,a303d1ea00000018,projected_order_1d,300,3,,20c2c4c3823204d1,8500,10800
2,1,a303d1ea00000018,projected_order_1d,400,4,,3f288343737b0a95,7300,8200
2,1,a303d1ea00000018,projected_order_1d,500,5,,6bf2ec679b573a8d,7300,8300
2,1,a303d1ea00000018,projected_order_1d,600,6,,edb2b110098cc021,7300,7800
2,1,a303d1ea00000018,projected_order_1d,700,7,,b07436ea8ee7d7c1,7300,8000
2,1,a303d1ea00000018,projected_order_1d,800,8,,bc280da0043de009,7300,7900
2,1,a303d1ea00000018,projected_order_1d,900,9,,4d201982b386cef1,8600,11800
2,1,a303d1ea00000018,projected_order_1d,1000,10,,f17ba4765a890191,7400,7900
2,1,a303d1ea00000018,projected_order_1d,1100,11,,4831acfb3ccf7d5d,8300,11000
2,1,a303d1ea00000018,projected_order_1d,1200,12,,ab85c2febec628e9,8100,10900
2,1,a303d1ea00000018,projected_order_1d,1300,13,,982c1686953a3a29,7200,8000
2,1,a303d1ea00000018,projected_order_1d,1400,14,,5934348dd7dbe2b5,8300,11700
2,1,a303d1ea00000018,projected_order_1d,1500,15,,c4979c6fe8357861,8600,11300
2,1,a303d1ea00000018,projected_order_1d,1600,16,,da6cc172bfc93909,8200,12000
2,1,a303d1ea00000018,projected_order_1d,1700,17,,d9c074b92b3f3b45,7300,8000
2,1,a303d1ea00000018,projected_order_1d,1800,18,,8592386a56892a29,7300,9100
2,1,a303d1ea00000018,projected_order_1d,1900,19,,59a4923e38ac63ad,7200,7400
2,1,a303d1ea00000018,projected_order_1d,2000,20,,05bdf822eae49125,7200,7500
2,1,a303d1ea00000018,projected_order_1d,2100,21,,ff55279ca96541bd,7100,7600
2,1,a303d1ea00000018,projected_order_1d,2200,22,,04a5c5eb8dc91e51,7500,7500
2,1,a303d1ea00000018,projected_order_1d,2300,23,,92dabfc724808011,7300,8100
2,1,a303d1ea00000018,projected_order_1d,2400,24,,0ee9a95cd7a23509,8500,12300
2,1,a303d1ea00000018,projected_order_1d,2500,25,,8b1e55928bf9d6d1,7400,8300
2,1,a303d1ea00000018,projected_order_1d,2600,26,,96a919edce07da41,7300,7900
2,1,a303d1ea00000018,projected_order_1d,2700,27,,042968d31b6d2049,7400,8500
2,1,a303d1ea00000018,projected_order_1d,2800,28,,1a30555f65d4c441,13300,8000
2,1,a303d1ea00000018,projected_order_1d,2900,29,,5870ab99bb0ddd21,8200,12300
2,1,a303d1ea00000018,projected_order_1d,3000,30,,c849fd7fff1ac861,7500,8200
2,1,a303d1ea00000018,projected_order_1d,3100,31,,3b00111b4fda902d,7400,8800
2,1,a303d1ea00000018,projected_order_1d,3200,32,,a8561c4c8b2f01e1,7000,8000
2,1,a303d1ea00000018,projected_order_1d,3300,33,,117f70b826eafebd,7400,7800
2,1,a303d1ea00000018,projected_order_1d,3400,34,,b1e0c52378c99325,7300,8000
2,1,a303d1ea00000018,projected_order_1d,3500,35,,a32a1ffdad6a959d,7800,10400
2,1,a303d1ea00000018,projected_order_1d,3600,36,,124ff3ccf384bb95,7300,8200
2,1,a303d1ea00000018,projected_order_1d,3700,37,,3bde89a11c1793fd,7300,7800
2,1,a303d1ea00000018,projected_order_1d,3800,38,,d26df5b312f17885,7200,7400
2,1,a303d1ea00000018,projected_order_1d,3900,39,,35f5e81d811ff485,8200,11200
2,1,a303d1ea00000018,projected_order_1d,4000,40,,4401bcb01e724589,7300,8300
2,1,a303d1ea00000018,projected_order_1d,4100,41,,bff99313119617e1,7500,8400
2,1,a303d1ea00000018,hash_placebo,0,0,5,e19b80df552ce8f9,0,4300
2,2,a303d1ea00000019,projected_order_1d,0,0,,8383d2854c219f41,7600,8000
2,2,a303d1ea00000019,projected_order_1d,100,1,,9637643a509d4675,7300,8000
2,2,a303d1ea00000019,projected_order_1d,200,2,,7c1e979a1afc0f95,8200,11600
2,2,a303d1ea00000019,projected_order_1d,300,3,,576ccfa82ee80c51,7500,7900
2,2,a303d1ea00000019,projected_order_1d,400,4,,88ff3ec3111301b1,7300,8000
2,2,a303d1ea00000019,projected_order_1d,500,5,,12f703efd194cb1d,7200,7900
2,2,a303d1ea00000019,projected_order_1d,600,6,,c617d1810c323939,7400,8000
2,2,a303d1ea00000019,projected_order_1d,700,7,,62b25e19cc475b29,7400,7900
2,2,a303d1ea00000019,projected_order_1d,800,8,,0ec0df2ad4e8adf5,7500,8100
2,2,a303d1ea00000019,projected_order_1d,900,9,,f6c8521d22cdf001,7300,8000
2,2,a303d1ea00000019,projected_order_1d,1000,10,,17ba53cead8247e9,8700,11200
2,2,a303d1ea00000019,projected_order_1d,1100,11,,161514ff9d7a2715,7600,8300
2,2,a303d1ea00000019,projected_order_1d,1200,12,,910aac3c02091e91,7700,7900
2,2,a303d1ea00000019,projected_order_1d,1300,13,,aad0f602f84c8ad5,7300,7600
2,2,a303d1ea00000019,projected_order_1d,1400,14,,4dfcaa4bce34491d,7200,7500
2,2,a303d1ea00000019,projected_order_1d,1500,15,,ec5df754bb1adbf1,7300,8100
2,2,a303d1ea00000019,projected_order_1d,1600,16,,e2898766a7cbdaf9,7300,8100
2,2,a303d1ea00000019,projected_order_1d,1700,17,,47f14beec849f4c9,8000,11100
2,2,a303d1ea00000019,projected_order_1d,1800,18,,4c4eb2172417cdd5,7300,7800
2,2,a303d1ea00000019,projected_order_1d,1900,19,,8e93e0f2bd2018c9,10900,10800
2,2,a303d1ea00000019,projected_order_1d,2000,20,,67367cab0c1e1105,8000,13100
2,2,a303d1ea00000019,projected_order_1d,2100,21,,f8883f22f30a5319,8100,10500
2,2,a303d1ea00000019,projected_order_1d,2200,22,,f542e81d9d1be38d,8100,12100
2,2,a303d1ea00000019,projected_order_1d,2300,23,,e9b98ac512a62f21,7900,11600
2,2,a303d1ea00000019,projected_order_1d,2400,24,,fbc51964df186bb1,7500,8400
2,2,a303d1ea00000019,projected_order_1d,2500,25,,d8a242750aecf2d5,7400,8500
2,2,a303d1ea00000019,projected_order_1d,2600,26,,b98cc6eabe23a985,7200,7500
2,2,a303d1ea00000019,projected_order_1d,2700,27,,7441faf053ba4cbd,7000,7800
2,2,a303d1ea00000019,projected_order_1d,2800,28,,32c44c51fb49d641,8000,11600
2,2,a303d1ea00000019,projected_order_1d,2900,29,,566566cdc417f6d9,7400,8100
2,2,a303d1ea00000019,projected_order_1d,3000,30,,bce41a6bd89a3315,7300,8200
2,2,a303d1ea00000019,projected_order_1d,3100,31,,334d425936572211,7800,8300
2,2,a303d1ea00000019,projected_order_1d,3200,32,,6d51c81cf298d195,7300,8300
2,2,a303d1ea00000019,projected_order_1d,3300,33,,43af0b0835426b7d,8300,11800
2,2,a303d1ea00000019,projected_order_1d,3400,34,,4b687c89b43cc5d9,7400,8200
2,2,a303d1ea00000019,projected_order_1d,3500,35,,11d442e884adab35,7400,8500
2,2,a303d1ea00000019,projected_order_1d,3600,36,,837f41b2c84e56c9,7300,8200
2,2,a303d1ea00000019,projected_order_1d,3700,37,,ec98c9b9938cdb65,7500,8500
2,2,a303d1ea00000019,projected_order_1d,3800,38,,c97e9027bfbdf029,7500,8200
2,2,a303d1ea00000019,projected_order_1d,3900,39,,7bc2240a1ceca849,8000,10000
2,2,a303d1ea00000019,projected_order_1d,4000,40,,53ebbef31cd3a18d,7100,7700
2,2,a303d1ea00000019,projected_order_1d,4100,41,,c7a5fd0df6eff85d,7700,8100
2,2,a303d1ea00000019,hash_placebo,0,0,4,20c93c293c11f9f1,0,4300
2,2,a303d1ea0000001a,projected_order_1d,0,0,,8383d2854c219f41,8300,11600
2,2,a303d1ea0000001a,projected_order_1d,100,1,,c50b8e8fe63395f9,8500,11800
2,2,a303d1ea0000001a,projected_order_1d,200,2,,8a8389cedc51bd39,11800,11900
2,2,a303d1ea0000001a,projected_order_1d,300,3,,3a4ee784897ab0b9,7300,8000
2,2,a303d1ea0000001a,projected_order_1d,400,4,,c8accc9bc82ed981,8200,11300
2,2,a303d1ea0000001a,projected_order_1d,500,5,,b3626197418f94b1,7800,8200
2,2,a303d1ea0000001a,projected_order_1d,600,6,,e13df1ed030b5861,8300,12200
2,2,a303d1ea0000001a,projected_order_1d,700,7,,cecfa88b176da56d,7400,8000
2,2,a303d1ea0000001a,projected_order_1d,800,8,,bb4c9ab67cc90cc9,7500,8000
2,2,a303d1ea0000001a,projected_order_1d,900,9,,a8da8529ed45295d,7200,7500
2,2,a303d1ea0000001a,projected_order_1d,1000,10,,056d6de14e6f8e0d,8300,12800
2,2,a303d1ea0000001a,projected_order_1d,1100,11,,91eea71b187c7275,7300,8100
2,2,a303d1ea0000001a,projected_order_1d,1200,12,,71b9870084d0a7b9,8300,12200
2,2,a303d1ea0000001a,projected_order_1d,1300,13,,0dd2672cc83db6ad,7400,8000
2,2,a303d1ea0000001a,projected_order_1d,1400,14,,6d20d4d61498d039,7700,8200
2,2,a303d1ea0000001a,projected_order_1d,1500,15,,e90437052b10e165,8100,11800
2,2,a303d1ea0000001a,projected_order_1d,1600,16,,1ec98454efe01825,7300,8300
2,2,a303d1ea0000001a,projected_order_1d,1700,17,,e04e49143dfe02ad,7200,8200
2,2,a303d1ea0000001a,projected_order_1d,1800,18,,6f31e3a614b89859,7900,7700
2,2,a303d1ea0000001a,projected_order_1d,1900,19,,62ab4219dbddf621,8200,11100
2,2,a303d1ea0000001a,projected_order_1d,2000,20,,cc4fe5f40c2f7679,8100,9700
2,2,a303d1ea0000001a,projected_order_1d,2100,21,,7ce6a33baa290031,7800,8300
2,2,a303d1ea0000001a,projected_order_1d,2200,22,,7471f827143d0b71,7600,7700
2,2,a303d1ea0000001a,projected_order_1d,2300,23,,39e0d87b8efe3f49,7600,7900
2,2,a303d1ea0000001a,projected_order_1d,2400,24,,70d466fed8a62c9d,7500,8400
2,2,a303d1ea0000001a,projected_order_1d,2500,25,,c896076a0f005681,7300,7900
2,2,a303d1ea0000001a,projected_order_1d,2600,26,,c2c1acaa927bef25,7800,8000
2,2,a303d1ea0000001a,projected_order_1d,2700,27,,ece7e1feeaa49e79,8300,12000
2,2,a303d1ea0000001a,projected_order_1d,2800,28,,db5aa6be21d1071d,7600,8100
2,2,a303d1ea0000001a,projected_order_1d,2900,29,,1140e7c32c876ab1,7400,8100
2,2,a303d1ea0000001a,projected_order_1d,3000,30,,fda570f2b103d371,7700,8100
2,2,a303d1ea0000001a,projected_order_1d,3100,31,,d09a001e46c80cdd,7300,8000
2,2,a303d1ea0000001a,projected_order_1d,3200,32,,5319feaccde28f45,7100,7500
2,2,a303d1ea0000001a,projected_order_1d,3300,33,,ec1af5f431246109,7300,7800
2,2,a303d1ea0000001a,projected_order_1d,3400,34,,dcec74b5cddd4491,7300,15900
2,2,a303d1ea0000001a,projected_order_1d,3500,35,,ca2444b54ae35de1,7300,8400
2,2,a303d1ea0000001a,projected_order_1d,3600,36,,5749d7a08d4f1e69,7900,10400
2,2,a303d1ea0000001a,projected_order_1d,3700,37,,c20d0294a652d22d,7200,7800
2,2,a303d1ea0000001a,projected_order_1d,3800,38,,301ab7ec3484ac7d,7300,7700
2,2,a303d1ea0000001a,projected_order_1d,3900,39,,c693425b66921a8d,7200,8300
2,2,a303d1ea0000001a,projected_order_1d,4000,40,,5ffe6a7b069a9b39,8000,10100
2,2,a303d1ea0000001a,projected_order_1d,4100,41,,0abf981e96e814e1,7300,7900
2,2,a303d1ea0000001a,hash_placebo,0,0,0,800d700550ef4109,0,4000
2,3,a303d1ea0000001b,projected_order_1d,0,0,,35e108604b1a463d,7300,7700
2,3,a303d1ea0000001b,projected_order_1d,100,1,,6ec8f8a52b7ced89,7200,8200
2,3,a303d1ea0000001b,projected_order_1d,200,2,,f120b8a329a86555,7500,8000
2,3,a303d1ea0000001b,projected_order_1d,300,3,,6e4a73e250aa8761,7300,7800
2,3,a303d1ea0000001b,projected_order_1d,400,4,,665e4be359e655ed,8300,12400
2,3,a303d1ea0000001b,projected_order_1d,500,5,,eb6a9d6dda0f8489,7300,8200
2,3,a303d1ea0000001b,projected_order_1d,600,6,,b05e92f0db822df1,7300,7800
2,3,a303d1ea0000001b,projected_order_1d,700,7,,c095ff8cb0778671,7600,8900
2,3,a303d1ea0000001b,projected_order_1d,800,8,,ba7f3f892770e4b1,7400,7600
2,3,a303d1ea0000001b,projected_order_1d,900,9,,6359bab9ff366ced,7100,8000
2,3,a303d1ea0000001b,projected_order_1d,1000,10,,556660090b4f7d0d,8300,12000
2,3,a303d1ea0000001b,projected_order_1d,1100,11,,2ec08d23a5b5607d,7400,8000
2,3,a303d1ea0000001b,projected_order_1d,1200,12,,6aad40f79932e2f9,7300,8300
2,3,a303d1ea0000001b,projected_order_1d,1300,13,,ed446debb08d1b6d,7300,8000
2,3,a303d1ea0000001b,projected_order_1d,1400,14,,6c2a4e1b45a215b5,7200,8400
2,3,a303d1ea0000001b,projected_order_1d,1500,15,,04e6b2ea37eb4019,7200,8200
2,3,a303d1ea0000001b,projected_order_1d,1600,16,,1372aeb861690c85,8200,11100
2,3,a303d1ea0000001b,projected_order_1d,1700,17,,a60b2bcb95b6bdf9,7300,8600
2,3,a303d1ea0000001b,projected_order_1d,1800,18,,6b49f2304c2cdfa5,7400,7900
2,3,a303d1ea0000001b,projected_order_1d,1900,19,,87da6486d7c3b1c9,7700,8200
2,3,a303d1ea0000001b,projected_order_1d,2000,20,,ce52a916286ac675,7300,7600
2,3,a303d1ea0000001b,projected_order_1d,2100,21,,5b6ea9d599a5236d,7700,8200
2,3,a303d1ea0000001b,projected_order_1d,2200,22,,40354ee8de54edc9,8500,10900
2,3,a303d1ea0000001b,projected_order_1d,2300,23,,4f9cc21a681f3855,7400,8500
2,3,a303d1ea0000001b,projected_order_1d,2400,24,,7ebeb638a763ac49,7200,7500
2,3,a303d1ea0000001b,projected_order_1d,2500,25,,f66366c31d5a3761,7400,8200
2,3,a303d1ea0000001b,projected_order_1d,2600,26,,74a6faaa04525b2d,7000,8100
2,3,a303d1ea0000001b,projected_order_1d,2700,27,,b507001760c6fd61,7200,7800
2,3,a303d1ea0000001b,projected_order_1d,2800,28,,07466a3ce5208ee1,7100,7900
2,3,a303d1ea0000001b,projected_order_1d,2900,29,,3a3a0fe1bdcc2ed5,7100,8500
2,3,a303d1ea0000001b,projected_order_1d,3000,30,,f78b9166050138b5,8000,11100
2,3,a303d1ea0000001b,projected_order_1d,3100,31,,fe717ef07e99a115,7600,8100
2,3,a303d1ea0000001b,projected_order_1d,3200,32,,9a5de44a8bc7766d,8100,12300
2,3,a303d1ea0000001b,projected_order_1d,3300,33,,bb4604788838a2b5,8200,10800
2,3,a303d1ea0000001b,projected_order_1d,3400,34,,cd18b3eaa4469c81,7400,8200
2,3,a303d1ea0000001b,projected_order_1d,3500,35,,1253d59a18da070d,7200,8300
2,3,a303d1ea0000001b,projected_order_1d,3600,36,,ee8066bf9eda910d,8000,20500
2,3,a303d1ea0000001b,projected_order_1d,3700,37,,8460330cb0d77a6d,7100,8700
2,3,a303d1ea0000001b,projected_order_1d,3800,38,,3476cbead48828fd,7500,9700
2,3,a303d1ea0000001b,projected_order_1d,3900,39,,8527ebdceb71f3a9,7200,8100
2,3,a303d1ea0000001b,projected_order_1d,4000,40,,c873e04b3993d6d5,7200,8100
2,3,a303d1ea0000001b,projected_order_1d,4100,41,,ab6598834dc9cfc1,7600,8300
2,3,a303d1ea0000001b,hash_placebo,0,0,7,6dc24e9a85dcc575,0,4200
2,3,a303d1ea0000001c,projected_order_1d,0,0,,35e108604b1a463d,7400,8000
2,3,a303d1ea0000001c,projected_order_1d,100,1,,5231f23350b3407d,7200,7700
2,3,a303d1ea0000001c,projected_order_1d,200,2,,cb0fb63fbec886fd,7300,8200
2,3,a303d1ea0000001c,projected_order_1d,300,3,,6ead97ebb126c871,7500,7700
2,3,a303d1ea0000001c,projected_order_1d,400,4,,80da5179095a6c59,8400,12400
2,3,a303d1ea0000001c,projected_order_1d,500,5,,620cf9e7a154cb05,8200,12400
2,3,a303d1ea0000001c,projected_order_1d,600,6,,fb1f5e47798d403d,8200,12300
2,3,a303d1ea0000001c,projected_order_1d,700,7,,10561d18d7d7bfe9,8300,12400
2,3,a303d1ea0000001c,projected_order_1d,800,8,,4aeccd81a480c95d,8500,11200
2,3,a303d1ea0000001c,projected_order_1d,900,9,,79522e6c753623fd,8400,11600
2,3,a303d1ea0000001c,projected_order_1d,1000,10,,cf51e26b516f366d,8400,11500
2,3,a303d1ea0000001c,projected_order_1d,1100,11,,107befe1bf34e3a1,7200,8200
2,3,a303d1ea0000001c,projected_order_1d,1200,12,,6fb53ca47fdf2721,8000,11200
2,3,a303d1ea0000001c,projected_order_1d,1300,13,,181b11e9b8a026e5,8600,12100
2,3,a303d1ea0000001c,projected_order_1d,1400,14,,bf3deb3df86eb049,7600,8000
2,3,a303d1ea0000001c,projected_order_1d,1500,15,,d2f91cba7b9b0901,7300,7800
2,3,a303d1ea0000001c,projected_order_1d,1600,16,,ceb71015ec3ace6d,8700,11500
2,3,a303d1ea0000001c,projected_order_1d,1700,17,,28289b18b07b7d71,7300,11500
2,3,a303d1ea0000001c,projected_order_1d,1800,18,,7c0a96494bc5c5d1,7200,8100
2,3,a303d1ea0000001c,projected_order_1d,1900,19,,73d71769a452bb55,7300,8100
2,3,a303d1ea0000001c,projected_order_1d,2000,20,,106ed87bb7c39659,7200,8200
2,3,a303d1ea0000001c,projected_order_1d,2100,21,,9693b55034b95369,7300,7700
2,3,a303d1ea0000001c,projected_order_1d,2200,22,,3a8699d78e0d0251,7800,8200
2,3,a303d1ea0000001c,projected_order_1d,2300,23,,7de4d0369d6489d9,7300,8300
2,3,a303d1ea0000001c,projected_order_1d,2400,24,,f082f6299e6b8791,7900,8100
2,3,a303d1ea0000001c,projected_order_1d,2500,25,,d00b3fabaa614f11,7200,8000
2,3,a303d1ea0000001c,projected_order_1d,2600,26,,84195dde045b3f9d,8200,11400
2,3,a303d1ea0000001c,projected_order_1d,2700,27,,b2470eabeb530e69,7300,8200
2,3,a303d1ea0000001c,projected_order_1d,2800,28,,792324b320d10c21,7300,8100
2,3,a303d1ea0000001c,projected_order_1d,2900,29,,b5d68c73767a3205,7200,7900
2,3,a303d1ea0000001c,projected_order_1d,3000,30,,42da977628dc6e01,101600,12400
2,3,a303d1ea0000001c,projected_order_1d,3100,31,,9d0db93fe0ef3d35,7500,8000
2,3,a303d1ea0000001c,projected_order_1d,3200,32,,5f015be88d01cfb9,8400,8500
2,3,a303d1ea0000001c,projected_order_1d,3300,33,,b598f2a1aebd4f35,7200,8100
2,3,a303d1ea0000001c,projected_order_1d,3400,34,,de1b6298382dd8d1,7100,8200
2,3,a303d1ea0000001c,projected_order_1d,3500,35,,43b4f7c7520670a5,7200,7700
2,3,a303d1ea0000001c,projected_order_1d,3600,36,,b0959cd2ea4a35d9,7300,7800
2,3,a303d1ea0000001c,projected_order_1d,3700,37,,8423667a2db8b09d,7200,7200
2,3,a303d1ea0000001c,projected_order_1d,3800,38,,9ee1158d9a2bc2b5,8500,11800
2,3,a303d1ea0000001c,projected_order_1d,3900,39,,413dfb5d500bfdd1,7200,8400
2,3,a303d1ea0000001c,projected_order_1d,4000,40,,186ed1da455c28c9,8300,11800
2,3,a303d1ea0000001c,projected_order_1d,4100,41,,9d9ad46c41fc1d19,7300,8000
2,3,a303d1ea0000001c,hash_placebo,0,0,3,8e228c41c267e92d,0,5000
2,4,a303d1ea0000001d,projected_order_1d,0,0,,285260ca9f63d15d,7400,8100
2,4,a303d1ea0000001d,projected_order_1d,100,1,,c9469147c8fb32e1,7100,8000
2,4,a303d1ea0000001d,projected_order_1d,200,2,,76f04af1f260bddd,7400,8500
2,4,a303d1ea0000001d,projected_order_1d,300,3,,24c87f9c9a76013d,8500,11600
2,4,a303d1ea0000001d,projected_order_1d,400,4,,c666d72c6d32ea39,7300,7800
2,4,a303d1ea0000001d,projected_order_1d,500,5,,6671fe8ff71aaa55,8200,11400
2,4,a303d1ea0000001d,projected_order_1d,600,6,,0516a5ab3e67de91,7400,8200
2,4,a303d1ea0000001d,projected_order_1d,700,7,,285fed0335035515,7200,7600
2,4,a303d1ea0000001d,projected_order_1d,800,8,,c957b1d5cdb2c611,7200,8000
2,4,a303d1ea0000001d,projected_order_1d,900,9,,0386fc8054512925,8200,10800
2,4,a303d1ea0000001d,projected_order_1d,1000,10,,c5e4e114bce5714d,7300,8300
2,4,a303d1ea0000001d,projected_order_1d,1100,11,,e640c8484fd54041,7400,8100
2,4,a303d1ea0000001d,projected_order_1d,1200,12,,91aad6250f428061,7400,8200
2,4,a303d1ea0000001d,projected_order_1d,1300,13,,9fe79e6c5c1fad91,7300,7300
2,4,a303d1ea0000001d,projected_order_1d,1400,14,,f30eda075f01ed95,7200,7800
2,4,a303d1ea0000001d,projected_order_1d,1500,15,,d3d6d83f2fd0d6c1,8000,8600
2,4,a303d1ea0000001d,projected_order_1d,1600,16,,7580797b2c162bb1,8100,10700
2,4,a303d1ea0000001d,projected_order_1d,1700,17,,7a9765109d773b89,7400,8200
2,4,a303d1ea0000001d,projected_order_1d,1800,18,,e43f7f88c270e99d,7200,8100
2,4,a303d1ea0000001d,projected_order_1d,1900,19,,09811c56c6576ed5,8200,11000
2,4,a303d1ea0000001d,projected_order_1d,2000,20,,ea0883725aad0211,7300,7800
2,4,a303d1ea0000001d,projected_order_1d,2100,21,,2f939c472da0f1cd,8100,11700
2,4,a303d1ea0000001d,projected_order_1d,2200,22,,23ba24e41fd08701,8000,11700
2,4,a303d1ea0000001d,projected_order_1d,2300,23,,2ba806413a382a45,7700,8600
2,4,a303d1ea0000001d,projected_order_1d,2400,24,,e5b23ab15c21ca05,7100,7900
2,4,a303d1ea0000001d,projected_order_1d,2500,25,,e5225e15dafb4cd1,7200,7700
2,4,a303d1ea0000001d,projected_order_1d,2600,26,,07275cce875220a5,7300,7800
2,4,a303d1ea0000001d,projected_order_1d,2700,27,,073b30f3f1d1d47d,8200,10700
2,4,a303d1ea0000001d,projected_order_1d,2800,28,,f2be2bcaf9220581,8300,8200
2,4,a303d1ea0000001d,projected_order_1d,2900,29,,df6ca25db415c45d,8100,12400
2,4,a303d1ea0000001d,projected_order_1d,3000,30,,ad41bdc5fcd2da9d,7300,8100
2,4,a303d1ea0000001d,projected_order_1d,3100,31,,95370c678abe79d1,7100,7700
2,4,a303d1ea0000001d,projected_order_1d,3200,32,,89620b1562164b79,7400,8200
2,4,a303d1ea0000001d,projected_order_1d,3300,33,,9212ca775a75310d,8500,10800
2,4,a303d1ea0000001d,projected_order_1d,3400,34,,adc970df1865ae85,7400,8000
2,4,a303d1ea0000001d,projected_order_1d,3500,35,,ff40f4d9dcaefbc1,7200,8200
2,4,a303d1ea0000001d,projected_order_1d,3600,36,,d5b76c2fc38f9f59,6900,7900
2,4,a303d1ea0000001d,projected_order_1d,3700,37,,241268579b179c21,8600,12600
2,4,a303d1ea0000001d,projected_order_1d,3800,38,,3ce1896b891d87c9,7600,8100
2,4,a303d1ea0000001d,projected_order_1d,3900,39,,1b2d4a508e01f309,7200,8500
2,4,a303d1ea0000001d,projected_order_1d,4000,40,,24e66c26bb30c571,7100,7800
2,4,a303d1ea0000001d,projected_order_1d,4100,41,,23136f1a5b61d209,7200,8000
2,4,a303d1ea0000001d,hash_placebo,0,0,2,8ec04bf49bf34a6d,0,4100
2,4,a303d1ea0000001e,projected_order_1d,0,0,,285260ca9f63d15d,8600,7800
2,4,a303d1ea0000001e,projected_order_1d,100,1,,e5ba41a6fd2f31f5,7200,7500
2,4,a303d1ea0000001e,projected_order_1d,200,2,,b977b77e11e23661,7400,8500
2,4,a303d1ea0000001e,projected_order_1d,300,3,,0812193729804001,7600,8100
2,4,a303d1ea0000001e,projected_order_1d,400,4,,53623fa946bfd0c1,8100,12700
2,4,a303d1ea0000001e,projected_order_1d,500,5,,d511280f7d12a271,7200,8200
2,4,a303d1ea0000001e,projected_order_1d,600,6,,e9fdfb2fe91467fd,7300,8400
2,4,a303d1ea0000001e,projected_order_1d,700,7,,c719c01c31aa687d,8300,10900
2,4,a303d1ea0000001e,projected_order_1d,800,8,,9dfc45a7d69f64d1,7300,7500
2,4,a303d1ea0000001e,projected_order_1d,900,9,,65533863a28484a1,7100,7800
2,4,a303d1ea0000001e,projected_order_1d,1000,10,,77cba67a5caff72d,7100,7900
2,4,a303d1ea0000001e,projected_order_1d,1100,11,,5480fe8dc84f2acd,7300,8400
2,4,a303d1ea0000001e,projected_order_1d,1200,12,,7e83ab48f7d90645,7400,8300
2,4,a303d1ea0000001e,projected_order_1d,1300,13,,65c4df80be04770d,7200,8200
2,4,a303d1ea0000001e,projected_order_1d,1400,14,,a77ac1d8daad1375,8200,11200
2,4,a303d1ea0000001e,projected_order_1d,1500,15,,906aa62da84780f9,7400,8400
2,4,a303d1ea0000001e,projected_order_1d,1600,16,,e3d0de7a78db5d49,7200,8400
2,4,a303d1ea0000001e,projected_order_1d,1700,17,,86aae81187e51d21,7400,7900
2,4,a303d1ea0000001e,projected_order_1d,1800,18,,4917b03a02bc9365,7500,8500
2,4,a303d1ea0000001e,projected_order_1d,1900,19,,16cc740634fcb40d,8000,10300
2,4,a303d1ea0000001e,projected_order_1d,2000,20,,53144d606d548af1,7500,7900
2,4,a303d1ea0000001e,projected_order_1d,2100,21,,c962eae51e18f9c9,7300,8100
2,4,a303d1ea0000001e,projected_order_1d,2200,22,,df1121408ca2de2d,7100,7700
2,4,a303d1ea0000001e,projected_order_1d,2300,23,,9920500f8092a3b1,7000,8100
2,4,a303d1ea0000001e,projected_order_1d,2400,24,,cc0b6ab6cfa71c7d,7200,8100
2,4,a303d1ea0000001e,projected_order_1d,2500,25,,b0d1bf0b8ebeb429,7200,8000
2,4,a303d1ea0000001e,projected_order_1d,2600,26,,265e4472c8bc6c01,7300,7700
2,4,a303d1ea0000001e,projected_order_1d,2700,27,,8cf1364d0d5368a5,8600,12400
2,4,a303d1ea0000001e,projected_order_1d,2800,28,,4be3c6a089cb5be5,8100,11200
2,4,a303d1ea0000001e,projected_order_1d,2900,29,,820e01742156aa89,7200,8000
2,4,a303d1ea0000001e,projected_order_1d,3000,30,,fefb2ba1ae0e4569,7200,8300
2,4,a303d1ea0000001e,projected_order_1d,3100,31,,48ae226c8d71e1a1,7200,8400
2,4,a303d1ea0000001e,projected_order_1d,3200,32,,5fc4a7cc45babab9,7300,7900
2,4,a303d1ea0000001e,projected_order_1d,3300,33,,90bc43edb050fac5,7700,8700
2,4,a303d1ea0000001e,projected_order_1d,3400,34,,5823994ee3036421,8100,11900
2,4,a303d1ea0000001e,projected_order_1d,3500,35,,1d655a81255f1de9,7400,8800
2,4,a303d1ea0000001e,projected_order_1d,3600,36,,c00619b55aef86a1,7200,8000
2,4,a303d1ea0000001e,projected_order_1d,3700,37,,0a57da3600e0fc9d,7200,7700
2,4,a303d1ea0000001e,projected_order_1d,3800,38,,575c46ccd1f4ab6d,7700,8500
2,4,a303d1ea0000001e,projected_order_1d,3900,39,,c792be6d095f5921,8500,10700
2,4,a303d1ea0000001e,projected_order_1d,4000,40,,1f9e07046061b725,7300,8200
2,4,a303d1ea0000001e,projected_order_1d,4100,41,,97d7a95625b66df1,7200,7900
2,4,a303d1ea0000001e,hash_placebo,0,0,6,136f7bc9ccab051d,0,4200
3,0,a303d1ea0000001f,projected_order_1d,0,0,,5d6ec65e286426d9,7400,8000
3,0,a303d1ea0000001f,projected_order_1d,100,1,,47c0d108175e0fb1,7500,7700
3,0,a303d1ea0000001f,projected_order_1d,200,2,,19e61867ec3c8e39,7400,8500
3,0,a303d1ea0000001f,projected_order_1d,300,3,,062a3f73d940d6b5,7400,8100
3,0,a303d1ea0000001f,projected_order_1d,400,4,,75e46669e88f7a5d,7400,7900
3,0,a303d1ea0000001f,projected_order_1d,500,5,,4d4f33ab8c953fc1,8100,10900
3,0,a303d1ea0000001f,projected_order_1d,600,6,,0cc9dc81e76b9515,7200,7700
3,0,a303d1ea0000001f,projected_order_1d,700,7,,750bed6b5285c695,8400,11900
3,0,a303d1ea0000001f,projected_order_1d,800,8,,79e2306de49ac61d,7300,8100
3,0,a303d1ea0000001f,projected_order_1d,900,9,,77a688a1a68d9811,7200,7600
3,0,a303d1ea0000001f,projected_order_1d,1000,10,,53431de1405ce411,7400,8000
3,0,a303d1ea0000001f,projected_order_1d,1100,11,,befef4e4540f6361,7300,7900
3,0,a303d1ea0000001f,projected_order_1d,1200,12,,b317878dabce50c5,7500,8400
3,0,a303d1ea0000001f,projected_order_1d,1300,13,,517c49bab939442d,7200,7800
3,0,a303d1ea0000001f,projected_order_1d,1400,14,,7b5ecd87e6b0a609,7400,8800
3,0,a303d1ea0000001f,projected_order_1d,1500,15,,1122a7a0f0527271,7300,7400
3,0,a303d1ea0000001f,projected_order_1d,1600,16,,07eb56ef6576243d,7400,8200
3,0,a303d1ea0000001f,projected_order_1d,1700,17,,f9fbe810edefd5ad,7200,8000
3,0,a303d1ea0000001f,projected_order_1d,1800,18,,793de1fa5bc0ee99,7400,8100
3,0,a303d1ea0000001f,projected_order_1d,1900,19,,9a880a491053eaa5,7200,7500
3,0,a303d1ea0000001f,projected_order_1d,2000,20,,fb4abff3cf6b7995,7100,7300
3,0,a303d1ea0000001f,projected_order_1d,2100,21,,b7f50fc2c49a6779,7400,8000
3,0,a303d1ea0000001f,projected_order_1d,2200,22,,e20be7a144e886b1,7300,8000
3,0,a303d1ea0000001f,projected_order_1d,2300,23,,6f10073f002ea22d,7200,8000
3,0,a303d1ea0000001f,projected_order_1d,2400,24,,1d5724008651f2f9,7300,8000
3,0,a303d1ea0000001f,projected_order_1d,2500,25,,61843191e8e84b65,7300,8200
3,0,a303d1ea0000001f,projected_order_1d,2600,26,,60f23d9d78d129ed,7300,8000
3,0,a303d1ea0000001f,projected_order_1d,2700,27,,19b76b4e75ed8f61,7200,7500
3,0,a303d1ea0000001f,projected_order_1d,2800,28,,371e7761cf1d0209,7300,8100
3,0,a303d1ea0000001f,projected_order_1d,2900,29,,84d0a2c37811978d,7000,7800
3,0,a303d1ea0000001f,projected_order_1d,3000,30,,aa66b3b250f893d5,7600,7800
3,0,a303d1ea0000001f,projected_order_1d,3100,31,,748d2134e75836c5,7900,8200
3,0,a303d1ea0000001f,projected_order_1d,3200,32,,98b87d0a1aa80c1d,8200,12000
3,0,a303d1ea0000001f,projected_order_1d,3300,33,,ee707042a1eb9ca9,8100,11400
3,0,a303d1ea0000001f,projected_order_1d,3400,34,,5152ed15e029ebe9,7900,10200
3,0,a303d1ea0000001f,projected_order_1d,3500,35,,c3d5ed1dbab4ca65,8200,11900
3,0,a303d1ea0000001f,projected_order_1d,3600,36,,aff369b79fa438a1,7200,7400
3,0,a303d1ea0000001f,projected_order_1d,3700,37,,ab1e50296f93e211,7200,7700
3,0,a303d1ea0000001f,projected_order_1d,3800,38,,d336846a9543d7c1,7200,7900
3,0,a303d1ea0000001f,projected_order_1d,3900,39,,71ccb55163ea78d9,8100,11700
3,0,a303d1ea0000001f,projected_order_1d,4000,40,,fc370eb266cdcf39,8300,11500
3,0,a303d1ea0000001f,projected_order_1d,4100,41,,b3fe3cf3c64b5fad,7600,8000
3,0,a303d1ea0000001f,hash_placebo,0,0,5,e19b80df552ce8f9,0,4000
3,0,a303d1ea00000020,projected_order_1d,0,0,,5d6ec65e286426d9,7300,8300
3,0,a303d1ea00000020,projected_order_1d,100,1,,9c2f5b77fc898d39,7400,8200
3,0,a303d1ea00000020,projected_order_1d,200,2,,a25cd22998c16381,8100,10800
3,0,a303d1ea00000020,projected_order_1d,300,3,,4fbf63eed77319b9,7200,7500
3,0,a303d1ea00000020,projected_order_1d,400,4,,f23025bc401d3e55,7400,8200
3,0,a303d1ea00000020,projected_order_1d,500,5,,c1c03e328c0125c9,8500,12200
3,0,a303d1ea00000020,projected_order_1d,600,6,,aba75141e89e08f5,7300,7500
3,0,a303d1ea00000020,projected_order_1d,700,7,,3dcd52ba68f78d35,7200,15100
3,0,a303d1ea00000020,projected_order_1d,800,8,,487c90f9c71f3df9,9200,8100
3,0,a303d1ea00000020,projected_order_1d,900,9,,e5fee6b5ac26da09,7200,7700
3,0,a303d1ea00000020,projected_order_1d,1000,10,,16e359fd3d122e15,7400,8300
3,0,a303d1ea00000020,projected_order_1d,1100,11,,59132049425e510d,7400,8500
3,0,a303d1ea00000020,projected_order_1d,1200,12,,3091455a9b4b9b49,7400,7500
3,0,a303d1ea00000020,projected_order_1d,1300,13,,dc7c75a31cb1d8b5,8400,11400
3,0,a303d1ea00000020,projected_order_1d,1400,14,,351ee256a04ae749,7300,8200
3,0,a303d1ea00000020,projected_order_1d,1500,15,,e7b25aa095e8d4a5,7400,8600
3,0,a303d1ea00000020,projected_order_1d,1600,16,,67fdaa02dac285b1,7700,8100
3,0,a303d1ea00000020,projected_order_1d,1700,17,,2ad29c222568dfe1,7300,8300
3,0,a303d1ea00000020,projected_order_1d,1800,18,,a75dc025349cabd5,7500,8200
3,0,a303d1ea00000020,projected_order_1d,1900,19,,84e136ed24afc775,7400,8000
3,0,a303d1ea00000020,projected_order_1d,2000,20,,40414b7b60d49e29,7800,11800
3,0,a303d1ea00000020,projected_order_1d,2100,21,,32acf05800ab7a99,8400,12400
3,0,a303d1ea00000020,projected_order_1d,2200,22,,0cc7a2b67ab16e4d,7800,7800
3,0,a303d1ea00000020,projected_order_1d,2300,23,,ce999e85ba15eb5d,7800,8000
3,0,a303d1ea00000020,projected_order_1d,2400,24,,97083cdc744854c1,7400,7600
3,0,a303d1ea00000020,projected_order_1d,2500,25,,47837d11842f8bcd,7300,7800
3,0,a303d1ea00000020,projected_order_1d,2600,26,,c40ec7debfb46b8d,7300,8600
3,0,a303d1ea00000020,projected_order_1d,2700,27,,80f717223bdaffd5,8200,11300
3,0,a303d1ea00000020,projected_order_1d,2800,28,,6c35e6014d396ea5,7200,7900
3,0,a303d1ea00000020,projected_order_1d,2900,29,,6bd0a8be02d93119,7300,7700
3,0,a303d1ea00000020,projected_order_1d,3000,30,,40ef230bfe0f6b79,7500,9100
3,0,a303d1ea00000020,projected_order_1d,3100,31,,559384ec5822f4cd,8900,11700
3,0,a303d1ea00000020,projected_order_1d,3200,32,,4ef34b0580f53cbd,7200,7800
3,0,a303d1ea00000020,projected_order_1d,3300,33,,5cc72f93a18fbee1,6900,7800
3,0,a303d1ea00000020,projected_order_1d,3400,34,,2076b4f58590d2a1,7500,7700
3,0,a303d1ea00000020,projected_order_1d,3500,35,,00f601cda2bb4f09,7800,8700
3,0,a303d1ea00000020,projected_order_1d,3600,36,,4904ba7d16b4b265,8700,12800
3,0,a303d1ea00000020,projected_order_1d,3700,37,,2c535f7df8f9709d,8500,11600
3,0,a303d1ea00000020,projected_order_1d,3800,38,,bb797ee7f6e0c6fd,7500,8300
3,0,a303d1ea00000020,projected_order_1d,3900,39,,10153f141d659e1d,7500,8100
3,0,a303d1ea00000020,projected_order_1d,4000,40,,2f8c3f8ee0dbc875,8800,10500
3,0,a303d1ea00000020,projected_order_1d,4100,41,,6f026df9dfe70fe5,7400,8200
3,0,a303d1ea00000020,hash_placebo,0,0,1,08d2d3f44d694801,0,4600
3,1,a303d1ea00000021,projected_order_1d,0,0,,eff04d0a31d1792d,9000,11400
3,1,a303d1ea00000021,projected_order_1d,100,1,,be21be45700b4769,7500,8200
3,1,a303d1ea00000021,projected_order_1d,200,2,,84fc1c76aadf5135,7300,7900
3,1,a303d1ea00000021,projected_order_1d,300,3,,86dce2bc7fb38405,8200,10600
3,1,a303d1ea00000021,projected_order_1d,400,4,,e875f9ed0202d811,7600,8200
3,1,a303d1ea00000021,projected_order_1d,500,5,,8f0cc1bdf4703f31,8400,8400
3,1,a303d1ea00000021,projected_order_1d,600,6,,7016c37504a0c805,9300,11900
3,1,a303d1ea00000021,projected_order_1d,700,7,,47e7c291ccc1ad31,8500,12300
3,1,a303d1ea00000021,projected_order_1d,800,8,,59e88a4dcb82b7e1,8500,10800
3,1,a303d1ea00000021,projected_order_1d,900,9,,1ea8714b656a457d,7200,8300
3,1,a303d1ea00000021,projected_order_1d,1000,10,,89e8615da6be182d,7700,11000
3,1,a303d1ea00000021,projected_order_1d,1100,11,,bc5d484f80de505d,8300,11100
3,1,a303d1ea00000021,projected_order_1d,1200,12,,c52888e95e0fbf61,7900,10900
3,1,a303d1ea00000021,projected_order_1d,1300,13,,a8a671fe31e484f9,7800,8000
3,1,a303d1ea00000021,projected_order_1d,1400,14,,e3e553981d37c4d5,8500,11300
3,1,a303d1ea00000021,projected_order_1d,1500,15,,eaeb4405438bc30d,8200,9600
3,1,a303d1ea00000021,projected_order_1d,1600,16,,c77ad3c123c20d3d,8200,10700
3,1,a303d1ea00000021,projected_order_1d,1700,17,,d4a086e0d03cca4d,8300,10900
3,1,a303d1ea00000021,projected_order_1d,1800,18,,8740e71811224119,7200,7900
3,1,a303d1ea00000021,projected_order_1d,1900,19,,c98b210ef8718ce5,7500,8000
3,1,a303d1ea00000021,projected_order_1d,2000,20,,46749b0643638cf5,7400,8100
3,1,a303d1ea00000021,projected_order_1d,2100,21,,5aa668b3c5247295,7500,8400
3,1,a303d1ea00000021,projected_order_1d,2200,22,,ae4db77628932c41,8300,11300
3,1,a303d1ea00000021,projected_order_1d,2300,23,,194e2f439268d601,7400,8400
3,1,a303d1ea00000021,projected_order_1d,2400,24,,0d01c9f4ab8a2371,8300,10700
3,1,a303d1ea00000021,projected_order_1d,2500,25,,adbb7752e8dde561,7200,8200
3,1,a303d1ea00000021,projected_order_1d,2600,26,,ff367068cf2701b9,8700,11900
3,1,a303d1ea00000021,projected_order_1d,2700,27,,dc126a5df62ab165,7400,8300
3,1,a303d1ea00000021,projected_order_1d,2800,28,,077f19fc7b3212c5,7400,8200
3,1,a303d1ea00000021,projected_order_1d,2900,29,,2826b44440f2ae39,8200,11900
3,1,a303d1ea00000021,projected_order_1d,3000,30,,91d3d9ddd1cbfd81,8800,11300
3,1,a303d1ea00000021,projected_order_1d,3100,31,,3c292136cbdb0861,7100,8100
3,1,a303d1ea00000021,projected_order_1d,3200,32,,018f7d7f5d247a19,7300,7900
3,1,a303d1ea00000021,projected_order_1d,3300,33,,8a0b30eb14848d09,8400,12300
3,1,a303d1ea00000021,projected_order_1d,3400,34,,44679c21090bc0f9,7700,8400
3,1,a303d1ea00000021,projected_order_1d,3500,35,,96b97b51eae766e9,8300,32900
3,1,a303d1ea00000021,projected_order_1d,3600,36,,99e48b68e0ea55cd,7800,8200
3,1,a303d1ea00000021,projected_order_1d,3700,37,,14ed04010c56df35,7400,8200
3,1,a303d1ea00000021,projected_order_1d,3800,38,,eb584850555fe049,8100,11700
3,1,a303d1ea00000021,projected_order_1d,3900,39,,f1752020a81b6b69,7700,8000
3,1,a303d1ea00000021,projected_order_1d,4000,40,,5b42810b772c2bb5,8300,11300
3,1,a303d1ea00000021,projected_order_1d,4100,41,,2b6f2bb07f0473a9,8400,12000
3,1,a303d1ea00000021,hash_placebo,0,0,0,800d700550ef4109,0,4700
3,1,a303d1ea00000022,projected_order_1d,0,0,,eff04d0a31d1792d,8200,11900
3,1,a303d1ea00000022,projected_order_1d,100,1,,f57068d2f1410701,8300,11500
3,1,a303d1ea00000022,projected_order_1d,200,2,,6efb387f5c05b9d9,8100,12100
3,1,a303d1ea00000022,projected_order_1d,300,3,,caf90123296943bd,8300,11600
3,1,a303d1ea00000022,projected_order_1d,400,4,,a9e67896dbe9f941,7300,7900
3,1,a303d1ea00000022,projected_order_1d,500,5,,2eb5bbecbff00f35,7300,8400
3,1,a303d1ea00000022,projected_order_1d,600,6,,248486e4df976701,7500,8400
3,1,a303d1ea00000022,projected_order_1d,700,7,,ea279d1a3ddbeee5,7300,9200
3,1,a303d1ea00000022,projected_order_1d,800,8,,b8d56a21ad4bc2b1,9500,11000
3,1,a303d1ea00000022,projected_order_1d,900,9,,feddcfa6b9cc3f81,7300,8000
3,1,a303d1ea00000022,projected_order_1d,1000,10,,dab92fdf28c1ff11,8400,12700
3,1,a303d1ea00000022,projected_order_1d,1100,11,,36190f793772b165,7300,8200
3,1,a303d1ea00000022,projected_order_1d,1200,12,,f221baf79b53fc79,7400,7900
3,1,a303d1ea00000022,projected_order_1d,1300,13,,94c2396d910b6d71,7400,7900
3,1,a303d1ea00000022,projected_order_1d,1400,14,,f9a97961b59f9df5,7400,8500
3,1,a303d1ea00000022,projected_order_1d,1500,15,,e17cc86b9ee79661,7400,8100
3,1,a303d1ea00000022,projected_order_1d,1600,16,,ed7230024b6b8a99,8500,11000
3,1,a303d1ea00000022,projected_order_1d,1700,17,,3d3035efdad1bd65,7300,8000
3,1,a303d1ea00000022,projected_order_1d,1800,18,,8b6007f259b899d9,7100,7800
3,1,a303d1ea00000022,projected_order_1d,1900,19,,94f13aedb26a74f1,7400,8500
3,1,a303d1ea00000022,projected_order_1d,2000,20,,2d2747753708276d,7500,8400
3,1,a303d1ea00000022,projected_order_1d,2100,21,,49b6a2c68ae0609d,8400,10900
3,1,a303d1ea00000022,projected_order_1d,2200,22,,51e37b45a2335319,8300,12300
3,1,a303d1ea00000022,projected_order_1d,2300,23,,34f5046042adb0e5,7300,8200
3,1,a303d1ea00000022,projected_order_1d,2400,24,,b1af1d7208722e69,8400,11400
3,1,a303d1ea00000022,projected_order_1d,2500,25,,5a1d522571b12511,7900,7800
3,1,a303d1ea00000022,projected_order_1d,2600,26,,2cc6e535793fa1e9,7500,7900
3,1,a303d1ea00000022,projected_order_1d,2700,27,,4523d74d042ba7fd,7400,7800
3,1,a303d1ea00000022,projected_order_1d,2800,28,,4b8d0e63beb1075d,7400,8100
3,1,a303d1ea00000022,projected_order_1d,2900,29,,53d2d9cf45b78771,7400,7900
3,1,a303d1ea00000022,projected_order_1d,3000,30,,9995c6f85bf79415,8100,10700
3,1,a303d1ea00000022,projected_order_1d,3100,31,,bfa23b1466f34d5d,7500,8100
3,1,a303d1ea00000022,projected_order_1d,3200,32,,f2927b513bc373f1,7700,8200
3,1,a303d1ea00000022,projected_order_1d,3300,33,,2bb664e13ccf75ad,7300,8100
3,1,a303d1ea00000022,projected_order_1d,3400,34,,2bf924f90a680c8d,7400,8000
3,1,a303d1ea00000022,projected_order_1d,3500,35,,c2bf70167a61f4dd,7500,8500
3,1,a303d1ea00000022,projected_order_1d,3600,36,,feba00db715a20fd,7300,8000
3,1,a303d1ea00000022,projected_order_1d,3700,37,,5a813dd5e71e6815,7800,8100
3,1,a303d1ea00000022,projected_order_1d,3800,38,,313ed88513730751,7300,7900
3,1,a303d1ea00000022,projected_order_1d,3900,39,,3c22a7ff5e251ff5,8500,10600
3,1,a303d1ea00000022,projected_order_1d,4000,40,,a81637c384be9e25,7500,8200
3,1,a303d1ea00000022,projected_order_1d,4100,41,,1dd9d4c5b33b2f99,10700,19900
3,1,a303d1ea00000022,hash_placebo,0,0,4,20c93c293c11f9f1,0,4400
3,2,a303d1ea00000023,projected_order_1d,0,0,,1cf01175343f9121,7400,8000
3,2,a303d1ea00000023,projected_order_1d,100,1,,98a2f9a95e65e2ed,7300,8200
3,2,a303d1ea00000023,projected_order_1d,200,2,,bfd2b22447b2a419,8500,11900
3,2,a303d1ea00000023,projected_order_1d,300,3,,bbed4d16a226b041,8400,11800
3,2,a303d1ea00000023,projected_order_1d,400,4,,c9fa6406dc62cf0d,7200,8000
3,2,a303d1ea00000023,projected_order_1d,500,5,,203707d299df1c31,7900,8600
3,2,a303d1ea00000023,projected_order_1d,600,6,,6067ff44e7b1780d,8500,11600
3,2,a303d1ea00000023,projected_order_1d,700,7,,08dc97cc9ac057a5,7300,8300
3,2,a303d1ea00000023,projected_order_1d,800,8,,51b939b636c4f435,7300,8800
3,2,a303d1ea00000023,projected_order_1d,900,9,,7a0bb4a6ebe9181d,7800,8100
3,2,a303d1ea00000023,projected_order_1d,1000,10,,fe148788c778b7a9,7300,8300
3,2,a303d1ea00000023,projected_order_1d,1100,11,,ec2beec0600a113d,8400,12100
3,2,a303d1ea00000023,projected_order_1d,1200,12,,cc3417b876af3e49,7400,8000
3,2,a303d1ea00000023,projected_order_1d,1300,13,,270dc3af9d1d8de9,7400,8000
3,2,a303d1ea00000023,projected_order_1d,1400,14,,b205b6ca2523361d,7200,8300
3,2,a303d1ea00000023,projected_order_1d,1500,15,,a993166394d393c1,7400,8100
3,2,a303d1ea00000023,projected_order_1d,1600,16,,cc6c009923058125,7300,8400
3,2,a303d1ea00000023,projected_order_1d,1700,17,,a78c3e3b126d4209,7300,8000
3,2,a303d1ea00000023,projected_order_1d,1800,18,,0d8db13721c8bce9,7200,7900
3,2,a303d1ea00000023,projected_order_1d,1900,19,,f591e5fdbc7ad769,8300,11300
3,2,a303d1ea00000023,projected_order_1d,2000,20,,fca2104c963d773d,7200,8000
3,2,a303d1ea00000023,projected_order_1d,2100,21,,abd2ff3bc48d0ebd,7400,8400
3,2,a303d1ea00000023,projected_order_1d,2200,22,,31b69e52db68d741,7300,8100
3,2,a303d1ea00000023,projected_order_1d,2300,23,,e35919e2f01e42a1,7400,8400
3,2,a303d1ea00000023,projected_order_1d,2400,24,,0d4feb82d3f445ad,8300,11000
3,2,a303d1ea00000023,projected_order_1d,2500,25,,edaf4d29359e631d,8300,11900
3,2,a303d1ea00000023,projected_order_1d,2600,26,,d6cec791bf5f39f5,7400,8200
3,2,a303d1ea00000023,projected_order_1d,2700,27,,ec85f4536cdaf2e9,8600,12000
3,2,a303d1ea00000023,projected_order_1d,2800,28,,cac7183bfbe152f5,7400,8400
3,2,a303d1ea00000023,projected_order_1d,2900,29,,af1c08181f0c0991,7400,8000
3,2,a303d1ea00000023,projected_order_1d,3000,30,,4506c1a5d9f5ed41,7400,8300
3,2,a303d1ea00000023,projected_order_1d,3100,31,,f42b6f4ca3abec9d,7300,8500
3,2,a303d1ea00000023,projected_order_1d,3200,32,,c8cfbcfe683f67bd,7300,8100
3,2,a303d1ea00000023,projected_order_1d,3300,33,,12db8edfda18adf1,8200,11700
3,2,a303d1ea00000023,projected_order_1d,3400,34,,70f15fd882628509,8100,11500
3,2,a303d1ea00000023,projected_order_1d,3500,35,,84ca3682dda6cdb1,7200,8100
3,2,a303d1ea00000023,projected_order_1d,3600,36,,1ebeb598fc2a2c69,7300,8600
3,2,a303d1ea00000023,projected_order_1d,3700,37,,9a3aab86c0889291,7500,8500
3,2,a303d1ea00000023,projected_order_1d,3800,38,,3ec13c87bb482045,8400,11600
3,2,a303d1ea00000023,projected_order_1d,3900,39,,c14e848834df0569,7300,8100
3,2,a303d1ea00000023,projected_order_1d,4000,40,,3503f42cdf107189,7200,8100
3,2,a303d1ea00000023,projected_order_1d,4100,41,,2f6ca1e5a15e17d1,8600,12400
3,2,a303d1ea00000023,hash_placebo,0,0,3,8e228c41c267e92d,0,4400
3,2,a303d1ea00000024,projected_order_1d,0,0,,1cf01175343f9121,7300,7800
3,2,a303d1ea00000024,projected_order_1d,100,1,,365685a81210b2f1,8300,10300
3,2,a303d1ea00000024,projected_order_1d,200,2,,902478ae9dc0a18d,7800,7600
3,2,a303d1ea00000024,projected_order_1d,300,3,,f3b0eb3f7bf5a74d,7400,8100
3,2,a303d1ea00000024,projected_order_1d,400,4,,34c36fde28284e55,7400,7900
3,2,a303d1ea00000024,projected_order_1d,500,5,,8da7ae03b689145d,7200,8200
3,2,a303d1ea00000024,projected_order_1d,600,6,,f7afc768549deeb5,70300,11800
3,2,a303d1ea00000024,projected_order_1d,700,7,,ea598674fa844ad5,8300,12200
3,2,a303d1ea00000024,projected_order_1d,800,8,,937e4001327b52b5,8300,12300
3,2,a303d1ea00000024,projected_order_1d,900,9,,b2bbac1fd88db4cd,7300,8200
3,2,a303d1ea00000024,projected_order_1d,1000,10,,0f1520c77f316415,7400,7800
3,2,a303d1ea00000024,projected_order_1d,1100,11,,11f9d61e647277ad,7600,8300
3,2,a303d1ea00000024,projected_order_1d,1200,12,,36ecfbe382cd5e19,8600,10800
3,2,a303d1ea00000024,projected_order_1d,1300,13,,e80b06584a4f2301,8600,12300
3,2,a303d1ea00000024,projected_order_1d,1400,14,,0819b4d11c53f0cd,8500,10000
3,2,a303d1ea00000024,projected_order_1d,1500,15,,fbc8b6a21f73f37d,7600,8100
3,2,a303d1ea00000024,projected_order_1d,1600,16,,e5b206f636f6cc55,7400,10300
3,2,a303d1ea00000024,projected_order_1d,1700,17,,1c0c349395ff7965,8300,12300
3,2,a303d1ea00000024,projected_order_1d,1800,18,,8bc028e5ed6337f1,7400,8100
3,2,a303d1ea00000024,projected_order_1d,1900,19,,72665a02198209d1,7300,24800
3,2,a303d1ea00000024,projected_order_1d,2000,20,,f7811c50fc2d1abd,7300,8000
3,2,a303d1ea00000024,projected_order_1d,2100,21,,517b0fe1dca205e5,8300,11500
3,2,a303d1ea00000024,projected_order_1d,2200,22,,f840183cd3654b7d,8200,11300
3,2,a303d1ea00000024,projected_order_1d,2300,23,,e01c2a0f41cb6541,7400,8200
3,2,a303d1ea00000024,projected_order_1d,2400,24,,d2ef22d8b3e5087d,8500,11800
3,2,a303d1ea00000024,projected_order_1d,2500,25,,1967d3d8ad651d85,7600,9200
3,2,a303d1ea00000024,projected_order_1d,2600,26,,12631260d014b76d,7400,8000
3,2,a303d1ea00000024,projected_order_1d,2700,27,,66ac8b303913d47d,8100,12200
3,2,a303d1ea00000024,projected_order_1d,2800,28,,8164dbddfafb67bd,8600,11700
3,2,a303d1ea00000024,projected_order_1d,2900,29,,7c646d611a5cb6e5,7400,8000
3,2,a303d1ea00000024,projected_order_1d,3000,30,,56b79adc51cd7a81,7800,8600
3,2,a303d1ea00000024,projected_order_1d,3100,31,,5f1b35f02bb549a5,7400,8700
3,2,a303d1ea00000024,projected_order_1d,3200,32,,77af9bdcb256d051,7200,8100
3,2,a303d1ea00000024,projected_order_1d,3300,33,,a502f80be9e9c061,8300,11300
3,2,a303d1ea00000024,projected_order_1d,3400,34,,67f1d4a6ffe7423d,8100,11500
3,2,a303d1ea00000024,projected_order_1d,3500,35,,b265b9b84af422b5,8200,12700
3,2,a303d1ea00000024,projected_order_1d,3600,36,,c933f09e3bcf3729,7300,8300
3,2,a303d1ea00000024,projected_order_1d,3700,37,,21e041130fb020bd,8300,11700
3,2,a303d1ea00000024,projected_order_1d,3800,38,,82fe4bc0da50cd95,7600,8900
3,2,a303d1ea00000024,projected_order_1d,3900,39,,0f4d31d9f40e83dd,7200,7900
3,2,a303d1ea00000024,projected_order_1d,4000,40,,ecad4e2545c1b955,7400,8300
3,2,a303d1ea00000024,projected_order_1d,4100,41,,4f48773e097209c5,7700,8100
3,2,a303d1ea00000024,hash_placebo,0,0,7,6dc24e9a85dcc575,0,5200
3,3,a303d1ea00000025,projected_order_1d,0,0,,e9d5dfbb8fe1cdf5,8400,12800
3,3,a303d1ea00000025,projected_order_1d,100,1,,675989bb84eebd29,8600,11000
3,3,a303d1ea00000025,projected_order_1d,200,2,,89be68d503ad33c5,7400,8100
3,3,a303d1ea00000025,projected_order_1d,300,3,,f6a30474ff37617d,8500,12800
3,3,a303d1ea00000025,projected_order_1d,400,4,,c095873a84978b55,8500,12400
3,3,a303d1ea00000025,projected_order_1d,500,5,,b53bcf9147ebb91d,8500,11800
3,3,a303d1ea00000025,projected_order_1d,600,6,,300896c2478f08e9,7400,7800
3,3,a303d1ea00000025,projected_order_1d,700,7,,a962cf4485f14131,7400,8100
3,3,a303d1ea00000025,projected_order_1d,800,8,,bd4bef990abf7289,7400,8000
3,3,a303d1ea00000025,projected_order_1d,900,9,,f936825384518c9d,7100,7700
3,3,a303d1ea00000025,projected_order_1d,1000,10,,5e9f648291e519f9,7400,7900
3,3,a303d1ea00000025,projected_order_1d,1100,11,,dda5b2a0b2e95819,7400,8300
3,3,a303d1ea00000025,projected_order_1d,1200,12,,ba6547c029f73b65,7400,8000
3,3,a303d1ea00000025,projected_order_1d,1300,13,,15a5b1dda0213125,7400,8200
3,3,a303d1ea00000025,projected_order_1d,1400,14,,128e246ed68a7ed5,8300,11200
3,3,a303d1ea00000025,projected_order_1d,1500,15,,98c441ea4826aab9,8300,11600
3,3,a303d1ea00000025,projected_order_1d,1600,16,,e19e569ac02b65f1,8300,11400
3,3,a303d1ea00000025,projected_order_1d,1700,17,,988bc8b72b6e17d5,7300,8100
3,3,a303d1ea00000025,projected_order_1d,1800,18,,378df65ee8910e35,8000,11800
3,3,a303d1ea00000025,projected_order_1d,1900,19,,5d2d8cbdfb474131,7700,7900
3,3,a303d1ea00000025,projected_order_1d,2000,20,,46db662f9d884dc1,7500,8100
3,3,a303d1ea00000025,projected_order_1d,2100,21,,59b05bcd26f7e939,7400,8600
3,3,a303d1ea00000025,projected_order_1d,2200,22,,c745e1b7305afe79,7400,8300
3,3,a303d1ea00000025,projected_order_1d,2300,23,,2dbb540033cc8925,7300,7900
3,3,a303d1ea00000025,projected_order_1d,2400,24,,744737bab5bead79,7500,8800
3,3,a303d1ea00000025,projected_order_1d,2500,25,,88c24cdeca2c4d65,7400,8200
3,3,a303d1ea00000025,projected_order_1d,2600,26,,535a79ae35556465,8500,15400
3,3,a303d1ea00000025,projected_order_1d,2700,27,,be3db745e73bfcad,7400,8000
3,3,a303d1ea00000025,projected_order_1d,2800,28,,5f8c236774be1455,8100,11000
3,3,a303d1ea00000025,projected_order_1d,2900,29,,95fecfc20017ddf1,7400,8100
3,3,a303d1ea00000025,projected_order_1d,3000,30,,41730ffe549bc689,7300,7900
3,3,a303d1ea00000025,projected_order_1d,3100,31,,c1c14cb0d8b0acd5,7500,11100
3,3,a303d1ea00000025,projected_order_1d,3200,32,,a36a74b8dc583c4d,7800,8200
3,3,a303d1ea00000025,projected_order_1d,3300,33,,007c02f1a4245f55,8500,11600
3,3,a303d1ea00000025,projected_order_1d,3400,34,,aec14c73a66bd1e1,8800,13000
3,3,a303d1ea00000025,projected_order_1d,3500,35,,88ddc0dc64e586bd,7300,8100
3,3,a303d1ea00000025,projected_order_1d,3600,36,,cb9c8605bbac62e5,8500,11700
3,3,a303d1ea00000025,projected_order_1d,3700,37,,f8fc1987114bcb5d,7300,8200
3,3,a303d1ea00000025,projected_order_1d,3800,38,,6cac9c982c145415,7400,8700
3,3,a303d1ea00000025,projected_order_1d,3900,39,,f976dcc34eac8371,7300,8400
3,3,a303d1ea00000025,projected_order_1d,4000,40,,9a7a3b4a38e8b761,8200,11600
3,3,a303d1ea00000025,projected_order_1d,4100,41,,69d4b239c3b0afd1,8200,12400
3,3,a303d1ea00000025,hash_placebo,0,0,6,136f7bc9ccab051d,0,5600
3,3,a303d1ea00000026,projected_order_1d,0,0,,e9d5dfbb8fe1cdf5,7300,8500
3,3,a303d1ea00000026,projected_order_1d,100,1,,3934c77b08407895,7300,8300
3,3,a303d1ea00000026,projected_order_1d,200,2,,8c766f3a967e9c65,7400,8200
3,3,a303d1ea00000026,projected_order_1d,300,3,,9fe120cd8c537885,7400,8100
3,3,a303d1ea00000026,projected_order_1d,400,4,,14df5084952d1ccd,7400,8000
3,3,a303d1ea00000026,projected_order_1d,500,5,,ba266d02587d21f5,46200,8700
3,3,a303d1ea00000026,projected_order_1d,600,6,,bbf6db3f0b590eb9,7800,11800
3,3,a303d1ea00000026,projected_order_1d,700,7,,56fc736abbd3c2d1,8100,10300
3,3,a303d1ea00000026,projected_order_1d,800,8,,207eb19d06f4e575,7800,8000
3,3,a303d1ea00000026,projected_order_1d,900,9,,7e051f758361ec15,7600,8100
3,3,a303d1ea00000026,projected_order_1d,1000,10,,c59765b563942741,7400,8200
3,3,a303d1ea00000026,projected_order_1d,1100,11,,4788d3f8088ad869,8900,12100
3,3,a303d1ea00000026,projected_order_1d,1200,12,,30223073b918cff9,7500,9000
3,3,a303d1ea00000026,projected_order_1d,1300,13,,ed64f00227cd304d,7400,8400
3,3,a303d1ea00000026,projected_order_1d,1400,14,,91ab69ba40a0da21,8200,11900
3,3,a303d1ea00000026,projected_order_1d,1500,15,,a426bd7caf622a65,8600,11600
3,3,a303d1ea00000026,projected_order_1d,1600,16,,b66d8e21b722d3dd,8200,12900
3,3,a303d1ea00000026,projected_order_1d,1700,17,,5df6d2e6177feb1d,8300,9400
3,3,a303d1ea00000026,projected_order_1d,1800,18,,e55624ab10e6d6e1,7600,8500
3,3,a303d1ea00000026,projected_order_1d,1900,19,,b0693ae5ca926c7d,8400,17200
3,3,a303d1ea00000026,projected_order_1d,2000,20,,0da742b099806929,7500,8500
3,3,a303d1ea00000026,projected_order_1d,2100,21,,4a12ab7fe14661e5,7400,8200
3,3,a303d1ea00000026,projected_order_1d,2200,22,,e06f814236550e51,7300,8200
3,3,a303d1ea00000026,projected_order_1d,2300,23,,2294f4b0b08c3e85,7500,8200
3,3,a303d1ea00000026,projected_order_1d,2400,24,,af91f7c92445cad5,7400,8400
3,3,a303d1ea00000026,projected_order_1d,2500,25,,6067d4889e6e2a2d,8000,8300
3,3,a303d1ea00000026,projected_order_1d,2600,26,,5ca5eb9413470a5d,7400,8300
3,3,a303d1ea00000026,projected_order_1d,2700,27,,c242db6577b3f5f1,8500,11900
3,3,a303d1ea00000026,projected_order_1d,2800,28,,2b1da9f293d6c39d,8300,11900
3,3,a303d1ea00000026,projected_order_1d,2900,29,,97411916c07dbc05,8100,11500
3,3,a303d1ea00000026,projected_order_1d,3000,30,,919c643aced76f59,8200,8300
3,3,a303d1ea00000026,projected_order_1d,3100,31,,c2dd1d30b4dabfcd,7400,8400
3,3,a303d1ea00000026,projected_order_1d,3200,32,,9679f6d62de553a9,8900,8200
3,3,a303d1ea00000026,projected_order_1d,3300,33,,a75affa07b5ebc3d,8500,12100
3,3,a303d1ea00000026,projected_order_1d,3400,34,,281e20ef5a2641c9,8300,11500
3,3,a303d1ea00000026,projected_order_1d,3500,35,,cc808c834b84a7b9,7400,8000
3,3,a303d1ea00000026,projected_order_1d,3600,36,,ec7529ab30f5bdf1,7400,8200
3,3,a303d1ea00000026,projected_order_1d,3700,37,,80f6deb7c1ea193d,8300,11800
3,3,a303d1ea00000026,projected_order_1d,3800,38,,fd8101b3e6a67425,7400,8000
3,3,a303d1ea00000026,projected_order_1d,3900,39,,b360bf4f1a08f341,7400,8000
3,3,a303d1ea00000026,projected_order_1d,4000,40,,345efe37131df719,7700,10000
3,3,a303d1ea00000026,projected_order_1d,4100,41,,b92dad40a8424371,7500,8100
3,3,a303d1ea00000026,hash_placebo,0,0,2,8ec04bf49bf34a6d,0,5500
3,4,a303d1ea00000027,projected_order_1d,0,0,,6beee011e28b056d,8600,11500
3,4,a303d1ea00000027,projected_order_1d,100,1,,8c89d21f3df644c5,7300,8200
3,4,a303d1ea00000027,projected_order_1d,200,2,,5c05d668f388def9,7600,8500
3,4,a303d1ea00000027,projected_order_1d,300,3,,379b431176efa5e5,7700,8000
3,4,a303d1ea00000027,projected_order_1d,400,4,,cd24f89011895fe1,8200,10600
3,4,a303d1ea00000027,projected_order_1d,500,5,,d13d7973a3ed20b9,7500,8600
3,4,a303d1ea00000027,projected_order_1d,600,6,,841201dee4a28bd9,7500,8300
3,4,a303d1ea00000027,projected_order_1d,700,7,,0729e6e944af67bd,7400,8500
3,4,a303d1ea00000027,projected_order_1d,800,8,,2621c36234797e99,8300,12700
3,4,a303d1ea00000027,projected_order_1d,900,9,,04df2e9afa92db19,7600,8300
3,4,a303d1ea00000027,projected_order_1d,1000,10,,ce1badfd57c84e49,8400,11600
3,4,a303d1ea00000027,projected_order_1d,1100,11,,8337ba94d8954c55,7300,8700
3,4,a303d1ea00000027,projected_order_1d,1200,12,,14aba71f6c7054a1,9200,13300
3,4,a303d1ea00000027,projected_order_1d,1300,13,,3ef89af5e83d212d,7900,10000
3,4,a303d1ea00000027,projected_order_1d,1400,14,,0eb2c4c47a93c535,7300,8500
3,4,a303d1ea00000027,projected_order_1d,1500,15,,5ba299638a4b87ad,8400,13600
3,4,a303d1ea00000027,projected_order_1d,1600,16,,5ff5da332ca65759,8200,12300
3,4,a303d1ea00000027,projected_order_1d,1700,17,,9056c0995daf7f21,8400,12100
3,4,a303d1ea00000027,projected_order_1d,1800,18,,7feb0d4737736535,8800,12200
3,4,a303d1ea00000027,projected_order_1d,1900,19,,3a9a4e76f678f2e1,7500,8400
3,4,a303d1ea00000027,projected_order_1d,2000,20,,913d45fdb7340d2d,8400,12200
3,4,a303d1ea00000027,projected_order_1d,2100,21,,4bcdcdb36fcbd189,8300,11700
3,4,a303d1ea00000027,projected_order_1d,2200,22,,991bb62648dcd56d,7300,8600
3,4,a303d1ea00000027,projected_order_1d,2300,23,,7dedbdba9b228d65,8400,12500
3,4,a303d1ea00000027,projected_order_1d,2400,24,,dcd2e676f4c9f209,9100,35000
3,4,a303d1ea00000027,projected_order_1d,2500,25,,5b63aa077478cabd,8000,10800
3,4,a303d1ea00000027,projected_order_1d,2600,26,,8f84b778d6977391,8300,12700
3,4,a303d1ea00000027,projected_order_1d,2700,27,,0fb29696e7599209,8800,12500
3,4,a303d1ea00000027,projected_order_1d,2800,28,,44b9403319b14f71,7600,8600
3,4,a303d1ea00000027,projected_order_1d,2900,29,,ee07e09ae7527909,8300,12600
3,4,a303d1ea00000027,projected_order_1d,3000,30,,d9c8f082629219e1,7300,8200
3,4,a303d1ea00000027,projected_order_1d,3100,31,,768d744f084f1055,8100,12800
3,4,a303d1ea00000027,projected_order_1d,3200,32,,d113cd2e0a854bb1,7600,8200
3,4,a303d1ea00000027,projected_order_1d,3300,33,,176af47e73df3c3d,8800,12100
3,4,a303d1ea00000027,projected_order_1d,3400,34,,feb9cbf19dfaaa8d,8600,11900
3,4,a303d1ea00000027,projected_order_1d,3500,35,,16288b7c6a4d4969,8200,11800
3,4,a303d1ea00000027,projected_order_1d,3600,36,,d6e10fe7488f4505,8600,11200
3,4,a303d1ea00000027,projected_order_1d,3700,37,,7b0283aa84c7dbfd,8600,12900
3,4,a303d1ea00000027,projected_order_1d,3800,38,,f7df1c0149f2b49d,8400,12500
3,4,a303d1ea00000027,projected_order_1d,3900,39,,2c047acd44933731,8700,12300
3,4,a303d1ea00000027,projected_order_1d,4000,40,,b0405603639d0671,8500,12200
3,4,a303d1ea00000027,projected_order_1d,4100,41,,8781b7db188970c5,7400,8200
3,4,a303d1ea00000027,hash_placebo,0,0,1,08d2d3f44d694801,0,6300
3,4,a303d1ea00000028,projected_order_1d,0,0,,6beee011e28b056d,8100,11700
3,4,a303d1ea00000028,projected_order_1d,100,1,,7f25bac4e42283b9,8400,12300
3,4,a303d1ea00000028,projected_order_1d,200,2,,daa48322fb9b4d41,8600,11500
3,4,a303d1ea00000028,projected_order_1d,300,3,,60bf2608eb6c9a65,8000,11900
3,4,a303d1ea00000028,projected_order_1d,400,4,,1cd730a203d948b1,8400,12300
3,4,a303d1ea00000028,projected_order_1d,500,5,,49217c8d5b7c3641,8500,12300
3,4,a303d1ea00000028,projected_order_1d,600,6,,3508c8847f583831,8400,12000
3,4,a303d1ea00000028,projected_order_1d,700,7,,672f4e222d446bbd,8400,11800
3,4,a303d1ea00000028,projected_order_1d,800,8,,f4992fa028ea3279,7400,7900
3,4,a303d1ea00000028,projected_order_1d,900,9,,18288a83f250ae21,7400,8400
3,4,a303d1ea00000028,projected_order_1d,1000,10,,05851d8232d7f809,24200,12100
3,4,a303d1ea00000028,projected_order_1d,1100,11,,51df1295228d92ad,8700,16700
3,4,a303d1ea00000028,projected_order_1d,1200,12,,8c0ed1c645f1b4e9,7200,8100
3,4,a303d1ea00000028,projected_order_1d,1300,13,,12d43725c2b376dd,7500,8300
3,4,a303d1ea00000028,projected_order_1d,1400,14,,4db60637c0e14ed1,8200,12400
3,4,a303d1ea00000028,projected_order_1d,1500,15,,6f9a92837a75370d,8300,9500
3,4,a303d1ea00000028,projected_order_1d,1600,16,,25bc2e6835570079,8300,12200
3,4,a303d1ea00000028,projected_order_1d,1700,17,,8c05387b983f0d59,8400,12200
3,4,a303d1ea00000028,projected_order_1d,1800,18,,f9eb73212e236b95,8400,11700
3,4,a303d1ea00000028,projected_order_1d,1900,19,,a5d41929210e8855,8900,10900
3,4,a303d1ea00000028,projected_order_1d,2000,20,,0f7941d39f5ac57d,8800,11500
3,4,a303d1ea00000028,projected_order_1d,2100,21,,0b1203d796598d85,7800,8100
3,4,a303d1ea00000028,projected_order_1d,2200,22,,ac64341be914ac91,8400,12500
3,4,a303d1ea00000028,projected_order_1d,2300,23,,87b69db4ca68636d,8700,12300
3,4,a303d1ea00000028,projected_order_1d,2400,24,,5675d7ea392b1d61,8100,10900
3,4,a303d1ea00000028,projected_order_1d,2500,25,,e3a6c7e9b07dc875,7200,8200
3,4,a303d1ea00000028,projected_order_1d,2600,26,,670cbeec90b1cc11,8400,12200
3,4,a303d1ea00000028,projected_order_1d,2700,27,,11c71e376db62d69,8300,11600
3,4,a303d1ea00000028,projected_order_1d,2800,28,,e48493079ee4a995,8700,12500
3,4,a303d1ea00000028,projected_order_1d,2900,29,,a55a3ccb62882d91,8900,12600
3,4,a303d1ea00000028,projected_order_1d,3000,30,,9f9c61509becb5f9,8300,11800
3,4,a303d1ea00000028,projected_order_1d,3100,31,,bb880c984dbff9d1,8600,12300
3,4,a303d1ea00000028,projected_order_1d,3200,32,,002e9ab104ee7079,8400,12100
3,4,a303d1ea00000028,projected_order_1d,3300,33,,def70fc5964a5a6d,7700,8300
3,4,a303d1ea00000028,projected_order_1d,3400,34,,8cb8c9aaa2cc97e5,7300,8300
3,4,a303d1ea00000028,projected_order_1d,3500,35,,8bcf6a8788491eb1,8400,12300
3,4,a303d1ea00000028,projected_order_1d,3600,36,,7da465f06b2c714d,7500,8400
3,4,a303d1ea00000028,projected_order_1d,3700,37,,24a62803eef875e5,7400,8100
3,4,a303d1ea00000028,projected_order_1d,3800,38,,8cb3268a3e0678e1,7400,8100
3,4,a303d1ea00000028,projected_order_1d,3900,39,,4bbe57c14e7260d5,7400,8100
3,4,a303d1ea00000028,projected_order_1d,4000,40,,47fe263b03da6dad,7400,8300
3,4,a303d1ea00000028,projected_order_1d,4100,41,,40ac2741b799aab5,8300,11700
3,4,a303d1ea00000028,hash_placebo,0,0,5,e19b80df552ce8f9,0,5600
4,0,a303d1ea00000029,projected_order_1d,0,0,,a2e72b1f2a2582d1,7200,8100
4,0,a303d1ea00000029,projected_order_1d,100,1,,c16522fecb5704c9,8300,11500
4,0,a303d1ea00000029,projected_order_1d,200,2,,50f0b9aebc245fd5,8000,11200
4,0,a303d1ea00000029,projected_order_1d,300,3,,fa03477effe354b1,8700,11100
4,0,a303d1ea00000029,projected_order_1d,400,4,,c817c8709ed5e035,7400,8300
4,0,a303d1ea00000029,projected_order_1d,500,5,,499be53613ca4225,7200,7800
4,0,a303d1ea00000029,projected_order_1d,600,6,,0196c8168a99bc11,7500,8200
4,0,a303d1ea00000029,projected_order_1d,700,7,,7754400d56e1d661,7700,8100
4,0,a303d1ea00000029,projected_order_1d,800,8,,d97b72e56dc4abd5,7300,8000
4,0,a303d1ea00000029,projected_order_1d,900,9,,157b2bd76c2c28cd,8000,11100
4,0,a303d1ea00000029,projected_order_1d,1000,10,,3971c7600e8bb169,7400,9200
4,0,a303d1ea00000029,projected_order_1d,1100,11,,0991f67de8c9c5b1,8500,11900
4,0,a303d1ea00000029,projected_order_1d,1200,12,,810804868808e235,8500,12700
4,0,a303d1ea00000029,projected_order_1d,1300,13,,6fcf249b2f708575,8400,127000
4,0,a303d1ea00000029,projected_order_1d,1400,14,,fafc66cb9dd3b2a1,7400,8100
4,0,a303d1ea00000029,projected_order_1d,1500,15,,50ea7948b374d901,8100,10800
4,0,a303d1ea00000029,projected_order_1d,1600,16,,dc60812e5abd2fb5,8700,11500
4,0,a303d1ea00000029,projected_order_1d,1700,17,,691c8d0e3464a7c1,8600,12100
4,0,a303d1ea00000029,projected_order_1d,1800,18,,270540a89b96a291,8400,12200
4,0,a303d1ea00000029,projected_order_1d,1900,19,,bd5b37255c53534d,8200,11100
4,0,a303d1ea00000029,projected_order_1d,2000,20,,534063df6b22cf85,8100,11200
4,0,a303d1ea00000029,projected_order_1d,2100,21,,c09f7e17c2479b19,7400,8100
4,0,a303d1ea00000029,projected_order_1d,2200,22,,946d3db35d9f80d5,8700,12200
4,0,a303d1ea00000029,projected_order_1d,2300,23,,2c85e59f078b9801,7600,8700
4,0,a303d1ea00000029,projected_order_1d,2400,24,,e1e217328dd61fbd,7700,8500
4,0,a303d1ea00000029,projected_order_1d,2500,25,,11904d45e49cab6d,8300,11000
4,0,a303d1ea00000029,projected_order_1d,2600,26,,5b7572ed4d5f2165,7400,7600
4,0,a303d1ea00000029,projected_order_1d,2700,27,,9d2f66878cdb67b9,8700,11200
4,0,a303d1ea00000029,projected_order_1d,2800,28,,2cd8c98c76ef0d95,71700,11300
4,0,a303d1ea00000029,projected_order_1d,2900,29,,20fc8a96930541a1,8200,11600
4,0,a303d1ea00000029,projected_order_1d,3000,30,,16bab3dac3047f45,7200,8500
4,0,a303d1ea00000029,projected_order_1d,3100,31,,97c5b21511df60b9,7500,8400
4,0,a303d1ea00000029,projected_order_1d,3200,32,,0ab7b7369c2f4be9,7300,8000
4,0,a303d1ea00000029,projected_order_1d,3300,33,,9a90bd60f953e2f5,8400,11700
4,0,a303d1ea00000029,projected_order_1d,3400,34,,577f54472e236bcd,8300,11900
4,0,a303d1ea00000029,projected_order_1d,3500,35,,37a0cf2835674bb1,8300,12800
4,0,a303d1ea00000029,projected_order_1d,3600,36,,d5798b753ece2c1d,7400,8100
4,0,a303d1ea00000029,projected_order_1d,3700,37,,a434a757704ec825,7400,7900
4,0,a303d1ea00000029,projected_order_1d,3800,38,,221aa107e1715815,7600,8100
4,0,a303d1ea00000029,projected_order_1d,3900,39,,6b1a6a8ea9742b79,8400,11400
4,0,a303d1ea00000029,projected_order_1d,4000,40,,aa2a2767cf6ce311,8200,9700
4,0,a303d1ea00000029,projected_order_1d,4100,41,,bb8d0123be83f78d,7500,8200
4,0,a303d1ea00000029,hash_placebo,0,0,4,20c93c293c11f9f1,0,4300
4,0,a303d1ea0000002a,projected_order_1d,0,0,,a2e72b1f2a2582d1,7200,7800
4,0,a303d1ea0000002a,projected_order_1d,100,1,,5048f70f04be83c1,7200,7600
4,0,a303d1ea0000002a,projected_order_1d,200,2,,8fd39205e7e903dd,7700,8100
4,0,a303d1ea0000002a,projected_order_1d,300,3,,51edd13c09faf7c1,7400,8400
4,0,a303d1ea0000002a,projected_order_1d,400,4,,31b8c7621370c749,8000,8300
4,0,a303d1ea0000002a,projected_order_1d,500,5,,7b07e05039267da1,7500,8100
4,0,a303d1ea0000002a,projected_order_1d,600,6,,53cffb78da8c43a1,7500,8200
4,0,a303d1ea0000002a,projected_order_1d,700,7,,66a20ff45d96ce51,7600,11400
4,0,a303d1ea0000002a,projected_order_1d,800,8,,c8c888c1b4dbb7e5,8900,12900
4,0,a303d1ea0000002a,projected_order_1d,900,9,,884058e4c5c7dab1,8400,11000
4,0,a303d1ea0000002a,projected_order_1d,1000,10,,567485dd729f0edd,7400,8000
4,0,a303d1ea0000002a,projected_order_1d,1100,11,,e722e706631b2285,8200,9800
4,0,a303d1ea0000002a,projected_order_1d,1200,12,,70cead4dbcd93019,7400,8100
4,0,a303d1ea0000002a,projected_order_1d,1300,13,,b3906150a1cf0665,7300,7800
4,0,a303d1ea0000002a,projected_order_1d,1400,14,,00df52eda573e5d1,7300,7800
4,0,a303d1ea0000002a,projected_order_1d,1500,15,,4330f45d9e25c4b1,7600,7800
4,0,a303d1ea0000002a,projected_order_1d,1600,16,,d3ee62cd5eda12cd,7700,8000
4,0,a303d1ea0000002a,projected_order_1d,1700,17,,f323a3ff96ad3621,7300,8400
4,0,a303d1ea0000002a,projected_order_1d,1800,18,,f584141acb52a8c5,7200,8100
4,0,a303d1ea0000002a,projected_order_1d,1900,19,,0c2088ffc15471f5,7500,8400
4,0,a303d1ea0000002a,projected_order_1d,2000,20,,dff7d586603ea9b9,7400,8600
4,0,a303d1ea0000002a,projected_order_1d,2100,21,,c5a4df7b726b6599,8400,11800
4,0,a303d1ea0000002a,projected_order_1d,2200,22,,95d7391610785559,7300,8300
4,0,a303d1ea0000002a,projected_order_1d,2300,23,,20b937bc8900b3c9,7600,7900
4,0,a303d1ea0000002a,projected_order_1d,2400,24,,565bb848af740d2d,8400,11000
4,0,a303d1ea0000002a,projected_order_1d,2500,25,,0175c2f6b5b0968d,7400,8000
4,0,a303d1ea0000002a,projected_order_1d,2600,26,,2918bf343db0508d,7900,8400
4,0,a303d1ea0000002a,projected_order_1d,2700,27,,ac210453b2fdddd9,8300,11900
4,0,a303d1ea0000002a,projected_order_1d,2800,28,,daf07a10b41ee819,7700,11700
4,0,a303d1ea0000002a,projected_order_1d,2900,29,,6984dc2bf34c1431,7400,8300
4,0,a303d1ea0000002a,projected_order_1d,3000,30,,c46a3284eb592e19,7300,8300
4,0,a303d1ea0000002a,projected_order_1d,3100,31,,9bbb1abf6a709ef5,7300,8000
4,0,a303d1ea0000002a,projected_order_1d,3200,32,,8161d11e982b2841,7300,7700
4,0,a303d1ea0000002a,projected_order_1d,3300,33,,ee512501bf23500d,8200,12100
4,0,a303d1ea0000002a,projected_order_1d,3400,34,,db00a3bbfac22e05,7300,8100
4,0,a303d1ea0000002a,projected_order_1d,3500,35,,fa437e6a411c52c5,7600,8400
4,0,a303d1ea0000002a,projected_order_1d,3600,36,,ee176d8b2d544451,7600,8000
4,0,a303d1ea0000002a,projected_order_1d,3700,37,,62d8de8b1443f515,7800,7900
4,0,a303d1ea0000002a,projected_order_1d,3800,38,,d612e85151ced159,8000,10700
4,0,a303d1ea0000002a,projected_order_1d,3900,39,,38e783993bb5b0e5,7300,8100
4,0,a303d1ea0000002a,projected_order_1d,4000,40,,ef9d9b3375b793dd,8400,11400
4,0,a303d1ea0000002a,projected_order_1d,4100,41,,f4bb76e8df88061d,9200,8200
4,0,a303d1ea0000002a,hash_placebo,0,0,0,800d700550ef4109,0,6000
4,1,a303d1ea0000002b,projected_order_1d,0,0,,a27b1ae2c95e77ad,8300,11500
4,1,a303d1ea0000002b,projected_order_1d,100,1,,2210da37a0d4c2f1,8300,12800
4,1,a303d1ea0000002b,projected_order_1d,200,2,,1725e2db74a528d1,8200,12700
4,1,a303d1ea0000002b,projected_order_1d,300,3,,c768146ea5179705,8600,11700
4,1,a303d1ea0000002b,projected_order_1d,400,4,,3d981423a923d885,8100,11200
4,1,a303d1ea0000002b,projected_order_1d,500,5,,80bb1d56da2e779d,8200,12300
4,1,a303d1ea0000002b,projected_order_1d,600,6,,7e04fb29f7f5b945,8400,12000
4,1,a303d1ea0000002b,projected_order_1d,700,7,,a30789a2fb49ba99,9600,11700
4,1,a303d1ea0000002b,projected_order_1d,800,8,,408137f78db87799,7300,8000
4,1,a303d1ea0000002b,projected_order_1d,900,9,,b2e8afff50281ef5,9000,12200
4,1,a303d1ea0000002b,projected_order_1d,1000,10,,ca84ccb210ca609d,8700,11800
4,1,a303d1ea0000002b,projected_order_1d,1100,11,,14677c0845e47fb9,8500,12000
4,1,a303d1ea0000002b,projected_order_1d,1200,12,,356ddf9912ee9eb1,8200,11300
4,1,a303d1ea0000002b,projected_order_1d,1300,13,,3842a1bb46793e0d,8200,11500
4,1,a303d1ea0000002b,projected_order_1d,1400,14,,5f95c4f25a827371,9200,12800
4,1,a303d1ea0000002b,projected_order_1d,1500,15,,b52b5b63daf8d0f9,8200,11800
4,1,a303d1ea0000002b,projected_order_1d,1600,16,,74515505380daacd,7300,8300
4,1,a303d1ea0000002b,projected_order_1d,1700,17,,d01e2392c24cedd1,8200,11500
4,1,a303d1ea0000002b,projected_order_1d,1800,18,,66d2ab425afe6821,8100,11300
4,1,a303d1ea0000002b,projected_order_1d,1900,19,,11d5e519dff5dd19,7400,8100
4,1,a303d1ea0000002b,projected_order_1d,2000,20,,a5525c96a0684ded,8600,12800
4,1,a303d1ea0000002b,projected_order_1d,2100,21,,c1866a619e910d61,8100,8300
4,1,a303d1ea0000002b,projected_order_1d,2200,22,,39ba02ee804b7b99,8700,11900
4,1,a303d1ea0000002b,projected_order_1d,2300,23,,1909dca666f06cfd,8600,12400
4,1,a303d1ea0000002b,projected_order_1d,2400,24,,7af6d295194b4355,8400,12700
4,1,a303d1ea0000002b,projected_order_1d,2500,25,,dc6754070874804d,8400,11900
4,1,a303d1ea0000002b,projected_order_1d,2600,26,,d65ee81a19f94599,8400,12600
4,1,a303d1ea0000002b,projected_order_1d,2700,27,,d3b5fbcf7a2220c5,7500,8000
4,1,a303d1ea0000002b,projected_order_1d,2800,28,,40d79c40fd4ed099,8500,12000
4,1,a303d1ea0000002b,projected_order_1d,2900,29,,96328c4d52560551,8300,12500
4,1,a303d1ea0000002b,projected_order_1d,3000,30,,bf11dc6b81736541,10300,15400
4,1,a303d1ea0000002b,projected_order_1d,3100,31,,bc26c06b49a161fd,8500,12400
4,1,a303d1ea0000002b,projected_order_1d,3200,32,,08e4200c074aa0dd,8300,12800
4,1,a303d1ea0000002b,projected_order_1d,3300,33,,b6d6e1a3ce1b664d,7400,8200
4,1,a303d1ea0000002b,projected_order_1d,3400,34,,17f111c5638ae465,8700,12500
4,1,a303d1ea0000002b,projected_order_1d,3500,35,,ee5ff2aaac3904f5,8700,12300
4,1,a303d1ea0000002b,projected_order_1d,3600,36,,9c1764dbf7806351,8800,10500
4,1,a303d1ea0000002b,projected_order_1d,3700,37,,fa59210865bcc3dd,8700,13100
4,1,a303d1ea0000002b,projected_order_1d,3800,38,,af95228cf6a156fd,8600,11700
4,1,a303d1ea0000002b,projected_order_1d,3900,39,,8ec2d5a99241812d,8700,12500
4,1,a303d1ea0000002b,projected_order_1d,4000,40,,a9331d865fa96965,8800,12400
4,1,a303d1ea0000002b,projected_order_1d,4100,41,,97f6df44305b2a7d,8300,12100
4,1,a303d1ea0000002b,hash_placebo,0,0,7,6dc24e9a85dcc575,0,4400
4,1,a303d1ea0000002c,projected_order_1d,0,0,,a27b1ae2c95e77ad,8500,11000
4,1,a303d1ea0000002c,projected_order_1d,100,1,,7f92cdd5cc43b355,8900,12200
4,1,a303d1ea0000002c,projected_order_1d,200,2,,f24a7aa02dc8def9,8200,12100
4,1,a303d1ea0000002c,projected_order_1d,300,3,,88aa4ddc42e2cd8d,8300,12500
4,1,a303d1ea0000002c,projected_order_1d,400,4,,0c5d5075a54e83ed,8400,12100
4,1,a303d1ea0000002c,projected_order_1d,500,5,,8a4bc8e3214afec9,8400,11600
4,1,a303d1ea0000002c,projected_order_1d,600,6,,1b41b425aa74e7c1,8100,12700
4,1,a303d1ea0000002c,projected_order_1d,700,7,,d268694bdd6edde9,7700,11700
4,1,a303d1ea0000002c,projected_order_1d,800,8,,5720358b0b78abcd,8400,11900
4,1,a303d1ea0000002c,projected_order_1d,900,9,,019fd16fd17510ad,8400,12200
4,1,a303d1ea0000002c,projected_order_1d,1000,10,,c758c7fa71d4b35d,8400,11700
4,1,a303d1ea0000002c,projected_order_1d,1100,11,,5ad442d1bfc0cbf1,8500,12500
4,1,a303d1ea0000002c,projected_order_1d,1200,12,,f9d1904af9f384dd,8600,11300
4,1,a303d1ea0000002c,projected_order_1d,1300,13,,f4ebb097aacc69b9,7700,8000
4,1,a303d1ea0000002c,projected_order_1d,1400,14,,4f42a899d5437369,8500,12500
4,1,a303d1ea0000002c,projected_order_1d,1500,15,,207255ac1c1aef09,8500,12100
4,1,a303d1ea0000002c,projected_order_1d,1600,16,,c87566bd205106f5,7800,7900
4,1,a303d1ea0000002c,projected_order_1d,1700,17,,ce8a37f938ecf425,8000,8500
4,1,a303d1ea0000002c,projected_order_1d,1800,18,,e04ceaf0062e36b1,7400,8300
4,1,a303d1ea0000002c,projected_order_1d,1900,19,,e3ba5c34baec4885,7800,10200
4,1,a303d1ea0000002c,projected_order_1d,2000,20,,031b5363fd641dd5,8300,11700
4,1,a303d1ea0000002c,projected_order_1d,2100,21,,3832845e257897ad,8400,11700
4,1,a303d1ea0000002c,projected_order_1d,2200,22,,80b39cd1f484ba05,7400,8200
4,1,a303d1ea0000002c,projected_order_1d,2300,23,,985e0cea538d1255,7500,8200
4,1,a303d1ea0000002c,projected_order_1d,2400,24,,8bea97813fe29a19,8300,12100
4,1,a303d1ea0000002c,projected_order_1d,2500,25,,ded186ce7cdc6965,8500,11800
4,1,a303d1ea0000002c,projected_order_1d,2600,26,,3fe73fbe72b6da09,7100,8100
4,1,a303d1ea0000002c,projected_order_1d,2700,27,,cb1ebb23f19f7621,7400,8300
4,1,a303d1ea0000002c,projected_order_1d,2800,28,,cb185f6894ad2ca1,8300,11300
4,1,a303d1ea0000002c,projected_order_1d,2900,29,,39c6bcd248ccb9d5,8400,11200
4,1,a303d1ea0000002c,projected_order_1d,3000,30,,2204023d65e0e8c1,8300,13000
4,1,a303d1ea0000002c,projected_order_1d,3100,31,,def2636723c14285,7300,8300
4,1,a303d1ea0000002c,projected_order_1d,3200,32,,a397bc4cc5064f41,8200,12500
4,1,a303d1ea0000002c,projected_order_1d,3300,33,,06fc1b0c6741c24d,8500,12400
4,1,a303d1ea0000002c,projected_order_1d,3400,34,,9268ddd1d808190d,8400,11200
4,1,a303d1ea0000002c,projected_order_1d,3500,35,,8a5bf1b45c8b04e1,7300,8400
4,1,a303d1ea0000002c,projected_order_1d,3600,36,,33d72b9958680ebd,7300,7800
4,1,a303d1ea0000002c,projected_order_1d,3700,37,,d923f19a0f541b79,7300,7800
4,1,a303d1ea0000002c,projected_order_1d,3800,38,,a738c07bb03298f1,7600,7900
4,1,a303d1ea0000002c,projected_order_1d,3900,39,,e28bfbfd66c702f1,7300,8000
4,1,a303d1ea0000002c,projected_order_1d,4000,40,,2173f3128ca71e5d,7300,7900
4,1,a303d1ea0000002c,projected_order_1d,4100,41,,ad0512bc9a7b9e41,7300,8200
4,1,a303d1ea0000002c,hash_placebo,0,0,3,8e228c41c267e92d,0,5700
4,2,a303d1ea0000002d,projected_order_1d,0,0,,b6ebcb58e9586c95,7300,8200
4,2,a303d1ea0000002d,projected_order_1d,100,1,,74874412cbef9055,7400,7900
4,2,a303d1ea0000002d,projected_order_1d,200,2,,077212bb914040d5,7400,8000
4,2,a303d1ea0000002d,projected_order_1d,300,3,,715ab5ddf261a875,7300,7800
4,2,a303d1ea0000002d,projected_order_1d,400,4,,607b94b41fbf7c85,8300,11600
4,2,a303d1ea0000002d,projected_order_1d,500,5,,1dab4d3533a66b4d,8900,13200
4,2,a303d1ea0000002d,projected_order_1d,600,6,,392563b9d5610e6d,8500,11600
4,2,a303d1ea0000002d,projected_order_1d,700,7,,06c5ad7935659f39,7400,8000
4,2,a303d1ea0000002d,projected_order_1d,800,8,,529cc8c347471ea1,7400,8000
4,2,a303d1ea0000002d,projected_order_1d,900,9,,4fc691cd856f11ad,8700,11900
4,2,a303d1ea0000002d,projected_order_1d,1000,10,,980167ad16567ed5,8400,11400
4,2,a303d1ea0000002d,projected_order_1d,1100,11,,c2f34d77874a7481,8400,12300
4,2,a303d1ea0000002d,projected_order_1d,1200,12,,2bcb1b49f21cd725,8300,11400
4,2,a303d1ea0000002d,projected_order_1d,1300,13,,0e5ce110b00e4c49,8200,11400
4,2,a303d1ea0000002d,projected_order_1d,1400,14,,bba3f3d06e6cac19,7200,8100
4,2,a303d1ea0000002d,projected_order_1d,1500,15,,e574ba51c01d14bd,7800,11100
4,2,a303d1ea0000002d,projected_order_1d,1600,16,,0b0993f57fee0411,7300,8600
4,2,a303d1ea0000002d,projected_order_1d,1700,17,,9ce0e7f4b096cfc9,8400,11800
4,2,a303d1ea0000002d,projected_order_1d,1800,18,,a5da977fb4b90fa1,7400,8000
4,2,a303d1ea0000002d,projected_order_1d,1900,19,,3d4169bf8342d751,7500,8100
4,2,a303d1ea0000002d,projected_order_1d,2000,20,,ec9c9c67b55430d9,8400,11300
4,2,a303d1ea0000002d,projected_order_1d,2100,21,,19003e1d130f6331,7400,8500
4,2,a303d1ea0000002d,projected_order_1d,2200,22,,79d0fb4b6b74c841,7300,8100
4,2,a303d1ea0000002d,projected_order_1d,2300,23,,6b4f92f09cd75615,7600,8300
4,2,a303d1ea0000002d,projected_order_1d,2400,24,,cb64e2a53f67a275,7400,8100
4,2,a303d1ea0000002d,projected_order_1d,2500,25,,91a86848e43382f5,8600,11200
4,2,a303d1ea0000002d,projected_order_1d,2600,26,,2d66f9264991df59,7900,8100
4,2,a303d1ea0000002d,projected_order_1d,2700,27,,56f58ef2c517b035,9700,10100
4,2,a303d1ea0000002d,projected_order_1d,2800,28,,c0358925c16c3f4d,7300,8500
4,2,a303d1ea0000002d,projected_order_1d,2900,29,,402c0d59363a18f1,7400,7900
4,2,a303d1ea0000002d,projected_order_1d,3000,30,,663e2c6bcd897bfd,8000,8400
4,2,a303d1ea0000002d,projected_order_1d,3100,31,,6e2df2e976dadde5,8300,12300
4,2,a303d1ea0000002d,projected_order_1d,3200,32,,5849de662379a8e9,7300,8000
4,2,a303d1ea0000002d,projected_order_1d,3300,33,,458d0a18017dfd35,7400,7900
4,2,a303d1ea0000002d,projected_order_1d,3400,34,,294687617a1bcbcd,7300,8200
4,2,a303d1ea0000002d,projected_order_1d,3500,35,,5fc6fb09bfe1c0a9,7400,8400
4,2,a303d1ea0000002d,projected_order_1d,3600,36,,635e5e7307d83195,7300,7900
4,2,a303d1ea0000002d,projected_order_1d,3700,37,,f056003ece63f6d5,7400,7800
4,2,a303d1ea0000002d,projected_order_1d,3800,38,,e501d007e21a7951,7300,8100
4,2,a303d1ea0000002d,projected_order_1d,3900,39,,92d3008069d28c31,7400,7900
4,2,a303d1ea0000002d,projected_order_1d,4000,40,,150e080d1e9596a1,7300,8300
4,2,a303d1ea0000002d,projected_order_1d,4100,41,,c15c1a6301bc595d,8400,12200
4,2,a303d1ea0000002d,hash_placebo,0,0,2,8ec04bf49bf34a6d,0,3900
4,2,a303d1ea0000002e,projected_order_1d,0,0,,b6ebcb58e9586c95,7400,8200
4,2,a303d1ea0000002e,projected_order_1d,100,1,,2fbd4058906c361d,8200,10000
4,2,a303d1ea0000002e,projected_order_1d,200,2,,edd316d9699ff3cd,7500,7900
4,2,a303d1ea0000002e,projected_order_1d,300,3,,abaebb5ec07bcedd,7200,8000
4,2,a303d1ea0000002e,projected_order_1d,400,4,,b370a7a45f998ce5,7400,8100
4,2,a303d1ea0000002e,projected_order_1d,500,5,,1a7f984e85843611,7900,10600
4,2,a303d1ea0000002e,projected_order_1d,600,6,,300b50785dd0f8b5,7500,8200
4,2,a303d1ea0000002e,projected_order_1d,700,7,,5b113be38d8652cd,7600,8200
4,2,a303d1ea0000002e,projected_order_1d,800,8,,2e9981ed65319901,7300,8100
4,2,a303d1ea0000002e,projected_order_1d,900,9,,08df52b38d0f784d,7400,8100
4,2,a303d1ea0000002e,projected_order_1d,1000,10,,fe79a2ac24ccd959,8400,8700
4,2,a303d1ea0000002e,projected_order_1d,1100,11,,59f2a9172c74fb19,8200,11000
4,2,a303d1ea0000002e,projected_order_1d,1200,12,,b79b83d9fcd7edd5,8900,11400
4,2,a303d1ea0000002e,projected_order_1d,1300,13,,21727deeff914bb5,8400,11100
4,2,a303d1ea0000002e,projected_order_1d,1400,14,,627497f2cabc2599,7400,8000
4,2,a303d1ea0000002e,projected_order_1d,1500,15,,ae0ba775a3c0a5b5,7300,8400
4,2,a303d1ea0000002e,projected_order_1d,1600,16,,323ca6f2db4a73a1,8400,12300
4,2,a303d1ea0000002e,projected_order_1d,1700,17,,5106a15eaaee31a5,7500,7900
4,2,a303d1ea0000002e,projected_order_1d,1800,18,,2fcd1a277a38174d,7500,8100
4,2,a303d1ea0000002e,projected_order_1d,1900,19,,e374bd7f6c515ed1,7300,8300
4,2,a303d1ea0000002e,projected_order_1d,2000,20,,aea21ac4558cbda9,7300,8200
4,2,a303d1ea0000002e,projected_order_1d,2100,21,,4af4de9659f2fb9d,7300,8600
4,2,a303d1ea0000002e,projected_order_1d,2200,22,,29be18b418ec5cfd,7300,8100
4,2,a303d1ea0000002e,projected_order_1d,2300,23,,e41f679d43d255c9,7300,8200
4,2,a303d1ea0000002e,projected_order_1d,2400,24,,c79590e2355996ad,8100,12100
4,2,a303d1ea0000002e,projected_order_1d,2500,25,,23888a567e95639d,7900,10800
4,2,a303d1ea0000002e,projected_order_1d,2600,26,,0d62387f8aff1fd5,8700,12100
4,2,a303d1ea0000002e,projected_order_1d,2700,27,,f38c83de33b8eb91,7300,8100
4,2,a303d1ea0000002e,projected_order_1d,2800,28,,45a844a63c832379,7300,8100
4,2,a303d1ea0000002e,projected_order_1d,2900,29,,84b06964758ff0c5,8600,11000
4,2,a303d1ea0000002e,projected_order_1d,3000,30,,6e25519c2b9584d5,8200,9800
4,2,a303d1ea0000002e,projected_order_1d,3100,31,,7a97c82721ff3a95,8600,12100
4,2,a303d1ea0000002e,projected_order_1d,3200,32,,83d054fd0f2c91fd,8600,23700
4,2,a303d1ea0000002e,projected_order_1d,3300,33,,c2de9f26fab79871,7500,8100
4,2,a303d1ea0000002e,projected_order_1d,3400,34,,a2ddc71110586eed,8700,12700
4,2,a303d1ea0000002e,projected_order_1d,3500,35,,30dc0d59d0546269,9500,12100
4,2,a303d1ea0000002e,projected_order_1d,3600,36,,a1c82a30cabfd319,7400,8000
4,2,a303d1ea0000002e,projected_order_1d,3700,37,,82dce037b2915475,7400,8400
4,2,a303d1ea0000002e,projected_order_1d,3800,38,,cd7520f94a11280d,7700,8500
4,2,a303d1ea0000002e,projected_order_1d,3900,39,,a609daf92d2454d5,7400,8300
4,2,a303d1ea0000002e,projected_order_1d,4000,40,,866e8bb0f15f84d9,7400,8100
4,2,a303d1ea0000002e,projected_order_1d,4100,41,,23616eef9f2a505d,7400,8200
4,2,a303d1ea0000002e,hash_placebo,0,0,6,136f7bc9ccab051d,0,4100
4,3,a303d1ea0000002f,projected_order_1d,0,0,,eea47f27a76827d9,7300,8400
4,3,a303d1ea0000002f,projected_order_1d,100,1,,74e95c2f9f561eb1,7400,8400
4,3,a303d1ea0000002f,projected_order_1d,200,2,,e803119fb63cff51,7300,8100
4,3,a303d1ea0000002f,projected_order_1d,300,3,,f4a923566f877fa9,9800,12900
4,3,a303d1ea0000002f,projected_order_1d,400,4,,1b13ee47394ead9d,7400,8900
4,3,a303d1ea0000002f,projected_order_1d,500,5,,dcc50afb51ab3125,8000,8200
4,3,a303d1ea0000002f,projected_order_1d,600,6,,70341cf77988d545,8800,12300
4,3,a303d1ea0000002f,projected_order_1d,700,7,,82e08daffdf0d971,7300,7900
4,3,a303d1ea0000002f,projected_order_1d,800,8,,11415c817b6130b9,7400,7900
4,3,a303d1ea0000002f,projected_order_1d,900,9,,42bde1e49f82a041,7300,8100
4,3,a303d1ea0000002f,projected_order_1d,1000,10,,d5f56306fb8cb3d9,7300,8300
4,3,a303d1ea0000002f,projected_order_1d,1100,11,,764b6e0da98250b5,7400,8300
4,3,a303d1ea0000002f,projected_order_1d,1200,12,,d6d4e208f373f2e1,7300,8100
4,3,a303d1ea0000002f,projected_order_1d,1300,13,,c8d518090ef26ce1,7300,8000
4,3,a303d1ea0000002f,projected_order_1d,1400,14,,9c784a77ab633c09,8200,10300
4,3,a303d1ea0000002f,projected_order_1d,1500,15,,4c7ab195cc23c51d,7500,8300
4,3,a303d1ea0000002f,projected_order_1d,1600,16,,c33d51d59e68bb99,7400,8100
4,3,a303d1ea0000002f,projected_order_1d,1700,17,,6953492b81f1748d,7300,7900
4,3,a303d1ea0000002f,projected_order_1d,1800,18,,7d143bc9e4a9eb8d,7200,7900
4,3,a303d1ea0000002f,projected_order_1d,1900,19,,b1cce50f737b8ec1,7600,8000
4,3,a303d1ea0000002f,projected_order_1d,2000,20,,e8f95dd160663b11,7500,8100
4,3,a303d1ea0000002f,projected_order_1d,2100,21,,c6f6c0f6f4dce3d5,7300,8700
4,3,a303d1ea0000002f,projected_order_1d,2200,22,,cd8d3d9f859ce22d,7200,8100
4,3,a303d1ea0000002f,projected_order_1d,2300,23,,5d4e7839fda70c15,7400,8100
4,3,a303d1ea0000002f,projected_order_1d,2400,24,,92f7a6d619d64961,7400,8100
4,3,a303d1ea0000002f,projected_order_1d,2500,25,,7676c868a46fcd89,8200,10200
4,3,a303d1ea0000002f,projected_order_1d,2600,26,,a559cb2bba1fc45d,8200,11500
4,3,a303d1ea0000002f,projected_order_1d,2700,27,,d34103eeaeb70709,7600,8400
4,3,a303d1ea0000002f,projected_order_1d,2800,28,,0097e30b9da4e5f5,8100,8600
4,3,a303d1ea0000002f,projected_order_1d,2900,29,,2b12ae62271276b5,8500,11800
4,3,a303d1ea0000002f,projected_order_1d,3000,30,,9d3e584ad6029eed,7600,8100
4,3,a303d1ea0000002f,projected_order_1d,3100,31,,0c876ce01559b8a9,8200,11600
4,3,a303d1ea0000002f,projected_order_1d,3200,32,,150df250f0fe8c39,8200,11000
4,3,a303d1ea0000002f,projected_order_1d,3300,33,,04c960a915a553b5,7500,8200
4,3,a303d1ea0000002f,projected_order_1d,3400,34,,f5e96f49210b2cf1,8000,8000
4,3,a303d1ea0000002f,projected_order_1d,3500,35,,3a14be0f6bea71ad,8500,12100
4,3,a303d1ea0000002f,projected_order_1d,3600,36,,2b64b2730455531d,8400,11400
4,3,a303d1ea0000002f,projected_order_1d,3700,37,,226c3b5045b4fd39,7300,8000
4,3,a303d1ea0000002f,projected_order_1d,3800,38,,4b66675210e47c4d,7900,11100
4,3,a303d1ea0000002f,projected_order_1d,3900,39,,6628b43e9f7c9d79,7600,9800
4,3,a303d1ea0000002f,projected_order_1d,4000,40,,fcd470fe7cae6a09,7400,8400
4,3,a303d1ea0000002f,projected_order_1d,4100,41,,2ad20bfeb187b861,7400,8200
4,3,a303d1ea0000002f,hash_placebo,0,0,5,e19b80df552ce8f9,0,4100
4,3,a303d1ea00000030,projected_order_1d,0,0,,eea47f27a76827d9,8800,12600
4,3,a303d1ea00000030,projected_order_1d,100,1,,e9254a75db97a221,7300,8300
4,3,a303d1ea00000030,projected_order_1d,200,2,,fe487373175429ad,9100,13000
4,3,a303d1ea00000030,projected_order_1d,300,3,,ab67802c6c336a21,8300,10800
4,3,a303d1ea00000030,projected_order_1d,400,4,,d17a5291836b68a1,7400,8600
4,3,a303d1ea00000030,projected_order_1d,500,5,,a0c63e6292851279,8300,11300
4,3,a303d1ea00000030,projected_order_1d,600,6,,106def813b0dd8c9,7200,8000
4,3,a303d1ea00000030,projected_order_1d,700,7,,a1a89bd31674f2a1,9000,11800
4,3,a303d1ea00000030,projected_order_1d,800,8,,a04ccc7b482b6875,7400,8300
4,3,a303d1ea00000030,projected_order_1d,900,9,,64212ce0fc134305,7300,8200
4,3,a303d1ea00000030,projected_order_1d,1000,10,,795c6a097926ca59,8200,10900
4,3,a303d1ea00000030,projected_order_1d,1100,11,,9b7f332babdccdd9,7300,8200
4,3,a303d1ea00000030,projected_order_1d,1200,12,,96f1140c160c599d,8300,11300
4,3,a303d1ea00000030,projected_order_1d,1300,13,,f32c50e382823f51,7300,7900
4,3,a303d1ea00000030,projected_order_1d,1400,14,,8bdbeb19c3f39e05,8500,11100
4,3,a303d1ea00000030,projected_order_1d,1500,15,,76f2d57a6ca1ad61,8400,11800
4,3,a303d1ea00000030,projected_order_1d,1600,16,,539fd1107f01d701,11300,8500
4,3,a303d1ea00000030,projected_order_1d,1700,17,,093ae250f217381d,7400,8000
4,3,a303d1ea00000030,projected_order_1d,1800,18,,e35ba0d97e61f865,7400,7800
4,3,a303d1ea00000030,projected_order_1d,1900,19,,761eec3758c703f1,8500,11000
4,3,a303d1ea00000030,projected_order_1d,2000,20,,351ef5f93b721c89,8500,11200
4,3,a303d1ea00000030,projected_order_1d,2100,21,,bd8b61f1242ab06d,8500,10800
4,3,a303d1ea00000030,projected_order_1d,2200,22,,a2f42c32822a2c4d,7200,8000
4,3,a303d1ea00000030,projected_order_1d,2300,23,,109fbc062eaa32b5,7600,7700
4,3,a303d1ea00000030,projected_order_1d,2400,24,,a9562bebbde20dc5,7700,7900
4,3,a303d1ea00000030,projected_order_1d,2500,25,,21856200c02dea91,7200,8200
4,3,a303d1ea00000030,projected_order_1d,2600,26,,3001bc17dc5292c9,8400,12100
4,3,a303d1ea00000030,projected_order_1d,2700,27,,0186158913645e25,7500,7900
4,3,a303d1ea00000030,projected_order_1d,2800,28,,dcbe406ec8b73b1d,8300,12100
4,3,a303d1ea00000030,projected_order_1d,2900,29,,abf8fae871299209,8600,11200
4,3,a303d1ea00000030,projected_order_1d,3000,30,,d5041e808f80fb05,7400,8200
4,3,a303d1ea00000030,projected_order_1d,3100,31,,f3d4415038329b01,7400,7800
4,3,a303d1ea00000030,projected_order_1d,3200,32,,9feeb6e5357c5d41,8200,11100
4,3,a303d1ea00000030,projected_order_1d,3300,33,,07b9c68b09b3ec15,8300,12200
4,3,a303d1ea00000030,projected_order_1d,3400,34,,e44729375b864021,8300,11100
4,3,a303d1ea00000030,projected_order_1d,3500,35,,ad2c2d1573418641,8100,11600
4,3,a303d1ea00000030,projected_order_1d,3600,36,,7a6ff08b3975f52d,8900,8600
4,3,a303d1ea00000030,projected_order_1d,3700,37,,7f85c21945afc259,7400,10300
4,3,a303d1ea00000030,projected_order_1d,3800,38,,83bf5cd44675c935,7400,7900
4,3,a303d1ea00000030,projected_order_1d,3900,39,,a2b89202020c2e09,7300,8100
4,3,a303d1ea00000030,projected_order_1d,4000,40,,71fd5e1a1e1f2b15,7400,7900
4,3,a303d1ea00000030,projected_order_1d,4100,41,,109ac92386e42ed5,7600,8400
4,3,a303d1ea00000030,hash_placebo,0,0,1,08d2d3f44d694801,0,6300
4,4,a303d1ea00000031,projected_order_1d,0,0,,c935361f6b120c39,7400,7700
4,4,a303d1ea00000031,projected_order_1d,100,1,,b271611fe0abb4c9,7700,8000
4,4,a303d1ea00000031,projected_order_1d,200,2,,500e268a69d47bd5,7400,8200
4,4,a303d1ea00000031,projected_order_1d,300,3,,cf9c4ff3f5e4d3d9,8200,11000
4,4,a303d1ea00000031,projected_order_1d,400,4,,a9474e7b6551454d,7100,7900
4,4,a303d1ea00000031,projected_order_1d,500,5,,757dffde37b025cd,8400,12300
4,4,a303d1ea00000031,projected_order_1d,600,6,,45c81ebf98741999,8100,11500
4,4,a303d1ea00000031,projected_order_1d,700,7,,624217641bac7b4d,7400,8100
4,4,a303d1ea00000031,projected_order_1d,800,8,,6aaa2016f5ce32fd,7300,8100
4,4,a303d1ea00000031,projected_order_1d,900,9,,75cdf663acb084a9,7300,8100
4,4,a303d1ea00000031,projected_order_1d,1000,10,,9b0f8f14cdb379ed,7500,8600
4,4,a303d1ea00000031,projected_order_1d,1100,11,,8bd52f9a0df7e445,7400,8200
4,4,a303d1ea00000031,projected_order_1d,1200,12,,da9187eec94e3601,7200,8000
4,4,a303d1ea00000031,projected_order_1d,1300,13,,c429671b1494b089,8700,12300
4,4,a303d1ea00000031,projected_order_1d,1400,14,,04d80779a9327de5,7600,8100
4,4,a303d1ea00000031,projected_order_1d,1500,15,,dc7381e22c3b3d71,7400,7900
4,4,a303d1ea00000031,projected_order_1d,1600,16,,47f6b5150a00a0f1,7400,8600
4,4,a303d1ea00000031,projected_order_1d,1700,17,,6ae3b836c346680d,7400,8200
4,4,a303d1ea00000031,projected_order_1d,1800,18,,ddfd40062985e415,7400,8400
4,4,a303d1ea00000031,projected_order_1d,1900,19,,da596d3e25c312b9,8300,12200
4,4,a303d1ea00000031,projected_order_1d,2000,20,,ea376edf2eaa21c9,7900,8200
4,4,a303d1ea00000031,projected_order_1d,2100,21,,598b91f1d0a70271,8200,11800
4,4,a303d1ea00000031,projected_order_1d,2200,22,,e1a28457d0b5afe5,7300,8300
4,4,a303d1ea00000031,projected_order_1d,2300,23,,844a005576070411,7400,9400
4,4,a303d1ea00000031,projected_order_1d,2400,24,,a3d43d4ba70175a1,7300,7800
4,4,a303d1ea00000031,projected_order_1d,2500,25,,28bcf44ffff7c191,9000,12500
4,4,a303d1ea00000031,projected_order_1d,2600,26,,af0bd26523dd87f5,8400,12100
4,4,a303d1ea00000031,projected_order_1d,2700,27,,24abc0463328ee55,8200,12300
4,4,a303d1ea00000031,projected_order_1d,2800,28,,55c46aac23cdacbd,8400,12100
4,4,a303d1ea00000031,projected_order_1d,2900,29,,aee9d93b428e594d,7300,8100
4,4,a303d1ea00000031,projected_order_1d,3000,30,,be04aa916336ef1d,8300,12100
4,4,a303d1ea00000031,projected_order_1d,3100,31,,7f9995f916f976d5,8400,11800
4,4,a303d1ea00000031,projected_order_1d,3200,32,,294d3ec55ce3bc29,8400,12200
4,4,a303d1ea00000031,projected_order_1d,3300,33,,1533b9063218cba9,8300,12200
4,4,a303d1ea00000031,projected_order_1d,3400,34,,1d46e67ad09b5121,8400,11300
4,4,a303d1ea00000031,projected_order_1d,3500,35,,7a3c53ff36364011,7500,8300
4,4,a303d1ea00000031,projected_order_1d,3600,36,,9948c786fee51fcd,8700,12200
4,4,a303d1ea00000031,projected_order_1d,3700,37,,99d86ba145c62ca5,7500,9500
4,4,a303d1ea00000031,projected_order_1d,3800,38,,18cebf7c624013f5,8000,11500
4,4,a303d1ea00000031,projected_order_1d,3900,39,,7e97094afc1488bd,8200,12100
4,4,a303d1ea00000031,projected_order_1d,4000,40,,68d05e345803d461,8500,12800
4,4,a303d1ea00000031,projected_order_1d,4100,41,,685b3f76b2e612a1,8300,12200
4,4,a303d1ea00000031,hash_placebo,0,0,0,800d700550ef4109,0,5500
4,4,a303d1ea00000032,projected_order_1d,0,0,,c935361f6b120c39,8200,11400
4,4,a303d1ea00000032,projected_order_1d,100,1,,5a08448185f77281,8400,12800
4,4,a303d1ea00000032,projected_order_1d,200,2,,4e09631900bf036d,7400,8100
4,4,a303d1ea00000032,projected_order_1d,300,3,,641f482e55be2f2d,9200,12400
4,4,a303d1ea00000032,projected_order_1d,400,4,,a7acf6a2b83cd15d,8200,12200
4,4,a303d1ea00000032,projected_order_1d,500,5,,d14df6d37295b929,8300,12300
4,4,a303d1ea00000032,projected_order_1d,600,6,,d4edd39389aa30dd,8700,12400
4,4,a303d1ea00000032,projected_order_1d,700,7,,11038ab4921174d5,7300,8300
4,4,a303d1ea00000032,projected_order_1d,800,8,,8c323cadd1da5ab9,8400,12700
4,4,a303d1ea00000032,projected_order_1d,900,9,,ada5e3e2eed6d511,8300,12100
4,4,a303d1ea00000032,projected_order_1d,1000,10,,26ad7cb0146bbc7d,8800,12200
4,4,a303d1ea00000032,projected_order_1d,1100,11,,a1550799b7fc348d,8500,11900
4,4,a303d1ea00000032,projected_order_1d,1200,12,,bdacff0ab7c99ca1,8400,11800
4,4,a303d1ea00000032,projected_order_1d,1300,13,,ea7eda39a6c0f421,7400,25800
4,4,a303d1ea00000032,projected_order_1d,1400,14,,01f47a75fb7cc621,10300,13500
4,4,a303d1ea00000032,projected_order_1d,1500,15,,b7f367605328d61d,7400,8100
4,4,a303d1ea00000032,projected_order_1d,1600,16,,0c11fd4f1e413819,7400,8200
4,4,a303d1ea00000032,projected_order_1d,1700,17,,c36702287b39c6ed,8300,10800
4,4,a303d1ea00000032,projected_order_1d,1800,18,,b38af128b48f95b9,8400,12400
4,4,a303d1ea00000032,projected_order_1d,1900,19,,7db04229389c5931,8400,12000
4,4,a303d1ea00000032,projected_order_1d,2000,20,,1a807004c4f2e471,7300,8300
4,4,a303d1ea00000032,projected_order_1d,2100,21,,64b4a792e6fe385d,8300,12300
4,4,a303d1ea00000032,projected_order_1d,2200,22,,f004bd6387887ac5,8300,12200
4,4,a303d1ea00000032,projected_order_1d,2300,23,,9604c79b3d5c768d,8500,11200
4,4,a303d1ea00000032,projected_order_1d,2400,24,,24fef4daf4bf0111,8600,11800
4,4,a303d1ea00000032,projected_order_1d,2500,25,,d4a160d9288308dd,8500,12600
4,4,a303d1ea00000032,projected_order_1d,2600,26,,a0dea9ff86a2e8ed,8200,12200
4,4,a303d1ea00000032,projected_order_1d,2700,27,,27938c40ca8378e9,8700,11300
4,4,a303d1ea00000032,projected_order_1d,2800,28,,9feff7f5c4938d09,8100,12000
4,4,a303d1ea00000032,projected_order_1d,2900,29,,a4f564856d7430f9,8400,12100
4,4,a303d1ea00000032,projected_order_1d,3000,30,,c5407946cf2bce8d,8500,12500
4,4,a303d1ea00000032,projected_order_1d,3100,31,,f2f73c9f0d0bd26d,8600,12500
4,4,a303d1ea00000032,projected_order_1d,3200,32,,4efb59908d84bef1,8900,12100
4,4,a303d1ea00000032,projected_order_1d,3300,33,,d809c47ba31dad55,8600,11800
4,4,a303d1ea00000032,projected_order_1d,3400,34,,c063718e198f4c2d,7700,8400
4,4,a303d1ea00000032,projected_order_1d,3500,35,,6f951075494357b5,8500,12200
4,4,a303d1ea00000032,projected_order_1d,3600,36,,03d5302b641cf269,7700,8000
4,4,a303d1ea00000032,projected_order_1d,3700,37,,07bc7f9d876c0295,7700,7900
4,4,a303d1ea00000032,projected_order_1d,3800,38,,88bf1fcdbd65cd91,8800,12300
4,4,a303d1ea00000032,projected_order_1d,3900,39,,40c20fb455032c99,8600,11900
4,4,a303d1ea00000032,projected_order_1d,4000,40,,f38e5aad9da77bd9,8300,10900
4,4,a303d1ea00000032,projected_order_1d,4100,41,,4f2c0a6d29c256e9,7500,8000
4,4,a303d1ea00000032,hash_placebo,0,0,4,20c93c293c11f9f1,0,5500
