role,seed,step,action_split,block,left_parameter,right_parameter,left_rank,right_rank,left_delta,right_delta,exact_train_utility
development,8a6d39c17f02b4e5,600,development,1,108,106,0,0,-0.02000000,-0.02000000,-2.823770046234e-5
development,8a6d39c17f02b4e5,600,development,1,108,106,1,1,-0.01000000,-0.01000000,-1.362711191177e-5
development,8a6d39c17f02b4e5,600,development,2,109,105,0,0,-0.02000000,-0.02000000,-6.702480459353e-5
development,8a6d39c17f02b4e5,600,development,2,109,105,1,1,-0.01000000,-0.01000000,-2.786827644741e-5
development,8a6d39c17f02b4e5,600,development,3,110,104,0,1,-0.02000000,-0.01000000,1.308197738581e-6
development,8a6d39c17f02b4e5,600,development,3,110,104,1,0,-0.01000000,-0.02000000,-1.000942065730e-4
development,8a6d39c17f02b4e5,600,development,4,111,103,0,1,0.00000000,-0.02000000,0.000000000000e0
development,8a6d39c17f02b4e5,600,development,4,111,103,1,0,-0.02000000,0.00000000,0.000000000000e0
development,8a6d39c17f02b4e5,600,development,5,112,102,0,0,0.02000000,-0.02000000,-2.156943082809e-4
development,8a6d39c17f02b4e5,600,development,5,112,102,1,1,0.01000000,-0.01000000,-1.042553558364e-4
development,8a6d39c17f02b4e5,600,development,6,113,101,0,1,0.02000000,-0.01000000,-3.901179879904e-4
development,8a6d39c17f02b4e5,600,development,6,113,101,1,0,0.01000000,-0.02000000,-2.824570983648e-4
development,8a6d39c17f02b4e5,600,development,7,114,100,0,0,0.02000000,-0.02000000,1.984250993701e-4
development,8a6d39c17f02b4e5,600,development,7,114,100,1,1,0.01000000,-0.01000000,9.959129238268e-5
development,8a6d39c17f02b4e5,600,development,8,115,99,0,0,0.00000000,0.00000000,0.000000000000e0
development,8a6d39c17f02b4e5,600,development,8,115,99,1,1,-0.02000000,-0.02000000,0.000000000000e0
development,8a6d39c17f02b4e5,600,development,9,116,98,0,1,0.02000000,-0.01000000,1.395829021931e-4
development,8a6d39c17f02b4e5,600,development,9,116,98,1,0,0.01000000,-0.02000000,4.242236536811e-5
development,8a6d39c17f02b4e5,600,development,10,117,97,0,1,0.02000000,-0.01000000,-2.928307803813e-4
development,8a6d39c17f02b4e5,600,development,10,117,97,1,0,0.01000000,-0.02000000,-3.798268735409e-4
development,8a6d39c17f02b4e5,600,development,11,118,96,0,0,0.02000000,-0.02000000,-5.286186933517e-6
development,8a6d39c17f02b4e5,600,development,11,118,96,1,1,0.01000000,-0.01000000,2.613911931348e-7
development,8a6d39c17f02b4e5,600,development,12,119,95,0,1,0.00000000,-0.02000000,0.000000000000e0
development,8a6d39c17f02b4e5,600,development,12,119,95,1,0,-0.02000000,0.00000000,0.000000000000e0
development,8a6d39c17f02b4e5,600,development,13,120,94,0,1,-0.02000000,-0.01000000,-3.762760607060e-4
development,8a6d39c17f02b4e5,600,development,13,120,94,1,0,-0.01000000,-0.02000000,-4.555222985800e-4
development,8a6d39c17f02b4e5,600,development,14,121,93,0,0,-0.02000000,-0.02000000,-1.620985567570e-4
development,8a6d39c17f02b4e5,600,development,14,121,93,1,1,-0.01000000,-0.01000000,-7.158145308495e-5
development,8a6d39c17f02b4e5,600,development,15,122,92,0,0,0.02000000,0.02000000,-2.038342208834e-4
development,8a6d39c17f02b4e5,600,development,15,122,92,1,1,0.01000000,0.01000000,-6.659639620921e-5
development,8a6d39c17f02b4e5,600,development,16,0,91,0,1,-0.02000000,-0.02000000,-6.140582263470e-5
development,8a6d39c17f02b4e5,600,development,16,0,91,1,0,-0.01000000,0.00000000,-2.271309494972e-5
development,8a6d39c17f02b4e5,600,development,17,1,90,0,0,0.02000000,-0.02000000,8.514771616319e-5
development,8a6d39c17f02b4e5,600,development,17,1,90,1,1,0.01000000,-0.01000000,5.326854807208e-5
development,8a6d39c17f02b4e5,600,development,18,2,89,0,0,0.02000000,-0.02000000,-2.081481070491e-4
development,8a6d39c17f02b4e5,600,development,18,2,89,1,1,0.01000000,-0.01000000,-9.462609887123e-5
development,8a6d39c17f02b4e5,600,development,19,3,88,0,0,-0.02000000,0.02000000,3.188041227986e-5
development,8a6d39c17f02b4e5,600,development,19,3,88,1,1,-0.01000000,0.01000000,5.499087274075e-5
development,8a6d39c17f02b4e5,600,development,20,4,87,0,1,0.02000000,-0.02000000,-3.198360500392e-4
development,8a6d39c17f02b4e5,600,development,20,4,87,1,0,0.01000000,0.00000000,-1.514653413324e-4
development,8a6d39c17f02b4e5,600,development,21,5,86,0,0,-0.02000000,0.00000000,2.729582229222e-5
development,8a6d39c17f02b4e5,600,development,21,5,86,1,1,-0.01000000,-0.02000000,1.966332456504e-5
development,8a6d39c17f02b4e5,600,development,22,6,85,0,0,0.02000000,0.00000000,4.848465323448e-6
development,8a6d39c17f02b4e5,600,development,22,6,85,1,1,0.01000000,-0.02000000,6.337960712699e-6
development,8a6d39c17f02b4e5,600,development,23,7,84,0,1,-0.02000000,-0.02000000,-5.773144584964e-5
development,8a6d39c17f02b4e5,600,development,23,7,84,1,0,-0.01000000,0.00000000,-2.819982728397e-5
development,8a6d39c17f02b4e5,600,development,24,8,83,0,0,0.02000000,0.00000000,-2.118740230799e-4
development,8a6d39c17f02b4e5,600,development,24,8,83,1,1,0.01000000,-0.02000000,-7.139084482333e-5
development,8a6d39c17f02b4e5,600,development,25,9,82,0,0,-0.02000000,0.00000000,-6.671063601971e-5
development,8a6d39c17f02b4e5,600,development,25,9,82,1,1,-0.01000000,-0.02000000,-2.950554153358e-5
development,8a6d39c17f02b4e5,600,development,26,10,81,0,0,-0.02000000,0.00000000,-2.004299312830e-4
development,8a6d39c17f02b4e5,600,development,26,10,81,1,1,-0.01000000,-0.02000000,-9.353397035738e-5
development,8a6d39c17f02b4e5,600,development,27,11,80,0,1,-0.02000000,-0.02000000,-1.881339849206e-4
development,8a6d39c17f02b4e5,600,development,27,11,80,1,0,-0.01000000,0.00000000,-9.121870243689e-5
development,8a6d39c17f02b4e5,600,development,28,12,79,0,0,-0.02000000,0.02000000,5.240036989562e-4
development,8a6d39c17f02b4e5,600,development,28,12,79,1,1,-0.01000000,0.01000000,2.598296850920e-4
development,8a6d39c17f02b4e5,600,development,29,13,78,0,0,0.02000000,0.02000000,-8.454857015749e-5
development,8a6d39c17f02b4e5,600,development,29,13,78,1,1,0.01000000,0.01000000,-3.353133797646e-5
development,8a6d39c17f02b4e5,600,development,30,14,77,0,0,0.02000000,0.02000000,4.970220106770e-5
development,8a6d39c17f02b4e5,600,development,30,14,77,1,1,0.01000000,0.01000000,4.394911229610e-5
development,8a6d39c17f02b4e5,600,development,31,15,76,0,0,0.02000000,-0.02000000,1.748533250066e-4
development,8a6d39c17f02b4e5,600,development,31,15,76,1,1,0.01000000,-0.01000000,1.140994354500e-4
development,8a6d39c17f02b4e5,600,development,32,16,75,0,0,0.01000000,-0.02000000,-4.178378731012e-4
development,8a6d39c17f02b4e5,600,development,32,16,75,1,1,0.00500000,-0.01000000,-1.937896013260e-4
development,8a6d39c17f02b4e5,600,development,33,17,74,0,1,0.02000000,-0.01000000,-9.929947555065e-5
development,8a6d39c17f02b4e5,600,development,33,17,74,1,0,0.01000000,-0.02000000,-1.909304410219e-4
development,8a6d39c17f02b4e5,600,development,34,18,73,0,1,-0.02000000,-0.01000000,-5.417814008979e-6
development,8a6d39c17f02b4e5,600,development,34,18,73,1,0,-0.01000000,-0.02000000,1.889156737889e-5
development,8a6d39c17f02b4e5,600,development,35,19,72,0,1,0.02000000,0.01000000,-4.541004818748e-5
development,8a6d39c17f02b4e5,600,development,35,19,72,1,0,0.01000000,0.02000000,-6.534469866892e-5
development,8a6d39c17f02b4e5,600,development,36,20,71,0,0,0.02000000,0.02000000,3.117620944977e-4
development,8a6d39c17f02b4e5,600,development,36,20,71,1,1,0.01000000,0.01000000,2.024633140536e-4
development,8a6d39c17f02b4e5,600,development,37,21,70,0,1,-0.02000000,0.01000000,-5.552607399295e-5
development,8a6d39c17f02b4e5,600,development,37,21,70,1,0,-0.01000000,0.02000000,9.698793292046e-6
development,8a6d39c17f02b4e5,600,development,38,22,69,0,1,-0.02000000,-0.01000000,-1.617831439944e-4
development,8a6d39c17f02b4e5,600,development,38,22,69,1,0,-0.01000000,-0.02000000,-3.703745824168e-5
development,8a6d39c17f02b4e5,600,development,39,23,68,0,1,-0.02000000,-0.01000000,-1.093403770938e-4
development,8a6d39c17f02b4e5,600,development,39,23,68,1,0,-0.01000000,-0.02000000,1.945594885910e-5
development,8a6d39c17f02b4e5,600,development,40,24,67,0,0,-0.02000000,-0.02000000,-1.806840300560e-4
development,8a6d39c17f02b4e5,600,development,40,24,67,1,1,-0.01000000,-0.01000000,-9.015388786793e-5
development,8a6d39c17f02b4e5,600,development,41,25,66,0,0,0.02000000,-0.02000000,-5.584830887528e-6
development,8a6d39c17f02b4e5,600,development,41,25,66,1,1,0.01000000,-0.01000000,-2.720703605519e-6
development,8a6d39c17f02b4e5,600,development,42,26,65,0,1,0.02000000,-0.01000000,1.437962055206e-6
development,8a6d39c17f02b4e5,600,development,42,26,65,1,0,0.01000000,-0.02000000,3.580562770367e-5
development,8a6d39c17f02b4e5,600,development,43,27,64,0,1,0.02000000,-0.01000000,2.008366027439e-5
development,8a6d39c17f02b4e5,600,development,43,27,64,1,0,0.01000000,-0.02000000,3.852136433125e-5
development,8a6d39c17f02b4e5,600,development,44,28,63,0,0,0.02000000,-0.02000000,8.606910705566e-5
development,8a6d39c17f02b4e5,600,development,44,28,63,1,1,0.01000000,-0.01000000,4.350580275059e-5
development,8a6d39c17f02b4e5,600,development,45,29,62,0,0,-0.02000000,-0.01000000,-7.775425910950e-5
development,8a6d39c17f02b4e5,600,development,45,29,62,1,1,-0.01000000,-0.00500000,-3.872998058796e-5
development,8a6d39c17f02b4e5,600,development,46,30,61,0,0,-0.02000000,-0.02000000,9.324401617050e-5
development,8a6d39c17f02b4e5,600,development,46,30,61,1,1,-0.01000000,-0.01000000,4.690016430686e-5
development,8a6d39c17f02b4e5,600,development,47,31,60,0,1,-0.02000000,0.01000000,9.430013597012e-5
development,8a6d39c17f02b4e5,600,development,47,31,60,1,0,-0.01000000,0.02000000,8.527500176569e-5
development,8a6d39c17f02b4e5,600,development,48,32,59,0,1,0.02000000,0.01000000,-1.934946776601e-4
development,8a6d39c17f02b4e5,600,development,48,32,59,1,0,0.01000000,0.02000000,-8.627151692053e-5
development,8a6d39c17f02b4e5,600,development,49,33,58,0,0,-0.02000000,0.02000000,1.871306449175e-4
development,8a6d39c17f02b4e5,600,development,49,33,58,1,1,-0.01000000,0.01000000,9.425418829778e-5
development,8a6d39c17f02b4e5,600,development,50,34,57,0,1,-0.02000000,0.01000000,-2.301310451003e-4
development,8a6d39c17f02b4e5,600,development,50,34,57,1,0,-0.01000000,0.02000000,-9.743310511112e-5
development,8a6d39c17f02b4e5,600,development,51,35,56,0,1,-0.02000000,-0.01000000,-1.011037602439e-4
development,8a6d39c17f02b4e5,600,development,51,35,56,1,0,-0.01000000,-0.02000000,-1.789306552382e-4
development,8a6d39c17f02b4e5,600,development,52,36,55,0,0,-0.02000000,0.00000000,4.752476888825e-5
development,8a6d39c17f02b4e5,600,development,52,36,55,1,1,-0.01000000,-0.02000000,2.405792474747e-5
development,8a6d39c17f02b4e5,600,development,53,37,54,0,0,0.02000000,0.00000000,-1.750451774569e-4
development,8a6d39c17f02b4e5,600,development,53,37,54,1,1,0.01000000,-0.02000000,-8.740462362766e-5
development,8a6d39c17f02b4e5,600,development,54,38,53,0,0,0.02000000,0.00000000,2.341518847970e-4
development,8a6d39c17f02b4e5,600,development,54,38,53,1,1,0.01000000,-0.02000000,1.172690317617e-4
development,8a6d39c17f02b4e5,600,development,55,39,52,0,0,0.02000000,0.00000000,9.475523984293e-5
development,8a6d39c17f02b4e5,600,development,55,39,52,1,1,0.01000000,-0.02000000,4.765950143337e-5
development,8a6d39c17f02b4e5,600,development,56,40,51,0,1,0.00000000,-0.02000000,0.000000000000e0
development,8a6d39c17f02b4e5,600,development,56,40,51,1,0,-0.02000000,0.00000000,-3.395602107048e-6
development,8a6d39c17f02b4e5,600,development,57,41,50,0,0,0.00000000,0.00000000,0.000000000000e0
development,8a6d39c17f02b4e5,600,development,57,41,50,1,1,-0.02000000,-0.02000000,0.000000000000e0
development,8a6d39c17f02b4e5,600,development,58,42,49,0,1,-0.02000000,-0.02000000,-7.464177906513e-5
development,8a6d39c17f02b4e5,600,development,58,42,49,1,0,-0.01000000,0.00000000,-3.589254993130e-5
development,8a6d39c17f02b4e5,600,development,59,43,48,0,0,-0.02000000,0.00000000,-6.500631570816e-6
development,8a6d39c17f02b4e5,600,development,59,43,48,1,1,-0.01000000,-0.02000000,-3.252178430557e-6
development,8a6d39c17f02b4e5,600,development,60,44,47,0,1,-0.02000000,-0.02000000,-7.546196229669e-6
development,8a6d39c17f02b4e5,600,development,60,44,47,1,0,-0.01000000,0.00000000,5.313505880622e-6
development,8a6d39c17f02b4e5,600,development,61,45,46,0,1,0.00000000,-0.01000000,2.359350581571e-8
development,8a6d39c17f02b4e5,600,development,61,45,46,1,0,-0.02000000,-0.02000000,-1.701836822576e-6
development,8a6d39c17f02b4e5,600,evaluation,1,108,106,0,1,-0.02000000,-0.01000000,-4.086208718945e-5
development,8a6d39c17f02b4e5,600,evaluation,1,108,106,1,0,-0.01000000,-0.02000000,-1.002723934107e-6
development,8a6d39c17f02b4e5,600,evaluation,2,109,105,0,1,-0.02000000,-0.01000000,-4.378892481327e-5
development,8a6d39c17f02b4e5,600,evaluation,2,109,105,1,0,-0.01000000,-0.02000000,-4.848651587963e-5
development,8a6d39c17f02b4e5,600,evaluation,3,110,104,0,0,-0.02000000,-0.02000000,-6.926618516445e-5
development,8a6d39c17f02b4e5,600,evaluation,3,110,104,1,1,-0.01000000,-0.01000000,-3.070384263992e-5
development,8a6d39c17f02b4e5,600,evaluation,4,111,103,0,0,0.00000000,0.00000000,0.000000000000e0
development,8a6d39c17f02b4e5,600,evaluation,4,111,103,1,1,-0.02000000,-0.02000000,0.000000000000e0
development,8a6d39c17f02b4e5,600,evaluation,5,112,102,0,1,0.02000000,-0.01000000,-2.212884464825e-5
development,8a6d39c17f02b4e5,600,evaluation,5,112,102,1,0,0.01000000,-0.02000000,-2.972552028950e-4
development,8a6d39c17f02b4e5,600,evaluation,6,113,101,0,0,0.02000000,-0.02000000,-4.519925860222e-4
development,8a6d39c17f02b4e5,600,evaluation,6,113,101,1,1,0.01000000,-0.01000000,-2.218702138634e-4
development,8a6d39c17f02b4e5,600,evaluation,7,114,100,0,1,0.02000000,-0.01000000,9.362896526000e-5
development,8a6d39c17f02b4e5,600,evaluation,7,114,100,1,0,0.01000000,-0.02000000,2.043868153123e-4
development,8a6d39c17f02b4e5,600,evaluation,8,115,99,0,1,0.00000000,-0.02000000,0.000000000000e0
development,8a6d39c17f02b4e5,600,evaluation,8,115,99,1,0,-0.02000000,0.00000000,0.000000000000e0
development,8a6d39c17f02b4e5,600,evaluation,9,116,98,0,0,0.02000000,-0.02000000,1.209775582538e-4
development,8a6d39c17f02b4e5,600,evaluation,9,116,98,1,1,0.01000000,-0.01000000,6.102584302425e-5
development,8a6d39c17f02b4e5,600,evaluation,10,117,97,0,0,0.02000000,-0.02000000,-4.522856324911e-4
development,8a6d39c17f02b4e5,600,evaluation,10,117,97,1,1,0.01000000,-0.01000000,-2.216522843810e-4
development,8a6d39c17f02b4e5,600,evaluation,11,118,96,0,1,0.02000000,-0.01000000,-1.530013978481e-4
development,8a6d39c17f02b4e5,600,evaluation,11,118,96,1,0,0.01000000,-0.02000000,1.485478132963e-4
development,8a6d39c17f02b4e5,600,evaluation,12,119,95,0,0,0.00000000,0.00000000,0.000000000000e0
development,8a6d39c17f02b4e5,600,evaluation,12,119,95,1,1,-0.02000000,-0.02000000,0.000000000000e0
development,8a6d39c17f02b4e5,600,evaluation,13,120,94,0,0,-0.02000000,-0.02000000,-5.843192338943e-4
development,8a6d39c17f02b4e5,600,evaluation,13,120,94,1,1,-0.01000000,-0.01000000,-2.595229598228e-4
development,8a6d39c17f02b4e5,600,evaluation,14,121,93,0,1,-0.02000000,-0.01000000,-1.579597592354e-4
development,8a6d39c17f02b4e5,600,evaluation,14,121,93,1,0,-0.01000000,-0.02000000,-7.737427949905e-5
development,8a6d39c17f02b4e5,600,evaluation,15,122,92,0,1,0.02000000,0.01000000,-2.394057810307e-4
development,8a6d39c17f02b4e5,600,evaluation,15,122,92,1,0,0.01000000,0.02000000,-1.912191510201e-5
development,8a6d39c17f02b4e5,600,evaluation,16,0,91,0,0,-0.02000000,0.00000000,-6.140582263470e-5
development,8a6d39c17f02b4e5,600,evaluation,16,0,91,1,1,-0.01000000,-0.02000000,-2.271309494972e-5
development,8a6d39c17f02b4e5,600,evaluation,17,1,90,0,1,0.02000000,-0.01000000,1.185592263937e-4
development,8a6d39c17f02b4e5,600,evaluation,17,1,90,1,0,0.01000000,-0.02000000,1.996445098484e-5
development,8a6d39c17f02b4e5,600,evaluation,18,2,89,0,1,0.02000000,-0.01000000,-1.024131997838e-4
development,8a6d39c17f02b4e5,600,evaluation,18,2,89,1,0,0.01000000,-0.02000000,-2.001244574785e-4
development,8a6d39c17f02b4e5,600,evaluation,19,3,88,0,1,-0.02000000,0.01000000,7.111703598639e-5
development,8a6d39c17f02b4e5,600,evaluation,19,3,88,1,0,-0.01000000,0.02000000,1.603116652404e-5
development,8a6d39c17f02b4e5,600,evaluation,20,4,87,0,0,0.02000000,0.00000000,-3.198360500392e-4
development,8a6d39c17f02b4e5,600,evaluation,20,4,87,1,1,0.01000000,-0.02000000,-1.514653413324e-4
development,8a6d39c17f02b4e5,600,evaluation,21,5,86,0,1,-0.02000000,-0.02000000,2.729582229222e-5
development,8a6d39c17f02b4e5,600,evaluation,21,5,86,1,0,-0.01000000,0.00000000,1.966332456504e-5
development,8a6d39c17f02b4e5,600,evaluation,22,6,85,0,1,0.02000000,-0.02000000,4.848465323448e-6
development,8a6d39c17f02b4e5,600,evaluation,22,6,85,1,0,0.01000000,0.00000000,6.337960712699e-6
development,8a6d39c17f02b4e5,600,evaluation,23,7,84,0,0,-0.02000000,0.00000000,-5.773144584964e-5
development,8a6d39c17f02b4e5,600,evaluation,23,7,84,1,1,-0.01000000,-0.02000000,-2.819982728397e-5
development,8a6d39c17f02b4e5,600,evaluation,24,8,83,0,1,0.02000000,-0.02000000,-2.118740230799e-4
development,8a6d39c17f02b4e5,600,evaluation,24,8,83,1,0,0.01000000,0.00000000,-7.139084482333e-5
development,8a6d39c17f02b4e5,600,evaluation,25,9,82,0,1,-0.02000000,-0.02000000,-6.671063601971e-5
development,8a6d39c17f02b4e5,600,evaluation,25,9,82,1,0,-0.01000000,0.00000000,-2.950554153358e-5
development,8a6d39c17f02b4e5,600,evaluation,26,10,81,0,1,-0.02000000,-0.02000000,-2.004299312830e-4
development,8a6d39c17f02b4e5,600,evaluation,26,10,81,1,0,-0.01000000,0.00000000,-9.353397035738e-5
development,8a6d39c17f02b4e5,600,evaluation,27,11,80,0,0,-0.02000000,0.00000000,-1.881339849206e-4
development,8a6d39c17f02b4e5,600,evaluation,27,11,80,1,1,-0.01000000,-0.02000000,-9.121870243689e-5
development,8a6d39c17f02b4e5,600,evaluation,28,12,79,0,1,-0.02000000,0.01000000,4.425669612829e-4
development,8a6d39c17f02b4e5,600,evaluation,28,12,79,1,0,-0.01000000,0.02000000,3.412626683712e-4
development,8a6d39c17f02b4e5,600,evaluation,29,13,78,0,1,0.02000000,0.01000000,-1.761795283528e-4
development,8a6d39c17f02b4e5,600,evaluation,29,13,78,1,0,0.01000000,0.02000000,5.861744284630e-5
development,8a6d39c17f02b4e5,600,evaluation,30,14,77,0,1,0.02000000,0.01000000,8.716247975826e-5
development,8a6d39c17f02b4e5,600,evaluation,30,14,77,1,0,0.01000000,0.02000000,1.397977302986e-5
development,8a6d39c17f02b4e5,600,evaluation,31,15,76,0,1,0.02000000,-0.01000000,1.552756875753e-4
development,8a6d39c17f02b4e5,600,evaluation,31,15,76,1,0,0.01000000,-0.02000000,1.337372959824e-4
development,8a6d39c17f02b4e5,600,evaluation,32,16,75,0,1,0.01000000,-0.01000000,-3.668299468700e-4
development,8a6d39c17f02b4e5,600,evaluation,32,16,75,1,0,0.00500000,-0.02000000,-2.442840486765e-4
development,8a6d39c17f02b4e5,600,evaluation,33,17,74,0,0,0.02000000,-0.02000000,-1.966767013073e-4
development,8a6d39c17f02b4e5,600,evaluation,33,17,74,1,1,0.01000000,-0.01000000,-9.355942165712e-5
development,8a6d39c17f02b4e5,600,evaluation,34,18,73,0,0,-0.02000000,-0.02000000,2.260009495103e-7
development,8a6d39c17f02b4e5,600,evaluation,34,18,73,1,1,-0.01000000,-0.01000000,1.324526965618e-5
development,8a6d39c17f02b4e5,600,evaluation,35,19,72,0,0,0.02000000,0.02000000,-7.606111466885e-5
development,8a6d39c17f02b4e5,600,evaluation,35,19,72,1,1,0.01000000,0.01000000,-3.579507392715e-5
development,8a6d39c17f02b4e5,600,evaluation,36,20,71,0,1,0.02000000,0.01000000,3.084366617259e-4
development,8a6d39c17f02b4e5,600,evaluation,36,20,71,1,0,0.01000000,0.02000000,2.057471574517e-4
development,8a6d39c17f02b4e5,600,evaluation,37,21,70,0,0,-0.02000000,0.02000000,-4.642891508411e-5
development,8a6d39c17f02b4e5,600,evaluation,37,21,70,1,1,-0.01000000,0.01000000,6.016343832016e-7
development,8a6d39c17f02b4e5,600,evaluation,38,22,69,0,0,-0.02000000,-0.02000000,-1.468248665333e-4
development,8a6d39c17f02b4e5,600,evaluation,38,22,69,1,1,-0.01000000,-0.01000000,-5.199573934078e-5
development,8a6d39c17f02b4e5,600,evaluation,39,23,68,0,0,-0.02000000,-0.02000000,-1.017078757286e-4
development,8a6d39c17f02b4e5,600,evaluation,39,23,68,1,1,-0.01000000,-0.01000000,1.179551054520e-5
development,8a6d39c17f02b4e5,600,evaluation,40,24,67,0,1,-0.02000000,-0.01000000,-1.788592635421e-4
development,8a6d39c17f02b4e5,600,evaluation,40,24,67,1,0,-0.01000000,-0.02000000,-9.201591456076e-5
development,8a6d39c17f02b4e5,600,evaluation,41,25,66,0,1,0.02000000,-0.01000000,8.986021384771e-6
development,8a6d39c17f02b4e5,600,evaluation,41,25,66,1,0,0.01000000,-0.02000000,-1.728907227516e-5
development,8a6d39c17f02b4e5,600,evaluation,42,26,65,0,0,0.02000000,-0.02000000,-4.768371582031e-7
development,8a6d39c17f02b4e5,600,evaluation,42,26,65,1,1,0.01000000,-0.01000000,3.772291165660e-5
development,8a6d39c17f02b4e5,600,evaluation,43,27,64,0,0,0.02000000,-0.02000000,3.872811794281e-5
development,8a6d39c17f02b4e5,600,evaluation,43,27,64,1,1,0.01000000,-0.01000000,1.983034053410e-5
development,8a6d39c17f02b4e5,600,evaluation,44,28,63,0,1,0.02000000,-0.01000000,6.595253944397e-5
development,8a6d39c17f02b4e5,600,evaluation,44,28,63,1,0,0.01000000,-0.02000000,6.360188126564e-5
development,8a6d39c17f02b4e5,600,evaluation,45,29,62,0,1,-0.02000000,-0.00500000,-1.176639125333e-4
development,8a6d39c17f02b4e5,600,evaluation,45,29,62,1,0,-0.01000000,-0.01000000,1.179675223284e-6
development,8a6d39c17f02b4e5,600,evaluation,46,30,61,0,1,-0.02000000,-0.01000000,1.683166919975e-4
development,8a6d39c17f02b4e5,600,evaluation,46,30,61,1,0,-0.01000000,-0.02000000,-2.817250788212e-5
development,8a6d39c17f02b4e5,600,evaluation,47,31,60,0,0,-0.02000000,0.02000000,1.186324880109e-4
development,8a6d39c17f02b4e5,600,evaluation,47,31,60,1,1,-0.01000000,0.01000000,6.095940989326e-5
development,8a6d39c17f02b4e5,600,evaluation,48,32,59,0,0,0.02000000,0.02000000,-1.864141522674e-4
development,8a6d39c17f02b4e5,600,evaluation,48,32,59,1,1,0.01000000,0.01000000,-9.298883378506e-5
development,8a6d39c17f02b4e5,600,evaluation,49,33,58,0,1,-0.02000000,0.01000000,1.019624396577e-4
development,8a6d39c17f02b4e5,600,evaluation,49,33,58,1,0,-0.01000000,0.02000000,1.794211566448e-4
development,8a6d39c17f02b4e5,600,evaluation,50,34,57,0,0,-0.02000000,0.02000000,-2.200324088335e-4
development,8a6d39c17f02b4e5,600,evaluation,50,34,57,1,1,-0.01000000,0.01000000,-1.075367108569e-4
development,8a6d39c17f02b4e5,600,evaluation,51,35,56,0,0,-0.02000000,-0.02000000,-1.866215170594e-4
development,8a6d39c17f02b4e5,600,evaluation,51,35,56,1,1,-0.01000000,-0.01000000,-9.304285049438e-5
development,8a6d39c17f02b4e5,600,evaluation,52,36,55,0,1,-0.02000000,-0.02000000,4.752476888825e-5
development,8a6d39c17f02b4e5,600,evaluation,52,36,55,1,0,-0.01000000,0.00000000,2.405792474747e-5
development,8a6d39c17f02b4e5,600,evaluation,53,37,54,0,1,0.02000000,-0.02000000,-1.750451774569e-4
development,8a6d39c17f02b4e5,600,evaluation,53,37,54,1,0,0.01000000,0.00000000,-8.740462362766e-5
development,8a6d39c17f02b4e5,600,evaluation,54,38,53,0,1,0.02000000,-0.02000000,2.341518847970e-4
development,8a6d39c17f02b4e5,600,evaluation,54,38,53,1,0,0.01000000,0.00000000,1.172690317617e-4
development,8a6d39c17f02b4e5,600,evaluation,55,39,52,0,1,0.02000000,-0.02000000,9.475523984293e-5
development,8a6d39c17f02b4e5,600,evaluation,55,39,52,1,0,0.01000000,0.00000000,4.765950143337e-5
development,8a6d39c17f02b4e5,600,evaluation,56,40,51,0,0,0.00000000,0.00000000,0.000000000000e0
development,8a6d39c17f02b4e5,600,evaluation,56,40,51,1,1,-0.02000000,-0.02000000,-3.395602107048e-6
development,8a6d39c17f02b4e5,600,evaluation,57,41,50,0,1,0.00000000,-0.02000000,0.000000000000e0
development,8a6d39c17f02b4e5,600,evaluation,57,41,50,1,0,-0.02000000,0.00000000,0.000000000000e0
development,8a6d39c17f02b4e5,600,evaluation,58,42,49,0,0,-0.02000000,0.00000000,-7.464177906513e-5
development,8a6d39c17f02b4e5,600,evaluation,58,42,49,1,1,-0.01000000,-0.02000000,-3.589254993130e-5
development,8a6d39c17f02b4e5,600,evaluation,59,43,48,0,1,-0.02000000,-0.02000000,-6.500631570816e-6
development,8a6d39c17f02b4e5,600,evaluation,59,43,48,1,0,-0.01000000,0.00000000,-3.252178430557e-6
development,8a6d39c17f02b4e5,600,evaluation,60,44,47,0,0,-0.02000000,0.00000000,8.967394933279e-6
development,8a6d39c17f02b4e5,600,evaluation,60,44,47,1,1,-0.01000000,-0.02000000,-1.120132674259e-5
development,8a6d39c17f02b4e5,600,evaluation,61,45,46,0,0,0.00000000,-0.02000000,4.470348358154e-8
development,8a6d39c17f02b4e5,600,evaluation,61,45,46,1,1,-0.02000000,-0.01000000,-1.722946763039e-6
development,8a6d39c17f02b4e5,2400,development,1,63,61,0,1,-0.02000000,0.01000000,2.275363804074e-4
development,8a6d39c17f02b4e5,2400,development,1,63,61,1,0,-0.01000000,0.02000000,1.914588065119e-4
development,8a6d39c17f02b4e5,2400,development,2,64,60,0,1,-0.02000000,0.02000000,2.883250454033e-5
development,8a6d39c17f02b4e5,2400,development,2,64,60,1,0,-0.01000000,0.01000000,3.559856486390e-5
development,8a6d39c17f02b4e5,2400,development,3,65,59,0,1,0.02000000,-0.01000000,1.602029988135e-5
development,8a6d39c17f02b4e5,2400,development,3,65,59,1,0,0.01000000,-0.02000000,3.427484261920e-5
development,8a6d39c17f02b4e5,2400,development,4,66,58,0,1,-0.02000000,0.01000000,9.674640750745e-5
development,8a6d39c17f02b4e5,2400,development,4,66,58,1,0,-0.01000000,0.02000000,1.555941998959e-4
development,8a6d39c17f02b4e5,2400,development,5,67,57,0,1,0.02000000,-0.01000000,-2.205371856689e-6
development,8a6d39c17f02b4e5,2400,development,5,67,57,1,0,0.01000000,-0.02000000,-2.673299422895e-5
development,8a6d39c17f02b4e5,2400,development,6,68,56,0,0,-0.02000000,0.02000000,1.105368137360e-4
development,8a6d39c17f02b4e5,2400,development,6,68,56,1,1,-0.01000000,0.01000000,5.862644684385e-5
development,8a6d39c17f02b4e5,2400,development,7,69,55,0,1,-0.02000000,-0.02000000,7.905066013336e-6
development,8a6d39c17f02b4e5,2400,development,7,69,55,1,0,-0.01000000,0.00000000,3.958741672250e-6
development,8a6d39c17f02b4e5,2400,development,8,70,54,0,1,-0.02000000,-0.02000000,-3.734541314770e-5
development,8a6d39c17f02b4e5,2400,development,8,70,54,1,0,-0.01000000,0.00000000,-1.852183231676e-5
development,8a6d39c17f02b4e5,2400,development,9,71,53,0,1,0.02000000,-0.02000000,4.912571239402e-5
development,8a6d39c17f02b4e5,2400,development,9,71,53,1,0,0.01000000,0.00000000,2.545056304371e-5
development,8a6d39c17f02b4e5,2400,development,10,72,52,0,1,0.02000000,-0.02000000,-2.445053833071e-4
development,8a6d39c17f02b4e5,2400,development,10,72,52,1,0,0.01000000,0.00000000,-1.099581495509e-4
development,8a6d39c17f02b4e5,2400,development,11,73,51,0,0,0.02000000,0.00000000,-8.290012374346e-6
development,8a6d39c17f02b4e5,2400,development,11,73,51,1,1,0.01000000,-0.02000000,-4.115825049666e-6
development,8a6d39c17f02b4e5,2400,development,12,74,50,0,1,-0.02000000,-0.02000000,1.174574717879e-4
development,8a6d39c17f02b4e5,2400,development,12,74,50,1,0,-0.01000000,0.00000000,6.751436740160e-5
development,8a6d39c17f02b4e5,2400,development,13,75,49,0,0,0.02000000,0.00000000,1.541751698824e-4
development,8a6d39c17f02b4e5,2400,development,13,75,49,1,1,0.01000000,-0.02000000,7.816714787623e-5
development,8a6d39c17f02b4e5,2400,development,14,76,48,0,1,-0.02000000,-0.02000000,-2.446419966873e-4
development,8a6d39c17f02b4e5,2400,development,14,76,48,1,0,-0.01000000,0.00000000,-9.327785664937e-5
development,8a6d39c17f02b4e5,2400,development,15,77,47,0,0,0.02000000,0.02000000,2.444194069540e-5
development,8a6d39c17f02b4e5,2400,development,15,77,47,1,1,0.01000000,0.01000000,1.296183745580e-5
development,8a6d39c17f02b4e5,2400,development,16,78,46,0,1,-0.02000000,-0.02000000,-3.773014468607e-4
development,8a6d39c17f02b4e5,2400,development,16,78,46,1,0,-0.01000000,0.00000000,-1.673204824328e-4
development,8a6d39c17f02b4e5,2400,development,17,79,45,0,0,0.02000000,0.02000000,2.308202238055e-4
development,8a6d39c17f02b4e5,2400,development,17,79,45,1,1,0.01000000,0.01000000,1.498665660620e-4
development,8a6d39c17f02b4e5,2400,development,18,80,44,0,1,0.00000000,-0.01000000,-3.341336923768e-5
development,8a6d39c17f02b4e5,2400,development,18,80,44,1,0,-0.02000000,-0.02000000,-6.990879774094e-5
development,8a6d39c17f02b4e5,2400,development,19,81,43,0,0,0.00000000,0.02000000,7.681827992201e-5
development,8a6d39c17f02b4e5,2400,development,19,81,43,1,1,-0.02000000,0.01000000,3.853502494167e-5
development,8a6d39c17f02b4e5,2400,development,20,82,42,0,1,0.00000000,-0.02000000,-1.332101674052e-4
development,8a6d39c17f02b4e5,2400,development,20,82,42,1,0,-0.02000000,-0.01000000,-6.156476592878e-5
development,8a6d39c17f02b4e5,2400,development,21,83,41,0,1,0.00000000,-0.02000000,-1.114606857300e-5
development,8a6d39c17f02b4e5,2400,development,21,83,41,1,0,-0.02000000,0.00000000,0.000000000000e0
development,8a6d39c17f02b4e5,2400,development,22,84,40,0,1,0.00000000,0.01000000,-2.943848630821e-5
development,8a6d39c17f02b4e5,2400,development,22,84,40,1,0,-0.02000000,0.02000000,-5.950406193733e-5
development,8a6d39c17f02b4e5,2400,development,23,85,39,0,1,0.00000000,-0.01000000,-4.161096585449e-4
development,8a6d39c17f02b4e5,2400,development,23,85,39,1,0,-0.02000000,-0.00500000,-1.924962998601e-4
development,8a6d39c17f02b4e5,2400,development,24,86,38,0,0,0.00000000,0.02000000,6.048123468645e-4
development,8a6d39c17f02b4e5,2400,development,24,86,38,1,1,-0.02000000,0.01000000,3.083357587457e-4
development,8a6d39c17f02b4e5,2400,development,25,87,37,0,0,0.00000000,-0.02000000,-1.409935503034e-4
development,8a6d39c17f02b4e5,2400,development,25,87,37,1,1,-0.02000000,-0.01000000,-6.320358806988e-5
development,8a6d39c17f02b4e5,2400,development,26,88,36,0,1,-0.02000000,0.01000000,-2.256299630972e-4
development,8a6d39c17f02b4e5,2400,development,26,88,36,1,0,-0.01000000,0.02000000,-2.863444387913e-4
development,8a6d39c17f02b4e5,2400,development,27,89,35,0,0,0.02000000,0.02000000,-2.422935067443e-4
development,8a6d39c17f02b4e5,2400,development,27,89,35,1,1,0.01000000,0.01000000,-5.108242112328e-5
development,8a6d39c17f02b4e5,2400,development,28,90,34,0,0,0.02000000,-0.02000000,4.012361168861e-4
development,8a6d39c17f02b4e5,2400,development,28,90,34,1,1,0.01000000,-0.01000000,2.115620300174e-4
development,8a6d39c17f02b4e5,2400,development,29,91,33,0,1,0.00000000,0.01000000,-5.739026892115e-5
development,8a6d39c17f02b4e5,2400,development,29,91,33,1,0,-0.02000000,0.02000000,-1.150217503891e-4
development,8a6d39c17f02b4e5,2400,development,30,92,32,0,1,-0.02000000,-0.01000000,-1.251905487152e-4
development,8a6d39c17f02b4e5,2400,development,30,92,32,1,0,-0.01000000,-0.02000000,-2.651615068316e-4
development,8a6d39c17f02b4e5,2400,development,31,93,31,0,1,0.02000000,-0.01000000,1.374371349812e-4
development,8a6d39c17f02b4e5,2400,development,31,93,31,1,0,0.01000000,-0.02000000,1.096079722629e-4
development,8a6d39c17f02b4e5,2400,development,32,94,30,0,1,0.02000000,0.01000000,-1.153250559582e-4
development,8a6d39c17f02b4e5,2400,development,32,94,30,1,0,0.01000000,0.02000000,-5.602017045021e-4
development,8a6d39c17f02b4e5,2400,development,33,95,29,0,0,0.00000000,0.02000000,2.411417663097e-4
development,8a6d39c17f02b4e5,2400,development,33,95,29,1,1,-0.02000000,0.01000000,1.248496846529e-4
development,8a6d39c17f02b4e5,2400,development,34,96,28,0,1,-0.02000000,0.01000000,3.927604702767e-4
development,8a6d39c17f02b4e5,2400,development,34,96,28,1,0,-0.01000000,0.02000000,2.363603562117e-5
development,8a6d39c17f02b4e5,2400,development,35,97,27,0,0,-0.02000000,-0.02000000,-2.055841760011e-4
development,8a6d39c17f02b4e5,2400,development,35,97,27,1,1,-0.01000000,-0.01000000,-9.033145761350e-5
development,8a6d39c17f02b4e5,2400,development,36,98,26,0,0,0.02000000,0.02000000,4.279244167265e-4
development,8a6d39c17f02b4e5,2400,development,36,98,26,1,1,0.01000000,0.01000000,2.313281147508e-4
development,8a6d39c17f02b4e5,2400,development,37,99,25,0,1,0.00000000,-0.01000000,-2.776396831905e-5
development,8a6d39c17f02b4e5,2400,development,37,99,25,1,0,-0.02000000,-0.02000000,-5.572630834649e-5
development,8a6d39c17f02b4e5,2400,development,38,100,24,0,1,-0.02000000,0.01000000,4.277722910047e-4
development,8a6d39c17f02b4e5,2400,development,38,100,24,1,0,-0.01000000,0.02000000,4.795355198439e-4
development,8a6d39c17f02b4e5,2400,development,39,101,23,0,0,-0.02000000,0.02000000,-6.074858829379e-4
development,8a6d39c17f02b4e5,2400,development,39,101,23,1,1,-0.01000000,0.01000000,-1.637575478526e-4
development,8a6d39c17f02b4e5,2400,development,40,102,22,0,0,0.02000000,0.02000000,-5.307334358804e-4
development,8a6d39c17f02b4e5,2400,development,40,102,22,1,1,0.01000000,0.01000000,-1.128052026615e-4
development,8a6d39c17f02b4e5,2400,development,41,103,21,0,1,0.00000000,-0.01000000,7.035676389933e-5
development,8a6d39c17f02b4e5,2400,development,41,103,21,1,0,-0.02000000,-0.02000000,2.944376319647e-5
development,8a6d39c17f02b4e5,2400,development,42,104,20,0,0,0.02000000,-0.02000000,-2.188337966800e-4
development,8a6d39c17f02b4e5,2400,development,42,104,20,1,1,0.01000000,-0.01000000,-8.454236194666e-6
development,8a6d39c17f02b4e5,2400,development,43,105,19,0,0,0.02000000,-0.02000000,2.676925214473e-4
development,8a6d39c17f02b4e5,2400,development,43,105,19,1,1,0.01000000,-0.01000000,1.563901751069e-4
development,8a6d39c17f02b4e5,2400,development,44,106,18,0,0,-0.02000000,-0.02000000,9.693888569018e-5
development,8a6d39c17f02b4e5,2400,development,44,106,18,1,1,-0.01000000,-0.01000000,6.934876000741e-5
development,8a6d39c17f02b4e5,2400,development,45,107,17,0,1,0.00000000,-0.01000000,6.156694144011e-5
development,8a6d39c17f02b4e5,2400,development,45,107,17,1,0,-0.02000000,-0.02000000,8.496176451445e-5
development,8a6d39c17f02b4e5,2400,development,46,108,16,0,1,0.02000000,-0.01000000,1.675849780440e-4
development,8a6d39c17f02b4e5,2400,development,46,108,16,1,0,0.01000000,-0.02000000,3.713431578944e-5
development,8a6d39c17f02b4e5,2400,development,47,109,15,0,0,0.02000000,0.00500000,-4.790413004230e-5
development,8a6d39c17f02b4e5,2400,development,47,109,15,1,1,0.01000000,0.00000000,-4.910460484098e-5
development,8a6d39c17f02b4e5,2400,development,48,110,14,0,0,-0.02000000,0.00000000,2.818191424012e-4
development,8a6d39c17f02b4e5,2400,development,48,110,14,1,1,-0.01000000,-0.00500000,-1.071362476068e-5
development,8a6d39c17f02b4e5,2400,development,50,112,12,0,0,0.02000000,0.02000000,-1.416591258021e-4
development,8a6d39c17f02b4e5,2400,development,50,112,12,1,1,0.01000000,0.01000000,-1.768364199961e-5
development,8a6d39c17f02b4e5,2400,development,51,113,11,0,1,-0.02000000,0.01000000,7.059372146614e-4
development,8a6d39c17f02b4e5,2400,development,51,113,11,1,0,-0.01000000,0.02000000,4.506775585469e-4
development,8a6d39c17f02b4e5,2400,development,52,114,10,0,1,-0.02000000,-0.01000000,2.054093965853e-5
development,8a6d39c17f02b4e5,2400,development,52,114,10,1,0,-0.01000000,-0.02000000,-8.109305053949e-5
development,8a6d39c17f02b4e5,2400,development,53,115,9,0,1,0.00000000,0.01000000,2.060805709334e-4
development,8a6d39c17f02b4e5,2400,development,53,115,9,1,0,-0.02000000,0.02000000,3.572609275579e-4
development,8a6d39c17f02b4e5,2400,development,54,116,8,0,1,0.02000000,-0.01000000,4.862621426582e-4
development,8a6d39c17f02b4e5,2400,development,54,116,8,1,0,0.01000000,-0.02000000,6.551391561516e-4
development,8a6d39c17f02b4e5,2400,development,55,117,7,0,1,-0.02000000,0.01000000,-1.182022169814e-4
development,8a6d39c17f02b4e5,2400,development,55,117,7,1,0,-0.01000000,0.02000000,-1.977058127522e-4
development,8a6d39c17f02b4e5,2400,development,56,118,6,0,0,0.02000000,-0.02000000,-2.188074140577e-4
development,8a6d39c17f02b4e5,2400,development,56,118,6,1,1,0.01000000,-0.01000000,-1.122892499552e-4
development,8a6d39c17f02b4e5,2400,development,57,119,5,0,1,0.00000000,0.01000000,-9.786275768420e-5
development,8a6d39c17f02b4e5,2400,development,57,119,5,1,0,-0.02000000,0.02000000,-2.362371160416e-4
development,8a6d39c17f02b4e5,2400,development,58,120,4,0,0,0.02000000,0.02000000,2.319257037016e-4
development,8a6d39c17f02b4e5,2400,development,58,120,4,1,1,0.01000000,0.01000000,1.361857430311e-4
development,8a6d39c17f02b4e5,2400,development,59,121,3,0,0,0.02000000,0.02000000,-1.854306756286e-4
development,8a6d39c17f02b4e5,2400,development,59,121,3,1,1,0.01000000,0.01000000,-6.424356251955e-5
development,8a6d39c17f02b4e5,2400,development,60,122,2,0,0,-0.02000000,-0.02000000,-6.777731323382e-5
development,8a6d39c17f02b4e5,2400,development,60,122,2,1,1,-0.01000000,-0.01000000,-2.237067928945e-5
development,8a6d39c17f02b4e5,2400,development,61,0,1,0,0,-0.02000000,0.02000000,2.888909948524e-4
development,8a6d39c17f02b4e5,2400,development,61,0,1,1,1,-0.01000000,0.01000000,2.733558940236e-4
development,8a6d39c17f02b4e5,2400,evaluation,1,63,61,0,0,-0.02000000,0.02000000,2.796128392220e-4
development,8a6d39c17f02b4e5,2400,evaluation,1,63,61,1,1,-0.01000000,0.01000000,1.462651416659e-4
development,8a6d39c17f02b4e5,2400,evaluation,2,64,60,0,0,-0.02000000,0.01000000,4.164967685938e-5
development,8a6d39c17f02b4e5,2400,evaluation,2,64,60,1,1,-0.01000000,0.02000000,2.277766725456e-5
development,8a6d39c17f02b4e5,2400,evaluation,3,65,59,0,0,0.02000000,-0.02000000,3.304984420538e-5
development,8a6d39c17f02b4e5,2400,evaluation,3,65,59,1,1,0.01000000,-0.01000000,1.722170600260e-5
development,8a6d39c17f02b4e5,2400,evaluation,4,66,58,0,0,-0.02000000,0.02000000,1.641369162826e-4
development,8a6d39c17f02b4e5,2400,evaluation,4,66,58,1,1,-0.01000000,0.01000000,8.707927918294e-5
development,8a6d39c17f02b4e5,2400,evaluation,5,67,57,0,0,0.02000000,-0.02000000,-1.933860221470e-5
development,8a6d39c17f02b4e5,2400,evaluation,5,67,57,1,1,0.01000000,-0.01000000,-9.613732800062e-6
development,8a6d39c17f02b4e5,2400,evaluation,6,68,56,0,1,-0.02000000,0.01000000,5.420483648777e-5
development,8a6d39c17f02b4e5,2400,evaluation,6,68,56,1,0,-0.01000000,0.02000000,1.149534582510e-4
development,8a6d39c17f02b4e5,2400,evaluation,7,69,55,0,0,-0.02000000,0.00000000,7.905066013336e-6
development,8a6d39c17f02b4e5,2400,evaluation,7,69,55,1,1,-0.01000000,-0.02000000,3.958741672250e-6
development,8a6d39c17f02b4e5,2400,evaluation,8,70,54,0,0,-0.02000000,0.00000000,-3.734541314770e-5
development,8a6d39c17f02b4e5,2400,evaluation,8,70,54,1,1,-0.01000000,-0.02000000,-1.852183231676e-5
development,8a6d39c17f02b4e5,2400,evaluation,9,71,53,0,0,0.02000000,0.00000000,4.912571239402e-5
development,8a6d39c17f02b4e5,2400,evaluation,9,71,53,1,1,0.01000000,-0.02000000,2.545056304371e-5
development,8a6d39c17f02b4e5,2400,evaluation,10,72,52,0,0,0.02000000,0.00000000,-2.445053833071e-4
development,8a6d39c17f02b4e5,2400,evaluation,10,72,52,1,1,0.01000000,-0.02000000,-1.099581495509e-4
development,8a6d39c17f02b4e5,2400,evaluation,11,73,51,0,1,0.02000000,-0.02000000,-8.290012374346e-6
development,8a6d39c17f02b4e5,2400,evaluation,11,73,51,1,0,0.01000000,0.00000000,-4.115825049666e-6
development,8a6d39c17f02b4e5,2400,evaluation,12,74,50,0,0,-0.02000000,0.00000000,1.174574717879e-4
development,8a6d39c17f02b4e5,2400,evaluation,12,74,50,1,1,-0.01000000,-0.02000000,6.751436740160e-5
development,8a6d39c17f02b4e5,2400,evaluation,13,75,49,0,1,0.02000000,-0.02000000,1.541751698824e-4
development,8a6d39c17f02b4e5,2400,evaluation,13,75,49,1,0,0.01000000,0.00000000,7.816714787623e-5
development,8a6d39c17f02b4e5,2400,evaluation,14,76,48,0,0,-0.02000000,0.00000000,-2.446419966873e-4
development,8a6d39c17f02b4e5,2400,evaluation,14,76,48,1,1,-0.01000000,-0.02000000,-9.327785664937e-5
development,8a6d39c17f02b4e5,2400,evaluation,15,77,47,0,1,0.02000000,0.01000000,-5.914922803640e-5
development,8a6d39c17f02b4e5,2400,evaluation,15,77,47,1,0,0.01000000,0.02000000,9.895457333187e-5
development,8a6d39c17f02b4e5,2400,evaluation,16,78,46,0,0,-0.02000000,0.00000000,-3.789871407207e-4
development,8a6d39c17f02b4e5,2400,evaluation,16,78,46,1,1,-0.01000000,-0.02000000,-1.656341628404e-4
development,8a6d39c17f02b4e5,2400,evaluation,17,79,45,0,1,0.02000000,0.01000000,2.545906754676e-4
development,8a6d39c17f02b4e5,2400,evaluation,17,79,45,1,0,0.01000000,0.02000000,1.284784375457e-4
development,8a6d39c17f02b4e5,2400,evaluation,18,80,44,0,0,0.00000000,-0.02000000,-6.990879774094e-5
development,8a6d39c17f02b4e5,2400,evaluation,18,80,44,1,1,-0.02000000,-0.01000000,-3.341336923768e-5
development,8a6d39c17f02b4e5,2400,evaluation,19,81,43,0,1,0.00000000,0.01000000,3.853502494167e-5
development,8a6d39c17f02b4e5,2400,evaluation,19,81,43,1,0,-0.02000000,0.02000000,7.681827992201e-5
development,8a6d39c17f02b4e5,2400,evaluation,20,82,42,0,0,0.00000000,-0.01000000,-6.156476592878e-5
development,8a6d39c17f02b4e5,2400,evaluation,20,82,42,1,1,-0.02000000,-0.02000000,-1.332101674052e-4
development,8a6d39c17f02b4e5,2400,evaluation,21,83,41,0,0,0.00000000,0.00000000,0.000000000000e0
development,8a6d39c17f02b4e5,2400,evaluation,21,83,41,1,1,-0.02000000,-0.02000000,-1.114606857300e-5
development,8a6d39c17f02b4e5,2400,evaluation,22,84,40,0,0,0.00000000,0.02000000,-5.950406193733e-5
development,8a6d39c17f02b4e5,2400,evaluation,22,84,40,1,1,-0.02000000,0.01000000,-2.943848630821e-5
development,8a6d39c17f02b4e5,2400,evaluation,23,85,39,0,0,0.00000000,-0.00500000,-1.924962998601e-4
development,8a6d39c17f02b4e5,2400,evaluation,23,85,39,1,1,-0.02000000,-0.01000000,-4.161096585449e-4
development,8a6d39c17f02b4e5,2400,evaluation,24,86,38,0,1,0.00000000,0.01000000,3.083357587457e-4
development,8a6d39c17f02b4e5,2400,evaluation,24,86,38,1,0,-0.02000000,0.02000000,6.048123468645e-4
development,8a6d39c17f02b4e5,2400,evaluation,25,87,37,0,1,0.00000000,-0.01000000,-6.320358806988e-5
development,8a6d39c17f02b4e5,2400,evaluation,25,87,37,1,0,-0.02000000,-0.02000000,-1.409935503034e-4
development,8a6d39c17f02b4e5,2400,evaluation,26,88,36,0,0,-0.02000000,0.02000000,-4.277319239918e-4
development,8a6d39c17f02b4e5,2400,evaluation,26,88,36,1,1,-0.01000000,0.01000000,-1.145607457147e-4
development,8a6d39c17f02b4e5,2400,evaluation,27,89,35,0,1,0.02000000,0.01000000,-1.822033227654e-4
development,8a6d39c17f02b4e5,2400,evaluation,27,89,35,1,0,0.01000000,0.02000000,-8.512692147633e-5
development,8a6d39c17f02b4e5,2400,evaluation,28,90,34,0,1,0.02000000,-0.01000000,2.963170409203e-4
development,8a6d39c17f02b4e5,2400,evaluation,28,90,34,1,0,0.01000000,-0.02000000,3.136697632726e-4
development,8a6d39c17f02b4e5,2400,evaluation,29,91,33,0,0,0.00000000,0.02000000,-1.150217503891e-4
development,8a6d39c17f02b4e5,2400,evaluation,29,91,33,1,1,-0.02000000,0.01000000,-5.739026892115e-5
development,8a6d39c17f02b4e5,2400,evaluation,30,92,32,0,0,-0.02000000,-0.02000000,-2.650922688190e-4
development,8a6d39c17f02b4e5,2400,evaluation,30,92,32,1,1,-0.01000000,-0.01000000,-1.150559037342e-4
development,8a6d39c17f02b4e5,2400,evaluation,31,93,31,0,0,0.02000000,-0.02000000,1.136166974902e-4
development,8a6d39c17f02b4e5,2400,evaluation,31,93,31,1,1,0.01000000,-0.01000000,1.309442595812e-4
development,8a6d39c17f02b4e5,2400,evaluation,32,94,30,0,0,0.02000000,0.02000000,-4.482353106141e-4
development,8a6d39c17f02b4e5,2400,evaluation,32,94,30,1,1,0.01000000,0.01000000,-2.046960144071e-4
development,8a6d39c17f02b4e5,2400,evaluation,33,95,29,0,1,0.00000000,0.01000000,1.248496846529e-4
development,8a6d39c17f02b4e5,2400,evaluation,33,95,29,1,0,-0.02000000,0.02000000,2.411417663097e-4
development,8a6d39c17f02b4e5,2400,evaluation,34,96,28,0,0,-0.02000000,0.02000000,2.336350007681e-4
development,8a6d39c17f02b4e5,2400,evaluation,34,96,28,1,1,-0.01000000,0.01000000,1.698803826002e-4
development,8a6d39c17f02b4e5,2400,evaluation,35,97,27,0,1,-0.02000000,-0.01000000,-2.622458559927e-4
development,8a6d39c17f02b4e5,2400,evaluation,35,97,27,1,0,-0.01000000,-0.02000000,-3.801069033216e-5
development,8a6d39c17f02b4e5,2400,evaluation,36,98,26,0,1,0.02000000,0.01000000,3.141981142107e-4
development,8a6d39c17f02b4e5,2400,evaluation,36,98,26,1,0,0.01000000,0.02000000,3.435791877564e-4
development,8a6d39c17f02b4e5,2400,evaluation,37,99,25,0,0,0.00000000,-0.02000000,-5.572630834649e-5
development,8a6d39c17f02b4e5,2400,evaluation,37,99,25,1,1,-0.02000000,-0.01000000,-2.776396831905e-5
development,8a6d39c17f02b4e5,2400,evaluation,38,100,24,0,0,-0.02000000,0.02000000,5.934337968938e-4
development,8a6d39c17f02b4e5,2400,evaluation,38,100,24,1,1,-0.01000000,0.01000000,3.115305153187e-4
development,8a6d39c17f02b4e5,2400,evaluation,39,101,23,0,1,-0.02000000,0.01000000,-1.989457086893e-4
development,8a6d39c17f02b4e5,2400,evaluation,39,101,23,1,0,-0.01000000,0.02000000,-5.763297085650e-4
development,8a6d39c17f02b4e5,2400,evaluation,40,102,22,0,1,0.02000000,0.01000000,4.030670970678e-5
development,8a6d39c17f02b4e5,2400,evaluation,40,102,22,1,0,0.01000000,0.02000000,-6.751297041774e-4
development,8a6d39c17f02b4e5,2400,evaluation,41,103,21,0,0,0.00000000,-0.02000000,2.944376319647e-5
development,8a6d39c17f02b4e5,2400,evaluation,41,103,21,1,1,-0.02000000,-0.01000000,7.035676389933e-5
development,8a6d39c17f02b4e5,2400,evaluation,42,104,20,0,1,0.02000000,-0.01000000,2.399987170065e-5
development,8a6d39c17f02b4e5,2400,evaluation,42,104,20,1,0,0.01000000,-0.02000000,-2.482480776962e-4
development,8a6d39c17f02b4e5,2400,evaluation,43,105,19,0,1,0.02000000,-0.01000000,2.791896986309e-4
development,8a6d39c17f02b4e5,2400,evaluation,43,105,19,1,0,0.01000000,-0.02000000,1.503067760495e-4
development,8a6d39c17f02b4e5,2400,evaluation,44,106,18,0,1,-0.02000000,-0.01000000,1.211302951560e-4
development,8a6d39c17f02b4e5,2400,evaluation,44,106,18,1,0,-0.01000000,-0.02000000,4.430611807038e-5
development,8a6d39c17f02b4e5,2400,evaluation,45,107,17,0,0,0.00000000,-0.02000000,8.496176451445e-5
development,8a6d39c17f02b4e5,2400,evaluation,45,107,17,1,1,-0.02000000,-0.01000000,6.156694144011e-5
development,8a6d39c17f02b4e5,2400,evaluation,46,108,16,0,0,0.02000000,-0.02000000,5.337161201169e-5
development,8a6d39c17f02b4e5,2400,evaluation,46,108,16,1,1,0.01000000,-0.01000000,1.443509681849e-4
development,8a6d39c17f02b4e5,2400,evaluation,47,109,15,0,1,0.02000000,0.00000000,-1.002758144750e-4
development,8a6d39c17f02b4e5,2400,evaluation,47,109,15,1,0,0.01000000,0.00500000,2.779066562653e-6
development,8a6d39c17f02b4e5,2400,evaluation,48,110,14,0,1,-0.02000000,-0.00500000,1.251026988029e-4
development,8a6d39c17f02b4e5,2400,evaluation,48,110,14,1,0,-0.01000000,0.00000000,1.453602017136e-4
development,8a6d39c17f02b4e5,2400,evaluation,50,112,12,0,1,0.02000000,0.01000000,1.245749444934e-4
development,8a6d39c17f02b4e5,2400,evaluation,50,112,12,1,0,0.01000000,0.02000000,-2.832369355019e-4
development,8a6d39c17f02b4e5,2400,evaluation,51,113,11,0,0,-0.02000000,0.02000000,7.700128480792e-4
development,8a6d39c17f02b4e5,2400,evaluation,51,113,11,1,1,-0.01000000,0.01000000,3.964950738009e-4
development,8a6d39c17f02b4e5,2400,evaluation,52,114,10,0,0,-0.02000000,-0.02000000,-5.088498073746e-5
development,8a6d39c17f02b4e5,2400,evaluation,52,114,10,1,1,-0.01000000,-0.01000000,-9.693205356598e-6
development,8a6d39c17f02b4e5,2400,evaluation,53,115,9,0,0,0.00000000,0.02000000,3.572609275579e-4
development,8a6d39c17f02b4e5,2400,evaluation,53,115,9,1,1,-0.02000000,0.01000000,2.060805709334e-4
development,8a6d39c17f02b4e5,2400,evaluation,54,116,8,0,0,0.02000000,-0.02000000,7.266362081282e-4
development,8a6d39c17f02b4e5,2400,evaluation,54,116,8,1,1,0.01000000,-0.01000000,4.138108342886e-4
development,8a6d39c17f02b4e5,2400,evaluation,55,117,7,0,0,-0.02000000,0.02000000,-2.109135239152e-4
development,8a6d39c17f02b4e5,2400,evaluation,55,117,7,1,1,-0.01000000,0.01000000,-1.053608357324e-4
development,8a6d39c17f02b4e5,2400,evaluation,56,118,6,0,1,0.02000000,-0.01000000,-1.409733667970e-4
development,8a6d39c17f02b4e5,2400,evaluation,56,118,6,1,0,0.01000000,-0.02000000,-1.905507670017e-4
development,8a6d39c17f02b4e5,2400,evaluation,57,119,5,0,0,0.00000000,0.02000000,-2.362371160416e-4
development,8a6d39c17f02b4e5,2400,evaluation,57,119,5,1,1,-0.02000000,0.01000000,-9.786275768420e-5
development,8a6d39c17f02b4e5,2400,evaluation,58,120,4,0,1,0.02000000,0.01000000,1.798455341486e-4
development,8a6d39c17f02b4e5,2400,evaluation,58,120,4,1,0,0.01000000,0.02000000,1.793997362256e-4
development,8a6d39c17f02b4e5,2400,evaluation,59,121,3,0,1,0.02000000,0.01000000,-1.772192044882e-4
development,8a6d39c17f02b4e5,2400,evaluation,59,121,3,1,0,0.01000000,0.02000000,-7.271704816958e-5
development,8a6d39c17f02b4e5,2400,evaluation,60,122,2,0,1,-0.02000000,-0.01000000,-7.310168439290e-5
development,8a6d39c17f02b4e5,2400,evaluation,60,122,2,1,0,-0.01000000,-0.02000000,-1.661044916546e-5
development,8a6d39c17f02b4e5,2400,evaluation,61,0,1,0,1,-0.02000000,0.01000000,1.815718860598e-4
development,8a6d39c17f02b4e5,2400,evaluation,61,0,1,1,0,-0.01000000,0.02000000,3.798278048635e-4
development,8a6d39c17f02b4e5,4200,development,1,18,16,0,1,0.02000000,-0.01000000,-3.046281635761e-4
development,8a6d39c17f02b4e5,4200,development,1,18,16,1,0,0.01000000,-0.02000000,1.043174415827e-4
development,8a6d39c17f02b4e5,4200,development,2,19,15,0,0,0.02000000,0.02000000,8.909283205867e-4
development,8a6d39c17f02b4e5,4200,development,2,19,15,1,1,0.01000000,0.01000000,4.806763899978e-4
development,8a6d39c17f02b4e5,4200,development,3,20,14,0,1,-0.02000000,0.00000000,-3.329770406708e-3
development,8a6d39c17f02b4e5,4200,development,3,20,14,1,0,-0.01000000,0.00500000,-1.853749155998e-3
development,8a6d39c17f02b4e5,4200,development,5,22,12,0,1,0.00000000,0.01000000,1.419069827534e-3
development,8a6d39c17f02b4e5,4200,development,5,22,12,1,0,0.00500000,0.02000000,1.997191458941e-3
development,8a6d39c17f02b4e5,4200,development,6,23,11,0,1,0.02000000,-0.01000000,-1.027455553412e-3
development,8a6d39c17f02b4e5,4200,development,6,23,11,1,0,0.01000000,-0.02000000,-3.968998789787e-4
development,8a6d39c17f02b4e5,4200,development,7,24,10,0,0,-0.02000000,-0.02000000,-4.923995584249e-4
development,8a6d39c17f02b4e5,4200,development,7,24,10,1,1,-0.01000000,-0.01000000,-1.794391573640e-4
development,8a6d39c17f02b4e5,4200,development,8,25,9,0,0,-0.02000000,0.02000000,-1.528064371087e-3
development,8a6d39c17f02b4e5,4200,development,8,25,9,1,1,-0.01000000,0.01000000,-7.054253364913e-4
development,8a6d39c17f02b4e5,4200,development,9,26,8,0,0,-0.02000000,0.02000000,-1.659600064158e-3
development,8a6d39c17f02b4e5,4200,development,9,26,8,1,1,-0.01000000,0.01000000,-6.583202630281e-4
development,8a6d39c17f02b4e5,4200,development,10,27,7,0,0,-0.02000000,-0.02000000,-2.723342331592e-4
development,8a6d39c17f02b4e5,4200,development,10,27,7,1,1,-0.01000000,-0.01000000,-1.197817400680e-4
development,8a6d39c17f02b4e5,4200,development,11,28,6,0,1,-0.02000000,-0.01000000,-3.103579161689e-3
development,8a6d39c17f02b4e5,4200,development,11,28,6,1,0,-0.01000000,-0.02000000,-1.661374582909e-3
development,8a6d39c17f02b4e5,4200,development,12,29,5,0,0,-0.02000000,-0.02000000,-4.164185374975e-4
development,8a6d39c17f02b4e5,4200,development,12,29,5,1,1,-0.01000000,-0.01000000,-1.992310135392e-4
development,8a6d39c17f02b4e5,4200,development,13,30,4,0,1,-0.02000000,-0.01000000,-1.879188581370e-3
development,8a6d39c17f02b4e5,4200,development,13,30,4,1,0,-0.01000000,-0.02000000,-1.455311314203e-3
development,8a6d39c17f02b4e5,4200,development,14,31,3,0,1,-0.02000000,0.01000000,-4.403734055813e-4
development,8a6d39c17f02b4e5,4200,development,14,31,3,1,0,-0.01000000,0.02000000,-1.537892967463e-4
development,8a6d39c17f02b4e5,4200,development,15,32,2,0,1,0.02000000,0.01000000,5.172870005481e-4
development,8a6d39c17f02b4e5,4200,development,15,32,2,1,0,0.01000000,0.02000000,7.372824475169e-4
development,8a6d39c17f02b4e5,4200,development,16,33,1,0,0,-0.02000000,-0.02000000,6.226636469364e-5
development,8a6d39c17f02b4e5,4200,development,16,33,1,1,1,-0.01000000,-0.01000000,8.081644773483e-5
development,8a6d39c17f02b4e5,4200,development,17,34,0,0,1,-0.02000000,-0.01000000,7.958865608089e-4
development,8a6d39c17f02b4e5,4200,development,17,34,0,1,0,-0.01000000,-0.02000000,2.454780042171e-4
development,8a6d39c17f02b4e5,4200,development,18,35,122,0,0,0.02000000,-0.02000000,-5.511703784578e-4
development,8a6d39c17f02b4e5,4200,development,18,35,122,1,1,0.01000000,-0.01000000,-2.605995687190e-4
development,8a6d39c17f02b4e5,4200,development,19,36,121,0,1,-0.02000000,-0.01000000,5.846414715052e-4
development,8a6d39c17f02b4e5,4200,development,19,36,121,1,0,-0.01000000,-0.02000000,2.198864967795e-4
development,8a6d39c17f02b4e5,4200,development,20,37,120,0,1,0.02000000,0.01000000,-1.337379217148e-6
development,8a6d39c17f02b4e5,4200,development,20,37,120,1,0,0.01000000,0.02000000,-2.891371550504e-4
development,8a6d39c17f02b4e5,4200,development,22,39,118,0,1,0.02000000,0.01000000,2.371023037995e-5
development,8a6d39c17f02b4e5,4200,development,22,39,118,1,0,0.01000000,0.02000000,4.276502877474e-4
development,8a6d39c17f02b4e5,4200,development,23,40,117,0,1,0.02000000,0.01000000,-1.656388303672e-5
development,8a6d39c17f02b4e5,4200,development,23,40,117,1,0,0.01000000,0.02000000,1.087809578166e-4
development,8a6d39c17f02b4e5,4200,development,24,41,116,0,0,0.02000000,-0.02000000,-1.382150949212e-4
development,8a6d39c17f02b4e5,4200,development,24,41,116,1,1,0.01000000,-0.01000000,-6.574826693395e-5
development,8a6d39c17f02b4e5,4200,development,25,42,115,0,1,0.02000000,-0.02000000,1.927372068167e-4
development,8a6d39c17f02b4e5,4200,development,25,42,115,1,0,0.01000000,0.00000000,1.047595069394e-4
development,8a6d39c17f02b4e5,4200,development,26,43,114,0,1,0.02000000,-0.01000000,-4.201196134090e-5
development,8a6d39c17f02b4e5,4200,development,26,43,114,1,0,0.01000000,-0.02000000,-5.474065619637e-5
development,8a6d39c17f02b4e5,4200,development,27,44,113,0,1,0.02000000,-0.01000000,4.466623067856e-5
development,8a6d39c17f02b4e5,4200,development,27,44,113,1,0,0.01000000,-0.02000000,1.288857311010e-4
development,8a6d39c17f02b4e5,4200,development,28,45,112,0,1,0.02000000,-0.01000000,-2.530763449613e-4
development,8a6d39c17f02b4e5,4200,development,28,45,112,1,0,0.01000000,-0.02000000,-4.520484653767e-4
development,8a6d39c17f02b4e5,4200,development,29,46,111,0,0,-0.02000000,0.00000000,3.170035779476e-5
development,8a6d39c17f02b4e5,4200,development,29,46,111,1,1,-0.01000000,-0.02000000,1.594610512257e-5
development,8a6d39c17f02b4e5,4200,development,30,47,110,0,1,0.02000000,-0.01000000,4.532436435056e-7
development,8a6d39c17f02b4e5,4200,development,30,47,110,1,0,0.01000000,-0.02000000,8.683931082487e-5
development,8a6d39c17f02b4e5,4200,development,31,48,109,0,1,0.00000000,-0.01000000,-2.432862856949e-5
development,8a6d39c17f02b4e5,4200,development,31,48,109,1,0,-0.02000000,-0.02000000,-5.253900962998e-5
development,8a6d39c17f02b4e5,4200,development,32,49,108,0,0,0.00000000,0.02000000,1.252746878890e-4
development,8a6d39c17f02b4e5,4200,development,32,49,108,1,1,-0.02000000,0.01000000,6.641695654253e-5
development,8a6d39c17f02b4e5,4200,development,33,50,107,0,0,0.00000000,0.00000000,0.000000000000e0
development,8a6d39c17f02b4e5,4200,development,33,50,107,1,1,-0.02000000,-0.02000000,0.000000000000e0
development,8a6d39c17f02b4e5,4200,development,34,51,106,0,0,0.00000000,-0.02000000,2.069988549920e-4
development,8a6d39c17f02b4e5,4200,development,34,51,106,1,1,-0.02000000,-0.01000000,1.048240810633e-4
development,8a6d39c17f02b4e5,4200,development,35,52,105,0,1,0.00000000,-0.01000000,-4.681479185820e-4
development,8a6d39c17f02b4e5,4200,development,35,52,105,1,0,-0.02000000,-0.02000000,-9.863531449810e-4
development,8a6d39c17f02b4e5,4200,development,36,53,104,0,0,0.00000000,0.02000000,1.506308763055e-4
development,8a6d39c17f02b4e5,4200,development,36,53,104,1,1,-0.02000000,0.01000000,9.058291470865e-5
development,8a6d39c17f02b4e5,4200,development,37,54,103,0,0,0.00000000,0.00000000,0.000000000000e0
development,8a6d39c17f02b4e5,4200,development,37,54,103,1,1,-0.02000000,-0.02000000,0.000000000000e0
development,8a6d39c17f02b4e5,4200,development,38,55,102,0,1,0.00000000,0.01000000,-1.121486202464e-4
development,8a6d39c17f02b4e5,4200,development,38,55,102,1,0,-0.02000000,0.02000000,-2.425077109365e-4
development,8a6d39c17f02b4e5,4200,development,39,56,101,0,0,-0.02000000,0.02000000,-2.801598457154e-4
development,8a6d39c17f02b4e5,4200,development,39,56,101,1,1,-0.01000000,0.01000000,-1.342569739791e-4
development,8a6d39c17f02b4e5,4200,development,40,57,100,0,1,-0.02000000,0.01000000,-1.925639808178e-4
development,8a6d39c17f02b4e5,4200,development,40,57,100,1,0,-0.01000000,0.02000000,-2.916716039181e-4
development,8a6d39c17f02b4e5,4200,development,41,58,99,0,1,-0.02000000,-0.02000000,-4.538154753391e-4
development,8a6d39c17f02b4e5,4200,development,41,58,99,1,0,-0.01000000,0.00000000,-2.663085761014e-4
development,8a6d39c17f02b4e5,4200,development,42,59,98,0,1,-0.02000000,0.01000000,-3.851205110550e-5
development,8a6d39c17f02b4e5,4200,development,42,59,98,1,0,-0.01000000,0.02000000,1.049383208738e-4
development,8a6d39c17f02b4e5,4200,development,43,60,97,0,1,-0.02000000,0.01000000,-1.638217479922e-3
development,8a6d39c17f02b4e5,4200,development,43,60,97,1,0,-0.01000000,0.02000000,-1.491347909905e-3
development,8a6d39c17f02b4e5,4200,development,44,61,96,0,1,-0.02000000,0.01000000,-3.263391554356e-4
development,8a6d39c17f02b4e5,4200,development,44,61,96,1,0,-0.01000000,0.02000000,-6.133628194220e-4
development,8a6d39c17f02b4e5,4200,development,45,62,95,0,1,-0.02000000,-0.02000000,-5.957099492662e-4
development,8a6d39c17f02b4e5,4200,development,45,62,95,1,0,-0.01000000,0.00000000,-3.338363021612e-4
development,8a6d39c17f02b4e5,4200,development,46,63,94,0,1,-0.02000000,0.01000000,-4.886109381914e-4
development,8a6d39c17f02b4e5,4200,development,46,63,94,1,0,-0.01000000,0.02000000,-8.585729519837e-4
development,8a6d39c17f02b4e5,4200,development,47,64,93,0,1,0.02000000,0.01000000,-2.814581057464e-5
development,8a6d39c17f02b4e5,4200,development,47,64,93,1,0,0.01000000,0.02000000,-3.617877882789e-5
development,8a6d39c17f02b4e5,4200,development,48,65,92,0,1,0.02000000,-0.01000000,-3.415457904339e-4
development,8a6d39c17f02b4e5,4200,development,48,65,92,1,0,0.01000000,-0.02000000,-6.529334932566e-4
development,8a6d39c17f02b4e5,4200,development,49,66,91,0,1,0.02000000,-0.02000000,-1.333591808361e-5
development,8a6d39c17f02b4e5,4200,development,49,66,91,1,0,0.01000000,0.00000000,-6.625428795815e-6
development,8a6d39c17f02b4e5,4200,development,50,67,90,0,1,0.02000000,0.01000000,1.147575676441e-5
development,8a6d39c17f02b4e5,4200,development,50,67,90,1,0,0.01000000,0.02000000,5.168840289116e-6
development,8a6d39c17f02b4e5,4200,development,51,68,89,0,0,0.02000000,0.02000000,-7.369189406745e-4
development,8a6d39c17f02b4e5,4200,development,51,68,89,1,1,0.01000000,0.01000000,-3.338654933032e-4
development,8a6d39c17f02b4e5,4200,development,52,69,88,0,1,0.02000000,-0.01000000,-7.010524277575e-4
development,8a6d39c17f02b4e5,4200,development,52,69,88,1,0,0.01000000,-0.02000000,-1.481852144934e-3
development,8a6d39c17f02b4e5,4200,development,53,70,87,0,0,0.02000000,0.00000000,-6.281584501266e-5
development,8a6d39c17f02b4e5,4200,development,53,70,87,1,1,0.01000000,-0.02000000,-3.130112963845e-5
development,8a6d39c17f02b4e5,4200,development,54,71,86,0,0,0.02000000,0.00000000,-2.189229007854e-6
development,8a6d39c17f02b4e5,4200,development,54,71,86,1,1,0.01000000,-0.02000000,4.321336746216e-7
development,8a6d39c17f02b4e5,4200,development,55,72,85,0,1,0.02000000,-0.02000000,-2.070938498946e-4
development,8a6d39c17f02b4e5,4200,development,55,72,85,1,0,0.01000000,0.00000000,-9.902380406857e-5
development,8a6d39c17f02b4e5,4200,development,56,73,84,0,1,0.02000000,-0.02000000,-4.427414387465e-5
development,8a6d39c17f02b4e5,4200,development,56,73,84,1,0,0.01000000,0.00000000,-2.205620148743e-5
development,8a6d39c17f02b4e5,4200,development,57,74,83,0,1,0.02000000,-0.02000000,-4.977987264283e-4
development,8a6d39c17f02b4e5,4200,development,57,74,83,1,0,0.01000000,0.00000000,-2.342406660318e-4
development,8a6d39c17f02b4e5,4200,development,58,75,82,0,0,0.02000000,0.00000000,-5.722884088755e-5
development,8a6d39c17f02b4e5,4200,development,58,75,82,1,1,0.01000000,-0.02000000,-2.708254942263e-5
development,8a6d39c17f02b4e5,4200,development,59,76,81,0,0,0.02000000,0.00000000,-1.873103552498e-3
development,8a6d39c17f02b4e5,4200,development,59,76,81,1,1,0.01000000,-0.02000000,-8.804732933640e-4
development,8a6d39c17f02b4e5,4200,development,60,77,80,0,1,0.02000000,-0.02000000,-1.120573506341e-4
development,8a6d39c17f02b4e5,4200,development,60,77,80,1,0,0.01000000,0.00000000,-5.305248123477e-5
development,8a6d39c17f02b4e5,4200,development,61,78,79,0,1,0.02000000,0.01000000,-1.287136808969e-3
development,8a6d39c17f02b4e5,4200,development,61,78,79,1,0,0.01000000,0.02000000,-7.322821766138e-4
development,8a6d39c17f02b4e5,4200,evaluation,1,18,16,0,0,0.02000000,-0.02000000,-2.882971020881e-4
development,8a6d39c17f02b4e5,4200,evaluation,1,18,16,1,1,0.01000000,-0.01000000,4.672817885876e-5
development,8a6d39c17f02b4e5,4200,evaluation,2,19,15,0,1,0.02000000,0.01000000,3.366628661752e-4
development,8a6d39c17f02b4e5,4200,evaluation,2,19,15,1,0,0.01000000,0.02000000,1.033549779095e-3
development,8a6d39c17f02b4e5,4200,evaluation,3,20,14,0,0,-0.02000000,0.00500000,-3.638499649242e-3
development,8a6d39c17f02b4e5,4200,evaluation,3,20,14,1,1,-0.01000000,0.00000000,-1.549440785311e-3
development,8a6d39c17f02b4e5,4200,evaluation,5,22,12,0,0,0.00000000,0.02000000,2.628505928442e-3
development,8a6d39c17f02b4e5,4200,evaluation,5,22,12,1,1,0.00500000,0.01000000,7.079259376042e-4
development,8a6d39c17f02b4e5,4200,evaluation,6,23,11,0,0,0.02000000,-0.02000000,-1.105970353819e-3
development,8a6d39c17f02b4e5,4200,evaluation,6,23,11,1,1,0.01000000,-0.01000000,-3.801714628935e-4
development,8a6d39c17f02b4e5,4200,evaluation,7,24,10,0,1,-0.02000000,-0.01000000,-2.953577786684e-4
development,8a6d39c17f02b4e5,4200,evaluation,7,24,10,1,0,-0.01000000,-0.02000000,-3.518741577864e-4
development,8a6d39c17f02b4e5,4200,evaluation,8,25,9,0,1,-0.02000000,0.01000000,-7.762704044580e-4
development,8a6d39c17f02b4e5,4200,evaluation,8,25,9,1,0,-0.01000000,0.02000000,-1.452003256418e-3
development,8a6d39c17f02b4e5,4200,evaluation,9,26,8,0,1,-0.02000000,0.01000000,-1.300437375903e-3
development,8a6d39c17f02b4e5,4200,evaluation,9,26,8,1,0,-0.01000000,0.02000000,-9.530832176097e-4
development,8a6d39c17f02b4e5,4200,evaluation,10,27,7,0,1,-0.02000000,-0.01000000,-2.805528638419e-4
development,8a6d39c17f02b4e5,4200,evaluation,10,27,7,1,0,-0.01000000,-0.02000000,-1.105647534132e-4
development,8a6d39c17f02b4e5,4200,evaluation,11,28,6,0,0,-0.02000000,-0.02000000,-3.252027556300e-3
development,8a6d39c17f02b4e5,4200,evaluation,11,28,6,1,1,-0.01000000,-0.01000000,-1.520747900940e-3
development,8a6d39c17f02b4e5,4200,evaluation,12,29,5,0,1,-0.02000000,-0.01000000,-2.275183796883e-4
development,8a6d39c17f02b4e5,4200,evaluation,12,29,5,1,0,-0.01000000,-0.02000000,-3.926921635866e-4
development,8a6d39c17f02b4e5,4200,evaluation,13,30,4,0,0,-0.02000000,-0.02000000,-2.296024933457e-3
development,8a6d39c17f02b4e5,4200,evaluation,13,30,4,1,1,-0.01000000,-0.01000000,-1.062366529368e-3
development,8a6d39c17f02b4e5,4200,evaluation,14,31,3,0,0,-0.02000000,0.02000000,-4.557339998428e-4
development,8a6d39c17f02b4e5,4200,evaluation,14,31,3,1,1,-0.01000000,0.01000000,-1.417950988980e-4
development,8a6d39c17f02b4e5,4200,evaluation,15,32,2,0,0,0.02000000,0.02000000,8.021186222322e-4
development,8a6d39c17f02b4e5,4200,evaluation,15,32,2,1,1,0.01000000,0.01000000,4.524507967290e-4
development,8a6d39c17f02b4e5,4200,evaluation,16,33,1,0,1,-0.02000000,-0.01000000,1.445338129997e-4
development,8a6d39c17f02b4e5,4200,evaluation,16,33,1,1,0,-0.01000000,-0.02000000,-1.448517082281e-6
development,8a6d39c17f02b4e5,4200,evaluation,17,34,0,0,0,-0.02000000,-0.02000000,6.509392405860e-4
development,8a6d39c17f02b4e5,4200,evaluation,17,34,0,1,1,-0.01000000,-0.01000000,3.897088172380e-4
development,8a6d39c17f02b4e5,4200,evaluation,18,35,122,0,1,0.02000000,-0.01000000,-3.933279367629e-4
development,8a6d39c17f02b4e5,4200,evaluation,18,35,122,1,0,0.01000000,-0.02000000,-4.120419325773e-4
development,8a6d39c17f02b4e5,4200,evaluation,19,36,121,0,0,-0.02000000,-0.02000000,4.646430315915e-4
development,8a6d39c17f02b4e5,4200,evaluation,19,36,121,1,1,-0.01000000,-0.01000000,3.204891982023e-4
development,8a6d39c17f02b4e5,4200,evaluation,20,37,120,0,0,0.02000000,0.02000000,-2.073136420222e-4
development,8a6d39c17f02b4e5,4200,evaluation,20,37,120,1,1,0.01000000,0.01000000,-8.313854777953e-5
development,8a6d39c17f02b4e5,4200,evaluation,22,39,118,0,0,0.02000000,0.02000000,2.293003053637e-4
development,8a6d39c17f02b4e5,4200,evaluation,22,39,118,1,1,0.01000000,0.01000000,2.365056425333e-4
development,8a6d39c17f02b4e5,4200,evaluation,23,40,117,0,0,0.02000000,0.02000000,6.077314537833e-5
development,8a6d39c17f02b4e5,4200,evaluation,23,40,117,1,1,0.01000000,0.01000000,3.146256131004e-5
development,8a6d39c17f02b4e5,4200,evaluation,24,41,116,0,1,0.02000000,-0.01000000,-6.988769018790e-5
development,8a6d39c17f02b4e5,4200,evaluation,24,41,116,1,0,0.01000000,-0.02000000,-1.340527087450e-4
development,8a6d39c17f02b4e5,4200,evaluation,25,42,115,0,0,0.02000000,0.00000000,1.927372068167e-4
development,8a6d39c17f02b4e5,4200,evaluation,25,42,115,1,1,0.01000000,-0.02000000,1.047595069394e-4
development,8a6d39c17f02b4e5,4200,evaluation,26,43,114,0,0,0.02000000,-0.02000000,-6.633500015596e-5
development,8a6d39c17f02b4e5,4200,evaluation,26,43,114,1,1,0.01000000,-0.01000000,-3.142530840705e-5
development,8a6d39c17f02b4e5,4200,evaluation,27,44,113,0,0,0.02000000,-0.02000000,1.053574160323e-4
development,8a6d39c17f02b4e5,4200,evaluation,27,44,113,1,1,0.01000000,-0.01000000,6.720423698425e-5
development,8a6d39c17f02b4e5,4200,evaluation,28,45,112,0,0,0.02000000,-0.02000000,-4.811516555492e-4
development,8a6d39c17f02b4e5,4200,evaluation,28,45,112,1,1,0.01000000,-0.01000000,-2.255414874526e-4
development,8a6d39c17f02b4e5,4200,evaluation,29,46,111,0,1,-0.02000000,-0.02000000,3.170035779476e-5
development,8a6d39c17f02b4e5,4200,evaluation,29,46,111,1,0,-0.01000000,0.00000000,1.594610512257e-5
development,8a6d39c17f02b4e5,4200,evaluation,30,47,110,0,0,0.02000000,-0.02000000,3.960014510085e-5
development,8a6d39c17f02b4e5,4200,evaluation,30,47,110,1,1,0.01000000,-0.01000000,4.125759005547e-5
development,8a6d39c17f02b4e5,4200,evaluation,31,48,109,0,0,0.00000000,-0.02000000,-5.253900962998e-5
development,8a6d39c17f02b4e5,4200,evaluation,31,48,109,1,1,-0.02000000,-0.01000000,-2.432862856949e-5
development,8a6d39c17f02b4e5,4200,evaluation,32,49,108,0,1,0.00000000,0.01000000,6.641695654253e-5
development,8a6d39c17f02b4e5,4200,evaluation,32,49,108,1,0,-0.02000000,0.02000000,1.252746878890e-4
development,8a6d39c17f02b4e5,4200,evaluation,33,50,107,0,1,0.00000000,-0.02000000,0.000000000000e0
development,8a6d39c17f02b4e5,4200,evaluation,33,50,107,1,0,-0.02000000,0.00000000,0.000000000000e0
development,8a6d39c17f02b4e5,4200,evaluation,34,51,106,0,1,0.00000000,-0.01000000,1.048240810633e-4
development,8a6d39c17f02b4e5,4200,evaluation,34,51,106,1,0,-0.02000000,-0.02000000,2.069988549920e-4
development,8a6d39c17f02b4e5,4200,evaluation,35,52,105,0,0,0.00000000,-0.02000000,-9.863531449810e-4
development,8a6d39c17f02b4e5,4200,evaluation,35,52,105,1,1,-0.02000000,-0.01000000,-4.681479185820e-4
development,8a6d39c17f02b4e5,4200,evaluation,36,53,104,0,1,0.00000000,0.01000000,9.058291470865e-5
development,8a6d39c17f02b4e5,4200,evaluation,36,53,104,1,0,-0.02000000,0.02000000,1.506308763055e-4
development,8a6d39c17f02b4e5,4200,evaluation,37,54,103,0,1,0.00000000,-0.02000000,0.000000000000e0
development,8a6d39c17f02b4e5,4200,evaluation,37,54,103,1,0,-0.02000000,0.00000000,0.000000000000e0
development,8a6d39c17f02b4e5,4200,evaluation,38,55,102,0,0,0.00000000,0.02000000,-2.425077109365e-4
development,8a6d39c17f02b4e5,4200,evaluation,38,55,102,1,1,-0.02000000,0.01000000,-1.121486202464e-4
development,8a6d39c17f02b4e5,4200,evaluation,39,56,101,0,1,-0.02000000,0.01000000,-1.733017415972e-4
development,8a6d39c17f02b4e5,4200,evaluation,39,56,101,1,0,-0.01000000,0.02000000,-2.407288848190e-4
development,8a6d39c17f02b4e5,4200,evaluation,40,57,100,0,0,-0.02000000,0.02000000,-3.234110772610e-4
development,8a6d39c17f02b4e5,4200,evaluation,40,57,100,1,1,-0.01000000,0.01000000,-1.608673483133e-4
development,8a6d39c17f02b4e5,4200,evaluation,41,58,99,0,0,-0.02000000,0.00000000,-4.538154753391e-4
development,8a6d39c17f02b4e5,4200,evaluation,41,58,99,1,1,-0.01000000,-0.02000000,-2.663085761014e-4
development,8a6d39c17f02b4e5,4200,evaluation,42,59,98,0,0,-0.02000000,0.02000000,4.183314740658e-5
development,8a6d39c17f02b4e5,4200,evaluation,42,59,98,1,1,-0.01000000,0.01000000,2.380895057286e-5
development,8a6d39c17f02b4e5,4200,evaluation,43,60,97,0,0,-0.02000000,0.02000000,-2.120232209563e-3
development,8a6d39c17f02b4e5,4200,evaluation,43,60,97,1,1,-0.01000000,0.01000000,-1.036910340190e-3
development,8a6d39c17f02b4e5,4200,evaluation,44,61,96,0,0,-0.02000000,0.02000000,-6.320464308374e-4
development,8a6d39c17f02b4e5,4200,evaluation,44,61,96,1,1,-0.01000000,0.01000000,-3.092574479524e-4
development,8a6d39c17f02b4e5,4200,evaluation,45,62,95,0,0,-0.02000000,0.00000000,-5.957099492662e-4
development,8a6d39c17f02b4e5,4200,evaluation,45,62,95,1,1,-0.01000000,-0.02000000,-3.338363021612e-4
development,8a6d39c17f02b4e5,4200,evaluation,46,63,94,0,0,-0.02000000,0.02000000,-9.450388024561e-4
development,8a6d39c17f02b4e5,4200,evaluation,46,63,94,1,1,-0.01000000,0.01000000,-4.194360226393e-4
development,8a6d39c17f02b4e5,4200,evaluation,47,64,93,0,0,0.02000000,0.02000000,-4.403789716889e-5
development,8a6d39c17f02b4e5,4200,evaluation,47,64,93,1,1,0.01000000,0.01000000,-2.134094575013e-5
development,8a6d39c17f02b4e5,4200,evaluation,48,65,92,0,0,0.02000000,-0.02000000,-6.534103304148e-4
development,8a6d39c17f02b4e5,4200,evaluation,48,65,92,1,1,0.01000000,-0.01000000,-3.411068173591e-4
development,8a6d39c17f02b4e5,4200,evaluation,49,66,91,0,0,0.02000000,0.00000000,-1.333591808361e-5
development,8a6d39c17f02b4e5,4200,evaluation,49,66,91,1,1,0.01000000,-0.02000000,-6.625428795815e-6
development,8a6d39c17f02b4e5,4200,evaluation,50,67,90,0,0,0.02000000,0.02000000,6.144866347313e-6
development,8a6d39c17f02b4e5,4200,evaluation,50,67,90,1,1,0.01000000,0.01000000,1.040473580360e-5
development,8a6d39c17f02b4e5,4200,evaluation,51,68,89,0,1,0.02000000,0.01000000,-3.732964396477e-4
development,8a6d39c17f02b4e5,4200,evaluation,51,68,89,1,0,0.01000000,0.02000000,-6.978306919336e-4
development,8a6d39c17f02b4e5,4200,evaluation,52,69,88,0,0,0.02000000,-0.02000000,-1.486282795668e-3
development,8a6d39c17f02b4e5,4200,evaluation,52,69,88,1,1,0.01000000,-0.01000000,-6.968726520427e-4
development,8a6d39c17f02b4e5,4200,evaluation,53,70,87,0,1,0.02000000,-0.02000000,-6.281584501266e-5
development,8a6d39c17f02b4e5,4200,evaluation,53,70,87,1,0,0.01000000,0.00000000,-3.130112963845e-5
development,8a6d39c17f02b4e5,4200,evaluation,54,71,86,0,1,0.02000000,-0.02000000,-2.189229007854e-6
development,8a6d39c17f02b4e5,4200,evaluation,54,71,86,1,0,0.01000000,0.00000000,4.321336746216e-7
development,8a6d39c17f02b4e5,4200,evaluation,55,72,85,0,0,0.02000000,0.00000000,-2.070938498946e-4
development,8a6d39c17f02b4e5,4200,evaluation,55,72,85,1,1,0.01000000,-0.02000000,-9.902380406857e-5
development,8a6d39c17f02b4e5,4200,evaluation,56,73,84,0,0,0.02000000,0.00000000,-4.427414387465e-5
development,8a6d39c17f02b4e5,4200,evaluation,56,73,84,1,1,0.01000000,-0.02000000,-2.205620148743e-5
development,8a6d39c17f02b4e5,4200,evaluation,57,74,83,0,0,0.02000000,0.00000000,-4.977987264283e-4
development,8a6d39c17f02b4e5,4200,evaluation,57,74,83,1,1,0.01000000,-0.02000000,-2.342406660318e-4
development,8a6d39c17f02b4e5,4200,evaluation,58,75,82,0,1,0.02000000,-0.02000000,-5.722884088755e-5
development,8a6d39c17f02b4e5,4200,evaluation,58,75,82,1,0,0.01000000,0.00000000,-2.708254942263e-5
development,8a6d39c17f02b4e5,4200,evaluation,59,76,81,0,1,0.02000000,-0.02000000,-1.873103552498e-3
development,8a6d39c17f02b4e5,4200,evaluation,59,76,81,1,0,0.01000000,0.00000000,-8.804732933640e-4
development,8a6d39c17f02b4e5,4200,evaluation,60,77,80,0,0,0.02000000,0.00000000,-1.120573506341e-4
development,8a6d39c17f02b4e5,4200,evaluation,60,77,80,1,1,0.01000000,-0.02000000,-5.305248123477e-5
development,8a6d39c17f02b4e5,4200,evaluation,61,78,79,0,0,0.02000000,0.02000000,-1.383621827699e-3
development,8a6d39c17f02b4e5,4200,evaluation,61,78,79,1,1,0.01000000,0.01000000,-6.358076934703e-4
development,31f0c72ba845196d,600,development,1,108,106,0,0,-0.02000000,0.00000000,-2.291798591614e-5
development,31f0c72ba845196d,600,development,1,108,106,1,1,-0.01000000,-0.02000000,-1.126589904743e-5
development,31f0c72ba845196d,600,development,2,109,105,0,0,0.02000000,0.02000000,2.245791256428e-4
development,31f0c72ba845196d,600,development,2,109,105,1,1,0.01000000,0.01000000,1.136337741627e-4
development,31f0c72ba845196d,600,development,3,110,104,0,1,-0.02000000,-0.01000000,-7.560973608634e-5
development,31f0c72ba845196d,600,development,3,110,104,1,0,-0.01000000,-0.02000000,-6.436929106712e-5
development,31f0c72ba845196d,600,development,4,111,103,0,1,0.00000000,-0.02000000,0.000000000000e0
development,31f0c72ba845196d,600,development,4,111,103,1,0,-0.02000000,0.00000000,0.000000000000e0
development,31f0c72ba845196d,600,development,5,112,102,0,0,0.02000000,0.02000000,3.494862467051e-4
development,31f0c72ba845196d,600,development,5,112,102,1,1,0.01000000,0.01000000,1.753519027261e-4
development,31f0c72ba845196d,600,development,6,113,101,0,1,-0.02000000,0.01000000,4.540532827377e-4
development,31f0c72ba845196d,600,development,6,113,101,1,0,-0.01000000,0.02000000,2.958315017167e-4
development,31f0c72ba845196d,600,development,7,114,100,0,0,0.00000000,0.02000000,-1.541581004858e-4
development,31f0c72ba845196d,600,development,7,114,100,1,1,-0.02000000,0.01000000,-7.689930498600e-5
development,31f0c72ba845196d,600,development,8,115,99,0,0,0.00000000,0.00000000,0.000000000000e0
development,31f0c72ba845196d,600,development,8,115,99,1,1,-0.02000000,-0.02000000,-4.085401599241e-7
development,31f0c72ba845196d,600,development,9,116,98,0,1,0.02000000,-0.02000000,1.304168254137e-4
development,31f0c72ba845196d,600,development,9,116,98,1,0,0.01000000,0.00000000,6.542851770064e-5
development,31f0c72ba845196d,600,development,10,117,97,0,1,-0.02000000,0.01000000,2.881872060243e-4
development,31f0c72ba845196d,600,development,10,117,97,1,0,-0.01000000,0.02000000,3.309982421342e-4
development,31f0c72ba845196d,600,development,11,118,96,0,0,-0.02000000,0.02000000,5.861806494067e-5
development,31f0c72ba845196d,600,development,11,118,96,1,1,-0.01000000,0.01000000,3.004012069141e-5
development,31f0c72ba845196d,600,development,12,119,95,0,1,0.00000000,-0.02000000,0.000000000000e0
development,31f0c72ba845196d,600,development,12,119,95,1,0,-0.02000000,0.00000000,0.000000000000e0
development,31f0c72ba845196d,600,development,13,120,94,0,1,0.02000000,0.01000000,6.150081753731e-5
development,31f0c72ba845196d,600,development,13,120,94,1,0,0.01000000,0.02000000,1.076279804693e-4
development,31f0c72ba845196d,600,development,14,121,93,0,0,-0.02000000,0.02000000,-5.173745448701e-4
development,31f0c72ba845196d,600,development,14,121,93,1,1,-0.01000000,0.01000000,-2.329293638468e-4
development,31f0c72ba845196d,600,development,15,122,92,0,0,-0.02000000,-0.02000000,1.143558547483e-4
development,31f0c72ba845196d,600,development,15,122,92,1,1,-0.01000000,-0.01000000,1.127192153945e-4
development,31f0c72ba845196d,600,development,16,0,91,0,1,-0.02000000,-0.02000000,-1.942496746778e-4
development,31f0c72ba845196d,600,development,16,0,91,1,0,-0.01000000,0.00000000,-8.924429857871e-5
development,31f0c72ba845196d,600,development,17,1,90,0,0,0.01000000,0.00000000,1.407663057762e-5
development,31f0c72ba845196d,600,development,17,1,90,1,1,0.00500000,-0.02000000,1.055374741554e-5
development,31f0c72ba845196d,600,development,18,2,89,0,0,0.02000000,0.02000000,-1.765421329765e-4
development,31f0c72ba845196d,600,development,18,2,89,1,1,0.01000000,0.01000000,-2.742372453213e-5
development,31f0c72ba845196d,600,development,19,3,88,0,0,-0.02000000,-0.02000000,1.477773039369e-4
development,31f0c72ba845196d,600,development,19,3,88,1,1,-0.01000000,-0.01000000,8.164159953594e-5
development,31f0c72ba845196d,600,development,20,4,87,0,1,-0.02000000,-0.02000000,1.579659729032e-4
development,31f0c72ba845196d,600,development,20,4,87,1,0,-0.01000000,0.00000000,8.262010669569e-5
development,31f0c72ba845196d,600,development,21,5,86,0,0,0.02000000,0.00000000,1.294140965911e-4
development,31f0c72ba845196d,600,development,21,5,86,1,1,0.01000000,-0.02000000,7.137966895243e-5
development,31f0c72ba845196d,600,development,22,6,85,0,0,0.02000000,0.00000000,1.981463283300e-4
development,31f0c72ba845196d,600,development,22,6,85,1,1,0.01000000,-0.02000000,1.036201938405e-4
development,31f0c72ba845196d,600,development,23,7,84,0,1,0.02000000,-0.02000000,1.233859657077e-4
development,31f0c72ba845196d,600,development,23,7,84,1,0,0.01000000,0.00000000,6.336098158499e-5
development,31f0c72ba845196d,600,development,24,8,83,0,0,0.02000000,0.00000000,4.435020091478e-4
development,31f0c72ba845196d,600,development,24,8,83,1,1,0.01000000,-0.02000000,2.386526466580e-4
development,31f0c72ba845196d,600,development,25,9,82,0,0,0.02000000,0.00000000,1.106572672143e-4
development,31f0c72ba845196d,600,development,25,9,82,1,1,0.01000000,-0.02000000,6.806850433350e-5
development,31f0c72ba845196d,600,development,26,10,81,0,0,-0.02000000,0.00000000,-7.619956886629e-5
development,31f0c72ba845196d,600,development,26,10,81,1,1,-0.01000000,-0.02000000,-2.226668038929e-5
development,31f0c72ba845196d,600,development,27,11,80,0,1,0.02000000,-0.02000000,1.302466989728e-4
development,31f0c72ba845196d,600,development,27,11,80,1,0,0.01000000,0.00000000,7.293000817299e-5
development,31f0c72ba845196d,600,development,28,12,79,0,0,-0.02000000,0.02000000,3.385754826013e-4
development,31f0c72ba845196d,600,development,28,12,79,1,1,-0.01000000,0.01000000,1.770077942638e-4
development,31f0c72ba845196d,600,development,29,13,78,0,0,-0.02000000,0.02000000,4.819346067961e-4
development,31f0c72ba845196d,600,development,29,13,78,1,1,-0.01000000,0.01000000,2.485128643457e-4
development,31f0c72ba845196d,600,development,30,14,77,0,0,-0.02000000,0.02000000,-1.590183674125e-4
development,31f0c72ba845196d,600,development,30,14,77,1,1,-0.01000000,0.01000000,-7.242461288115e-5
development,31f0c72ba845196d,600,development,31,15,76,0,0,0.02000000,0.02000000,-8.525947487215e-5
development,31f0c72ba845196d,600,development,31,15,76,1,1,0.01000000,0.01000000,-7.477278359147e-6
development,31f0c72ba845196d,600,development,32,16,75,0,0,-0.02000000,0.02000000,-5.358457565308e-5
development,31f0c72ba845196d,600,development,32,16,75,1,1,-0.01000000,0.01000000,3.096337195529e-6
development,31f0c72ba845196d,600,development,33,17,74,0,1,0.02000000,0.01000000,3.307995575597e-5
development,31f0c72ba845196d,600,development,33,17,74,1,0,0.01000000,0.02000000,5.657474321197e-5
development,31f0c72ba845196d,600,development,34,18,73,0,1,0.02000000,-0.02000000,-9.963910088118e-6
development,31f0c72ba845196d,600,development,34,18,73,1,0,0.01000000,0.00000000,1.074249576050e-5
development,31f0c72ba845196d,600,development,35,19,72,0,1,-0.02000000,-0.01000000,-1.800196914701e-4
development,31f0c72ba845196d,600,development,35,19,72,1,0,-0.01000000,-0.02000000,-4.736334085464e-5
development,31f0c72ba845196d,600,development,36,20,71,0,0,-0.02000000,0.02000000,-3.586336970329e-5
development,31f0c72ba845196d,600,development,36,20,71,1,1,-0.01000000,0.01000000,1.281686127186e-5
development,31f0c72ba845196d,600,development,37,21,70,0,1,-0.02000000,0.01000000,3.650598227978e-5
development,31f0c72ba845196d,600,development,37,21,70,1,0,-0.01000000,0.02000000,6.314118945738e-5
development,31f0c72ba845196d,600,development,38,22,69,0,1,0.02000000,-0.02000000,-1.616881490918e-4
development,31f0c72ba845196d,600,development,38,22,69,1,0,0.01000000,0.00000000,-1.206373144669e-5
development,31f0c72ba845196d,600,development,39,23,68,0,1,0.02000000,0.01000000,-1.424973161193e-4
development,31f0c72ba845196d,600,development,39,23,68,1,0,0.01000000,0.02000000,-1.196190714836e-4
development,31f0c72ba845196d,600,development,40,24,67,0,0,-0.02000000,0.02000000,-1.011739150272e-4
development,31f0c72ba845196d,600,development,40,24,67,1,1,-0.01000000,0.01000000,-5.279357355903e-5
development,31f0c72ba845196d,600,development,41,25,66,0,0,0.02000000,0.02000000,4.877026003669e-5
development,31f0c72ba845196d,600,development,41,25,66,1,1,0.01000000,0.01000000,2.440065145493e-5
development,31f0c72ba845196d,600,development,42,26,65,0,1,-0.02000000,-0.02000000,3.020962139999e-5
development,31f0c72ba845196d,600,development,42,26,65,1,0,-0.01000000,0.00000000,1.442618668079e-5
development,31f0c72ba845196d,600,development,43,27,64,0,1,0.02000000,-0.02000000,2.893929740821e-5
development,31f0c72ba845196d,600,development,43,27,64,1,0,0.01000000,0.00000000,7.235755674628e-6
development,31f0c72ba845196d,600,development,44,28,63,0,0,0.02000000,-0.02000000,5.304627120495e-5
development,31f0c72ba845196d,600,development,44,28,63,1,1,0.01000000,-0.01000000,3.041326999664e-5
development,31f0c72ba845196d,600,development,45,29,62,0,0,-0.02000000,-0.02000000,5.627423524857e-5
development,31f0c72ba845196d,600,development,45,29,62,1,1,-0.01000000,-0.01000000,3.483891487122e-5
development,31f0c72ba845196d,600,development,46,30,61,0,0,-0.02000000,-0.02000000,6.105564534664e-5
development,31f0c72ba845196d,600,development,46,30,61,1,1,-0.01000000,-0.01000000,3.088948506047e-5
development,31f0c72ba845196d,600,development,47,31,60,0,1,-0.02000000,0.01000000,8.477518713335e-5
development,31f0c72ba845196d,600,development,47,31,60,1,0,-0.01000000,0.02000000,9.688673162600e-5
development,31f0c72ba845196d,600,development,48,32,59,0,1,0.00000000,0.01000000,1.581385731697e-5
development,31f0c72ba845196d,600,development,48,32,59,1,0,-0.02000000,0.02000000,1.576356589794e-4
development,31f0c72ba845196d,600,development,49,33,58,0,0,0.00000000,-0.02000000,-2.572188714112e-5
development,31f0c72ba845196d,600,development,49,33,58,1,1,-0.02000000,-0.01000000,3.717839717865e-6
development,31f0c72ba845196d,600,development,50,34,57,0,1,0.02000000,0.01000000,1.108720898628e-4
development,31f0c72ba845196d,600,development,50,34,57,1,0,0.01000000,0.02000000,6.769286846975e-5
development,31f0c72ba845196d,600,development,51,35,56,0,1,0.02000000,-0.01000000,-2.853659389075e-4
development,31f0c72ba845196d,600,development,51,35,56,1,0,0.01000000,-0.02000000,-1.823548227549e-4
development,31f0c72ba845196d,600,development,52,36,55,0,0,0.02000000,0.00000000,-5.118058179505e-4
development,31f0c72ba845196d,600,development,52,36,55,1,1,0.01000000,-0.02000000,-2.254061400890e-4
development,31f0c72ba845196d,600,development,53,37,54,0,0,0.00000000,0.00000000,0.000000000000e0
development,31f0c72ba845196d,600,development,53,37,54,1,1,-0.02000000,-0.02000000,1.592046319274e-4
development,31f0c72ba845196d,600,development,54,38,53,0,0,0.02000000,0.00000000,4.487851110753e-4
development,31f0c72ba845196d,600,development,54,38,53,1,1,0.01000000,-0.02000000,2.250677644042e-4
development,31f0c72ba845196d,600,development,55,39,52,0,0,0.02000000,0.00000000,-1.481547951698e-5
development,31f0c72ba845196d,600,development,55,39,52,1,1,0.01000000,-0.02000000,1.876490750874e-5
development,31f0c72ba845196d,600,development,56,40,51,0,1,0.00000000,-0.02000000,9.480863809586e-6
development,31f0c72ba845196d,600,development,56,40,51,1,0,-0.02000000,0.00000000,0.000000000000e0
development,31f0c72ba845196d,600,development,57,41,50,0,0,0.00000000,0.00000000,0.000000000000e0
development,31f0c72ba845196d,600,development,57,41,50,1,1,-0.02000000,-0.02000000,0.000000000000e0
development,31f0c72ba845196d,600,development,58,42,49,0,1,0.00000000,-0.02000000,2.392878059254e-6
development,31f0c72ba845196d,600,development,58,42,49,1,0,-0.02000000,0.00000000,0.000000000000e0
development,31f0c72ba845196d,600,development,59,43,48,0,0,0.00000000,0.00000000,0.000000000000e0
development,31f0c72ba845196d,600,development,59,43,48,1,1,-0.02000000,-0.02000000,0.000000000000e0
development,31f0c72ba845196d,600,development,60,44,47,0,1,0.00000000,-0.02000000,0.000000000000e0
development,31f0c72ba845196d,600,development,60,44,47,1,0,-0.02000000,0.00000000,0.000000000000e0
development,31f0c72ba845196d,600,development,61,45,46,0,1,0.00000000,-0.02000000,0.000000000000e0
development,31f0c72ba845196d,600,development,61,45,46,1,0,-0.02000000,0.00000000,0.000000000000e0
development,31f0c72ba845196d,600,evaluation,1,108,106,0,1,-0.02000000,-0.02000000,-2.291798591614e-5
development,31f0c72ba845196d,600,evaluation,1,108,106,1,0,-0.01000000,0.00000000,-1.126589904743e-5
development,31f0c72ba845196d,600,evaluation,2,109,105,0,1,0.02000000,0.01000000,1.484186650487e-4
development,31f0c72ba845196d,600,evaluation,2,109,105,1,0,0.01000000,0.02000000,1.903691590996e-4
development,31f0c72ba845196d,600,evaluation,3,110,104,0,0,-0.02000000,-0.02000000,-9.403750300407e-5
development,31f0c72ba845196d,600,evaluation,3,110,104,1,1,-0.01000000,-0.01000000,-4.615944999387e-5
development,31f0c72ba845196d,600,evaluation,4,111,103,0,0,0.00000000,0.00000000,0.000000000000e0
development,31f0c72ba845196d,600,evaluation,4,111,103,1,1,-0.02000000,-0.02000000,0.000000000000e0
development,31f0c72ba845196d,600,evaluation,5,112,102,0,1,0.02000000,0.01000000,2.525703457650e-4
development,31f0c72ba845196d,600,evaluation,5,112,102,1,0,0.01000000,0.02000000,2.721628698055e-4
development,31f0c72ba845196d,600,evaluation,6,113,101,0,0,-0.02000000,0.02000000,4.990324378014e-4
development,31f0c72ba845196d,600,evaluation,6,113,101,1,1,-0.01000000,0.01000000,2.505419251975e-4
development,31f0c72ba845196d,600,evaluation,7,114,100,0,1,0.00000000,0.01000000,-7.689930498600e-5
development,31f0c72ba845196d,600,evaluation,7,114,100,1,0,-0.02000000,0.02000000,-1.541581004858e-4
development,31f0c72ba845196d,600,evaluation,8,115,99,0,1,0.00000000,-0.02000000,-9.909272193909e-7
development,31f0c72ba845196d,600,evaluation,8,115,99,1,0,-0.02000000,0.00000000,5.823870310451e-7
development,31f0c72ba845196d,600,evaluation,9,116,98,0,0,0.02000000,0.00000000,1.304168254137e-4
development,31f0c72ba845196d,600,evaluation,9,116,98,1,1,0.01000000,-0.02000000,6.542851770064e-5
development,31f0c72ba845196d,600,evaluation,10,117,97,0,0,-0.02000000,0.02000000,4.118302313145e-4
development,31f0c72ba845196d,600,evaluation,10,117,97,1,1,-0.01000000,0.01000000,2.070466725854e-4
development,31f0c72ba845196d,600,evaluation,11,118,96,0,1,-0.02000000,0.01000000,1.552297471790e-4
development,31f0c72ba845196d,600,evaluation,11,118,96,1,0,-0.01000000,0.02000000,-6.646166002611e-5
development,31f0c72ba845196d,600,evaluation,12,119,95,0,0,0.00000000,0.00000000,0.000000000000e0
development,31f0c72ba845196d,600,evaluation,12,119,95,1,1,-0.02000000,-0.02000000,0.000000000000e0
development,31f0c72ba845196d,600,evaluation,13,120,94,0,0,0.02000000,0.02000000,8.497945964336e-5
development,31f0c72ba845196d,600,evaluation,13,120,94,1,1,0.01000000,0.01000000,7.490068674088e-5
development,31f0c72ba845196d,600,evaluation,14,121,93,0,1,-0.02000000,0.01000000,-4.752272216137e-4
development,31f0c72ba845196d,600,evaluation,14,121,93,1,0,-0.01000000,0.02000000,-2.721268683672e-4
development,31f0c72ba845196d,600,evaluation,15,122,92,0,1,-0.02000000,-0.01000000,3.054769185837e-4
development,31f0c72ba845196d,600,evaluation,15,122,92,1,0,-0.01000000,-0.02000000,-6.957290315768e-5
development,31f0c72ba845196d,600,evaluation,16,0,91,0,0,-0.02000000,0.00000000,-2.037305384874e-4
development,31f0c72ba845196d,600,evaluation,16,0,91,1,1,-0.01000000,-0.02000000,-7.976343476912e-5
development,31f0c72ba845196d,600,evaluation,17,1,90,0,1,0.01000000,-0.02000000,1.407663057762e-5
development,31f0c72ba845196d,600,evaluation,17,1,90,1,0,0.00500000,0.00000000,1.055374741554e-5
development,31f0c72ba845196d,600,evaluation,18,2,89,0,1,0.02000000,0.01000000,-3.020651638508e-5
development,31f0c72ba845196d,600,evaluation,18,2,89,1,0,0.01000000,0.02000000,-1.737456768751e-4
development,31f0c72ba845196d,600,evaluation,19,3,88,0,1,-0.02000000,-0.01000000,9.351409971714e-5
development,31f0c72ba845196d,600,evaluation,19,3,88,1,0,-0.01000000,-0.02000000,1.358364970656e-4
development,31f0c72ba845196d,600,evaluation,20,4,87,0,0,-0.02000000,0.00000000,1.579659729032e-4
development,31f0c72ba845196d,600,evaluation,20,4,87,1,1,-0.01000000,-0.02000000,8.262010669569e-5
development,31f0c72ba845196d,600,evaluation,21,5,86,0,1,0.02000000,-0.02000000,1.294140965911e-4
development,31f0c72ba845196d,600,evaluation,21,5,86,1,0,0.01000000,0.00000000,7.137966895243e-5
development,31f0c72ba845196d,600,evaluation,22,6,85,0,1,0.02000000,-0.02000000,1.981463283300e-4
development,31f0c72ba845196d,600,evaluation,22,6,85,1,0,0.01000000,0.00000000,1.036201938405e-4
development,31f0c72ba845196d,600,evaluation,23,7,84,0,0,0.02000000,0.00000000,1.233859657077e-4
development,31f0c72ba845196d,600,evaluation,23,7,84,1,1,0.01000000,-0.02000000,6.336098158499e-5
development,31f0c72ba845196d,600,evaluation,24,8,83,0,1,0.02000000,-0.02000000,4.436547460500e-4
development,31f0c72ba845196d,600,evaluation,24,8,83,1,0,0.01000000,0.00000000,2.386526466580e-4
development,31f0c72ba845196d,600,evaluation,25,9,82,0,1,0.02000000,-0.02000000,1.106572672143e-4
development,31f0c72ba845196d,600,evaluation,25,9,82,1,0,0.01000000,0.00000000,6.806850433350e-5
development,31f0c72ba845196d,600,evaluation,26,10,81,0,1,-0.02000000,-0.02000000,-7.619956886629e-5
development,31f0c72ba845196d,600,evaluation,26,10,81,1,0,-0.01000000,0.00000000,-2.226668038929e-5
development,31f0c72ba845196d,600,evaluation,27,11,80,0,0,0.02000000,0.00000000,1.302466989728e-4
development,31f0c72ba845196d,600,evaluation,27,11,80,1,1,0.01000000,-0.02000000,7.293000817299e-5
development,31f0c72ba845196d,600,evaluation,28,12,79,0,1,-0.02000000,0.01000000,3.226591798011e-4
development,31f0c72ba845196d,600,evaluation,28,12,79,1,0,-0.01000000,0.02000000,1.929309219122e-4
development,31f0c72ba845196d,600,evaluation,29,13,78,0,1,-0.02000000,0.01000000,4.060808569193e-4
development,31f0c72ba845196d,600,evaluation,29,13,78,1,0,-0.01000000,0.02000000,3.243616374675e-4
development,31f0c72ba845196d,600,evaluation,30,14,77,0,1,-0.02000000,0.01000000,-1.312314270763e-4
development,31f0c72ba845196d,600,evaluation,30,14,77,1,0,-0.01000000,0.02000000,-1.043559386744e-4
development,31f0c72ba845196d,600,evaluation,31,15,76,0,1,0.02000000,0.01000000,-1.627020537853e-5
development,31f0c72ba845196d,600,evaluation,31,15,76,1,0,0.01000000,0.02000000,-7.612692570547e-5
development,31f0c72ba845196d,600,evaluation,32,16,75,0,1,-0.02000000,0.01000000,-2.239955028926e-5
development,31f0c72ba845196d,600,evaluation,32,16,75,1,0,-0.01000000,0.02000000,-2.007869443332e-5
development,31f0c72ba845196d,600,evaluation,33,17,74,0,0,0.02000000,0.02000000,5.797358971904e-5
development,31f0c72ba845196d,600,evaluation,33,17,74,1,1,0.01000000,0.01000000,3.168110924889e-5
development,31f0c72ba845196d,600,evaluation,34,18,73,0,0,0.02000000,0.00000000,-1.385125051456e-5
development,31f0c72ba845196d,600,evaluation,34,18,73,1,1,0.01000000,-0.02000000,1.462983618694e-5
development,31f0c72ba845196d,600,evaluation,35,19,72,0,0,-0.02000000,-0.02000000,-1.565590500832e-4
development,31f0c72ba845196d,600,evaluation,35,19,72,1,1,-0.01000000,-0.01000000,-7.075568282744e-5
development,31f0c72ba845196d,600,evaluation,36,20,71,0,1,-0.02000000,0.01000000,-4.390751200845e-5
development,31f0c72ba845196d,600,evaluation,36,20,71,1,0,-0.01000000,0.02000000,2.160109579563e-5
development,31f0c72ba845196d,600,evaluation,37,21,70,0,0,-0.02000000,0.02000000,6.028016287019e-5
development,31f0c72ba845196d,600,evaluation,37,21,70,1,1,-0.01000000,0.01000000,3.936700522900e-5
development,31f0c72ba845196d,600,evaluation,38,22,69,0,0,0.02000000,0.00000000,-1.790821552277e-4
development,31f0c72ba845196d,600,evaluation,38,22,69,1,1,0.01000000,-0.02000000,5.330269686965e-6
development,31f0c72ba845196d,600,evaluation,39,23,68,0,0,0.02000000,0.02000000,-1.897905021906e-4
development,31f0c72ba845196d,600,evaluation,39,23,68,1,1,0.01000000,0.01000000,-7.218556856969e-5
development,31f0c72ba845196d,600,evaluation,40,24,67,0,1,-0.02000000,0.01000000,-7.369741797447e-5
development,31f0c72ba845196d,600,evaluation,40,24,67,1,0,-0.01000000,0.02000000,-8.026324212551e-5
development,31f0c72ba845196d,600,evaluation,41,25,66,0,1,0.02000000,0.01000000,3.338356691529e-5
development,31f0c72ba845196d,600,evaluation,41,25,66,1,0,0.01000000,0.02000000,3.978734093835e-5
development,31f0c72ba845196d,600,evaluation,42,26,65,0,0,-0.02000000,0.00000000,2.880146166717e-5
development,31f0c72ba845196d,600,evaluation,42,26,65,1,1,-0.01000000,-0.02000000,1.583434641361e-5
development,31f0c72ba845196d,600,evaluation,43,27,64,0,0,0.02000000,0.00000000,1.401392091793e-5
development,31f0c72ba845196d,600,evaluation,43,27,64,1,1,0.01000000,-0.02000000,2.216671964561e-5
development,31f0c72ba845196d,600,evaluation,44,28,63,0,1,0.02000000,-0.01000000,5.536216121982e-5
development,31f0c72ba845196d,600,evaluation,44,28,63,1,0,0.01000000,-0.02000000,2.784902790154e-5
development,31f0c72ba845196d,600,evaluation,45,29,62,0,1,-0.02000000,-0.01000000,9.031966328621e-6
development,31f0c72ba845196d,600,evaluation,45,29,62,1,0,-0.01000000,-0.02000000,8.208118379116e-5
development,31f0c72ba845196d,600,evaluation,46,30,61,0,1,-0.02000000,-0.01000000,1.046427860274e-4
development,31f0c72ba845196d,600,evaluation,46,30,61,1,0,-0.01000000,-0.02000000,-1.269765198231e-5
development,31f0c72ba845196d,600,evaluation,47,31,60,0,0,-0.02000000,0.02000000,1.210371628986e-4
development,31f0c72ba845196d,600,evaluation,47,31,60,1,1,-0.01000000,0.01000000,6.086193025112e-5
development,31f0c72ba845196d,600,evaluation,48,32,59,0,0,0.00000000,0.02000000,3.103290873696e-5
development,31f0c72ba845196d,600,evaluation,48,32,59,1,1,-0.02000000,0.01000000,1.425761729479e-4
development,31f0c72ba845196d,600,evaluation,49,33,58,0,1,0.00000000,-0.01000000,-7.222095973702e-6
development,31f0c72ba845196d,600,evaluation,49,33,58,1,0,-0.02000000,-0.02000000,-1.478195190430e-5
development,31f0c72ba845196d,600,evaluation,50,34,57,0,0,0.02000000,0.02000000,1.188945025206e-4
development,31f0c72ba845196d,600,evaluation,50,34,57,1,1,0.01000000,0.01000000,5.967045944999e-5
development,31f0c72ba845196d,600,evaluation,51,35,56,0,0,0.02000000,-0.02000000,-3.216663899366e-4
development,31f0c72ba845196d,600,evaluation,51,35,56,1,1,0.01000000,-0.01000000,-1.461481006118e-4
development,31f0c72ba845196d,600,evaluation,52,36,55,0,1,0.02000000,-0.02000000,-5.104597657919e-4
development,31f0c72ba845196d,600,evaluation,52,36,55,1,0,0.01000000,0.00000000,-2.267522067996e-4
development,31f0c72ba845196d,600,evaluation,53,37,54,0,1,0.00000000,-0.02000000,0.000000000000e0
development,31f0c72ba845196d,600,evaluation,53,37,54,1,0,-0.02000000,0.00000000,1.592046319274e-4
development,31f0c72ba845196d,600,evaluation,54,38,53,0,1,0.02000000,-0.02000000,4.487851110753e-4
development,31f0c72ba845196d,600,evaluation,54,38,53,1,0,0.01000000,0.00000000,2.250677644042e-4
development,31f0c72ba845196d,600,evaluation,55,39,52,0,1,0.02000000,-0.02000000,-5.334615707397e-6
development,31f0c72ba845196d,600,evaluation,55,39,52,1,0,0.01000000,0.00000000,9.284044608648e-6
development,31f0c72ba845196d,600,evaluation,56,40,51,0,0,0.00000000,0.00000000,0.000000000000e0
development,31f0c72ba845196d,600,evaluation,56,40,51,1,1,-0.02000000,-0.02000000,9.480863809586e-6
development,31f0c72ba845196d,600,evaluation,57,41,50,0,1,0.00000000,-0.02000000,0.000000000000e0
development,31f0c72ba845196d,600,evaluation,57,41,50,1,0,-0.02000000,0.00000000,0.000000000000e0
development,31f0c72ba845196d,600,evaluation,58,42,49,0,0,0.00000000,0.00000000,0.000000000000e0
development,31f0c72ba845196d,600,evaluation,58,42,49,1,1,-0.02000000,-0.02000000,2.392878059254e-6
development,31f0c72ba845196d,600,evaluation,59,43,48,0,1,0.00000000,-0.02000000,0.000000000000e0
development,31f0c72ba845196d,600,evaluation,59,43,48,1,0,-0.02000000,0.00000000,0.000000000000e0
development,31f0c72ba845196d,600,evaluation,60,44,47,0,0,0.00000000,0.00000000,0.000000000000e0
development,31f0c72ba845196d,600,evaluation,60,44,47,1,1,-0.02000000,-0.02000000,0.000000000000e0
development,31f0c72ba845196d,600,evaluation,61,45,46,0,0,0.00000000,0.00000000,0.000000000000e0
development,31f0c72ba845196d,600,evaluation,61,45,46,1,1,-0.02000000,-0.02000000,0.000000000000e0
development,31f0c72ba845196d,2400,development,1,63,61,0,1,0.02000000,0.01000000,1.327407197095e-3
development,31f0c72ba845196d,2400,development,1,63,61,1,0,0.01000000,0.02000000,1.125771552324e-3
development,31f0c72ba845196d,2400,development,2,64,60,0,1,-0.02000000,0.01000000,5.424438859336e-4
development,31f0c72ba845196d,2400,development,2,64,60,1,0,-0.01000000,0.02000000,9.516657446511e-4
development,31f0c72ba845196d,2400,development,3,65,59,0,1,-0.02000000,0.01000000,3.607024846133e-4
development,31f0c72ba845196d,2400,development,3,65,59,1,0,-0.01000000,0.02000000,6.773266941309e-4
development,31f0c72ba845196d,2400,development,4,66,58,0,1,0.02000000,-0.01000000,2.071627677651e-4
development,31f0c72ba845196d,2400,development,4,66,58,1,0,0.01000000,-0.02000000,2.192656247644e-4
development,31f0c72ba845196d,2400,development,5,67,57,0,1,-0.02000000,-0.00500000,8.630256047581e-7
development,31f0c72ba845196d,2400,development,5,67,57,1,0,-0.01000000,0.00000000,2.349726855755e-5
development,31f0c72ba845196d,2400,development,6,68,56,0,0,-0.02000000,0.02000000,3.549568355083e-4
development,31f0c72ba845196d,2400,development,6,68,56,1,1,-0.01000000,0.01000000,1.786109060049e-4
development,31f0c72ba845196d,2400,development,7,69,55,0,1,-0.02000000,-0.02000000,1.416994928150e-4
development,31f0c72ba845196d,2400,development,7,69,55,1,0,-0.01000000,0.00000000,7.092145824572e-5
development,31f0c72ba845196d,2400,development,8,70,54,0,1,-0.02000000,-0.02000000,3.532382470439e-5
development,31f0c72ba845196d,2400,development,8,70,54,1,0,-0.01000000,0.00000000,1.868729850685e-5
development,31f0c72ba845196d,2400,development,9,71,53,0,1,0.02000000,-0.02000000,-1.432479621144e-4
development,31f0c72ba845196d,2400,development,9,71,53,1,0,0.01000000,0.00000000,-7.916614413261e-5
development,31f0c72ba845196d,2400,development,10,72,52,0,1,-0.02000000,-0.02000000,5.337800830603e-4
development,31f0c72ba845196d,2400,development,10,72,52,1,0,-0.01000000,0.00000000,2.682575432118e-4
development,31f0c72ba845196d,2400,development,11,73,51,0,0,0.02000000,0.00000000,-1.060037538991e-4
development,31f0c72ba845196d,2400,development,11,73,51,1,1,0.01000000,-0.02000000,-5.296214294503e-5
development,31f0c72ba845196d,2400,development,12,74,50,0,1,0.02000000,-0.02000000,4.123064281885e-4
development,31f0c72ba845196d,2400,development,12,74,50,1,0,0.01000000,0.00000000,2.068759204121e-4
development,31f0c72ba845196d,2400,development,13,75,49,0,0,-0.02000000,0.00000000,4.497002810240e-4
development,31f0c72ba845196d,2400,development,13,75,49,1,1,-0.01000000,-0.02000000,2.301602362422e-4
development,31f0c72ba845196d,2400,development,14,76,48,0,1,-0.02000000,-0.02000000,6.272488390096e-4
development,31f0c72ba845196d,2400,development,14,76,48,1,0,-0.01000000,0.00000000,3.243678656872e-4
development,31f0c72ba845196d,2400,development,15,77,47,0,0,-0.02000000,-0.02000000,1.051842584275e-3
development,31f0c72ba845196d,2400,development,15,77,47,1,1,-0.01000000,-0.01000000,5.507388268597e-4
development,31f0c72ba845196d,2400,development,16,78,46,0,1,-0.02000000,-0.02000000,3.536886943039e-4
development,31f0c72ba845196d,2400,development,16,78,46,1,0,-0.01000000,0.00000000,1.477186306147e-4
development,31f0c72ba845196d,2400,development,17,79,45,0,0,-0.02000000,-0.02000000,9.359018877149e-4
development,31f0c72ba845196d,2400,development,17,79,45,1,1,-0.01000000,-0.01000000,5.406600539573e-4
development,31f0c72ba845196d,2400,development,18,80,44,0,1,-0.02000000,0.01000000,-4.992944377591e-5
development,31f0c72ba845196d,2400,development,18,80,44,1,0,-0.01000000,0.02000000,-1.108534634113e-4
development,31f0c72ba845196d,2400,development,19,81,43,0,0,0.02000000,0.02000000,-1.007669270621e-4
development,31f0c72ba845196d,2400,development,19,81,43,1,1,0.01000000,0.01000000,-5.014489215682e-5
development,31f0c72ba845196d,2400,development,20,82,42,0,1,0.00000000,0.01000000,2.459188362991e-5
development,31f0c72ba845196d,2400,development,20,82,42,1,0,-0.02000000,0.02000000,4.915272074868e-5
development,31f0c72ba845196d,2400,development,21,83,41,0,1,0.02000000,0.01000000,-3.790389746428e-5
development,31f0c72ba845196d,2400,development,21,83,41,1,0,0.01000000,0.02000000,-5.183927714825e-5
development,31f0c72ba845196d,2400,development,22,84,40,0,1,0.02000000,-0.01000000,-2.221514705525e-6
development,31f0c72ba845196d,2400,development,22,84,40,1,0,0.01000000,-0.02000000,2.882660737669e-5
development,31f0c72ba845196d,2400,development,23,85,39,0,1,-0.01000000,-0.01000000,6.399322301149e-4
development,31f0c72ba845196d,2400,development,23,85,39,1,0,-0.00500000,-0.02000000,1.017147093080e-3
development,31f0c72ba845196d,2400,development,24,86,38,0,0,0.00000000,0.02000000,1.423619687557e-5
development,31f0c72ba845196d,2400,development,24,86,38,1,1,-0.02000000,0.01000000,2.837615647877e-5
development,31f0c72ba845196d,2400,development,25,87,37,0,0,-0.00500000,-0.02000000,1.107208081521e-3
development,31f0c72ba845196d,2400,development,25,87,37,1,1,0.00000000,-0.01000000,6.055149133317e-4
development,31f0c72ba845196d,2400,development,26,88,36,0,1,0.02000000,-0.01000000,1.752966432832e-3
development,31f0c72ba845196d,2400,development,26,88,36,1,0,0.01000000,-0.02000000,1.569418818690e-3
development,31f0c72ba845196d,2400,development,27,89,35,0,0,-0.02000000,-0.02000000,1.411901437677e-3
development,31f0c72ba845196d,2400,development,27,89,35,1,1,-0.01000000,-0.01000000,8.450665627606e-4
development,31f0c72ba845196d,2400,development,28,90,34,0,0,0.02000000,0.02000000,2.035045326920e-4
development,31f0c72ba845196d,2400,development,28,90,34,1,1,0.01000000,0.01000000,1.038486734615e-4
development,31f0c72ba845196d,2400,development,29,91,33,0,1,0.00000000,0.01000000,-5.134319144418e-5
development,31f0c72ba845196d,2400,development,29,91,33,1,0,-0.02000000,0.02000000,-1.030117273331e-4
development,31f0c72ba845196d,2400,development,30,92,32,0,1,0.02000000,-0.01000000,1.641957671382e-3
development,31f0c72ba845196d,2400,development,30,92,32,1,0,0.01000000,-0.02000000,1.245324849151e-3
development,31f0c72ba845196d,2400,development,31,93,31,0,1,-0.02000000,0.01000000,6.309822201729e-4
development,31f0c72ba845196d,2400,development,31,93,31,1,0,-0.01000000,0.02000000,1.034735352732e-3
development,31f0c72ba845196d,2400,development,32,94,30,0,1,-0.02000000,0.01000000,9.364348952658e-4
development,31f0c72ba845196d,2400,development,32,94,30,1,0,-0.01000000,0.02000000,7.257486577146e-4
development,31f0c72ba845196d,2400,development,33,95,29,0,0,0.02000000,0.02000000,9.123329073191e-4
development,31f0c72ba845196d,2400,development,33,95,29,1,1,0.01000000,0.01000000,4.592168552335e-4
development,31f0c72ba845196d,2400,development,34,96,28,0,1,-0.02000000,0.01000000,1.470903516747e-3
development,31f0c72ba845196d,2400,development,34,96,28,1,0,-0.01000000,0.02000000,1.503546372987e-3
development,31f0c72ba845196d,2400,development,35,97,27,0,0,-0.02000000,0.02000000,5.291712586768e-4
development,31f0c72ba845196d,2400,development,35,97,27,1,1,-0.01000000,0.01000000,2.914009091910e-4
development,31f0c72ba845196d,2400,development,36,98,26,0,0,-0.02000000,-0.02000000,3.063225594815e-4
development,31f0c72ba845196d,2400,development,36,98,26,1,1,-0.01000000,-0.01000000,1.539724617032e-4
development,31f0c72ba845196d,2400,development,37,99,25,0,1,0.00000000,0.01000000,1.232922077179e-4
development,31f0c72ba845196d,2400,development,37,99,25,1,0,-0.02000000,0.02000000,2.462522534188e-4
development,31f0c72ba845196d,2400,development,38,100,24,0,1,-0.02000000,0.01000000,8.122045546770e-4
development,31f0c72ba845196d,2400,development,38,100,24,1,0,-0.01000000,0.02000000,7.355443085544e-4
development,31f0c72ba845196d,2400,development,39,101,23,0,0,0.02000000,-0.02000000,2.094854833558e-3
development,31f0c72ba845196d,2400,development,39,101,23,1,1,0.01000000,-0.01000000,1.173553406261e-3
development,31f0c72ba845196d,2400,development,40,102,22,0,0,0.02000000,-0.02000000,1.585644087754e-3
development,31f0c72ba845196d,2400,development,40,102,22,1,1,0.01000000,-0.01000000,8.389835129492e-4
development,31f0c72ba845196d,2400,development,41,103,21,0,1,0.02000000,0.01000000,5.678174202330e-4
development,31f0c72ba845196d,2400,development,41,103,21,1,0,0.01000000,0.02000000,9.360226686113e-4
development,31f0c72ba845196d,2400,development,42,104,20,0,0,0.02000000,0.02000000,9.712176397443e-4
development,31f0c72ba845196d,2400,development,42,104,20,1,1,0.01000000,0.01000000,5.613500252366e-4
development,31f0c72ba845196d,2400,development,43,105,19,0,0,0.02000000,0.02000000,4.632112977561e-4
development,31f0c72ba845196d,2400,development,43,105,19,1,1,0.01000000,0.01000000,2.934091317002e-4
development,31f0c72ba845196d,2400,development,44,106,18,0,0,0.02000000,0.02000000,-1.396549196215e-4
development,31f0c72ba845196d,2400,development,44,106,18,1,1,0.01000000,0.01000000,-1.178433535642e-6
development,31f0c72ba845196d,2400,development,45,107,17,0,1,0.00000000,-0.00500000,-1.039380804286e-4
development,31f0c72ba845196d,2400,development,45,107,17,1,0,-0.02000000,0.00000000,0.000000000000e0
development,31f0c72ba845196d,2400,development,46,108,16,0,1,0.02000000,0.01000000,2.721293421928e-4
development,31f0c72ba845196d,2400,development,46,108,16,1,0,0.01000000,0.02000000,3.837309777737e-4
development,31f0c72ba845196d,2400,development,47,109,15,0,0,0.02000000,-0.02000000,-1.230044290423e-3
development,31f0c72ba845196d,2400,development,47,109,15,1,1,0.01000000,-0.01000000,-5.797799676657e-4
development,31f0c72ba845196d,2400,development,48,110,14,0,0,0.02000000,-0.02000000,1.886793063022e-3
development,31f0c72ba845196d,2400,development,48,110,14,1,1,0.01000000,-0.01000000,9.898782009259e-4
development,31f0c72ba845196d,2400,development,49,111,13,0,0,0.02000000,-0.02000000,-1.678013504716e-4
development,31f0c72ba845196d,2400,development,49,111,13,1,1,0.01000000,-0.01000000,-6.720764940837e-5
development,31f0c72ba845196d,2400,development,50,112,12,0,0,0.02000000,0.02000000,9.155953302979e-4
development,31f0c72ba845196d,2400,development,50,112,12,1,1,0.01000000,0.01000000,4.780724120792e-4
development,31f0c72ba845196d,2400,development,51,113,11,0,1,-0.02000000,0.01000000,1.076970831491e-3
development,31f0c72ba845196d,2400,development,51,113,11,1,0,-0.01000000,0.02000000,1.623657881282e-3
development,31f0c72ba845196d,2400,development,52,114,10,0,1,-0.02000000,0.01000000,6.758204544894e-4
development,31f0c72ba845196d,2400,development,52,114,10,1,0,-0.01000000,0.02000000,1.074479310773e-3
development,31f0c72ba845196d,2400,development,53,115,9,0,1,0.00000000,0.01000000,-3.771049159695e-5
development,31f0c72ba845196d,2400,development,53,115,9,1,0,-0.02000000,0.02000000,-1.030784696923e-4
development,31f0c72ba845196d,2400,development,54,116,8,0,1,0.02000000,0.01000000,9.969264501706e-4
development,31f0c72ba845196d,2400,development,54,116,8,1,0,0.01000000,0.02000000,1.172410906292e-3
development,31f0c72ba845196d,2400,development,55,117,7,0,1,-0.02000000,0.01000000,7.687074685236e-5
development,31f0c72ba845196d,2400,development,55,117,7,1,0,-0.01000000,0.02000000,1.011944041238e-4
development,31f0c72ba845196d,2400,development,56,118,6,0,0,-0.02000000,0.02000000,5.664291675203e-4
development,31f0c72ba845196d,2400,development,56,118,6,1,1,-0.01000000,0.01000000,2.880344691221e-4
development,31f0c72ba845196d,2400,development,57,119,5,0,1,-0.02000000,0.01000000,2.404144033790e-4
development,31f0c72ba845196d,2400,development,57,119,5,1,0,-0.01000000,0.02000000,4.032216966152e-4
development,31f0c72ba845196d,2400,development,58,120,4,0,0,-0.02000000,-0.02000000,7.743177120574e-4
development,31f0c72ba845196d,2400,development,58,120,4,1,1,-0.01000000,-0.01000000,4.475116729736e-4
development,31f0c72ba845196d,2400,development,59,121,3,0,0,0.02000000,-0.02000000,1.941910013556e-4
development,31f0c72ba845196d,2400,development,59,121,3,1,1,0.01000000,-0.01000000,1.090401783586e-4
development,31f0c72ba845196d,2400,development,60,122,2,0,0,0.02000000,-0.02000000,3.909608349204e-4
development,31f0c72ba845196d,2400,development,60,122,2,1,1,0.01000000,-0.01000000,2.024471759796e-4
development,31f0c72ba845196d,2400,development,61,0,1,0,0,0.02000000,0.02000000,1.498624682426e-3
development,31f0c72ba845196d,2400,development,61,0,1,1,1,0.01000000,0.01000000,7.709618657827e-4
development,31f0c72ba845196d,2400,evaluation,1,63,61,0,0,0.02000000,0.02000000,1.603486016393e-3
development,31f0c72ba845196d,2400,evaluation,1,63,61,1,1,0.01000000,0.01000000,8.387832785957e-4
development,31f0c72ba845196d,2400,evaluation,2,64,60,0,0,-0.02000000,0.02000000,9.862290462479e-4
development,31f0c72ba845196d,2400,evaluation,2,64,60,1,1,-0.01000000,0.01000000,5.078756366856e-4
development,31f0c72ba845196d,2400,evaluation,3,65,59,0,0,-0.02000000,0.02000000,6.905428017490e-4
development,31f0c72ba845196d,2400,evaluation,3,65,59,1,1,-0.01000000,0.01000000,3.474727272987e-4
development,31f0c72ba845196d,2400,evaluation,4,66,58,0,0,0.02000000,-0.02000000,2.828929573298e-4
development,31f0c72ba845196d,2400,evaluation,4,66,58,1,1,0.01000000,-0.01000000,1.433764846297e-4
development,31f0c72ba845196d,2400,evaluation,5,67,57,0,0,-0.02000000,0.00000000,4.697839540313e-5
development,31f0c72ba845196d,2400,evaluation,5,67,57,1,1,-0.01000000,-0.00500000,-2.262058296765e-5
development,31f0c72ba845196d,2400,evaluation,6,68,56,0,1,-0.02000000,0.01000000,2.119125128957e-4
development,31f0c72ba845196d,2400,evaluation,6,68,56,1,0,-0.01000000,0.02000000,3.216620534658e-4
development,31f0c72ba845196d,2400,evaluation,7,69,55,0,0,-0.02000000,0.00000000,1.416994928150e-4
development,31f0c72ba845196d,2400,evaluation,7,69,55,1,1,-0.01000000,-0.02000000,7.092145824572e-5
development,31f0c72ba845196d,2400,evaluation,8,70,54,0,0,-0.02000000,0.00000000,3.532382470439e-5
development,31f0c72ba845196d,2400,evaluation,8,70,54,1,1,-0.01000000,-0.02000000,1.868729850685e-5
development,31f0c72ba845196d,2400,evaluation,9,71,53,0,0,0.02000000,0.00000000,-1.432479621144e-4
development,31f0c72ba845196d,2400,evaluation,9,71,53,1,1,0.01000000,-0.02000000,-7.916614413261e-5
development,31f0c72ba845196d,2400,evaluation,10,72,52,0,0,-0.02000000,0.00000000,5.337800830603e-4
development,31f0c72ba845196d,2400,evaluation,10,72,52,1,1,-0.01000000,-0.02000000,2.682575432118e-4
development,31f0c72ba845196d,2400,evaluation,11,73,51,0,1,0.02000000,-0.02000000,-1.060037538991e-4
development,31f0c72ba845196d,2400,evaluation,11,73,51,1,0,0.01000000,0.00000000,-5.296214294503e-5
development,31f0c72ba845196d,2400,evaluation,12,74,50,0,0,0.02000000,0.00000000,4.123064281885e-4
development,31f0c72ba845196d,2400,evaluation,12,74,50,1,1,0.01000000,-0.02000000,2.068759204121e-4
development,31f0c72ba845196d,2400,evaluation,13,75,49,0,1,-0.02000000,-0.02000000,4.497002810240e-4
development,31f0c72ba845196d,2400,evaluation,13,75,49,1,0,-0.01000000,0.00000000,2.301602362422e-4
development,31f0c72ba845196d,2400,evaluation,14,76,48,0,0,-0.02000000,0.00000000,6.272488390096e-4
development,31f0c72ba845196d,2400,evaluation,14,76,48,1,1,-0.01000000,-0.02000000,3.243678656872e-4
development,31f0c72ba845196d,2400,evaluation,15,77,47,0,1,-0.02000000,-0.01000000,1.077674911357e-3
development,31f0c72ba845196d,2400,evaluation,15,77,47,1,0,-0.01000000,-0.02000000,5.297381430864e-4
development,31f0c72ba845196d,2400,evaluation,16,78,46,0,0,-0.02000000,0.00000000,2.945453452412e-4
development,31f0c72ba845196d,2400,evaluation,16,78,46,1,1,-0.01000000,-0.02000000,2.071016206173e-4
development,31f0c72ba845196d,2400,evaluation,17,79,45,0,1,-0.02000000,-0.01000000,9.066881611943e-4
development,31f0c72ba845196d,2400,evaluation,17,79,45,1,0,-0.01000000,-0.02000000,5.744826048613e-4
development,31f0c72ba845196d,2400,evaluation,18,80,44,0,0,-0.02000000,0.02000000,-1.096905543818e-4
development,31f0c72ba845196d,2400,evaluation,18,80,44,1,1,-0.01000000,0.01000000,-5.099177360535e-5
development,31f0c72ba845196d,2400,evaluation,19,81,43,0,1,0.02000000,0.01000000,-5.912315100431e-5
development,31f0c72ba845196d,2400,evaluation,19,81,43,1,0,0.01000000,0.02000000,-9.176383173326e-5
development,31f0c72ba845196d,2400,evaluation,20,82,42,0,0,0.00000000,0.02000000,4.915272074868e-5
development,31f0c72ba845196d,2400,evaluation,20,82,42,1,1,-0.02000000,0.01000000,2.459188362991e-5
development,31f0c72ba845196d,2400,evaluation,21,83,41,0,0,0.02000000,0.02000000,-5.909645187785e-5
development,31f0c72ba845196d,2400,evaluation,21,83,41,1,1,0.01000000,0.01000000,-3.067466241191e-5
development,31f0c72ba845196d,2400,evaluation,22,84,40,0,0,0.02000000,-0.02000000,1.857678034867e-5
development,31f0c72ba845196d,2400,evaluation,22,84,40,1,1,0.01000000,-0.01000000,8.156212970789e-6
development,31f0c72ba845196d,2400,evaluation,23,85,39,0,0,-0.01000000,-0.02000000,1.014767214656e-3
development,31f0c72ba845196d,2400,evaluation,23,85,39,1,1,-0.00500000,-0.01000000,6.421792204492e-4
development,31f0c72ba845196d,2400,evaluation,24,86,38,0,1,0.00000000,0.01000000,1.483348478359e-5
development,31f0c72ba845196d,2400,evaluation,24,86,38,1,0,-0.02000000,0.02000000,2.777886948024e-5
development,31f0c72ba845196d,2400,evaluation,25,87,37,0,1,-0.00500000,-0.01000000,5.979013512842e-4
development,31f0c72ba845196d,2400,evaluation,25,87,37,1,0,0.00000000,-0.02000000,1.115418970585e-3
development,31f0c72ba845196d,2400,evaluation,26,88,36,0,0,0.02000000,-0.02000000,2.184384735301e-3
development,31f0c72ba845196d,2400,evaluation,26,88,36,1,1,0.01000000,-0.01000000,1.131597324274e-3
development,31f0c72ba845196d,2400,evaluation,27,89,35,0,1,-0.02000000,-0.01000000,1.167421229184e-3
development,31f0c72ba845196d,2400,evaluation,27,89,35,1,0,-0.01000000,-0.02000000,1.129910349846e-3
development,31f0c72ba845196d,2400,evaluation,28,90,34,0,1,0.02000000,0.01000000,1.062564551830e-4
development,31f0c72ba845196d,2400,evaluation,28,90,34,1,0,0.01000000,0.02000000,2.014916390181e-4
development,31f0c72ba845196d,2400,evaluation,29,91,33,0,0,0.00000000,0.02000000,-1.030117273331e-4
development,31f0c72ba845196d,2400,evaluation,29,91,33,1,1,-0.02000000,0.01000000,-5.134319144418e-5
development,31f0c72ba845196d,2400,evaluation,30,92,32,0,0,0.02000000,-0.02000000,1.907270983793e-3
development,31f0c72ba845196d,2400,evaluation,30,92,32,1,1,0.01000000,-0.01000000,9.769914904609e-4
development,31f0c72ba845196d,2400,evaluation,31,93,31,0,0,-0.02000000,0.02000000,1.080178306438e-3
development,31f0c72ba845196d,2400,evaluation,31,93,31,1,1,-0.01000000,0.01000000,5.828688736074e-4
development,31f0c72ba845196d,2400,evaluation,32,94,30,0,0,-0.02000000,0.02000000,1.087152748369e-3
development,31f0c72ba845196d,2400,evaluation,32,94,30,1,1,-0.01000000,0.01000000,5.731278215535e-4
development,31f0c72ba845196d,2400,evaluation,33,95,29,0,1,0.02000000,0.01000000,4.535820335150e-4
development,31f0c72ba845196d,2400,evaluation,33,95,29,1,0,0.01000000,0.02000000,9.168519754894e-4
development,31f0c72ba845196d,2400,evaluation,34,96,28,0,0,-0.02000000,0.02000000,1.969356788322e-3
development,31f0c72ba845196d,2400,evaluation,34,96,28,1,1,-0.01000000,0.01000000,1.004449441098e-3
development,31f0c72ba845196d,2400,evaluation,35,97,27,0,1,-0.02000000,0.01000000,1.745037734509e-4
development,31f0c72ba845196d,2400,evaluation,35,97,27,1,0,-0.01000000,0.02000000,6.467259372585e-4
development,31f0c72ba845196d,2400,evaluation,36,98,26,0,1,-0.02000000,-0.01000000,1.369901001453e-4
development,31f0c72ba845196d,2400,evaluation,36,98,26,1,0,-0.01000000,-0.02000000,3.231546434108e-4
development,31f0c72ba845196d,2400,evaluation,37,99,25,0,0,0.00000000,0.02000000,2.462522534188e-4
development,31f0c72ba845196d,2400,evaluation,37,99,25,1,1,-0.02000000,0.01000000,1.232922077179e-4
development,31f0c72ba845196d,2400,evaluation,38,100,24,0,0,-0.02000000,0.02000000,1.029749051668e-3
development,31f0c72ba845196d,2400,evaluation,38,100,24,1,1,-0.01000000,0.01000000,5.173248355277e-4
development,31f0c72ba845196d,2400,evaluation,39,101,23,0,1,0.02000000,-0.01000000,1.243167207576e-3
development,31f0c72ba845196d,2400,evaluation,39,101,23,1,0,0.01000000,-0.02000000,2.022979082540e-3
development,31f0c72ba845196d,2400,evaluation,40,102,22,0,1,0.02000000,-0.01000000,1.067015924491e-3
development,31f0c72ba845196d,2400,evaluation,40,102,22,1,0,0.01000000,-0.02000000,1.357728964649e-3
development,31f0c72ba845196d,2400,evaluation,41,103,21,0,0,0.02000000,0.02000000,9.382839198224e-4
development,31f0c72ba845196d,2400,evaluation,41,103,21,1,1,0.01000000,0.01000000,5.667172372341e-4
development,31f0c72ba845196d,2400,evaluation,42,104,20,0,1,0.02000000,0.01000000,6.477053393610e-4
development,31f0c72ba845196d,2400,evaluation,42,104,20,1,0,0.01000000,0.02000000,8.790316060185e-4
development,31f0c72ba845196d,2400,evaluation,43,105,19,0,1,0.02000000,0.01000000,3.357302921358e-4
development,31f0c72ba845196d,2400,evaluation,43,105,19,1,0,0.01000000,0.02000000,4.204418510199e-4
development,31f0c72ba845196d,2400,evaluation,44,106,18,0,1,0.02000000,0.01000000,2.949001827801e-5
development,31f0c72ba845196d,2400,evaluation,44,106,18,1,0,0.01000000,0.02000000,-1.707281917334e-4
development,31f0c72ba845196d,2400,evaluation,45,107,17,0,0,0.00000000,0.00000000,0.000000000000e0
development,31f0c72ba845196d,2400,evaluation,45,107,17,1,1,-0.02000000,-0.00500000,-1.039380804286e-4
development,31f0c72ba845196d,2400,evaluation,46,108,16,0,0,0.02000000,0.02000000,4.115297051612e-4
development,31f0c72ba845196d,2400,evaluation,46,108,16,1,1,0.01000000,0.01000000,2.477647212800e-4
development,31f0c72ba845196d,2400,evaluation,47,109,15,0,1,0.02000000,-0.01000000,-6.369029288180e-4
development,31f0c72ba845196d,2400,evaluation,47,109,15,1,0,0.01000000,-0.02000000,-1.171906129457e-3
development,31f0c72ba845196d,2400,evaluation,48,110,14,0,1,0.02000000,-0.01000000,8.278088644147e-4
development,31f0c72ba845196d,2400,evaluation,48,110,14,1,0,0.01000000,-0.02000000,2.049547852948e-3
development,31f0c72ba845196d,2400,evaluation,49,111,13,0,1,0.02000000,-0.01000000,-4.852470010519e-5
development,31f0c72ba845196d,2400,evaluation,49,111,13,1,0,0.01000000,-0.02000000,-1.866469829110e-4
development,31f0c72ba845196d,2400,evaluation,50,112,12,0,1,0.02000000,0.01000000,8.500705589540e-4
development,31f0c72ba845196d,2400,evaluation,50,112,12,1,0,0.01000000,0.02000000,5.465140566230e-4
development,31f0c72ba845196d,2400,evaluation,51,113,11,0,0,-0.02000000,0.02000000,1.785250962712e-3
development,31f0c72ba845196d,2400,evaluation,51,113,11,1,1,-0.01000000,0.01000000,9.183039073832e-4
development,31f0c72ba845196d,2400,evaluation,52,114,10,0,0,-0.02000000,0.02000000,1.127624884248e-3
development,31f0c72ba845196d,2400,evaluation,52,114,10,1,1,-0.01000000,0.01000000,6.261281669140e-4
development,31f0c72ba845196d,2400,evaluation,53,115,9,0,0,0.00000000,0.02000000,-1.030784696923e-4
development,31f0c72ba845196d,2400,evaluation,53,115,9,1,1,-0.02000000,0.01000000,-3.771049159695e-5
development,31f0c72ba845196d,2400,evaluation,54,116,8,0,0,0.02000000,0.02000000,1.439244137146e-3
development,31f0c72ba845196d,2400,evaluation,54,116,8,1,1,0.01000000,0.01000000,7.281319121830e-4
development,31f0c72ba845196d,2400,evaluation,55,117,7,0,0,-0.02000000,0.02000000,1.155740246759e-4
development,31f0c72ba845196d,2400,evaluation,55,117,7,1,1,-0.01000000,0.01000000,6.257059430936e-5
development,31f0c72ba845196d,2400,evaluation,56,118,6,0,1,-0.02000000,0.01000000,3.658725472633e-4
development,31f0c72ba845196d,2400,evaluation,56,118,6,1,0,-0.01000000,0.02000000,4.894736339338e-4
development,31f0c72ba845196d,2400,evaluation,57,119,5,0,0,-0.02000000,0.02000000,4.218996909913e-4
development,31f0c72ba845196d,2400,evaluation,57,119,5,1,1,-0.01000000,0.01000000,2.217364235548e-4
development,31f0c72ba845196d,2400,evaluation,58,120,4,0,1,-0.02000000,-0.01000000,7.241833955050e-4
development,31f0c72ba845196d,2400,evaluation,58,120,4,1,0,-0.01000000,-0.02000000,4.918432678096e-4
development,31f0c72ba845196d,2400,evaluation,59,121,3,0,1,0.02000000,-0.01000000,1.546212843095e-5
development,31f0c72ba845196d,2400,evaluation,59,121,3,1,0,0.01000000,-0.02000000,2.884188143071e-4
development,31f0c72ba845196d,2400,evaluation,60,122,2,0,1,0.02000000,-0.01000000,5.420024390332e-4
development,31f0c72ba845196d,2400,evaluation,60,122,2,1,0,0.01000000,-0.02000000,5.008559674025e-5
development,31f0c72ba845196d,2400,evaluation,61,0,1,0,1,0.02000000,0.01000000,1.142304972745e-3
development,31f0c72ba845196d,2400,evaluation,61,0,1,1,0,0.01000000,0.02000000,1.063831732608e-3
development,31f0c72ba845196d,4200,development,1,18,16,0,1,0.02000000,0.01000000,-7.108387653716e-4
development,31f0c72ba845196d,4200,development,1,18,16,1,0,0.01000000,0.02000000,-8.866349235177e-4
development,31f0c72ba845196d,4200,development,2,19,15,0,0,0.02000000,-0.02000000,2.379709185334e-4
development,31f0c72ba845196d,4200,development,2,19,15,1,1,0.01000000,-0.01000000,1.894418819575e-4
development,31f0c72ba845196d,4200,development,3,20,14,0,1,0.02000000,0.01000000,2.969255147036e-4
development,31f0c72ba845196d,4200,development,3,20,14,1,0,0.01000000,0.02000000,8.909239550121e-4
development,31f0c72ba845196d,4200,development,4,21,13,0,0,0.02000000,0.02000000,-1.829482032917e-3
development,31f0c72ba845196d,4200,development,4,21,13,1,1,0.01000000,0.01000000,-7.608532905579e-4
development,31f0c72ba845196d,4200,development,5,22,12,0,1,-0.02000000,-0.01000000,2.632184477989e-4
development,31f0c72ba845196d,4200,development,5,22,12,1,0,-0.01000000,-0.02000000,2.935187367257e-4
development,31f0c72ba845196d,4200,development,6,23,11,0,1,0.02000000,0.00000000,3.331368789077e-4
development,31f0c72ba845196d,4200,development,6,23,11,1,0,0.01000000,0.00500000,5.499022081494e-4
development,31f0c72ba845196d,4200,development,7,24,10,0,0,0.02000000,0.02000000,-9.451315854676e-4
development,31f0c72ba845196d,4200,development,7,24,10,1,1,0.01000000,0.01000000,-4.184075223748e-4
development,31f0c72ba845196d,4200,development,8,25,9,0,0,-0.02000000,-0.02000000,-1.078033819795e-4
development,31f0c72ba845196d,4200,development,8,25,9,1,1,-0.01000000,-0.01000000,-3.210082650185e-5
development,31f0c72ba845196d,4200,development,9,26,8,0,0,-0.02000000,0.02000000,4.812454280909e-4
development,31f0c72ba845196d,4200,development,9,26,8,1,1,-0.01000000,0.01000000,2.538909611758e-4
development,31f0c72ba845196d,4200,development,10,27,7,0,0,-0.02000000,-0.02000000,4.640106635634e-4
development,31f0c72ba845196d,4200,development,10,27,7,1,1,-0.01000000,-0.01000000,2.430972381262e-4
development,31f0c72ba845196d,4200,development,11,28,6,0,1,-0.02000000,0.01000000,6.258565117605e-4
development,31f0c72ba845196d,4200,development,11,28,6,1,0,-0.01000000,0.02000000,5.194041877985e-4
development,31f0c72ba845196d,4200,development,12,29,5,0,0,0.02000000,0.02000000,1.645926386118e-4
development,31f0c72ba845196d,4200,development,12,29,5,1,1,0.01000000,0.01000000,9.790001058718e-5
development,31f0c72ba845196d,4200,development,13,30,4,0,1,-0.02000000,-0.01000000,1.277116389247e-4
development,31f0c72ba845196d,4200,development,13,30,4,1,0,-0.01000000,-0.02000000,-1.251585781574e-4
development,31f0c72ba845196d,4200,development,14,31,3,0,1,-0.02000000,0.01000000,4.769464430865e-4
development,31f0c72ba845196d,4200,development,14,31,3,1,0,-0.01000000,0.02000000,2.917231468018e-4
development,31f0c72ba845196d,4200,development,15,32,2,0,1,0.00000000,-0.01000000,1.268026699108e-5
development,31f0c72ba845196d,4200,development,15,32,2,1,0,-0.02000000,-0.02000000,5.630403757095e-5
development,31f0c72ba845196d,4200,development,16,33,1,0,0,-0.02000000,0.02000000,7.528191054007e-5
development,31f0c72ba845196d,4200,development,16,33,1,1,1,-0.01000000,0.01000000,5.200753730605e-5
development,31f0c72ba845196d,4200,development,17,34,0,0,1,0.02000000,0.00500000,-9.126836812356e-5
development,31f0c72ba845196d,4200,development,17,34,0,1,0,0.01000000,0.01000000,-1.862132921815e-4
development,31f0c72ba845196d,4200,development,18,35,122,0,0,-0.02000000,-0.02000000,1.520700752735e-4
development,31f0c72ba845196d,4200,development,18,35,122,1,1,-0.01000000,-0.01000000,7.989630103111e-5
development,31f0c72ba845196d,4200,development,19,36,121,0,1,-0.02000000,-0.01000000,1.854393631220e-4
development,31f0c72ba845196d,4200,development,19,36,121,1,0,-0.01000000,-0.02000000,1.253504306078e-4
development,31f0c72ba845196d,4200,development,20,37,120,0,1,0.00000000,0.01000000,4.619670289685e-5
development,31f0c72ba845196d,4200,development,20,37,120,1,0,-0.02000000,0.02000000,1.820257602958e-4
development,31f0c72ba845196d,4200,development,21,38,119,0,0,-0.02000000,-0.02000000,-4.587036964949e-4
development,31f0c72ba845196d,4200,development,21,38,119,1,1,-0.01000000,-0.01000000,-1.995190978050e-4
development,31f0c72ba845196d,4200,development,22,39,118,0,1,0.00000000,-0.01000000,2.817319182213e-4
development,31f0c72ba845196d,4200,development,22,39,118,1,0,-0.02000000,-0.02000000,2.768399717752e-4
development,31f0c72ba845196d,4200,development,23,40,117,0,1,0.02000000,0.01000000,4.384977000882e-5
development,31f0c72ba845196d,4200,development,23,40,117,1,0,0.01000000,0.02000000,4.769737643073e-5
development,31f0c72ba845196d,4200,development,24,41,116,0,0,0.02000000,0.02000000,1.158751547337e-4
development,31f0c72ba845196d,4200,development,24,41,116,1,1,0.01000000,0.01000000,6.134869909147e-5
development,31f0c72ba845196d,4200,development,25,42,115,0,1,0.00000000,-0.02000000,0.000000000000e0
development,31f0c72ba845196d,4200,development,25,42,115,1,0,-0.02000000,0.00000000,1.550590059196e-5
development,31f0c72ba845196d,4200,development,26,43,114,0,1,0.02000000,-0.01000000,3.429806383792e-4
development,31f0c72ba845196d,4200,development,26,43,114,1,0,0.01000000,-0.02000000,4.973119939677e-4
development,31f0c72ba845196d,4200,development,27,44,113,0,1,0.02000000,0.01000000,-4.063236337970e-5
development,31f0c72ba845196d,4200,development,27,44,113,1,0,0.01000000,0.02000000,-3.176660684403e-4
development,31f0c72ba845196d,4200,development,28,45,112,0,1,0.02000000,-0.01000000,6.618226325372e-5
development,31f0c72ba845196d,4200,development,28,45,112,1,0,0.01000000,-0.02000000,-6.666779518127e-5
development,31f0c72ba845196d,4200,development,29,46,111,0,0,0.02000000,0.02000000,1.198363770527e-5
development,31f0c72ba845196d,4200,development,29,46,111,1,1,0.01000000,0.01000000,6.331751592370e-6
development,31f0c72ba845196d,4200,development,30,47,110,0,1,0.02000000,0.01000000,3.962150367443e-4
development,31f0c72ba845196d,4200,development,30,47,110,1,0,0.01000000,0.02000000,2.420333476039e-4
development,31f0c72ba845196d,4200,development,31,48,109,0,1,0.00000000,-0.01000000,7.744381582597e-5
development,31f0c72ba845196d,4200,development,31,48,109,1,0,-0.02000000,-0.02000000,1.531578600407e-4
development,31f0c72ba845196d,4200,development,32,49,108,0,0,0.00000000,-0.02000000,9.106285870075e-5
development,31f0c72ba845196d,4200,development,32,49,108,1,1,-0.02000000,-0.01000000,5.032494664192e-5
development,31f0c72ba845196d,4200,development,33,50,107,0,0,0.00000000,0.00000000,0.000000000000e0
development,31f0c72ba845196d,4200,development,33,50,107,1,1,-0.02000000,-0.02000000,0.000000000000e0
development,31f0c72ba845196d,4200,development,34,51,106,0,0,0.00000000,0.02000000,4.021307977382e-4
development,31f0c72ba845196d,4200,development,34,51,106,1,1,-0.02000000,0.01000000,2.140818833141e-4
development,31f0c72ba845196d,4200,development,35,52,105,0,1,0.00000000,-0.01000000,-6.423704326153e-5
development,31f0c72ba845196d,4200,development,35,52,105,1,0,-0.02000000,-0.02000000,-1.760466693668e-4
development,31f0c72ba845196d,4200,development,36,53,104,0,0,0.00000000,-0.02000000,-1.425997616025e-4
development,31f0c72ba845196d,4200,development,36,53,104,1,1,-0.02000000,-0.01000000,-5.027341467212e-5
development,31f0c72ba845196d,4200,development,37,54,103,0,0,0.00000000,-0.02000000,1.261755824089e-5
development,31f0c72ba845196d,4200,development,37,54,103,1,1,-0.02000000,-0.01000000,6.350378043862e-6
development,31f0c72ba845196d,4200,development,38,55,102,0,1,0.00000000,0.01000000,2.379789948463e-4
development,31f0c72ba845196d,4200,development,38,55,102,1,0,-0.02000000,0.02000000,4.661735147238e-4
development,31f0c72ba845196d,4200,development,39,56,101,0,0,-0.02000000,0.02000000,7.557248318335e-5
development,31f0c72ba845196d,4200,development,39,56,101,1,1,-0.01000000,0.01000000,3.946945071220e-5
development,31f0c72ba845196d,4200,development,40,57,100,0,1,-0.02000000,0.01000000,-1.398784388584e-5
development,31f0c72ba845196d,4200,development,40,57,100,1,0,-0.01000000,0.02000000,-5.311953646014e-5
development,31f0c72ba845196d,4200,development,41,58,99,0,1,-0.02000000,-0.02000000,4.830956459045e-5
development,31f0c72ba845196d,4200,development,41,58,99,1,0,-0.01000000,0.00000000,2.445777317917e-5
development,31f0c72ba845196d,4200,development,42,59,98,0,1,-0.02000000,-0.01000000,2.143296151189e-4
development,31f0c72ba845196d,4200,development,42,59,98,1,0,-0.01000000,-0.02000000,7.210858166218e-5
development,31f0c72ba845196d,4200,development,44,61,96,0,1,-0.02000000,0.01000000,-8.681975305080e-5
development,31f0c72ba845196d,4200,development,44,61,96,1,0,-0.01000000,0.02000000,-1.337019057246e-4
development,31f0c72ba845196d,4200,development,45,62,95,0,1,-0.02000000,0.01000000,1.771760435076e-4
development,31f0c72ba845196d,4200,development,45,62,95,1,0,-0.01000000,0.02000000,1.433277502656e-4
development,31f0c72ba845196d,4200,development,46,63,94,0,1,-0.02000000,0.01000000,5.399398505688e-4
development,31f0c72ba845196d,4200,development,46,63,94,1,0,-0.01000000,0.02000000,5.646118079312e-4
development,31f0c72ba845196d,4200,development,47,64,93,0,1,0.00000000,0.01000000,9.487072816228e-7
development,31f0c72ba845196d,4200,development,47,64,93,1,0,-0.02000000,0.02000000,3.379024565220e-5
development,31f0c72ba845196d,4200,development,48,65,92,0,1,0.02000000,-0.01000000,2.625025808811e-5
development,31f0c72ba845196d,4200,development,48,65,92,1,0,0.01000000,-0.02000000,5.923894423177e-5
development,31f0c72ba845196d,4200,development,49,66,91,0,1,0.02000000,-0.02000000,8.011484896997e-5
development,31f0c72ba845196d,4200,development,49,66,91,1,0,0.01000000,0.00000000,4.021326822112e-5
development,31f0c72ba845196d,4200,development,50,67,90,0,1,0.00000000,0.01000000,3.365489465068e-5
development,31f0c72ba845196d,4200,development,50,67,90,1,0,-0.02000000,0.02000000,6.425815081457e-5
development,31f0c72ba845196d,4200,development,51,68,89,0,0,0.02000000,-0.02000000,-2.282857894897e-5
development,31f0c72ba845196d,4200,development,51,68,89,1,1,0.01000000,-0.01000000,1.725492438709e-5
development,31f0c72ba845196d,4200,development,52,69,88,0,1,0.00000000,-0.01000000,9.798134124139e-5
development,31f0c72ba845196d,4200,development,52,69,88,1,0,-0.02000000,-0.02000000,1.772822142811e-4
development,31f0c72ba845196d,4200,development,53,70,87,0,0,0.02000000,0.02000000,1.513178722234e-4
development,31f0c72ba845196d,4200,development,53,70,87,1,1,0.01000000,0.01000000,9.104454511544e-5
development,31f0c72ba845196d,4200,development,54,71,86,0,0,0.00000000,0.02000000,-1.772989890014e-5
development,31f0c72ba845196d,4200,development,54,71,86,1,1,-0.02000000,-0.02000000,-5.825733296660e-6
development,31f0c72ba845196d,4200,development,55,72,85,0,1,-0.02000000,0.01000000,3.767696398427e-5
development,31f0c72ba845196d,4200,development,55,72,85,1,0,-0.01000000,0.02000000,3.197075056960e-5
development,31f0c72ba845196d,4200,development,56,73,84,0,1,0.02000000,0.01000000,1.843354402808e-4
development,31f0c72ba845196d,4200,development,56,73,84,1,0,0.01000000,0.02000000,1.757709978847e-4
development,31f0c72ba845196d,4200,development,57,74,83,0,1,0.02000000,0.01000000,1.914224849315e-4
development,31f0c72ba845196d,4200,development,57,74,83,1,0,0.01000000,0.02000000,1.537110656500e-4
development,31f0c72ba845196d,4200,development,58,75,82,0,0,0.02000000,0.00000000,5.124267190695e-4
development,31f0c72ba845196d,4200,development,58,75,82,1,1,0.01000000,-0.02000000,2.660670725163e-4
development,31f0c72ba845196d,4200,development,59,76,81,0,0,0.02000000,-0.02000000,8.067886228673e-4
development,31f0c72ba845196d,4200,development,59,76,81,1,1,0.01000000,-0.01000000,4.254492523614e-4
development,31f0c72ba845196d,4200,development,60,77,80,0,1,-0.02000000,0.01000000,-4.658133912017e-5
development,31f0c72ba845196d,4200,development,60,77,80,1,0,-0.01000000,0.02000000,-2.609596958791e-5
development,31f0c72ba845196d,4200,development,61,78,79,0,1,0.02000000,0.01000000,4.088953137398e-4
development,31f0c72ba845196d,4200,development,61,78,79,1,0,0.01000000,0.02000000,5.403893883340e-4
development,31f0c72ba845196d,4200,evaluation,1,18,16,0,0,0.02000000,0.02000000,-1.083743176423e-3
development,31f0c72ba845196d,4200,evaluation,1,18,16,1,1,0.01000000,0.01000000,-4.966302658431e-4
development,31f0c72ba845196d,4200,evaluation,2,19,15,0,1,0.02000000,-0.01000000,3.169650735799e-4
development,31f0c72ba845196d,4200,evaluation,2,19,15,1,0,0.01000000,-0.02000000,1.378447486786e-4
development,31f0c72ba845196d,4200,evaluation,3,20,14,0,0,0.02000000,0.02000000,7.358075235970e-4
development,31f0c72ba845196d,4200,evaluation,3,20,14,1,1,0.01000000,0.01000000,4.603276029229e-4
development,31f0c72ba845196d,4200,evaluation,4,21,13,0,1,0.02000000,0.01000000,-1.554440706968e-3
development,31f0c72ba845196d,4200,evaluation,4,21,13,1,0,0.01000000,0.02000000,-1.036222442053e-3
development,31f0c72ba845196d,4200,evaluation,5,22,12,0,0,-0.02000000,-0.02000000,3.479296865407e-4
development,31f0c72ba845196d,4200,evaluation,5,22,12,1,1,-0.01000000,-0.01000000,2.375766634941e-4
development,31f0c72ba845196d,4200,evaluation,6,23,11,0,0,0.02000000,0.00500000,5.463734269142e-4
development,31f0c72ba845196d,4200,evaluation,6,23,11,1,1,0.01000000,0.00000000,3.955786523875e-4
development,31f0c72ba845196d,4200,evaluation,7,24,10,0,1,0.02000000,0.01000000,-3.808379697148e-4
development,31f0c72ba845196d,4200,evaluation,7,24,10,1,0,0.01000000,0.02000000,-9.747569565661e-4
development,31f0c72ba845196d,4200,evaluation,8,25,9,0,1,-0.02000000,-0.01000000,-3.322337988720e-6
development,31f0c72ba845196d,4200,evaluation,8,25,9,1,0,-0.01000000,-0.02000000,-1.396217121510e-4
development,31f0c72ba845196d,4200,evaluation,9,26,8,0,1,-0.02000000,0.01000000,3.210542199668e-4
development,31f0c72ba845196d,4200,evaluation,9,26,8,1,0,-0.01000000,0.02000000,4.140821692999e-4
development,31f0c72ba845196d,4200,evaluation,10,27,7,0,1,-0.02000000,-0.01000000,4.434389993548e-4
development,31f0c72ba845196d,4200,evaluation,10,27,7,1,0,-0.01000000,-0.02000000,2.646207285579e-4
development,31f0c72ba845196d,4200,evaluation,11,28,6,0,0,-0.02000000,0.02000000,7.429365068674e-4
development,31f0c72ba845196d,4200,evaluation,11,28,6,1,1,-0.01000000,0.01000000,3.970709221903e-4
development,31f0c72ba845196d,4200,evaluation,12,29,5,0,1,0.02000000,0.01000000,1.411512494087e-4
development,31f0c72ba845196d,4200,evaluation,12,29,5,1,0,0.01000000,0.02000000,1.161359250546e-4
development,31f0c72ba845196d,4200,evaluation,13,30,4,0,0,-0.02000000,-0.02000000,-3.877344352077e-5
development,31f0c72ba845196d,4200,evaluation,13,30,4,1,1,-0.01000000,-0.01000000,4.087823253940e-5
development,31f0c72ba845196d,4200,evaluation,14,31,3,0,0,-0.02000000,0.02000000,4.840145411436e-4
development,31f0c72ba845196d,4200,evaluation,14,31,3,1,1,-0.01000000,0.01000000,2.830289304256e-4
development,31f0c72ba845196d,4200,evaluation,15,32,2,0,0,0.00000000,-0.02000000,-3.103042763541e-5
development,31f0c72ba845196d,4200,evaluation,15,32,2,1,1,-0.02000000,-0.01000000,1.000147312880e-4
development,31f0c72ba845196d,4200,evaluation,16,33,1,0,1,-0.02000000,0.01000000,5.677652734448e-5
development,31f0c72ba845196d,4200,evaluation,16,33,1,1,0,-0.01000000,0.02000000,7.051291322568e-5
development,31f0c72ba845196d,4200,evaluation,17,34,0,0,0,0.02000000,0.01000000,-1.884459779831e-4
development,31f0c72ba845196d,4200,evaluation,17,34,0,1,1,0.01000000,0.00500000,-8.947277819971e-5
development,31f0c72ba845196d,4200,evaluation,18,35,122,0,1,-0.02000000,-0.01000000,1.471452414989e-4
development,31f0c72ba845196d,4200,evaluation,18,35,122,1,0,-0.01000000,-0.02000000,8.186573541025e-5
development,31f0c72ba845196d,4200,evaluation,19,36,121,0,0,-0.02000000,-0.02000000,1.873609871836e-4
development,31f0c72ba845196d,4200,evaluation,19,36,121,1,1,-0.01000000,-0.01000000,1.171274707303e-4
development,31f0c72ba845196d,4200,evaluation,20,37,120,0,0,0.00000000,0.02000000,8.469509339193e-5
development,31f0c72ba845196d,4200,evaluation,20,37,120,1,1,-0.02000000,0.01000000,1.414722501067e-4
development,31f0c72ba845196d,4200,evaluation,21,38,119,0,1,-0.02000000,-0.01000000,-5.109508638270e-4
development,31f0c72ba845196d,4200,evaluation,21,38,119,1,0,-0.01000000,-0.02000000,-1.472719013691e-4
development,31f0c72ba845196d,4200,evaluation,22,39,118,0,0,0.00000000,-0.02000000,5.542089347728e-4
development,31f0c72ba845196d,4200,evaluation,22,39,118,1,1,-0.02000000,-0.01000000,-6.127481810836e-6
development,31f0c72ba845196d,4200,evaluation,23,40,117,0,0,0.02000000,0.02000000,6.022552770446e-5
development,31f0c72ba845196d,4200,evaluation,23,40,117,1,1,0.01000000,0.01000000,3.132037818432e-5
development,31f0c72ba845196d,4200,evaluation,24,41,116,0,1,0.02000000,0.01000000,4.450852793525e-5
development,31f0c72ba845196d,4200,evaluation,24,41,116,1,0,0.01000000,0.02000000,1.325172634097e-4
development,31f0c72ba845196d,4200,evaluation,25,42,115,0,0,0.00000000,0.00000000,0.000000000000e0
development,31f0c72ba845196d,4200,evaluation,25,42,115,1,1,-0.02000000,-0.02000000,1.550590059196e-5
development,31f0c72ba845196d,4200,evaluation,26,43,114,0,0,0.02000000,-0.02000000,5.428313161246e-4
development,31f0c72ba845196d,4200,evaluation,26,43,114,1,1,0.01000000,-0.01000000,2.908886817750e-4
development,31f0c72ba845196d,4200,evaluation,27,44,113,0,0,0.02000000,0.02000000,-2.423940895824e-4
development,31f0c72ba845196d,4200,evaluation,27,44,113,1,1,0.01000000,0.01000000,-1.158596351161e-4
development,31f0c72ba845196d,4200,evaluation,28,45,112,0,0,0.02000000,-0.02000000,-3.735845166375e-5
development,31f0c72ba845196d,4200,evaluation,28,45,112,1,1,0.01000000,-0.01000000,2.062320709229e-5
development,31f0c72ba845196d,4200,evaluation,29,46,111,0,1,0.02000000,0.01000000,-4.656736928155e-5
development,31f0c72ba845196d,4200,evaluation,29,46,111,1,0,0.01000000,0.02000000,6.489517545560e-5
development,31f0c72ba845196d,4200,evaluation,30,47,110,0,0,0.02000000,0.02000000,3.923755139112e-4
development,31f0c72ba845196d,4200,evaluation,30,47,110,1,1,0.01000000,0.01000000,2.326381654711e-4
development,31f0c72ba845196d,4200,evaluation,31,48,109,0,0,0.00000000,-0.02000000,1.531578600407e-4
development,31f0c72ba845196d,4200,evaluation,31,48,109,1,1,-0.02000000,-0.01000000,7.744381582597e-5
development,31f0c72ba845196d,4200,evaluation,32,49,108,0,1,0.00000000,-0.01000000,5.032494664192e-5
development,31f0c72ba845196d,4200,evaluation,32,49,108,1,0,-0.02000000,-0.02000000,9.106285870075e-5
development,31f0c72ba845196d,4200,evaluation,33,50,107,0,1,0.00000000,-0.02000000,0.000000000000e0
development,31f0c72ba845196d,4200,evaluation,33,50,107,1,0,-0.02000000,0.00000000,0.000000000000e0
development,31f0c72ba845196d,4200,evaluation,34,51,106,0,1,0.00000000,0.01000000,2.140818833141e-4
development,31f0c72ba845196d,4200,evaluation,34,51,106,1,0,-0.02000000,0.02000000,4.021307977382e-4
development,31f0c72ba845196d,4200,evaluation,35,52,105,0,0,0.00000000,-0.02000000,-1.760466693668e-4
development,31f0c72ba845196d,4200,evaluation,35,52,105,1,1,-0.02000000,-0.01000000,-6.423704326153e-5
development,31f0c72ba845196d,4200,evaluation,36,53,104,0,1,0.00000000,-0.01000000,-5.027341467212e-5
development,31f0c72ba845196d,4200,evaluation,36,53,104,1,0,-0.02000000,-0.02000000,-1.425997616025e-4
development,31f0c72ba845196d,4200,evaluation,37,54,103,0,1,0.00000000,-0.01000000,6.350378043862e-6
development,31f0c72ba845196d,4200,evaluation,37,54,103,1,0,-0.02000000,-0.02000000,1.261755824089e-5
development,31f0c72ba845196d,4200,evaluation,38,55,102,0,0,0.00000000,0.02000000,4.661735147238e-4
development,31f0c72ba845196d,4200,evaluation,38,55,102,1,1,-0.02000000,0.01000000,2.379789948463e-4
development,31f0c72ba845196d,4200,evaluation,39,56,101,0,1,-0.02000000,0.01000000,1.656760832702e-5
development,31f0c72ba845196d,4200,evaluation,39,56,101,1,0,-0.01000000,0.02000000,9.853144729277e-5
development,31f0c72ba845196d,4200,evaluation,40,57,100,0,0,-0.02000000,0.02000000,-4.678157347371e-5
development,31f0c72ba845196d,4200,evaluation,40,57,100,1,1,-0.01000000,0.01000000,-2.091440001095e-5
development,31f0c72ba845196d,4200,evaluation,41,58,99,0,0,-0.02000000,0.00000000,4.830956459045e-5
development,31f0c72ba845196d,4200,evaluation,41,58,99,1,1,-0.01000000,-0.02000000,2.445777317917e-5
development,31f0c72ba845196d,4200,evaluation,42,59,98,0,0,-0.02000000,-0.02000000,1.903225929709e-4
development,31f0c72ba845196d,4200,evaluation,42,59,98,1,1,-0.01000000,-0.01000000,9.821852290770e-5
development,31f0c72ba845196d,4200,evaluation,44,61,96,0,0,-0.02000000,0.02000000,-1.564907579450e-4
development,31f0c72ba845196d,4200,evaluation,44,61,96,1,1,-0.01000000,0.01000000,-6.631575524807e-5
development,31f0c72ba845196d,4200,evaluation,45,62,95,0,0,-0.02000000,0.02000000,2.082278952003e-4
development,31f0c72ba845196d,4200,evaluation,45,62,95,1,1,-0.01000000,0.01000000,1.121989116655e-4
development,31f0c72ba845196d,4200,evaluation,46,63,94,0,0,-0.02000000,0.02000000,6.736938958056e-4
development,31f0c72ba845196d,4200,evaluation,46,63,94,1,1,-0.01000000,0.01000000,4.084973188583e-4
development,31f0c72ba845196d,4200,evaluation,47,64,93,0,0,0.00000000,0.02000000,-2.685313347683e-6
development,31f0c72ba845196d,4200,evaluation,47,64,93,1,1,-0.02000000,0.01000000,3.682076931000e-5
development,31f0c72ba845196d,4200,evaluation,48,65,92,0,0,0.02000000,-0.02000000,4.673686999013e-5
development,31f0c72ba845196d,4200,evaluation,48,65,92,1,1,0.01000000,-0.01000000,3.863312304020e-5
development,31f0c72ba845196d,4200,evaluation,49,66,91,0,0,0.02000000,0.00000000,8.011484896997e-5
development,31f0c72ba845196d,4200,evaluation,49,66,91,1,1,0.01000000,-0.02000000,4.021326822112e-5
development,31f0c72ba845196d,4200,evaluation,50,67,90,0,0,0.00000000,0.02000000,6.034908074071e-5
development,31f0c72ba845196d,4200,evaluation,50,67,90,1,1,-0.02000000,0.01000000,3.757390004466e-5
development,31f0c72ba845196d,4200,evaluation,51,68,89,0,1,0.02000000,-0.01000000,-1.272993813473e-5
development,31f0c72ba845196d,4200,evaluation,51,68,89,1,0,0.01000000,-0.02000000,7.218370683404e-6
development,31f0c72ba845196d,4200,evaluation,52,69,88,0,0,0.00000000,-0.02000000,1.444425433874e-4
development,31f0c72ba845196d,4200,evaluation,52,69,88,1,1,-0.02000000,-0.01000000,1.292340457439e-4
development,31f0c72ba845196d,4200,evaluation,53,70,87,0,1,0.02000000,0.01000000,1.047461628332e-4
development,31f0c72ba845196d,4200,evaluation,53,70,87,1,0,0.01000000,0.02000000,1.376162545057e-4
development,31f0c72ba845196d,4200,evaluation,54,71,86,0,1,0.00000000,-0.02000000,2.431496977806e-5
development,31f0c72ba845196d,4200,evaluation,54,71,86,1,0,-0.02000000,0.02000000,-4.787060242961e-5
development,31f0c72ba845196d,4200,evaluation,55,72,85,0,0,-0.02000000,0.02000000,4.626965892385e-5
development,31f0c72ba845196d,4200,evaluation,55,72,85,1,1,-0.01000000,0.01000000,2.437395414745e-5
development,31f0c72ba845196d,4200,evaluation,56,73,84,0,0,0.02000000,0.02000000,2.386085689068e-4
development,31f0c72ba845196d,4200,evaluation,56,73,84,1,1,0.01000000,0.01000000,1.214028670802e-4
development,31f0c72ba845196d,4200,evaluation,57,74,83,0,0,0.02000000,0.02000000,2.310605050297e-4
development,31f0c72ba845196d,4200,evaluation,57,74,83,1,1,0.01000000,0.01000000,1.140730455518e-4
development,31f0c72ba845196d,4200,evaluation,58,75,82,0,1,0.02000000,-0.02000000,5.124267190695e-4
development,31f0c72ba845196d,4200,evaluation,58,75,82,1,0,0.01000000,0.00000000,2.660670725163e-4
development,31f0c72ba845196d,4200,evaluation,59,76,81,0,1,0.02000000,-0.01000000,8.009628509171e-4
development,31f0c72ba845196d,4200,evaluation,59,76,81,1,0,0.01000000,-0.02000000,4.312836972531e-4
development,31f0c72ba845196d,4200,evaluation,60,77,80,0,0,-0.02000000,0.02000000,-5.162290108274e-5
development,31f0c72ba845196d,4200,evaluation,60,77,80,1,1,-0.01000000,0.01000000,-2.005789428949e-5
development,31f0c72ba845196d,4200,evaluation,61,78,79,0,0,0.02000000,0.02000000,5.790392751805e-4
development,31f0c72ba845196d,4200,evaluation,61,78,79,1,1,0.01000000,0.01000000,3.656987100840e-4
development,e5b4087a61c39f20,600,development,1,108,106,0,0,-0.02000000,-0.02000000,2.989234963025e-5
development,e5b4087a61c39f20,600,development,1,108,106,1,1,-0.01000000,-0.01000000,1.520725618320e-5
development,e5b4087a61c39f20,600,development,2,109,105,0,0,-0.02000000,-0.02000000,1.835680304794e-4
development,e5b4087a61c39f20,600,development,2,109,105,1,1,-0.01000000,-0.01000000,9.392263746122e-5
development,e5b4087a61c39f20,600,development,3,110,104,0,1,-0.02000000,-0.01000000,1.443630753784e-4
development,e5b4087a61c39f20,600,development,3,110,104,1,0,-0.01000000,-0.02000000,8.748844265938e-5
development,e5b4087a61c39f20,600,development,4,111,103,0,1,0.00000000,-0.02000000,0.000000000000e0
development,e5b4087a61c39f20,600,development,4,111,103,1,0,-0.02000000,0.00000000,0.000000000000e0
development,e5b4087a61c39f20,600,development,5,112,102,0,0,0.02000000,0.02000000,7.042717188597e-4
development,e5b4087a61c39f20,600,development,5,112,102,1,1,0.01000000,0.01000000,3.546085208654e-4
development,e5b4087a61c39f20,600,development,6,113,101,0,1,-0.02000000,0.01000000,2.048201858997e-4
development,e5b4087a61c39f20,600,development,6,113,101,1,0,-0.01000000,0.02000000,1.695454120636e-4
development,e5b4087a61c39f20,600,development,7,114,100,0,0,-0.02000000,-0.02000000,2.002312539844e-4
development,e5b4087a61c39f20,600,development,7,114,100,1,1,-0.01000000,-0.01000000,1.003158613457e-4
development,e5b4087a61c39f20,600,development,8,115,99,0,0,0.00000000,0.00000000,0.000000000000e0
development,e5b4087a61c39f20,600,development,8,115,99,1,1,-0.02000000,-0.02000000,0.000000000000e0
development,e5b4087a61c39f20,600,development,9,116,98,0,1,0.02000000,0.01000000,2.122322766809e-4
development,e5b4087a61c39f20,600,development,9,116,98,1,0,0.01000000,0.02000000,1.344078482362e-4
development,e5b4087a61c39f20,600,development,10,117,97,0,1,0.02000000,0.01000000,1.233667135239e-4
development,e5b4087a61c39f20,600,development,10,117,97,1,0,0.01000000,0.02000000,2.701437624637e-4
development,e5b4087a61c39f20,600,development,11,118,96,0,0,-0.02000000,-0.02000000,5.404371768236e-4
development,e5b4087a61c39f20,600,development,11,118,96,1,1,-0.01000000,-0.01000000,2.721113560256e-4
development,e5b4087a61c39f20,600,development,12,119,95,0,1,0.00000000,-0.02000000,0.000000000000e0
development,e5b4087a61c39f20,600,development,12,119,95,1,0,-0.02000000,0.00000000,0.000000000000e0
development,e5b4087a61c39f20,600,development,13,120,94,0,1,0.02000000,0.01000000,1.537315547466e-4
development,e5b4087a61c39f20,600,development,13,120,94,1,0,0.01000000,0.02000000,7.631070911884e-5
development,e5b4087a61c39f20,600,development,14,121,93,0,0,-0.02000000,0.02000000,2.951224741992e-4
development,e5b4087a61c39f20,600,development,14,121,93,1,1,-0.01000000,0.01000000,1.609927712707e-4
development,e5b4087a61c39f20,600,development,15,122,92,0,0,0.02000000,-0.01000000,2.732065877353e-5
development,e5b4087a61c39f20,600,development,15,122,92,1,1,0.01000000,-0.02000000,-1.193049029098e-4
development,e5b4087a61c39f20,600,development,16,0,91,0,1,0.02000000,-0.02000000,1.670469791861e-4
development,e5b4087a61c39f20,600,development,16,0,91,1,0,0.01000000,0.00000000,1.141677275882e-4
development,e5b4087a61c39f20,600,development,17,1,90,0,0,0.02000000,0.00000000,2.652462571859e-4
development,e5b4087a61c39f20,600,development,17,1,90,1,1,0.01000000,0.00500000,1.144843772636e-4
development,e5b4087a61c39f20,600,development,18,2,89,0,0,-0.00500000,0.02000000,3.875854235957e-5
development,e5b4087a61c39f20,600,development,18,2,89,1,1,-0.01000000,0.01000000,1.276346574741e-5
development,e5b4087a61c39f20,600,development,19,3,88,0,0,-0.02000000,-0.01000000,-1.019897536025e-4
development,e5b4087a61c39f20,600,development,19,3,88,1,1,-0.01000000,-0.02000000,-2.360809594393e-4
development,e5b4087a61c39f20,600,development,20,4,87,0,1,-0.02000000,-0.02000000,3.043121250812e-4
development,e5b4087a61c39f20,600,development,20,4,87,1,0,-0.01000000,0.00000000,1.548236905364e-4
development,e5b4087a61c39f20,600,development,21,5,86,0,0,0.02000000,0.00000000,1.086369156837e-4
development,e5b4087a61c39f20,600,development,21,5,86,1,1,0.01000000,-0.02000000,5.909428000450e-5
development,e5b4087a61c39f20,600,development,22,6,85,0,0,0.02000000,0.00000000,8.352721488336e-5
development,e5b4087a61c39f20,600,development,22,6,85,1,1,0.01000000,-0.02000000,4.302213710616e-5
development,e5b4087a61c39f20,600,development,23,7,84,0,1,0.02000000,-0.02000000,-4.786998033524e-7
development,e5b4087a61c39f20,600,development,23,7,84,1,0,0.01000000,0.00000000,6.612390279770e-7
development,e5b4087a61c39f20,600,development,24,8,83,0,0,-0.02000000,0.00000000,-3.355865601407e-6
development,e5b4087a61c39f20,600,development,24,8,83,1,1,-0.01000000,-0.02000000,8.493661880493e-6
development,e5b4087a61c39f20,600,development,25,9,82,0,0,0.02000000,0.00000000,-2.621735075081e-5
development,e5b4087a61c39f20,600,development,25,9,82,1,1,0.01000000,-0.02000000,-4.862124569627e-6
development,e5b4087a61c39f20,600,development,26,10,81,0,0,0.02000000,0.00000000,2.172837703256e-4
development,e5b4087a61c39f20,600,development,26,10,81,1,1,0.01000000,-0.02000000,1.395947037963e-4
development,e5b4087a61c39f20,600,development,27,11,80,0,1,0.02000000,-0.02000000,2.898561360780e-4
development,e5b4087a61c39f20,600,development,27,11,80,1,0,0.01000000,0.00000000,1.455582678318e-4
development,e5b4087a61c39f20,600,development,28,12,79,0,0,-0.02000000,-0.02000000,1.685066818027e-4
development,e5b4087a61c39f20,600,development,28,12,79,1,1,-0.01000000,-0.01000000,1.027323305607e-4
development,e5b4087a61c39f20,600,development,29,13,78,0,0,-0.02000000,0.02000000,4.182805714663e-4
development,e5b4087a61c39f20,600,development,29,13,78,1,1,-0.01000000,0.01000000,2.087093889713e-4
development,e5b4087a61c39f20,600,development,30,14,77,0,0,-0.02000000,-0.02000000,-3.374554216862e-5
development,e5b4087a61c39f20,600,development,30,14,77,1,1,-0.01000000,-0.01000000,1.454787980038e-5
development,e5b4087a61c39f20,600,development,31,15,76,0,0,0.00000000,0.02000000,-3.186489266227e-5
development,e5b4087a61c39f20,600,development,31,15,76,1,1,-0.00500000,0.01000000,-8.404876098211e-6
development,e5b4087a61c39f20,600,development,32,16,75,0,0,0.02000000,0.02000000,2.045805194939e-5
development,e5b4087a61c39f20,600,development,32,16,75,1,1,0.01000000,0.01000000,3.266583007644e-5
development,e5b4087a61c39f20,600,development,33,17,74,0,1,-0.01000000,0.01000000,1.510803849669e-4
development,e5b4087a61c39f20,600,development,33,17,74,1,0,-0.00500000,0.02000000,2.967137843370e-4
development,e5b4087a61c39f20,600,development,34,18,73,0,1,0.02000000,-0.01000000,1.928942947416e-4
development,e5b4087a61c39f20,600,development,34,18,73,1,0,0.01000000,-0.02000000,1.318771392107e-4
development,e5b4087a61c39f20,600,development,35,19,72,0,1,-0.02000000,-0.01000000,1.311035157414e-4
development,e5b4087a61c39f20,600,development,35,19,72,1,0,-0.01000000,-0.02000000,1.863098441390e-4
development,e5b4087a61c39f20,600,development,36,20,71,0,0,0.01000000,0.02000000,8.842038369039e-5
development,e5b4087a61c39f20,600,development,36,20,71,1,1,0.00500000,0.01000000,4.953953248332e-5
development,e5b4087a61c39f20,600,development,37,21,70,0,1,0.02000000,0.01000000,9.389346087119e-5
development,e5b4087a61c39f20,600,development,37,21,70,1,0,0.01000000,0.02000000,7.454678416252e-5
development,e5b4087a61c39f20,600,development,38,22,69,0,1,0.01000000,-0.01000000,1.914550921356e-5
development,e5b4087a61c39f20,600,development,38,22,69,1,0,0.02000000,-0.02000000,1.409836113453e-5
development,e5b4087a61c39f20,600,development,39,23,68,0,1,0.02000000,0.01000000,3.215111792088e-5
development,e5b4087a61c39f20,600,development,39,23,68,1,0,0.01000000,0.02000000,7.864957296988e-5
development,e5b4087a61c39f20,600,development,40,24,67,0,0,0.02000000,0.02000000,8.969753980637e-5
development,e5b4087a61c39f20,600,development,40,24,67,1,1,0.01000000,0.01000000,4.487608748605e-5
development,e5b4087a61c39f20,600,development,41,25,66,0,0,0.02000000,0.02000000,6.561291957041e-5
development,e5b4087a61c39f20,600,development,41,25,66,1,1,0.01000000,0.01000000,3.285333514214e-5
development,e5b4087a61c39f20,600,development,42,26,65,0,1,-0.02000000,0.01000000,-7.174288475653e-5
development,e5b4087a61c39f20,600,development,42,26,65,1,0,-0.01000000,0.02000000,-2.703070640564e-5
development,e5b4087a61c39f20,600,development,43,27,64,0,1,0.02000000,-0.01000000,5.546398460865e-5
development,e5b4087a61c39f20,600,development,43,27,64,1,0,0.01000000,-0.02000000,4.066278415849e-5
development,e5b4087a61c39f20,600,development,44,28,63,0,0,0.02000000,0.02000000,3.580252450774e-5
development,e5b4087a61c39f20,600,development,44,28,63,1,1,0.01000000,0.01000000,1.872455140983e-5
development,e5b4087a61c39f20,600,development,45,29,62,0,0,0.02000000,-0.02000000,1.895949244499e-4
development,e5b4087a61c39f20,600,development,45,29,62,1,1,0.01000000,-0.01000000,9.632731234888e-5
development,e5b4087a61c39f20,600,development,46,30,61,0,0,-0.02000000,0.02000000,2.477547677699e-4
development,e5b4087a61c39f20,600,development,46,30,61,1,1,-0.01000000,0.01000000,1.239720731974e-4
development,e5b4087a61c39f20,600,development,47,31,60,0,1,0.02000000,0.01000000,-2.732500433922e-6
development,e5b4087a61c39f20,600,development,47,31,60,1,0,0.01000000,0.02000000,1.552576759423e-5
development,e5b4087a61c39f20,600,development,48,32,59,0,1,-0.02000000,0.01000000,1.164078712463e-4
development,e5b4087a61c39f20,600,development,48,32,59,1,0,-0.01000000,0.02000000,8.611878001830e-5
development,e5b4087a61c39f20,600,development,49,33,58,0,0,-0.02000000,-0.02000000,9.186068928102e-5
development,e5b4087a61c39f20,600,development,49,33,58,1,1,-0.01000000,-0.01000000,6.693229079247e-5
development,e5b4087a61c39f20,600,development,50,34,57,0,1,0.02000000,0.01000000,2.024925051956e-4
development,e5b4087a61c39f20,600,development,50,34,57,1,0,0.01000000,0.02000000,1.240142883034e-4
development,e5b4087a61c39f20,600,development,51,35,56,0,1,0.02000000,0.01000000,2.763482370938e-5
development,e5b4087a61c39f20,600,development,51,35,56,1,0,0.01000000,0.02000000,8.758219337324e-5
development,e5b4087a61c39f20,600,development,52,36,55,0,0,0.02000000,0.00000000,-2.252124249935e-5
development,e5b4087a61c39f20,600,development,52,36,55,1,1,0.01000000,-0.02000000,-1.120753586292e-5
development,e5b4087a61c39f20,600,development,53,37,54,0,0,-0.02000000,0.00000000,1.366436481476e-4
development,e5b4087a61c39f20,600,development,53,37,54,1,1,-0.01000000,-0.02000000,6.837025284767e-5
development,e5b4087a61c39f20,600,development,54,38,53,0,0,0.02000000,0.00000000,1.150468960986e-4
development,e5b4087a61c39f20,600,development,54,38,53,1,1,0.01000000,-0.02000000,5.756504833698e-5
development,e5b4087a61c39f20,600,development,55,39,52,0,0,0.02000000,0.00000000,2.129934728146e-5
development,e5b4087a61c39f20,600,development,55,39,52,1,1,0.01000000,-0.02000000,1.070275902748e-5
development,e5b4087a61c39f20,600,development,56,40,51,0,1,0.00000000,-0.02000000,0.000000000000e0
development,e5b4087a61c39f20,600,development,56,40,51,1,0,-0.02000000,0.00000000,-3.576278686523e-7
development,e5b4087a61c39f20,600,development,57,41,50,0,0,0.00000000,0.00000000,0.000000000000e0
development,e5b4087a61c39f20,600,development,57,41,50,1,1,-0.02000000,-0.02000000,0.000000000000e0
development,e5b4087a61c39f20,600,development,58,42,49,0,1,0.00000000,-0.02000000,0.000000000000e0
development,e5b4087a61c39f20,600,development,58,42,49,1,0,-0.00500000,0.00000000,6.827836386947e-6
development,e5b4087a61c39f20,600,development,59,43,48,0,0,-0.02000000,0.00000000,5.430852525024e-6
development,e5b4087a61c39f20,600,development,59,43,48,1,1,-0.01000000,-0.02000000,3.249694827900e-6
development,e5b4087a61c39f20,600,development,60,44,47,0,1,-0.02000000,0.01000000,1.943297684193e-5
development,e5b4087a61c39f20,600,development,60,44,47,1,0,-0.01000000,0.02000000,1.841721496021e-5
development,e5b4087a61c39f20,600,development,61,45,46,0,1,0.00000000,-0.02000000,2.089887857437e-6
development,e5b4087a61c39f20,600,development,61,45,46,1,0,-0.02000000,0.00000000,-3.507981602979e-7
development,e5b4087a61c39f20,600,evaluation,1,108,106,0,1,-0.02000000,-0.01000000,1.508556306362e-5
development,e5b4087a61c39f20,600,evaluation,1,108,106,1,0,-0.01000000,-0.02000000,3.001404365932e-5
development,e5b4087a61c39f20,600,evaluation,2,109,105,0,1,-0.02000000,-0.01000000,1.292290835408e-4
development,e5b4087a61c39f20,600,evaluation,2,109,105,1,0,-0.01000000,-0.02000000,1.492028386565e-4
development,e5b4087a61c39f20,600,evaluation,3,110,104,0,0,-0.02000000,-0.02000000,1.515497715445e-4
development,e5b4087a61c39f20,600,evaluation,3,110,104,1,1,-0.01000000,-0.01000000,7.942380761961e-5
development,e5b4087a61c39f20,600,evaluation,4,111,103,0,0,0.00000000,0.00000000,0.000000000000e0
development,e5b4087a61c39f20,600,evaluation,4,111,103,1,1,-0.02000000,-0.02000000,0.000000000000e0
development,e5b4087a61c39f20,600,evaluation,5,112,102,0,1,0.02000000,0.01000000,4.823238996323e-4
development,e5b4087a61c39f20,600,evaluation,5,112,102,1,0,0.01000000,0.02000000,5.761391366832e-4
development,e5b4087a61c39f20,600,evaluation,6,113,101,0,0,-0.02000000,0.02000000,2.483396383468e-4
development,e5b4087a61c39f20,600,evaluation,6,113,101,1,1,-0.01000000,0.01000000,1.256099640159e-4
development,e5b4087a61c39f20,600,evaluation,7,114,100,0,1,-0.02000000,-0.01000000,1.041715368046e-4
development,e5b4087a61c39f20,600,evaluation,7,114,100,1,0,-0.01000000,-0.02000000,1.963755785255e-4
development,e5b4087a61c39f20,600,evaluation,8,115,99,0,1,0.00000000,-0.02000000,0.000000000000e0
development,e5b4087a61c39f20,600,evaluation,8,115,99,1,0,-0.02000000,0.00000000,0.000000000000e0
development,e5b4087a61c39f20,600,evaluation,9,116,98,0,0,0.02000000,0.02000000,2.309009432793e-4
development,e5b4087a61c39f20,600,evaluation,9,116,98,1,1,0.01000000,0.01000000,1.157391816378e-4
development,e5b4087a61c39f20,600,evaluation,10,117,97,0,0,0.02000000,0.02000000,2.620853483677e-4
development,e5b4087a61c39f20,600,evaluation,10,117,97,1,1,0.01000000,0.01000000,1.318355352851e-4
development,e5b4087a61c39f20,600,evaluation,11,118,96,0,1,-0.02000000,-0.01000000,4.223963769618e-4
development,e5b4087a61c39f20,600,evaluation,11,118,96,1,0,-0.01000000,-0.02000000,3.897653368767e-4
development,e5b4087a61c39f20,600,evaluation,12,119,95,0,0,0.00000000,0.00000000,0.000000000000e0
development,e5b4087a61c39f20,600,evaluation,12,119,95,1,1,-0.02000000,-0.02000000,0.000000000000e0
development,e5b4087a61c39f20,600,evaluation,13,120,94,0,0,0.02000000,0.02000000,1.195830627694e-4
development,e5b4087a61c39f20,600,evaluation,13,120,94,1,1,0.01000000,0.01000000,9.463603055337e-5
development,e5b4087a61c39f20,600,evaluation,14,121,93,0,1,-0.02000000,0.01000000,2.835368213709e-4
development,e5b4087a61c39f20,600,evaluation,14,121,93,1,0,-0.01000000,0.02000000,1.745491026668e-4
development,e5b4087a61c39f20,600,evaluation,15,122,92,0,1,0.02000000,-0.02000000,-8.372651791433e-5
development,e5b4087a61c39f20,600,evaluation,15,122,92,1,0,0.01000000,-0.01000000,-2.731879646944e-7
development,e5b4087a61c39f20,600,evaluation,16,0,91,0,0,0.02000000,0.00000000,1.670469791861e-4
development,e5b4087a61c39f20,600,evaluation,16,0,91,1,1,0.01000000,-0.02000000,1.141677275882e-4
development,e5b4087a61c39f20,600,evaluation,17,1,90,0,1,0.02000000,0.00500000,2.466098812874e-4
development,e5b4087a61c39f20,600,evaluation,17,1,90,1,0,0.01000000,0.00000000,1.331331877736e-4
development,e5b4087a61c39f20,600,evaluation,18,2,89,0,1,-0.00500000,0.01000000,1.953914761543e-5
development,e5b4087a61c39f20,600,evaluation,18,2,89,1,0,-0.01000000,0.02000000,3.194933015038e-5
development,e5b4087a61c39f20,600,evaluation,19,3,88,0,1,-0.02000000,-0.02000000,-2.292698918609e-4
development,e5b4087a61c39f20,600,evaluation,19,3,88,1,0,-0.01000000,-0.01000000,-1.087275668397e-4
development,e5b4087a61c39f20,600,evaluation,20,4,87,0,0,-0.02000000,0.00000000,3.043121250812e-4
development,e5b4087a61c39f20,600,evaluation,20,4,87,1,1,-0.01000000,-0.02000000,1.548236905364e-4
development,e5b4087a61c39f20,600,evaluation,21,5,86,0,1,0.02000000,-0.02000000,1.086369156837e-4
development,e5b4087a61c39f20,600,evaluation,21,5,86,1,0,0.01000000,0.00000000,5.909428000450e-5
development,e5b4087a61c39f20,600,evaluation,22,6,85,0,1,0.02000000,-0.02000000,8.352721488336e-5
development,e5b4087a61c39f20,600,evaluation,22,6,85,1,0,0.01000000,0.00000000,4.302213710616e-5
development,e5b4087a61c39f20,600,evaluation,23,7,84,0,0,0.02000000,0.00000000,-4.786998033524e-7
development,e5b4087a61c39f20,600,evaluation,23,7,84,1,1,0.01000000,-0.02000000,6.612390279770e-7
development,e5b4087a61c39f20,600,evaluation,24,8,83,0,1,-0.02000000,-0.02000000,-3.355865601407e-6
development,e5b4087a61c39f20,600,evaluation,24,8,83,1,0,-0.01000000,0.00000000,8.493661880493e-6
development,e5b4087a61c39f20,600,evaluation,25,9,82,0,1,0.02000000,-0.02000000,-2.621735075081e-5
development,e5b4087a61c39f20,600,evaluation,25,9,82,1,0,0.01000000,0.00000000,-4.862124569627e-6
development,e5b4087a61c39f20,600,evaluation,26,10,81,0,1,0.02000000,-0.02000000,2.172837703256e-4
development,e5b4087a61c39f20,600,evaluation,26,10,81,1,0,0.01000000,0.00000000,1.395947037963e-4
development,e5b4087a61c39f20,600,evaluation,27,11,80,0,0,0.02000000,0.00000000,2.898561360780e-4
development,e5b4087a61c39f20,600,evaluation,27,11,80,1,1,0.01000000,-0.02000000,1.455582678318e-4
development,e5b4087a61c39f20,600,evaluation,28,12,79,0,1,-0.02000000,-0.01000000,1.930190919666e-4
development,e5b4087a61c39f20,600,evaluation,28,12,79,1,0,-0.01000000,-0.02000000,7.822178304195e-5
development,e5b4087a61c39f20,600,evaluation,29,13,78,0,1,-0.02000000,0.01000000,3.056371060666e-4
development,e5b4087a61c39f20,600,evaluation,29,13,78,1,0,-0.01000000,0.02000000,3.201284853276e-4
development,e5b4087a61c39f20,600,evaluation,30,14,77,0,1,-0.02000000,-0.01000000,-1.460301427869e-4
development,e5b4087a61c39f20,600,evaluation,30,14,77,1,0,-0.01000000,-0.02000000,1.272956578759e-4
development,e5b4087a61c39f20,600,evaluation,31,15,76,0,1,0.00000000,0.01000000,-1.578591763973e-5
development,e5b4087a61c39f20,600,evaluation,31,15,76,1,0,-0.00500000,0.02000000,-2.449875137245e-5
development,e5b4087a61c39f20,600,evaluation,32,16,75,0,1,0.02000000,0.01000000,4.623333734344e-5
development,e5b4087a61c39f20,600,evaluation,32,16,75,1,0,0.01000000,0.02000000,5.956739187241e-6
development,e5b4087a61c39f20,600,evaluation,33,17,74,0,0,-0.01000000,0.02000000,2.965554594994e-4
development,e5b4087a61c39f20,600,evaluation,33,17,74,1,1,-0.00500000,0.01000000,1.512349845143e-4
development,e5b4087a61c39f20,600,evaluation,34,18,73,0,0,0.02000000,-0.02000000,2.119119017152e-4
development,e5b4087a61c39f20,600,evaluation,34,18,73,1,1,0.01000000,-0.01000000,1.128905787482e-4
development,e5b4087a61c39f20,600,evaluation,35,19,72,0,0,-0.02000000,-0.02000000,2.105633466272e-4
development,e5b4087a61c39f20,600,evaluation,35,19,72,1,1,-0.01000000,-0.01000000,1.069195568562e-4
development,e5b4087a61c39f20,600,evaluation,36,20,71,0,1,0.01000000,0.01000000,8.951313793659e-5
development,e5b4087a61c39f20,600,evaluation,36,20,71,1,0,0.00500000,0.02000000,4.843684655498e-5
development,e5b4087a61c39f20,600,evaluation,37,21,70,0,0,0.02000000,0.02000000,9.674951434135e-5
development,e5b4087a61c39f20,600,evaluation,37,21,70,1,1,0.01000000,0.01000000,7.169073069235e-5
development,e5b4087a61c39f20,600,evaluation,38,22,69,0,0,0.01000000,-0.02000000,3.104656934738e-5
development,e5b4087a61c39f20,600,evaluation,38,22,69,1,1,0.02000000,-0.01000000,2.197300318585e-6
development,e5b4087a61c39f20,600,evaluation,39,23,68,0,0,0.02000000,0.02000000,2.878966370190e-5
development,e5b4087a61c39f20,600,evaluation,39,23,68,1,1,0.01000000,0.01000000,8.201102173189e-5
development,e5b4087a61c39f20,600,evaluation,40,24,67,0,1,0.02000000,0.01000000,8.739096665522e-5
development,e5b4087a61c39f20,600,evaluation,40,24,67,1,0,0.01000000,0.02000000,4.717459160020e-5
development,e5b4087a61c39f20,600,evaluation,41,25,66,0,1,0.02000000,0.01000000,4.595642167260e-5
development,e5b4087a61c39f20,600,evaluation,41,25,66,1,0,0.01000000,0.02000000,5.251231414150e-5
development,e5b4087a61c39f20,600,evaluation,42,26,65,0,0,-0.02000000,0.02000000,-6.683108949801e-5
development,e5b4087a61c39f20,600,evaluation,42,26,65,1,1,-0.01000000,0.01000000,-3.194001692464e-5
development,e5b4087a61c39f20,600,evaluation,43,27,64,0,0,0.02000000,-0.02000000,6.395330274245e-5
development,e5b4087a61c39f20,600,evaluation,43,27,64,1,1,0.01000000,-0.01000000,3.216167169739e-5
development,e5b4087a61c39f20,600,evaluation,44,28,63,0,1,0.02000000,0.01000000,3.351581472089e-5
development,e5b4087a61c39f20,600,evaluation,44,28,63,1,0,0.01000000,0.02000000,2.100815436279e-5
development,e5b4087a61c39f20,600,evaluation,45,29,62,0,1,0.02000000,-0.01000000,1.571439206600e-4
development,e5b4087a61c39f20,600,evaluation,45,29,62,1,0,0.01000000,-0.02000000,1.287783234147e-4
development,e5b4087a61c39f20,600,evaluation,46,30,61,0,1,-0.02000000,0.01000000,1.779403537512e-4
development,e5b4087a61c39f20,600,evaluation,46,30,61,1,0,-0.01000000,0.02000000,1.937865017680e-4
development,e5b4087a61c39f20,600,evaluation,47,31,60,0,0,0.02000000,0.02000000,7.661059498787e-6
development,e5b4087a61c39f20,600,evaluation,47,31,60,1,1,0.01000000,0.01000000,5.124757535668e-6
development,e5b4087a61c39f20,600,evaluation,48,32,59,0,0,-0.02000000,0.02000000,1.339421869488e-4
development,e5b4087a61c39f20,600,evaluation,48,32,59,1,1,-0.01000000,0.01000000,6.850311910966e-5
development,e5b4087a61c39f20,600,evaluation,49,33,58,0,1,-0.02000000,-0.01000000,7.130267476896e-5
development,e5b4087a61c39f20,600,evaluation,49,33,58,1,0,-0.01000000,-0.02000000,8.749154949328e-5
development,e5b4087a61c39f20,600,evaluation,50,34,57,0,0,0.02000000,0.02000000,2.171813248424e-4
development,e5b4087a61c39f20,600,evaluation,50,34,57,1,1,0.01000000,0.01000000,1.093267128454e-4
development,e5b4087a61c39f20,600,evaluation,51,35,56,0,0,0.02000000,0.02000000,7.678506517550e-5
development,e5b4087a61c39f20,600,evaluation,51,35,56,1,1,0.01000000,0.01000000,3.851453584502e-5
development,e5b4087a61c39f20,600,evaluation,52,36,55,0,1,0.02000000,-0.02000000,-2.252124249935e-5
development,e5b4087a61c39f20,600,evaluation,52,36,55,1,0,0.01000000,0.00000000,-1.120753586292e-5
development,e5b4087a61c39f20,600,evaluation,53,37,54,0,1,-0.02000000,-0.02000000,1.366436481476e-4
development,e5b4087a61c39f20,600,evaluation,53,37,54,1,0,-0.01000000,0.00000000,6.837025284767e-5
development,e5b4087a61c39f20,600,evaluation,54,38,53,0,1,0.02000000,-0.02000000,1.150468960986e-4
development,e5b4087a61c39f20,600,evaluation,54,38,53,1,0,0.01000000,0.00000000,5.756504833698e-5
development,e5b4087a61c39f20,600,evaluation,55,39,52,0,1,0.02000000,-0.02000000,2.129934728146e-5
development,e5b4087a61c39f20,600,evaluation,55,39,52,1,0,0.01000000,0.00000000,1.070275902748e-5
development,e5b4087a61c39f20,600,evaluation,56,40,51,0,0,0.00000000,0.00000000,0.000000000000e0
development,e5b4087a61c39f20,600,evaluation,56,40,51,1,1,-0.02000000,-0.02000000,-3.576278686523e-7
development,e5b4087a61c39f20,600,evaluation,57,41,50,0,1,0.00000000,-0.02000000,0.000000000000e0
development,e5b4087a61c39f20,600,evaluation,57,41,50,1,0,-0.02000000,0.00000000,0.000000000000e0
development,e5b4087a61c39f20,600,evaluation,58,42,49,0,0,0.00000000,0.00000000,0.000000000000e0
development,e5b4087a61c39f20,600,evaluation,58,42,49,1,1,-0.00500000,-0.02000000,6.827836386947e-6
development,e5b4087a61c39f20,600,evaluation,59,43,48,0,1,-0.02000000,-0.02000000,5.430852525024e-6
development,e5b4087a61c39f20,600,evaluation,59,43,48,1,0,-0.01000000,0.00000000,3.249694827900e-6
development,e5b4087a61c39f20,600,evaluation,60,44,47,0,0,-0.02000000,0.02000000,2.487500569259e-5
development,e5b4087a61c39f20,600,evaluation,60,44,47,1,1,-0.01000000,0.01000000,1.297270227951e-5
development,e5b4087a61c39f20,600,evaluation,61,45,46,0,0,0.00000000,0.00000000,0.000000000000e0
development,e5b4087a61c39f20,600,evaluation,61,45,46,1,1,-0.02000000,-0.02000000,1.739089725561e-6
development,e5b4087a61c39f20,2400,development,1,63,61,0,1,0.02000000,0.01000000,-2.679560857359e-4
development,e5b4087a61c39f20,2400,development,1,63,61,1,0,0.01000000,0.02000000,9.737381333252e-5
development,e5b4087a61c39f20,2400,development,2,64,60,0,1,-0.02000000,-0.01000000,-2.856394276023e-4
development,e5b4087a61c39f20,2400,development,2,64,60,1,0,-0.01000000,-0.02000000,-7.028591935523e-4
development,e5b4087a61c39f20,2400,development,3,65,59,0,1,0.02000000,0.01000000,1.051227227435e-4
development,e5b4087a61c39f20,2400,development,3,65,59,1,0,0.01000000,0.02000000,8.546685421607e-5
development,e5b4087a61c39f20,2400,development,4,66,58,0,1,-0.02000000,0.01000000,-9.217113256454e-5
development,e5b4087a61c39f20,2400,development,4,66,58,1,0,-0.01000000,0.02000000,-1.243002043338e-4
development,e5b4087a61c39f20,2400,development,5,67,57,0,1,0.02000000,0.01000000,8.538303518435e-5
development,e5b4087a61c39f20,2400,development,5,67,57,1,0,0.01000000,0.02000000,4.577388244797e-5
development,e5b4087a61c39f20,2400,development,6,68,56,0,0,0.02000000,0.02000000,-1.184226348414e-4
development,e5b4087a61c39f20,2400,development,6,68,56,1,1,0.01000000,0.01000000,-4.198184979032e-5
development,e5b4087a61c39f20,2400,development,7,69,55,0,1,-0.02000000,-0.02000000,1.754950062605e-4
development,e5b4087a61c39f20,2400,development,7,69,55,1,0,-0.01000000,0.00000000,9.433925151825e-5
development,e5b4087a61c39f20,2400,development,8,70,54,0,1,0.02000000,-0.02000000,-3.689527511597e-4
development,e5b4087a61c39f20,2400,development,8,70,54,1,0,0.01000000,0.00000000,-1.696795225143e-4
development,e5b4087a61c39f20,2400,development,9,71,53,0,1,-0.02000000,-0.02000000,-1.536539493827e-4
development,e5b4087a61c39f20,2400,development,9,71,53,1,0,-0.01000000,0.00000000,-6.488120561698e-5
development,e5b4087a61c39f20,2400,development,10,72,52,0,1,0.02000000,-0.02000000,4.013652505819e-4
development,e5b4087a61c39f20,2400,development,10,72,52,1,0,0.01000000,0.00000000,2.048003225354e-4
development,e5b4087a61c39f20,2400,development,11,73,51,0,0,-0.02000000,0.00000000,3.232726303395e-4
development,e5b4087a61c39f20,2400,development,11,73,51,1,1,-0.01000000,-0.02000000,1.622910349397e-4
development,e5b4087a61c39f20,2400,development,12,74,50,0,1,-0.02000000,-0.02000000,-2.553556114435e-4
development,e5b4087a61c39f20,2400,development,12,74,50,1,0,-0.01000000,0.00000000,-1.217663884745e-4
development,e5b4087a61c39f20,2400,development,13,75,49,0,0,-0.02000000,0.00000000,-4.925299435854e-5
development,e5b4087a61c39f20,2400,development,13,75,49,1,1,-0.01000000,-0.02000000,-2.090446650982e-5
development,e5b4087a61c39f20,2400,development,14,76,48,0,1,-0.02000000,-0.02000000,3.903399629053e-4
development,e5b4087a61c39f20,2400,development,14,76,48,1,0,-0.01000000,0.00000000,2.119612618117e-4
development,e5b4087a61c39f20,2400,development,15,77,47,0,0,0.02000000,0.02000000,1.225886866450e-3
development,e5b4087a61c39f20,2400,development,15,77,47,1,1,0.01000000,0.01000000,6.714022601955e-4
development,e5b4087a61c39f20,2400,development,16,78,46,0,1,0.02000000,0.01000000,6.058284270694e-5
development,e5b4087a61c39f20,2400,development,16,78,46,1,0,0.01000000,0.02000000,1.238724216819e-4
development,e5b4087a61c39f20,2400,development,17,79,45,0,0,-0.02000000,0.02000000,-2.532846294343e-3
development,e5b4087a61c39f20,2400,development,17,79,45,1,1,-0.01000000,0.01000000,-1.178779290058e-3
development,e5b4087a61c39f20,2400,development,18,80,44,0,1,0.00000000,-0.01000000,-8.150313988153e-6
development,e5b4087a61c39f20,2400,development,18,80,44,1,0,-0.02000000,-0.02000000,-2.444411393299e-6
development,e5b4087a61c39f20,2400,development,19,81,43,0,0,0.00000000,-0.02000000,-1.984524169529e-5
development,e5b4087a61c39f20,2400,development,19,81,43,1,1,-0.02000000,-0.01000000,-9.540468454361e-6
development,e5b4087a61c39f20,2400,development,20,82,42,0,1,0.00000000,-0.01000000,-3.670963269542e-5
development,e5b4087a61c39f20,2400,development,20,82,42,1,0,-0.02000000,-0.02000000,-7.700609421590e-5
development,e5b4087a61c39f20,2400,development,21,83,41,0,1,0.00000000,-0.01000000,2.363572457398e-5
development,e5b4087a61c39f20,2400,development,21,83,41,1,0,-0.02000000,-0.02000000,4.579747837852e-5
development,e5b4087a61c39f20,2400,development,22,84,40,0,1,0.00000000,0.01000000,4.976429045200e-5
development,e5b4087a61c39f20,2400,development,22,84,40,1,0,-0.02000000,0.02000000,9.920509910444e-5
development,e5b4087a61c39f20,2400,development,23,85,39,0,1,0.00000000,-0.01000000,-3.474323602859e-4
development,e5b4087a61c39f20,2400,development,23,85,39,1,0,-0.02000000,-0.02000000,-7.330253720284e-4
development,e5b4087a61c39f20,2400,development,24,86,38,0,0,0.00000000,0.02000000,-9.798692917684e-5
development,e5b4087a61c39f20,2400,development,24,86,38,1,1,-0.02000000,0.01000000,-4.775014895131e-5
development,e5b4087a61c39f20,2400,development,25,87,37,0,0,0.00000000,0.02000000,2.052846102742e-4
development,e5b4087a61c39f20,2400,development,25,87,37,1,1,-0.02000000,0.01000000,1.036400572048e-4
development,e5b4087a61c39f20,2400,development,26,88,36,0,1,0.02000000,-0.01000000,1.467453985242e-4
development,e5b4087a61c39f20,2400,development,26,88,36,1,0,0.01000000,-0.02000000,1.942515373230e-4
development,e5b4087a61c39f20,2400,development,27,89,35,0,0,-0.02000000,-0.02000000,-2.183665783377e-4
development,e5b4087a61c39f20,2400,development,27,89,35,1,1,-0.01000000,-0.01000000,-1.110775992856e-4
development,e5b4087a61c39f20,2400,development,28,90,34,0,0,-0.02000000,-0.02000000,-2.136342227459e-4
development,e5b4087a61c39f20,2400,development,28,90,34,1,1,-0.01000000,-0.01000000,-1.128725707531e-4
development,e5b4087a61c39f20,2400,development,29,91,33,0,1,0.00000000,-0.01000000,1.938889363373e-5
development,e5b4087a61c39f20,2400,development,29,91,33,1,0,-0.02000000,-0.02000000,3.870825094054e-5
development,e5b4087a61c39f20,2400,development,30,92,32,0,1,0.02000000,0.01000000,2.343797386857e-4
development,e5b4087a61c39f20,2400,development,30,92,32,1,0,0.01000000,0.02000000,1.992803736357e-4
development,e5b4087a61c39f20,2400,development,31,93,31,0,1,-0.01000000,0.01000000,-4.829422978219e-4
development,e5b4087a61c39f20,2400,development,31,93,31,1,0,-0.00500000,0.02000000,-8.722214843147e-4
development,e5b4087a61c39f20,2400,development,32,94,30,0,1,-0.02000000,-0.01000000,-7.107850979082e-4
development,e5b4087a61c39f20,2400,development,32,94,30,1,0,-0.01000000,-0.02000000,-4.259767010808e-4
development,e5b4087a61c39f20,2400,development,33,95,29,0,0,0.00000000,-0.02000000,1.556581555633e-4
development,e5b4087a61c39f20,2400,development,33,95,29,1,1,-0.02000000,-0.01000000,8.152052760124e-5
development,e5b4087a61c39f20,2400,development,34,96,28,0,1,-0.02000000,0.01000000,6.043731118552e-4
development,e5b4087a61c39f20,2400,development,34,96,28,1,0,-0.01000000,0.02000000,6.167895044200e-4
development,e5b4087a61c39f20,2400,development,35,97,27,0,0,-0.02000000,0.02000000,-1.541152596474e-5
development,e5b4087a61c39f20,2400,development,35,97,27,1,1,-0.01000000,0.01000000,-5.596006758424e-6
development,e5b4087a61c39f20,2400,development,36,98,26,0,0,-0.02000000,0.02000000,-1.433094294043e-4
development,e5b4087a61c39f20,2400,development,36,98,26,1,1,-0.01000000,0.01000000,-6.915815174580e-5
development,e5b4087a61c39f20,2400,development,37,99,25,0,1,0.00000000,0.01000000,4.948303103447e-5
development,e5b4087a61c39f20,2400,development,37,99,25,1,0,-0.02000000,0.02000000,9.872329974314e-5
development,e5b4087a61c39f20,2400,development,38,100,24,0,1,-0.02000000,-0.01000000,6.603623623960e-4
development,e5b4087a61c39f20,2400,development,38,100,24,1,0,-0.01000000,-0.02000000,3.864541649818e-4
development,e5b4087a61c39f20,2400,development,39,101,23,0,0,-0.02000000,-0.02000000,-1.321049407125e-3
development,e5b4087a61c39f20,2400,development,39,101,23,1,1,-0.01000000,-0.01000000,-5.610389634967e-4
development,e5b4087a61c39f20,2400,development,40,102,22,0,0,-0.02000000,-0.02000000,-3.025177866220e-4
development,e5b4087a61c39f20,2400,development,40,102,22,1,1,-0.01000000,-0.01000000,3.483456748654e-5
development,e5b4087a61c39f20,2400,development,41,103,21,0,1,0.00000000,0.01000000,-1.178632490337e-3
development,e5b4087a61c39f20,2400,development,41,103,21,1,0,-0.02000000,0.02000000,-2.675631316379e-3
development,e5b4087a61c39f20,2400,development,42,104,20,0,0,-0.02000000,0.02000000,-2.993395028170e-4
development,e5b4087a61c39f20,2400,development,42,104,20,1,1,-0.01000000,0.01000000,-6.933510303497e-5
development,e5b4087a61c39f20,2400,development,43,105,19,0,0,0.02000000,0.02000000,6.565296644112e-5
development,e5b4087a61c39f20,2400,development,43,105,19,1,1,0.01000000,0.01000000,4.344340413809e-5
development,e5b4087a61c39f20,2400,development,44,106,18,0,0,0.02000000,-0.02000000,1.075367094927e-6
development,e5b4087a61c39f20,2400,development,44,106,18,1,1,0.01000000,-0.01000000,4.213768988848e-5
development,e5b4087a61c39f20,2400,development,45,107,17,0,1,0.00000000,0.01000000,8.803699165583e-5
development,e5b4087a61c39f20,2400,development,45,107,17,1,0,-0.02000000,0.02000000,1.472796575399e-4
development,e5b4087a61c39f20,2400,development,46,108,16,0,1,-0.02000000,0.01000000,-1.459271064959e-3
development,e5b4087a61c39f20,2400,development,46,108,16,1,0,-0.01000000,0.02000000,-1.498534693383e-3
development,e5b4087a61c39f20,2400,development,47,109,15,0,0,-0.02000000,-0.02000000,-1.449050731026e-3
development,e5b4087a61c39f20,2400,development,47,109,15,1,1,-0.01000000,-0.01000000,-6.860966677777e-4
development,e5b4087a61c39f20,2400,development,48,110,14,0,0,0.02000000,0.02000000,7.181121036410e-4
development,e5b4087a61c39f20,2400,development,48,110,14,1,1,0.01000000,0.01000000,4.286272451282e-4
development,e5b4087a61c39f20,2400,development,49,111,13,0,0,0.00000000,0.02000000,4.597505030688e-4
development,e5b4087a61c39f20,2400,development,49,111,13,1,1,-0.02000000,0.01000000,3.155128506478e-4
development,e5b4087a61c39f20,2400,development,50,112,12,0,0,0.02000000,-0.02000000,5.274309660308e-4
development,e5b4087a61c39f20,2400,development,50,112,12,1,1,0.01000000,-0.01000000,3.360811097082e-4
development,e5b4087a61c39f20,2400,development,51,113,11,0,1,0.02000000,0.01000000,-4.843069764320e-4
development,e5b4087a61c39f20,2400,development,51,113,11,1,0,0.01000000,0.02000000,-9.199974010698e-4
development,e5b4087a61c39f20,2400,development,52,114,10,0,1,-0.02000000,-0.01000000,8.461435209028e-4
development,e5b4087a61c39f20,2400,development,52,114,10,1,0,-0.01000000,-0.02000000,1.252375892363e-3
development,e5b4087a61c39f20,2400,development,53,115,9,0,1,0.00000000,0.00000000,0.000000000000e0
development,e5b4087a61c39f20,2400,development,53,115,9,1,0,-0.02000000,-0.00500000,2.107288019033e-4
development,e5b4087a61c39f20,2400,development,54,116,8,0,1,0.02000000,-0.01000000,-4.755103436764e-4
development,e5b4087a61c39f20,2400,development,54,116,8,1,0,0.01000000,-0.02000000,-5.109738558531e-4
development,e5b4087a61c39f20,2400,development,55,117,7,0,1,0.02000000,0.01000000,1.051025465131e-4
development,e5b4087a61c39f20,2400,development,55,117,7,1,0,0.01000000,0.02000000,-2.659888377821e-5
development,e5b4087a61c39f20,2400,development,56,118,6,0,0,0.02000000,-0.02000000,-5.621521850117e-4
development,e5b4087a61c39f20,2400,development,56,118,6,1,1,0.01000000,-0.01000000,-2.562412992120e-4
development,e5b4087a61c39f20,2400,development,57,119,5,0,1,0.00000000,-0.01000000,-1.629889011383e-4
development,e5b4087a61c39f20,2400,development,57,119,5,1,0,-0.02000000,-0.02000000,-3.411835059524e-4
development,e5b4087a61c39f20,2400,development,58,120,4,0,0,-0.02000000,0.02000000,-1.429791300325e-4
development,e5b4087a61c39f20,2400,development,58,120,4,1,1,-0.01000000,0.01000000,-4.251208156347e-5
development,e5b4087a61c39f20,2400,development,59,121,3,0,0,-0.02000000,-0.02000000,2.396681084065e-4
development,e5b4087a61c39f20,2400,development,59,121,3,1,1,-0.01000000,-0.01000000,1.436443999410e-4
development,e5b4087a61c39f20,2400,development,60,122,2,0,0,0.02000000,0.02000000,1.106960698962e-4
development,e5b4087a61c39f20,2400,development,60,122,2,1,1,0.01000000,0.01000000,7.212720811367e-5
development,e5b4087a61c39f20,2400,development,61,0,1,0,0,-0.02000000,0.02000000,1.947870478034e-4
development,e5b4087a61c39f20,2400,development,61,0,1,1,1,-0.01000000,0.01000000,1.402115449309e-4
development,e5b4087a61c39f20,2400,evaluation,1,63,61,0,0,0.02000000,0.02000000,-1.429098920198e-4
development,e5b4087a61c39f20,2400,evaluation,1,63,61,1,1,0.01000000,0.01000000,-3.915031629731e-5
development,e5b4087a61c39f20,2400,evaluation,2,64,60,0,0,-0.02000000,-0.02000000,-6.636762991548e-4
development,e5b4087a61c39f20,2400,evaluation,2,64,60,1,1,-0.01000000,-0.01000000,-3.248235734645e-4
development,e5b4087a61c39f20,2400,evaluation,3,65,59,0,0,0.02000000,0.02000000,1.265717000933e-4
development,e5b4087a61c39f20,2400,evaluation,3,65,59,1,1,0.01000000,0.01000000,6.412714719772e-5
development,e5b4087a61c39f20,2400,evaluation,4,66,58,0,0,-0.02000000,0.02000000,-1.472048461437e-4
development,e5b4087a61c39f20,2400,evaluation,4,66,58,1,1,-0.01000000,0.01000000,-7.030274719000e-5
development,e5b4087a61c39f20,2400,evaluation,5,67,57,0,0,0.02000000,0.02000000,8.741331839701e-5
development,e5b4087a61c39f20,2400,evaluation,5,67,57,1,1,0.01000000,0.01000000,4.385163265397e-5
development,e5b4087a61c39f20,2400,evaluation,6,68,56,0,1,0.02000000,0.01000000,-1.807551161619e-4
development,e5b4087a61c39f20,2400,evaluation,6,68,56,1,0,0.01000000,0.02000000,2.035064062511e-5
development,e5b4087a61c39f20,2400,evaluation,7,69,55,0,0,-0.02000000,0.00000000,1.754950062605e-4
development,e5b4087a61c39f20,2400,evaluation,7,69,55,1,1,-0.01000000,-0.02000000,9.433925151825e-5
development,e5b4087a61c39f20,2400,evaluation,8,70,54,0,0,0.02000000,0.00000000,-3.689527511597e-4
development,e5b4087a61c39f20,2400,evaluation,8,70,54,1,1,0.01000000,-0.02000000,-1.696795225143e-4
development,e5b4087a61c39f20,2400,evaluation,9,71,53,0,0,-0.02000000,0.00000000,-1.536539493827e-4
development,e5b4087a61c39f20,2400,evaluation,9,71,53,1,1,-0.01000000,-0.02000000,-6.488120561698e-5
development,e5b4087a61c39f20,2400,evaluation,10,72,52,0,0,0.02000000,0.00000000,4.013652505819e-4
development,e5b4087a61c39f20,2400,evaluation,10,72,52,1,1,0.01000000,-0.02000000,2.048003225354e-4
development,e5b4087a61c39f20,2400,evaluation,11,73,51,0,1,-0.02000000,-0.02000000,3.232726303395e-4
development,e5b4087a61c39f20,2400,evaluation,11,73,51,1,0,-0.01000000,0.00000000,1.622910349397e-4
development,e5b4087a61c39f20,2400,evaluation,12,74,50,0,0,-0.02000000,0.00000000,-2.553556114435e-4
development,e5b4087a61c39f20,2400,evaluation,12,74,50,1,1,-0.01000000,-0.02000000,-1.217663884745e-4
development,e5b4087a61c39f20,2400,evaluation,13,75,49,0,1,-0.02000000,-0.02000000,-4.925299435854e-5
development,e5b4087a61c39f20,2400,evaluation,13,75,49,1,0,-0.01000000,0.00000000,-2.090446650982e-5
development,e5b4087a61c39f20,2400,evaluation,14,76,48,0,0,-0.02000000,0.00000000,3.903399629053e-4
development,e5b4087a61c39f20,2400,evaluation,14,76,48,1,1,-0.01000000,-0.02000000,2.119612618117e-4
development,e5b4087a61c39f20,2400,evaluation,15,77,47,0,1,0.02000000,0.01000000,1.047144993208e-3
development,e5b4087a61c39f20,2400,evaluation,15,77,47,1,0,0.01000000,0.02000000,8.668198133819e-4
development,e5b4087a61c39f20,2400,evaluation,16,78,46,0,0,0.02000000,0.02000000,1.113939433708e-4
development,e5b4087a61c39f20,2400,evaluation,16,78,46,1,1,0.01000000,0.01000000,7.052626460791e-5
development,e5b4087a61c39f20,2400,evaluation,17,79,45,0,1,-0.02000000,0.01000000,-2.679982222617e-3
development,e5b4087a61c39f20,2400,evaluation,17,79,45,1,0,-0.01000000,0.02000000,-1.046771183610e-3
development,e5b4087a61c39f20,2400,evaluation,18,80,44,0,0,0.00000000,-0.02000000,-2.444411393299e-6
development,e5b4087a61c39f20,2400,evaluation,18,80,44,1,1,-0.02000000,-0.01000000,-8.150313988153e-6
development,e5b4087a61c39f20,2400,evaluation,19,81,43,0,1,0.00000000,-0.01000000,-9.540468454361e-6
development,e5b4087a61c39f20,2400,evaluation,19,81,43,1,0,-0.02000000,-0.02000000,-1.984524169529e-5
development,e5b4087a61c39f20,2400,evaluation,20,82,42,0,0,0.00000000,-0.02000000,-7.700609421590e-5
development,e5b4087a61c39f20,2400,evaluation,20,82,42,1,1,-0.02000000,-0.01000000,-3.670963269542e-5
development,e5b4087a61c39f20,2400,evaluation,21,83,41,0,0,0.00000000,-0.02000000,4.579747837852e-5
development,e5b4087a61c39f20,2400,evaluation,21,83,41,1,1,-0.02000000,-0.01000000,2.363572457398e-5
development,e5b4087a61c39f20,2400,evaluation,22,84,40,0,0,0.00000000,0.02000000,9.920509910444e-5
development,e5b4087a61c39f20,2400,evaluation,22,84,40,1,1,-0.02000000,0.01000000,4.976429045200e-5
development,e5b4087a61c39f20,2400,evaluation,23,85,39,0,0,0.00000000,-0.02000000,-7.330253720284e-4
development,e5b4087a61c39f20,2400,evaluation,23,85,39,1,1,-0.02000000,-0.01000000,-3.474323602859e-4
development,e5b4087a61c39f20,2400,evaluation,24,86,38,0,1,0.00000000,0.01000000,-4.775014895131e-5
development,e5b4087a61c39f20,2400,evaluation,24,86,38,1,0,-0.02000000,0.02000000,-9.798692917684e-5
development,e5b4087a61c39f20,2400,evaluation,25,87,37,0,1,0.00000000,0.01000000,1.036400572048e-4
development,e5b4087a61c39f20,2400,evaluation,25,87,37,1,0,-0.02000000,0.02000000,2.052846102742e-4
development,e5b4087a61c39f20,2400,evaluation,26,88,36,0,0,0.02000000,-0.02000000,2.128388732672e-4
development,e5b4087a61c39f20,2400,evaluation,26,88,36,1,1,0.01000000,-0.01000000,1.231357455254e-4
development,e5b4087a61c39f20,2400,evaluation,27,89,35,0,1,-0.02000000,-0.01000000,-1.887753605843e-4
development,e5b4087a61c39f20,2400,evaluation,27,89,35,1,0,-0.01000000,-0.02000000,-1.373067498207e-4
development,e5b4087a61c39f20,2400,evaluation,28,90,34,0,1,-0.02000000,-0.01000000,-1.843838690547e-4
development,e5b4087a61c39f20,2400,evaluation,28,90,34,1,0,-0.01000000,-0.02000000,-1.414405851392e-4
development,e5b4087a61c39f20,2400,evaluation,29,91,33,0,0,0.00000000,-0.02000000,3.870825094054e-5
development,e5b4087a61c39f20,2400,evaluation,29,91,33,1,1,-0.02000000,-0.01000000,1.938889363373e-5
development,e5b4087a61c39f20,2400,evaluation,30,92,32,0,0,0.02000000,0.02000000,2.798605710268e-4
development,e5b4087a61c39f20,2400,evaluation,30,92,32,1,1,0.01000000,0.01000000,1.549823209643e-4
development,e5b4087a61c39f20,2400,evaluation,31,93,31,0,0,-0.01000000,0.02000000,-9.160873596556e-4
development,e5b4087a61c39f20,2400,evaluation,31,93,31,1,1,-0.00500000,0.01000000,-4.407390952110e-4
development,e5b4087a61c39f20,2400,evaluation,32,94,30,0,0,-0.02000000,-0.02000000,-7.796867867000e-4
development,e5b4087a61c39f20,2400,evaluation,32,94,30,1,1,-0.01000000,-0.01000000,-3.450050426181e-4
development,e5b4087a61c39f20,2400,evaluation,33,95,29,0,1,0.00000000,-0.01000000,8.152052760124e-5
development,e5b4087a61c39f20,2400,evaluation,33,95,29,1,0,-0.02000000,-0.02000000,1.556581555633e-4
development,e5b4087a61c39f20,2400,evaluation,34,96,28,0,0,-0.02000000,0.02000000,8.085593581200e-4
development,e5b4087a61c39f20,2400,evaluation,34,96,28,1,1,-0.01000000,0.01000000,4.114502517041e-4
development,e5b4087a61c39f20,2400,evaluation,35,97,27,0,1,-0.02000000,0.01000000,-3.472032767604e-5
development,e5b4087a61c39f20,2400,evaluation,35,97,27,1,0,-0.01000000,0.02000000,1.433243323845e-5
development,e5b4087a61c39f20,2400,evaluation,36,98,26,0,1,-0.02000000,0.01000000,-9.522711479804e-5
development,e5b4087a61c39f20,2400,evaluation,36,98,26,1,0,-0.01000000,0.02000000,-1.164761706605e-4
development,e5b4087a61c39f20,2400,evaluation,37,99,25,0,0,0.00000000,0.02000000,9.872329974314e-5
development,e5b4087a61c39f20,2400,evaluation,37,99,25,1,1,-0.02000000,0.01000000,4.948303103447e-5
development,e5b4087a61c39f20,2400,evaluation,38,100,24,0,0,-0.02000000,-0.02000000,6.968956440687e-4
development,e5b4087a61c39f20,2400,evaluation,38,100,24,1,1,-0.01000000,-0.01000000,3.508465888444e-4
development,e5b4087a61c39f20,2400,evaluation,39,101,23,0,1,-0.02000000,-0.01000000,-6.652502343059e-4
development,e5b4087a61c39f20,2400,evaluation,39,101,23,1,0,-0.01000000,-0.02000000,-1.211866154335e-3
development,e5b4087a61c39f20,2400,evaluation,40,102,22,0,1,-0.02000000,-0.01000000,-1.276607363252e-4
development,e5b4087a61c39f20,2400,evaluation,40,102,22,1,0,-0.01000000,-0.02000000,-1.141913235188e-4
development,e5b4087a61c39f20,2400,evaluation,41,103,21,0,0,0.00000000,0.02000000,-2.675631316379e-3
development,e5b4087a61c39f20,2400,evaluation,41,103,21,1,1,-0.02000000,0.01000000,-1.178632490337e-3
development,e5b4087a61c39f20,2400,evaluation,42,104,20,0,1,-0.02000000,0.01000000,-3.172128053848e-4
development,e5b4087a61c39f20,2400,evaluation,42,104,20,1,0,-0.01000000,0.02000000,-5.172814053367e-5
development,e5b4087a61c39f20,2400,evaluation,43,105,19,0,1,0.02000000,0.01000000,6.726508581778e-5
development,e5b4087a61c39f20,2400,evaluation,43,105,19,1,0,0.01000000,0.02000000,4.331581294537e-5
development,e5b4087a61c39f20,2400,evaluation,44,106,18,0,1,0.02000000,-0.01000000,1.238749100594e-4
development,e5b4087a61c39f20,2400,evaluation,44,106,18,1,0,0.01000000,-0.02000000,-7.888550317148e-5
development,e5b4087a61c39f20,2400,evaluation,45,107,17,0,0,0.00000000,0.02000000,1.472796575399e-4
development,e5b4087a61c39f20,2400,evaluation,45,107,17,1,1,-0.02000000,0.01000000,8.803699165583e-5
development,e5b4087a61c39f20,2400,evaluation,46,108,16,0,0,-0.02000000,0.02000000,-2.017767867073e-3
development,e5b4087a61c39f20,2400,evaluation,46,108,16,1,1,-0.01000000,0.01000000,-9.474689140916e-4
development,e5b4087a61c39f20,2400,evaluation,47,109,15,0,1,-0.02000000,-0.01000000,-5.083714495413e-4
development,e5b4087a61c39f20,2400,evaluation,47,109,15,1,0,-0.01000000,-0.02000000,-1.628039753996e-3
development,e5b4087a61c39f20,2400,evaluation,48,110,14,0,1,0.02000000,0.01000000,6.160068442114e-4
development,e5b4087a61c39f20,2400,evaluation,48,110,14,1,0,0.01000000,0.02000000,5.348265985958e-4
development,e5b4087a61c39f20,2400,evaluation,49,111,13,0,1,0.00000000,0.01000000,3.155128506478e-4
development,e5b4087a61c39f20,2400,evaluation,49,111,13,1,0,-0.02000000,0.02000000,4.597505030688e-4
development,e5b4087a61c39f20,2400,evaluation,50,112,12,0,1,0.02000000,-0.01000000,2.932843344752e-4
development,e5b4087a61c39f20,2400,evaluation,50,112,12,1,0,0.01000000,-0.02000000,5.686618387699e-4
development,e5b4087a61c39f20,2400,evaluation,51,113,11,0,0,0.02000000,0.02000000,-9.771296754479e-4
development,e5b4087a61c39f20,2400,evaluation,51,113,11,1,1,0.01000000,0.01000000,-4.284636524972e-4
development,e5b4087a61c39f20,2400,evaluation,52,114,10,0,0,-0.02000000,-0.02000000,1.348458579741e-3
development,e5b4087a61c39f20,2400,evaluation,52,114,10,1,1,-0.01000000,-0.01000000,7.438873872161e-4
development,e5b4087a61c39f20,2400,evaluation,53,115,9,0,0,0.00000000,-0.00500000,2.107288019033e-4
development,e5b4087a61c39f20,2400,evaluation,53,115,9,1,1,-0.02000000,0.00000000,0.000000000000e0
development,e5b4087a61c39f20,2400,evaluation,54,116,8,0,0,0.02000000,-0.02000000,-6.980399484746e-4
development,e5b4087a61c39f20,2400,evaluation,54,116,8,1,1,0.01000000,-0.01000000,-2.903590502683e-4
development,e5b4087a61c39f20,2400,evaluation,55,117,7,0,0,0.02000000,0.02000000,5.202088505030e-5
development,e5b4087a61c39f20,2400,evaluation,55,117,7,1,1,0.01000000,0.01000000,2.668021807040e-5
development,e5b4087a61c39f20,2400,evaluation,56,118,6,0,1,0.02000000,-0.01000000,-5.953094805591e-4
development,e5b4087a61c39f20,2400,evaluation,56,118,6,1,0,0.01000000,-0.02000000,-2.234245912405e-4
development,e5b4087a61c39f20,2400,evaluation,57,119,5,0,0,0.00000000,-0.02000000,-3.411835059524e-4
development,e5b4087a61c39f20,2400,evaluation,57,119,5,1,1,-0.02000000,-0.01000000,-1.629889011383e-4
development,e5b4087a61c39f20,2400,evaluation,58,120,4,0,1,-0.02000000,0.01000000,1.978284308279e-5
development,e5b4087a61c39f20,2400,evaluation,58,120,4,1,0,-0.01000000,0.02000000,-1.974198967218e-4
development,e5b4087a61c39f20,2400,evaluation,59,121,3,0,1,-0.02000000,-0.01000000,7.450891189364e-6
development,e5b4087a61c39f20,2400,evaluation,59,121,3,1,0,-0.01000000,-0.02000000,3.773119824473e-4
development,e5b4087a61c39f20,2400,evaluation,60,122,2,0,1,0.02000000,0.01000000,3.523193299770e-5
development,e5b4087a61c39f20,2400,evaluation,60,122,2,1,0,0.01000000,0.02000000,1.504647807451e-4
development,e5b4087a61c39f20,2400,evaluation,61,0,1,0,1,-0.02000000,0.01000000,3.276355564594e-4
development,e5b4087a61c39f20,2400,evaluation,61,0,1,1,0,-0.01000000,0.02000000,5.088125817565e-6
development,e5b4087a61c39f20,4200,development,1,18,16,0,1,-0.02000000,0.01000000,8.594915270805e-4
development,e5b4087a61c39f20,4200,development,1,18,16,1,0,-0.01000000,0.02000000,1.506251632236e-3
development,e5b4087a61c39f20,4200,development,2,19,15,0,0,0.02000000,-0.02000000,8.731323177926e-4
development,e5b4087a61c39f20,4200,development,2,19,15,1,1,0.01000000,-0.01000000,4.986158455722e-4
development,e5b4087a61c39f20,4200,development,3,20,14,0,1,0.02000000,-0.01000000,1.947225420736e-3
development,e5b4087a61c39f20,4200,development,3,20,14,1,0,0.01000000,-0.02000000,2.689259825274e-3
development,e5b4087a61c39f20,4200,development,4,21,13,0,0,0.02000000,0.02000000,2.225807635114e-3
development,e5b4087a61c39f20,4200,development,4,21,13,1,1,0.01000000,0.01000000,1.175537123345e-3
development,e5b4087a61c39f20,4200,development,5,22,12,0,1,-0.02000000,-0.01000000,-4.152450710535e-4
development,e5b4087a61c39f20,4200,development,5,22,12,1,0,-0.01000000,-0.02000000,3.983564674854e-4
development,e5b4087a61c39f20,4200,development,7,24,10,0,0,0.02000000,0.02000000,1.605104655027e-3
development,e5b4087a61c39f20,4200,development,7,24,10,1,1,0.01000000,0.01000000,8.874659542926e-4
development,e5b4087a61c39f20,4200,development,8,25,9,0,0,0.02000000,-0.02000000,1.032600179315e-3
development,e5b4087a61c39f20,4200,development,8,25,9,1,1,0.01000000,-0.01000000,5.361816729419e-4
development,e5b4087a61c39f20,4200,development,9,26,8,0,0,0.02000000,0.02000000,8.644170011394e-4
development,e5b4087a61c39f20,4200,development,9,26,8,1,1,0.01000000,0.01000000,4.504031094257e-4
development,e5b4087a61c39f20,4200,development,10,27,7,0,0,0.02000000,0.02000000,4.303002206143e-4
development,e5b4087a61c39f20,4200,development,10,27,7,1,1,0.01000000,0.01000000,2.159290015697e-4
development,e5b4087a61c39f20,4200,development,11,28,6,0,1,0.02000000,0.01000000,1.765930355759e-4
development,e5b4087a61c39f20,4200,development,11,28,6,1,0,0.01000000,0.02000000,1.349548547296e-4
development,e5b4087a61c39f20,4200,development,12,29,5,0,0,0.02000000,-0.02000000,7.312931120396e-4
development,e5b4087a61c39f20,4200,development,12,29,5,1,1,0.01000000,-0.01000000,3.791892377194e-4
development,e5b4087a61c39f20,4200,development,13,30,4,0,1,0.02000000,0.01000000,-9.158378088614e-5
development,e5b4087a61c39f20,4200,development,13,30,4,1,0,0.01000000,0.02000000,-1.887182443170e-4
development,e5b4087a61c39f20,4200,development,14,31,3,0,1,0.02000000,-0.01000000,1.594360335730e-3
development,e5b4087a61c39f20,4200,development,14,31,3,1,0,0.01000000,-0.02000000,1.054285676219e-3
development,e5b4087a61c39f20,4200,development,15,32,2,0,1,-0.02000000,0.01000000,5.208036745898e-4
development,e5b4087a61c39f20,4200,development,15,32,2,1,0,-0.01000000,0.02000000,6.491684471257e-4
development,e5b4087a61c39f20,4200,development,16,33,1,0,0,-0.02000000,0.02000000,1.335625885986e-3
development,e5b4087a61c39f20,4200,development,16,33,1,1,1,-0.01000000,0.01000000,6.831337814219e-4
development,e5b4087a61c39f20,4200,development,17,34,0,0,1,-0.02000000,0.01000000,2.721572818700e-4
development,e5b4087a61c39f20,4200,development,17,34,0,1,0,-0.01000000,0.02000000,5.377642810345e-4
development,e5b4087a61c39f20,4200,development,18,35,122,0,0,-0.02000000,0.02000000,5.465857684612e-4
development,e5b4087a61c39f20,4200,development,18,35,122,1,1,-0.01000000,0.01000000,2.790521830320e-4
development,e5b4087a61c39f20,4200,development,19,36,121,0,1,-0.02000000,-0.01000000,7.919842755655e-5
development,e5b4087a61c39f20,4200,development,19,36,121,1,0,-0.01000000,-0.02000000,7.669255137444e-5
development,e5b4087a61c39f20,4200,development,20,37,120,0,1,-0.02000000,-0.01000000,6.759266252629e-4
development,e5b4087a61c39f20,4200,development,20,37,120,1,0,-0.01000000,-0.02000000,5.696390871890e-4
development,e5b4087a61c39f20,4200,development,21,38,119,0,0,-0.02000000,0.00000000,-1.443487872166e-5
development,e5b4087a61c39f20,4200,development,21,38,119,1,1,-0.01000000,-0.02000000,-5.007410891267e-6
development,e5b4087a61c39f20,4200,development,22,39,118,0,1,-0.02000000,0.01000000,1.064263866283e-3
development,e5b4087a61c39f20,4200,development,22,39,118,1,0,-0.01000000,0.02000000,6.902106106281e-4
development,e5b4087a61c39f20,4200,development,23,40,117,0,1,-0.02000000,0.01000000,2.852032484952e-4
development,e5b4087a61c39f20,4200,development,23,40,117,1,0,-0.01000000,0.02000000,3.303506819066e-4
development,e5b4087a61c39f20,4200,development,24,41,116,0,0,-0.02000000,0.02000000,9.434937383048e-4
development,e5b4087a61c39f20,4200,development,24,41,116,1,1,-0.01000000,0.01000000,4.869544354733e-4
development,e5b4087a61c39f20,4200,development,25,42,115,0,1,-0.02000000,-0.02000000,-1.941621303558e-5
development,e5b4087a61c39f20,4200,development,25,42,115,1,0,-0.01000000,0.00000000,-9.549781680107e-6
development,e5b4087a61c39f20,4200,development,26,43,114,0,1,-0.02000000,0.01000000,1.560319215059e-4
development,e5b4087a61c39f20,4200,development,26,43,114,1,0,-0.01000000,0.02000000,1.676026731730e-4
development,e5b4087a61c39f20,4200,development,27,44,113,0,1,-0.02000000,0.01000000,1.774480006134e-5
development,e5b4087a61c39f20,4200,development,27,44,113,1,0,-0.01000000,0.02000000,5.852803587914e-5
development,e5b4087a61c39f20,4200,development,28,45,112,0,1,-0.02000000,0.01000000,5.661621689796e-4
development,e5b4087a61c39f20,4200,development,28,45,112,1,0,-0.01000000,0.02000000,6.475548143499e-4
development,e5b4087a61c39f20,4200,development,29,46,111,0,0,-0.02000000,0.00000000,-4.148421066930e-5
development,e5b4087a61c39f20,4200,development,29,46,111,1,1,-0.01000000,-0.02000000,-2.038603088295e-5
development,e5b4087a61c39f20,4200,development,30,47,110,0,1,-0.02000000,-0.01000000,4.561872628983e-4
development,e5b4087a61c39f20,4200,development,30,47,110,1,0,-0.01000000,-0.02000000,-3.424845635891e-5
development,e5b4087a61c39f20,4200,development,31,48,109,0,1,0.00000000,-0.01000000,1.860236079665e-4
development,e5b4087a61c39f20,4200,development,31,48,109,1,0,-0.02000000,-0.02000000,3.703267720994e-4
development,e5b4087a61c39f20,4200,development,32,49,108,0,0,0.00000000,-0.02000000,2.225264906883e-4
development,e5b4087a61c39f20,4200,development,32,49,108,1,1,-0.02000000,-0.01000000,1.330977975158e-4
development,e5b4087a61c39f20,4200,development,33,50,107,0,0,0.00000000,0.00000000,0.000000000000e0
development,e5b4087a61c39f20,4200,development,33,50,107,1,1,-0.02000000,-0.02000000,0.000000000000e0
development,e5b4087a61c39f20,4200,development,34,51,106,0,0,0.00000000,-0.02000000,-8.208056101466e-7
development,e5b4087a61c39f20,4200,development,34,51,106,1,1,-0.02000000,-0.01000000,1.277153728552e-6
development,e5b4087a61c39f20,4200,development,35,52,105,0,1,0.00000000,-0.01000000,-1.972106656467e-5
development,e5b4087a61c39f20,4200,development,35,52,105,1,0,-0.02000000,-0.02000000,-4.419622200658e-5
development,e5b4087a61c39f20,4200,development,36,53,104,0,0,0.00000000,-0.02000000,1.558971853228e-4
development,e5b4087a61c39f20,4200,development,36,53,104,1,1,-0.02000000,-0.01000000,8.350113785127e-5
development,e5b4087a61c39f20,4200,development,37,54,103,0,0,0.00000000,0.00000000,0.000000000000e0
development,e5b4087a61c39f20,4200,development,37,54,103,1,1,-0.02000000,-0.02000000,0.000000000000e0
development,e5b4087a61c39f20,4200,development,38,55,102,0,1,0.00000000,-0.01000000,1.905399112729e-4
development,e5b4087a61c39f20,4200,development,38,55,102,1,0,-0.02000000,-0.02000000,3.256499767303e-4
development,e5b4087a61c39f20,4200,development,39,56,101,0,0,0.02000000,-0.02000000,2.032338379649e-4
development,e5b4087a61c39f20,4200,development,39,56,101,1,1,0.01000000,-0.01000000,1.034978777170e-4
development,e5b4087a61c39f20,4200,development,40,57,100,0,1,0.02000000,-0.01000000,4.088704881724e-4
development,e5b4087a61c39f20,4200,development,40,57,100,1,0,0.01000000,-0.02000000,6.279076333158e-4
development,e5b4087a61c39f20,4200,development,41,58,99,0,1,0.02000000,-0.02000000,-1.701029577816e-5
development,e5b4087a61c39f20,4200,development,41,58,99,1,0,0.01000000,0.00000000,-5.555649750022e-6
development,e5b4087a61c39f20,4200,development,42,59,98,0,1,0.02000000,-0.01000000,2.837429346982e-4
development,e5b4087a61c39f20,4200,development,42,59,98,1,0,0.01000000,-0.02000000,2.247567026643e-4
development,e5b4087a61c39f20,4200,development,43,60,97,0,1,0.02000000,-0.01000000,3.116820007563e-4
development,e5b4087a61c39f20,4200,development,43,60,97,1,0,0.01000000,-0.02000000,2.427219151286e-4
development,e5b4087a61c39f20,4200,development,44,61,96,0,1,0.02000000,-0.01000000,7.865441148169e-4
development,e5b4087a61c39f20,4200,development,44,61,96,1,0,0.01000000,-0.02000000,6.350750918500e-4
development,e5b4087a61c39f20,4200,development,45,62,95,0,1,0.02000000,-0.02000000,1.163408160210e-4
development,e5b4087a61c39f20,4200,development,45,62,95,1,0,0.01000000,0.00000000,9.109949314734e-5
development,e5b4087a61c39f20,4200,development,46,63,94,0,1,0.02000000,-0.01000000,1.799488440156e-3
development,e5b4087a61c39f20,4200,development,46,63,94,1,0,0.01000000,-0.02000000,1.783389598131e-3
development,e5b4087a61c39f20,4200,development,47,64,93,0,1,-0.02000000,0.01000000,1.370217651129e-4
development,e5b4087a61c39f20,4200,development,47,64,93,1,0,-0.01000000,0.02000000,6.868069613120e-5
development,e5b4087a61c39f20,4200,development,48,65,92,0,1,0.02000000,0.01000000,5.518862162717e-4
development,e5b4087a61c39f20,4200,development,48,65,92,1,0,0.01000000,0.02000000,8.238430018537e-4
development,e5b4087a61c39f20,4200,development,49,66,91,0,1,-0.02000000,-0.02000000,-1.009237021208e-4
development,e5b4087a61c39f20,4200,development,49,66,91,1,0,-0.01000000,0.00000000,-4.953332245350e-5
development,e5b4087a61c39f20,4200,development,50,67,90,0,1,0.02000000,-0.01000000,1.642436982365e-4
development,e5b4087a61c39f20,4200,development,50,67,90,1,0,0.01000000,-0.02000000,2.585121837910e-4
development,e5b4087a61c39f20,4200,development,51,68,89,0,0,0.02000000,-0.02000000,1.850953995017e-4
development,e5b4087a61c39f20,4200,development,51,68,89,1,1,0.01000000,-0.01000000,1.036642715917e-4
development,e5b4087a61c39f20,4200,development,52,69,88,0,1,-0.02000000,0.01000000,6.049443036318e-4
development,e5b4087a61c39f20,4200,development,52,69,88,1,0,-0.01000000,0.02000000,8.473054622300e-4
development,e5b4087a61c39f20,4200,development,53,70,87,0,0,0.02000000,0.00000000,-3.115168365184e-4
development,e5b4087a61c39f20,4200,development,53,70,87,1,1,0.01000000,-0.02000000,-1.544536353322e-4
development,e5b4087a61c39f20,4200,development,54,71,86,0,0,-0.02000000,0.00000000,2.439593226882e-4
development,e5b4087a61c39f20,4200,development,54,71,86,1,1,-0.01000000,-0.02000000,1.293681561947e-4
development,e5b4087a61c39f20,4200,development,55,72,85,0,1,-0.02000000,-0.02000000,7.838867604733e-4
development,e5b4087a61c39f20,4200,development,55,72,85,1,0,-0.01000000,0.00000000,4.008064570371e-4
development,e5b4087a61c39f20,4200,development,56,73,84,0,1,-0.02000000,-0.02000000,4.272411169950e-4
development,e5b4087a61c39f20,4200,development,56,73,84,1,0,-0.01000000,0.00000000,2.148405910702e-4
development,e5b4087a61c39f20,4200,development,57,74,83,0,1,-0.02000000,-0.02000000,-9.906788909575e-5
development,e5b4087a61c39f20,4200,development,57,74,83,1,0,-0.01000000,0.00000000,-4.486988109420e-5
development,e5b4087a61c39f20,4200,development,58,75,82,0,0,-0.02000000,0.00000000,4.993006587029e-4
development,e5b4087a61c39f20,4200,development,58,75,82,1,1,-0.01000000,-0.02000000,2.533613296691e-4
development,e5b4087a61c39f20,4200,development,59,76,81,0,0,-0.02000000,0.00000000,3.406964242458e-5
development,e5b4087a61c39f20,4200,development,59,76,81,1,1,-0.01000000,-0.02000000,4.504683238338e-5
development,e5b4087a61c39f20,4200,development,60,77,80,0,1,-0.02000000,-0.02000000,1.516797929071e-3
development,e5b4087a61c39f20,4200,development,60,77,80,1,0,-0.01000000,0.00000000,7.946926052682e-4
development,e5b4087a61c39f20,4200,development,61,78,79,0,1,-0.02000000,-0.01000000,1.347338198684e-3
development,e5b4087a61c39f20,4200,development,61,78,79,1,0,-0.01000000,-0.02000000,2.664197934791e-3
development,e5b4087a61c39f20,4200,evaluation,1,18,16,0,0,-0.02000000,0.02000000,1.529550761916e-3
development,e5b4087a61c39f20,4200,evaluation,1,18,16,1,1,-0.01000000,0.01000000,8.238858426921e-4
development,e5b4087a61c39f20,4200,evaluation,2,19,15,0,1,0.02000000,-0.01000000,7.742308080196e-4
development,e5b4087a61c39f20,4200,evaluation,2,19,15,1,0,0.01000000,-0.02000000,6.037403945811e-4
development,e5b4087a61c39f20,4200,evaluation,3,20,14,0,0,0.02000000,-0.02000000,2.988648368046e-3
development,e5b4087a61c39f20,4200,evaluation,3,20,14,1,1,0.01000000,-0.01000000,1.633773907088e-3
development,e5b4087a61c39f20,4200,evaluation,4,21,13,0,1,0.02000000,0.01000000,2.179550705478e-3
development,e5b4087a61c39f20,4200,evaluation,4,21,13,1,0,0.01000000,0.02000000,1.221794052981e-3
development,e5b4087a61c39f20,4200,evaluation,5,22,12,0,0,-0.02000000,-0.02000000,-2.832462314473e-6
development,e5b4087a61c39f20,4200,evaluation,5,22,12,1,1,-0.01000000,-0.01000000,8.320001506945e-5
development,e5b4087a61c39f20,4200,evaluation,7,24,10,0,1,0.02000000,0.01000000,1.062190742232e-3
development,e5b4087a61c39f20,4200,evaluation,7,24,10,1,0,0.01000000,0.02000000,1.447185291909e-3
development,e5b4087a61c39f20,4200,evaluation,8,25,9,0,1,0.02000000,-0.01000000,6.350440089591e-4
development,e5b4087a61c39f20,4200,evaluation,8,25,9,1,0,0.01000000,-0.02000000,9.366708691232e-4
development,e5b4087a61c39f20,4200,evaluation,9,26,8,0,1,0.02000000,0.01000000,4.382710903883e-4
development,e5b4087a61c39f20,4200,evaluation,9,26,8,1,0,0.01000000,0.02000000,8.685358916409e-4
development,e5b4087a61c39f20,4200,evaluation,10,27,7,0,1,0.02000000,0.01000000,3.514525888022e-4
development,e5b4087a61c39f20,4200,evaluation,10,27,7,1,0,0.01000000,0.02000000,2.927450987045e-4
development,e5b4087a61c39f20,4200,evaluation,11,28,6,0,0,0.02000000,0.02000000,2.049903123407e-4
development,e5b4087a61c39f20,4200,evaluation,11,28,6,1,1,0.01000000,0.01000000,1.089995130314e-4
development,e5b4087a61c39f20,4200,evaluation,12,29,5,0,1,0.02000000,-0.01000000,7.511631702073e-4
development,e5b4087a61c39f20,4200,evaluation,12,29,5,1,0,0.01000000,-0.02000000,3.618275222834e-4
development,e5b4087a61c39f20,4200,evaluation,13,30,4,0,0,0.02000000,0.02000000,-2.071553171845e-4
development,e5b4087a61c39f20,4200,evaluation,13,30,4,1,1,0.01000000,0.01000000,-8.111074566841e-5
development,e5b4087a61c39f20,4200,evaluation,14,31,3,0,0,0.02000000,-0.02000000,1.745971501805e-3
development,e5b4087a61c39f20,4200,evaluation,14,31,3,1,1,0.01000000,-0.01000000,9.016555850394e-4
development,e5b4087a61c39f20,4200,evaluation,15,32,2,0,0,-0.02000000,0.02000000,7.778859580867e-4
development,e5b4087a61c39f20,4200,evaluation,15,32,2,1,1,-0.01000000,0.01000000,3.919185546692e-4
development,e5b4087a61c39f20,4200,evaluation,16,33,1,0,1,-0.02000000,0.01000000,7.520758663304e-4
development,e5b4087a61c39f20,4200,evaluation,16,33,1,1,0,-0.01000000,0.02000000,1.266671344638e-3
development,e5b4087a61c39f20,4200,evaluation,17,34,0,0,0,-0.02000000,0.02000000,5.246612126939e-4
development,e5b4087a61c39f20,4200,evaluation,17,34,0,1,1,-0.01000000,0.01000000,2.856366336346e-4
development,e5b4087a61c39f20,4200,evaluation,18,35,122,0,1,-0.02000000,0.01000000,3.593613801058e-4
development,e5b4087a61c39f20,4200,evaluation,18,35,122,1,0,-0.01000000,0.02000000,4.680355486926e-4
development,e5b4087a61c39f20,4200,evaluation,19,36,121,0,0,-0.02000000,-0.02000000,9.755417704582e-5
development,e5b4087a61c39f20,4200,evaluation,19,36,121,1,1,-0.01000000,-0.01000000,5.927433448960e-5
development,e5b4087a61c39f20,4200,evaluation,20,37,120,0,0,-0.02000000,-0.02000000,8.239026064985e-4
development,e5b4087a61c39f20,4200,evaluation,20,37,120,1,1,-0.01000000,-0.01000000,4.209602775518e-4
development,e5b4087a61c39f20,4200,evaluation,21,38,119,0,1,-0.02000000,-0.02000000,-1.443487872166e-5
development,e5b4087a61c39f20,4200,evaluation,21,38,119,1,0,-0.01000000,0.00000000,-5.007410891267e-6
development,e5b4087a61c39f20,4200,evaluation,22,39,118,0,0,-0.02000000,0.02000000,1.145219430327e-3
development,e5b4087a61c39f20,4200,evaluation,22,39,118,1,1,-0.01000000,0.01000000,5.989149212837e-4
development,e5b4087a61c39f20,4200,evaluation,23,40,117,0,0,-0.02000000,0.02000000,4.097552446183e-4
development,e5b4087a61c39f20,4200,evaluation,23,40,117,1,1,-0.01000000,0.01000000,2.057887613773e-4
development,e5b4087a61c39f20,4200,evaluation,24,41,116,0,1,-0.02000000,0.01000000,5.323427612893e-4
development,e5b4087a61c39f20,4200,evaluation,24,41,116,1,0,-0.01000000,0.02000000,8.984462474473e-4
development,e5b4087a61c39f20,4200,evaluation,25,42,115,0,0,-0.02000000,0.00000000,-1.941621303558e-5
development,e5b4087a61c39f20,4200,evaluation,25,42,115,1,1,-0.01000000,-0.02000000,-9.549781680107e-6
development,e5b4087a61c39f20,4200,evaluation,26,43,114,0,0,-0.02000000,0.02000000,2.138782292604e-4
development,e5b4087a61c39f20,4200,evaluation,26,43,114,1,1,-0.01000000,0.01000000,1.086698248400e-4
development,e5b4087a61c39f20,4200,evaluation,27,44,113,0,0,-0.02000000,0.02000000,4.931228977512e-5
development,e5b4087a61c39f20,4200,evaluation,27,44,113,1,1,-0.01000000,0.01000000,2.634835800563e-5
development,e5b4087a61c39f20,4200,evaluation,28,45,112,0,0,-0.02000000,0.02000000,7.997453212738e-4
development,e5b4087a61c39f20,4200,evaluation,28,45,112,1,1,-0.01000000,0.01000000,4.099284706172e-4
development,e5b4087a61c39f20,4200,evaluation,29,46,111,0,1,-0.02000000,-0.02000000,-4.148421066930e-5
development,e5b4087a61c39f20,4200,evaluation,29,46,111,1,0,-0.01000000,0.00000000,-2.038603088295e-5
development,e5b4087a61c39f20,4200,evaluation,30,47,110,0,0,-0.02000000,-0.02000000,2.494609507266e-4
development,e5b4087a61c39f20,4200,evaluation,30,47,110,1,1,-0.01000000,-0.01000000,1.664416195126e-4
development,e5b4087a61c39f20,4200,evaluation,31,48,109,0,0,0.00000000,-0.02000000,3.703267720994e-4
development,e5b4087a61c39f20,4200,evaluation,31,48,109,1,1,-0.02000000,-0.01000000,1.860236079665e-4
development,e5b4087a61c39f20,4200,evaluation,32,49,108,0,1,0.00000000,-0.01000000,1.330977975158e-4
development,e5b4087a61c39f20,4200,evaluation,32,49,108,1,0,-0.02000000,-0.02000000,2.225264906883e-4
development,e5b4087a61c39f20,4200,evaluation,33,50,107,0,1,0.00000000,-0.02000000,0.000000000000e0
development,e5b4087a61c39f20,4200,evaluation,33,50,107,1,0,-0.02000000,0.00000000,0.000000000000e0
development,e5b4087a61c39f20,4200,evaluation,34,51,106,0,1,0.00000000,-0.01000000,1.277153728552e-6
development,e5b4087a61c39f20,4200,evaluation,34,51,106,1,0,-0.02000000,-0.02000000,-8.208056101466e-7
development,e5b4087a61c39f20,4200,evaluation,35,52,105,0,0,0.00000000,-0.02000000,-4.419622200658e-5
development,e5b4087a61c39f20,4200,evaluation,35,52,105,1,1,-0.02000000,-0.01000000,-1.972106656467e-5
development,e5b4087a61c39f20,4200,evaluation,36,53,104,0,1,0.00000000,-0.01000000,8.350113785127e-5
development,e5b4087a61c39f20,4200,evaluation,36,53,104,1,0,-0.02000000,-0.02000000,1.558971853228e-4
development,e5b4087a61c39f20,4200,evaluation,37,54,103,0,1,0.00000000,-0.02000000,0.000000000000e0
development,e5b4087a61c39f20,4200,evaluation,37,54,103,1,0,-0.02000000,0.00000000,0.000000000000e0
development,e5b4087a61c39f20,4200,evaluation,38,55,102,0,0,0.00000000,-0.02000000,3.256499767303e-4
development,e5b4087a61c39f20,4200,evaluation,38,55,102,1,1,-0.02000000,-0.01000000,1.905399112729e-4
development,e5b4087a61c39f20,4200,evaluation,39,56,101,0,1,0.02000000,-0.01000000,2.669971436262e-4
development,e5b4087a61c39f20,4200,evaluation,39,56,101,1,0,0.01000000,-0.02000000,4.004128277302e-5
development,e5b4087a61c39f20,4200,evaluation,40,57,100,0,0,0.02000000,-0.02000000,6.842768634669e-4
development,e5b4087a61c39f20,4200,evaluation,40,57,100,1,1,0.01000000,-0.01000000,3.515897842590e-4
development,e5b4087a61c39f20,4200,evaluation,41,58,99,0,0,0.02000000,0.00000000,-1.701029577816e-5
development,e5b4087a61c39f20,4200,evaluation,41,58,99,1,1,0.01000000,-0.02000000,-5.555649750022e-6
development,e5b4087a61c39f20,4200,evaluation,42,59,98,0,0,0.02000000,-0.02000000,3.349042090122e-4
development,e5b4087a61c39f20,4200,evaluation,42,59,98,1,1,0.01000000,-0.01000000,1.718035637168e-4
development,e5b4087a61c39f20,4200,evaluation,43,60,97,0,0,0.02000000,-0.02000000,3.280732780695e-4
development,e5b4087a61c39f20,4200,evaluation,43,60,97,1,1,0.01000000,-0.01000000,2.120900899172e-4
development,e5b4087a61c39f20,4200,evaluation,44,61,96,0,0,0.02000000,-0.02000000,9.413858060725e-4
development,e5b4087a61c39f20,4200,evaluation,44,61,96,1,1,0.01000000,-0.01000000,4.780963063240e-4
development,e5b4087a61c39f20,4200,evaluation,45,62,95,0,0,0.02000000,0.00000000,1.163408160210e-4
development,e5b4087a61c39f20,4200,evaluation,45,62,95,1,1,0.01000000,-0.02000000,9.109949314734e-5
development,e5b4087a61c39f20,4200,evaluation,46,63,94,0,0,0.02000000,-0.02000000,2.305259928107e-3
development,e5b4087a61c39f20,4200,evaluation,46,63,94,1,1,0.01000000,-0.01000000,1.247849315405e-3
development,e5b4087a61c39f20,4200,evaluation,47,64,93,0,0,-0.02000000,0.02000000,1.346909702988e-4
development,e5b4087a61c39f20,4200,evaluation,47,64,93,1,1,-0.01000000,0.01000000,7.208684837678e-5
development,e5b4087a61c39f20,4200,evaluation,48,65,92,0,0,0.02000000,0.02000000,9.045824408531e-4
development,e5b4087a61c39f20,4200,evaluation,48,65,92,1,1,0.01000000,0.01000000,4.718390700873e-4
development,e5b4087a61c39f20,4200,evaluation,49,66,91,0,0,-0.02000000,0.00000000,-1.009237021208e-4
development,e5b4087a61c39f20,4200,evaluation,49,66,91,1,1,-0.01000000,-0.02000000,-4.953332245350e-5
development,e5b4087a61c39f20,4200,evaluation,50,67,90,0,0,0.02000000,-0.02000000,2.800530346576e-4
development,e5b4087a61c39f20,4200,evaluation,50,67,90,1,1,0.01000000,-0.01000000,1.422992645530e-4
development,e5b4087a61c39f20,4200,evaluation,51,68,89,0,1,0.02000000,-0.01000000,-1.996507307922e-5
development,e5b4087a61c39f20,4200,evaluation,51,68,89,1,0,0.01000000,-0.02000000,3.102533519268e-4
development,e5b4087a61c39f20,4200,evaluation,52,69,88,0,0,-0.02000000,0.02000000,9.595497394912e-4
development,e5b4087a61c39f20,4200,evaluation,52,69,88,1,1,-0.01000000,0.01000000,4.916582256556e-4
development,e5b4087a61c39f20,4200,evaluation,53,70,87,0,1,0.02000000,-0.02000000,-3.115168365184e-4
development,e5b4087a61c39f20,4200,evaluation,53,70,87,1,0,0.01000000,0.00000000,-1.544536353322e-4
development,e5b4087a61c39f20,4200,evaluation,54,71,86,0,1,-0.02000000,-0.02000000,2.439593226882e-4
development,e5b4087a61c39f20,4200,evaluation,54,71,86,1,0,-0.01000000,0.00000000,1.293681561947e-4
development,e5b4087a61c39f20,4200,evaluation,55,72,85,0,0,-0.02000000,0.00000000,7.838867604733e-4
development,e5b4087a61c39f20,4200,evaluation,55,72,85,1,1,-0.01000000,-0.02000000,4.008064570371e-4
development,e5b4087a61c39f20,4200,evaluation,56,73,84,0,0,-0.02000000,0.00000000,4.272411169950e-4
development,e5b4087a61c39f20,4200,evaluation,56,73,84,1,1,-0.01000000,-0.02000000,2.148405910702e-4
development,e5b4087a61c39f20,4200,evaluation,57,74,83,0,0,-0.02000000,0.00000000,-9.906788909575e-5
development,e5b4087a61c39f20,4200,evaluation,57,74,83,1,1,-0.01000000,-0.02000000,-4.486988109420e-5
development,e5b4087a61c39f20,4200,evaluation,58,75,82,0,1,-0.02000000,-0.02000000,4.993006587029e-4
development,e5b4087a61c39f20,4200,evaluation,58,75,82,1,0,-0.01000000,0.00000000,2.533613296691e-4
development,e5b4087a61c39f20,4200,evaluation,59,76,81,0,1,-0.02000000,-0.02000000,3.406964242458e-5
development,e5b4087a61c39f20,4200,evaluation,59,76,81,1,0,-0.01000000,0.00000000,4.504683238338e-5
development,e5b4087a61c39f20,4200,evaluation,60,77,80,0,0,-0.02000000,0.00000000,1.516797929071e-3
development,e5b4087a61c39f20,4200,evaluation,60,77,80,1,1,-0.01000000,-0.02000000,7.946926052682e-4
development,e5b4087a61c39f20,4200,evaluation,61,78,79,0,0,-0.02000000,-0.02000000,2.584516303614e-3
development,e5b4087a61c39f20,4200,evaluation,61,78,79,1,1,-0.01000000,-0.01000000,1.427019597031e-3
development,7d29a6f304b1ce58,600,development,1,108,106,0,0,-0.02000000,0.00000000,7.970010483405e-5
development,7d29a6f304b1ce58,600,development,1,108,106,1,1,-0.01000000,-0.02000000,5.118672925164e-5
development,7d29a6f304b1ce58,600,development,2,109,105,0,0,0.02000000,0.02000000,-2.057626843452e-4
development,7d29a6f304b1ce58,600,development,2,109,105,1,1,0.01000000,0.01000000,-9.594982111594e-5
development,7d29a6f304b1ce58,600,development,3,110,104,0,1,0.02000000,-0.01000000,-6.937980651855e-5
development,7d29a6f304b1ce58,600,development,3,110,104,1,0,0.01000000,-0.02000000,-2.495571970940e-5
development,7d29a6f304b1ce58,600,development,4,111,103,0,1,0.00000000,-0.02000000,0.000000000000e0
development,7d29a6f304b1ce58,600,development,4,111,103,1,0,-0.02000000,0.00000000,0.000000000000e0
development,7d29a6f304b1ce58,600,development,5,112,102,0,0,0.02000000,-0.02000000,-2.675373107195e-4
development,7d29a6f304b1ce58,600,development,5,112,102,1,1,0.01000000,-0.01000000,-1.314704568358e-4
development,7d29a6f304b1ce58,600,development,6,113,101,0,1,-0.02000000,-0.01000000,1.456129102735e-4
development,7d29a6f304b1ce58,600,development,6,113,101,1,0,-0.01000000,-0.02000000,-1.259241253138e-4
development,7d29a6f304b1ce58,600,development,7,114,100,0,0,0.00000000,-0.02000000,5.547950786422e-5
development,7d29a6f304b1ce58,600,development,7,114,100,1,1,-0.02000000,-0.01000000,3.094226121902e-5
development,7d29a6f304b1ce58,600,development,8,115,99,0,0,0.00000000,0.00000000,0.000000000000e0
development,7d29a6f304b1ce58,600,development,8,115,99,1,1,-0.02000000,-0.02000000,0.000000000000e0
development,7d29a6f304b1ce58,600,development,9,116,98,0,1,0.02000000,-0.02000000,1.225018204423e-4
development,7d29a6f304b1ce58,600,development,9,116,98,1,0,0.01000000,0.00000000,6.860805297038e-5
development,7d29a6f304b1ce58,600,development,10,117,97,0,1,-0.02000000,-0.01000000,-1.065743435902e-5
development,7d29a6f304b1ce58,600,development,10,117,97,1,0,-0.01000000,-0.02000000,-2.978444099426e-4
development,7d29a6f304b1ce58,600,development,11,118,96,0,0,-0.02000000,-0.02000000,4.409377870616e-4
development,7d29a6f304b1ce58,600,development,11,118,96,1,1,-0.01000000,-0.01000000,2.221073955297e-4
development,7d29a6f304b1ce58,600,development,12,119,95,0,1,0.00000000,-0.02000000,0.000000000000e0
development,7d29a6f304b1ce58,600,development,12,119,95,1,0,-0.02000000,0.00000000,0.000000000000e0
development,7d29a6f304b1ce58,600,development,13,120,94,0,1,-0.02000000,-0.01000000,-8.565268362872e-4
development,7d29a6f304b1ce58,600,development,13,120,94,1,0,-0.01000000,-0.02000000,-7.520901854150e-4
development,7d29a6f304b1ce58,600,development,14,121,93,0,0,0.02000000,-0.02000000,-4.040170460939e-4
development,7d29a6f304b1ce58,600,development,14,121,93,1,1,0.01000000,-0.01000000,-1.830464898376e-4
development,7d29a6f304b1ce58,600,development,15,122,92,0,0,0.02000000,0.02000000,-6.488853250630e-4
development,7d29a6f304b1ce58,600,development,15,122,92,1,1,0.01000000,0.01000000,-2.710732223932e-4
development,7d29a6f304b1ce58,600,development,16,0,91,0,1,0.02000000,-0.02000000,2.583799323475e-5
development,7d29a6f304b1ce58,600,development,16,0,91,1,0,0.01000000,0.00000000,1.528176107968e-5
development,7d29a6f304b1ce58,600,development,17,1,90,0,0,0.02000000,0.02000000,4.482020813157e-5
development,7d29a6f304b1ce58,600,development,17,1,90,1,1,0.01000000,0.00000000,3.951291364501e-5
development,7d29a6f304b1ce58,600,development,18,2,89,0,0,-0.00500000,-0.02000000,-5.051437765360e-4
development,7d29a6f304b1ce58,600,development,18,2,89,1,1,0.00000000,-0.01000000,-2.274848520756e-4
development,7d29a6f304b1ce58,600,development,19,3,88,0,0,-0.02000000,0.02000000,-2.142681478290e-4
development,7d29a6f304b1ce58,600,development,19,3,88,1,1,-0.01000000,0.01000000,-8.455539500574e-5
development,7d29a6f304b1ce58,600,development,20,4,87,0,1,0.02000000,-0.02000000,-3.800901176874e-4
development,7d29a6f304b1ce58,600,development,20,4,87,1,0,0.01000000,0.00000000,-1.873280853033e-4
development,7d29a6f304b1ce58,600,development,21,5,86,0,0,-0.02000000,0.00000000,-3.961659967899e-5
development,7d29a6f304b1ce58,600,development,21,5,86,1,1,-0.01000000,-0.02000000,-1.139007508755e-5
development,7d29a6f304b1ce58,600,development,22,6,85,0,0,-0.02000000,0.00000000,2.455090543663e-5
development,7d29a6f304b1ce58,600,development,22,6,85,1,1,-0.01000000,-0.02000000,1.241949667019e-5
development,7d29a6f304b1ce58,600,development,23,7,84,0,1,0.02000000,-0.02000000,9.931126987794e-5
development,7d29a6f304b1ce58,600,development,23,7,84,1,0,0.01000000,0.00000000,4.910056668450e-5
development,7d29a6f304b1ce58,600,development,24,8,83,0,0,-0.02000000,0.00000000,2.974333765451e-4
development,7d29a6f304b1ce58,600,development,24,8,83,1,1,-0.01000000,-0.02000000,1.524612307549e-4
development,7d29a6f304b1ce58,600,development,25,9,82,0,0,0.02000000,0.00000000,1.279904245166e-4
development,7d29a6f304b1ce58,600,development,25,9,82,1,1,0.01000000,-0.02000000,7.264750456670e-5
development,7d29a6f304b1ce58,600,development,26,10,81,0,0,0.02000000,0.00000000,1.405247749062e-4
development,7d29a6f304b1ce58,600,development,26,10,81,1,1,0.01000000,-0.02000000,7.637403905392e-5
development,7d29a6f304b1ce58,600,development,27,11,80,0,1,0.02000000,-0.02000000,2.093669027090e-4
development,7d29a6f304b1ce58,600,development,27,11,80,1,0,0.01000000,0.00000000,1.142869368778e-4
development,7d29a6f304b1ce58,600,development,28,12,79,0,0,0.02000000,-0.02000000,-2.394691109657e-4
development,7d29a6f304b1ce58,600,development,28,12,79,1,1,0.01000000,-0.01000000,-1.192800700665e-4
development,7d29a6f304b1ce58,600,development,29,13,78,0,0,-0.02000000,0.02000000,4.403814673424e-4
development,7d29a6f304b1ce58,600,development,29,13,78,1,1,-0.01000000,0.01000000,2.249386161566e-4
development,7d29a6f304b1ce58,600,development,30,14,77,0,0,0.02000000,-0.02000000,1.798414887162e-4
development,7d29a6f304b1ce58,600,development,30,14,77,1,1,0.01000000,-0.01000000,9.344021236757e-5
development,7d29a6f304b1ce58,600,development,31,15,76,0,0,-0.02000000,0.02000000,-9.809310540732e-6
development,7d29a6f304b1ce58,600,development,31,15,76,1,1,-0.01000000,0.01000000,5.120411515236e-6
development,7d29a6f304b1ce58,600,development,32,16,75,0,0,0.02000000,-0.02000000,-2.098127006320e-4
development,7d29a6f304b1ce58,600,development,32,16,75,1,1,0.01000000,-0.01000000,-1.122187823057e-4
development,7d29a6f304b1ce58,600,development,33,17,74,0,1,-0.00500000,0.01000000,1.681608409854e-4
development,7d29a6f304b1ce58,600,development,33,17,74,1,0,0.00000000,0.02000000,3.549599496182e-4
development,7d29a6f304b1ce58,600,development,34,18,73,0,1,-0.02000000,0.01000000,-5.008820444345e-4
development,7d29a6f304b1ce58,600,development,34,18,73,1,0,-0.01000000,0.02000000,-2.701623889152e-4
development,7d29a6f304b1ce58,600,development,35,19,72,0,1,0.02000000,-0.01000000,-1.047557816491e-4
development,7d29a6f304b1ce58,600,development,35,19,72,1,0,0.01000000,-0.02000000,-5.424767732620e-5
development,7d29a6f304b1ce58,600,development,36,20,71,0,0,-0.02000000,-0.02000000,-1.155460836344e-6
development,7d29a6f304b1ce58,600,development,36,20,71,1,1,-0.01000000,-0.01000000,1.794224044716e-5
development,7d29a6f304b1ce58,600,development,37,21,70,0,1,0.02000000,-0.01000000,-1.357160508633e-4
development,7d29a6f304b1ce58,600,development,37,21,70,1,0,0.01000000,-0.02000000,-4.049142080476e-5
development,7d29a6f304b1ce58,600,development,38,22,69,0,1,0.02000000,-0.01000000,9.517433500150e-5
development,7d29a6f304b1ce58,600,development,38,22,69,1,0,0.01000000,-0.02000000,9.460995352129e-5
development,7d29a6f304b1ce58,600,development,39,23,68,0,1,-0.01000000,-0.01000000,-1.046316101565e-4
development,7d29a6f304b1ce58,600,development,39,23,68,1,0,-0.00500000,-0.02000000,-3.169973570039e-5
development,7d29a6f304b1ce58,600,development,40,24,67,0,0,0.02000000,-0.02000000,-1.067544053512e-5
development,7d29a6f304b1ce58,600,development,40,24,67,1,1,0.01000000,-0.01000000,-5.255763880996e-6
development,7d29a6f304b1ce58,600,development,41,25,66,0,0,-0.02000000,-0.02000000,-1.021108255372e-4
development,7d29a6f304b1ce58,600,development,41,25,66,1,1,-0.01000000,-0.01000000,-5.048203092883e-5
development,7d29a6f304b1ce58,600,development,42,26,65,0,1,0.02000000,0.01000000,-1.582602708368e-4
development,7d29a6f304b1ce58,600,development,42,26,65,1,0,0.01000000,0.02000000,-3.567586463760e-5
development,7d29a6f304b1ce58,600,development,43,27,64,0,1,0.02000000,-0.01000000,-5.079060792923e-5
development,7d29a6f304b1ce58,600,development,43,27,64,1,0,0.01000000,-0.02000000,-2.698724529182e-5
development,7d29a6f304b1ce58,600,development,44,28,63,0,0,0.02000000,0.02000000,-1.149997115135e-5
development,7d29a6f304b1ce58,600,development,44,28,63,1,1,0.01000000,0.01000000,-2.676000121937e-6
development,7d29a6f304b1ce58,600,development,45,29,62,0,0,0.02000000,0.00000000,1.167704685940e-4
development,7d29a6f304b1ce58,600,development,45,29,62,1,1,0.01000000,-0.02000000,8.675269782543e-5
development,7d29a6f304b1ce58,600,development,46,30,61,0,0,0.00000000,0.02000000,1.130712553277e-4
development,7d29a6f304b1ce58,600,development,46,30,61,1,1,-0.02000000,0.01000000,9.090577805182e-5
development,7d29a6f304b1ce58,600,development,47,31,60,0,1,0.02000000,0.01000000,3.285023194621e-5
development,7d29a6f304b1ce58,600,development,47,31,60,1,0,0.01000000,0.02000000,6.256438791752e-5
development,7d29a6f304b1ce58,600,development,48,32,59,0,1,-0.02000000,0.01000000,-4.551062829705e-6
development,7d29a6f304b1ce58,600,development,48,32,59,1,0,-0.01000000,0.02000000,-1.556426286697e-5
development,7d29a6f304b1ce58,600,development,49,33,58,0,0,0.02000000,0.02000000,-1.133245750680e-4
development,7d29a6f304b1ce58,600,development,49,33,58,1,1,0.01000000,0.01000000,-3.541260957718e-5
development,7d29a6f304b1ce58,600,development,50,34,57,0,1,-0.02000000,-0.01000000,-3.906202910002e-4
development,7d29a6f304b1ce58,600,development,50,34,57,1,0,-0.01000000,-0.02000000,-2.128134219674e-4
development,7d29a6f304b1ce58,600,development,51,35,56,0,1,-0.02000000,0.01000000,-1.285163016291e-4
development,7d29a6f304b1ce58,600,development,51,35,56,1,0,-0.01000000,0.02000000,-4.135879498790e-5
development,7d29a6f304b1ce58,600,development,52,36,55,0,0,0.02000000,0.00000000,1.349238027615e-5
development,7d29a6f304b1ce58,600,development,52,36,55,1,1,0.01000000,-0.02000000,6.959463007661e-6
development,7d29a6f304b1ce58,600,development,53,37,54,0,0,-0.02000000,0.00000000,1.586539001437e-4
development,7d29a6f304b1ce58,600,development,53,37,54,1,1,-0.01000000,-0.02000000,7.939338684082e-5
development,7d29a6f304b1ce58,600,development,54,38,53,0,0,0.02000000,0.00000000,1.368131488562e-4
development,7d29a6f304b1ce58,600,development,54,38,53,1,1,0.01000000,-0.02000000,6.848201155663e-5
development,7d29a6f304b1ce58,600,development,55,39,52,0,0,-0.02000000,0.00000000,-3.489169102977e-5
development,7d29a6f304b1ce58,600,development,55,39,52,1,1,-0.01000000,-0.02000000,-1.733191311359e-5
development,7d29a6f304b1ce58,600,development,56,40,51,0,1,0.00000000,-0.02000000,0.000000000000e0
development,7d29a6f304b1ce58,600,development,56,40,51,1,0,-0.02000000,0.00000000,-1.030353178066e-5
development,7d29a6f304b1ce58,600,development,57,41,50,0,0,0.00000000,0.00000000,0.000000000000e0
development,7d29a6f304b1ce58,600,development,57,41,50,1,1,-0.02000000,-0.02000000,0.000000000000e0
development,7d29a6f304b1ce58,600,development,58,42,49,0,1,0.02000000,-0.02000000,-2.822031638061e-5
development,7d29a6f304b1ce58,600,development,58,42,49,1,0,0.00000000,0.00000000,0.000000000000e0
development,7d29a6f304b1ce58,600,development,59,43,48,0,0,0.00000000,0.00000000,0.000000000000e0
development,7d29a6f304b1ce58,600,development,59,43,48,1,1,-0.02000000,-0.02000000,-6.395081442179e-8
development,7d29a6f304b1ce58,600,development,60,44,47,0,1,0.00000000,-0.02000000,-8.289392098959e-6
development,7d29a6f304b1ce58,600,development,60,44,47,1,0,-0.02000000,0.00000000,8.681789040565e-6
development,7d29a6f304b1ce58,600,development,61,45,46,0,1,0.00000000,-0.02000000,0.000000000000e0
development,7d29a6f304b1ce58,600,development,61,45,46,1,0,-0.02000000,0.00000000,0.000000000000e0
development,7d29a6f304b1ce58,600,evaluation,1,108,106,0,1,-0.02000000,-0.02000000,9.061023592949e-5
development,7d29a6f304b1ce58,600,evaluation,1,108,106,1,0,-0.01000000,0.00000000,4.027659815620e-5
development,7d29a6f304b1ce58,600,evaluation,2,109,105,0,1,0.02000000,0.01000000,-1.424923539162e-4
development,7d29a6f304b1ce58,600,evaluation,2,109,105,1,0,0.01000000,0.02000000,-1.558177173138e-4
development,7d29a6f304b1ce58,600,evaluation,3,110,104,0,0,0.02000000,-0.02000000,-6.389369809767e-5
development,7d29a6f304b1ce58,600,evaluation,3,110,104,1,1,0.01000000,-0.01000000,-3.020092844963e-5
development,7d29a6f304b1ce58,600,evaluation,4,111,103,0,0,0.00000000,0.00000000,0.000000000000e0
development,7d29a6f304b1ce58,600,evaluation,4,111,103,1,1,-0.02000000,-0.02000000,0.000000000000e0
development,7d29a6f304b1ce58,600,evaluation,5,112,102,0,1,0.02000000,-0.01000000,-6.511062383652e-5
development,7d29a6f304b1ce58,600,evaluation,5,112,102,1,0,0.01000000,-0.02000000,-3.337953239679e-4
development,7d29a6f304b1ce58,600,evaluation,6,113,101,0,0,-0.02000000,-0.02000000,1.310370862484e-5
development,7d29a6f304b1ce58,600,evaluation,6,113,101,1,1,-0.01000000,-0.01000000,8.251518011093e-6
development,7d29a6f304b1ce58,600,evaluation,7,114,100,0,1,0.00000000,-0.01000000,2.804398536682e-5
development,7d29a6f304b1ce58,600,evaluation,7,114,100,1,0,-0.02000000,-0.02000000,5.837778371642e-5
development,7d29a6f304b1ce58,600,evaluation,8,115,99,0,1,0.00000000,-0.02000000,0.000000000000e0
development,7d29a6f304b1ce58,600,evaluation,8,115,99,1,0,-0.02000000,0.00000000,0.000000000000e0
development,7d29a6f304b1ce58,600,evaluation,9,116,98,0,0,0.02000000,0.00000000,1.363145856885e-4
development,7d29a6f304b1ce58,600,evaluation,9,116,98,1,1,0.01000000,-0.02000000,5.479529500008e-5
development,7d29a6f304b1ce58,600,evaluation,10,117,97,0,0,-0.02000000,-0.02000000,-2.058769314317e-4
development,7d29a6f304b1ce58,600,evaluation,10,117,97,1,1,-0.01000000,-0.01000000,-1.009609550238e-4
development,7d29a6f304b1ce58,600,evaluation,11,118,96,0,1,-0.02000000,-0.01000000,3.797064127866e-4
development,7d29a6f304b1ce58,600,evaluation,11,118,96,1,0,-0.01000000,-0.02000000,2.832294849213e-4
development,7d29a6f304b1ce58,600,evaluation,12,119,95,0,0,0.00000000,0.00000000,0.000000000000e0
development,7d29a6f304b1ce58,600,evaluation,12,119,95,1,1,-0.02000000,-0.02000000,0.000000000000e0
development,7d29a6f304b1ce58,600,evaluation,13,120,94,0,0,-0.02000000,-0.02000000,-1.099055050872e-3
development,7d29a6f304b1ce58,600,evaluation,13,120,94,1,1,-0.01000000,-0.01000000,-5.215058918111e-4
development,7d29a6f304b1ce58,600,evaluation,14,121,93,0,1,0.02000000,-0.01000000,-3.253165632486e-4
development,7d29a6f304b1ce58,600,evaluation,14,121,93,1,0,0.01000000,-0.02000000,-2.551457437221e-4
development,7d29a6f304b1ce58,600,evaluation,15,122,92,0,1,0.02000000,0.01000000,-5.047420854680e-4
development,7d29a6f304b1ce58,600,evaluation,15,122,92,1,0,0.01000000,0.02000000,-4.057716578245e-4
development,7d29a6f304b1ce58,600,evaluation,16,0,91,0,0,0.02000000,0.00000000,2.583799323475e-5
development,7d29a6f304b1ce58,600,evaluation,16,0,91,1,1,0.01000000,-0.02000000,1.528176107968e-5
development,7d29a6f304b1ce58,600,evaluation,17,1,90,0,1,0.02000000,0.00000000,7.787594950059e-5
development,7d29a6f304b1ce58,600,evaluation,17,1,90,1,0,0.01000000,0.02000000,7.170563094405e-6
development,7d29a6f304b1ce58,600,evaluation,18,2,89,0,1,-0.00500000,-0.01000000,-2.658932062332e-4
development,7d29a6f304b1ce58,600,evaluation,18,2,89,1,0,0.00000000,-0.02000000,-4.666652530432e-4
development,7d29a6f304b1ce58,600,evaluation,19,3,88,0,1,-0.02000000,0.01000000,-7.675774395466e-5
development,7d29a6f304b1ce58,600,evaluation,19,3,88,1,0,-0.01000000,0.02000000,-2.219236193923e-4
development,7d29a6f304b1ce58,600,evaluation,20,4,87,0,0,0.02000000,0.00000000,-3.800901176874e-4
development,7d29a6f304b1ce58,600,evaluation,20,4,87,1,1,0.01000000,-0.02000000,-1.873280853033e-4
development,7d29a6f304b1ce58,600,evaluation,21,5,86,0,1,-0.02000000,-0.02000000,-3.961659967899e-5
development,7d29a6f304b1ce58,600,evaluation,21,5,86,1,0,-0.01000000,0.00000000,-1.139007508755e-5
development,7d29a6f304b1ce58,600,evaluation,22,6,85,0,1,-0.02000000,-0.02000000,2.455090543663e-5
development,7d29a6f304b1ce58,600,evaluation,22,6,85,1,0,-0.01000000,0.00000000,1.241949667019e-5
development,7d29a6f304b1ce58,600,evaluation,23,7,84,0,0,0.02000000,0.00000000,9.931126987794e-5
development,7d29a6f304b1ce58,600,evaluation,23,7,84,1,1,0.01000000,-0.02000000,4.910056668450e-5
development,7d29a6f304b1ce58,600,evaluation,24,8,83,0,1,-0.02000000,-0.02000000,2.974333765451e-4
development,7d29a6f304b1ce58,600,evaluation,24,8,83,1,0,-0.01000000,0.00000000,1.524612307549e-4
development,7d29a6f304b1ce58,600,evaluation,25,9,82,0,1,0.02000000,-0.02000000,1.279904245166e-4
development,7d29a6f304b1ce58,600,evaluation,25,9,82,1,0,0.01000000,0.00000000,7.264750456670e-5
development,7d29a6f304b1ce58,600,evaluation,26,10,81,0,1,0.02000000,-0.02000000,1.405247749062e-4
development,7d29a6f304b1ce58,600,evaluation,26,10,81,1,0,0.01000000,0.00000000,7.637403905392e-5
development,7d29a6f304b1ce58,600,evaluation,27,11,80,0,0,0.02000000,0.00000000,2.093669027090e-4
development,7d29a6f304b1ce58,600,evaluation,27,11,80,1,1,0.01000000,-0.02000000,1.142869368778e-4
development,7d29a6f304b1ce58,600,evaluation,28,12,79,0,1,0.02000000,-0.01000000,-2.053951175185e-4
development,7d29a6f304b1ce58,600,evaluation,28,12,79,1,0,0.01000000,-0.02000000,-1.533540635137e-4
development,7d29a6f304b1ce58,600,evaluation,29,13,78,0,1,-0.02000000,0.01000000,3.342808631714e-4
development,7d29a6f304b1ce58,600,evaluation,29,13,78,1,0,-0.01000000,0.02000000,3.280931559857e-4
development,7d29a6f304b1ce58,600,evaluation,30,14,77,0,1,0.02000000,-0.01000000,1.120300366892e-4
development,7d29a6f304b1ce58,600,evaluation,30,14,77,1,0,0.01000000,-0.02000000,1.609741448192e-4
development,7d29a6f304b1ce58,600,evaluation,31,15,76,0,1,-0.02000000,0.01000000,-3.418077903916e-5
development,7d29a6f304b1ce58,600,evaluation,31,15,76,1,0,-0.01000000,0.02000000,2.959184348583e-5
development,7d29a6f304b1ce58,600,evaluation,32,16,75,0,1,0.02000000,-0.01000000,-1.580547541380e-4
development,7d29a6f304b1ce58,600,evaluation,32,16,75,1,0,0.01000000,-0.02000000,-1.630354672670e-4
development,7d29a6f304b1ce58,600,evaluation,33,17,74,0,0,-0.00500000,0.02000000,3.428763302509e-4
development,7d29a6f304b1ce58,600,evaluation,33,17,74,1,1,0.00000000,0.01000000,1.802469341783e-4
development,7d29a6f304b1ce58,600,evaluation,34,18,73,0,0,-0.02000000,0.02000000,-5.164686590433e-4
development,7d29a6f304b1ce58,600,evaluation,34,18,73,1,1,-0.01000000,0.01000000,-2.545708266553e-4
development,7d29a6f304b1ce58,600,evaluation,35,19,72,0,0,0.02000000,-0.02000000,-1.062111332431e-4
development,7d29a6f304b1ce58,600,evaluation,35,19,72,1,1,0.01000000,-0.01000000,-5.286745727062e-5
development,7d29a6f304b1ce58,600,evaluation,36,20,71,0,1,-0.02000000,-0.01000000,-3.327305194034e-6
development,7d29a6f304b1ce58,600,evaluation,36,20,71,1,0,-0.01000000,-0.02000000,2.008428236877e-5
development,7d29a6f304b1ce58,600,evaluation,37,21,70,0,0,0.02000000,-0.02000000,-1.401280314894e-4
development,7d29a6f304b1ce58,600,evaluation,37,21,70,1,1,0.01000000,-0.01000000,-3.607943654060e-5
development,7d29a6f304b1ce58,600,evaluation,38,22,69,0,0,0.02000000,-0.02000000,1.191260889755e-4
development,7d29a6f304b1ce58,600,evaluation,38,22,69,1,1,0.01000000,-0.01000000,7.065819954732e-5
development,7d29a6f304b1ce58,600,evaluation,39,23,68,0,0,-0.01000000,-0.02000000,-9.950995445251e-5
development,7d29a6f304b1ce58,600,evaluation,39,23,68,1,1,-0.00500000,-0.01000000,-3.683008253574e-5
development,7d29a6f304b1ce58,600,evaluation,40,24,67,0,1,0.02000000,-0.01000000,1.601750591362e-5
development,7d29a6f304b1ce58,600,evaluation,40,24,67,1,0,0.01000000,-0.02000000,-3.193381053279e-5
development,7d29a6f304b1ce58,600,evaluation,41,25,66,0,1,-0.02000000,-0.01000000,-5.661633986165e-5
development,7d29a6f304b1ce58,600,evaluation,41,25,66,1,0,-0.01000000,-0.02000000,-9.598024189472e-5
development,7d29a6f304b1ce58,600,evaluation,42,26,65,0,0,0.02000000,0.02000000,-1.345984637737e-4
development,7d29a6f304b1ce58,600,evaluation,42,26,65,1,1,0.01000000,0.01000000,-5.933642387390e-5
development,7d29a6f304b1ce58,600,evaluation,43,27,64,0,0,0.02000000,-0.02000000,-4.947806519340e-5
development,7d29a6f304b1ce58,600,evaluation,43,27,64,1,1,0.01000000,-0.01000000,-2.829854747688e-5
development,7d29a6f304b1ce58,600,evaluation,44,28,63,0,1,0.02000000,0.01000000,-1.014520762510e-6
development,7d29a6f304b1ce58,600,evaluation,44,28,63,1,0,0.01000000,0.02000000,-1.315275858360e-5
development,7d29a6f304b1ce58,600,evaluation,45,29,62,0,1,0.02000000,-0.02000000,1.450888812542e-4
development,7d29a6f304b1ce58,600,evaluation,45,29,62,1,0,0.01000000,0.00000000,5.843428152730e-5
development,7d29a6f304b1ce58,600,evaluation,46,30,61,0,1,0.00000000,0.01000000,5.658591908286e-5
development,7d29a6f304b1ce58,600,evaluation,46,30,61,1,0,-0.02000000,0.02000000,1.473911106586e-4
development,7d29a6f304b1ce58,600,evaluation,47,31,60,0,0,0.02000000,0.02000000,6.005913019180e-5
development,7d29a6f304b1ce58,600,evaluation,47,31,60,1,1,0.01000000,0.01000000,3.535176438163e-5
development,7d29a6f304b1ce58,600,evaluation,48,32,59,0,0,-0.02000000,0.02000000,-1.447709928470e-5
development,7d29a6f304b1ce58,600,evaluation,48,32,59,1,1,-0.01000000,0.01000000,-5.736326329497e-6
development,7d29a6f304b1ce58,600,evaluation,49,33,58,0,1,0.02000000,0.01000000,-7.558614015579e-6
development,7d29a6f304b1ce58,600,evaluation,49,33,58,1,0,0.01000000,0.02000000,-1.411785633536e-4
development,7d29a6f304b1ce58,600,evaluation,50,34,57,0,0,-0.02000000,-0.02000000,-4.044994711876e-4
development,7d29a6f304b1ce58,600,evaluation,50,34,57,1,1,-0.01000000,-0.01000000,-1.989342272282e-4
development,7d29a6f304b1ce58,600,evaluation,51,35,56,0,0,-0.02000000,0.02000000,-1.143980771303e-4
development,7d29a6f304b1ce58,600,evaluation,51,35,56,1,1,-0.01000000,0.01000000,-5.556580799748e-5
development,7d29a6f304b1ce58,600,evaluation,52,36,55,0,1,0.02000000,-0.02000000,1.349238027615e-5
development,7d29a6f304b1ce58,600,evaluation,52,36,55,1,0,0.01000000,0.00000000,6.959463007661e-6
development,7d29a6f304b1ce58,600,evaluation,53,37,54,0,1,-0.02000000,-0.02000000,1.586539001437e-4
development,7d29a6f304b1ce58,600,evaluation,53,37,54,1,0,-0.01000000,0.00000000,7.939338684082e-5
development,7d29a6f304b1ce58,600,evaluation,54,38,53,0,1,0.02000000,-0.02000000,1.368131488562e-4
development,7d29a6f304b1ce58,600,evaluation,54,38,53,1,0,0.01000000,0.00000000,6.848201155663e-5
development,7d29a6f304b1ce58,600,evaluation,55,39,52,0,1,-0.02000000,-0.02000000,-3.489169102977e-5
development,7d29a6f304b1ce58,600,evaluation,55,39,52,1,0,-0.01000000,0.00000000,-1.733191311359e-5
development,7d29a6f304b1ce58,600,evaluation,56,40,51,0,0,0.00000000,0.00000000,0.000000000000e0
development,7d29a6f304b1ce58,600,evaluation,56,40,51,1,1,-0.02000000,-0.02000000,-1.030353178066e-5
development,7d29a6f304b1ce58,600,evaluation,57,41,50,0,1,0.00000000,-0.02000000,0.000000000000e0
development,7d29a6f304b1ce58,600,evaluation,57,41,50,1,0,-0.02000000,0.00000000,0.000000000000e0
development,7d29a6f304b1ce58,600,evaluation,58,42,49,0,0,0.02000000,0.00000000,-2.822031638061e-5
development,7d29a6f304b1ce58,600,evaluation,58,42,49,1,1,0.00000000,-0.02000000,0.000000000000e0
development,7d29a6f304b1ce58,600,evaluation,59,43,48,0,1,0.00000000,-0.02000000,0.000000000000e0
development,7d29a6f304b1ce58,600,evaluation,59,43,48,1,0,-0.02000000,0.00000000,-6.395081442179e-8
development,7d29a6f304b1ce58,600,evaluation,60,44,47,0,0,0.00000000,0.00000000,0.000000000000e0
development,7d29a6f304b1ce58,600,evaluation,60,44,47,1,1,-0.02000000,-0.02000000,3.917763535810e-7
development,7d29a6f304b1ce58,600,evaluation,61,45,46,0,0,0.00000000,0.00000000,0.000000000000e0
development,7d29a6f304b1ce58,600,evaluation,61,45,46,1,1,-0.02000000,-0.02000000,0.000000000000e0
development,7d29a6f304b1ce58,2400,development,1,63,61,0,1,-0.02000000,-0.01000000,-4.236198437866e-4
development,7d29a6f304b1ce58,2400,development,1,63,61,1,0,-0.01000000,-0.02000000,-6.394473020919e-4
development,7d29a6f304b1ce58,2400,development,2,64,60,0,1,0.02000000,-0.01000000,-4.693834853242e-5
development,7d29a6f304b1ce58,2400,development,2,64,60,1,0,0.01000000,-0.02000000,-1.093034297810e-4
development,7d29a6f304b1ce58,2400,development,3,65,59,0,1,0.02000000,-0.01000000,5.888442319701e-5
development,7d29a6f304b1ce58,2400,development,3,65,59,1,0,0.01000000,-0.02000000,1.984648406506e-5
development,7d29a6f304b1ce58,2400,development,4,66,58,0,1,0.02000000,-0.01000000,8.791064465186e-5
development,7d29a6f304b1ce58,2400,development,4,66,58,1,0,0.01000000,-0.02000000,1.474153250456e-4
development,7d29a6f304b1ce58,2400,development,5,67,57,0,1,0.02000000,-0.01000000,-5.208266429690e-6
development,7d29a6f304b1ce58,2400,development,5,67,57,1,0,0.01000000,-0.02000000,-2.309555748070e-5
development,7d29a6f304b1ce58,2400,development,6,68,56,0,0,-0.02000000,-0.02000000,3.291455504950e-4
development,7d29a6f304b1ce58,2400,development,6,68,56,1,1,0.02000000,-0.01000000,-2.372730523348e-4
development,7d29a6f304b1ce58,2400,development,7,69,55,0,1,0.02000000,-0.02000000,-2.907582966145e-4
development,7d29a6f304b1ce58,2400,development,7,69,55,1,0,0.01000000,0.00000000,-1.405219809385e-4
development,7d29a6f304b1ce58,2400,development,8,70,54,0,1,-0.02000000,-0.02000000,3.685454430524e-4
development,7d29a6f304b1ce58,2400,development,8,70,54,1,0,0.02000000,0.00000000,-2.135994582204e-4
development,7d29a6f304b1ce58,2400,development,9,71,53,0,1,0.02000000,-0.02000000,-1.750864757923e-4
development,7d29a6f304b1ce58,2400,development,9,71,53,1,0,0.01000000,0.00000000,-7.945237302920e-5
development,7d29a6f304b1ce58,2400,development,10,72,52,0,1,0.02000000,-0.02000000,-1.200319602503e-4
development,7d29a6f304b1ce58,2400,development,10,72,52,1,0,0.01000000,0.00000000,-5.624878031085e-5
development,7d29a6f304b1ce58,2400,development,11,73,51,0,0,0.02000000,0.00000000,-1.428971736459e-4
development,7d29a6f304b1ce58,2400,development,11,73,51,1,1,0.01000000,-0.02000000,-6.235080218175e-5
development,7d29a6f304b1ce58,2400,development,12,74,50,0,1,-0.02000000,-0.02000000,-2.562323061284e-4
development,7d29a6f304b1ce58,2400,development,12,74,50,1,0,-0.01000000,0.00000000,-1.141323373304e-4
development,7d29a6f304b1ce58,2400,development,13,75,49,0,0,0.02000000,0.00000000,1.426289509254e-5
development,7d29a6f304b1ce58,2400,development,13,75,49,1,1,0.01000000,-0.02000000,1.236858497577e-5
development,7d29a6f304b1ce58,2400,development,14,76,48,0,1,0.02000000,-0.02000000,6.037279963493e-4
development,7d29a6f304b1ce58,2400,development,14,76,48,1,0,0.01000000,0.00000000,3.267110732850e-4
development,7d29a6f304b1ce58,2400,development,15,77,47,0,0,0.02000000,0.02000000,-1.055564731359e-3
development,7d29a6f304b1ce58,2400,development,15,77,47,1,1,0.01000000,0.01000000,-4.830056277569e-4
development,7d29a6f304b1ce58,2400,development,16,78,46,0,1,0.02000000,-0.02000000,8.859994704835e-4
development,7d29a6f304b1ce58,2400,development,16,78,46,1,0,0.01000000,0.00000000,4.497052577790e-4
development,7d29a6f304b1ce58,2400,development,17,79,45,0,0,0.02000000,0.02000000,-7.948745042086e-4
development,7d29a6f304b1ce58,2400,development,17,79,45,1,1,0.01000000,0.01000000,-3.223415988032e-4
development,7d29a6f304b1ce58,2400,development,18,80,44,0,1,0.00000000,-0.01000000,6.234211468836e-5
development,7d29a6f304b1ce58,2400,development,18,80,44,1,0,-0.02000000,-0.02000000,1.236281095771e-4
development,7d29a6f304b1ce58,2400,development,19,81,43,0,0,0.00000000,0.02000000,-7.333854682656e-6
development,7d29a6f304b1ce58,2400,development,19,81,43,1,1,-0.02000000,0.01000000,-3.566034138203e-6
development,7d29a6f304b1ce58,2400,development,20,82,42,0,1,0.00000000,0.01000000,2.636946737766e-5
development,7d29a6f304b1ce58,2400,development,20,82,42,1,0,-0.02000000,0.02000000,5.160458385944e-5
development,7d29a6f304b1ce58,2400,development,21,83,41,0,1,0.00000000,0.01000000,1.112433801609e-5
development,7d29a6f304b1ce58,2400,development,21,83,41,1,0,-0.02000000,0.02000000,2.219683119620e-5
development,7d29a6f304b1ce58,2400,development,22,84,40,0,1,0.00000000,0.01000000,-1.594734726496e-6
development,7d29a6f304b1ce58,2400,development,22,84,40,1,0,-0.02000000,0.02000000,-3.546786729203e-6
development,7d29a6f304b1ce58,2400,development,23,85,39,0,1,0.00000000,0.01000000,8.761665230850e-5
development,7d29a6f304b1ce58,2400,development,23,85,39,1,0,-0.02000000,0.02000000,1.402596681146e-4
development,7d29a6f304b1ce58,2400,development,24,86,38,0,0,0.00000000,0.02000000,-6.498893344542e-5
development,7d29a6f304b1ce58,2400,development,24,86,38,1,1,-0.02000000,0.01000000,-2.303657493030e-5
development,7d29a6f304b1ce58,2400,development,25,87,37,0,0,0.00000000,0.02000000,-5.124276503921e-4
development,7d29a6f304b1ce58,2400,development,25,87,37,1,1,-0.02000000,0.01000000,-2.545310708228e-4
development,7d29a6f304b1ce58,2400,development,26,88,36,0,1,-0.02000000,0.01000000,-1.667787582846e-4
development,7d29a6f304b1ce58,2400,development,26,88,36,1,0,-0.01000000,0.02000000,-3.101928159595e-4
development,7d29a6f304b1ce58,2400,development,27,89,35,0,0,0.02000000,0.02000000,4.296560364310e-4
development,7d29a6f304b1ce58,2400,development,27,89,35,1,1,0.01000000,0.01000000,2.482893469278e-4
development,7d29a6f304b1ce58,2400,development,28,90,34,0,0,0.02000000,0.02000000,1.849979162216e-4
development,7d29a6f304b1ce58,2400,development,28,90,34,1,1,0.01000000,0.01000000,1.037704423652e-4
development,7d29a6f304b1ce58,2400,development,29,91,33,0,1,0.00000000,0.01000000,4.886959868600e-5
development,7d29a6f304b1ce58,2400,development,29,91,33,1,0,-0.02000000,0.02000000,9.723721450428e-5
development,7d29a6f304b1ce58,2400,development,30,92,32,0,1,-0.02000000,0.01000000,-5.182499535294e-6
development,7d29a6f304b1ce58,2400,development,30,92,32,1,0,-0.01000000,0.02000000,4.122375321458e-5
development,7d29a6f304b1ce58,2400,development,31,93,31,0,1,0.02000000,-0.01000000,-6.005819886923e-5
development,7d29a6f304b1ce58,2400,development,31,93,31,1,0,0.01000000,-0.02000000,-1.260231510969e-4
development,7d29a6f304b1ce58,2400,development,32,94,30,0,1,0.02000000,-0.01000000,2.740258350968e-4
development,7d29a6f304b1ce58,2400,development,32,94,30,1,0,0.01000000,-0.02000000,2.402160316706e-4
development,7d29a6f304b1ce58,2400,development,33,95,29,0,0,0.00000000,-0.02000000,-6.905875052325e-4
development,7d29a6f304b1ce58,2400,development,33,95,29,1,1,-0.02000000,-0.01000000,-3.400811401661e-4
development,7d29a6f304b1ce58,2400,development,34,96,28,0,1,0.02000000,-0.01000000,-5.484608118422e-4
development,7d29a6f304b1ce58,2400,development,34,96,28,1,0,0.01000000,-0.02000000,-5.039554089308e-4
development,7d29a6f304b1ce58,2400,development,35,97,27,0,0,0.02000000,-0.02000000,5.880137905478e-4
development,7d29a6f304b1ce58,2400,development,35,97,27,1,1,0.01000000,-0.01000000,2.988375199493e-4
development,7d29a6f304b1ce58,2400,development,36,98,26,0,0,0.02000000,-0.02000000,3.469623625278e-4
development,7d29a6f304b1ce58,2400,development,36,98,26,1,1,0.01000000,-0.01000000,1.823293714551e-4
development,7d29a6f304b1ce58,2400,development,37,99,25,0,1,0.00000000,-0.01000000,-4.913968496112e-6
development,7d29a6f304b1ce58,2400,development,37,99,25,1,0,-0.02000000,-0.02000000,-1.053698360920e-5
development,7d29a6f304b1ce58,2400,development,38,100,24,0,1,0.02000000,-0.01000000,-3.222084196750e-4
development,7d29a6f304b1ce58,2400,development,38,100,24,1,0,0.01000000,-0.02000000,-1.897572801681e-4
development,7d29a6f304b1ce58,2400,development,39,101,23,0,0,0.02000000,0.02000000,-8.220728486776e-4
development,7d29a6f304b1ce58,2400,development,39,101,23,1,1,0.01000000,0.01000000,-3.156879392918e-4
development,7d29a6f304b1ce58,2400,development,40,102,22,0,0,0.02000000,0.02000000,1.638393267058e-3
development,7d29a6f304b1ce58,2400,development,40,102,22,1,1,0.01000000,0.01000000,9.362374548800e-4
development,7d29a6f304b1ce58,2400,development,41,103,21,0,1,0.00000000,-0.01000000,-3.706685674842e-4
development,7d29a6f304b1ce58,2400,development,41,103,21,1,0,-0.02000000,-0.02000000,-5.768295377493e-4
development,7d29a6f304b1ce58,2400,development,42,104,20,0,0,-0.02000000,0.02000000,-3.190400775566e-6
development,7d29a6f304b1ce58,2400,development,42,104,20,1,1,-0.01000000,0.01000000,9.314188355347e-5
development,7d29a6f304b1ce58,2400,development,43,105,19,0,0,-0.02000000,-0.02000000,6.892926176079e-4
development,7d29a6f304b1ce58,2400,development,43,105,19,1,1,-0.01000000,-0.01000000,3.490730596241e-4
development,7d29a6f304b1ce58,2400,development,44,106,18,0,0,-0.02000000,0.02000000,3.620752540883e-4
development,7d29a6f304b1ce58,2400,development,44,106,18,1,1,-0.01000000,0.01000000,2.056642697426e-4
development,7d29a6f304b1ce58,2400,development,45,107,17,0,1,0.00000000,-0.01000000,1.517273485661e-4
development,7d29a6f304b1ce58,2400,development,45,107,17,1,0,-0.02000000,-0.02000000,2.702459169086e-4
development,7d29a6f304b1ce58,2400,development,46,108,16,0,1,-0.02000000,-0.01000000,-6.616426253458e-5
development,7d29a6f304b1ce58,2400,development,46,108,16,1,0,-0.01000000,-0.02000000,-2.736346796155e-4
development,7d29a6f304b1ce58,2400,development,47,109,15,0,0,-0.02000000,0.02000000,-4.550752692012e-6
development,7d29a6f304b1ce58,2400,development,47,109,15,1,1,-0.01000000,0.01000000,3.079666566919e-5
development,7d29a6f304b1ce58,2400,development,48,110,14,0,0,-0.02000000,0.02000000,-8.180955046555e-5
development,7d29a6f304b1ce58,2400,development,48,110,14,1,1,-0.01000000,0.01000000,1.791430076992e-5
development,7d29a6f304b1ce58,2400,development,49,111,13,0,0,0.00000000,-0.02000000,9.522084146738e-4
development,7d29a6f304b1ce58,2400,development,49,111,13,1,1,-0.02000000,-0.01000000,5.092676728964e-4
development,7d29a6f304b1ce58,2400,development,50,112,12,0,0,-0.02000000,-0.02000000,-1.474057062296e-4
development,7d29a6f304b1ce58,2400,development,50,112,12,1,1,-0.01000000,-0.01000000,-1.390464603901e-5
development,7d29a6f304b1ce58,2400,development,51,113,11,0,1,0.02000000,-0.01000000,-3.920057788491e-4
development,7d29a6f304b1ce58,2400,development,51,113,11,1,0,0.01000000,-0.02000000,-9.304999257438e-4
development,7d29a6f304b1ce58,2400,development,52,114,10,0,1,-0.02000000,-0.01000000,-6.324515561573e-4
development,7d29a6f304b1ce58,2400,development,52,114,10,1,0,-0.01000000,-0.02000000,-1.425140188076e-3
development,7d29a6f304b1ce58,2400,development,53,115,9,0,1,0.00000000,0.01000000,9.980549657485e-5
development,7d29a6f304b1ce58,2400,development,53,115,9,1,0,-0.02000000,0.02000000,1.559245138196e-4
development,7d29a6f304b1ce58,2400,development,54,116,8,0,1,-0.02000000,-0.01000000,-2.342357038287e-4
development,7d29a6f304b1ce58,2400,development,54,116,8,1,0,-0.01000000,-0.02000000,3.828418630292e-5
development,7d29a6f304b1ce58,2400,development,55,117,7,0,1,0.02000000,-0.01000000,1.566391438246e-4
development,7d29a6f304b1ce58,2400,development,55,117,7,1,0,0.01000000,-0.02000000,1.281748263864e-4
development,7d29a6f304b1ce58,2400,development,56,118,6,0,0,-0.02000000,0.02000000,4.074716416653e-4
development,7d29a6f304b1ce58,2400,development,56,118,6,1,1,-0.01000000,0.01000000,2.094522787957e-4
development,7d29a6f304b1ce58,2400,development,57,119,5,0,1,0.00000000,0.01000000,1.027913167491e-4
development,7d29a6f304b1ce58,2400,development,57,119,5,1,0,-0.02000000,0.02000000,1.956683845492e-4
development,7d29a6f304b1ce58,2400,development,58,120,4,0,0,0.02000000,0.02000000,3.465202826192e-5
development,7d29a6f304b1ce58,2400,development,58,120,4,1,1,0.01000000,0.01000000,2.279505133629e-5
development,7d29a6f304b1ce58,2400,development,59,121,3,0,0,-0.02000000,0.02000000,3.194563614670e-4
development,7d29a6f304b1ce58,2400,development,59,121,3,1,1,-0.01000000,0.01000000,1.729965879349e-4
development,7d29a6f304b1ce58,2400,development,60,122,2,0,0,-0.02000000,0.02000000,-6.403153292922e-6
development,7d29a6f304b1ce58,2400,development,60,122,2,1,1,-0.01000000,0.01000000,2.062569137706e-6
development,7d29a6f304b1ce58,2400,development,61,0,1,0,0,-0.02000000,-0.02000000,-6.266313721426e-4
development,7d29a6f304b1ce58,2400,development,61,0,1,1,1,-0.01000000,-0.01000000,-2.991457877215e-4
development,7d29a6f304b1ce58,2400,evaluation,1,63,61,0,0,-0.02000000,-0.02000000,-7.373581756838e-4
development,7d29a6f304b1ce58,2400,evaluation,1,63,61,1,1,-0.01000000,-0.01000000,-3.389461489860e-4
development,7d29a6f304b1ce58,2400,evaluation,2,64,60,0,0,0.02000000,-0.02000000,-1.173255368485e-4
development,7d29a6f304b1ce58,2400,evaluation,2,64,60,1,1,0.01000000,-0.01000000,-3.901682794094e-5
development,7d29a6f304b1ce58,2400,evaluation,3,65,59,0,0,0.02000000,-0.02000000,5.202802640270e-5
development,7d29a6f304b1ce58,2400,evaluation,3,65,59,1,1,0.01000000,-0.01000000,2.669201603567e-5
development,7d29a6f304b1ce58,2400,evaluation,4,66,58,0,0,0.02000000,-0.02000000,1.486570836278e-4
development,7d29a6f304b1ce58,2400,evaluation,4,66,58,1,1,0.01000000,-0.01000000,8.558543777326e-5
development,7d29a6f304b1ce58,2400,evaluation,5,67,57,0,0,0.02000000,-0.02000000,-1.984834671021e-5
development,7d29a6f304b1ce58,2400,evaluation,5,67,57,1,1,0.01000000,-0.01000000,-8.456719115202e-6
development,7d29a6f304b1ce58,2400,evaluation,6,68,56,0,1,-0.02000000,-0.01000000,3.498606383801e-4
development,7d29a6f304b1ce58,2400,evaluation,6,68,56,1,0,0.02000000,-0.02000000,-2.583482710179e-4
development,7d29a6f304b1ce58,2400,evaluation,7,69,55,0,0,0.02000000,0.00000000,-2.907582966145e-4
development,7d29a6f304b1ce58,2400,evaluation,7,69,55,1,1,0.01000000,-0.02000000,-1.405219809385e-4
development,7d29a6f304b1ce58,2400,evaluation,8,70,54,0,0,-0.02000000,0.00000000,3.685454430524e-4
development,7d29a6f304b1ce58,2400,evaluation,8,70,54,1,1,0.02000000,-0.02000000,-2.135994582204e-4
development,7d29a6f304b1ce58,2400,evaluation,9,71,53,0,0,0.02000000,0.00000000,-1.750864757923e-4
development,7d29a6f304b1ce58,2400,evaluation,9,71,53,1,1,0.01000000,-0.02000000,-7.945237302920e-5
development,7d29a6f304b1ce58,2400,evaluation,10,72,52,0,0,0.02000000,0.00000000,-1.200319602503e-4
development,7d29a6f304b1ce58,2400,evaluation,10,72,52,1,1,0.01000000,-0.02000000,-5.624878031085e-5
development,7d29a6f304b1ce58,2400,evaluation,11,73,51,0,1,0.02000000,-0.02000000,-1.428971736459e-4
development,7d29a6f304b1ce58,2400,evaluation,11,73,51,1,0,0.01000000,0.00000000,-6.235080218175e-5
development,7d29a6f304b1ce58,2400,evaluation,12,74,50,0,0,-0.02000000,0.00000000,-2.562323061284e-4
development,7d29a6f304b1ce58,2400,evaluation,12,74,50,1,1,-0.01000000,-0.02000000,-1.141323373304e-4
development,7d29a6f304b1ce58,2400,evaluation,13,75,49,0,1,0.02000000,-0.02000000,1.426289509254e-5
development,7d29a6f304b1ce58,2400,evaluation,13,75,49,1,0,0.01000000,0.00000000,1.236858497577e-5
development,7d29a6f304b1ce58,2400,evaluation,14,76,48,0,0,0.02000000,0.00000000,6.037279963493e-4
development,7d29a6f304b1ce58,2400,evaluation,14,76,48,1,1,0.01000000,-0.02000000,3.267110732850e-4
development,7d29a6f304b1ce58,2400,evaluation,15,77,47,0,1,0.02000000,0.01000000,-1.001205877401e-3
development,7d29a6f304b1ce58,2400,evaluation,15,77,47,1,0,0.01000000,0.02000000,-5.228513036855e-4
development,7d29a6f304b1ce58,2400,evaluation,16,78,46,0,0,0.02000000,0.00000000,8.851165766828e-4
development,7d29a6f304b1ce58,2400,evaluation,16,78,46,1,1,0.01000000,-0.02000000,4.505831748247e-4
development,7d29a6f304b1ce58,2400,evaluation,17,79,45,0,1,0.02000000,0.01000000,-6.553040002473e-4
development,7d29a6f304b1ce58,2400,evaluation,17,79,45,1,0,0.01000000,0.02000000,-4.474104789551e-4
development,7d29a6f304b1ce58,2400,evaluation,18,80,44,0,0,0.00000000,-0.02000000,1.236281095771e-4
development,7d29a6f304b1ce58,2400,evaluation,18,80,44,1,1,-0.02000000,-0.01000000,6.234211468836e-5
development,7d29a6f304b1ce58,2400,evaluation,19,81,43,0,1,0.00000000,0.01000000,-3.566034138203e-6
development,7d29a6f304b1ce58,2400,evaluation,19,81,43,1,0,-0.02000000,0.02000000,-7.333854682656e-6
development,7d29a6f304b1ce58,2400,evaluation,20,82,42,0,0,0.00000000,0.02000000,5.160458385944e-5
development,7d29a6f304b1ce58,2400,evaluation,20,82,42,1,1,-0.02000000,0.01000000,2.636946737766e-5
development,7d29a6f304b1ce58,2400,evaluation,21,83,41,0,0,0.00000000,0.02000000,2.219683119620e-5
development,7d29a6f304b1ce58,2400,evaluation,21,83,41,1,1,-0.02000000,0.01000000,1.112433801609e-5
development,7d29a6f304b1ce58,2400,evaluation,22,84,40,0,0,0.00000000,0.02000000,-3.546786729203e-6
development,7d29a6f304b1ce58,2400,evaluation,22,84,40,1,1,-0.02000000,0.01000000,-1.594734726496e-6
development,7d29a6f304b1ce58,2400,evaluation,23,85,39,0,0,0.00000000,0.02000000,1.402596681146e-4
development,7d29a6f304b1ce58,2400,evaluation,23,85,39,1,1,-0.02000000,0.01000000,8.761665230850e-5
development,7d29a6f304b1ce58,2400,evaluation,24,86,38,0,1,0.00000000,0.01000000,-2.303657493030e-5
development,7d29a6f304b1ce58,2400,evaluation,24,86,38,1,0,-0.02000000,0.02000000,-6.498893344542e-5
development,7d29a6f304b1ce58,2400,evaluation,25,87,37,0,1,0.00000000,0.01000000,-2.545310708228e-4
development,7d29a6f304b1ce58,2400,evaluation,25,87,37,1,0,-0.02000000,0.02000000,-5.124276503921e-4
development,7d29a6f304b1ce58,2400,evaluation,26,88,36,0,0,-0.02000000,0.02000000,-3.617051988840e-4
development,7d29a6f304b1ce58,2400,evaluation,26,88,36,1,1,-0.01000000,0.01000000,-1.294044777751e-4
development,7d29a6f304b1ce58,2400,evaluation,27,89,35,0,1,0.02000000,0.01000000,3.972752019763e-4
development,7d29a6f304b1ce58,2400,evaluation,27,89,35,1,0,0.01000000,0.02000000,2.899315732066e-4
development,7d29a6f304b1ce58,2400,evaluation,28,90,34,0,1,0.02000000,0.01000000,8.322546636919e-5
development,7d29a6f304b1ce58,2400,evaluation,28,90,34,1,0,0.01000000,0.02000000,2.079990954371e-4
development,7d29a6f304b1ce58,2400,evaluation,29,91,33,0,0,0.00000000,0.02000000,9.723721450428e-5
development,7d29a6f304b1ce58,2400,evaluation,29,91,33,1,1,-0.02000000,0.01000000,4.886959868600e-5
development,7d29a6f304b1ce58,2400,evaluation,30,92,32,0,0,-0.02000000,0.02000000,3.450860504017e-6
development,7d29a6f304b1ce58,2400,evaluation,30,92,32,1,1,-0.01000000,0.01000000,2.755876630545e-5
development,7d29a6f304b1ce58,2400,evaluation,31,93,31,0,0,0.02000000,-0.02000000,-1.397284941049e-4
development,7d29a6f304b1ce58,2400,evaluation,31,93,31,1,1,0.01000000,-0.01000000,-4.912664371659e-5
development,7d29a6f304b1ce58,2400,evaluation,32,94,30,0,0,0.02000000,-0.02000000,2.769433485810e-4
development,7d29a6f304b1ce58,2400,evaluation,32,94,30,1,1,0.01000000,-0.01000000,2.272582350997e-4
development,7d29a6f304b1ce58,2400,evaluation,33,95,29,0,1,0.00000000,-0.01000000,-3.400811401661e-4
development,7d29a6f304b1ce58,2400,evaluation,33,95,29,1,0,-0.02000000,-0.02000000,-6.905875052325e-4
development,7d29a6f304b1ce58,2400,evaluation,34,96,28,0,0,0.02000000,-0.02000000,-7.264136220329e-4
development,7d29a6f304b1ce58,2400,evaluation,34,96,28,1,1,0.01000000,-0.01000000,-3.271742316429e-4
development,7d29a6f304b1ce58,2400,evaluation,35,97,27,0,1,0.02000000,-0.01000000,5.941890995018e-4
development,7d29a6f304b1ce58,2400,evaluation,35,97,27,1,0,0.01000000,-0.02000000,2.946248278022e-4
development,7d29a6f304b1ce58,2400,evaluation,36,98,26,0,1,0.02000000,-0.01000000,2.770734427031e-4
development,7d29a6f304b1ce58,2400,evaluation,36,98,26,1,0,0.01000000,-0.02000000,2.539014967624e-4
development,7d29a6f304b1ce58,2400,evaluation,37,99,25,0,0,0.00000000,-0.02000000,-1.053698360920e-5
development,7d29a6f304b1ce58,2400,evaluation,37,99,25,1,1,-0.02000000,-0.01000000,-4.913968496112e-6
development,7d29a6f304b1ce58,2400,evaluation,38,100,24,0,0,0.02000000,-0.02000000,-3.451826050878e-4
development,7d29a6f304b1ce58,2400,evaluation,38,100,24,1,1,0.01000000,-0.01000000,-1.683179289103e-4
development,7d29a6f304b1ce58,2400,evaluation,39,101,23,0,1,0.02000000,0.01000000,-2.217789442511e-4
development,7d29a6f304b1ce58,2400,evaluation,39,101,23,1,0,0.01000000,0.02000000,-9.100232273340e-4
development,7d29a6f304b1ce58,2400,evaluation,40,102,22,0,1,0.02000000,0.01000000,1.190823852085e-3
development,7d29a6f304b1ce58,2400,evaluation,40,102,22,1,0,0.01000000,0.02000000,1.408544019796e-3
development,7d29a6f304b1ce58,2400,evaluation,41,103,21,0,0,0.00000000,-0.02000000,-5.768295377493e-4
development,7d29a6f304b1ce58,2400,evaluation,41,103,21,1,1,-0.02000000,-0.01000000,-3.706685674842e-4
development,7d29a6f304b1ce58,2400,evaluation,42,104,20,0,1,-0.02000000,0.01000000,8.362407243112e-5
development,7d29a6f304b1ce58,2400,evaluation,42,104,20,1,0,-0.01000000,0.02000000,6.038074843673e-6
development,7d29a6f304b1ce58,2400,evaluation,43,105,19,0,1,-0.02000000,-0.01000000,6.675453041680e-4
development,7d29a6f304b1ce58,2400,evaluation,43,105,19,1,0,-0.01000000,-0.02000000,3.722449764609e-4
development,7d29a6f304b1ce58,2400,evaluation,44,106,18,0,1,-0.02000000,0.01000000,2.729830739554e-4
development,7d29a6f304b1ce58,2400,evaluation,44,106,18,1,0,-0.01000000,0.02000000,2.954692172352e-4
development,7d29a6f304b1ce58,2400,evaluation,45,107,17,0,0,0.00000000,-0.02000000,2.702459169086e-4
development,7d29a6f304b1ce58,2400,evaluation,45,107,17,1,1,-0.02000000,-0.01000000,1.517273485661e-4
development,7d29a6f304b1ce58,2400,evaluation,46,108,16,0,0,-0.02000000,-0.02000000,-2.454776840750e-4
development,7d29a6f304b1ce58,2400,evaluation,46,108,16,1,1,-0.01000000,-0.01000000,-9.146394586423e-5
development,7d29a6f304b1ce58,2400,evaluation,47,109,15,0,1,-0.02000000,0.01000000,1.915233879117e-4
development,7d29a6f304b1ce58,2400,evaluation,47,109,15,1,0,-0.01000000,0.02000000,-1.643877476454e-4
development,7d29a6f304b1ce58,2400,evaluation,48,110,14,0,1,-0.02000000,0.01000000,8.184462785721e-6
development,7d29a6f304b1ce58,2400,evaluation,48,110,14,1,0,-0.01000000,0.02000000,-7.992330938578e-5
development,7d29a6f304b1ce58,2400,evaluation,49,111,13,0,1,0.00000000,-0.01000000,5.092676728964e-4
development,7d29a6f304b1ce58,2400,evaluation,49,111,13,1,0,-0.02000000,-0.02000000,9.522084146738e-4
development,7d29a6f304b1ce58,2400,evaluation,50,112,12,0,1,-0.02000000,-0.01000000,-2.547098847572e-4
development,7d29a6f304b1ce58,2400,evaluation,50,112,12,1,0,-0.01000000,-0.02000000,9.574027353665e-5
development,7d29a6f304b1ce58,2400,evaluation,51,113,11,0,0,0.02000000,-0.02000000,-9.071324020624e-4
development,7d29a6f304b1ce58,2400,evaluation,51,113,11,1,1,0.01000000,-0.01000000,-4.139943048358e-4
development,7d29a6f304b1ce58,2400,evaluation,52,114,10,0,0,-0.02000000,-0.02000000,-1.403155387379e-3
development,7d29a6f304b1ce58,2400,evaluation,52,114,10,1,1,-0.01000000,-0.01000000,-6.572513957508e-4
development,7d29a6f304b1ce58,2400,evaluation,53,115,9,0,0,0.00000000,0.02000000,1.559245138196e-4
development,7d29a6f304b1ce58,2400,evaluation,53,115,9,1,1,-0.02000000,0.01000000,9.980549657485e-5
development,7d29a6f304b1ce58,2400,evaluation,54,116,8,0,0,-0.02000000,-0.02000000,-1.526363193989e-4
development,7d29a6f304b1ce58,2400,evaluation,54,116,8,1,1,-0.01000000,-0.01000000,-4.259993511369e-5
development,7d29a6f304b1ce58,2400,evaluation,55,117,7,0,0,0.02000000,-0.02000000,1.890361309052e-4
development,7d29a6f304b1ce58,2400,evaluation,55,117,7,1,1,0.01000000,-0.01000000,9.558722376823e-5
development,7d29a6f304b1ce58,2400,evaluation,56,118,6,0,1,-0.02000000,0.01000000,4.881784843747e-4
development,7d29a6f304b1ce58,2400,evaluation,56,118,6,1,0,-0.01000000,0.02000000,1.301486045122e-4
development,7d29a6f304b1ce58,2400,evaluation,57,119,5,0,0,0.00000000,0.02000000,1.956683845492e-4
development,7d29a6f304b1ce58,2400,evaluation,57,119,5,1,1,-0.02000000,0.01000000,1.027913167491e-4
development,7d29a6f304b1ce58,2400,evaluation,58,120,4,0,1,0.02000000,0.01000000,1.004599034786e-4
development,7d29a6f304b1ce58,2400,evaluation,58,120,4,1,0,0.01000000,0.02000000,-5.077632886241e-5
development,7d29a6f304b1ce58,2400,evaluation,59,121,3,0,1,-0.02000000,0.01000000,3.118723107036e-4
development,7d29a6f304b1ce58,2400,evaluation,59,121,3,1,0,-0.01000000,0.02000000,1.779751182767e-4
development,7d29a6f304b1ce58,2400,evaluation,60,122,2,0,1,-0.02000000,0.01000000,-9.221086656908e-5
development,7d29a6f304b1ce58,2400,evaluation,60,122,2,1,0,-0.01000000,0.02000000,8.522471034667e-5
development,7d29a6f304b1ce58,2400,evaluation,61,0,1,0,1,-0.02000000,-0.01000000,-4.961916129105e-4
development,7d29a6f304b1ce58,2400,evaluation,61,0,1,1,0,-0.01000000,-0.02000000,-4.282901063561e-4
development,7d29a6f304b1ce58,4200,development,1,18,16,0,1,-0.02000000,0.01000000,-1.971833407879e-4
development,7d29a6f304b1ce58,4200,development,1,18,16,1,0,-0.01000000,0.02000000,-1.515001058578e-4
development,7d29a6f304b1ce58,4200,development,3,20,14,0,1,0.02000000,-0.01000000,-5.535048549064e-4
development,7d29a6f304b1ce58,4200,development,3,20,14,1,0,0.01000000,-0.02000000,-6.385408341885e-4
development,7d29a6f304b1ce58,4200,development,4,21,13,0,0,-0.02000000,-0.01000000,9.621232748032e-4
development,7d29a6f304b1ce58,4200,development,4,21,13,1,1,-0.01000000,-0.00500000,6.308034062386e-4
development,7d29a6f304b1ce58,4200,development,5,22,12,0,1,0.00500000,0.01000000,-4.544506373350e-4
development,7d29a6f304b1ce58,4200,development,5,22,12,1,0,0.01000000,0.02000000,-9.954720735550e-4
development,7d29a6f304b1ce58,4200,development,6,23,11,0,1,-0.02000000,-0.01000000,-9.097773581743e-4
development,7d29a6f304b1ce58,4200,development,6,23,11,1,0,-0.01000000,-0.02000000,1.695584505796e-4
development,7d29a6f304b1ce58,4200,development,7,24,10,0,0,-0.02000000,0.02000000,-4.316369540902e-6
development,7d29a6f304b1ce58,4200,development,7,24,10,1,1,-0.01000000,0.01000000,6.469028448919e-5
development,7d29a6f304b1ce58,4200,development,8,25,9,0,0,-0.02000000,0.02000000,8.635098492960e-5
development,7d29a6f304b1ce58,4200,development,8,25,9,1,1,-0.01000000,0.01000000,7.640259718755e-5
development,7d29a6f304b1ce58,4200,development,9,26,8,0,0,-0.02000000,-0.02000000,8.664435590617e-4
development,7d29a6f304b1ce58,4200,development,9,26,8,1,1,-0.01000000,-0.01000000,4.488012345973e-4
development,7d29a6f304b1ce58,4200,development,10,27,7,0,0,-0.02000000,-0.02000000,-1.431970595149e-4
development,7d29a6f304b1ce58,4200,development,10,27,7,1,1,-0.01000000,-0.01000000,-6.901472806931e-5
development,7d29a6f304b1ce58,4200,development,11,28,6,0,1,-0.02000000,0.01000000,-3.703186812345e-4
development,7d29a6f304b1ce58,4200,development,11,28,6,1,0,-0.01000000,0.02000000,-1.881880016299e-4
development,7d29a6f304b1ce58,4200,development,12,29,5,0,0,0.02000000,0.02000000,4.086004046258e-4
development,7d29a6f304b1ce58,4200,development,12,29,5,1,1,0.01000000,0.01000000,2.189328224631e-4
development,7d29a6f304b1ce58,4200,development,13,30,4,0,1,-0.02000000,0.01000000,-2.374686300755e-5
development,7d29a6f304b1ce58,4200,development,13,30,4,1,0,-0.01000000,0.02000000,-4.334561526775e-5
development,7d29a6f304b1ce58,4200,development,14,31,3,0,1,0.00500000,0.01000000,-3.747021255549e-4
development,7d29a6f304b1ce58,4200,development,14,31,3,1,0,0.01000000,0.02000000,-7.707166369073e-4
development,7d29a6f304b1ce58,4200,development,15,32,2,0,1,0.02000000,0.01000000,4.298947751522e-4
development,7d29a6f304b1ce58,4200,development,15,32,2,1,0,0.01000000,0.02000000,5.582608282566e-4
development,7d29a6f304b1ce58,4200,development,16,33,1,0,0,0.02000000,0.01000000,2.504239382688e-4
development,7d29a6f304b1ce58,4200,development,16,33,1,1,1,0.01000000,0.00500000,1.272931694984e-4
development,7d29a6f304b1ce58,4200,development,17,34,0,0,1,0.02000000,0.01000000,6.191929423949e-5
development,7d29a6f304b1ce58,4200,development,17,34,0,1,0,0.01000000,0.02000000,-1.317895948887e-4
development,7d29a6f304b1ce58,4200,development,18,35,122,0,0,0.02000000,0.02000000,1.722735614749e-4
development,7d29a6f304b1ce58,4200,development,18,35,122,1,1,0.01000000,0.01000000,9.129071986536e-5
development,7d29a6f304b1ce58,4200,development,19,36,121,0,1,0.02000000,-0.01000000,-1.934214233188e-4
development,7d29a6f304b1ce58,4200,development,19,36,121,1,0,0.01000000,-0.02000000,1.115196719184e-4
development,7d29a6f304b1ce58,4200,development,20,37,120,0,1,0.02000000,0.01000000,9.725491509016e-6
development,7d29a6f304b1ce58,4200,development,20,37,120,1,0,0.01000000,0.02000000,6.055955964257e-5
development,7d29a6f304b1ce58,4200,development,21,38,119,0,0,0.02000000,0.00000000,-2.714699658100e-4
development,7d29a6f304b1ce58,4200,development,21,38,119,1,1,0.01000000,-0.02000000,-9.112121915678e-5
development,7d29a6f304b1ce58,4200,development,22,39,118,0,1,0.02000000,0.01000000,1.521048397990e-4
development,7d29a6f304b1ce58,4200,development,22,39,118,1,0,0.01000000,0.02000000,-1.481113285990e-4
development,7d29a6f304b1ce58,4200,development,23,40,117,0,1,-0.02000000,0.01000000,-1.473103930039e-5
development,7d29a6f304b1ce58,4200,development,23,40,117,1,0,-0.01000000,0.02000000,7.827207446098e-5
development,7d29a6f304b1ce58,4200,development,24,41,116,0,0,0.02000000,0.02000000,2.058235259028e-4
development,7d29a6f304b1ce58,4200,development,24,41,116,1,1,0.01000000,0.01000000,1.080818474293e-4
development,7d29a6f304b1ce58,4200,development,25,42,115,0,1,-0.02000000,-0.02000000,-7.457906758646e-5
development,7d29a6f304b1ce58,4200,development,25,42,115,1,0,-0.01000000,0.00000000,-3.604094308685e-5
development,7d29a6f304b1ce58,4200,development,26,43,114,0,1,-0.02000000,0.01000000,-6.872974336147e-5
development,7d29a6f304b1ce58,4200,development,26,43,114,1,0,-0.01000000,0.02000000,-1.047470941558e-4
development,7d29a6f304b1ce58,4200,development,27,44,113,0,1,-0.02000000,0.01000000,1.180420294986e-4
development,7d29a6f304b1ce58,4200,development,27,44,113,1,0,-0.01000000,0.02000000,1.431846321793e-4
development,7d29a6f304b1ce58,4200,development,28,45,112,0,1,-0.02000000,0.01000000,5.349765342544e-5
development,7d29a6f304b1ce58,4200,development,28,45,112,1,0,-0.01000000,0.02000000,1.278382987948e-4
development,7d29a6f304b1ce58,4200,development,29,46,111,0,0,-0.02000000,0.00000000,1.235182116943e-5
development,7d29a6f304b1ce58,4200,development,29,46,111,1,1,-0.01000000,-0.02000000,6.175289399835e-6
development,7d29a6f304b1ce58,4200,development,30,47,110,0,1,-0.02000000,-0.01000000,-2.810446021613e-4
development,7d29a6f304b1ce58,4200,development,30,47,110,1,0,-0.01000000,-0.02000000,-1.817302108975e-4
development,7d29a6f304b1ce58,4200,development,31,48,109,0,1,0.00000000,-0.01000000,1.602284610271e-4
development,7d29a6f304b1ce58,4200,development,31,48,109,1,0,-0.02000000,-0.02000000,3.192828444298e-4
development,7d29a6f304b1ce58,4200,development,32,49,108,0,0,0.00000000,-0.02000000,6.082095205784e-5
development,7d29a6f304b1ce58,4200,development,32,49,108,1,1,-0.02000000,-0.01000000,3.619554263423e-5
development,7d29a6f304b1ce58,4200,development,33,50,107,0,0,0.00000000,0.00000000,0.000000000000e0
development,7d29a6f304b1ce58,4200,development,33,50,107,1,1,-0.02000000,-0.02000000,0.000000000000e0
development,7d29a6f304b1ce58,4200,development,34,51,106,0,0,0.00000000,-0.02000000,2.220645546913e-5
development,7d29a6f304b1ce58,4200,development,34,51,106,1,1,-0.02000000,-0.01000000,1.148134469986e-5
development,7d29a6f304b1ce58,4200,development,35,52,105,0,1,0.00000000,-0.01000000,2.138527779607e-4
development,7d29a6f304b1ce58,4200,development,35,52,105,1,0,-0.02000000,-0.02000000,4.246936587151e-4
development,7d29a6f304b1ce58,4200,development,36,53,104,0,0,0.00000000,-0.02000000,7.633430504939e-5
development,7d29a6f304b1ce58,4200,development,36,53,104,1,1,-0.02000000,-0.01000000,5.286869782140e-5
development,7d29a6f304b1ce58,4200,development,37,54,103,0,0,0.00000000,0.00000000,0.000000000000e0
development,7d29a6f304b1ce58,4200,development,37,54,103,1,1,-0.02000000,-0.02000000,0.000000000000e0
development,7d29a6f304b1ce58,4200,development,38,55,102,0,1,0.00000000,0.01000000,1.703140587779e-4
development,7d29a6f304b1ce58,4200,development,38,55,102,1,0,-0.02000000,0.02000000,2.911314368248e-4
development,7d29a6f304b1ce58,4200,development,39,56,101,0,0,-0.02000000,0.02000000,1.959620713023e-4
development,7d29a6f304b1ce58,4200,development,39,56,101,1,1,-0.01000000,0.01000000,1.037425026880e-4
development,7d29a6f304b1ce58,4200,development,40,57,100,0,1,-0.02000000,0.01000000,-6.200807547430e-5
development,7d29a6f304b1ce58,4200,development,40,57,100,1,0,-0.01000000,0.02000000,-7.293311500689e-5
development,7d29a6f304b1ce58,4200,development,41,58,99,0,1,-0.02000000,-0.02000000,1.768395304680e-5
development,7d29a6f304b1ce58,4200,development,41,58,99,1,0,-0.01000000,0.00000000,1.597839036549e-5
development,7d29a6f304b1ce58,4200,development,42,59,98,0,1,0.00500000,0.01000000,5.297673124005e-5
development,7d29a6f304b1ce58,4200,development,42,59,98,1,0,0.01000000,0.02000000,1.056641340256e-4
development,7d29a6f304b1ce58,4200,development,43,60,97,0,1,-0.02000000,0.01000000,-2.872142940760e-4
development,7d29a6f304b1ce58,4200,development,43,60,97,1,0,-0.01000000,0.02000000,1.176657751785e-4
development,7d29a6f304b1ce58,4200,development,44,61,96,0,1,0.02000000,0.01000000,-5.324060839484e-5
development,7d29a6f304b1ce58,4200,development,44,61,96,1,0,0.01000000,0.02000000,-8.424744009972e-5
development,7d29a6f304b1ce58,4200,development,45,62,95,0,1,-0.02000000,-0.02000000,-1.575443893671e-4
development,7d29a6f304b1ce58,4200,development,45,62,95,1,0,-0.01000000,0.00000000,-5.341010910342e-5
development,7d29a6f304b1ce58,4200,development,46,63,94,0,1,0.02000000,-0.01000000,-6.522554904222e-4
development,7d29a6f304b1ce58,4200,development,46,63,94,1,0,0.01000000,-0.02000000,-5.042434786446e-4
development,7d29a6f304b1ce58,4200,development,47,64,93,0,1,0.02000000,0.01000000,1.614360808162e-4
development,7d29a6f304b1ce58,4200,development,47,64,93,1,0,0.01000000,0.02000000,2.136547118425e-4
development,7d29a6f304b1ce58,4200,development,48,65,92,0,1,-0.02000000,0.01000000,-2.401738165645e-4
development,7d29a6f304b1ce58,4200,development,48,65,92,1,0,-0.01000000,0.02000000,-1.838641910581e-4
development,7d29a6f304b1ce58,4200,development,49,66,91,0,1,0.02000000,-0.02000000,9.640058124205e-5
development,7d29a6f304b1ce58,4200,development,49,66,91,1,0,0.01000000,0.00000000,5.746384340455e-5
development,7d29a6f304b1ce58,4200,development,50,67,90,0,1,0.02000000,-0.01000000,-2.039285936917e-5
development,7d29a6f304b1ce58,4200,development,50,67,90,1,0,0.01000000,-0.02000000,-8.623240137240e-5
development,7d29a6f304b1ce58,4200,development,51,68,89,0,0,-0.02000000,0.02000000,5.361971561797e-4
development,7d29a6f304b1ce58,4200,development,51,68,89,1,1,-0.01000000,0.01000000,3.233502211515e-4
development,7d29a6f304b1ce58,4200,development,52,69,88,0,1,0.02000000,-0.01000000,-7.772756362101e-5
development,7d29a6f304b1ce58,4200,development,52,69,88,1,0,0.01000000,-0.00500000,-3.340964394738e-5
development,7d29a6f304b1ce58,4200,development,53,70,87,0,0,-0.02000000,0.00000000,1.077136621461e-4
development,7d29a6f304b1ce58,4200,development,53,70,87,1,1,-0.01000000,-0.02000000,5.644001066685e-5
development,7d29a6f304b1ce58,4200,development,54,71,86,0,0,0.02000000,0.00000000,-6.271774327615e-5
development,7d29a6f304b1ce58,4200,development,54,71,86,1,1,0.01000000,-0.02000000,-2.786082586681e-5
development,7d29a6f304b1ce58,4200,development,55,72,85,0,1,-0.02000000,-0.02000000,-1.771996467141e-4
development,7d29a6f304b1ce58,4200,development,55,72,85,1,0,-0.01000000,0.00000000,-7.466040551662e-5
development,7d29a6f304b1ce58,4200,development,56,73,84,0,1,0.02000000,-0.02000000,-2.990247157868e-4
development,7d29a6f304b1ce58,4200,development,56,73,84,1,0,0.01000000,0.00000000,-1.451727002859e-4
development,7d29a6f304b1ce58,4200,development,57,74,83,0,1,-0.02000000,-0.02000000,-2.169863582822e-4
development,7d29a6f304b1ce58,4200,development,57,74,83,1,0,-0.01000000,0.00000000,-8.616410195827e-5
development,7d29a6f304b1ce58,4200,development,58,75,82,0,0,-0.02000000,0.00000000,-8.490184700349e-5
development,7d29a6f304b1ce58,4200,development,58,75,82,1,1,-0.01000000,-0.02000000,-3.746772927116e-5
development,7d29a6f304b1ce58,4200,development,59,76,81,0,0,0.02000000,0.00000000,-7.795232231729e-4
development,7d29a6f304b1ce58,4200,development,59,76,81,1,1,0.01000000,-0.02000000,-3.601169737522e-4
development,7d29a6f304b1ce58,4200,development,60,77,80,0,1,-0.02000000,-0.02000000,-2.647874352988e-4
development,7d29a6f304b1ce58,4200,development,60,77,80,1,0,-0.01000000,0.00000000,-9.723007678986e-5
development,7d29a6f304b1ce58,4200,development,61,78,79,0,1,0.02000000,-0.01000000,-8.720687474124e-4
development,7d29a6f304b1ce58,4200,development,61,78,79,1,0,0.01000000,-0.02000000,-1.723994850181e-3
development,7d29a6f304b1ce58,4200,evaluation,1,18,16,0,0,-0.02000000,0.02000000,-3.060251474380e-4
development,7d29a6f304b1ce58,4200,evaluation,1,18,16,1,1,-0.01000000,0.01000000,-7.578544318676e-5
development,7d29a6f304b1ce58,4200,evaluation,3,20,14,0,0,0.02000000,-0.02000000,-8.627890492789e-4
development,7d29a6f304b1ce58,4200,evaluation,3,20,14,1,1,0.01000000,-0.01000000,-3.423026355449e-4
development,7d29a6f304b1ce58,4200,evaluation,4,21,13,0,1,-0.02000000,-0.00500000,1.168551505543e-3
development,7d29a6f304b1ce58,4200,evaluation,4,21,13,1,0,-0.01000000,-0.01000000,4.243751463946e-4
development,7d29a6f304b1ce58,4200,evaluation,5,22,12,0,0,0.00500000,0.02000000,-5.640828167088e-4
development,7d29a6f304b1ce58,4200,evaluation,5,22,12,1,1,0.01000000,0.01000000,-9.257290512323e-4
development,7d29a6f304b1ce58,4200,evaluation,6,23,11,0,0,-0.02000000,-0.02000000,-4.644213768188e-4
development,7d29a6f304b1ce58,4200,evaluation,6,23,11,1,1,-0.01000000,-0.01000000,-1.833966671256e-4
development,7d29a6f304b1ce58,4200,evaluation,7,24,10,0,1,-0.02000000,0.01000000,5.880619210075e-5
development,7d29a6f304b1ce58,4200,evaluation,7,24,10,1,0,-0.01000000,0.02000000,-2.201025608883e-6
development,7d29a6f304b1ce58,4200,evaluation,8,25,9,0,1,-0.02000000,0.01000000,5.468353629112e-5
development,7d29a6f304b1ce58,4200,evaluation,8,25,9,1,0,-0.01000000,0.02000000,1.137455328717e-4
development,7d29a6f304b1ce58,4200,evaluation,9,26,8,0,1,-0.02000000,-0.01000000,4.846608790103e-4
development,7d29a6f304b1ce58,4200,evaluation,9,26,8,1,0,-0.01000000,-0.02000000,8.067463641055e-4
development,7d29a6f304b1ce58,4200,evaluation,10,27,7,0,1,-0.02000000,-0.01000000,-5.722977221012e-5
development,7d29a6f304b1ce58,4200,evaluation,10,27,7,1,0,-0.01000000,-0.02000000,-1.547615975142e-4
development,7d29a6f304b1ce58,4200,evaluation,11,28,6,0,0,-0.02000000,0.02000000,-3.903309407178e-4
development,7d29a6f304b1ce58,4200,evaluation,11,28,6,1,1,-0.01000000,0.01000000,-1.664341689320e-4
development,7d29a6f304b1ce58,4200,evaluation,12,29,5,0,1,0.02000000,0.01000000,2.064916043309e-4
development,7d29a6f304b1ce58,4200,evaluation,12,29,5,1,0,0.01000000,0.02000000,4.167960432824e-4
development,7d29a6f304b1ce58,4200,evaluation,13,30,4,0,0,-0.02000000,0.02000000,-5.044601857662e-5
development,7d29a6f304b1ce58,4200,evaluation,13,30,4,1,1,-0.01000000,0.01000000,-7.586553692818e-6
development,7d29a6f304b1ce58,4200,evaluation,14,31,3,0,0,0.00500000,0.02000000,-6.047151982784e-4
development,7d29a6f304b1ce58,4200,evaluation,14,31,3,1,1,0.01000000,0.01000000,-5.407581920736e-4
development,7d29a6f304b1ce58,4200,evaluation,15,32,2,0,0,0.02000000,0.02000000,6.535903667100e-4
development,7d29a6f304b1ce58,4200,evaluation,15,32,2,1,1,0.01000000,0.01000000,3.345254808664e-4
development,7d29a6f304b1ce58,4200,evaluation,16,33,1,0,1,0.02000000,0.00500000,3.082243201789e-4
development,7d29a6f304b1ce58,4200,evaluation,16,33,1,1,0,0.01000000,0.01000000,6.951267278055e-5
development,7d29a6f304b1ce58,4200,evaluation,17,34,0,0,0,0.02000000,0.02000000,-1.014228910208e-4
development,7d29a6f304b1ce58,4200,evaluation,17,34,0,1,1,0.01000000,0.01000000,1.807883381844e-5
development,7d29a6f304b1ce58,4200,evaluation,18,35,122,0,1,0.02000000,0.01000000,1.533155591460e-4
development,7d29a6f304b1ce58,4200,evaluation,18,35,122,1,0,0.01000000,0.02000000,1.101655288949e-4
development,7d29a6f304b1ce58,4200,evaluation,19,36,121,0,0,0.02000000,-0.02000000,-1.430337579222e-4
development,7d29a6f304b1ce58,4200,evaluation,19,36,121,1,1,0.01000000,-0.01000000,5.640399831464e-5
development,7d29a6f304b1ce58,4200,evaluation,20,37,120,0,0,0.02000000,0.02000000,4.135196286370e-5
development,7d29a6f304b1ce58,4200,evaluation,20,37,120,1,1,0.01000000,0.01000000,2.745414712990e-5
development,7d29a6f304b1ce58,4200,evaluation,21,38,119,0,1,0.02000000,-0.02000000,-2.714699658100e-4
development,7d29a6f304b1ce58,4200,evaluation,21,38,119,1,0,0.01000000,0.00000000,-9.112121915678e-5
development,7d29a6f304b1ce58,4200,evaluation,22,39,118,0,0,0.02000000,0.02000000,-2.012277582253e-5
development,7d29a6f304b1ce58,4200,evaluation,22,39,118,1,1,0.01000000,0.01000000,2.396479249001e-5
development,7d29a6f304b1ce58,4200,evaluation,23,40,117,0,0,-0.02000000,0.02000000,4.059324783157e-5
development,7d29a6f304b1ce58,4200,evaluation,23,40,117,1,1,-0.01000000,0.01000000,2.225115895271e-5
development,7d29a6f304b1ce58,4200,evaluation,24,41,116,0,1,0.02000000,0.01000000,1.536483614473e-4
development,7d29a6f304b1ce58,4200,evaluation,24,41,116,1,0,0.01000000,0.02000000,1.599664537935e-4
development,7d29a6f304b1ce58,4200,evaluation,25,42,115,0,0,-0.02000000,0.00000000,-7.457906758646e-5
development,7d29a6f304b1ce58,4200,evaluation,25,42,115,1,1,-0.01000000,-0.02000000,-3.604094308685e-5
development,7d29a6f304b1ce58,4200,evaluation,26,43,114,0,0,-0.02000000,0.02000000,-1.163724809885e-4
development,7d29a6f304b1ce58,4200,evaluation,26,43,114,1,1,-0.01000000,0.01000000,-5.747812610934e-5
development,7d29a6f304b1ce58,4200,evaluation,27,44,113,0,0,-0.02000000,0.02000000,1.725517213345e-4
development,7d29a6f304b1ce58,4200,evaluation,27,44,113,1,1,-0.01000000,0.01000000,8.803047239780e-5
development,7d29a6f304b1ce58,4200,evaluation,28,45,112,0,0,-0.02000000,0.02000000,1.039567068801e-4
development,7d29a6f304b1ce58,4200,evaluation,28,45,112,1,1,-0.01000000,0.01000000,7.114931941032e-5
development,7d29a6f304b1ce58,4200,evaluation,29,46,111,0,1,-0.02000000,-0.02000000,1.235182116943e-5
development,7d29a6f304b1ce58,4200,evaluation,29,46,111,1,0,-0.01000000,0.00000000,6.175289399835e-6
development,7d29a6f304b1ce58,4200,evaluation,30,47,110,0,0,-0.02000000,-0.02000000,-3.374063817319e-4
development,7d29a6f304b1ce58,4200,evaluation,30,47,110,1,1,-0.01000000,-0.01000000,-1.300126314163e-4
development,7d29a6f304b1ce58,4200,evaluation,31,48,109,0,0,0.00000000,-0.02000000,3.192828444298e-4
development,7d29a6f304b1ce58,4200,evaluation,31,48,109,1,1,-0.02000000,-0.01000000,1.602284610271e-4
development,7d29a6f304b1ce58,4200,evaluation,32,49,108,0,1,0.00000000,-0.01000000,3.619554263423e-5
development,7d29a6f304b1ce58,4200,evaluation,32,49,108,1,0,-0.02000000,-0.02000000,6.082095205784e-5
development,7d29a6f304b1ce58,4200,evaluation,33,50,107,0,1,0.00000000,-0.02000000,0.000000000000e0
development,7d29a6f304b1ce58,4200,evaluation,33,50,107,1,0,-0.02000000,0.00000000,0.000000000000e0
development,7d29a6f304b1ce58,4200,evaluation,34,51,106,0,1,0.00000000,-0.01000000,1.148134469986e-5
development,7d29a6f304b1ce58,4200,evaluation,34,51,106,1,0,-0.02000000,-0.02000000,2.220645546913e-5
development,7d29a6f304b1ce58,4200,evaluation,35,52,105,0,0,0.00000000,-0.02000000,4.246936587151e-4
development,7d29a6f304b1ce58,4200,evaluation,35,52,105,1,1,-0.02000000,-0.01000000,2.138527779607e-4
development,7d29a6f304b1ce58,4200,evaluation,36,53,104,0,1,0.00000000,-0.01000000,5.286869782140e-5
development,7d29a6f304b1ce58,4200,evaluation,36,53,104,1,0,-0.02000000,-0.02000000,7.633430504939e-5
development,7d29a6f304b1ce58,4200,evaluation,37,54,103,0,1,0.00000000,-0.02000000,0.000000000000e0
development,7d29a6f304b1ce58,4200,evaluation,37,54,103,1,0,-0.02000000,0.00000000,0.000000000000e0
development,7d29a6f304b1ce58,4200,evaluation,38,55,102,0,0,0.00000000,0.02000000,2.911314368248e-4
development,7d29a6f304b1ce58,4200,evaluation,38,55,102,1,1,-0.02000000,0.01000000,1.703140587779e-4
development,7d29a6f304b1ce58,4200,evaluation,39,56,101,0,1,-0.02000000,0.01000000,9.854758536676e-5
development,7d29a6f304b1ce58,4200,evaluation,39,56,101,1,0,-0.01000000,0.02000000,2.029910683632e-4
development,7d29a6f304b1ce58,4200,evaluation,40,57,100,0,0,-0.02000000,0.02000000,-9.266100823879e-5
development,7d29a6f304b1ce58,4200,evaluation,40,57,100,1,1,-0.01000000,0.01000000,-4.337541759014e-5
development,7d29a6f304b1ce58,4200,evaluation,41,58,99,0,0,-0.02000000,0.00000000,1.768395304680e-5
development,7d29a6f304b1ce58,4200,evaluation,41,58,99,1,1,-0.01000000,-0.02000000,1.597839036549e-5
development,7d29a6f304b1ce58,4200,evaluation,42,59,98,0,0,0.00500000,0.02000000,1.106082127080e-4
development,7d29a6f304b1ce58,4200,evaluation,42,59,98,1,1,0.01000000,0.01000000,4.769240695168e-5
development,7d29a6f304b1ce58,4200,evaluation,43,60,97,0,0,-0.02000000,0.02000000,-1.370664685965e-4
development,7d29a6f304b1ce58,4200,evaluation,43,60,97,1,1,-0.01000000,0.01000000,-3.348042446305e-5
development,7d29a6f304b1ce58,4200,evaluation,44,61,96,0,0,0.02000000,0.02000000,-9.515633428236e-5
development,7d29a6f304b1ce58,4200,evaluation,44,61,96,1,1,0.01000000,0.01000000,-4.072238880326e-5
development,7d29a6f304b1ce58,4200,evaluation,45,62,95,0,0,-0.02000000,0.00000000,-1.575443893671e-4
development,7d29a6f304b1ce58,4200,evaluation,45,62,95,1,1,-0.01000000,-0.02000000,-5.341010910342e-5
development,7d29a6f304b1ce58,4200,evaluation,46,63,94,0,0,0.02000000,-0.02000000,-8.608351345174e-4
development,7d29a6f304b1ce58,4200,evaluation,46,63,94,1,1,0.01000000,-0.01000000,-3.301377000753e-4
development,7d29a6f304b1ce58,4200,evaluation,47,64,93,0,0,0.02000000,0.02000000,2.133746893378e-4
development,7d29a6f304b1ce58,4200,evaluation,47,64,93,1,1,0.01000000,0.01000000,1.437148748664e-4
development,7d29a6f304b1ce58,4200,evaluation,48,65,92,0,0,-0.02000000,0.02000000,-2.905136498157e-4
development,7d29a6f304b1ce58,4200,evaluation,48,65,92,1,1,-0.01000000,0.01000000,-1.332964748144e-4
development,7d29a6f304b1ce58,4200,evaluation,49,66,91,0,0,0.02000000,0.00000000,9.640058124205e-5
development,7d29a6f304b1ce58,4200,evaluation,49,66,91,1,1,0.01000000,-0.02000000,5.746384340455e-5
development,7d29a6f304b1ce58,4200,evaluation,50,67,90,0,0,0.02000000,-0.02000000,-7.244385778904e-5
development,7d29a6f304b1ce58,4200,evaluation,50,67,90,1,1,0.01000000,-0.01000000,-3.408826887608e-5
development,7d29a6f304b1ce58,4200,evaluation,51,68,89,0,1,-0.02000000,0.01000000,2.980362623930e-4
development,7d29a6f304b1ce58,4200,evaluation,51,68,89,1,0,-0.01000000,0.02000000,5.582720041275e-4
development,7d29a6f304b1ce58,4200,evaluation,52,69,88,0,0,0.02000000,-0.00500000,-8.523836731911e-5
development,7d29a6f304b1ce58,4200,evaluation,52,69,88,1,1,0.01000000,-0.01000000,-2.558839878475e-5
development,7d29a6f304b1ce58,4200,evaluation,53,70,87,0,1,-0.02000000,-0.02000000,1.077136621461e-4
development,7d29a6f304b1ce58,4200,evaluation,53,70,87,1,0,-0.01000000,0.00000000,5.644001066685e-5
development,7d29a6f304b1ce58,4200,evaluation,54,71,86,0,1,0.02000000,-0.02000000,-6.271774327615e-5
development,7d29a6f304b1ce58,4200,evaluation,54,71,86,1,0,0.01000000,0.00000000,-2.786082586681e-5
development,7d29a6f304b1ce58,4200,evaluation,55,72,85,0,0,-0.02000000,0.00000000,-1.771996467141e-4
development,7d29a6f304b1ce58,4200,evaluation,55,72,85,1,1,-0.01000000,-0.02000000,-7.466040551662e-5
development,7d29a6f304b1ce58,4200,evaluation,56,73,84,0,0,0.02000000,0.00000000,-2.990247157868e-4
development,7d29a6f304b1ce58,4200,evaluation,56,73,84,1,1,0.01000000,-0.02000000,-1.451727002859e-4
development,7d29a6f304b1ce58,4200,evaluation,57,74,83,0,0,-0.02000000,0.00000000,-2.169863582822e-4
development,7d29a6f304b1ce58,4200,evaluation,57,74,83,1,1,-0.01000000,-0.02000000,-8.616410195827e-5
development,7d29a6f304b1ce58,4200,evaluation,58,75,82,0,1,-0.02000000,-0.02000000,-8.490184700349e-5
development,7d29a6f304b1ce58,4200,evaluation,58,75,82,1,0,-0.01000000,0.00000000,-3.746772927116e-5
development,7d29a6f304b1ce58,4200,evaluation,59,76,81,0,1,0.02000000,-0.02000000,-7.795232231729e-4
development,7d29a6f304b1ce58,4200,evaluation,59,76,81,1,0,0.01000000,0.00000000,-3.601169737522e-4
development,7d29a6f304b1ce58,4200,evaluation,60,77,80,0,0,-0.02000000,0.00000000,-2.647874352988e-4
development,7d29a6f304b1ce58,4200,evaluation,60,77,80,1,1,-0.01000000,-0.02000000,-9.723007678986e-5
development,7d29a6f304b1ce58,4200,evaluation,61,78,79,0,0,0.02000000,-0.02000000,-1.821852638386e-3
development,7d29a6f304b1ce58,4200,evaluation,61,78,79,1,1,0.01000000,-0.01000000,-7.742109592073e-4
development,b0625e91d83f47ac,600,development,1,108,106,0,0,0.02000000,0.00000000,-8.203648030758e-5
development,b0625e91d83f47ac,600,development,1,108,106,1,1,0.01000000,-0.02000000,-3.973146158387e-5
development,b0625e91d83f47ac,600,development,2,109,105,0,0,0.02000000,0.02000000,1.596286892891e-6
development,b0625e91d83f47ac,600,development,2,109,105,1,1,0.01000000,0.01000000,1.929700374603e-6
development,b0625e91d83f47ac,600,development,3,110,104,0,1,0.02000000,0.01000000,-5.082413554192e-5
development,b0625e91d83f47ac,600,development,3,110,104,1,0,0.01000000,0.02000000,-3.127070885967e-5
development,b0625e91d83f47ac,600,development,4,111,103,0,1,0.00000000,-0.02000000,0.000000000000e0
development,b0625e91d83f47ac,600,development,4,111,103,1,0,-0.02000000,0.00000000,0.000000000000e0
development,b0625e91d83f47ac,600,development,5,112,102,0,0,-0.02000000,0.02000000,-3.794829171966e-5
development,b0625e91d83f47ac,600,development,5,112,102,1,1,-0.01000000,0.01000000,-1.832408270275e-5
development,b0625e91d83f47ac,600,development,6,113,101,0,1,-0.02000000,-0.01000000,1.901946961880e-4
development,b0625e91d83f47ac,600,development,6,113,101,1,0,-0.01000000,-0.02000000,4.522564631770e-5
development,b0625e91d83f47ac,600,development,7,114,100,0,0,0.00000000,-0.02000000,2.515334635973e-4
development,b0625e91d83f47ac,600,development,7,114,100,1,1,-0.02000000,-0.01000000,1.269206404686e-4
development,b0625e91d83f47ac,600,development,8,115,99,0,0,0.00000000,0.00000000,0.000000000000e0
development,b0625e91d83f47ac,600,development,8,115,99,1,1,-0.02000000,-0.02000000,0.000000000000e0
development,b0625e91d83f47ac,600,development,9,116,98,0,1,-0.02000000,-0.02000000,-3.383470175322e-4
development,b0625e91d83f47ac,600,development,9,116,98,1,0,-0.01000000,0.00000000,-1.678528933553e-4
development,b0625e91d83f47ac,600,development,10,117,97,0,1,-0.02000000,-0.01000000,-3.768255191972e-5
development,b0625e91d83f47ac,600,development,10,117,97,1,0,-0.01000000,-0.02000000,-1.924478710862e-4
development,b0625e91d83f47ac,600,development,11,118,96,0,0,-0.02000000,-0.02000000,2.192755491706e-4
development,b0625e91d83f47ac,600,development,11,118,96,1,1,-0.01000000,-0.01000000,1.101133748307e-4
development,b0625e91d83f47ac,600,development,12,119,95,0,1,0.00000000,-0.02000000,0.000000000000e0
development,b0625e91d83f47ac,600,development,12,119,95,1,0,-0.02000000,0.00000000,0.000000000000e0
development,b0625e91d83f47ac,600,development,13,120,94,0,1,-0.02000000,0.00500000,1.384336501360e-4
development,b0625e91d83f47ac,600,development,13,120,94,1,0,-0.01000000,0.01000000,1.422340719728e-4
development,b0625e91d83f47ac,600,development,14,121,93,0,0,0.02000000,-0.02000000,-1.239118428202e-4
development,b0625e91d83f47ac,600,development,14,121,93,1,1,0.01000000,-0.01000000,-4.638607424567e-5
development,b0625e91d83f47ac,600,development,15,122,92,0,0,-0.02000000,-0.02000000,-5.439687520266e-4
development,b0625e91d83f47ac,600,development,15,122,92,1,1,-0.01000000,-0.01000000,-2.111227513524e-4
development,b0625e91d83f47ac,600,development,16,0,91,0,1,-0.02000000,-0.02000000,-1.183214317280e-5
development,b0625e91d83f47ac,600,development,16,0,91,1,0,-0.01000000,0.00000000,-7.273629307747e-6
development,b0625e91d83f47ac,600,development,17,1,90,0,0,-0.02000000,0.00000000,-1.498808433098e-5
development,b0625e91d83f47ac,600,development,17,1,90,1,1,-0.01000000,-0.02000000,-6.557131655427e-6
development,b0625e91d83f47ac,600,development,18,2,89,0,0,0.02000000,0.02000000,1.819885073928e-4
development,b0625e91d83f47ac,600,development,18,2,89,1,1,0.01000000,0.01000000,1.440482883481e-4
development,b0625e91d83f47ac,600,development,19,3,88,0,0,-0.02000000,-0.02000000,1.077043543773e-5
development,b0625e91d83f47ac,600,development,19,3,88,1,1,-0.01000000,-0.01000000,1.015948782879e-5
development,b0625e91d83f47ac,600,development,20,4,87,0,1,0.02000000,-0.02000000,-6.462881719926e-5
development,b0625e91d83f47ac,600,development,20,4,87,1,0,0.01000000,0.00000000,-2.881263753807e-5
development,b0625e91d83f47ac,600,development,21,5,86,0,0,0.02000000,0.00000000,1.582435070304e-4
development,b0625e91d83f47ac,600,development,21,5,86,1,1,0.01000000,-0.02000000,8.294917643070e-5
development,b0625e91d83f47ac,600,development,22,6,85,0,0,0.00500000,0.00000000,7.368065416813e-5
development,b0625e91d83f47ac,600,development,22,6,85,1,1,0.00000000,-0.02000000,0.000000000000e0
development,b0625e91d83f47ac,600,development,23,7,84,0,1,-0.02000000,-0.02000000,9.756597137311e-5
development,b0625e91d83f47ac,600,development,23,7,84,1,0,-0.01000000,0.00000000,7.479017222067e-5
development,b0625e91d83f47ac,600,development,24,8,83,0,0,-0.02000000,0.00000000,5.585327744484e-5
development,b0625e91d83f47ac,600,development,24,8,83,1,1,-0.01000000,-0.02000000,2.916654011642e-5
development,b0625e91d83f47ac,600,development,25,9,82,0,0,-0.02000000,0.00000000,3.077772635152e-5
development,b0625e91d83f47ac,600,development,25,9,82,1,1,-0.01000000,-0.02000000,2.570015749370e-5
development,b0625e91d83f47ac,600,development,26,10,81,0,0,-0.02000000,0.00000000,-1.387925149174e-4
development,b0625e91d83f47ac,600,development,26,10,81,1,1,-0.01000000,-0.02000000,-6.534717977047e-5
development,b0625e91d83f47ac,600,development,27,11,80,0,1,-0.02000000,-0.02000000,-1.575083733769e-4
development,b0625e91d83f47ac,600,development,27,11,80,1,0,-0.01000000,0.00000000,-7.795045530656e-5
development,b0625e91d83f47ac,600,development,28,12,79,0,0,-0.02000000,-0.02000000,-2.965952035083e-6
development,b0625e91d83f47ac,600,development,28,12,79,1,1,-0.01000000,-0.01000000,8.628393516119e-6
development,b0625e91d83f47ac,600,development,29,13,78,0,0,-0.02000000,-0.02000000,3.073277475778e-4
development,b0625e91d83f47ac,600,development,29,13,78,1,1,-0.01000000,-0.01000000,1.576691865921e-4
development,b0625e91d83f47ac,600,development,30,14,77,0,0,-0.02000000,-0.02000000,1.853158028098e-4
development,b0625e91d83f47ac,600,development,30,14,77,1,1,-0.01000000,-0.01000000,9.602494537830e-5
development,b0625e91d83f47ac,600,development,31,15,76,0,0,-0.02000000,-0.02000000,8.445294952253e-5
development,b0625e91d83f47ac,600,development,31,15,76,1,1,-0.01000000,-0.01000000,4.367902874947e-5
development,b0625e91d83f47ac,600,development,32,16,75,0,0,-0.02000000,0.02000000,2.087615430355e-4
development,b0625e91d83f47ac,600,development,32,16,75,1,1,-0.01000000,0.01000000,1.688518823357e-4
development,b0625e91d83f47ac,600,development,33,17,74,0,1,0.02000000,-0.01000000,-4.517473280430e-5
development,b0625e91d83f47ac,600,development,33,17,74,1,0,0.01000000,-0.02000000,-8.557736873627e-5
development,b0625e91d83f47ac,600,development,34,18,73,0,1,0.02000000,-0.01000000,-1.709473690426e-5
development,b0625e91d83f47ac,600,development,34,18,73,1,0,0.01000000,-0.02000000,-6.967534773139e-6
development,b0625e91d83f47ac,600,development,35,19,72,0,1,-0.02000000,0.01000000,-2.281311899424e-4
development,b0625e91d83f47ac,600,development,35,19,72,1,0,-0.01000000,0.02000000,-6.138533353806e-5
development,b0625e91d83f47ac,600,development,36,20,71,0,0,-0.02000000,-0.02000000,8.163353049895e-5
development,b0625e91d83f47ac,600,development,36,20,71,1,1,-0.01000000,-0.01000000,5.259178578854e-5
development,b0625e91d83f47ac,600,development,37,21,70,0,1,-0.02000000,0.01000000,-9.763240814209e-5
development,b0625e91d83f47ac,600,development,37,21,70,1,0,-0.01000000,0.02000000,-2.699097058212e-5
development,b0625e91d83f47ac,600,development,38,22,69,0,1,0.02000000,-0.01000000,-3.871383887599e-5
development,b0625e91d83f47ac,600,development,38,22,69,1,0,0.01000000,-0.02000000,1.846812665462e-5
development,b0625e91d83f47ac,600,development,39,23,68,0,1,0.02000000,-0.01000000,7.384022319457e-5
development,b0625e91d83f47ac,600,development,39,23,68,1,0,0.01000000,-0.02000000,5.504178625415e-5
development,b0625e91d83f47ac,600,development,40,24,67,0,0,-0.02000000,-0.02000000,4.212434214423e-5
development,b0625e91d83f47ac,600,development,40,24,67,1,1,-0.01000000,-0.01000000,2.121925354004e-5
development,b0625e91d83f47ac,600,development,41,25,66,0,0,0.02000000,-0.02000000,-6.175910584716e-6
development,b0625e91d83f47ac,600,development,41,25,66,1,1,0.01000000,-0.01000000,-3.064051270485e-6
development,b0625e91d83f47ac,600,development,42,26,65,0,1,-0.02000000,0.01000000,-1.257285475731e-5
development,b0625e91d83f47ac,600,development,42,26,65,1,0,-0.01000000,0.02000000,-2.237036824226e-6
development,b0625e91d83f47ac,600,development,43,27,64,0,1,-0.02000000,-0.01000000,-5.779663842986e-5
development,b0625e91d83f47ac,600,development,43,27,64,1,0,-0.01000000,-0.02000000,-2.040651997959e-5
development,b0625e91d83f47ac,600,development,44,28,63,0,0,-0.02000000,-0.02000000,3.186489266227e-5
development,b0625e91d83f47ac,600,development,44,28,63,1,1,-0.01000000,-0.01000000,2.002281507885e-5
development,b0625e91d83f47ac,600,development,45,29,62,0,0,-0.02000000,-0.02000000,2.167305647163e-4
development,b0625e91d83f47ac,600,development,45,29,62,1,1,-0.01000000,-0.01000000,1.084978357540e-4
development,b0625e91d83f47ac,600,development,46,30,61,0,0,-0.02000000,-0.02000000,-1.023200675263e-4
development,b0625e91d83f47ac,600,development,46,30,61,1,1,-0.01000000,-0.01000000,-5.111905556987e-5
development,b0625e91d83f47ac,600,development,47,31,60,0,1,-0.02000000,-0.01000000,-1.464908291382e-5
development,b0625e91d83f47ac,600,development,47,31,60,1,0,-0.01000000,-0.02000000,-3.342330455780e-5
development,b0625e91d83f47ac,600,development,48,32,59,0,1,0.02000000,-0.01000000,-1.241279096575e-4
development,b0625e91d83f47ac,600,development,48,32,59,1,0,0.01000000,-0.02000000,-3.512768598739e-4
development,b0625e91d83f47ac,600,development,49,33,58,0,0,0.00000000,-0.02000000,4.775201432494e-6
development,b0625e91d83f47ac,600,development,49,33,58,1,1,-0.02000000,-0.01000000,1.153163611889e-5
development,b0625e91d83f47ac,600,development,50,34,57,0,1,-0.02000000,0.01000000,-9.791242337087e-5
development,b0625e91d83f47ac,600,development,50,34,57,1,0,-0.01000000,0.02000000,-8.880470886652e-6
development,b0625e91d83f47ac,600,development,51,35,56,0,1,0.02000000,-0.01000000,-1.147420480265e-4
development,b0625e91d83f47ac,600,development,51,35,56,1,0,0.01000000,-0.02000000,-6.925439083716e-5
development,b0625e91d83f47ac,600,development,52,36,55,0,0,0.02000000,0.00000000,3.460856896709e-5
development,b0625e91d83f47ac,600,development,52,36,55,1,1,0.01000000,-0.02000000,1.745795270836e-5
development,b0625e91d83f47ac,600,development,53,37,54,0,0,-0.02000000,0.00000000,2.023950219154e-5
development,b0625e91d83f47ac,600,development,53,37,54,1,1,-0.01000000,-0.02000000,1.012533903122e-5
development,b0625e91d83f47ac,600,development,54,38,53,0,0,0.02000000,0.00000000,1.376637519570e-4
development,b0625e91d83f47ac,600,development,54,38,53,1,1,0.01000000,-0.02000000,6.893215322634e-5
development,b0625e91d83f47ac,600,development,55,39,52,0,0,-0.02000000,0.00000000,-7.081715011736e-5
development,b0625e91d83f47ac,600,development,55,39,52,1,1,-0.01000000,-0.02000000,-3.526422005962e-5
development,b0625e91d83f47ac,600,development,56,40,51,0,1,0.00000000,-0.02000000,0.000000000000e0
development,b0625e91d83f47ac,600,development,56,40,51,1,0,-0.02000000,0.00000000,0.000000000000e0
development,b0625e91d83f47ac,600,development,57,41,50,0,0,0.00000000,0.00000000,0.000000000000e0
development,b0625e91d83f47ac,600,development,57,41,50,1,1,-0.02000000,-0.02000000,0.000000000000e0
development,b0625e91d83f47ac,600,development,58,42,49,0,1,0.00000000,-0.02000000,0.000000000000e0
development,b0625e91d83f47ac,600,development,58,42,49,1,0,-0.02000000,0.00000000,0.000000000000e0
development,b0625e91d83f47ac,600,development,59,43,48,0,0,0.00000000,0.00000000,0.000000000000e0
development,b0625e91d83f47ac,600,development,59,43,48,1,1,-0.02000000,-0.02000000,0.000000000000e0
development,b0625e91d83f47ac,600,development,60,44,47,0,1,0.00000000,-0.02000000,0.000000000000e0
development,b0625e91d83f47ac,600,development,60,44,47,1,0,-0.02000000,0.00000000,0.000000000000e0
development,b0625e91d83f47ac,600,development,61,45,46,0,1,0.00000000,-0.02000000,0.000000000000e0
development,b0625e91d83f47ac,600,development,61,45,46,1,0,-0.02000000,0.00000000,0.000000000000e0
development,b0625e91d83f47ac,600,evaluation,1,108,106,0,1,0.02000000,-0.02000000,-8.203648030758e-5
development,b0625e91d83f47ac,600,evaluation,1,108,106,1,0,0.01000000,0.00000000,-3.973146158387e-5
development,b0625e91d83f47ac,600,evaluation,2,109,105,0,1,0.02000000,0.01000000,6.830940492364e-6
development,b0625e91d83f47ac,600,evaluation,2,109,105,1,0,0.01000000,0.02000000,-2.774099584713e-6
development,b0625e91d83f47ac,600,evaluation,3,110,104,0,0,0.02000000,0.02000000,-5.529386180569e-5
development,b0625e91d83f47ac,600,evaluation,3,110,104,1,1,0.01000000,0.01000000,-2.692701855267e-5
development,b0625e91d83f47ac,600,evaluation,4,111,103,0,0,0.00000000,0.00000000,0.000000000000e0
development,b0625e91d83f47ac,600,evaluation,4,111,103,1,1,-0.02000000,-0.02000000,0.000000000000e0
development,b0625e91d83f47ac,600,evaluation,5,112,102,0,1,-0.02000000,0.01000000,-9.719716763357e-5
development,b0625e91d83f47ac,600,evaluation,5,112,102,1,0,-0.01000000,0.02000000,4.100178557565e-5
development,b0625e91d83f47ac,600,evaluation,6,113,101,0,0,-0.02000000,-0.02000000,1.569079904584e-4
development,b0625e91d83f47ac,600,evaluation,6,113,101,1,1,-0.01000000,-0.01000000,7.877623284003e-5
development,b0625e91d83f47ac,600,evaluation,7,114,100,0,1,0.00000000,-0.01000000,1.269206404686e-4
development,b0625e91d83f47ac,600,evaluation,7,114,100,1,0,-0.02000000,-0.02000000,2.515334635973e-4
development,b0625e91d83f47ac,600,evaluation,8,115,99,0,1,0.00000000,-0.02000000,0.000000000000e0
development,b0625e91d83f47ac,600,evaluation,8,115,99,1,0,-0.02000000,0.00000000,0.000000000000e0
development,b0625e91d83f47ac,600,evaluation,9,116,98,0,0,-0.02000000,0.00000000,-3.383470175322e-4
development,b0625e91d83f47ac,600,evaluation,9,116,98,1,1,-0.01000000,-0.02000000,-1.678528933553e-4
development,b0625e91d83f47ac,600,evaluation,10,117,97,0,0,-0.02000000,-0.02000000,-1.534794719191e-4
development,b0625e91d83f47ac,600,evaluation,10,117,97,1,1,-0.01000000,-0.01000000,-7.638832175871e-5
development,b0625e91d83f47ac,600,evaluation,11,118,96,0,1,-0.02000000,-0.01000000,1.460127532482e-4
development,b0625e91d83f47ac,600,evaluation,11,118,96,1,0,-0.01000000,-0.02000000,1.832979469327e-4
development,b0625e91d83f47ac,600,evaluation,12,119,95,0,0,0.00000000,0.00000000,0.000000000000e0
development,b0625e91d83f47ac,600,evaluation,12,119,95,1,1,-0.02000000,-0.02000000,0.000000000000e0
development,b0625e91d83f47ac,600,evaluation,13,120,94,0,0,-0.02000000,0.01000000,1.580355019541e-4
development,b0625e91d83f47ac,600,evaluation,13,120,94,1,1,-0.01000000,0.00500000,1.265139580937e-4
development,b0625e91d83f47ac,600,evaluation,14,121,93,0,1,0.02000000,-0.01000000,-1.188839451061e-4
development,b0625e91d83f47ac,600,evaluation,14,121,93,1,0,0.01000000,-0.02000000,-4.761728268932e-5
development,b0625e91d83f47ac,600,evaluation,15,122,92,0,1,-0.02000000,-0.01000000,-3.367488679942e-4
development,b0625e91d83f47ac,600,evaluation,15,122,92,1,0,-0.01000000,-0.02000000,-4.020395281259e-4
development,b0625e91d83f47ac,600,evaluation,16,0,91,0,0,-0.02000000,0.00000000,-1.183214317280e-5
development,b0625e91d83f47ac,600,evaluation,16,0,91,1,1,-0.01000000,-0.02000000,-7.273629307747e-6
development,b0625e91d83f47ac,600,evaluation,17,1,90,0,1,-0.02000000,-0.02000000,-1.498808433098e-5
development,b0625e91d83f47ac,600,evaluation,17,1,90,1,0,-0.01000000,0.00000000,-6.557131655427e-6
development,b0625e91d83f47ac,600,evaluation,18,2,89,0,1,0.02000000,0.01000000,1.548224390717e-4
development,b0625e91d83f47ac,600,evaluation,18,2,89,1,0,0.01000000,0.02000000,1.712131052045e-4
development,b0625e91d83f47ac,600,evaluation,19,3,88,0,1,-0.02000000,-0.01000000,2.415850758553e-5
development,b0625e91d83f47ac,600,evaluation,19,3,88,1,0,-0.01000000,-0.02000000,-3.312404032840e-6
development,b0625e91d83f47ac,600,evaluation,20,4,87,0,0,0.02000000,0.00000000,-6.462881719926e-5
development,b0625e91d83f47ac,600,evaluation,20,4,87,1,1,0.01000000,-0.02000000,-2.881263753807e-5
development,b0625e91d83f47ac,600,evaluation,21,5,86,0,1,0.02000000,-0.02000000,1.582435070304e-4
development,b0625e91d83f47ac,600,evaluation,21,5,86,1,0,0.01000000,0.00000000,8.294917643070e-5
development,b0625e91d83f47ac,600,evaluation,22,6,85,0,1,0.00500000,-0.02000000,7.368065416813e-5
development,b0625e91d83f47ac,600,evaluation,22,6,85,1,0,0.00000000,0.00000000,0.000000000000e0
development,b0625e91d83f47ac,600,evaluation,23,7,84,0,0,-0.02000000,0.00000000,9.756597137311e-5
development,b0625e91d83f47ac,600,evaluation,23,7,84,1,1,-0.01000000,-0.02000000,7.479017222067e-5
development,b0625e91d83f47ac,600,evaluation,24,8,83,0,1,-0.02000000,-0.02000000,5.585327744484e-5
development,b0625e91d83f47ac,600,evaluation,24,8,83,1,0,-0.01000000,0.00000000,2.916654011642e-5
development,b0625e91d83f47ac,600,evaluation,25,9,82,0,1,-0.02000000,-0.02000000,3.077772635152e-5
development,b0625e91d83f47ac,600,evaluation,25,9,82,1,0,-0.01000000,0.00000000,2.570015749370e-5
development,b0625e91d83f47ac,600,evaluation,26,10,81,0,1,-0.02000000,-0.02000000,-1.387925149174e-4
development,b0625e91d83f47ac,600,evaluation,26,10,81,1,0,-0.01000000,0.00000000,-6.534717977047e-5
development,b0625e91d83f47ac,600,evaluation,27,11,80,0,0,-0.02000000,0.00000000,-1.575083733769e-4
development,b0625e91d83f47ac,600,evaluation,27,11,80,1,1,-0.01000000,-0.02000000,-7.795045530656e-5
development,b0625e91d83f47ac,600,evaluation,28,12,79,0,1,-0.02000000,-0.01000000,2.289687654411e-5
development,b0625e91d83f47ac,600,evaluation,28,12,79,1,0,-0.01000000,-0.02000000,-1.737599632179e-5
development,b0625e91d83f47ac,600,evaluation,29,13,78,0,1,-0.02000000,-0.01000000,2.924427390099e-4
development,b0625e91d83f47ac,600,evaluation,29,13,78,1,0,-0.01000000,-0.02000000,1.724977046251e-4
development,b0625e91d83f47ac,600,evaluation,30,14,77,0,1,-0.02000000,-0.01000000,1.774641423253e-4
development,b0625e91d83f47ac,600,evaluation,30,14,77,1,0,-0.01000000,-0.02000000,1.038865520968e-4
development,b0625e91d83f47ac,600,evaluation,31,15,76,0,1,-0.02000000,-0.01000000,6.375834345818e-5
development,b0625e91d83f47ac,600,evaluation,31,15,76,1,0,-0.01000000,-0.02000000,6.439598655561e-5
development,b0625e91d83f47ac,600,evaluation,32,16,75,0,1,-0.02000000,0.01000000,1.700557768345e-4
development,b0625e91d83f47ac,600,evaluation,32,16,75,1,0,-0.01000000,0.02000000,2.158017159672e-4
development,b0625e91d83f47ac,600,evaluation,33,17,74,0,0,0.02000000,-0.02000000,-9.082816541195e-5
development,b0625e91d83f47ac,600,evaluation,33,17,74,1,1,0.01000000,-0.01000000,-3.992393612862e-5
development,b0625e91d83f47ac,600,evaluation,34,18,73,0,0,0.02000000,-0.02000000,-2.336067518627e-5
development,b0625e91d83f47ac,600,evaluation,34,18,73,1,1,0.01000000,-0.01000000,-7.015963205959e-7
development,b0625e91d83f47ac,600,evaluation,35,19,72,0,0,-0.02000000,0.02000000,-1.987939031096e-4
development,b0625e91d83f47ac,600,evaluation,35,19,72,1,1,-0.01000000,0.01000000,-9.096227586269e-5
development,b0625e91d83f47ac,600,evaluation,36,20,71,0,1,-0.02000000,-0.01000000,8.864514529705e-5
development,b0625e91d83f47ac,600,evaluation,36,20,71,1,0,-0.01000000,-0.02000000,4.552366954158e-5
development,b0625e91d83f47ac,600,evaluation,37,21,70,0,0,-0.02000000,0.02000000,-8.887922012946e-5
development,b0625e91d83f47ac,600,evaluation,37,21,70,1,1,-0.01000000,0.01000000,-3.574416041374e-5
development,b0625e91d83f47ac,600,evaluation,38,22,69,0,0,0.02000000,-0.02000000,-2.426592072879e-5
development,b0625e91d83f47ac,600,evaluation,38,22,69,1,1,0.01000000,-0.01000000,4.020208962174e-6
development,b0625e91d83f47ac,600,evaluation,39,23,68,0,0,0.02000000,-0.02000000,7.696760440012e-5
development,b0625e91d83f47ac,600,evaluation,39,23,68,1,1,0.01000000,-0.01000000,5.197214704822e-5
development,b0625e91d83f47ac,600,evaluation,40,24,67,0,1,-0.02000000,-0.01000000,2.272427082062e-5
development,b0625e91d83f47ac,600,evaluation,40,24,67,1,0,-0.01000000,-0.02000000,4.062429070473e-5
development,b0625e91d83f47ac,600,evaluation,41,25,66,0,1,0.02000000,-0.01000000,6.825973741797e-6
development,b0625e91d83f47ac,600,evaluation,41,25,66,1,0,0.01000000,-0.02000000,-1.606593468750e-5
development,b0625e91d83f47ac,600,evaluation,42,26,65,0,0,-0.02000000,0.02000000,-9.881332516670e-6
development,b0625e91d83f47ac,600,evaluation,42,26,65,1,1,-0.01000000,0.01000000,-4.928559064865e-6
development,b0625e91d83f47ac,600,evaluation,43,27,64,0,0,-0.02000000,-0.02000000,-5.223850530456e-5
development,b0625e91d83f47ac,600,evaluation,43,27,64,1,1,-0.01000000,-0.01000000,-2.598141691124e-5
development,b0625e91d83f47ac,600,evaluation,44,28,63,0,1,-0.02000000,-0.01000000,1.869474908744e-5
development,b0625e91d83f47ac,600,evaluation,44,28,63,1,0,-0.01000000,-0.02000000,3.319730240037e-5
development,b0625e91d83f47ac,600,evaluation,45,29,62,0,1,-0.02000000,-0.01000000,1.031955107464e-4
development,b0625e91d83f47ac,600,evaluation,45,29,62,1,0,-0.01000000,-0.02000000,2.220328897238e-4
development,b0625e91d83f47ac,600,evaluation,46,30,61,0,1,-0.02000000,-0.01000000,-2.912369927799e-5
development,b0625e91d83f47ac,600,evaluation,46,30,61,1,0,-0.01000000,-0.02000000,-1.243154256372e-4
development,b0625e91d83f47ac,600,evaluation,47,31,60,0,0,-0.02000000,-0.02000000,-3.263230246375e-5
development,b0625e91d83f47ac,600,evaluation,47,31,60,1,1,-0.01000000,-0.01000000,-1.545809209347e-5
development,b0625e91d83f47ac,600,evaluation,48,32,59,0,0,0.02000000,-0.02000000,-3.199912607670e-4
development,b0625e91d83f47ac,600,evaluation,48,32,59,1,1,0.01000000,-0.01000000,-1.555383205414e-4
development,b0625e91d83f47ac,600,evaluation,49,33,58,0,1,0.00000000,-0.01000000,9.678925380285e-6
development,b0625e91d83f47ac,600,evaluation,49,33,58,1,0,-0.02000000,-0.02000000,6.627912171098e-6
development,b0625e91d83f47ac,600,evaluation,50,34,57,0,0,-0.02000000,0.02000000,-7.133310282370e-5
development,b0625e91d83f47ac,600,evaluation,50,34,57,1,1,-0.01000000,0.01000000,-3.545979780029e-5
development,b0625e91d83f47ac,600,evaluation,51,35,56,0,0,0.02000000,-0.02000000,-1.303497701883e-4
development,b0625e91d83f47ac,600,evaluation,51,35,56,1,1,0.01000000,-0.01000000,-5.379256981541e-5
development,b0625e91d83f47ac,600,evaluation,52,36,55,0,1,0.02000000,-0.02000000,3.460856896709e-5
development,b0625e91d83f47ac,600,evaluation,52,36,55,1,0,0.01000000,0.00000000,1.745795270836e-5
development,b0625e91d83f47ac,600,evaluation,53,37,54,0,1,-0.02000000,-0.02000000,2.023950219154e-5
development,b0625e91d83f47ac,600,evaluation,53,37,54,1,0,-0.01000000,0.00000000,1.012533903122e-5
development,b0625e91d83f47ac,600,evaluation,54,38,53,0,1,0.02000000,-0.02000000,1.376637519570e-4
development,b0625e91d83f47ac,600,evaluation,54,38,53,1,0,0.01000000,0.00000000,6.893215322634e-5
development,b0625e91d83f47ac,600,evaluation,55,39,52,0,1,-0.02000000,-0.02000000,-7.081715011736e-5
development,b0625e91d83f47ac,600,evaluation,55,39,52,1,0,-0.01000000,0.00000000,-3.526422005962e-5
development,b0625e91d83f47ac,600,evaluation,56,40,51,0,0,0.00000000,0.00000000,0.000000000000e0
development,b0625e91d83f47ac,600,evaluation,56,40,51,1,1,-0.02000000,-0.02000000,0.000000000000e0
development,b0625e91d83f47ac,600,evaluation,57,41,50,0,1,0.00000000,-0.02000000,0.000000000000e0
development,b0625e91d83f47ac,600,evaluation,57,41,50,1,0,-0.02000000,0.00000000,0.000000000000e0
development,b0625e91d83f47ac,600,evaluation,58,42,49,0,0,0.00000000,0.00000000,0.000000000000e0
development,b0625e91d83f47ac,600,evaluation,58,42,49,1,1,-0.02000000,-0.02000000,0.000000000000e0
development,b0625e91d83f47ac,600,evaluation,59,43,48,0,1,0.00000000,-0.02000000,0.000000000000e0
development,b0625e91d83f47ac,600,evaluation,59,43,48,1,0,-0.02000000,0.00000000,0.000000000000e0
development,b0625e91d83f47ac,600,evaluation,60,44,47,0,0,0.00000000,0.00000000,0.000000000000e0
development,b0625e91d83f47ac,600,evaluation,60,44,47,1,1,-0.02000000,-0.02000000,0.000000000000e0
development,b0625e91d83f47ac,600,evaluation,61,45,46,0,0,0.00000000,0.00000000,0.000000000000e0
development,b0625e91d83f47ac,600,evaluation,61,45,46,1,1,-0.02000000,-0.02000000,0.000000000000e0
development,b0625e91d83f47ac,2400,development,1,63,61,0,1,0.02000000,-0.01000000,1.785109488992e-4
development,b0625e91d83f47ac,2400,development,1,63,61,1,0,0.01000000,-0.02000000,-1.514113246230e-4
development,b0625e91d83f47ac,2400,development,2,64,60,0,1,0.02000000,0.01000000,3.886908816639e-4
development,b0625e91d83f47ac,2400,development,2,64,60,1,0,0.01000000,0.02000000,5.866751889698e-4
development,b0625e91d83f47ac,2400,development,3,65,59,0,1,-0.02000000,0.01000000,9.861464604910e-6
development,b0625e91d83f47ac,2400,development,3,65,59,1,0,-0.01000000,0.02000000,-5.314561349223e-5
development,b0625e91d83f47ac,2400,development,4,66,58,0,1,-0.02000000,0.01000000,-8.714012801647e-5
development,b0625e91d83f47ac,2400,development,4,66,58,1,0,-0.01000000,0.02000000,-1.384317874908e-4
development,b0625e91d83f47ac,2400,development,5,67,57,0,1,-0.02000000,0.01000000,-8.492606139043e-5
development,b0625e91d83f47ac,2400,development,5,67,57,1,0,-0.01000000,0.02000000,5.246698856354e-5
development,b0625e91d83f47ac,2400,development,6,68,56,0,0,-0.02000000,-0.02000000,-1.486055552959e-4
development,b0625e91d83f47ac,2400,development,6,68,56,1,1,-0.01000000,-0.01000000,-6.311324978014e-5
development,b0625e91d83f47ac,2400,development,7,69,55,0,1,0.02000000,-0.01000000,-5.826416236232e-5
development,b0625e91d83f47ac,2400,development,7,69,55,1,0,0.01000000,-0.02000000,-4.404100400279e-5
development,b0625e91d83f47ac,2400,development,8,70,54,0,1,-0.02000000,-0.01000000,-1.462958753109e-4
development,b0625e91d83f47ac,2400,development,8,70,54,1,0,-0.01000000,-0.02000000,-1.409401465935e-5
development,b0625e91d83f47ac,2400,development,9,71,53,0,1,-0.02000000,-0.01000000,4.169344902039e-5
development,b0625e91d83f47ac,2400,development,9,71,53,1,0,-0.01000000,-0.02000000,2.101312020386e-5
development,b0625e91d83f47ac,2400,development,10,72,52,0,1,-0.02000000,-0.01000000,2.354066818953e-4
development,b0625e91d83f47ac,2400,development,10,72,52,1,0,-0.01000000,-0.02000000,1.093894243240e-4
development,b0625e91d83f47ac,2400,development,11,73,51,0,0,0.02000000,-0.01000000,2.035809120571e-5
development,b0625e91d83f47ac,2400,development,11,73,51,1,1,0.01000000,-0.00500000,1.226675976795e-5
development,b0625e91d83f47ac,2400,development,12,74,50,0,1,-0.02000000,-0.02000000,-2.221353352070e-4
development,b0625e91d83f47ac,2400,development,12,74,50,1,0,-0.01000000,0.00000000,-1.104840412154e-4
development,b0625e91d83f47ac,2400,development,13,75,49,0,0,0.02000000,-0.02000000,-4.450480264495e-5
development,b0625e91d83f47ac,2400,development,13,75,49,1,1,0.01000000,-0.01000000,-1.428462564945e-5
development,b0625e91d83f47ac,2400,development,14,76,48,0,1,-0.02000000,-0.02000000,1.389365643263e-4
development,b0625e91d83f47ac,2400,development,14,76,48,1,0,-0.01000000,0.00000000,7.230477785924e-5
development,b0625e91d83f47ac,2400,development,15,77,47,0,0,-0.02000000,0.00000000,6.748425657861e-4
development,b0625e91d83f47ac,2400,development,15,77,47,1,1,-0.01000000,-0.02000000,3.211082366761e-4
development,b0625e91d83f47ac,2400,development,16,78,46,0,1,-0.02000000,-0.02000000,6.730233872076e-5
development,b0625e91d83f47ac,2400,development,16,78,46,1,0,-0.01000000,0.00000000,3.001714685524e-5
development,b0625e91d83f47ac,2400,development,17,79,45,0,0,-0.02000000,-0.02000000,-1.111576930271e-4
development,b0625e91d83f47ac,2400,development,17,79,45,1,1,-0.01000000,-0.01000000,-5.425202471088e-5
development,b0625e91d83f47ac,2400,development,18,80,44,0,1,0.00000000,0.01000000,-1.536992749607e-5
development,b0625e91d83f47ac,2400,development,18,80,44,1,0,-0.02000000,0.02000000,-2.617947757244e-5
development,b0625e91d83f47ac,2400,development,19,81,43,0,0,0.00000000,0.02000000,1.805648207664e-5
development,b0625e91d83f47ac,2400,development,19,81,43,1,1,-0.02000000,0.01000000,6.787478923798e-6
development,b0625e91d83f47ac,2400,development,20,82,42,0,1,0.00000000,-0.02000000,-1.914302447403e-5
development,b0625e91d83f47ac,2400,development,20,82,42,1,0,-0.02000000,0.00000000,0.000000000000e0
development,b0625e91d83f47ac,2400,development,21,83,41,0,1,0.00000000,0.01000000,1.105169431526e-7
development,b0625e91d83f47ac,2400,development,21,83,41,1,0,-0.02000000,0.02000000,2.191712411559e-7
development,b0625e91d83f47ac,2400,development,22,84,40,0,1,0.00000000,-0.01000000,4.256764896127e-6
development,b0625e91d83f47ac,2400,development,22,84,40,1,0,-0.02000000,-0.02000000,8.512288331985e-6
development,b0625e91d83f47ac,2400,development,23,85,39,0,1,0.00000000,-0.01000000,9.269515430788e-5
development,b0625e91d83f47ac,2400,development,23,85,39,1,0,-0.02000000,-0.02000000,1.833320857259e-4
development,b0625e91d83f47ac,2400,development,24,86,38,0,0,0.00000000,-0.02000000,-6.340071558952e-4
development,b0625e91d83f47ac,2400,development,24,86,38,1,1,-0.02000000,-0.01000000,-3.120421024505e-4
development,b0625e91d83f47ac,2400,development,25,87,37,0,0,0.00000000,0.02000000,-1.603315322427e-4
development,b0625e91d83f47ac,2400,development,25,87,37,1,1,-0.02000000,0.01000000,-6.276430940488e-5
development,b0625e91d83f47ac,2400,development,26,88,36,0,1,0.02000000,-0.01000000,2.153922541765e-4
development,b0625e91d83f47ac,2400,development,26,88,36,1,0,0.01000000,-0.02000000,8.248879021266e-5
development,b0625e91d83f47ac,2400,development,27,89,35,0,0,-0.02000000,-0.02000000,4.324320179876e-4
development,b0625e91d83f47ac,2400,development,27,89,35,1,1,-0.01000000,-0.01000000,2.756708709057e-4
development,b0625e91d83f47ac,2400,development,28,90,34,0,0,0.02000000,0.02000000,1.344333140878e-4
development,b0625e91d83f47ac,2400,development,28,90,34,1,1,0.01000000,0.01000000,5.636736750603e-5
development,b0625e91d83f47ac,2400,development,29,91,33,0,1,-0.02000000,-0.01000000,-2.065425178444e-5
development,b0625e91d83f47ac,2400,development,29,91,33,1,0,-0.01000000,-0.02000000,3.227591514587e-5
development,b0625e91d83f47ac,2400,development,30,92,32,0,1,0.02000000,0.01000000,4.410163091961e-4
development,b0625e91d83f47ac,2400,development,30,92,32,1,0,0.01000000,0.02000000,2.508088946342e-4
development,b0625e91d83f47ac,2400,development,31,93,31,0,1,-0.02000000,0.01000000,-2.372202834522e-5
development,b0625e91d83f47ac,2400,development,31,93,31,1,0,-0.01000000,0.02000000,5.944507938693e-5
development,b0625e91d83f47ac,2400,development,32,94,30,0,1,0.02000000,0.01000000,-1.786947250366e-4
development,b0625e91d83f47ac,2400,development,32,94,30,1,0,0.01000000,0.02000000,-2.936646342278e-5
development,b0625e91d83f47ac,2400,development,33,95,29,0,0,0.00000000,-0.02000000,-5.787238478661e-5
development,b0625e91d83f47ac,2400,development,33,95,29,1,1,-0.02000000,-0.01000000,-2.867231705750e-5
development,b0625e91d83f47ac,2400,development,34,96,28,0,1,-0.02000000,0.01000000,4.276894032955e-4
development,b0625e91d83f47ac,2400,development,34,96,28,1,0,-0.01000000,0.02000000,4.714733513538e-4
development,b0625e91d83f47ac,2400,development,35,97,27,0,0,0.02000000,0.02000000,3.236395714339e-4
development,b0625e91d83f47ac,2400,development,35,97,27,1,1,0.01000000,0.01000000,1.721375883790e-4
development,b0625e91d83f47ac,2400,development,36,98,26,0,0,0.02000000,0.02000000,6.538505112985e-5
development,b0625e91d83f47ac,2400,development,36,98,26,1,1,0.01000000,0.01000000,3.282353281975e-5
development,b0625e91d83f47ac,2400,development,37,99,25,0,1,0.02000000,0.01000000,5.951151251793e-6
development,b0625e91d83f47ac,2400,development,37,99,25,1,0,0.01000000,0.02000000,1.437837909180e-5
development,b0625e91d83f47ac,2400,development,38,100,24,0,1,-0.02000000,-0.01000000,7.704999297857e-4
development,b0625e91d83f47ac,2400,development,38,100,24,1,0,-0.01000000,-0.02000000,3.713878395502e-4
development,b0625e91d83f47ac,2400,development,39,101,23,0,0,0.02000000,-0.02000000,2.527957258280e-4
development,b0625e91d83f47ac,2400,development,39,101,23,1,1,0.01000000,-0.01000000,1.361158938380e-4
development,b0625e91d83f47ac,2400,development,40,102,22,0,0,0.02000000,-0.02000000,1.637799083255e-3
development,b0625e91d83f47ac,2400,development,40,102,22,1,1,0.01000000,-0.01000000,1.005733036436e-3
development,b0625e91d83f47ac,2400,development,41,103,21,0,1,0.00000000,-0.01000000,-1.110291705118e-4
development,b0625e91d83f47ac,2400,development,41,103,21,1,0,-0.02000000,-0.02000000,-3.313229826745e-4
development,b0625e91d83f47ac,2400,development,42,104,20,0,0,-0.02000000,0.02000000,1.169964321889e-3
development,b0625e91d83f47ac,2400,development,42,104,20,1,1,-0.01000000,0.01000000,6.825753371231e-4
development,b0625e91d83f47ac,2400,development,43,105,19,0,0,-0.02000000,0.02000000,-7.653329521418e-5
development,b0625e91d83f47ac,2400,development,43,105,19,1,1,-0.01000000,0.01000000,-2.044904977083e-5
development,b0625e91d83f47ac,2400,development,44,106,18,0,0,-0.02000000,-0.02000000,6.897784769535e-4
development,b0625e91d83f47ac,2400,development,44,106,18,1,1,-0.01000000,-0.01000000,3.554914146662e-4
development,b0625e91d83f47ac,2400,development,45,107,17,0,1,-0.02000000,0.01000000,-1.060031354427e-5
development,b0625e91d83f47ac,2400,development,45,107,17,1,0,-0.01000000,0.02000000,-2.105844578182e-5
development,b0625e91d83f47ac,2400,development,46,108,16,0,1,-0.02000000,-0.01000000,-1.203743740916e-4
development,b0625e91d83f47ac,2400,development,46,108,16,1,0,-0.01000000,-0.02000000,-3.033805114683e-4
development,b0625e91d83f47ac,2400,development,47,109,15,0,0,-0.02000000,-0.02000000,-2.070950904454e-5
development,b0625e91d83f47ac,2400,development,47,109,15,1,1,-0.01000000,-0.01000000,-5.075087301520e-6
development,b0625e91d83f47ac,2400,development,48,110,14,0,0,-0.02000000,0.02000000,5.418360233307e-4
development,b0625e91d83f47ac,2400,development,48,110,14,1,1,-0.01000000,0.01000000,2.822013047989e-4
development,b0625e91d83f47ac,2400,development,49,111,13,0,0,0.00000000,0.02000000,-1.094384118915e-3
development,b0625e91d83f47ac,2400,development,49,111,13,1,1,-0.02000000,0.01000000,-5.446362192743e-4
development,b0625e91d83f47ac,2400,development,50,112,12,0,0,0.02000000,-0.02000000,-2.547738549765e-4
development,b0625e91d83f47ac,2400,development,50,112,12,1,1,0.01000000,-0.01000000,-2.581253647804e-4
development,b0625e91d83f47ac,2400,development,51,113,11,0,1,0.02000000,0.01000000,-3.245286643505e-5
development,b0625e91d83f47ac,2400,development,51,113,11,1,0,0.01000000,0.02000000,3.249365836382e-4
development,b0625e91d83f47ac,2400,development,52,114,10,0,1,-0.02000000,-0.01000000,-3.677016647998e-4
development,b0625e91d83f47ac,2400,development,52,114,10,1,0,-0.01000000,-0.02000000,-7.853209972382e-4
development,b0625e91d83f47ac,2400,development,53,115,9,0,1,0.02000000,-0.01000000,-1.333206892014e-4
development,b0625e91d83f47ac,2400,development,53,115,9,1,0,0.01000000,-0.02000000,-3.133596328553e-4
development,b0625e91d83f47ac,2400,development,54,116,8,0,1,0.02000000,-0.00500000,1.020617783070e-3
development,b0625e91d83f47ac,2400,development,54,116,8,1,0,0.01000000,-0.01000000,8.120710845105e-4
development,b0625e91d83f47ac,2400,development,55,117,7,0,1,0.02000000,-0.01000000,-5.063724893262e-5
development,b0625e91d83f47ac,2400,development,55,117,7,1,0,0.01000000,-0.02000000,8.112440264085e-5
development,b0625e91d83f47ac,2400,development,56,118,6,0,0,-0.02000000,0.02000000,-1.641052404011e-5
development,b0625e91d83f47ac,2400,development,56,118,6,1,1,-0.01000000,0.01000000,2.351279135837e-6
development,b0625e91d83f47ac,2400,development,57,119,5,0,1,0.00000000,-0.01000000,-3.797188401222e-5
development,b0625e91d83f47ac,2400,development,57,119,5,1,0,-0.02000000,-0.02000000,-8.691599214217e-5
development,b0625e91d83f47ac,2400,development,58,120,4,0,0,0.02000000,0.02000000,1.883562654257e-4
development,b0625e91d83f47ac,2400,development,58,120,4,1,1,0.01000000,0.01000000,1.036369576468e-4
development,b0625e91d83f47ac,2400,development,59,121,3,0,0,-0.02000000,-0.02000000,-1.076040789485e-4
development,b0625e91d83f47ac,2400,development,59,121,3,1,1,-0.01000000,-0.01000000,-3.565382212400e-5
development,b0625e91d83f47ac,2400,development,60,122,2,0,0,0.02000000,-0.02000000,-1.563318073750e-5
development,b0625e91d83f47ac,2400,development,60,122,2,1,1,0.01000000,-0.01000000,8.735805749893e-7
development,b0625e91d83f47ac,2400,development,61,0,1,0,0,-0.02000000,0.02000000,-5.098556357552e-5
development,b0625e91d83f47ac,2400,development,61,0,1,1,1,-0.01000000,0.01000000,-3.376354698048e-6
development,b0625e91d83f47ac,2400,evaluation,1,63,61,0,0,0.02000000,-0.02000000,1.161545515060e-5
development,b0625e91d83f47ac,2400,evaluation,1,63,61,1,1,0.01000000,-0.01000000,1.892820000648e-5
development,b0625e91d83f47ac,2400,evaluation,2,64,60,0,0,0.02000000,0.02000000,5.768416449428e-4
development,b0625e91d83f47ac,2400,evaluation,2,64,60,1,1,0.01000000,0.01000000,3.985244256910e-4
development,b0625e91d83f47ac,2400,evaluation,3,65,59,0,0,-0.02000000,0.02000000,-4.730001091957e-5
development,b0625e91d83f47ac,2400,evaluation,3,65,59,1,1,-0.01000000,0.01000000,3.828356511804e-6
development,b0625e91d83f47ac,2400,evaluation,4,66,58,0,0,-0.02000000,0.02000000,-1.520756632090e-4
development,b0625e91d83f47ac,2400,evaluation,4,66,58,1,1,-0.01000000,0.01000000,-7.372846448561e-5
development,b0625e91d83f47ac,2400,evaluation,5,67,57,0,0,-0.02000000,0.02000000,-2.812283673848e-5
development,b0625e91d83f47ac,2400,evaluation,5,67,57,1,1,-0.01000000,0.01000000,-4.485870249482e-6
development,b0625e91d83f47ac,2400,evaluation,6,68,56,0,1,-0.02000000,-0.01000000,-8.643604815006e-5
development,b0625e91d83f47ac,2400,evaluation,6,68,56,1,0,-0.01000000,-0.02000000,-1.252827496501e-4
development,b0625e91d83f47ac,2400,evaluation,7,69,55,0,0,0.02000000,-0.02000000,-6.832989311079e-5
development,b0625e91d83f47ac,2400,evaluation,7,69,55,1,1,0.01000000,-0.01000000,-3.397526961635e-5
development,b0625e91d83f47ac,2400,evaluation,8,70,54,0,0,-0.02000000,-0.02000000,-1.062819137587e-4
development,b0625e91d83f47ac,2400,evaluation,8,70,54,1,1,-0.01000000,-0.01000000,-5.289353430271e-5
development,b0625e91d83f47ac,2400,evaluation,9,71,53,0,0,-0.02000000,-0.02000000,4.174436253379e-5
development,b0625e91d83f47ac,2400,evaluation,9,71,53,1,1,-0.01000000,-0.01000000,2.096220850945e-5
development,b0625e91d83f47ac,2400,evaluation,10,72,52,0,0,-0.02000000,-0.02000000,2.294300793437e-4
development,b0625e91d83f47ac,2400,evaluation,10,72,52,1,1,-0.01000000,-0.01000000,1.153660341515e-4
development,b0625e91d83f47ac,2400,evaluation,11,73,51,0,1,0.02000000,-0.00500000,2.495758235455e-5
development,b0625e91d83f47ac,2400,evaluation,11,73,51,1,0,0.01000000,-0.01000000,7.719422683294e-6
development,b0625e91d83f47ac,2400,evaluation,12,74,50,0,0,-0.02000000,0.00000000,-2.220446913270e-4
development,b0625e91d83f47ac,2400,evaluation,12,74,50,1,1,-0.01000000,-0.02000000,-1.105746850953e-4
development,b0625e91d83f47ac,2400,evaluation,13,75,49,0,1,0.02000000,-0.01000000,-4.328973591328e-5
development,b0625e91d83f47ac,2400,evaluation,13,75,49,1,0,0.01000000,-0.02000000,-1.537303069199e-5
development,b0625e91d83f47ac,2400,evaluation,14,76,48,0,0,-0.02000000,0.00000000,1.389365643263e-4
development,b0625e91d83f47ac,2400,evaluation,14,76,48,1,1,-0.01000000,-0.02000000,7.230477785924e-5
development,b0625e91d83f47ac,2400,evaluation,15,77,47,0,1,-0.02000000,-0.02000000,6.531911785714e-4
development,b0625e91d83f47ac,2400,evaluation,15,77,47,1,0,-0.01000000,0.00000000,3.427422198001e-4
development,b0625e91d83f47ac,2400,evaluation,16,78,46,0,0,-0.02000000,0.00000000,5.984182280372e-5
development,b0625e91d83f47ac,2400,evaluation,16,78,46,1,1,-0.01000000,-0.02000000,3.749628740479e-5
development,b0625e91d83f47ac,2400,evaluation,17,79,45,0,1,-0.02000000,-0.01000000,-1.232996582985e-4
development,b0625e91d83f47ac,2400,evaluation,17,79,45,1,0,-0.01000000,-0.02000000,-4.210012775729e-5
development,b0625e91d83f47ac,2400,evaluation,18,80,44,0,0,0.00000000,0.02000000,-2.617947757244e-5
development,b0625e91d83f47ac,2400,evaluation,18,80,44,1,1,-0.02000000,0.01000000,-1.536992749607e-5
development,b0625e91d83f47ac,2400,evaluation,19,81,43,0,1,0.00000000,0.01000000,6.787478923798e-6
development,b0625e91d83f47ac,2400,evaluation,19,81,43,1,0,-0.02000000,0.02000000,1.805648207664e-5
development,b0625e91d83f47ac,2400,evaluation,20,82,42,0,0,0.00000000,0.00000000,0.000000000000e0
development,b0625e91d83f47ac,2400,evaluation,20,82,42,1,1,-0.02000000,-0.02000000,-1.914302447403e-5
development,b0625e91d83f47ac,2400,evaluation,21,83,41,0,0,0.00000000,0.02000000,2.191712411559e-7
development,b0625e91d83f47ac,2400,evaluation,21,83,41,1,1,-0.02000000,0.01000000,1.105169431526e-7
development,b0625e91d83f47ac,2400,evaluation,22,84,40,0,0,0.00000000,-0.02000000,8.512288331985e-6
development,b0625e91d83f47ac,2400,evaluation,22,84,40,1,1,-0.02000000,-0.01000000,4.256764896127e-6
development,b0625e91d83f47ac,2400,evaluation,23,85,39,0,0,0.00000000,-0.02000000,1.833320857259e-4
development,b0625e91d83f47ac,2400,evaluation,23,85,39,1,1,-0.02000000,-0.01000000,9.269515430788e-5
development,b0625e91d83f47ac,2400,evaluation,24,86,38,0,1,0.00000000,-0.01000000,-3.120421024505e-4
development,b0625e91d83f47ac,2400,evaluation,24,86,38,1,0,-0.02000000,-0.02000000,-6.340071558952e-4
development,b0625e91d83f47ac,2400,evaluation,25,87,37,0,1,0.00000000,0.01000000,-6.276430940488e-5
development,b0625e91d83f47ac,2400,evaluation,25,87,37,1,0,-0.02000000,0.02000000,-1.603315322427e-4
development,b0625e91d83f47ac,2400,evaluation,26,88,36,0,0,0.02000000,-0.02000000,1.678432599874e-4
development,b0625e91d83f47ac,2400,evaluation,26,88,36,1,1,0.01000000,-0.01000000,1.250235363841e-4
development,b0625e91d83f47ac,2400,evaluation,27,89,35,0,1,-0.02000000,-0.01000000,4.234540683683e-4
development,b0625e91d83f47ac,2400,evaluation,27,89,35,1,0,-0.01000000,-0.02000000,3.286631254014e-4
development,b0625e91d83f47ac,2400,evaluation,28,90,34,0,1,0.02000000,0.01000000,1.048408448696e-4
development,b0625e91d83f47ac,2400,evaluation,28,90,34,1,0,0.01000000,0.02000000,8.605172479292e-5
development,b0625e91d83f47ac,2400,evaluation,29,91,33,0,0,-0.02000000,-0.02000000,6.858259439468e-6
development,b0625e91d83f47ac,2400,evaluation,29,91,33,1,1,-0.01000000,-0.01000000,4.782652013091e-6
development,b0625e91d83f47ac,2400,evaluation,30,92,32,0,0,0.02000000,0.02000000,4.231119528413e-4
development,b0625e91d83f47ac,2400,evaluation,30,92,32,1,1,0.01000000,0.01000000,2.712657151278e-4
development,b0625e91d83f47ac,2400,evaluation,31,93,31,0,0,-0.02000000,0.02000000,1.556053757668e-5
development,b0625e91d83f47ac,2400,evaluation,31,93,31,1,1,-0.01000000,0.01000000,1.979308763111e-5
development,b0625e91d83f47ac,2400,evaluation,32,94,30,0,0,0.02000000,0.02000000,-1.513926981715e-4
development,b0625e91d83f47ac,2400,evaluation,32,94,30,1,1,0.01000000,0.01000000,-5.653065818478e-5
development,b0625e91d83f47ac,2400,evaluation,33,95,29,0,1,0.00000000,-0.01000000,-2.867231705750e-5
development,b0625e91d83f47ac,2400,evaluation,33,95,29,1,0,-0.02000000,-0.02000000,-5.787238478661e-5
development,b0625e91d83f47ac,2400,evaluation,34,96,28,0,0,-0.02000000,0.02000000,6.048760260455e-4
development,b0625e91d83f47ac,2400,evaluation,34,96,28,1,1,-0.01000000,0.01000000,2.991128712893e-4
development,b0625e91d83f47ac,2400,evaluation,35,97,27,0,1,0.02000000,0.01000000,3.224989923183e-4
development,b0625e91d83f47ac,2400,evaluation,35,97,27,1,0,0.01000000,0.02000000,1.730428339215e-4
development,b0625e91d83f47ac,2400,evaluation,36,98,26,0,1,0.02000000,0.01000000,7.146969437599e-5
development,b0625e91d83f47ac,2400,evaluation,36,98,26,1,0,0.01000000,0.02000000,2.673889139260e-5
development,b0625e91d83f47ac,2400,evaluation,37,99,25,0,0,0.02000000,0.02000000,1.347313354927e-5
development,b0625e91d83f47ac,2400,evaluation,37,99,25,1,1,0.01000000,0.01000000,6.878748536110e-6
development,b0625e91d83f47ac,2400,evaluation,38,100,24,0,0,-0.02000000,-0.02000000,7.594588096254e-4
development,b0625e91d83f47ac,2400,evaluation,38,100,24,1,1,-0.01000000,-0.01000000,3.826165047940e-4
development,b0625e91d83f47ac,2400,evaluation,39,101,23,0,1,0.02000000,-0.01000000,2.038851380348e-4
development,b0625e91d83f47ac,2400,evaluation,39,101,23,1,0,0.01000000,-0.02000000,1.828565000324e-4
development,b0625e91d83f47ac,2400,evaluation,40,102,22,0,1,0.02000000,-0.01000000,1.253505237401e-3
development,b0625e91d83f47ac,2400,evaluation,40,102,22,1,0,0.01000000,-0.02000000,1.389047130942e-3
development,b0625e91d83f47ac,2400,evaluation,41,103,21,0,0,0.00000000,-0.02000000,-3.313229826745e-4
development,b0625e91d83f47ac,2400,evaluation,41,103,21,1,1,-0.02000000,-0.01000000,-1.110291705118e-4
development,b0625e91d83f47ac,2400,evaluation,42,104,20,0,1,-0.02000000,0.01000000,6.026976625435e-4
development,b0625e91d83f47ac,2400,evaluation,42,104,20,1,0,-0.01000000,0.02000000,1.251895911992e-3
development,b0625e91d83f47ac,2400,evaluation,43,105,19,0,1,-0.02000000,0.01000000,-1.311084906774e-5
development,b0625e91d83f47ac,2400,evaluation,43,105,19,1,0,-0.01000000,0.02000000,-8.308483666042e-5
development,b0625e91d83f47ac,2400,evaluation,44,106,18,0,1,-0.02000000,-0.01000000,4.074089229107e-4
development,b0625e91d83f47ac,2400,evaluation,44,106,18,1,0,-0.01000000,-0.02000000,6.379454280250e-4
development,b0625e91d83f47ac,2400,evaluation,45,107,17,0,0,-0.02000000,0.02000000,-2.694067916309e-5
development,b0625e91d83f47ac,2400,evaluation,45,107,17,1,1,-0.01000000,0.01000000,-4.887580871582e-6
development,b0625e91d83f47ac,2400,evaluation,46,108,16,0,0,-0.02000000,-0.02000000,-3.004126774613e-4
development,b0625e91d83f47ac,2400,evaluation,46,108,16,1,1,-0.01000000,-0.01000000,-1.210666596307e-4
development,b0625e91d83f47ac,2400,evaluation,47,109,15,0,1,-0.02000000,-0.01000000,-7.561097390862e-6
development,b0625e91d83f47ac,2400,evaluation,47,109,15,1,0,-0.01000000,-0.02000000,-1.843708196247e-5
development,b0625e91d83f47ac,2400,evaluation,48,110,14,0,1,-0.02000000,0.01000000,5.617800052278e-4
development,b0625e91d83f47ac,2400,evaluation,48,110,14,1,0,-0.01000000,0.02000000,2.626801433507e-4
development,b0625e91d83f47ac,2400,evaluation,49,111,13,0,1,0.00000000,0.01000000,-5.446362192743e-4
development,b0625e91d83f47ac,2400,evaluation,49,111,13,1,0,-0.02000000,0.02000000,-1.094384118915e-3
development,b0625e91d83f47ac,2400,evaluation,50,112,12,0,1,0.02000000,-0.01000000,-2.109389752150e-4
development,b0625e91d83f47ac,2400,evaluation,50,112,12,1,0,0.01000000,-0.02000000,-3.025332989637e-4
development,b0625e91d83f47ac,2400,evaluation,51,113,11,0,0,0.02000000,0.02000000,1.758833677741e-4
development,b0625e91d83f47ac,2400,evaluation,51,113,11,1,1,0.01000000,0.01000000,1.147718503489e-4
development,b0625e91d83f47ac,2400,evaluation,52,114,10,0,0,-0.02000000,-0.02000000,-7.987252320163e-4
development,b0625e91d83f47ac,2400,evaluation,52,114,10,1,1,-0.01000000,-0.01000000,-3.541707992554e-4
development,b0625e91d83f47ac,2400,evaluation,53,115,9,0,0,0.02000000,-0.02000000,-3.244485706091e-4
development,b0625e91d83f47ac,2400,evaluation,53,115,9,1,1,0.01000000,-0.01000000,-1.254199742107e-4
development,b0625e91d83f47ac,2400,evaluation,54,116,8,0,0,0.02000000,-0.01000000,1.207326888107e-3
development,b0625e91d83f47ac,2400,evaluation,54,116,8,1,1,0.01000000,-0.00500000,6.250757724047e-4
development,b0625e91d83f47ac,2400,evaluation,55,117,7,0,0,0.02000000,-0.02000000,1.212271581608e-5
development,b0625e91d83f47ac,2400,evaluation,55,117,7,1,1,0.01000000,-0.01000000,1.823902130127e-5
development,b0625e91d83f47ac,2400,evaluation,56,118,6,0,1,-0.02000000,0.01000000,-3.880572694470e-5
development,b0625e91d83f47ac,2400,evaluation,56,118,6,1,0,-0.01000000,0.02000000,2.609255352581e-5
development,b0625e91d83f47ac,2400,evaluation,57,119,5,0,0,0.00000000,-0.02000000,-8.691599214217e-5
development,b0625e91d83f47ac,2400,evaluation,57,119,5,1,1,-0.02000000,-0.01000000,-3.797188401222e-5
development,b0625e91d83f47ac,2400,evaluation,58,120,4,0,1,0.02000000,0.01000000,-3.016740083694e-5
development,b0625e91d83f47ac,2400,evaluation,58,120,4,1,0,0.01000000,0.02000000,3.183074295521e-4
development,b0625e91d83f47ac,2400,evaluation,59,121,3,0,1,-0.02000000,-0.01000000,-1.456423924537e-4
development,b0625e91d83f47ac,2400,evaluation,59,121,3,1,0,-0.01000000,-0.02000000,3.436890665398e-6
development,b0625e91d83f47ac,2400,evaluation,60,122,2,0,1,0.02000000,-0.01000000,1.917779445648e-5
development,b0625e91d83f47ac,2400,evaluation,60,122,2,1,0,0.01000000,-0.02000000,-3.624210876296e-5
development,b0625e91d83f47ac,2400,evaluation,61,0,1,0,1,-0.02000000,0.01000000,-1.486428081989e-4
development,b0625e91d83f47ac,2400,evaluation,61,0,1,1,0,-0.01000000,0.02000000,1.041162759066e-4
development,b0625e91d83f47ac,4200,development,1,18,16,0,1,0.02000000,-0.01000000,3.728413430508e-4
development,b0625e91d83f47ac,4200,development,1,18,16,1,0,0.01000000,-0.02000000,-9.440010035178e-5
development,b0625e91d83f47ac,4200,development,2,19,15,0,0,0.02000000,-0.02000000,-3.928057849407e-4
development,b0625e91d83f47ac,4200,development,2,19,15,1,1,0.01000000,-0.01000000,-1.307974307565e-4
development,b0625e91d83f47ac,4200,development,3,20,14,0,1,-0.02000000,-0.01000000,-1.209147856571e-3
development,b0625e91d83f47ac,4200,development,3,20,14,1,0,-0.01000000,-0.02000000,-3.267147985753e-4
development,b0625e91d83f47ac,4200,development,5,22,12,0,1,0.02000000,0.01000000,-9.158725733869e-4
development,b0625e91d83f47ac,4200,development,5,22,12,1,0,0.01000000,0.02000000,-2.102279337123e-3
development,b0625e91d83f47ac,4200,development,6,23,11,0,1,0.02000000,-0.01000000,-5.182915483601e-4
development,b0625e91d83f47ac,4200,development,6,23,11,1,0,0.01000000,-0.02000000,-9.998107561842e-4
development,b0625e91d83f47ac,4200,development,7,24,10,0,0,0.02000000,-0.02000000,-2.612974494696e-4
development,b0625e91d83f47ac,4200,development,7,24,10,1,1,0.01000000,-0.01000000,-1.095266416087e-4
development,b0625e91d83f47ac,4200,development,8,25,9,0,0,0.02000000,0.02000000,-2.165273996070e-3
development,b0625e91d83f47ac,4200,development,8,25,9,1,1,0.01000000,0.01000000,-1.041206880473e-3
development,b0625e91d83f47ac,4200,development,9,26,8,0,0,0.02000000,-0.02000000,-3.689848585054e-3
development,b0625e91d83f47ac,4200,development,9,26,8,1,1,0.01000000,-0.01000000,-1.777372672223e-3
development,b0625e91d83f47ac,4200,development,10,27,7,0,0,0.02000000,-0.02000000,2.575411053840e-4
development,b0625e91d83f47ac,4200,development,10,27,7,1,1,0.01000000,-0.01000000,1.349200756522e-4
development,b0625e91d83f47ac,4200,development,11,28,6,0,1,0.02000000,-0.01000000,-1.001966520562e-4
development,b0625e91d83f47ac,4200,development,11,28,6,1,0,0.01000000,-0.02000000,2.014456986217e-4
development,b0625e91d83f47ac,4200,development,12,29,5,0,0,0.02000000,0.02000000,8.227955549955e-4
development,b0625e91d83f47ac,4200,development,12,29,5,1,1,0.01000000,0.01000000,4.276776162442e-4
development,b0625e91d83f47ac,4200,development,13,30,4,0,1,-0.02000000,0.01000000,-2.556368708611e-4
development,b0625e91d83f47ac,4200,development,13,30,4,1,0,-0.01000000,0.02000000,-7.867614622228e-4
development,b0625e91d83f47ac,4200,development,14,31,3,0,1,0.02000000,0.01000000,-3.881032171194e-4
development,b0625e91d83f47ac,4200,development,14,31,3,1,0,0.01000000,0.02000000,-6.804522126913e-4
development,b0625e91d83f47ac,4200,development,15,32,2,0,1,0.02000000,-0.01000000,-2.765028330032e-4
development,b0625e91d83f47ac,4200,development,15,32,2,1,0,0.01000000,-0.02000000,-7.029585540295e-4
development,b0625e91d83f47ac,4200,development,16,33,1,0,0,0.02000000,-0.02000000,-4.765366611537e-4
development,b0625e91d83f47ac,4200,development,16,33,1,1,1,0.01000000,-0.01000000,-2.354203461437e-4
development,b0625e91d83f47ac,4200,development,17,34,0,0,1,0.02000000,-0.01000000,2.240613102913e-4
development,b0625e91d83f47ac,4200,development,17,34,0,1,0,0.01000000,-0.02000000,4.716403782368e-5
development,b0625e91d83f47ac,4200,development,18,35,122,0,0,0.02000000,-0.02000000,-3.245057014283e-4
development,b0625e91d83f47ac,4200,development,18,35,122,1,1,0.01000000,-0.01000000,-1.482075749664e-4
development,b0625e91d83f47ac,4200,development,19,36,121,0,1,0.02000000,0.01000000,2.893401833717e-4
development,b0625e91d83f47ac,4200,development,19,36,121,1,0,0.01000000,0.02000000,3.506056964397e-4
development,b0625e91d83f47ac,4200,development,20,37,120,0,1,0.02000000,-0.01000000,1.487849949626e-4
development,b0625e91d83f47ac,4200,development,20,37,120,1,0,0.01000000,-0.02000000,3.175040183123e-4
development,b0625e91d83f47ac,4200,development,21,38,119,0,0,0.02000000,0.00000000,3.138346073683e-4
development,b0625e91d83f47ac,4200,development,21,38,119,1,1,0.01000000,-0.02000000,1.648354082135e-4
development,b0625e91d83f47ac,4200,development,22,39,118,0,1,0.02000000,0.01000000,5.663235788234e-4
development,b0625e91d83f47ac,4200,development,22,39,118,1,0,0.01000000,0.02000000,5.341246724129e-4
development,b0625e91d83f47ac,4200,development,23,40,117,0,1,-0.02000000,-0.01000000,1.298785209656e-4
development,b0625e91d83f47ac,4200,development,23,40,117,1,0,-0.01000000,-0.02000000,1.820071338443e-4
development,b0625e91d83f47ac,4200,development,24,41,116,0,0,0.02000000,-0.02000000,-5.323303048499e-4
development,b0625e91d83f47ac,4200,development,24,41,116,1,1,0.01000000,-0.01000000,-2.562689187471e-4
development,b0625e91d83f47ac,4200,development,25,42,115,0,1,0.00000000,-0.01000000,-5.077694731881e-5
development,b0625e91d83f47ac,4200,development,25,42,115,1,0,-0.02000000,-0.02000000,-1.691269426374e-4
development,b0625e91d83f47ac,4200,development,26,43,114,0,1,-0.02000000,-0.01000000,1.657884567976e-4
development,b0625e91d83f47ac,4200,development,26,43,114,1,0,-0.01000000,-0.02000000,5.471830718307e-6
development,b0625e91d83f47ac,4200,development,27,44,113,0,1,0.00000000,-0.01000000,1.671810896369e-4
development,b0625e91d83f47ac,4200,development,27,44,113,1,0,-0.00500000,-0.02000000,3.001397999469e-4
development,b0625e91d83f47ac,4200,development,28,45,112,0,1,-0.02000000,-0.01000000,6.855092942715e-5
development,b0625e91d83f47ac,4200,development,28,45,112,1,0,-0.01000000,-0.02000000,-7.614182686666e-5
development,b0625e91d83f47ac,4200,development,29,46,111,0,0,0.00000000,0.00000000,0.000000000000e0
development,b0625e91d83f47ac,4200,development,29,46,111,1,1,-0.02000000,-0.02000000,-2.709900400077e-5
development,b0625e91d83f47ac,4200,development,30,47,110,0,1,0.02000000,-0.01000000,2.577783016022e-4
development,b0625e91d83f47ac,4200,development,30,47,110,1,0,0.01000000,-0.02000000,3.771639021579e-4
development,b0625e91d83f47ac,4200,development,31,48,109,0,1,0.00000000,0.01000000,1.167257650536e-7
development,b0625e91d83f47ac,4200,development,31,48,109,1,0,-0.02000000,0.02000000,-5.763644821855e-6
development,b0625e91d83f47ac,4200,development,32,49,108,0,0,0.02000000,0.02000000,-2.821435627993e-4
development,b0625e91d83f47ac,4200,development,32,49,108,1,1,0.01000000,0.01000000,-1.297934650211e-4
development,b0625e91d83f47ac,4200,development,33,50,107,0,0,0.00000000,0.02000000,-9.576355660101e-5
development,b0625e91d83f47ac,4200,development,33,50,107,1,1,-0.02000000,0.01000000,-1.986759343708e-5
development,b0625e91d83f47ac,4200,development,34,51,106,0,0,0.02000000,-0.02000000,2.201013267040e-4
development,b0625e91d83f47ac,4200,development,34,51,106,1,1,0.01000000,-0.01000000,1.103250906453e-4
development,b0625e91d83f47ac,4200,development,35,52,105,0,1,0.02000000,0.01000000,-2.642689796630e-4
development,b0625e91d83f47ac,4200,development,35,52,105,1,0,0.01000000,0.02000000,-3.671534359455e-4
development,b0625e91d83f47ac,4200,development,36,53,104,0,0,0.00000000,0.02000000,1.070064827218e-4
development,b0625e91d83f47ac,4200,development,36,53,104,1,1,-0.02000000,0.01000000,5.642262476613e-5
development,b0625e91d83f47ac,4200,development,37,54,103,0,0,-0.02000000,0.00000000,1.057249828591e-4
development,b0625e91d83f47ac,4200,development,37,54,103,1,1,-0.01000000,-0.02000000,5.414088445832e-5
development,b0625e91d83f47ac,4200,development,38,55,102,0,1,0.02000000,0.01000000,-6.136484444141e-5
development,b0625e91d83f47ac,4200,development,38,55,102,1,0,0.01000000,0.02000000,-3.165379166603e-5
development,b0625e91d83f47ac,4200,development,39,56,101,0,0,-0.02000000,0.02000000,6.182367360452e-5
development,b0625e91d83f47ac,4200,development,39,56,101,1,1,-0.01000000,0.01000000,3.677606582642e-5
development,b0625e91d83f47ac,4200,development,40,57,100,0,1,-0.02000000,-0.01000000,-2.463559212629e-4
development,b0625e91d83f47ac,4200,development,40,57,100,1,0,-0.01000000,-0.02000000,1.854573747551e-5
development,b0625e91d83f47ac,4200,development,41,58,99,0,1,-0.02000000,-0.01000000,3.578240575735e-4
development,b0625e91d83f47ac,4200,development,41,58,99,1,0,-0.01000000,-0.02000000,1.844111829996e-4
development,b0625e91d83f47ac,4200,development,42,59,98,0,1,-0.02000000,0.01000000,-1.632222323678e-3
development,b0625e91d83f47ac,4200,development,42,59,98,1,0,-0.01000000,0.02000000,-8.301865309477e-4
development,b0625e91d83f47ac,4200,development,43,60,97,0,1,-0.01000000,0.02000000,1.655183732510e-4
development,b0625e91d83f47ac,4200,development,43,60,97,1,0,-0.02000000,0.01000000,-3.644966927823e-4
development,b0625e91d83f47ac,4200,development,44,61,96,0,1,-0.02000000,-0.01000000,-3.276206552982e-4
development,b0625e91d83f47ac,4200,development,44,61,96,1,0,-0.01000000,-0.02000000,5.204354602029e-5
development,b0625e91d83f47ac,4200,development,45,62,95,0,1,-0.02000000,-0.02000000,4.597914812621e-4
development,b0625e91d83f47ac,4200,development,45,62,95,1,0,-0.01000000,0.00000000,2.503643336240e-4
development,b0625e91d83f47ac,4200,development,46,63,94,0,1,-0.02000000,0.01000000,2.564471215010e-4
development,b0625e91d83f47ac,4200,development,46,63,94,1,0,-0.01000000,0.02000000,-3.276579082012e-5
development,b0625e91d83f47ac,4200,development,47,64,93,0,1,0.02000000,0.01000000,-1.419521868229e-5
development,b0625e91d83f47ac,4200,development,47,64,93,1,0,0.01000000,0.02000000,-3.553430360625e-5
development,b0625e91d83f47ac,4200,development,48,65,92,0,1,0.02000000,-0.01000000,-3.120762703475e-4
development,b0625e91d83f47ac,4200,development,48,65,92,1,0,0.01000000,-0.02000000,-6.503456388600e-4
development,b0625e91d83f47ac,4200,development,49,66,91,0,1,0.02000000,0.01000000,7.154109334806e-5
development,b0625e91d83f47ac,4200,development,49,66,91,1,0,0.01000000,0.02000000,5.848829823663e-5
development,b0625e91d83f47ac,4200,development,50,67,90,0,1,0.02000000,0.01000000,-2.715761365835e-4
development,b0625e91d83f47ac,4200,development,50,67,90,1,0,0.01000000,0.02000000,-2.186521887779e-4
development,b0625e91d83f47ac,4200,development,51,68,89,0,0,0.02000000,0.02000000,3.828294575214e-4
development,b0625e91d83f47ac,4200,development,51,68,89,1,1,0.01000000,0.01000000,2.324742526980e-4
development,b0625e91d83f47ac,4200,development,52,69,88,0,1,0.02000000,0.01000000,4.530263322522e-5
development,b0625e91d83f47ac,4200,development,52,69,88,1,0,0.01000000,0.02000000,1.717340201139e-4
development,b0625e91d83f47ac,4200,development,53,70,87,0,0,0.02000000,0.00000000,8.235374843935e-5
development,b0625e91d83f47ac,4200,development,53,70,87,1,1,0.01000000,-0.02000000,4.167978840997e-5
development,b0625e91d83f47ac,4200,development,54,71,86,0,0,0.02000000,0.00000000,6.258301436901e-5
development,b0625e91d83f47ac,4200,development,54,71,86,1,1,0.01000000,-0.02000000,3.164820373058e-5
development,b0625e91d83f47ac,4200,development,55,72,85,0,1,0.02000000,-0.02000000,-1.404167414876e-4
development,b0625e91d83f47ac,4200,development,55,72,85,1,0,0.01000000,0.00000000,-6.975606083870e-5
development,b0625e91d83f47ac,4200,development,56,73,84,0,1,0.02000000,-0.02000000,-4.105952757527e-5
development,b0625e91d83f47ac,4200,development,56,73,84,1,0,0.01000000,0.00000000,-2.039534410869e-5
development,b0625e91d83f47ac,4200,development,57,74,83,0,1,0.00000000,-0.02000000,0.000000000000e0
development,b0625e91d83f47ac,4200,development,57,74,83,1,0,-0.02000000,0.00000000,-2.489027974661e-4
development,b0625e91d83f47ac,4200,development,58,75,82,0,0,0.02000000,0.00000000,-4.035277816001e-4
development,b0625e91d83f47ac,4200,development,58,75,82,1,1,0.01000000,-0.02000000,-1.945967524080e-4
development,b0625e91d83f47ac,4200,development,59,76,81,0,0,0.02000000,0.00000000,5.578026175499e-4
development,b0625e91d83f47ac,4200,development,59,76,81,1,1,0.01000000,-0.02000000,2.919659018517e-4
development,b0625e91d83f47ac,4200,development,60,77,80,0,1,0.02000000,-0.02000000,-3.838775155600e-4
development,b0625e91d83f47ac,4200,development,60,77,80,1,0,0.01000000,0.00000000,-1.891162246466e-4
development,b0625e91d83f47ac,4200,development,61,78,79,0,1,0.02000000,0.01000000,1.666173338890e-4
development,b0625e91d83f47ac,4200,development,61,78,79,1,0,0.01000000,0.02000000,3.189779818058e-4
development,b0625e91d83f47ac,4200,evaluation,1,18,16,0,0,0.02000000,-0.02000000,1.378568558721e-4
development,b0625e91d83f47ac,4200,evaluation,1,18,16,1,1,0.01000000,-0.01000000,1.171901822090e-4
development,b0625e91d83f47ac,4200,evaluation,2,19,15,0,1,0.02000000,-0.01000000,-3.021676093340e-4
development,b0625e91d83f47ac,4200,evaluation,2,19,15,1,0,0.01000000,-0.02000000,-2.227177174063e-4
development,b0625e91d83f47ac,4200,evaluation,3,20,14,0,0,-0.02000000,-0.02000000,-1.110287965275e-3
development,b0625e91d83f47ac,4200,evaluation,3,20,14,1,1,-0.01000000,-0.01000000,-4.282115551177e-4
development,b0625e91d83f47ac,4200,evaluation,5,22,12,0,0,0.02000000,0.02000000,-2.011459320784e-3
development,b0625e91d83f47ac,4200,evaluation,5,22,12,1,1,0.01000000,0.01000000,-8.569508790970e-4
development,b0625e91d83f47ac,4200,evaluation,6,23,11,0,0,0.02000000,-0.02000000,-1.167789683677e-3
development,b0625e91d83f47ac,4200,evaluation,6,23,11,1,1,0.01000000,-0.01000000,-3.989897668362e-4
development,b0625e91d83f47ac,4200,evaluation,7,24,10,0,1,0.02000000,-0.01000000,-8.046813309193e-5
development,b0625e91d83f47ac,4200,evaluation,7,24,10,1,0,0.01000000,-0.02000000,-2.907266316470e-4
development,b0625e91d83f47ac,4200,evaluation,8,25,9,0,1,0.02000000,0.01000000,-1.007427112199e-3
development,b0625e91d83f47ac,4200,evaluation,8,25,9,1,0,0.01000000,0.02000000,-2.200391143560e-3
development,b0625e91d83f47ac,4200,evaluation,9,26,8,0,1,0.02000000,-0.01000000,-1.818441436626e-3
development,b0625e91d83f47ac,4200,evaluation,9,26,8,1,0,0.01000000,-0.02000000,-3.646635217592e-3
development,b0625e91d83f47ac,4200,evaluation,10,27,7,0,1,0.02000000,-0.01000000,3.193865122739e-4
development,b0625e91d83f47ac,4200,evaluation,10,27,7,1,0,0.01000000,-0.02000000,7.056320464471e-5
development,b0625e91d83f47ac,4200,evaluation,11,28,6,0,0,0.02000000,-0.02000000,5.391364175011e-5
development,b0625e91d83f47ac,4200,evaluation,11,28,6,1,1,0.01000000,-0.01000000,4.609115421772e-5
development,b0625e91d83f47ac,4200,evaluation,12,29,5,0,1,0.02000000,0.01000000,5.144756287336e-4
development,b0625e91d83f47ac,4200,evaluation,12,29,5,1,0,0.01000000,0.02000000,7.340032607317e-4
development,b0625e91d83f47ac,4200,evaluation,13,30,4,0,0,-0.02000000,0.02000000,-7.157114450820e-4
development,b0625e91d83f47ac,4200,evaluation,13,30,4,1,1,-0.01000000,0.01000000,-3.260957601015e-4
development,b0625e91d83f47ac,4200,evaluation,14,31,3,0,0,0.02000000,0.02000000,-7.153544574976e-4
development,b0625e91d83f47ac,4200,evaluation,14,31,3,1,1,0.01000000,0.01000000,-3.532009723131e-4
development,b0625e91d83f47ac,4200,evaluation,15,32,2,0,0,0.02000000,-0.02000000,-6.651363219135e-4
development,b0625e91d83f47ac,4200,evaluation,15,32,2,1,1,0.01000000,-0.01000000,-3.143250942230e-4
development,b0625e91d83f47ac,4200,evaluation,16,33,1,0,1,0.02000000,-0.01000000,-3.002317098435e-4
development,b0625e91d83f47ac,4200,evaluation,16,33,1,1,0,0.01000000,-0.02000000,-4.117252829019e-4
development,b0625e91d83f47ac,4200,evaluation,17,34,0,0,0,0.02000000,-0.02000000,1.792268158169e-4
development,b0625e91d83f47ac,4200,evaluation,17,34,0,1,1,0.01000000,-0.01000000,9.261941158911e-5
development,b0625e91d83f47ac,4200,evaluation,18,35,122,0,1,0.02000000,-0.01000000,-3.009332867805e-4
development,b0625e91d83f47ac,4200,evaluation,18,35,122,1,0,0.01000000,-0.02000000,-1.678603439359e-4
development,b0625e91d83f47ac,4200,evaluation,19,36,121,0,0,0.02000000,0.02000000,3.882025775965e-4
development,b0625e91d83f47ac,4200,evaluation,19,36,121,1,1,0.01000000,0.01000000,2.491362392902e-4
development,b0625e91d83f47ac,4200,evaluation,20,37,120,0,0,0.02000000,-0.02000000,2.646160719451e-4
development,b0625e91d83f47ac,4200,evaluation,20,37,120,1,1,0.01000000,-0.01000000,2.030897885561e-4
development,b0625e91d83f47ac,4200,evaluation,21,38,119,0,1,0.02000000,-0.02000000,3.138346073683e-4
development,b0625e91d83f47ac,4200,evaluation,21,38,119,1,0,0.01000000,0.00000000,1.648354082135e-4
development,b0625e91d83f47ac,4200,evaluation,22,39,118,0,0,0.02000000,0.02000000,7.340125739574e-4
development,b0625e91d83f47ac,4200,evaluation,22,39,118,1,1,0.01000000,0.01000000,3.719255328178e-4
development,b0625e91d83f47ac,4200,evaluation,23,40,117,0,0,-0.02000000,-0.02000000,2.075533120660e-4
development,b0625e91d83f47ac,4200,evaluation,23,40,117,1,1,-0.01000000,-0.01000000,1.043360680342e-4
development,b0625e91d83f47ac,4200,evaluation,24,41,116,0,1,0.02000000,-0.01000000,-2.646645007189e-4
development,b0625e91d83f47ac,4200,evaluation,24,41,116,1,0,0.01000000,-0.02000000,-5.238714511506e-4
development,b0625e91d83f47ac,4200,evaluation,25,42,115,0,0,0.00000000,-0.02000000,-1.022964715958e-4
development,b0625e91d83f47ac,4200,evaluation,25,42,115,1,1,-0.02000000,-0.01000000,-1.176496371045e-4
development,b0625e91d83f47ac,4200,evaluation,26,43,114,0,0,-0.02000000,-0.02000000,1.155156642199e-4
development,b0625e91d83f47ac,4200,evaluation,26,43,114,1,1,-0.01000000,-0.01000000,5.715402585338e-5
development,b0625e91d83f47ac,4200,evaluation,27,44,113,0,0,0.00000000,-0.02000000,3.289698215667e-4
development,b0625e91d83f47ac,4200,evaluation,27,44,113,1,1,-0.00500000,-0.01000000,1.381511538057e-4
development,b0625e91d83f47ac,4200,evaluation,28,45,112,0,0,-0.02000000,-0.02000000,-8.176391020243e-6
development,b0625e91d83f47ac,4200,evaluation,28,45,112,1,1,-0.01000000,-0.01000000,5.693485150005e-7
development,b0625e91d83f47ac,4200,evaluation,29,46,111,0,1,0.00000000,-0.02000000,0.000000000000e0
development,b0625e91d83f47ac,4200,evaluation,29,46,111,1,0,-0.02000000,0.00000000,-2.709900400077e-5
development,b0625e91d83f47ac,4200,evaluation,30,47,110,0,0,0.02000000,-0.02000000,4.191032203380e-4
development,b0625e91d83f47ac,4200,evaluation,30,47,110,1,1,0.01000000,-0.01000000,2.148884086637e-4
development,b0625e91d83f47ac,4200,evaluation,31,48,109,0,0,0.00000000,0.02000000,-5.813315510750e-6
development,b0625e91d83f47ac,4200,evaluation,31,48,109,1,1,-0.02000000,0.01000000,1.663963047349e-7
development,b0625e91d83f47ac,4200,evaluation,32,49,108,0,1,0.02000000,0.01000000,-1.152797267423e-4
development,b0625e91d83f47ac,4200,evaluation,32,49,108,1,0,0.01000000,0.02000000,-2.965889871120e-4
development,b0625e91d83f47ac,4200,evaluation,33,50,107,0,1,0.00000000,0.01000000,-4.681510108639e-5
development,b0625e91d83f47ac,4200,evaluation,33,50,107,1,0,-0.02000000,0.02000000,-6.859377026558e-5
development,b0625e91d83f47ac,4200,evaluation,34,51,106,0,1,0.02000000,-0.01000000,1.896073372336e-4
development,b0625e91d83f47ac,4200,evaluation,34,51,106,1,0,0.01000000,-0.02000000,1.407377421856e-4
development,b0625e91d83f47ac,4200,evaluation,35,52,105,0,0,0.02000000,0.02000000,-4.620353283826e-4
development,b0625e91d83f47ac,4200,evaluation,35,52,105,1,1,0.01000000,0.01000000,-1.864445657702e-4
development,b0625e91d83f47ac,4200,evaluation,36,53,104,0,1,0.00000000,0.01000000,5.642262476613e-5
development,b0625e91d83f47ac,4200,evaluation,36,53,104,1,0,-0.02000000,0.02000000,1.070064827218e-4
development,b0625e91d83f47ac,4200,evaluation,37,54,103,0,1,-0.02000000,-0.02000000,1.057249828591e-4
development,b0625e91d83f47ac,4200,evaluation,37,54,103,1,0,-0.01000000,0.00000000,5.414088445832e-5
development,b0625e91d83f47ac,4200,evaluation,38,55,102,0,0,0.02000000,0.02000000,-6.338643288473e-5
development,b0625e91d83f47ac,4200,evaluation,38,55,102,1,1,0.01000000,0.01000000,-2.920441329479e-5
development,b0625e91d83f47ac,4200,evaluation,39,56,101,0,1,-0.02000000,0.01000000,-5.386769771576e-6
development,b0625e91d83f47ac,4200,evaluation,39,56,101,1,0,-0.01000000,0.02000000,1.043950542226e-4
development,b0625e91d83f47ac,4200,evaluation,40,57,100,0,0,-0.02000000,-0.02000000,-1.547572464915e-4
development,b0625e91d83f47ac,4200,evaluation,40,57,100,1,1,-0.01000000,-0.01000000,-7.262950384757e-5
development,b0625e91d83f47ac,4200,evaluation,41,58,99,0,0,-0.02000000,-0.02000000,3.603690711316e-4
development,b0625e91d83f47ac,4200,evaluation,41,58,99,1,1,-0.01000000,-0.01000000,1.820151956053e-4
development,b0625e91d83f47ac,4200,evaluation,42,59,98,0,0,-0.02000000,0.02000000,-1.659987494349e-3
development,b0625e91d83f47ac,4200,evaluation,42,59,98,1,1,-0.01000000,0.01000000,-8.051339536905e-4
development,b0625e91d83f47ac,4200,evaluation,43,60,97,0,0,-0.01000000,0.01000000,3.426832336118e-5
development,b0625e91d83f47ac,4200,evaluation,43,60,97,1,1,-0.02000000,0.02000000,-2.984423190355e-4
development,b0625e91d83f47ac,4200,evaluation,44,61,96,0,0,-0.02000000,-0.02000000,-1.977526844712e-4
development,b0625e91d83f47ac,4200,evaluation,44,61,96,1,1,-0.01000000,-0.01000000,-7.573080802104e-5
development,b0625e91d83f47ac,4200,evaluation,45,62,95,0,0,-0.02000000,0.00000000,4.597914812621e-4
development,b0625e91d83f47ac,4200,evaluation,45,62,95,1,1,-0.01000000,-0.02000000,2.503643336240e-4
development,b0625e91d83f47ac,4200,evaluation,46,63,94,0,0,-0.02000000,0.02000000,1.087430864573e-4
development,b0625e91d83f47ac,4200,evaluation,46,63,94,1,1,-0.01000000,0.01000000,1.039728522301e-4
development,b0625e91d83f47ac,4200,evaluation,47,64,93,0,0,0.02000000,0.02000000,-4.147117215325e-5
development,b0625e91d83f47ac,4200,evaluation,47,64,93,1,1,0.01000000,0.01000000,-8.540849194105e-6
development,b0625e91d83f47ac,4200,evaluation,48,65,92,0,0,0.02000000,-0.02000000,-6.718728691339e-4
development,b0625e91d83f47ac,4200,evaluation,48,65,92,1,1,0.01000000,-0.01000000,-2.908222377300e-4
development,b0625e91d83f47ac,4200,evaluation,49,66,91,0,0,0.02000000,0.02000000,8.609766518930e-5
development,b0625e91d83f47ac,4200,evaluation,49,66,91,1,1,0.01000000,0.01000000,4.397394877742e-5
development,b0625e91d83f47ac,4200,evaluation,50,67,90,0,0,0.02000000,0.02000000,-3.486803325359e-4
development,b0625e91d83f47ac,4200,evaluation,50,67,90,1,1,0.01000000,0.01000000,-1.419198961230e-4
development,b0625e91d83f47ac,4200,evaluation,51,68,89,0,1,0.02000000,0.01000000,2.345715911360e-4
development,b0625e91d83f47ac,4200,evaluation,51,68,89,1,0,0.01000000,0.02000000,3.901235759258e-4
development,b0625e91d83f47ac,4200,evaluation,52,69,88,0,0,0.02000000,0.02000000,1.430120319128e-4
development,b0625e91d83f47ac,4200,evaluation,52,69,88,1,1,0.01000000,0.01000000,7.457224273821e-5
development,b0625e91d83f47ac,4200,evaluation,53,70,87,0,1,0.02000000,-0.02000000,8.235374843935e-5
development,b0625e91d83f47ac,4200,evaluation,53,70,87,1,0,0.01000000,0.00000000,4.167978840997e-5
development,b0625e91d83f47ac,4200,evaluation,54,71,86,0,1,0.02000000,-0.02000000,6.258301436901e-5
development,b0625e91d83f47ac,4200,evaluation,54,71,86,1,0,0.01000000,0.00000000,3.164820373058e-5
development,b0625e91d83f47ac,4200,evaluation,55,72,85,0,0,0.02000000,0.00000000,-1.404167414876e-4
development,b0625e91d83f47ac,4200,evaluation,55,72,85,1,1,0.01000000,-0.02000000,-6.975606083870e-5
development,b0625e91d83f47ac,4200,evaluation,56,73,84,0,0,0.02000000,0.00000000,-4.105952757527e-5
development,b0625e91d83f47ac,4200,evaluation,56,73,84,1,1,0.01000000,-0.02000000,-2.039534410869e-5
development,b0625e91d83f47ac,4200,evaluation,57,74,83,0,0,0.00000000,0.00000000,0.000000000000e0
development,b0625e91d83f47ac,4200,evaluation,57,74,83,1,1,-0.02000000,-0.02000000,-2.489027974661e-4
development,b0625e91d83f47ac,4200,evaluation,58,75,82,0,1,0.02000000,-0.02000000,-4.035277816001e-4
development,b0625e91d83f47ac,4200,evaluation,58,75,82,1,0,0.01000000,0.00000000,-1.945967524080e-4
development,b0625e91d83f47ac,4200,evaluation,59,76,81,0,1,0.02000000,-0.02000000,5.578026175499e-4
development,b0625e91d83f47ac,4200,evaluation,59,76,81,1,0,0.01000000,0.00000000,2.919659018517e-4
development,b0625e91d83f47ac,4200,evaluation,60,77,80,0,0,0.02000000,0.00000000,-3.838775155600e-4
development,b0625e91d83f47ac,4200,evaluation,60,77,80,1,1,0.01000000,-0.02000000,-1.891162246466e-4
development,b0625e91d83f47ac,4200,evaluation,61,78,79,0,0,0.02000000,0.02000000,3.158990293741e-4
development,b0625e91d83f47ac,4200,evaluation,61,78,79,1,1,0.01000000,0.01000000,1.682446600171e-4
development,4c178bfa2d60e935,600,development,1,108,106,0,0,0.02000000,0.02000000,1.058280467987e-4
development,4c178bfa2d60e935,600,development,1,108,106,1,1,0.01000000,0.01000000,5.332256478141e-5
development,4c178bfa2d60e935,600,development,2,109,105,0,0,0.02000000,0.02000000,5.568265914917e-4
development,4c178bfa2d60e935,600,development,2,109,105,1,1,0.01000000,0.01000000,2.824378607329e-4
development,4c178bfa2d60e935,600,development,3,110,104,0,1,0.02000000,0.01000000,7.167210424086e-5
development,4c178bfa2d60e935,600,development,3,110,104,1,0,0.01000000,0.02000000,1.432498247596e-4
development,4c178bfa2d60e935,600,development,4,111,103,0,1,0.00000000,-0.02000000,0.000000000000e0
development,4c178bfa2d60e935,600,development,4,111,103,1,0,-0.02000000,0.00000000,0.000000000000e0
development,4c178bfa2d60e935,600,development,5,112,102,0,0,-0.02000000,-0.02000000,-1.087747514248e-4
development,4c178bfa2d60e935,600,development,5,112,102,1,1,-0.01000000,-0.01000000,-5.401422458817e-5
development,4c178bfa2d60e935,600,development,6,113,101,0,1,-0.02000000,0.01000000,4.583392292261e-4
development,4c178bfa2d60e935,600,development,6,113,101,1,0,-0.01000000,0.02000000,2.385477273492e-4
development,4c178bfa2d60e935,600,development,7,114,100,0,0,-0.02000000,-0.02000000,2.617575228214e-4
development,4c178bfa2d60e935,600,development,7,114,100,1,1,-0.01000000,-0.01000000,1.312469394179e-4
development,4c178bfa2d60e935,600,development,8,115,99,0,0,0.00000000,0.00000000,0.000000000000e0
development,4c178bfa2d60e935,600,development,8,115,99,1,1,-0.02000000,-0.02000000,0.000000000000e0
development,4c178bfa2d60e935,600,development,9,116,98,0,1,-0.02000000,0.01000000,-1.135561615229e-4
development,4c178bfa2d60e935,600,development,9,116,98,1,0,-0.01000000,0.02000000,-3.432172161411e-5
development,4c178bfa2d60e935,600,development,10,117,97,0,1,-0.02000000,0.01000000,2.281032502651e-4
development,4c178bfa2d60e935,600,development,10,117,97,1,0,-0.01000000,0.02000000,1.596367656020e-4
development,4c178bfa2d60e935,600,development,11,118,96,0,0,-0.02000000,-0.02000000,2.503997238819e-4
development,4c178bfa2d60e935,600,development,11,118,96,1,1,-0.01000000,-0.01000000,1.256056129932e-4
development,4c178bfa2d60e935,600,development,12,119,95,0,1,0.00000000,-0.02000000,0.000000000000e0
development,4c178bfa2d60e935,600,development,12,119,95,1,0,-0.02000000,0.00000000,0.000000000000e0
development,4c178bfa2d60e935,600,development,13,120,94,0,1,-0.02000000,-0.01000000,8.356186444871e-4
development,4c178bfa2d60e935,600,development,13,120,94,1,0,-0.01000000,-0.02000000,5.743540823460e-4
development,4c178bfa2d60e935,600,development,14,121,93,0,0,0.02000000,0.02000000,7.844567298889e-4
development,4c178bfa2d60e935,600,development,14,121,93,1,1,0.01000000,0.01000000,4.135978815611e-4
development,4c178bfa2d60e935,600,development,15,122,92,0,0,-0.02000000,-0.02000000,-1.575605274411e-4
development,4c178bfa2d60e935,600,development,15,122,92,1,1,-0.01000000,-0.01000000,-3.648984056781e-5
development,4c178bfa2d60e935,600,development,16,0,91,0,1,-0.02000000,-0.02000000,-6.234770262381e-5
development,4c178bfa2d60e935,600,development,16,0,91,1,0,-0.01000000,0.00000000,-2.509603837098e-5
development,4c178bfa2d60e935,600,development,17,1,90,0,0,-0.02000000,0.02000000,6.718436634401e-5
development,4c178bfa2d60e935,600,development,17,1,90,1,1,-0.01000000,0.01000000,3.377224129508e-5
development,4c178bfa2d60e935,600,development,18,2,89,0,0,-0.02000000,0.02000000,1.575102360221e-4
development,4c178bfa2d60e935,600,development,18,2,89,1,1,-0.01000000,0.01000000,8.986517786980e-5
development,4c178bfa2d60e935,600,development,19,3,88,0,0,0.02000000,-0.02000000,-1.672034500189e-6
development,4c178bfa2d60e935,600,development,19,3,88,1,1,0.01000000,-0.01000000,1.689419150352e-6
development,4c178bfa2d60e935,600,development,20,4,87,0,1,-0.02000000,-0.02000000,5.476176738739e-7
development,4c178bfa2d60e935,600,development,20,4,87,1,0,-0.01000000,0.00000000,3.940736405639e-6
development,4c178bfa2d60e935,600,development,21,5,86,0,0,0.02000000,0.00000000,1.155473291874e-4
development,4c178bfa2d60e935,600,development,21,5,86,1,1,0.01000000,-0.02000000,6.029506403138e-5
development,4c178bfa2d60e935,600,development,22,6,85,0,0,0.02000000,0.00000000,1.244023442268e-4
development,4c178bfa2d60e935,600,development,22,6,85,1,1,0.01000000,-0.02000000,6.262523675105e-5
development,4c178bfa2d60e935,600,development,23,7,84,0,1,-0.02000000,-0.02000000,4.382878541946e-4
development,4c178bfa2d60e935,600,development,23,7,84,1,0,-0.01000000,0.00000000,2.210897655459e-4
development,4c178bfa2d60e935,600,development,24,8,83,0,0,0.02000000,0.00000000,2.176314592361e-5
development,4c178bfa2d60e935,600,development,24,8,83,1,1,0.01000000,-0.02000000,1.387422253174e-5
development,4c178bfa2d60e935,600,development,25,9,82,0,0,-0.02000000,0.00000000,1.330338418484e-4
development,4c178bfa2d60e935,600,development,25,9,82,1,1,-0.01000000,-0.02000000,6.847517943243e-5
development,4c178bfa2d60e935,600,development,26,10,81,0,0,-0.02000000,0.00000000,-9.976824367186e-5
development,4c178bfa2d60e935,600,development,26,10,81,1,1,-0.01000000,-0.02000000,-4.233792424202e-5
development,4c178bfa2d60e935,600,development,27,11,80,0,1,-0.02000000,-0.02000000,-1.470303832320e-4
development,4c178bfa2d60e935,600,development,27,11,80,1,0,-0.01000000,0.00000000,-6.760408723494e-5
development,4c178bfa2d60e935,600,development,28,12,79,0,0,-0.02000000,0.02000000,1.529231667519e-6
development,4c178bfa2d60e935,600,development,28,12,79,1,1,-0.01000000,0.01000000,6.642192602158e-6
development,4c178bfa2d60e935,600,development,29,13,78,0,0,-0.02000000,-0.02000000,2.807527780533e-4
development,4c178bfa2d60e935,600,development,29,13,78,1,1,-0.01000000,-0.01000000,1.481914223405e-4
development,4c178bfa2d60e935,600,development,30,14,77,0,0,0.02000000,0.02000000,-1.419087220711e-5
development,4c178bfa2d60e935,600,development,30,14,77,1,1,0.01000000,0.01000000,-8.481244549330e-6
development,4c178bfa2d60e935,600,development,31,15,76,0,0,0.02000000,-0.02000000,1.267027109861e-4
development,4c178bfa2d60e935,600,development,31,15,76,1,1,0.01000000,-0.01000000,7.313241803786e-5
development,4c178bfa2d60e935,600,development,32,16,75,0,0,-0.02000000,-0.02000000,1.849749387475e-4
development,4c178bfa2d60e935,600,development,32,16,75,1,1,-0.01000000,-0.01000000,1.064042226062e-4
development,4c178bfa2d60e935,600,development,33,17,74,0,1,-0.02000000,-0.02000000,-4.278992491891e-5
development,4c178bfa2d60e935,600,development,33,17,74,1,0,-0.01000000,0.00000000,-1.661665737629e-5
development,4c178bfa2d60e935,600,development,34,18,73,0,1,0.02000000,-0.01000000,-6.417433269235e-6
development,4c178bfa2d60e935,600,development,34,18,73,1,0,0.01000000,-0.02000000,1.077664364857e-5
development,4c178bfa2d60e935,600,development,35,19,72,0,1,-0.02000000,0.01000000,-2.191054372815e-4
development,4c178bfa2d60e935,600,development,35,19,72,1,0,-0.01000000,0.02000000,-1.561709941598e-4
development,4c178bfa2d60e935,600,development,36,20,71,0,0,0.02000000,0.02000000,-1.060217618942e-5
development,4c178bfa2d60e935,600,development,36,20,71,1,1,0.01000000,0.01000000,-3.231689333916e-6
development,4c178bfa2d60e935,600,development,37,21,70,0,1,-0.02000000,0.01000000,-1.942118069564e-5
development,4c178bfa2d60e935,600,development,37,21,70,1,0,-0.01000000,0.02000000,3.706042843987e-5
development,4c178bfa2d60e935,600,development,38,22,69,0,1,0.02000000,0.01000000,-2.460510877427e-4
development,4c178bfa2d60e935,600,development,38,22,69,1,0,0.01000000,0.02000000,-1.321136951447e-4
development,4c178bfa2d60e935,600,development,39,23,68,0,1,0.02000000,0.01000000,-1.590785832377e-4
development,4c178bfa2d60e935,600,development,39,23,68,1,0,0.01000000,0.02000000,-8.122002327582e-5
development,4c178bfa2d60e935,600,development,40,24,67,0,0,-0.02000000,-0.02000000,6.926184141776e-5
development,4c178bfa2d60e935,600,development,40,24,67,1,1,-0.01000000,-0.01000000,4.830397665501e-5
development,4c178bfa2d60e935,600,development,41,25,66,0,0,0.02000000,0.00000000,2.670412186490e-6
development,4c178bfa2d60e935,600,development,41,25,66,1,1,0.01000000,-0.02000000,-1.324713230133e-5
development,4c178bfa2d60e935,600,development,42,26,65,0,1,0.00000000,-0.01000000,2.058222889900e-6
development,4c178bfa2d60e935,600,development,42,26,65,1,0,-0.02000000,-0.02000000,6.581967227248e-6
development,4c178bfa2d60e935,600,development,43,27,64,0,1,-0.02000000,0.01000000,-6.525467028951e-7
development,4c178bfa2d60e935,600,development,43,27,64,1,0,-0.01000000,0.02000000,1.041156519932e-5
development,4c178bfa2d60e935,600,development,44,28,63,0,0,-0.02000000,-0.02000000,1.440569758415e-5
development,4c178bfa2d60e935,600,development,44,28,63,1,1,-0.01000000,-0.01000000,7.263695351867e-6
development,4c178bfa2d60e935,600,development,45,29,62,0,0,-0.02000000,-0.02000000,4.933898526360e-5
development,4c178bfa2d60e935,600,development,45,29,62,1,1,-0.01000000,-0.01000000,2.697172203625e-5
development,4c178bfa2d60e935,600,development,46,30,61,0,0,-0.02000000,-0.02000000,-5.863048136234e-5
development,4c178bfa2d60e935,600,development,46,30,61,1,1,-0.01000000,-0.01000000,-2.929009497166e-5
development,4c178bfa2d60e935,600,development,47,31,60,0,1,-0.02000000,-0.01000000,-1.884934863483e-5
development,4c178bfa2d60e935,600,development,47,31,60,1,0,-0.01000000,-0.02000000,-5.299411714077e-5
development,4c178bfa2d60e935,600,development,48,32,59,0,1,0.02000000,-0.01000000,5.245270949672e-5
development,4c178bfa2d60e935,600,development,48,32,59,1,0,0.01000000,-0.02000000,-1.487334520789e-4
development,4c178bfa2d60e935,600,development,49,33,58,0,0,-0.02000000,0.00000000,7.744878530502e-6
development,4c178bfa2d60e935,600,development,49,33,58,1,1,-0.01000000,-0.02000000,3.623341399361e-5
development,4c178bfa2d60e935,600,development,50,34,57,0,1,0.00000000,0.01000000,6.586313247681e-6
development,4c178bfa2d60e935,600,development,50,34,57,1,0,-0.02000000,0.02000000,-5.421973764896e-5
development,4c178bfa2d60e935,600,development,51,35,56,0,1,-0.02000000,-0.01000000,2.423953264952e-4
development,4c178bfa2d60e935,600,development,51,35,56,1,0,-0.01000000,-0.02000000,1.259446144104e-4
development,4c178bfa2d60e935,600,development,52,36,55,0,0,0.02000000,0.00000000,7.282321803359e-6
development,4c178bfa2d60e935,600,development,52,36,55,1,1,0.01000000,-0.02000000,3.855675458908e-6
development,4c178bfa2d60e935,600,development,53,37,54,0,0,0.02000000,0.00000000,4.831080786971e-6
development,4c178bfa2d60e935,600,development,53,37,54,1,1,0.01000000,-0.02000000,2.441306833134e-6
development,4c178bfa2d60e935,600,development,54,38,53,0,0,0.02000000,0.00000000,3.006483020727e-4
development,4c178bfa2d60e935,600,development,54,38,53,1,1,0.01000000,-0.02000000,1.507171691628e-4
development,4c178bfa2d60e935,600,development,55,39,52,0,0,0.02000000,0.00000000,1.366473734379e-4
development,4c178bfa2d60e935,600,development,55,39,52,1,1,0.01000000,-0.02000000,6.526646757266e-5
development,4c178bfa2d60e935,600,development,56,40,51,0,1,0.02000000,-0.02000000,2.752989530563e-6
development,4c178bfa2d60e935,600,development,56,40,51,1,0,0.01000000,0.00000000,1.375873921461e-6
development,4c178bfa2d60e935,600,development,57,41,50,0,0,0.02000000,0.00000000,-1.675138832979e-6
development,4c178bfa2d60e935,600,development,57,41,50,1,1,0.01000000,-0.02000000,-8.381903171539e-7
development,4c178bfa2d60e935,600,development,58,42,49,0,1,0.00000000,-0.02000000,0.000000000000e0
development,4c178bfa2d60e935,600,development,58,42,49,1,0,-0.02000000,0.00000000,0.000000000000e0
development,4c178bfa2d60e935,600,development,59,43,48,0,0,0.02000000,0.00000000,1.685824245214e-4
development,4c178bfa2d60e935,600,development,59,43,48,1,1,0.01000000,-0.02000000,8.789263665676e-5
development,4c178bfa2d60e935,600,development,60,44,47,0,1,-0.02000000,0.01000000,1.776528915798e-5
development,4c178bfa2d60e935,600,development,60,44,47,1,0,-0.01000000,0.02000000,3.241312879254e-5
development,4c178bfa2d60e935,600,development,61,45,46,0,1,0.02000000,-0.02000000,1.143912504631e-5
development,4c178bfa2d60e935,600,development,61,45,46,1,0,0.01000000,0.00000000,5.720803983422e-6
development,4c178bfa2d60e935,600,evaluation,1,108,106,0,1,0.02000000,0.01000000,1.091137528419e-4
development,4c178bfa2d60e935,600,evaluation,1,108,106,1,0,0.01000000,0.02000000,5.006541687180e-5
development,4c178bfa2d60e935,600,evaluation,2,109,105,0,1,0.02000000,0.01000000,3.717032668646e-4
development,4c178bfa2d60e935,600,evaluation,2,109,105,1,0,0.01000000,0.02000000,4.692797956523e-4
development,4c178bfa2d60e935,600,evaluation,3,110,104,0,0,0.02000000,0.02000000,1.429170370102e-4
development,4c178bfa2d60e935,600,evaluation,3,110,104,1,1,0.01000000,0.01000000,7.193163037300e-5
development,4c178bfa2d60e935,600,evaluation,4,111,103,0,0,0.00000000,0.00000000,0.000000000000e0
development,4c178bfa2d60e935,600,evaluation,4,111,103,1,1,-0.02000000,-0.02000000,0.000000000000e0
development,4c178bfa2d60e935,600,evaluation,5,112,102,0,1,-0.02000000,-0.01000000,-8.571768557886e-5
development,4c178bfa2d60e935,600,evaluation,5,112,102,1,0,-0.01000000,-0.02000000,-7.711599027971e-5
development,4c178bfa2d60e935,600,evaluation,6,113,101,0,0,-0.02000000,0.02000000,4.618161765393e-4
development,4c178bfa2d60e935,600,evaluation,6,113,101,1,1,-0.01000000,0.01000000,2.341146318940e-4
development,4c178bfa2d60e935,600,evaluation,7,114,100,0,1,-0.02000000,-0.01000000,1.427338720532e-4
development,4c178bfa2d60e935,600,evaluation,7,114,100,1,0,-0.01000000,-0.02000000,2.502494899090e-4
development,4c178bfa2d60e935,600,evaluation,8,115,99,0,1,0.00000000,-0.02000000,0.000000000000e0
development,4c178bfa2d60e935,600,evaluation,8,115,99,1,0,-0.02000000,0.00000000,0.000000000000e0
development,4c178bfa2d60e935,600,evaluation,9,116,98,0,0,-0.02000000,0.02000000,-9.889838838717e-5
development,4c178bfa2d60e935,600,evaluation,9,116,98,1,1,-0.01000000,0.01000000,-4.899315536022e-5
development,4c178bfa2d60e935,600,evaluation,10,117,97,0,0,-0.02000000,0.02000000,2.554481325205e-4
development,4c178bfa2d60e935,600,evaluation,10,117,97,1,1,-0.01000000,0.01000000,1.313518732786e-4
development,4c178bfa2d60e935,600,evaluation,11,118,96,0,1,-0.02000000,-0.01000000,1.485006214352e-4
development,4c178bfa2d60e935,600,evaluation,11,118,96,1,0,-0.01000000,-0.02000000,2.274625003338e-4
development,4c178bfa2d60e935,600,evaluation,12,119,95,0,0,0.00000000,0.00000000,0.000000000000e0
development,4c178bfa2d60e935,600,evaluation,12,119,95,1,1,-0.02000000,-0.02000000,0.000000000000e0
development,4c178bfa2d60e935,600,evaluation,13,120,94,0,0,-0.02000000,-0.02000000,8.951431955211e-4
development,4c178bfa2d60e935,600,evaluation,13,120,94,1,1,-0.01000000,-0.01000000,5.116524989717e-4
development,4c178bfa2d60e935,600,evaluation,14,121,93,0,1,0.02000000,0.01000000,8.579728309996e-4
development,4c178bfa2d60e935,600,evaluation,14,121,93,1,0,0.01000000,0.02000000,3.395813109819e-4
development,4c178bfa2d60e935,600,evaluation,15,122,92,0,1,-0.02000000,-0.01000000,3.285768252681e-5
development,4c178bfa2d60e935,600,evaluation,15,122,92,1,0,-0.01000000,-0.02000000,-2.166039048461e-4
development,4c178bfa2d60e935,600,evaluation,16,0,91,0,0,-0.02000000,0.00000000,-6.234770262381e-5
development,4c178bfa2d60e935,600,evaluation,16,0,91,1,1,-0.01000000,-0.02000000,-2.509603837098e-5
development,4c178bfa2d60e935,600,evaluation,17,1,90,0,1,-0.02000000,0.01000000,-5.421539299277e-6
development,4c178bfa2d60e935,600,evaluation,17,1,90,1,0,-0.01000000,0.02000000,1.058516427292e-4
development,4c178bfa2d60e935,600,evaluation,18,2,89,0,1,-0.02000000,0.01000000,6.769597530365e-5
development,4c178bfa2d60e935,600,evaluation,18,2,89,1,0,-0.01000000,0.02000000,1.796676515369e-4
development,4c178bfa2d60e935,600,evaluation,19,3,88,0,1,0.02000000,-0.01000000,-1.931749284267e-5
development,4c178bfa2d60e935,600,evaluation,19,3,88,1,0,0.01000000,-0.02000000,1.934977808560e-5
development,4c178bfa2d60e935,600,evaluation,20,4,87,0,0,-0.02000000,0.00000000,5.476176738739e-7
development,4c178bfa2d60e935,600,evaluation,20,4,87,1,1,-0.01000000,-0.02000000,3.940736405639e-6
development,4c178bfa2d60e935,600,evaluation,21,5,86,0,1,0.02000000,-0.02000000,1.155473291874e-4
development,4c178bfa2d60e935,600,evaluation,21,5,86,1,0,0.01000000,0.00000000,6.029506403138e-5
development,4c178bfa2d60e935,600,evaluation,22,6,85,0,1,0.02000000,-0.02000000,1.244023442268e-4
development,4c178bfa2d60e935,600,evaluation,22,6,85,1,0,0.01000000,0.00000000,6.262523675105e-5
development,4c178bfa2d60e935,600,evaluation,23,7,84,0,0,-0.02000000,0.00000000,4.382878541946e-4
development,4c178bfa2d60e935,600,evaluation,23,7,84,1,1,-0.01000000,-0.02000000,2.210897655459e-4
development,4c178bfa2d60e935,600,evaluation,24,8,83,0,1,0.02000000,-0.02000000,2.176314592361e-5
development,4c178bfa2d60e935,600,evaluation,24,8,83,1,0,0.01000000,0.00000000,1.387422253174e-5
development,4c178bfa2d60e935,600,evaluation,25,9,82,0,1,-0.02000000,-0.02000000,1.330338418484e-4
development,4c178bfa2d60e935,600,evaluation,25,9,82,1,0,-0.01000000,0.00000000,6.847517943243e-5
development,4c178bfa2d60e935,600,evaluation,26,10,81,0,1,-0.02000000,-0.02000000,-9.976824367186e-5
development,4c178bfa2d60e935,600,evaluation,26,10,81,1,0,-0.01000000,0.00000000,-4.233792424202e-5
development,4c178bfa2d60e935,600,evaluation,27,11,80,0,0,-0.02000000,0.00000000,-1.470303832320e-4
development,4c178bfa2d60e935,600,evaluation,27,11,80,1,1,-0.01000000,-0.02000000,-6.760408723494e-5
development,4c178bfa2d60e935,600,evaluation,28,12,79,0,1,-0.02000000,0.01000000,2.356308141316e-5
development,4c178bfa2d60e935,600,evaluation,28,12,79,1,0,-0.01000000,0.02000000,-1.538979449833e-5
development,4c178bfa2d60e935,600,evaluation,29,13,78,0,1,-0.02000000,-0.01000000,2.738690527622e-4
development,4c178bfa2d60e935,600,evaluation,29,13,78,1,0,-0.01000000,-0.02000000,1.540451048641e-4
development,4c178bfa2d60e935,600,evaluation,30,14,77,0,1,0.02000000,0.01000000,3.010655382241e-5
development,4c178bfa2d60e935,600,evaluation,30,14,77,1,0,0.01000000,0.02000000,-5.267808955978e-5
development,4c178bfa2d60e935,600,evaluation,31,15,76,0,1,0.02000000,-0.01000000,1.048408448696e-4
development,4c178bfa2d60e935,600,evaluation,31,15,76,1,0,0.01000000,-0.02000000,9.499738371233e-5
development,4c178bfa2d60e935,600,evaluation,32,16,75,0,1,-0.02000000,-0.01000000,9.026564657688e-5
development,4c178bfa2d60e935,600,evaluation,32,16,75,1,0,-0.01000000,-0.02000000,2.074868680211e-4
development,4c178bfa2d60e935,600,evaluation,33,17,74,0,0,-0.02000000,0.00000000,-4.302151501179e-5
development,4c178bfa2d60e935,600,evaluation,33,17,74,1,1,-0.01000000,-0.02000000,-1.638506910240e-5
development,4c178bfa2d60e935,600,evaluation,34,18,73,0,0,0.02000000,-0.02000000,-6.649643182755e-7
development,4c178bfa2d60e935,600,evaluation,34,18,73,1,1,0.01000000,-0.01000000,5.024174697610e-6
development,4c178bfa2d60e935,600,evaluation,35,19,72,0,0,-0.02000000,0.02000000,-2.505437878426e-4
development,4c178bfa2d60e935,600,evaluation,35,19,72,1,1,-0.01000000,0.01000000,-1.247798354598e-4
development,4c178bfa2d60e935,600,evaluation,36,20,71,0,1,0.02000000,0.01000000,-1.443177461624e-5
development,4c178bfa2d60e935,600,evaluation,36,20,71,1,0,0.01000000,0.02000000,5.575518002843e-7
development,4c178bfa2d60e935,600,evaluation,37,21,70,0,0,-0.02000000,0.02000000,4.454826466826e-6
development,4c178bfa2d60e935,600,evaluation,37,21,70,1,1,-0.01000000,0.01000000,1.318442355114e-5
development,4c178bfa2d60e935,600,evaluation,38,22,69,0,0,0.02000000,0.02000000,-2.587313356344e-4
development,4c178bfa2d60e935,600,evaluation,38,22,69,1,1,0.01000000,0.01000000,-1.194334254251e-4
development,4c178bfa2d60e935,600,evaluation,39,23,68,0,0,0.02000000,0.02000000,-1.633875072002e-4
development,4c178bfa2d60e935,600,evaluation,39,23,68,1,1,0.01000000,0.01000000,-7.696325337747e-5
development,4c178bfa2d60e935,600,evaluation,40,24,67,0,1,-0.02000000,-0.01000000,4.878081381321e-5
development,4c178bfa2d60e935,600,evaluation,40,24,67,1,0,-0.01000000,-0.02000000,6.879307329655e-5
development,4c178bfa2d60e935,600,evaluation,41,25,66,0,1,0.02000000,-0.02000000,-1.191968749481e-5
development,4c178bfa2d60e935,600,evaluation,41,25,66,1,0,0.01000000,0.00000000,1.342967152596e-6
development,4c178bfa2d60e935,600,evaluation,42,26,65,0,0,0.00000000,-0.02000000,3.938873760490e-6
development,4c178bfa2d60e935,600,evaluation,42,26,65,1,1,-0.02000000,-0.01000000,4.701316356659e-6
development,4c178bfa2d60e935,600,evaluation,43,27,64,0,0,-0.02000000,0.02000000,6.462757937697e-6
development,4c178bfa2d60e935,600,evaluation,43,27,64,1,1,-0.01000000,0.01000000,3.283222440587e-6
development,4c178bfa2d60e935,600,evaluation,44,28,63,0,1,-0.02000000,-0.01000000,8.717800483282e-6
development,4c178bfa2d60e935,600,evaluation,44,28,63,1,0,-0.01000000,-0.02000000,1.296525169892e-5
development,4c178bfa2d60e935,600,evaluation,45,29,62,0,1,-0.02000000,-0.01000000,2.492094972695e-5
development,4c178bfa2d60e935,600,evaluation,45,29,62,1,0,-0.01000000,-0.02000000,5.138975757291e-5
development,4c178bfa2d60e935,600,evaluation,46,30,61,0,1,-0.02000000,-0.01000000,-1.433181296306e-5
development,4c178bfa2d60e935,600,evaluation,46,30,61,1,0,-0.01000000,-0.02000000,-7.358876609942e-5
development,4c178bfa2d60e935,600,evaluation,47,31,60,0,0,-0.02000000,-0.02000000,-4.933525997330e-5
development,4c178bfa2d60e935,600,evaluation,47,31,60,1,1,-0.01000000,-0.01000000,-2.249516546726e-5
development,4c178bfa2d60e935,600,evaluation,48,32,59,0,0,0.02000000,-0.02000000,-6.559553003171e-5
development,4c178bfa2d60e935,600,evaluation,48,32,59,1,1,0.01000000,-0.01000000,-3.085720163654e-5
development,4c178bfa2d60e935,600,evaluation,49,33,58,0,1,-0.02000000,-0.02000000,4.010523480247e-5
development,4c178bfa2d60e935,600,evaluation,49,33,58,1,0,-0.01000000,0.00000000,3.873059995385e-6
development,4c178bfa2d60e935,600,evaluation,50,34,57,0,0,0.00000000,0.02000000,1.316952238994e-5
development,4c178bfa2d60e935,600,evaluation,50,34,57,1,1,-0.02000000,0.01000000,-6.080294770072e-5
development,4c178bfa2d60e935,600,evaluation,51,35,56,0,0,-0.02000000,-0.02000000,2.448192390148e-4
development,4c178bfa2d60e935,600,evaluation,51,35,56,1,1,-0.01000000,-0.01000000,1.236895768670e-4
development,4c178bfa2d60e935,600,evaluation,52,36,55,0,1,0.02000000,-0.02000000,7.282321803359e-6
development,4c178bfa2d60e935,600,evaluation,52,36,55,1,0,0.01000000,0.00000000,3.855675458908e-6
development,4c178bfa2d60e935,600,evaluation,53,37,54,0,1,0.02000000,-0.02000000,4.831080786971e-6
development,4c178bfa2d60e935,600,evaluation,53,37,54,1,0,0.01000000,0.00000000,2.441306833134e-6
development,4c178bfa2d60e935,600,evaluation,54,38,53,0,1,0.02000000,-0.02000000,3.006483020727e-4
development,4c178bfa2d60e935,600,evaluation,54,38,53,1,0,0.01000000,0.00000000,1.507171691628e-4
development,4c178bfa2d60e935,600,evaluation,55,39,52,0,1,0.02000000,-0.02000000,1.366473734379e-4
development,4c178bfa2d60e935,600,evaluation,55,39,52,1,0,0.01000000,0.00000000,6.526646757266e-5
development,4c178bfa2d60e935,600,evaluation,56,40,51,0,0,0.02000000,0.00000000,2.752989530563e-6
development,4c178bfa2d60e935,600,evaluation,56,40,51,1,1,0.01000000,-0.02000000,1.375873921461e-6
development,4c178bfa2d60e935,600,evaluation,57,41,50,0,1,0.02000000,-0.02000000,-1.675138832979e-6
development,4c178bfa2d60e935,600,evaluation,57,41,50,1,0,0.01000000,0.00000000,-8.381903171539e-7
development,4c178bfa2d60e935,600,evaluation,58,42,49,0,0,0.00000000,0.00000000,0.000000000000e0
development,4c178bfa2d60e935,600,evaluation,58,42,49,1,1,-0.02000000,-0.02000000,0.000000000000e0
development,4c178bfa2d60e935,600,evaluation,59,43,48,0,1,0.02000000,-0.02000000,1.685824245214e-4
development,4c178bfa2d60e935,600,evaluation,59,43,48,1,0,0.01000000,0.00000000,8.789263665676e-5
development,4c178bfa2d60e935,600,evaluation,60,44,47,0,0,-0.02000000,0.02000000,3.395415842533e-5
development,4c178bfa2d60e935,600,evaluation,60,44,47,1,1,-0.01000000,0.01000000,1.622053423489e-5
development,4c178bfa2d60e935,600,evaluation,61,45,46,0,0,0.02000000,0.00000000,1.143912504631e-5
development,4c178bfa2d60e935,600,evaluation,61,45,46,1,1,0.01000000,-0.02000000,5.720803983422e-6
development,4c178bfa2d60e935,2400,development,1,63,61,0,1,-0.02000000,-0.02000000,4.497648624238e-4
development,4c178bfa2d60e935,2400,development,1,63,61,1,0,-0.01000000,0.00000000,2.263740898343e-4
development,4c178bfa2d60e935,2400,development,2,64,60,0,1,-0.02000000,0.01000000,1.043068841682e-4
development,4c178bfa2d60e935,2400,development,2,64,60,1,0,-0.01000000,0.02000000,2.823018876370e-4
development,4c178bfa2d60e935,2400,development,3,65,59,0,1,-0.02000000,0.01000000,6.386637687683e-5
development,4c178bfa2d60e935,2400,development,3,65,59,1,0,-0.01000000,0.02000000,5.691622573067e-5
development,4c178bfa2d60e935,2400,development,4,66,58,0,1,-0.02000000,-0.02000000,-4.635068398784e-5
development,4c178bfa2d60e935,2400,development,4,66,58,1,0,-0.01000000,0.00000000,-5.568377673626e-5
development,4c178bfa2d60e935,2400,development,5,67,57,0,1,-0.02000000,0.01000000,2.735579910222e-4
development,4c178bfa2d60e935,2400,development,5,67,57,1,0,-0.01000000,0.02000000,1.779800950317e-4
development,4c178bfa2d60e935,2400,development,6,68,56,0,0,-0.02000000,-0.02000000,3.328640013933e-4
development,4c178bfa2d60e935,2400,development,6,68,56,1,1,-0.01000000,-0.01000000,1.685898751020e-4
development,4c178bfa2d60e935,2400,development,7,69,55,0,1,-0.02000000,-0.02000000,1.411065459251e-4
development,4c178bfa2d60e935,2400,development,7,69,55,1,0,-0.01000000,0.00000000,7.061163341859e-5
development,4c178bfa2d60e935,2400,development,8,70,54,0,1,-0.02000000,-0.02000000,1.255540846614e-4
development,4c178bfa2d60e935,2400,development,8,70,54,1,0,-0.01000000,0.00000000,6.578614556929e-5
development,4c178bfa2d60e935,2400,development,9,71,53,0,1,-0.02000000,-0.02000000,1.715552061796e-4
development,4c178bfa2d60e935,2400,development,9,71,53,1,0,-0.01000000,0.00000000,9.153845167020e-5
development,4c178bfa2d60e935,2400,development,10,72,52,0,1,-0.02000000,-0.02000000,3.651324659586e-4
development,4c178bfa2d60e935,2400,development,10,72,52,1,0,-0.01000000,0.00000000,1.835450530052e-4
development,4c178bfa2d60e935,2400,development,11,73,51,0,0,-0.02000000,0.00000000,3.179038685630e-5
development,4c178bfa2d60e935,2400,development,11,73,51,1,1,-0.01000000,-0.02000000,1.596162655915e-5
development,4c178bfa2d60e935,2400,development,12,74,50,0,1,0.00000000,-0.02000000,0.000000000000e0
development,4c178bfa2d60e935,2400,development,12,74,50,1,0,-0.02000000,0.00000000,0.000000000000e0
development,4c178bfa2d60e935,2400,development,13,75,49,0,0,-0.02000000,0.00000000,-1.548870204715e-4
development,4c178bfa2d60e935,2400,development,13,75,49,1,1,-0.01000000,-0.02000000,-6.208382546902e-5
development,4c178bfa2d60e935,2400,development,14,76,48,0,1,-0.02000000,-0.02000000,2.505201846361e-4
development,4c178bfa2d60e935,2400,development,14,76,48,1,0,-0.01000000,0.00000000,1.254236995010e-4
development,4c178bfa2d60e935,2400,development,15,77,47,0,0,-0.02000000,-0.02000000,4.602285844157e-5
development,4c178bfa2d60e935,2400,development,15,77,47,1,1,-0.01000000,-0.01000000,3.015374204551e-5
development,4c178bfa2d60e935,2400,development,16,78,46,0,1,-0.02000000,-0.01000000,5.362487281673e-4
development,4c178bfa2d60e935,2400,development,16,78,46,1,0,-0.01000000,-0.02000000,3.940742462873e-4
development,4c178bfa2d60e935,2400,development,17,79,45,0,0,-0.02000000,-0.02000000,2.108439803123e-4
development,4c178bfa2d60e935,2400,development,17,79,45,1,1,-0.01000000,-0.01000000,1.114880069508e-4
development,4c178bfa2d60e935,2400,development,18,80,44,0,1,0.00000000,-0.01000000,4.919928687741e-5
development,4c178bfa2d60e935,2400,development,18,80,44,1,0,-0.02000000,-0.02000000,9.103430056712e-5
development,4c178bfa2d60e935,2400,development,19,81,43,0,0,0.02000000,-0.02000000,-4.628989845514e-4
development,4c178bfa2d60e935,2400,development,19,81,43,1,1,0.01000000,-0.01000000,-2.251242549391e-4
development,4c178bfa2d60e935,2400,development,20,82,42,0,1,0.00000000,-0.02000000,0.000000000000e0
development,4c178bfa2d60e935,2400,development,20,82,42,1,0,-0.02000000,0.00000000,0.000000000000e0
development,4c178bfa2d60e935,2400,development,21,83,41,0,1,0.02000000,-0.01000000,9.912438690662e-5
development,4c178bfa2d60e935,2400,development,21,83,41,1,0,0.01000000,-0.02000000,5.061675983598e-5
development,4c178bfa2d60e935,2400,development,22,84,40,0,1,0.02000000,-0.01000000,3.040830233658e-5
development,4c178bfa2d60e935,2400,development,22,84,40,1,0,0.01000000,-0.02000000,6.455928087234e-5
development,4c178bfa2d60e935,2400,development,23,85,39,0,1,0.00000000,0.01000000,-6.114995921962e-4
development,4c178bfa2d60e935,2400,development,23,85,39,1,0,-0.02000000,0.02000000,-1.582468510605e-3
development,4c178bfa2d60e935,2400,development,24,86,38,0,0,0.00000000,0.02000000,1.493046729593e-4
development,4c178bfa2d60e935,2400,development,24,86,38,1,1,-0.02000000,0.01000000,8.953921496868e-5
development,4c178bfa2d60e935,2400,development,25,87,37,0,0,0.01000000,-0.02000000,6.140880286694e-4
development,4c178bfa2d60e935,2400,development,25,87,37,1,1,0.02000000,-0.01000000,3.431004879531e-4
development,4c178bfa2d60e935,2400,development,26,88,36,0,1,-0.02000000,-0.01000000,-1.368491648464e-4
development,4c178bfa2d60e935,2400,development,26,88,36,1,0,-0.01000000,-0.02000000,1.883612276288e-4
development,4c178bfa2d60e935,2400,development,27,89,35,0,0,-0.02000000,0.02000000,-8.697633747943e-4
development,4c178bfa2d60e935,2400,development,27,89,35,1,1,-0.01000000,0.01000000,-4.044007509947e-4
development,4c178bfa2d60e935,2400,development,28,90,34,0,0,-0.02000000,-0.02000000,-5.695552681573e-4
development,4c178bfa2d60e935,2400,development,28,90,34,1,1,-0.01000000,-0.01000000,-2.760980278254e-4
development,4c178bfa2d60e935,2400,development,29,91,33,0,1,0.00000000,0.01000000,-1.142546534538e-5
development,4c178bfa2d60e935,2400,development,29,91,33,1,0,-0.02000000,0.02000000,-2.314522862434e-5
development,4c178bfa2d60e935,2400,development,30,92,32,0,1,0.02000000,-0.01000000,2.365373075008e-4
development,4c178bfa2d60e935,2400,development,30,92,32,1,0,0.01000000,-0.02000000,4.508545098361e-4
development,4c178bfa2d60e935,2400,development,31,93,31,0,1,-0.02000000,-0.01000000,2.893445489462e-4
development,4c178bfa2d60e935,2400,development,31,93,31,1,0,-0.01000000,-0.02000000,3.749181923922e-4
development,4c178bfa2d60e935,2400,development,32,94,30,0,1,-0.02000000,-0.01000000,1.226589083672e-4
development,4c178bfa2d60e935,2400,development,32,94,30,1,0,-0.01000000,-0.02000000,2.684518694878e-4
development,4c178bfa2d60e935,2400,development,33,95,29,0,0,0.02000000,-0.02000000,1.979836524697e-4
development,4c178bfa2d60e935,2400,development,33,95,29,1,1,0.01000000,-0.01000000,9.786213195184e-5
development,4c178bfa2d60e935,2400,development,34,96,28,0,1,-0.02000000,-0.01000000,-2.693925052881e-4
development,4c178bfa2d60e935,2400,development,34,96,28,1,0,-0.01000000,-0.02000000,-1.244780869456e-4
development,4c178bfa2d60e935,2400,development,35,97,27,0,0,-0.02000000,0.02000000,-1.625412405701e-4
development,4c178bfa2d60e935,2400,development,35,97,27,1,1,-0.01000000,0.01000000,7.563705003122e-5
development,4c178bfa2d60e935,2400,development,36,98,26,0,0,0.02000000,-0.02000000,1.815538853407e-4
development,4c178bfa2d60e935,2400,development,36,98,26,1,1,0.01000000,-0.01000000,9.162165224552e-5
development,4c178bfa2d60e935,2400,development,37,99,25,0,1,0.00000000,0.01000000,2.313653567398e-5
development,4c178bfa2d60e935,2400,development,37,99,25,1,0,-0.02000000,0.02000000,4.620042818715e-5
development,4c178bfa2d60e935,2400,development,38,100,24,0,1,-0.02000000,-0.01000000,2.698246389627e-4
development,4c178bfa2d60e935,2400,development,38,100,24,1,0,-0.01000000,-0.02000000,1.082097514882e-4
development,4c178bfa2d60e935,2400,development,39,101,23,0,0,-0.02000000,0.02000000,-1.615658402443e-4
development,4c178bfa2d60e935,2400,development,39,101,23,1,1,-0.01000000,0.01000000,1.118493601098e-4
development,4c178bfa2d60e935,2400,development,40,102,22,0,0,0.02000000,-0.02000000,5.667936056852e-4
development,4c178bfa2d60e935,2400,development,40,102,22,1,1,0.01000000,-0.01000000,3.531786205713e-4
development,4c178bfa2d60e935,2400,development,41,103,21,0,1,0.02000000,0.01000000,-3.091990947723e-6
development,4c178bfa2d60e935,2400,development,41,103,21,1,0,0.01000000,0.02000000,-1.040479764924e-4
development,4c178bfa2d60e935,2400,development,42,104,20,0,0,-0.02000000,0.02000000,6.355239893310e-4
development,4c178bfa2d60e935,2400,development,42,104,20,1,1,-0.01000000,0.01000000,3.727798757609e-4
development,4c178bfa2d60e935,2400,development,43,105,19,0,0,0.02000000,-0.02000000,-7.696188986301e-4
development,4c178bfa2d60e935,2400,development,43,105,19,1,1,0.01000000,-0.01000000,-2.106602041749e-4
development,4c178bfa2d60e935,2400,development,44,106,18,0,0,-0.02000000,-0.02000000,-7.944305980345e-5
development,4c178bfa2d60e935,2400,development,44,106,18,1,1,-0.01000000,-0.01000000,-3.400569039513e-5
development,4c178bfa2d60e935,2400,development,45,107,17,0,1,0.00000000,0.01000000,6.364037403728e-7
development,4c178bfa2d60e935,2400,development,45,107,17,1,0,-0.02000000,0.02000000,1.715496182442e-6
development,4c178bfa2d60e935,2400,development,46,108,16,0,1,0.02000000,0.01000000,-9.851033246377e-5
development,4c178bfa2d60e935,2400,development,46,108,16,1,0,0.01000000,0.02000000,-1.961011439562e-4
development,4c178bfa2d60e935,2400,development,47,109,15,0,0,0.02000000,-0.02000000,-1.305341720581e-4
development,4c178bfa2d60e935,2400,development,47,109,15,1,1,0.01000000,-0.01000000,-3.551505506039e-5
development,4c178bfa2d60e935,2400,development,48,110,14,0,0,-0.02000000,-0.02000000,1.658381224843e-4
development,4c178bfa2d60e935,2400,development,48,110,14,1,1,-0.01000000,-0.01000000,1.914482563734e-4
development,4c178bfa2d60e935,2400,development,50,112,12,0,0,0.02000000,0.02000000,8.025187999010e-4
development,4c178bfa2d60e935,2400,development,50,112,12,1,1,0.01000000,0.01000000,4.260049609002e-4
development,4c178bfa2d60e935,2400,development,51,113,11,0,1,-0.02000000,0.01000000,5.268026143312e-4
development,4c178bfa2d60e935,2400,development,51,113,11,1,0,-0.01000000,0.02000000,5.728658288717e-4
development,4c178bfa2d60e935,2400,development,52,114,10,0,1,-0.02000000,0.01000000,4.047738912050e-4
development,4c178bfa2d60e935,2400,development,52,114,10,1,0,-0.01000000,0.02000000,1.824721693993e-4
development,4c178bfa2d60e935,2400,development,53,115,9,0,1,0.00000000,-0.01000000,2.451805921737e-4
development,4c178bfa2d60e935,2400,development,53,115,9,1,0,-0.02000000,-0.02000000,4.585999995470e-4
development,4c178bfa2d60e935,2400,development,54,116,8,0,1,0.02000000,-0.01000000,2.149672509404e-4
development,4c178bfa2d60e935,2400,development,54,116,8,1,0,0.01000000,-0.02000000,-4.835923391511e-5
development,4c178bfa2d60e935,2400,development,55,117,7,0,1,-0.02000000,-0.01000000,-6.971030379646e-4
development,4c178bfa2d60e935,2400,development,55,117,7,1,0,-0.01000000,-0.02000000,-1.781258150004e-3
development,4c178bfa2d60e935,2400,development,56,118,6,0,0,0.02000000,-0.02000000,-2.368740038946e-3
development,4c178bfa2d60e935,2400,development,56,118,6,1,1,0.01000000,-0.01000000,-1.059619127773e-3
development,4c178bfa2d60e935,2400,development,57,119,5,0,1,-0.02000000,-0.01000000,-4.690761488746e-5
development,4c178bfa2d60e935,2400,development,57,119,5,1,0,-0.01000000,-0.02000000,-1.680019049672e-4
development,4c178bfa2d60e935,2400,development,58,120,4,0,0,-0.02000000,-0.02000000,1.789076923160e-4
development,4c178bfa2d60e935,2400,development,58,120,4,1,1,-0.01000000,-0.01000000,1.367634831695e-4
development,4c178bfa2d60e935,2400,development,59,121,3,0,0,0.02000000,-0.02000000,4.067383706570e-4
development,4c178bfa2d60e935,2400,development,59,121,3,1,1,0.01000000,-0.01000000,2.122353762388e-4
development,4c178bfa2d60e935,2400,development,60,122,2,0,0,0.02000000,-0.02000000,-3.857972842525e-5
development,4c178bfa2d60e935,2400,development,60,122,2,1,1,0.01000000,-0.01000000,-1.269020140171e-5
development,4c178bfa2d60e935,2400,development,61,0,1,0,0,0.02000000,0.02000000,-4.187747836113e-4
development,4c178bfa2d60e935,2400,development,61,0,1,1,1,0.01000000,0.01000000,-1.653836370679e-4
development,4c178bfa2d60e935,2400,evaluation,1,63,61,0,0,-0.02000000,0.00000000,4.490794090088e-4
development,4c178bfa2d60e935,2400,evaluation,1,63,61,1,1,-0.01000000,-0.02000000,2.270620316267e-4
development,4c178bfa2d60e935,2400,evaluation,2,64,60,0,0,-0.02000000,0.02000000,2.567768096924e-4
development,4c178bfa2d60e935,2400,evaluation,2,64,60,1,1,-0.01000000,0.01000000,1.296661794186e-4
development,4c178bfa2d60e935,2400,evaluation,3,65,59,0,0,-0.02000000,0.02000000,6.767300510546e-5
development,4c178bfa2d60e935,2400,evaluation,3,65,59,1,1,-0.01000000,0.01000000,5.309469997883e-5
development,4c178bfa2d60e935,2400,evaluation,4,66,58,0,0,-0.02000000,0.00000000,-1.114265396609e-4
development,4c178bfa2d60e935,2400,evaluation,4,66,58,1,1,-0.01000000,-0.02000000,9.314467206423e-6
development,4c178bfa2d60e935,2400,evaluation,5,67,57,0,0,-0.02000000,0.02000000,3.007432969753e-4
development,4c178bfa2d60e935,2400,evaluation,5,67,57,1,1,-0.01000000,0.01000000,1.507848501205e-4
development,4c178bfa2d60e935,2400,evaluation,6,68,56,0,1,-0.02000000,-0.01000000,2.431403845549e-4
development,4c178bfa2d60e935,2400,evaluation,6,68,56,1,0,-0.01000000,-0.02000000,2.581539156381e-4
development,4c178bfa2d60e935,2400,evaluation,7,69,55,0,0,-0.02000000,0.00000000,1.411065459251e-4
development,4c178bfa2d60e935,2400,evaluation,7,69,55,1,1,-0.01000000,-0.02000000,7.061163341859e-5
development,4c178bfa2d60e935,2400,evaluation,8,70,54,0,0,-0.02000000,0.00000000,1.255540846614e-4
development,4c178bfa2d60e935,2400,evaluation,8,70,54,1,1,-0.01000000,-0.02000000,6.578614556929e-5
development,4c178bfa2d60e935,2400,evaluation,9,71,53,0,0,-0.02000000,0.00000000,1.715552061796e-4
development,4c178bfa2d60e935,2400,evaluation,9,71,53,1,1,-0.01000000,-0.02000000,9.153845167020e-5
development,4c178bfa2d60e935,2400,evaluation,10,72,52,0,0,-0.02000000,0.00000000,3.651324659586e-4
development,4c178bfa2d60e935,2400,evaluation,10,72,52,1,1,-0.01000000,-0.02000000,1.835450530052e-4
development,4c178bfa2d60e935,2400,evaluation,11,73,51,0,1,-0.02000000,-0.02000000,3.179038685630e-5
development,4c178bfa2d60e935,2400,evaluation,11,73,51,1,0,-0.01000000,0.00000000,1.596162655915e-5
development,4c178bfa2d60e935,2400,evaluation,12,74,50,0,0,0.00000000,0.00000000,0.000000000000e0
development,4c178bfa2d60e935,2400,evaluation,12,74,50,1,1,-0.02000000,-0.02000000,0.000000000000e0
development,4c178bfa2d60e935,2400,evaluation,13,75,49,0,1,-0.02000000,-0.02000000,-1.548870204715e-4
development,4c178bfa2d60e935,2400,evaluation,13,75,49,1,0,-0.01000000,0.00000000,-6.208382546902e-5
development,4c178bfa2d60e935,2400,evaluation,14,76,48,0,0,-0.02000000,0.00000000,2.505201846361e-4
development,4c178bfa2d60e935,2400,evaluation,14,76,48,1,1,-0.01000000,-0.02000000,1.254236995010e-4
development,4c178bfa2d60e935,2400,evaluation,15,77,47,0,1,-0.02000000,-0.01000000,1.641493290663e-4
development,4c178bfa2d60e935,2400,evaluation,15,77,47,1,0,-0.01000000,-0.02000000,-8.685017382959e-5
development,4c178bfa2d60e935,2400,evaluation,16,78,46,0,0,-0.02000000,-0.02000000,6.189594860189e-4
development,4c178bfa2d60e935,2400,evaluation,16,78,46,1,1,-0.01000000,-0.01000000,3.108717501163e-4
development,4c178bfa2d60e935,2400,evaluation,17,79,45,0,1,-0.02000000,-0.01000000,1.711895019980e-4
development,4c178bfa2d60e935,2400,evaluation,17,79,45,1,0,-0.01000000,-0.02000000,1.523066312075e-4
development,4c178bfa2d60e935,2400,evaluation,18,80,44,0,0,0.00000000,-0.02000000,9.832717478275e-5
development,4c178bfa2d60e935,2400,evaluation,18,80,44,1,1,-0.02000000,-0.01000000,4.190641266177e-5
development,4c178bfa2d60e935,2400,evaluation,19,81,43,0,1,0.02000000,-0.01000000,-2.239104360342e-4
development,4c178bfa2d60e935,2400,evaluation,19,81,43,1,0,0.01000000,-0.02000000,-4.641748964787e-4
development,4c178bfa2d60e935,2400,evaluation,20,82,42,0,0,0.00000000,0.00000000,0.000000000000e0
development,4c178bfa2d60e935,2400,evaluation,20,82,42,1,1,-0.02000000,-0.02000000,0.000000000000e0
development,4c178bfa2d60e935,2400,evaluation,21,83,41,0,0,0.02000000,-0.02000000,1.002997159958e-4
development,4c178bfa2d60e935,2400,evaluation,21,83,41,1,1,0.01000000,-0.01000000,4.950352013111e-5
development,4c178bfa2d60e935,2400,evaluation,22,84,40,0,0,0.02000000,-0.02000000,6.312628829619e-5
development,4c178bfa2d60e935,2400,evaluation,22,84,40,1,1,0.01000000,-0.01000000,3.184129673173e-5
development,4c178bfa2d60e935,2400,evaluation,23,85,39,0,0,0.00000000,0.02000000,-1.576709211804e-3
development,4c178bfa2d60e935,2400,evaluation,23,85,39,1,1,-0.02000000,0.01000000,-6.172588909976e-4
development,4c178bfa2d60e935,2400,evaluation,24,86,38,0,1,0.00000000,0.01000000,8.646771311760e-5
development,4c178bfa2d60e935,2400,evaluation,24,86,38,1,0,-0.02000000,0.02000000,1.523761748103e-4
development,4c178bfa2d60e935,2400,evaluation,25,87,37,0,1,0.01000000,-0.01000000,3.208903071936e-4
development,4c178bfa2d60e935,2400,evaluation,25,87,37,1,0,0.02000000,-0.02000000,6.362982094288e-4
development,4c178bfa2d60e935,2400,evaluation,26,88,36,0,0,-0.02000000,-0.02000000,-1.688798306532e-6
development,4c178bfa2d60e935,2400,evaluation,26,88,36,1,1,-0.01000000,-0.01000000,5.692988634109e-5
development,4c178bfa2d60e935,2400,evaluation,27,89,35,0,1,-0.02000000,0.01000000,-3.852130321320e-4
development,4c178bfa2d60e935,2400,evaluation,27,89,35,1,0,-0.01000000,0.02000000,-1.064508571289e-3
development,4c178bfa2d60e935,2400,evaluation,28,90,34,0,1,-0.02000000,-0.01000000,-4.683639854193e-4
development,4c178bfa2d60e935,2400,evaluation,28,90,34,1,0,-0.01000000,-0.02000000,-3.772893396672e-4
development,4c178bfa2d60e935,2400,evaluation,29,91,33,0,0,0.00000000,0.02000000,-2.314522862434e-5
development,4c178bfa2d60e935,2400,evaluation,29,91,33,1,1,-0.02000000,0.01000000,-1.142546534538e-5
development,4c178bfa2d60e935,2400,evaluation,30,92,32,0,0,0.02000000,-0.02000000,4.412413982209e-4
development,4c178bfa2d60e935,2400,evaluation,30,92,32,1,1,0.01000000,-0.01000000,2.407326101093e-4
development,4c178bfa2d60e935,2400,evaluation,31,93,31,0,0,-0.02000000,-0.02000000,4.189778119326e-4
development,4c178bfa2d60e935,2400,evaluation,31,93,31,1,1,-0.01000000,-0.01000000,2.444982528687e-4
development,4c178bfa2d60e935,2400,evaluation,32,94,30,0,0,-0.02000000,-0.02000000,2.445100399200e-4
development,4c178bfa2d60e935,2400,evaluation,32,94,30,1,1,-0.01000000,-0.01000000,1.471179275541e-4
development,4c178bfa2d60e935,2400,evaluation,33,95,29,0,1,0.02000000,-0.01000000,1.261811703444e-4
development,4c178bfa2d60e935,2400,evaluation,33,95,29,1,0,0.01000000,-0.02000000,1.696683466434e-4
development,4c178bfa2d60e935,2400,evaluation,34,96,28,0,0,-0.02000000,-0.02000000,-2.730718406383e-4
development,4c178bfa2d60e935,2400,evaluation,34,96,28,1,1,-0.01000000,-0.01000000,-1.226508320542e-4
development,4c178bfa2d60e935,2400,evaluation,35,97,27,0,1,-0.02000000,0.01000000,3.835558891296e-5
development,4c178bfa2d60e935,2400,evaluation,35,97,27,1,0,-0.01000000,0.02000000,-1.254795788554e-4
development,4c178bfa2d60e935,2400,evaluation,36,98,26,0,1,0.02000000,-0.01000000,2.392878086539e-4
development,4c178bfa2d60e935,2400,evaluation,36,98,26,1,0,0.01000000,-0.02000000,3.388772529433e-5
development,4c178bfa2d60e935,2400,evaluation,37,99,25,0,0,0.00000000,0.02000000,4.620042818715e-5
development,4c178bfa2d60e935,2400,evaluation,37,99,25,1,1,-0.02000000,0.01000000,2.313653567398e-5
development,4c178bfa2d60e935,2400,evaluation,38,100,24,0,0,-0.02000000,-0.02000000,2.509808691684e-4
development,4c178bfa2d60e935,2400,evaluation,38,100,24,1,1,-0.01000000,-0.01000000,1.269696949748e-4
development,4c178bfa2d60e935,2400,evaluation,39,101,23,0,1,-0.02000000,0.01000000,-2.783288618957e-5
development,4c178bfa2d60e935,2400,evaluation,39,101,23,1,0,-0.01000000,0.02000000,-2.404550650681e-5
development,4c178bfa2d60e935,2400,evaluation,40,102,22,0,1,0.02000000,-0.01000000,5.369279533625e-4
development,4c178bfa2d60e935,2400,evaluation,40,102,22,1,0,0.01000000,-0.02000000,3.839129058179e-4
development,4c178bfa2d60e935,2400,evaluation,41,103,21,0,0,0.02000000,0.02000000,-8.280575275421e-5
development,4c178bfa2d60e935,2400,evaluation,41,103,21,1,1,0.01000000,0.01000000,-2.425660750305e-5
development,4c178bfa2d60e935,2400,evaluation,42,104,20,0,1,-0.02000000,0.01000000,6.170030683279e-4
development,4c178bfa2d60e935,2400,evaluation,42,104,20,1,0,-0.01000000,0.02000000,3.921327588614e-4
development,4c178bfa2d60e935,2400,evaluation,43,105,19,0,1,0.02000000,-0.01000000,-8.552087092539e-5
development,4c178bfa2d60e935,2400,evaluation,43,105,19,1,0,0.01000000,-0.02000000,-8.949339389801e-4
development,4c178bfa2d60e935,2400,evaluation,44,106,18,0,1,-0.02000000,-0.01000000,-8.503720164299e-5
development,4c178bfa2d60e935,2400,evaluation,44,106,18,1,0,-0.01000000,-0.02000000,-2.841154673661e-5
development,4c178bfa2d60e935,2400,evaluation,45,107,17,0,0,0.00000000,0.02000000,1.715496182442e-6
development,4c178bfa2d60e935,2400,evaluation,45,107,17,1,1,-0.02000000,0.01000000,6.364037403728e-7
development,4c178bfa2d60e935,2400,evaluation,46,108,16,0,0,0.02000000,0.02000000,-2.053647040157e-4
development,4c178bfa2d60e935,2400,evaluation,46,108,16,1,1,0.01000000,0.01000000,-9.030848741531e-5
development,4c178bfa2d60e935,2400,evaluation,47,109,15,0,1,0.02000000,-0.01000000,-1.475382596254e-4
development,4c178bfa2d60e935,2400,evaluation,47,109,15,1,0,0.01000000,-0.02000000,-1.994644662773e-5
development,4c178bfa2d60e935,2400,evaluation,48,110,14,0,1,-0.02000000,-0.01000000,1.211675480590e-4
development,4c178bfa2d60e935,2400,evaluation,48,110,14,1,0,-0.01000000,-0.02000000,2.377734781476e-4
development,4c178bfa2d60e935,2400,evaluation,50,112,12,0,1,0.02000000,0.01000000,5.246817017905e-4
development,4c178bfa2d60e935,2400,evaluation,50,112,12,1,0,0.01000000,0.02000000,7.068924605846e-4
development,4c178bfa2d60e935,2400,evaluation,51,113,11,0,0,-0.02000000,0.02000000,7.324796169996e-4
development,4c178bfa2d60e935,2400,evaluation,51,113,11,1,1,-0.01000000,0.01000000,3.675048646983e-4
development,4c178bfa2d60e935,2400,evaluation,52,114,10,0,0,-0.02000000,0.02000000,3.797281533480e-4
development,4c178bfa2d60e935,2400,evaluation,52,114,10,1,1,-0.01000000,0.01000000,2.078022807837e-4
development,4c178bfa2d60e935,2400,evaluation,53,115,9,0,0,0.00000000,-0.02000000,4.585999995470e-4
development,4c178bfa2d60e935,2400,evaluation,53,115,9,1,1,-0.02000000,-0.01000000,2.451805921737e-4
development,4c178bfa2d60e935,2400,evaluation,54,116,8,0,0,0.02000000,-0.02000000,9.809309995035e-5
development,4c178bfa2d60e935,2400,evaluation,54,116,8,1,1,0.01000000,-0.01000000,6.732965266565e-5
development,4c178bfa2d60e935,2400,evaluation,55,117,7,0,0,-0.02000000,-0.02000000,-1.756953657605e-3
development,4c178bfa2d60e935,2400,evaluation,55,117,7,1,1,-0.01000000,-0.01000000,-7.229428738356e-4
development,4c178bfa2d60e935,2400,evaluation,56,118,6,0,1,0.02000000,-0.01000000,-1.324498443864e-3
development,4c178bfa2d60e935,2400,evaluation,56,118,6,1,0,0.01000000,-0.02000000,-2.101898891851e-3
development,4c178bfa2d60e935,2400,evaluation,57,119,5,0,0,-0.02000000,-0.02000000,-1.447629183531e-4
development,4c178bfa2d60e935,2400,evaluation,57,119,5,1,1,-0.01000000,-0.01000000,-7.014659786364e-5
development,4c178bfa2d60e935,2400,evaluation,58,120,4,0,1,-0.02000000,-0.01000000,2.255005092593e-4
development,4c178bfa2d60e935,2400,evaluation,58,120,4,1,0,-0.01000000,-0.02000000,8.772561704973e-5
development,4c178bfa2d60e935,2400,evaluation,59,121,3,0,1,0.02000000,-0.01000000,3.177827748004e-4
development,4c178bfa2d60e935,2400,evaluation,59,121,3,1,0,0.01000000,-0.02000000,3.004502505064e-4
development,4c178bfa2d60e935,2400,evaluation,60,122,2,0,1,0.02000000,-0.01000000,-5.185417830944e-5
development,4c178bfa2d60e935,2400,evaluation,60,122,2,1,0,0.01000000,-0.02000000,-1.873821020126e-6
development,4c178bfa2d60e935,2400,evaluation,61,0,1,0,1,0.02000000,0.01000000,-3.945361822844e-4
development,4c178bfa2d60e935,2400,evaluation,61,0,1,1,0,0.01000000,0.02000000,-1.884556113509e-4
development,4c178bfa2d60e935,4200,development,1,18,16,0,1,0.02000000,0.01000000,-5.547559703700e-4
development,4c178bfa2d60e935,4200,development,1,18,16,1,0,0.01000000,0.02000000,-8.375911857001e-4
development,4c178bfa2d60e935,4200,development,2,19,15,0,0,-0.02000000,0.02000000,1.872247667052e-3
development,4c178bfa2d60e935,4200,development,2,19,15,1,1,-0.01000000,0.01000000,1.087021431886e-3
development,4c178bfa2d60e935,4200,development,3,20,14,0,1,-0.02000000,0.01000000,5.148798227310e-4
development,4c178bfa2d60e935,4200,development,3,20,14,1,0,-0.01000000,0.02000000,2.800769580062e-4
development,4c178bfa2d60e935,4200,development,4,21,13,0,0,0.02000000,-0.01000000,7.396927103400e-4
development,4c178bfa2d60e935,4200,development,4,21,13,1,1,0.01000000,-0.00500000,4.012323915958e-4
development,4c178bfa2d60e935,4200,development,5,22,12,0,1,0.02000000,0.01000000,1.505911350250e-3
development,4c178bfa2d60e935,4200,development,5,22,12,1,0,0.01000000,0.02000000,1.714006066322e-4
development,4c178bfa2d60e935,4200,development,6,23,11,0,1,0.02000000,0.01000000,7.065481622703e-4
development,4c178bfa2d60e935,4200,development,6,23,11,1,0,0.01000000,0.02000000,8.300064946525e-4
development,4c178bfa2d60e935,4200,development,7,24,10,0,0,-0.02000000,0.02000000,4.936062614433e-4
development,4c178bfa2d60e935,4200,development,7,24,10,1,1,-0.01000000,0.01000000,2.724351361394e-4
development,4c178bfa2d60e935,4200,development,8,25,9,0,0,0.02000000,-0.02000000,-3.886002523359e-4
development,4c178bfa2d60e935,4200,development,8,25,9,1,1,0.01000000,-0.01000000,-1.860540360212e-4
development,4c178bfa2d60e935,4200,development,9,26,8,0,0,0.02000000,0.02000000,2.262716443511e-4
development,4c178bfa2d60e935,4200,development,9,26,8,1,1,0.01000000,0.01000000,1.352898107143e-4
development,4c178bfa2d60e935,4200,development,10,27,7,0,0,-0.02000000,0.02000000,2.508486213628e-4
development,4c178bfa2d60e935,4200,development,10,27,7,1,1,-0.01000000,0.01000000,2.637794241309e-4
development,4c178bfa2d60e935,4200,development,11,28,6,0,1,0.02000000,-0.01000000,-3.228724526707e-4
development,4c178bfa2d60e935,4200,development,11,28,6,1,0,0.01000000,-0.02000000,1.676526590018e-4
development,4c178bfa2d60e935,4200,development,12,29,5,0,0,-0.02000000,0.02000000,5.500323022716e-4
development,4c178bfa2d60e935,4200,development,12,29,5,1,1,-0.01000000,0.01000000,3.277889045421e-4
development,4c178bfa2d60e935,4200,development,13,30,4,0,1,0.02000000,-0.01000000,-7.324473117478e-4
development,4c178bfa2d60e935,4200,development,13,30,4,1,0,0.01000000,-0.02000000,-3.791364433710e-4
development,4c178bfa2d60e935,4200,development,14,31,3,0,1,-0.02000000,-0.01000000,4.570925084408e-4
development,4c178bfa2d60e935,4200,development,14,31,3,1,0,-0.01000000,-0.02000000,2.012640907196e-4
development,4c178bfa2d60e935,4200,development,15,32,2,0,1,0.02000000,0.01000000,1.677013933659e-4
development,4c178bfa2d60e935,4200,development,15,32,2,1,0,0.01000000,0.02000000,1.451748685213e-4
development,4c178bfa2d60e935,4200,development,16,33,1,0,0,0.02000000,0.02000000,8.699297904968e-5
development,4c178bfa2d60e935,4200,development,16,33,1,1,1,0.01000000,0.01000000,4.780540984939e-5
development,4c178bfa2d60e935,4200,development,17,34,0,0,1,0.02000000,0.00000000,1.819816679927e-4
development,4c178bfa2d60e935,4200,development,17,34,0,1,0,0.01000000,-0.00500000,9.392822539667e-5
development,4c178bfa2d60e935,4200,development,18,35,122,0,0,0.02000000,0.01000000,6.431813235395e-4
development,4c178bfa2d60e935,4200,development,18,35,122,1,1,0.01000000,0.00500000,3.322096017655e-4
development,4c178bfa2d60e935,4200,development,19,36,121,0,1,0.02000000,0.01000000,9.155360166915e-4
development,4c178bfa2d60e935,4200,development,19,36,121,1,0,0.01000000,0.02000000,7.206524605863e-4
development,4c178bfa2d60e935,4200,development,20,37,120,0,1,-0.02000000,-0.01000000,3.460875304881e-4
development,4c178bfa2d60e935,4200,development,20,37,120,1,0,-0.01000000,-0.02000000,3.553324786481e-4
development,4c178bfa2d60e935,4200,development,21,38,119,0,0,0.01000000,-0.02000000,7.150166784413e-4
development,4c178bfa2d60e935,4200,development,21,38,119,1,1,0.00500000,-0.01000000,3.617778420448e-4
development,4c178bfa2d60e935,4200,development,22,39,118,0,1,0.02000000,0.01000000,3.966813164880e-5
development,4c178bfa2d60e935,4200,development,22,39,118,1,0,0.01000000,0.02000000,-2.085367887048e-4
development,4c178bfa2d60e935,4200,development,23,40,117,0,1,-0.02000000,-0.01000000,-1.002972294373e-5
development,4c178bfa2d60e935,4200,development,23,40,117,1,0,-0.01000000,-0.02000000,5.337223410606e-5
development,4c178bfa2d60e935,4200,development,24,41,116,0,0,-0.02000000,-0.02000000,5.763148146798e-5
development,4c178bfa2d60e935,4200,development,24,41,116,1,1,-0.01000000,-0.01000000,3.055483102798e-5
development,4c178bfa2d60e935,4200,development,25,42,115,0,1,0.00000000,-0.02000000,0.000000000000e0
development,4c178bfa2d60e935,4200,development,25,42,115,1,0,-0.02000000,0.00000000,0.000000000000e0
development,4c178bfa2d60e935,4200,development,26,43,114,0,1,-0.02000000,-0.01000000,-1.804176717997e-4
development,4c178bfa2d60e935,4200,development,26,43,114,1,0,-0.01000000,-0.02000000,1.087902710424e-4
development,4c178bfa2d60e935,4200,development,28,45,112,0,1,-0.02000000,-0.01000000,5.955186861684e-5
development,4c178bfa2d60e935,4200,development,28,45,112,1,0,-0.01000000,-0.02000000,-9.368483915750e-6
development,4c178bfa2d60e935,4200,development,29,46,111,0,0,-0.02000000,0.02000000,1.052102670656e-4
development,4c178bfa2d60e935,4200,development,29,46,111,1,1,-0.01000000,0.01000000,5.291650813888e-5
development,4c178bfa2d60e935,4200,development,30,47,110,0,1,-0.02000000,0.01000000,-1.474873424741e-4
development,4c178bfa2d60e935,4200,development,30,47,110,1,0,-0.01000000,0.02000000,2.482365816832e-4
development,4c178bfa2d60e935,4200,development,31,48,109,0,1,0.00000000,0.01000000,-9.294474875787e-5
development,4c178bfa2d60e935,4200,development,31,48,109,1,0,-0.02000000,0.02000000,-1.894297747640e-4
development,4c178bfa2d60e935,4200,development,32,49,108,0,0,0.00000000,0.02000000,9.013774251798e-5
development,4c178bfa2d60e935,4200,development,32,49,108,1,1,-0.02000000,0.01000000,4.953145980835e-5
development,4c178bfa2d60e935,4200,development,33,50,107,0,0,0.00000000,0.00000000,0.000000000000e0
development,4c178bfa2d60e935,4200,development,33,50,107,1,1,-0.02000000,-0.02000000,0.000000000000e0
development,4c178bfa2d60e935,4200,development,34,51,106,0,0,0.00000000,0.02000000,1.926651893882e-4
development,4c178bfa2d60e935,4200,development,34,51,106,1,1,-0.02000000,0.01000000,9.688486898085e-5
development,4c178bfa2d60e935,4200,development,35,52,105,0,1,0.00000000,0.01000000,-2.215827553300e-4
development,4c178bfa2d60e935,4200,development,35,52,105,1,0,-0.02000000,0.02000000,-5.019530653954e-4
development,4c178bfa2d60e935,4200,development,36,53,104,0,0,0.00000000,-0.02000000,4.450467822608e-4
development,4c178bfa2d60e935,4200,development,36,53,104,1,1,-0.02000000,-0.01000000,2.240048052045e-4
development,4c178bfa2d60e935,4200,development,37,54,103,0,0,0.00000000,-0.02000000,1.660020461713e-5
development,4c178bfa2d60e935,4200,development,37,54,103,1,1,-0.02000000,-0.01000000,8.354273631994e-6
development,4c178bfa2d60e935,4200,development,38,55,102,0,1,0.00000000,-0.01000000,3.219395875931e-5
development,4c178bfa2d60e935,4200,development,38,55,102,1,0,-0.02000000,-0.02000000,5.504364889930e-5
development,4c178bfa2d60e935,4200,development,39,56,101,0,0,-0.02000000,0.02000000,3.137750027236e-4
development,4c178bfa2d60e935,4200,development,39,56,101,1,1,-0.01000000,0.01000000,1.620010734769e-4
development,4c178bfa2d60e935,4200,development,40,57,100,0,1,0.02000000,-0.01000000,-2.286521157657e-5
development,4c178bfa2d60e935,4200,development,40,57,100,1,0,0.01000000,-0.02000000,8.059044489528e-7
development,4c178bfa2d60e935,4200,development,41,58,99,0,1,-0.02000000,-0.02000000,6.842861330369e-5
development,4c178bfa2d60e935,4200,development,41,58,99,1,0,-0.01000000,0.00000000,3.446514529060e-5
development,4c178bfa2d60e935,4200,development,42,59,98,0,1,0.02000000,-0.01000000,-3.649728896562e-4
development,4c178bfa2d60e935,4200,development,42,59,98,1,0,0.01000000,-0.02000000,-1.674946397543e-4
development,4c178bfa2d60e935,4200,development,43,60,97,0,1,-0.02000000,-0.01000000,-1.420720218448e-4
development,4c178bfa2d60e935,4200,development,43,60,97,1,0,-0.01000000,-0.02000000,-7.997521315701e-4
development,4c178bfa2d60e935,4200,development,44,61,96,0,1,0.00000000,0.01000000,2.022683620453e-4
development,4c178bfa2d60e935,4200,development,44,61,96,1,0,-0.02000000,0.02000000,3.999049367849e-4
development,4c178bfa2d60e935,4200,development,45,62,95,0,1,0.02000000,-0.01000000,-7.126703858376e-4
development,4c178bfa2d60e935,4200,development,45,62,95,1,0,0.01000000,-0.02000000,-3.631608560681e-4
development,4c178bfa2d60e935,4200,development,46,63,94,0,1,0.02000000,-0.01000000,-4.019650223199e-4
development,4c178bfa2d60e935,4200,development,46,63,94,1,0,0.01000000,-0.02000000,-3.273033944424e-4
development,4c178bfa2d60e935,4200,development,47,64,93,0,1,0.02000000,-0.01000000,-2.445106802043e-4
development,4c178bfa2d60e935,4200,development,47,64,93,1,0,0.01000000,-0.02000000,-8.224385237554e-5
development,4c178bfa2d60e935,4200,development,48,65,92,0,1,-0.02000000,-0.01000000,1.677758991718e-4
development,4c178bfa2d60e935,4200,development,48,65,92,1,0,-0.01000000,-0.02000000,2.700580807868e-4
development,4c178bfa2d60e935,4200,development,49,66,91,0,1,0.02000000,-0.02000000,9.659802162787e-5
development,4c178bfa2d60e935,4200,development,49,66,91,1,0,0.01000000,0.00000000,4.838965833187e-5
development,4c178bfa2d60e935,4200,development,50,67,90,0,1,-0.02000000,-0.01000000,-6.514912092825e-5
development,4c178bfa2d60e935,4200,development,50,67,90,1,0,-0.01000000,-0.02000000,-2.601966261864e-4
development,4c178bfa2d60e935,4200,development,51,68,89,0,0,-0.02000000,0.02000000,1.001803204417e-3
development,4c178bfa2d60e935,4200,development,51,68,89,1,1,-0.01000000,0.01000000,5.348200793378e-4
development,4c178bfa2d60e935,4200,development,52,69,88,0,1,-0.02000000,-0.01000000,4.404826613609e-4
development,4c178bfa2d60e935,4200,development,52,69,88,1,0,-0.01000000,-0.02000000,4.473545996007e-4
development,4c178bfa2d60e935,4200,development,53,70,87,0,0,-0.02000000,-0.02000000,-5.489305476658e-4
development,4c178bfa2d60e935,4200,development,53,70,87,1,1,-0.01000000,-0.01000000,-2.572576922830e-4
development,4c178bfa2d60e935,4200,development,54,71,86,0,0,-0.02000000,0.00000000,3.782262501772e-4
development,4c178bfa2d60e935,4200,development,54,71,86,1,1,-0.01000000,-0.02000000,1.999903470278e-4
development,4c178bfa2d60e935,4200,development,55,72,85,0,1,-0.02000000,-0.01000000,2.084271982312e-4
development,4c178bfa2d60e935,4200,development,55,72,85,1,0,-0.01000000,-0.02000000,1.186380759464e-4
development,4c178bfa2d60e935,4200,development,56,73,84,0,1,-0.02000000,-0.02000000,1.677777618170e-5
development,4c178bfa2d60e935,4200,development,56,73,84,1,0,-0.01000000,0.00000000,6.244828455237e-6
development,4c178bfa2d60e935,4200,development,57,74,83,0,1,0.00000000,-0.01000000,-1.089057604986e-5
development,4c178bfa2d60e935,4200,development,57,74,83,1,0,-0.02000000,-0.02000000,-4.368151348899e-5
development,4c178bfa2d60e935,4200,development,58,75,82,0,0,-0.02000000,0.00000000,1.365287898807e-4
development,4c178bfa2d60e935,4200,development,58,75,82,1,1,-0.01000000,-0.02000000,9.876055264613e-5
development,4c178bfa2d60e935,4200,development,59,76,81,0,0,-0.02000000,-0.02000000,1.018031834974e-4
development,4c178bfa2d60e935,4200,development,59,76,81,1,1,-0.01000000,-0.01000000,5.129693818162e-5
development,4c178bfa2d60e935,4200,development,60,77,80,0,1,-0.02000000,-0.01000000,3.503747284412e-4
development,4c178bfa2d60e935,4200,development,60,77,80,1,0,-0.01000000,-0.02000000,1.862570643425e-4
development,4c178bfa2d60e935,4200,development,61,78,79,0,1,-0.02000000,-0.01000000,2.919801918324e-4
development,4c178bfa2d60e935,4200,development,61,78,79,1,0,-0.01000000,-0.02000000,3.205109387636e-4
development,4c178bfa2d60e935,4200,evaluation,1,18,16,0,0,0.02000000,0.02000000,-9.468235075474e-4
development,4c178bfa2d60e935,4200,evaluation,1,18,16,1,1,0.01000000,0.01000000,-4.486969264690e-4
development,4c178bfa2d60e935,4200,evaluation,2,19,15,0,1,-0.02000000,0.01000000,1.590432017110e-3
development,4c178bfa2d60e935,4200,evaluation,2,19,15,1,0,-0.01000000,0.02000000,1.381169073284e-3
development,4c178bfa2d60e935,4200,evaluation,3,20,14,0,0,-0.02000000,0.02000000,4.647051391657e-4
development,4c178bfa2d60e935,4200,evaluation,3,20,14,1,1,-0.01000000,0.01000000,3.257142379880e-4
development,4c178bfa2d60e935,4200,evaluation,4,21,13,0,1,0.02000000,-0.00500000,2.885047870222e-4
development,4c178bfa2d60e935,4200,evaluation,4,21,13,1,0,0.01000000,-0.01000000,8.524202858098e-4
development,4c178bfa2d60e935,4200,evaluation,5,22,12,0,0,0.02000000,0.02000000,1.068329438567e-3
development,4c178bfa2d60e935,4200,evaluation,5,22,12,1,1,0.01000000,0.01000000,6.397466058843e-4
development,4c178bfa2d60e935,4200,evaluation,6,23,11,0,0,0.02000000,0.02000000,9.530046954751e-4
development,4c178bfa2d60e935,4200,evaluation,6,23,11,1,1,0.01000000,0.01000000,5.854042246938e-4
development,4c178bfa2d60e935,4200,evaluation,7,24,10,0,1,-0.02000000,0.01000000,4.206451994833e-4
development,4c178bfa2d60e935,4200,evaluation,7,24,10,1,0,-0.01000000,0.02000000,3.616434114520e-4
development,4c178bfa2d60e935,4200,evaluation,8,25,9,0,1,0.02000000,-0.01000000,-1.858056784840e-4
development,4c178bfa2d60e935,4200,evaluation,8,25,9,1,0,0.01000000,-0.02000000,-3.879569994751e-4
development,4c178bfa2d60e935,4200,evaluation,9,26,8,0,1,0.02000000,0.01000000,2.191162930103e-4
development,4c178bfa2d60e935,4200,evaluation,9,26,8,1,0,0.01000000,0.02000000,1.423073263140e-4
development,4c178bfa2d60e935,4200,evaluation,10,27,7,0,1,-0.02000000,0.01000000,2.812873572111e-5
development,4c178bfa2d60e935,4200,evaluation,10,27,7,1,0,-0.01000000,0.02000000,4.834452120122e-4
development,4c178bfa2d60e935,4200,evaluation,11,28,6,0,0,0.02000000,-0.02000000,-1.409516407875e-4
development,4c178bfa2d60e935,4200,evaluation,11,28,6,1,1,0.01000000,-0.01000000,-1.294383127970e-5
development,4c178bfa2d60e935,4200,evaluation,12,29,5,0,1,-0.02000000,0.01000000,5.066990852356e-4
development,4c178bfa2d60e935,4200,evaluation,12,29,5,1,0,-0.01000000,0.02000000,3.710078599397e-4
development,4c178bfa2d60e935,4200,evaluation,13,30,4,0,0,0.02000000,-0.02000000,-7.510234718211e-4
development,4c178bfa2d60e935,4200,evaluation,13,30,4,1,1,0.01000000,-0.01000000,-3.605466336012e-4
development,4c178bfa2d60e935,4200,evaluation,14,31,3,0,0,-0.02000000,-0.02000000,3.860571014229e-4
development,4c178bfa2d60e935,4200,evaluation,14,31,3,1,1,-0.01000000,-0.01000000,2.730879932642e-4
development,4c178bfa2d60e935,4200,evaluation,15,32,2,0,0,0.02000000,0.02000000,1.899255439639e-4
development,4c178bfa2d60e935,4200,evaluation,15,32,2,1,1,0.01000000,0.01000000,1.229507179232e-4
development,4c178bfa2d60e935,4200,evaluation,16,33,1,0,1,0.02000000,0.01000000,1.384913921356e-4
development,4c178bfa2d60e935,4200,evaluation,16,33,1,1,0,0.01000000,0.02000000,-3.693004373417e-6
development,4c178bfa2d60e935,4200,evaluation,17,34,0,0,0,0.02000000,-0.00500000,1.831936388044e-4
development,4c178bfa2d60e935,4200,evaluation,17,34,0,1,1,0.01000000,0.00000000,9.214505553246e-5
development,4c178bfa2d60e935,4200,evaluation,18,35,122,0,1,0.02000000,0.00500000,6.640820647590e-4
development,4c178bfa2d60e935,4200,evaluation,18,35,122,1,0,0.01000000,0.01000000,3.076282737311e-4
development,4c178bfa2d60e935,4200,evaluation,19,36,121,0,0,0.02000000,0.02000000,1.076104701497e-3
development,4c178bfa2d60e935,4200,evaluation,19,36,121,1,1,0.01000000,0.01000000,5.584731698036e-4
development,4c178bfa2d60e935,4200,evaluation,20,37,120,0,0,-0.02000000,-0.02000000,4.611369222403e-4
development,4c178bfa2d60e935,4200,evaluation,20,37,120,1,1,-0.01000000,-0.01000000,2.396982163191e-4
development,4c178bfa2d60e935,4200,evaluation,21,38,119,0,1,0.01000000,-0.01000000,6.974041461945e-4
development,4c178bfa2d60e935,4200,evaluation,21,38,119,1,0,0.00500000,-0.02000000,3.793904033955e-4
development,4c178bfa2d60e935,4200,evaluation,22,39,118,0,0,0.02000000,0.02000000,-1.235380768776e-4
development,4c178bfa2d60e935,4200,evaluation,22,39,118,1,1,0.01000000,0.01000000,-4.464511948754e-5
development,4c178bfa2d60e935,4200,evaluation,23,40,117,0,0,-0.02000000,-0.02000000,2.632228097355e-5
development,4c178bfa2d60e935,4200,evaluation,23,40,117,1,1,-0.01000000,-0.01000000,1.703264751995e-5
development,4c178bfa2d60e935,4200,evaluation,24,41,116,0,1,-0.02000000,-0.01000000,2.660478094185e-5
development,4c178bfa2d60e935,4200,evaluation,24,41,116,1,0,-0.01000000,-0.02000000,6.101839244366e-5
development,4c178bfa2d60e935,4200,evaluation,25,42,115,0,0,0.00000000,0.00000000,0.000000000000e0
development,4c178bfa2d60e935,4200,evaluation,25,42,115,1,1,-0.02000000,-0.02000000,0.000000000000e0
development,4c178bfa2d60e935,4200,evaluation,26,43,114,0,0,-0.02000000,-0.02000000,-8.238976442954e-5
development,4c178bfa2d60e935,4200,evaluation,26,43,114,1,1,-0.01000000,-0.01000000,1.205193530041e-5
development,4c178bfa2d60e935,4200,evaluation,28,45,112,0,0,-0.02000000,-0.02000000,3.149795156787e-5
development,4c178bfa2d60e935,4200,evaluation,28,45,112,1,1,-0.01000000,-0.01000000,1.872020402516e-5
development,4c178bfa2d60e935,4200,evaluation,29,46,111,0,1,-0.02000000,0.01000000,7.917732000351e-5
development,4c178bfa2d60e935,4200,evaluation,29,46,111,1,0,-0.01000000,0.02000000,7.894138252595e-5
development,4c178bfa2d60e935,4200,evaluation,30,47,110,0,0,-0.02000000,0.02000000,3.405101597309e-5
development,4c178bfa2d60e935,4200,evaluation,30,47,110,1,1,-0.01000000,0.01000000,6.658894562861e-5
development,4c178bfa2d60e935,4200,evaluation,31,48,109,0,0,0.00000000,0.02000000,-1.894297747640e-4
development,4c178bfa2d60e935,4200,evaluation,31,48,109,1,1,-0.02000000,0.01000000,-9.294474875787e-5
development,4c178bfa2d60e935,4200,evaluation,32,49,108,0,1,0.00000000,0.01000000,4.953145980835e-5
development,4c178bfa2d60e935,4200,evaluation,32,49,108,1,0,-0.02000000,0.02000000,9.013774251798e-5
development,4c178bfa2d60e935,4200,evaluation,33,50,107,0,1,0.00000000,-0.02000000,0.000000000000e0
development,4c178bfa2d60e935,4200,evaluation,33,50,107,1,0,-0.02000000,0.00000000,0.000000000000e0
development,4c178bfa2d60e935,4200,evaluation,34,51,106,0,1,0.00000000,0.01000000,9.688486898085e-5
development,4c178bfa2d60e935,4200,evaluation,34,51,106,1,0,-0.02000000,0.02000000,1.926651893882e-4
development,4c178bfa2d60e935,4200,evaluation,35,52,105,0,0,0.00000000,0.02000000,-5.019530653954e-4
development,4c178bfa2d60e935,4200,evaluation,35,52,105,1,1,-0.02000000,0.01000000,-2.215827553300e-4
development,4c178bfa2d60e935,4200,evaluation,36,53,104,0,1,0.00000000,-0.01000000,2.240048052045e-4
development,4c178bfa2d60e935,4200,evaluation,36,53,104,1,0,-0.02000000,-0.02000000,4.450467822608e-4
development,4c178bfa2d60e935,4200,evaluation,37,54,103,0,1,0.00000000,-0.01000000,8.354273631994e-6
development,4c178bfa2d60e935,4200,evaluation,37,54,103,1,0,-0.02000000,-0.02000000,1.660020461713e-5
development,4c178bfa2d60e935,4200,evaluation,38,55,102,0,0,0.00000000,-0.02000000,5.504364889930e-5
development,4c178bfa2d60e935,4200,evaluation,38,55,102,1,1,-0.02000000,-0.01000000,3.219395875931e-5
development,4c178bfa2d60e935,4200,evaluation,39,56,101,0,1,-0.02000000,0.01000000,1.938541681739e-4
development,4c178bfa2d60e935,4200,evaluation,39,56,101,1,0,-0.01000000,0.02000000,2.833536418620e-4
development,4c178bfa2d60e935,4200,evaluation,40,57,100,0,0,0.02000000,-0.02000000,-1.943670213223e-5
development,4c178bfa2d60e935,4200,evaluation,40,57,100,1,1,0.01000000,-0.01000000,-3.899137027474e-6
development,4c178bfa2d60e935,4200,evaluation,41,58,99,0,0,-0.02000000,0.00000000,6.842861330369e-5
development,4c178bfa2d60e935,4200,evaluation,41,58,99,1,1,-0.01000000,-0.02000000,3.446514529060e-5
development,4c178bfa2d60e935,4200,evaluation,42,59,98,0,0,0.02000000,-0.02000000,-3.749995084945e-4
development,4c178bfa2d60e935,4200,evaluation,42,59,98,1,1,0.01000000,-0.01000000,-1.621836127015e-4
development,4c178bfa2d60e935,4200,evaluation,43,60,97,0,0,-0.02000000,-0.02000000,-6.282373215072e-4
development,4c178bfa2d60e935,4200,evaluation,43,60,97,1,1,-0.01000000,-0.01000000,-2.969745546579e-4
development,4c178bfa2d60e935,4200,evaluation,44,61,96,0,0,0.00000000,0.02000000,3.986569645349e-4
development,4c178bfa2d60e935,4200,evaluation,44,61,96,1,1,-0.02000000,0.01000000,2.035275101662e-4
development,4c178bfa2d60e935,4200,evaluation,45,62,95,0,0,0.02000000,-0.02000000,-7.277438417077e-4
development,4c178bfa2d60e935,4200,evaluation,45,62,95,1,1,0.01000000,-0.01000000,-3.483736363705e-4
development,4c178bfa2d60e935,4200,evaluation,46,63,94,0,0,0.02000000,-0.02000000,-4.974870826118e-4
development,4c178bfa2d60e935,4200,evaluation,46,63,94,1,1,0.01000000,-0.01000000,-2.357643097639e-4
development,4c178bfa2d60e935,4200,evaluation,47,64,93,0,0,0.02000000,-0.02000000,-2.167057245970e-4
development,4c178bfa2d60e935,4200,evaluation,47,64,93,1,1,0.01000000,-0.01000000,-1.059832648025e-4
development,4c178bfa2d60e935,4200,evaluation,48,65,92,0,0,-0.02000000,-0.02000000,2.855615166482e-4
development,4c178bfa2d60e935,4200,evaluation,48,65,92,1,1,-0.01000000,-0.01000000,1.525555999251e-4
development,4c178bfa2d60e935,4200,evaluation,49,66,91,0,0,0.02000000,0.00000000,9.659802162787e-5
development,4c178bfa2d60e935,4200,evaluation,49,66,91,1,1,0.01000000,-0.02000000,4.838965833187e-5
development,4c178bfa2d60e935,4200,evaluation,50,67,90,0,0,-0.02000000,-0.02000000,-2.234013081761e-4
development,4c178bfa2d60e935,4200,evaluation,50,67,90,1,1,-0.01000000,-0.01000000,-1.020412892103e-4
development,4c178bfa2d60e935,4200,evaluation,51,68,89,0,1,-0.02000000,0.01000000,4.184929130133e-4
development,4c178bfa2d60e935,4200,evaluation,51,68,89,1,0,-0.01000000,0.02000000,1.113047823310e-3
development,4c178bfa2d60e935,4200,evaluation,52,69,88,0,0,-0.02000000,-0.02000000,5.412070895545e-4
development,4c178bfa2d60e935,4200,evaluation,52,69,88,1,1,-0.01000000,-0.01000000,3.459695726633e-4
development,4c178bfa2d60e935,4200,evaluation,53,70,87,0,1,-0.02000000,-0.01000000,-5.379216745496e-4
development,4c178bfa2d60e935,4200,evaluation,53,70,87,1,0,-0.01000000,-0.02000000,-2.682665362954e-4
development,4c178bfa2d60e935,4200,evaluation,54,71,86,0,1,-0.02000000,-0.02000000,3.870023938362e-4
development,4c178bfa2d60e935,4200,evaluation,54,71,86,1,0,-0.01000000,0.00000000,1.912141888170e-4
development,4c178bfa2d60e935,4200,evaluation,55,72,85,0,0,-0.02000000,-0.02000000,2.121441066265e-4
development,4c178bfa2d60e935,4200,evaluation,55,72,85,1,1,-0.01000000,-0.01000000,1.148534938693e-4
development,4c178bfa2d60e935,4200,evaluation,56,73,84,0,0,-0.02000000,0.00000000,1.148506999016e-5
development,4c178bfa2d60e935,4200,evaluation,56,73,84,1,1,-0.01000000,-0.02000000,1.170517225546e-5
development,4c178bfa2d60e935,4200,evaluation,57,74,83,0,0,0.00000000,-0.02000000,-4.368151348899e-5
development,4c178bfa2d60e935,4200,evaluation,57,74,83,1,1,-0.02000000,-0.01000000,-1.089057604986e-5
development,4c178bfa2d60e935,4200,evaluation,58,75,82,0,1,-0.02000000,-0.02000000,1.365287898807e-4
development,4c178bfa2d60e935,4200,evaluation,58,75,82,1,0,-0.01000000,0.00000000,9.876055264613e-5
development,4c178bfa2d60e935,4200,evaluation,59,76,81,0,1,-0.02000000,-0.01000000,1.043140291586e-4
development,4c178bfa2d60e935,4200,evaluation,59,76,81,1,0,-0.01000000,-0.02000000,4.887115210295e-5
development,4c178bfa2d60e935,4200,evaluation,60,77,80,0,0,-0.02000000,-0.02000000,3.520219179336e-4
development,4c178bfa2d60e935,4200,evaluation,60,77,80,1,1,-0.01000000,-0.01000000,1.845421938924e-4
development,4c178bfa2d60e935,4200,evaluation,61,78,79,0,0,-0.02000000,-0.02000000,3.871837106999e-4
development,4c178bfa2d60e935,4200,evaluation,61,78,79,1,1,-0.01000000,-0.01000000,2.244897186756e-4
evaluation,96e104bd3c72a85f,600,development,1,108,106,0,0,-0.02000000,0.00000000,8.636464372103e-6
evaluation,96e104bd3c72a85f,600,development,1,108,106,1,1,-0.01000000,-0.02000000,4.968295343133e-6
evaluation,96e104bd3c72a85f,600,development,2,109,105,0,0,-0.02000000,-0.02000000,1.886983773147e-5
evaluation,96e104bd3c72a85f,600,development,2,109,105,1,1,-0.01000000,-0.01000000,1.227359007316e-5
evaluation,96e104bd3c72a85f,600,development,3,110,104,0,1,-0.02000000,-0.01000000,3.773967546294e-5
evaluation,96e104bd3c72a85f,600,development,3,110,104,1,0,-0.01000000,-0.02000000,2.365807631577e-5
evaluation,96e104bd3c72a85f,600,development,4,111,103,0,1,0.00000000,-0.02000000,0.000000000000e0
evaluation,96e104bd3c72a85f,600,development,4,111,103,1,0,-0.02000000,0.00000000,0.000000000000e0
evaluation,96e104bd3c72a85f,600,development,5,112,102,0,0,0.02000000,0.02000000,4.998426884413e-4
evaluation,96e104bd3c72a85f,600,development,5,112,102,1,1,0.01000000,0.01000000,2.509107289370e-4
evaluation,96e104bd3c72a85f,600,development,6,113,101,0,1,-0.02000000,0.01000000,4.367039946374e-4
evaluation,96e104bd3c72a85f,600,development,6,113,101,1,0,-0.01000000,0.02000000,3.767572343349e-4
evaluation,96e104bd3c72a85f,600,development,7,114,100,0,0,0.00000000,-0.02000000,1.443456858397e-4
evaluation,96e104bd3c72a85f,600,development,7,114,100,1,1,-0.02000000,-0.01000000,7.271021604538e-5
evaluation,96e104bd3c72a85f,600,development,8,115,99,0,0,0.00000000,0.00000000,0.000000000000e0
evaluation,96e104bd3c72a85f,600,development,8,115,99,1,1,-0.02000000,-0.02000000,0.000000000000e0
evaluation,96e104bd3c72a85f,600,development,9,116,98,0,1,0.02000000,-0.02000000,1.549286098452e-4
evaluation,96e104bd3c72a85f,600,development,9,116,98,1,0,0.01000000,0.00000000,7.816962897778e-5
evaluation,96e104bd3c72a85f,600,development,10,117,97,0,1,-0.02000000,0.01000000,3.475931880530e-4
evaluation,96e104bd3c72a85f,600,development,10,117,97,1,0,-0.01000000,0.02000000,4.221958515700e-4
evaluation,96e104bd3c72a85f,600,development,11,118,96,0,0,-0.02000000,-0.02000000,4.532951861620e-4
evaluation,96e104bd3c72a85f,600,development,11,118,96,1,1,-0.01000000,-0.01000000,2.274109720020e-4
evaluation,96e104bd3c72a85f,600,development,12,119,95,0,1,0.00000000,-0.02000000,0.000000000000e0
evaluation,96e104bd3c72a85f,600,development,12,119,95,1,0,-0.02000000,0.00000000,0.000000000000e0
evaluation,96e104bd3c72a85f,600,development,13,120,94,0,1,0.02000000,0.01000000,6.141699850559e-4
evaluation,96e104bd3c72a85f,600,development,13,120,94,1,0,0.01000000,0.02000000,5.252796108834e-4
evaluation,96e104bd3c72a85f,600,development,14,121,93,0,0,-0.02000000,0.02000000,1.140354797826e-4
evaluation,96e104bd3c72a85f,600,development,14,121,93,1,1,-0.01000000,0.01000000,7.208933675429e-5
evaluation,96e104bd3c72a85f,600,development,15,122,92,0,0,0.02000000,0.00500000,-5.250337417237e-4
evaluation,96e104bd3c72a85f,600,development,15,122,92,1,1,0.01000000,0.01000000,-3.633468004409e-4
evaluation,96e104bd3c72a85f,600,development,16,0,91,0,1,0.02000000,-0.02000000,1.934853753482e-5
evaluation,96e104bd3c72a85f,600,development,16,0,91,1,0,0.01000000,0.00000000,2.918330392276e-5
evaluation,96e104bd3c72a85f,600,development,17,1,90,0,0,0.02000000,0.00000000,2.038876264123e-4
evaluation,96e104bd3c72a85f,600,development,17,1,90,1,1,0.01000000,-0.02000000,1.148823648691e-4
evaluation,96e104bd3c72a85f,600,development,18,2,89,0,0,-0.02000000,0.02000000,1.001898199320e-4
evaluation,96e104bd3c72a85f,600,development,18,2,89,1,1,-0.01000000,0.01000000,6.322438275674e-5
evaluation,96e104bd3c72a85f,600,development,19,3,88,0,0,0.02000000,0.02000000,-2.906595764216e-4
evaluation,96e104bd3c72a85f,600,development,19,3,88,1,1,0.01000000,0.01000000,-1.408078969689e-4
evaluation,96e104bd3c72a85f,600,development,20,4,87,0,1,-0.02000000,-0.02000000,1.656605600147e-4
evaluation,96e104bd3c72a85f,600,development,20,4,87,1,0,-0.01000000,0.00000000,8.473048364976e-5
evaluation,96e104bd3c72a85f,600,development,21,5,86,0,0,0.02000000,0.00000000,8.694330608705e-5
evaluation,96e104bd3c72a85f,600,development,21,5,86,1,1,0.01000000,-0.02000000,4.263284426997e-5
evaluation,96e104bd3c72a85f,600,development,22,6,85,0,0,0.01000000,0.00000000,1.011832282529e-4
evaluation,96e104bd3c72a85f,600,development,22,6,85,1,1,0.02000000,-0.02000000,1.882147043943e-4
evaluation,96e104bd3c72a85f,600,development,23,7,84,0,1,0.02000000,-0.02000000,-1.733905373840e-4
evaluation,96e104bd3c72a85f,600,development,23,7,84,1,0,0.01000000,0.00000000,-8.255118882516e-5
evaluation,96e104bd3c72a85f,600,development,24,8,83,0,0,0.02000000,0.00000000,1.104082912207e-4
evaluation,96e104bd3c72a85f,600,development,24,8,83,1,1,0.01000000,-0.02000000,6.441647565225e-5
evaluation,96e104bd3c72a85f,600,development,25,9,82,0,0,0.02000000,0.00000000,-6.357394158840e-5
evaluation,96e104bd3c72a85f,600,development,25,9,82,1,1,0.01000000,-0.02000000,-2.239271998405e-5
evaluation,96e104bd3c72a85f,600,development,26,10,81,0,0,0.02000000,0.00000000,4.374732452561e-5
evaluation,96e104bd3c72a85f,600,development,26,10,81,1,1,0.01000000,-0.02000000,5.013619738747e-5
evaluation,96e104bd3c72a85f,600,development,27,11,80,0,1,0.02000000,-0.02000000,3.042686730623e-4
evaluation,96e104bd3c72a85f,600,development,27,11,80,1,0,0.01000000,0.00000000,1.684613525867e-4
evaluation,96e104bd3c72a85f,600,development,28,12,79,0,0,0.02000000,0.02000000,-3.006154147442e-4
evaluation,96e104bd3c72a85f,600,development,28,12,79,1,1,0.01000000,0.01000000,-1.326923520537e-4
evaluation,96e104bd3c72a85f,600,development,29,13,78,0,0,0.01000000,-0.02000000,-4.611983895302e-4
evaluation,96e104bd3c72a85f,600,development,29,13,78,1,1,0.02000000,-0.01000000,-5.775659228675e-4
evaluation,96e104bd3c72a85f,600,development,30,14,77,0,0,-0.02000000,-0.02000000,1.748048962327e-4
evaluation,96e104bd3c72a85f,600,development,30,14,77,1,1,-0.01000000,-0.01000000,8.734067523619e-5
evaluation,96e104bd3c72a85f,600,development,31,15,76,0,0,0.02000000,-0.02000000,2.931859344244e-4
evaluation,96e104bd3c72a85f,600,development,31,15,76,1,1,0.01000000,-0.01000000,1.627641468076e-4
evaluation,96e104bd3c72a85f,600,development,32,16,75,0,0,-0.02000000,-0.02000000,7.275553798536e-5
evaluation,96e104bd3c72a85f,600,development,32,16,75,1,1,-0.01000000,-0.01000000,6.370991468430e-5
evaluation,96e104bd3c72a85f,600,development,33,17,74,0,1,-0.02000000,0.01000000,1.060167924152e-4
evaluation,96e104bd3c72a85f,600,development,33,17,74,1,0,-0.01000000,0.02000000,1.428574323654e-4
evaluation,96e104bd3c72a85f,600,development,34,18,73,0,1,-0.02000000,0.01000000,1.369044184685e-4
evaluation,96e104bd3c72a85f,600,development,34,18,73,1,0,-0.01000000,0.02000000,5.987907570670e-5
evaluation,96e104bd3c72a85f,600,development,35,19,72,0,1,-0.00500000,-0.01000000,-4.242484919814e-6
evaluation,96e104bd3c72a85f,600,development,35,19,72,1,0,0.00000000,-0.02000000,8.729534602026e-5
evaluation,96e104bd3c72a85f,600,development,36,20,71,0,0,0.02000000,0.02000000,-4.066713154316e-5
evaluation,96e104bd3c72a85f,600,development,36,20,71,1,1,0.01000000,0.01000000,-5.753710865974e-6
evaluation,96e104bd3c72a85f,600,development,37,21,70,0,1,0.01000000,-0.01000000,1.542021891510e-5
evaluation,96e104bd3c72a85f,600,development,37,21,70,1,0,0.00500000,-0.02000000,7.830560207367e-6
evaluation,96e104bd3c72a85f,600,development,38,22,69,0,1,-0.02000000,0.01000000,-3.863529709633e-4
evaluation,96e104bd3c72a85f,600,development,38,22,69,1,0,-0.01000000,0.02000000,-1.948078424903e-4
evaluation,96e104bd3c72a85f,600,development,39,23,68,0,1,0.00000000,0.01000000,6.752709396096e-6
evaluation,96e104bd3c72a85f,600,development,39,23,68,1,0,0.00500000,0.02000000,-3.028226456081e-5
evaluation,96e104bd3c72a85f,600,development,40,24,67,0,0,0.02000000,0.02000000,8.779826021055e-5
evaluation,96e104bd3c72a85f,600,development,40,24,67,1,1,0.01000000,0.01000000,4.397394877742e-5
evaluation,96e104bd3c72a85f,600,development,41,25,66,0,0,-0.02000000,0.02000000,8.203089237213e-6
evaluation,96e104bd3c72a85f,600,development,41,25,66,1,1,-0.01000000,0.01000000,4.124517090531e-6
evaluation,96e104bd3c72a85f,600,development,42,26,65,0,1,-0.02000000,-0.01000000,8.874200284481e-5
evaluation,96e104bd3c72a85f,600,development,42,26,65,1,0,-0.01000000,-0.02000000,3.600865602493e-5
evaluation,96e104bd3c72a85f,600,development,43,27,64,0,1,0.02000000,0.01000000,3.304953497718e-5
evaluation,96e104bd3c72a85f,600,development,43,27,64,1,0,0.01000000,0.02000000,-2.080574631691e-6
evaluation,96e104bd3c72a85f,600,development,44,28,63,0,0,0.02000000,0.02000000,-1.771375536919e-5
evaluation,96e104bd3c72a85f,600,development,44,28,63,1,1,0.01000000,0.01000000,-7.543712854385e-6
evaluation,96e104bd3c72a85f,600,development,45,29,62,0,0,0.02000000,-0.02000000,4.022282955702e-4
evaluation,96e104bd3c72a85f,600,development,45,29,62,1,1,0.01000000,-0.01000000,2.013376652030e-4
evaluation,96e104bd3c72a85f,600,development,46,30,61,0,0,-0.02000000,0.02000000,3.875065594912e-4
evaluation,96e104bd3c72a85f,600,development,46,30,61,1,1,-0.01000000,0.01000000,1.939361245604e-4
evaluation,96e104bd3c72a85f,600,development,47,31,60,0,1,0.02000000,0.01000000,-4.001520574093e-5
evaluation,96e104bd3c72a85f,600,development,47,31,60,1,0,0.01000000,0.02000000,3.680586814880e-6
evaluation,96e104bd3c72a85f,600,development,48,32,59,0,1,-0.02000000,0.01000000,1.670991332503e-4
evaluation,96e104bd3c72a85f,600,development,48,32,59,1,0,-0.01000000,0.02000000,1.180687322631e-4
evaluation,96e104bd3c72a85f,600,development,49,33,58,0,0,-0.02000000,-0.01000000,4.143702608417e-5
evaluation,96e104bd3c72a85f,600,development,49,33,58,1,1,-0.01000000,-0.00500000,2.132169902325e-5
evaluation,96e104bd3c72a85f,600,development,50,34,57,0,1,0.02000000,-0.01000000,1.961737871170e-4
evaluation,96e104bd3c72a85f,600,development,50,34,57,1,0,0.01000000,-0.02000000,7.436113810400e-5
evaluation,96e104bd3c72a85f,600,development,51,35,56,0,1,-0.02000000,0.01000000,3.541776386555e-4
evaluation,96e104bd3c72a85f,600,development,51,35,56,1,0,-0.01000000,0.02000000,2.855019120034e-4
evaluation,96e104bd3c72a85f,600,development,52,36,55,0,0,0.02000000,0.00000000,-2.144152967958e-4
evaluation,96e104bd3c72a85f,600,development,52,36,55,1,1,0.01000000,-0.02000000,-1.119201406254e-4
evaluation,96e104bd3c72a85f,600,development,53,37,54,0,0,-0.02000000,0.00000000,1.868226827355e-4
evaluation,96e104bd3c72a85f,600,development,53,37,54,1,1,-0.01000000,-0.02000000,9.458139538765e-5
evaluation,96e104bd3c72a85f,600,development,54,38,53,0,0,-0.02000000,0.00000000,-3.714548947755e-4
evaluation,96e104bd3c72a85f,600,development,54,38,53,1,1,-0.01000000,-0.02000000,-1.853921712609e-4
evaluation,96e104bd3c72a85f,600,development,55,39,52,0,0,0.02000000,0.00000000,4.336237907410e-6
evaluation,96e104bd3c72a85f,600,development,55,39,52,1,1,0.01000000,-0.02000000,1.528610823698e-6
evaluation,96e104bd3c72a85f,600,development,56,40,51,0,1,0.00000000,-0.02000000,0.000000000000e0
evaluation,96e104bd3c72a85f,600,development,56,40,51,1,0,-0.02000000,0.00000000,0.000000000000e0
evaluation,96e104bd3c72a85f,600,development,57,41,50,0,0,0.00000000,0.00000000,0.000000000000e0
evaluation,96e104bd3c72a85f,600,development,57,41,50,1,1,-0.02000000,-0.02000000,0.000000000000e0
evaluation,96e104bd3c72a85f,600,development,58,42,49,0,1,0.00000000,-0.02000000,0.000000000000e0
evaluation,96e104bd3c72a85f,600,development,58,42,49,1,0,-0.02000000,0.00000000,0.000000000000e0
evaluation,96e104bd3c72a85f,600,development,59,43,48,0,0,0.00000000,0.00000000,0.000000000000e0
evaluation,96e104bd3c72a85f,600,development,59,43,48,1,1,-0.02000000,-0.02000000,0.000000000000e0
evaluation,96e104bd3c72a85f,600,development,60,44,47,0,1,0.00000000,-0.02000000,0.000000000000e0
evaluation,96e104bd3c72a85f,600,development,60,44,47,1,0,-0.02000000,0.00000000,0.000000000000e0
evaluation,96e104bd3c72a85f,600,development,61,45,46,0,1,0.00000000,-0.02000000,0.000000000000e0
evaluation,96e104bd3c72a85f,600,development,61,45,46,1,0,-0.02000000,0.00000000,0.000000000000e0
evaluation,96e104bd3c72a85f,600,evaluation,1,108,106,0,1,-0.02000000,-0.02000000,8.636464372103e-6
evaluation,96e104bd3c72a85f,600,evaluation,1,108,106,1,0,-0.01000000,0.00000000,4.968295343133e-6
evaluation,96e104bd3c72a85f,600,evaluation,2,109,105,0,1,-0.02000000,-0.01000000,2.356246113777e-5
evaluation,96e104bd3c72a85f,600,evaluation,2,109,105,1,0,-0.01000000,-0.02000000,8.958081707533e-6
evaluation,96e104bd3c72a85f,600,evaluation,3,110,104,0,0,-0.02000000,-0.02000000,3.898640352418e-5
evaluation,96e104bd3c72a85f,600,evaluation,3,110,104,1,1,-0.01000000,-0.01000000,2.159923315048e-5
evaluation,96e104bd3c72a85f,600,evaluation,4,111,103,0,0,0.00000000,0.00000000,0.000000000000e0
evaluation,96e104bd3c72a85f,600,evaluation,4,111,103,1,1,-0.02000000,-0.02000000,0.000000000000e0
evaluation,96e104bd3c72a85f,600,evaluation,5,112,102,0,1,0.02000000,0.01000000,3.246938285884e-4
evaluation,96e104bd3c72a85f,600,evaluation,5,112,102,1,0,0.01000000,0.02000000,4.256659594830e-4
evaluation,96e104bd3c72a85f,600,evaluation,6,113,101,0,0,-0.02000000,0.02000000,5.405030096881e-4
evaluation,96e104bd3c72a85f,600,evaluation,6,113,101,1,1,-0.01000000,0.01000000,2.722963690758e-4
evaluation,96e104bd3c72a85f,600,evaluation,7,114,100,0,1,0.00000000,-0.01000000,7.271021604538e-5
evaluation,96e104bd3c72a85f,600,evaluation,7,114,100,1,0,-0.02000000,-0.02000000,1.443456858397e-4
evaluation,96e104bd3c72a85f,600,evaluation,8,115,99,0,1,0.00000000,-0.02000000,0.000000000000e0
evaluation,96e104bd3c72a85f,600,evaluation,8,115,99,1,0,-0.02000000,0.00000000,0.000000000000e0
evaluation,96e104bd3c72a85f,600,evaluation,9,116,98,0,0,0.02000000,0.00000000,1.549286098452e-4
evaluation,96e104bd3c72a85f,600,evaluation,9,116,98,1,1,0.01000000,-0.02000000,7.816962897778e-5
evaluation,96e104bd3c72a85f,600,evaluation,10,117,97,0,0,-0.02000000,0.02000000,5.113482475281e-4
evaluation,96e104bd3c72a85f,600,evaluation,10,117,97,1,1,-0.01000000,0.01000000,2.577702107374e-4
evaluation,96e104bd3c72a85f,600,evaluation,11,118,96,0,1,-0.02000000,-0.01000000,3.838017582893e-4
evaluation,96e104bd3c72a85f,600,evaluation,11,118,96,1,0,-0.01000000,-0.02000000,2.965194580611e-4
evaluation,96e104bd3c72a85f,600,evaluation,12,119,95,0,0,0.00000000,0.00000000,0.000000000000e0
evaluation,96e104bd3c72a85f,600,evaluation,12,119,95,1,1,-0.02000000,-0.02000000,0.000000000000e0
evaluation,96e104bd3c72a85f,600,evaluation,13,120,94,0,0,0.02000000,0.02000000,7.365128840320e-4
evaluation,96e104bd3c72a85f,600,evaluation,13,120,94,1,1,0.01000000,0.01000000,3.924885240849e-4
evaluation,96e104bd3c72a85f,600,evaluation,14,121,93,0,1,-0.02000000,0.01000000,9.351968765259e-5
evaluation,96e104bd3c72a85f,600,evaluation,14,121,93,1,0,-0.01000000,0.02000000,9.617023169994e-5
evaluation,96e104bd3c72a85f,600,evaluation,15,122,92,0,1,0.02000000,0.01000000,-6.159450858831e-4
evaluation,96e104bd3c72a85f,600,evaluation,15,122,92,1,0,0.01000000,0.00500000,-2.794973552227e-4
evaluation,96e104bd3c72a85f,600,evaluation,16,0,91,0,0,0.02000000,0.00000000,1.934853753482e-5
evaluation,96e104bd3c72a85f,600,evaluation,16,0,91,1,1,0.01000000,-0.02000000,2.918330392276e-5
evaluation,96e104bd3c72a85f,600,evaluation,17,1,90,0,1,0.02000000,-0.02000000,2.038876264123e-4
evaluation,96e104bd3c72a85f,600,evaluation,17,1,90,1,0,0.01000000,0.00000000,1.148823648691e-4
evaluation,96e104bd3c72a85f,600,evaluation,18,2,89,0,1,-0.02000000,0.01000000,6.905818736413e-5
evaluation,96e104bd3c72a85f,600,evaluation,18,2,89,1,0,-0.01000000,0.02000000,9.913556277752e-5
evaluation,96e104bd3c72a85f,600,evaluation,19,3,88,0,1,0.02000000,0.01000000,-1.338515430689e-4
evaluation,96e104bd3c72a85f,600,evaluation,19,3,88,1,0,0.01000000,0.02000000,-2.978003176395e-4
evaluation,96e104bd3c72a85f,600,evaluation,20,4,87,0,0,-0.02000000,0.00000000,1.656605600147e-4
evaluation,96e104bd3c72a85f,600,evaluation,20,4,87,1,1,-0.01000000,-0.02000000,8.473048364976e-5
evaluation,96e104bd3c72a85f,600,evaluation,21,5,86,0,1,0.02000000,-0.02000000,8.694330608705e-5
evaluation,96e104bd3c72a85f,600,evaluation,21,5,86,1,0,0.01000000,0.00000000,4.263284426997e-5
evaluation,96e104bd3c72a85f,600,evaluation,22,6,85,0,1,0.01000000,-0.02000000,1.011832282529e-4
evaluation,96e104bd3c72a85f,600,evaluation,22,6,85,1,0,0.02000000,0.00000000,1.882147043943e-4
evaluation,96e104bd3c72a85f,600,evaluation,23,7,84,0,0,0.02000000,0.00000000,-1.733905373840e-4
evaluation,96e104bd3c72a85f,600,evaluation,23,7,84,1,1,0.01000000,-0.02000000,-8.255118882516e-5
evaluation,96e104bd3c72a85f,600,evaluation,24,8,83,0,1,0.02000000,-0.02000000,1.104082912207e-4
evaluation,96e104bd3c72a85f,600,evaluation,24,8,83,1,0,0.01000000,0.00000000,6.441647565225e-5
evaluation,96e104bd3c72a85f,600,evaluation,25,9,82,0,1,0.02000000,-0.02000000,-6.357394158840e-5
evaluation,96e104bd3c72a85f,600,evaluation,25,9,82,1,0,0.01000000,0.00000000,-2.239271998405e-5
evaluation,96e104bd3c72a85f,600,evaluation,26,10,81,0,1,0.02000000,-0.02000000,4.374732452561e-5
evaluation,96e104bd3c72a85f,600,evaluation,26,10,81,1,0,0.01000000,0.00000000,5.013619738747e-5
evaluation,96e104bd3c72a85f,600,evaluation,27,11,80,0,0,0.02000000,0.00000000,3.042686730623e-4
evaluation,96e104bd3c72a85f,600,evaluation,27,11,80,1,1,0.01000000,-0.02000000,1.684613525867e-4
evaluation,96e104bd3c72a85f,600,evaluation,28,12,79,0,1,0.02000000,0.01000000,-3.240412625019e-4
evaluation,96e104bd3c72a85f,600,evaluation,28,12,79,1,0,0.01000000,0.02000000,-1.092664897442e-4
evaluation,96e104bd3c72a85f,600,evaluation,29,13,78,0,1,0.01000000,-0.01000000,-3.502493200358e-4
evaluation,96e104bd3c72a85f,600,evaluation,29,13,78,1,0,0.02000000,-0.02000000,-6.871272926219e-4
evaluation,96e104bd3c72a85f,600,evaluation,30,14,77,0,1,-0.02000000,-0.01000000,1.225651503773e-4
evaluation,96e104bd3c72a85f,600,evaluation,30,14,77,1,0,-0.01000000,-0.02000000,1.468931586714e-4
evaluation,96e104bd3c72a85f,600,evaluation,31,15,76,0,1,0.02000000,-0.01000000,2.847903815564e-4
evaluation,96e104bd3c72a85f,600,evaluation,31,15,76,1,0,0.01000000,-0.02000000,1.711416989565e-4
evaluation,96e104bd3c72a85f,600,evaluation,32,16,75,0,1,-0.02000000,-0.01000000,5.726578456233e-5
evaluation,96e104bd3c72a85f,600,evaluation,32,16,75,1,0,-0.01000000,-0.02000000,7.712530350545e-5
evaluation,96e104bd3c72a85f,600,evaluation,33,17,74,0,0,-0.02000000,0.02000000,1.647211611271e-4
evaluation,96e104bd3c72a85f,600,evaluation,33,17,74,1,1,-0.01000000,0.01000000,8.415306365350e-5
evaluation,96e104bd3c72a85f,600,evaluation,34,18,73,0,0,-0.02000000,0.02000000,1.277029514313e-4
evaluation,96e104bd3c72a85f,600,evaluation,34,18,73,1,1,-0.01000000,0.01000000,6.908053910593e-5
evaluation,96e104bd3c72a85f,600,evaluation,35,19,72,0,0,-0.00500000,-0.02000000,3.948372977902e-5
evaluation,96e104bd3c72a85f,600,evaluation,35,19,72,1,1,0.00000000,-0.01000000,4.367716610432e-5
evaluation,96e104bd3c72a85f,600,evaluation,36,20,71,0,1,0.02000000,0.01000000,-3.998291867902e-5
evaluation,96e104bd3c72a85f,600,evaluation,36,20,71,1,0,0.01000000,0.02000000,-6.487593054771e-6
evaluation,96e104bd3c72a85f,600,evaluation,37,21,70,0,0,0.01000000,-0.02000000,1.139255891758e-5
evaluation,96e104bd3c72a85f,600,evaluation,37,21,70,1,1,0.00500000,-0.01000000,1.185822020489e-5
evaluation,96e104bd3c72a85f,600,evaluation,38,22,69,0,0,-0.02000000,0.02000000,-3.994634898845e-4
evaluation,96e104bd3c72a85f,600,evaluation,38,22,69,1,1,-0.01000000,0.01000000,-1.816973090172e-4
evaluation,96e104bd3c72a85f,600,evaluation,39,23,68,0,0,0.00000000,0.02000000,1.347996294498e-5
evaluation,96e104bd3c72a85f,600,evaluation,39,23,68,1,1,0.00500000,0.01000000,-3.698405998875e-5
evaluation,96e104bd3c72a85f,600,evaluation,40,24,67,0,1,0.02000000,0.01000000,8.094869554043e-5
evaluation,96e104bd3c72a85f,600,evaluation,40,24,67,1,0,0.01000000,0.02000000,5.082599818707e-5
evaluation,96e104bd3c72a85f,600,evaluation,41,25,66,0,1,-0.02000000,0.01000000,-1.187870930153e-5
evaluation,96e104bd3c72a85f,600,evaluation,41,25,66,1,0,-0.01000000,0.02000000,2.420631608402e-5
evaluation,96e104bd3c72a85f,600,evaluation,42,26,65,0,0,-0.02000000,-0.02000000,8.304292714456e-5
evaluation,96e104bd3c72a85f,600,evaluation,42,26,65,1,1,-0.01000000,-0.01000000,4.170772808720e-5
evaluation,96e104bd3c72a85f,600,evaluation,43,27,64,0,0,0.02000000,0.02000000,2.020349165832e-5
evaluation,96e104bd3c72a85f,600,evaluation,43,27,64,1,1,0.01000000,0.01000000,1.075739692169e-5
evaluation,96e104bd3c72a85f,600,evaluation,44,28,63,0,1,0.02000000,0.01000000,8.319814696733e-6
evaluation,96e104bd3c72a85f,600,evaluation,44,28,63,1,0,0.01000000,0.02000000,-3.331961852382e-5
evaluation,96e104bd3c72a85f,600,evaluation,45,29,62,0,1,0.02000000,-0.01000000,2.567445335444e-4
evaluation,96e104bd3c72a85f,600,evaluation,45,29,62,1,0,0.01000000,-0.02000000,3.468214126769e-4
evaluation,96e104bd3c72a85f,600,evaluation,46,30,61,0,1,-0.02000000,0.01000000,3.169023839291e-4
evaluation,96e104bd3c72a85f,600,evaluation,46,30,61,1,0,-0.01000000,0.02000000,2.645403146744e-4
evaluation,96e104bd3c72a85f,600,evaluation,47,31,60,0,0,0.02000000,0.02000000,-2.485141158104e-5
evaluation,96e104bd3c72a85f,600,evaluation,47,31,60,1,1,0.01000000,0.01000000,-1.174459885078e-5
evaluation,96e104bd3c72a85f,600,evaluation,48,32,59,0,0,-0.02000000,0.02000000,1.891609281301e-4
evaluation,96e104bd3c72a85f,600,evaluation,48,32,59,1,1,-0.01000000,0.01000000,9.577907621861e-5
evaluation,96e104bd3c72a85f,600,evaluation,49,33,58,0,1,-0.02000000,-0.00500000,5.157912892173e-5
evaluation,96e104bd3c72a85f,600,evaluation,49,33,58,1,0,-0.01000000,-0.01000000,1.117959618568e-5
evaluation,96e104bd3c72a85f,600,evaluation,50,34,57,0,0,0.02000000,-0.02000000,1.799855381250e-4
evaluation,96e104bd3c72a85f,600,evaluation,50,34,57,1,1,0.01000000,-0.01000000,9.054938709596e-5
evaluation,96e104bd3c72a85f,600,evaluation,51,35,56,0,0,-0.02000000,0.02000000,4.026728274766e-4
evaluation,96e104bd3c72a85f,600,evaluation,51,35,56,1,1,-0.01000000,0.01000000,2.368030400248e-4
evaluation,96e104bd3c72a85f,600,evaluation,52,36,55,0,1,0.02000000,-0.02000000,-2.144152967958e-4
evaluation,96e104bd3c72a85f,600,evaluation,52,36,55,1,0,0.01000000,0.00000000,-1.119201406254e-4
evaluation,96e104bd3c72a85f,600,evaluation,53,37,54,0,1,-0.02000000,-0.02000000,1.868226827355e-4
evaluation,96e104bd3c72a85f,600,evaluation,53,37,54,1,0,-0.01000000,0.00000000,9.458139538765e-5
evaluation,96e104bd3c72a85f,600,evaluation,54,38,53,0,1,-0.02000000,-0.02000000,-3.714548947755e-4
evaluation,96e104bd3c72a85f,600,evaluation,54,38,53,1,0,-0.01000000,0.00000000,-1.853921712609e-4
evaluation,96e104bd3c72a85f,600,evaluation,55,39,52,0,1,0.02000000,-0.02000000,4.336237907410e-6
evaluation,96e104bd3c72a85f,600,evaluation,55,39,52,1,0,0.01000000,0.00000000,1.528610823698e-6
evaluation,96e104bd3c72a85f,600,evaluation,56,40,51,0,0,0.00000000,0.00000000,0.000000000000e0
evaluation,96e104bd3c72a85f,600,evaluation,56,40,51,1,1,-0.02000000,-0.02000000,0.000000000000e0
evaluation,96e104bd3c72a85f,600,evaluation,57,41,50,0,1,0.00000000,-0.02000000,0.000000000000e0
evaluation,96e104bd3c72a85f,600,evaluation,57,41,50,1,0,-0.02000000,0.00000000,0.000000000000e0
evaluation,96e104bd3c72a85f,600,evaluation,58,42,49,0,0,0.00000000,0.00000000,0.000000000000e0
evaluation,96e104bd3c72a85f,600,evaluation,58,42,49,1,1,-0.02000000,-0.02000000,0.000000000000e0
evaluation,96e104bd3c72a85f,600,evaluation,59,43,48,0,1,0.00000000,-0.02000000,0.000000000000e0
evaluation,96e104bd3c72a85f,600,evaluation,59,43,48,1,0,-0.02000000,0.00000000,0.000000000000e0
evaluation,96e104bd3c72a85f,600,evaluation,60,44,47,0,0,0.00000000,0.00000000,0.000000000000e0
evaluation,96e104bd3c72a85f,600,evaluation,60,44,47,1,1,-0.02000000,-0.02000000,0.000000000000e0
evaluation,96e104bd3c72a85f,600,evaluation,61,45,46,0,0,0.00000000,0.00000000,0.000000000000e0
evaluation,96e104bd3c72a85f,600,evaluation,61,45,46,1,1,-0.02000000,-0.02000000,0.000000000000e0
evaluation,96e104bd3c72a85f,2400,development,1,63,61,0,1,0.02000000,-0.01000000,-1.361280097626e-3
evaluation,96e104bd3c72a85f,2400,development,1,63,61,1,0,0.01000000,-0.02000000,-1.250516623259e-3
evaluation,96e104bd3c72a85f,2400,development,2,64,60,0,1,-0.02000000,0.01000000,-4.159721356700e-5
evaluation,96e104bd3c72a85f,2400,development,2,64,60,1,0,-0.01000000,0.02000000,-1.509531139163e-4
evaluation,96e104bd3c72a85f,2400,development,3,65,59,0,1,0.02000000,0.01000000,-2.473269996699e-4
evaluation,96e104bd3c72a85f,2400,development,3,65,59,1,0,0.01000000,0.02000000,-5.327897961251e-4
evaluation,96e104bd3c72a85f,2400,development,4,66,58,0,1,-0.02000000,0.01000000,-1.836822630139e-4
evaluation,96e104bd3c72a85f,2400,development,4,66,58,1,0,-0.01000000,0.02000000,-2.666575310286e-4
evaluation,96e104bd3c72a85f,2400,development,5,67,57,0,1,-0.02000000,0.01000000,-1.166040674434e-4
evaluation,96e104bd3c72a85f,2400,development,5,67,57,1,0,-0.01000000,0.02000000,-5.188087743591e-5
evaluation,96e104bd3c72a85f,2400,development,6,68,56,0,0,0.02000000,-0.02000000,-3.061698225792e-4
evaluation,96e104bd3c72a85f,2400,development,6,68,56,1,1,0.01000000,-0.01000000,-1.507004053565e-4
evaluation,96e104bd3c72a85f,2400,development,7,69,55,0,1,-0.02000000,-0.02000000,1.034873203025e-4
evaluation,96e104bd3c72a85f,2400,development,7,69,55,1,0,-0.01000000,0.00000000,5.587190389633e-5
evaluation,96e104bd3c72a85f,2400,development,8,70,54,0,1,-0.02000000,-0.02000000,1.628305763006e-4
evaluation,96e104bd3c72a85f,2400,development,8,70,54,1,0,-0.01000000,0.00000000,8.180551230907e-5
evaluation,96e104bd3c72a85f,2400,development,9,71,53,0,1,-0.02000000,-0.02000000,-1.920908689499e-4
evaluation,96e104bd3c72a85f,2400,development,9,71,53,1,0,-0.01000000,0.00000000,-9.139316534856e-5
evaluation,96e104bd3c72a85f,2400,development,10,72,52,0,1,0.02000000,-0.02000000,-1.668116747169e-4
evaluation,96e104bd3c72a85f,2400,development,10,72,52,1,0,0.01000000,0.00000000,-8.238976442954e-5
evaluation,96e104bd3c72a85f,2400,development,11,73,51,0,0,-0.02000000,0.00000000,2.495261469448e-5
evaluation,96e104bd3c72a85f,2400,development,11,73,51,1,1,-0.01000000,-0.02000000,1.252939273400e-5
evaluation,96e104bd3c72a85f,2400,development,12,74,50,0,1,0.02000000,-0.02000000,1.780819147825e-4
evaluation,96e104bd3c72a85f,2400,development,12,74,50,1,0,0.01000000,0.00000000,8.949699258665e-5
evaluation,96e104bd3c72a85f,2400,development,13,75,49,0,0,-0.02000000,0.00000000,-2.108942717314e-4
evaluation,96e104bd3c72a85f,2400,development,13,75,49,1,1,-0.01000000,-0.02000000,-1.028043552651e-4
evaluation,96e104bd3c72a85f,2400,development,14,76,48,0,1,-0.02000000,-0.02000000,-7.321809971472e-5
evaluation,96e104bd3c72a85f,2400,development,14,76,48,1,0,-0.01000000,0.00000000,-3.627501428127e-5
evaluation,96e104bd3c72a85f,2400,development,15,77,47,0,0,0.02000000,-0.02000000,-7.487069815397e-4
evaluation,96e104bd3c72a85f,2400,development,15,77,47,1,1,0.01000000,-0.01000000,-3.572528657969e-4
evaluation,96e104bd3c72a85f,2400,development,16,78,46,0,1,-0.02000000,-0.01000000,-1.544672995806e-4
evaluation,96e104bd3c72a85f,2400,development,16,78,46,1,0,-0.01000000,-0.02000000,-5.023678022553e-5
evaluation,96e104bd3c72a85f,2400,development,17,79,45,0,0,0.02000000,-0.02000000,4.657568933908e-4
evaluation,96e104bd3c72a85f,2400,development,17,79,45,1,1,0.01000000,-0.01000000,2.539064735174e-4
evaluation,96e104bd3c72a85f,2400,development,18,80,44,0,1,0.00000000,-0.01000000,-2.816816231643e-5
evaluation,96e104bd3c72a85f,2400,development,18,80,44,1,0,-0.02000000,-0.02000000,-5.641393363476e-5
evaluation,96e104bd3c72a85f,2400,development,19,81,43,0,0,0.00000000,-0.02000000,-1.678398548393e-4
evaluation,96e104bd3c72a85f,2400,development,19,81,43,1,1,-0.02000000,-0.01000000,-8.350921416422e-5
evaluation,96e104bd3c72a85f,2400,development,20,82,42,0,1,0.00000000,0.01000000,5.180637162994e-5
evaluation,96e104bd3c72a85f,2400,development,20,82,42,1,0,-0.02000000,0.02000000,1.034233719110e-4
evaluation,96e104bd3c72a85f,2400,development,21,83,41,0,1,0.00000000,-0.01000000,-7.052595265122e-6
evaluation,96e104bd3c72a85f,2400,development,21,83,41,1,0,-0.02000000,-0.02000000,-1.411947141605e-5
evaluation,96e104bd3c72a85f,2400,development,22,84,40,0,1,0.00000000,-0.01000000,2.284410038556e-5
evaluation,96e104bd3c72a85f,2400,development,22,84,40,1,0,-0.02000000,-0.02000000,4.559693115880e-5
evaluation,96e104bd3c72a85f,2400,development,23,85,39,0,1,0.00000000,0.01000000,1.422079949407e-4
evaluation,96e104bd3c72a85f,2400,development,23,85,39,1,0,-0.02000000,0.02000000,1.895651221275e-4
evaluation,96e104bd3c72a85f,2400,development,24,86,38,0,0,0.00000000,-0.02000000,-5.186467315070e-4
evaluation,96e104bd3c72a85f,2400,development,24,86,38,1,1,-0.02000000,-0.01000000,-2.549625933170e-4
evaluation,96e104bd3c72a85f,2400,development,25,87,37,0,0,0.00000000,0.02000000,-4.673122020904e-4
evaluation,96e104bd3c72a85f,2400,development,25,87,37,1,1,-0.02000000,0.01000000,-2.171539963456e-4
evaluation,96e104bd3c72a85f,2400,development,26,88,36,0,1,0.02000000,-0.01000000,1.856125891209e-4
evaluation,96e104bd3c72a85f,2400,development,26,88,36,1,0,0.01000000,-0.02000000,5.401049929787e-5
evaluation,96e104bd3c72a85f,2400,development,27,89,35,0,0,-0.02000000,-0.02000000,-4.681578429881e-4
evaluation,96e104bd3c72a85f,2400,development,27,89,35,1,1,-0.01000000,-0.01000000,-1.886257232400e-4
evaluation,96e104bd3c72a85f,2400,development,28,90,34,0,0,-0.02000000,0.02000000,-2.226189972134e-4
evaluation,96e104bd3c72a85f,2400,development,28,90,34,1,1,-0.01000000,0.01000000,-1.066035256372e-4
evaluation,96e104bd3c72a85f,2400,development,29,91,33,0,1,0.00000000,-0.01000000,3.028785249626e-5
evaluation,96e104bd3c72a85f,2400,development,29,91,33,1,0,-0.02000000,-0.02000000,6.036770719220e-5
evaluation,96e104bd3c72a85f,2400,development,30,92,32,0,1,0.02000000,0.01000000,-5.642535979860e-4
evaluation,96e104bd3c72a85f,2400,development,30,92,32,1,0,0.01000000,0.02000000,-3.660401853267e-4
evaluation,96e104bd3c72a85f,2400,development,31,93,31,0,1,-0.02000000,0.01000000,-2.167585043935e-4
evaluation,96e104bd3c72a85f,2400,development,31,93,31,1,0,-0.01000000,0.02000000,-2.248324453831e-4
evaluation,96e104bd3c72a85f,2400,development,32,94,30,0,1,-0.02000000,0.01000000,-5.081302369945e-4
evaluation,96e104bd3c72a85f,2400,development,32,94,30,1,0,-0.01000000,0.02000000,-5.787815898657e-4
evaluation,96e104bd3c72a85f,2400,development,33,95,29,0,0,0.00000000,0.00000000,0.000000000000e0
evaluation,96e104bd3c72a85f,2400,development,33,95,29,1,1,-0.02000000,-0.02000000,4.803141109733e-6
evaluation,96e104bd3c72a85f,2400,development,34,96,28,0,1,-0.02000000,0.01000000,2.332441508770e-4
evaluation,96e104bd3c72a85f,2400,development,34,96,28,1,0,-0.01000000,0.02000000,1.392588019371e-4
evaluation,96e104bd3c72a85f,2400,development,35,97,27,0,0,-0.02000000,0.02000000,-2.938999386970e-4
evaluation,96e104bd3c72a85f,2400,development,35,97,27,1,1,-0.01000000,0.01000000,-1.359681336908e-4
evaluation,96e104bd3c72a85f,2400,development,36,98,26,0,0,-0.02000000,0.02000000,-3.299241361674e-4
evaluation,96e104bd3c72a85f,2400,development,36,98,26,1,1,-0.01000000,0.01000000,-1.644088624744e-4
evaluation,96e104bd3c72a85f,2400,development,37,99,25,0,1,0.00000000,0.01000000,2.862513065338e-5
evaluation,96e104bd3c72a85f,2400,development,37,99,25,1,0,-0.02000000,0.02000000,5.711677295039e-5
evaluation,96e104bd3c72a85f,2400,development,39,101,23,0,0,-0.02000000,-0.02000000,-1.089627505280e-3
evaluation,96e104bd3c72a85f,2400,development,39,101,23,1,1,-0.01000000,-0.01000000,-4.457558097783e-4
evaluation,96e104bd3c72a85f,2400,development,40,102,22,0,0,-0.02000000,-0.02000000,-8.708381210454e-4
evaluation,96e104bd3c72a85f,2400,development,40,102,22,1,1,-0.01000000,-0.01000000,-3.530333342496e-4
evaluation,96e104bd3c72a85f,2400,development,41,103,21,0,1,0.00000000,0.00000000,0.000000000000e0
evaluation,96e104bd3c72a85f,2400,development,41,103,21,1,0,-0.02000000,-0.00500000,1.191347837448e-4
evaluation,96e104bd3c72a85f,2400,development,42,104,20,0,0,-0.02000000,0.02000000,-1.971789897652e-4
evaluation,96e104bd3c72a85f,2400,development,42,104,20,1,1,-0.01000000,0.01000000,-2.995878458023e-5
evaluation,96e104bd3c72a85f,2400,development,43,105,19,0,0,0.02000000,0.02000000,-1.524661929579e-4
evaluation,96e104bd3c72a85f,2400,development,43,105,19,1,1,0.01000000,0.01000000,-4.777498543262e-5
evaluation,96e104bd3c72a85f,2400,development,44,106,18,0,0,0.02000000,-0.02000000,1.385118812323e-4
evaluation,96e104bd3c72a85f,2400,development,44,106,18,1,1,0.01000000,-0.01000000,8.852966129780e-5
evaluation,96e104bd3c72a85f,2400,development,45,107,17,0,1,0.00000000,0.01000000,-9.224129462382e-5
evaluation,96e104bd3c72a85f,2400,development,45,107,17,1,0,-0.02000000,0.02000000,-2.146568149328e-4
evaluation,96e104bd3c72a85f,2400,development,46,108,16,0,1,0.02000000,0.02000000,-1.031272113323e-4
evaluation,96e104bd3c72a85f,2400,development,46,108,16,1,0,0.01000000,0.01000000,-3.111548721790e-5
evaluation,96e104bd3c72a85f,2400,development,47,109,15,0,0,-0.02000000,-0.02000000,9.488239884377e-4
evaluation,96e104bd3c72a85f,2400,development,47,109,15,1,1,-0.01000000,-0.01000000,5.038846284151e-4
evaluation,96e104bd3c72a85f,2400,development,48,110,14,0,0,0.02000000,0.02000000,1.497657969594e-3
evaluation,96e104bd3c72a85f,2400,development,48,110,14,1,1,0.01000000,0.01000000,8.068867027760e-4
evaluation,96e104bd3c72a85f,2400,development,49,111,13,0,0,0.00000000,0.02000000,-4.152655601501e-4
evaluation,96e104bd3c72a85f,2400,development,49,111,13,1,1,-0.02000000,0.01000000,-1.890789717436e-4
evaluation,96e104bd3c72a85f,2400,development,50,112,12,0,0,0.02000000,0.02000000,-4.828845339944e-5
evaluation,96e104bd3c72a85f,2400,development,50,112,12,1,1,0.01000000,0.01000000,-1.590698957443e-6
evaluation,96e104bd3c72a85f,2400,development,51,113,11,0,1,-0.02000000,0.01000000,7.261565770023e-4
evaluation,96e104bd3c72a85f,2400,development,51,113,11,1,0,-0.01000000,0.02000000,6.720355595462e-4
evaluation,96e104bd3c72a85f,2400,development,52,114,10,0,1,-0.02000000,-0.01000000,-1.341470779153e-4
evaluation,96e104bd3c72a85f,2400,development,52,114,10,1,0,-0.01000000,-0.02000000,-4.199451359455e-4
evaluation,96e104bd3c72a85f,2400,development,53,115,9,0,1,0.00000000,-0.01000000,-1.227365137311e-4
evaluation,96e104bd3c72a85f,2400,development,53,115,9,1,0,-0.02000000,-0.02000000,-2.769287675619e-4
evaluation,96e104bd3c72a85f,2400,development,54,116,8,0,1,0.02000000,0.01000000,3.394732775632e-4
evaluation,96e104bd3c72a85f,2400,development,54,116,8,1,0,0.01000000,0.02000000,4.994496703148e-5
evaluation,96e104bd3c72a85f,2400,development,55,117,7,0,1,0.02000000,-0.01000000,4.358589649200e-7
evaluation,96e104bd3c72a85f,2400,development,55,117,7,1,0,0.01000000,-0.02000000,-1.388086675433e-4
evaluation,96e104bd3c72a85f,2400,development,56,118,6,0,0,0.02000000,-0.02000000,-2.114338130923e-4
evaluation,96e104bd3c72a85f,2400,development,56,118,6,1,1,0.01000000,-0.01000000,-9.884002065519e-5
evaluation,96e104bd3c72a85f,2400,development,57,119,5,0,1,0.00000000,-0.01000000,-6.528012454510e-5
evaluation,96e104bd3c72a85f,2400,development,57,119,5,1,0,-0.02000000,-0.02000000,-1.488507987233e-4
evaluation,96e104bd3c72a85f,2400,development,58,120,4,0,0,-0.02000000,0.02000000,-3.131230550935e-5
evaluation,96e104bd3c72a85f,2400,development,58,120,4,1,1,-0.01000000,0.01000000,7.649883627892e-6
evaluation,96e104bd3c72a85f,2400,development,59,121,3,0,0,0.02000000,-0.02000000,-2.908656897489e-4
evaluation,96e104bd3c72a85f,2400,development,59,121,3,1,1,0.01000000,-0.01000000,-1.315958797932e-4
evaluation,96e104bd3c72a85f,2400,development,60,122,2,0,0,0.02000000,0.02000000,-2.201646566391e-4
evaluation,96e104bd3c72a85f,2400,development,60,122,2,1,1,0.01000000,0.01000000,-1.021257266984e-4
evaluation,96e104bd3c72a85f,2400,development,61,0,1,0,0,-0.02000000,0.02000000,1.193651332869e-4
evaluation,96e104bd3c72a85f,2400,development,61,0,1,1,1,-0.01000000,0.01000000,7.062839722494e-5
evaluation,96e104bd3c72a85f,2400,evaluation,1,63,61,0,0,0.02000000,-0.02000000,-1.720142201521e-3
evaluation,96e104bd3c72a85f,2400,evaluation,1,63,61,1,1,0.01000000,-0.01000000,-8.381400257349e-4
evaluation,96e104bd3c72a85f,2400,evaluation,2,64,60,0,0,-0.02000000,0.02000000,-1.290800719289e-4
evaluation,96e104bd3c72a85f,2400,evaluation,2,64,60,1,1,-0.01000000,0.01000000,-6.348019087454e-5
evaluation,96e104bd3c72a85f,2400,evaluation,3,65,59,0,0,0.02000000,0.02000000,-5.252721603028e-4
evaluation,96e104bd3c72a85f,2400,evaluation,3,65,59,1,1,0.01000000,0.01000000,-2.547701296862e-4
evaluation,96e104bd3c72a85f,2400,evaluation,4,66,58,0,0,-0.02000000,0.02000000,-3.015305846930e-4
evaluation,96e104bd3c72a85f,2400,evaluation,4,66,58,1,1,-0.01000000,0.01000000,-1.491109578637e-4
evaluation,96e104bd3c72a85f,2400,evaluation,5,67,57,0,0,-0.02000000,0.02000000,-1.127508803620e-4
evaluation,96e104bd3c72a85f,2400,evaluation,5,67,57,1,1,-0.01000000,0.01000000,-5.580298602581e-5
evaluation,96e104bd3c72a85f,2400,evaluation,6,68,56,0,1,0.02000000,-0.01000000,-1.314121036557e-4
evaluation,96e104bd3c72a85f,2400,evaluation,6,68,56,1,0,0.01000000,-0.02000000,-3.254456969444e-4
evaluation,96e104bd3c72a85f,2400,evaluation,7,69,55,0,0,-0.02000000,0.00000000,1.034873203025e-4
evaluation,96e104bd3c72a85f,2400,evaluation,7,69,55,1,1,-0.01000000,-0.02000000,5.587190389633e-5
evaluation,96e104bd3c72a85f,2400,evaluation,8,70,54,0,0,-0.02000000,0.00000000,1.628305763006e-4
evaluation,96e104bd3c72a85f,2400,evaluation,8,70,54,1,1,-0.01000000,-0.02000000,8.180551230907e-5
evaluation,96e104bd3c72a85f,2400,evaluation,9,71,53,0,0,-0.02000000,0.00000000,-1.920908689499e-4
evaluation,96e104bd3c72a85f,2400,evaluation,9,71,53,1,1,-0.01000000,-0.02000000,-9.139316534856e-5
evaluation,96e104bd3c72a85f,2400,evaluation,10,72,52,0,0,0.02000000,0.00000000,-1.668116747169e-4
evaluation,96e104bd3c72a85f,2400,evaluation,10,72,52,1,1,0.01000000,-0.02000000,-8.238976442954e-5
evaluation,96e104bd3c72a85f,2400,evaluation,11,73,51,0,1,-0.02000000,-0.02000000,2.495261469448e-5
evaluation,96e104bd3c72a85f,2400,evaluation,11,73,51,1,0,-0.01000000,0.00000000,1.252939273400e-5
evaluation,96e104bd3c72a85f,2400,evaluation,12,74,50,0,0,0.02000000,0.00000000,1.780819147825e-4
evaluation,96e104bd3c72a85f,2400,evaluation,12,74,50,1,1,0.01000000,-0.02000000,8.949699258665e-5
evaluation,96e104bd3c72a85f,2400,evaluation,13,75,49,0,1,-0.02000000,-0.02000000,-2.108942717314e-4
evaluation,96e104bd3c72a85f,2400,evaluation,13,75,49,1,0,-0.01000000,0.00000000,-1.028043552651e-4
evaluation,96e104bd3c72a85f,2400,evaluation,14,76,48,0,0,-0.02000000,0.00000000,-7.321809971472e-5
evaluation,96e104bd3c72a85f,2400,evaluation,14,76,48,1,1,-0.01000000,-0.02000000,-3.627501428127e-5
evaluation,96e104bd3c72a85f,2400,evaluation,15,77,47,0,1,0.02000000,-0.01000000,-5.722157657146e-4
evaluation,96e104bd3c72a85f,2400,evaluation,15,77,47,1,0,0.01000000,-0.02000000,-5.373439635150e-4
evaluation,96e104bd3c72a85f,2400,evaluation,16,78,46,0,0,-0.02000000,-0.02000000,-1.404571085004e-4
evaluation,96e104bd3c72a85f,2400,evaluation,16,78,46,1,1,-0.01000000,-0.01000000,-6.453258538386e-5
evaluation,96e104bd3c72a85f,2400,evaluation,17,79,45,0,1,0.02000000,-0.01000000,4.065136017743e-4
evaluation,96e104bd3c72a85f,2400,evaluation,17,79,45,1,0,0.01000000,-0.02000000,3.093040140811e-4
evaluation,96e104bd3c72a85f,2400,evaluation,18,80,44,0,0,0.00000000,-0.02000000,-5.641393363476e-5
evaluation,96e104bd3c72a85f,2400,evaluation,18,80,44,1,1,-0.02000000,-0.01000000,-2.816816231643e-5
evaluation,96e104bd3c72a85f,2400,evaluation,19,81,43,0,1,0.00000000,-0.01000000,-8.350921416422e-5
evaluation,96e104bd3c72a85f,2400,evaluation,19,81,43,1,0,-0.02000000,-0.02000000,-1.678398548393e-4
evaluation,96e104bd3c72a85f,2400,evaluation,20,82,42,0,0,0.00000000,0.02000000,1.034233719110e-4
evaluation,96e104bd3c72a85f,2400,evaluation,20,82,42,1,1,-0.02000000,0.01000000,5.180637162994e-5
evaluation,96e104bd3c72a85f,2400,evaluation,21,83,41,0,0,0.00000000,-0.02000000,-1.411947141605e-5
evaluation,96e104bd3c72a85f,2400,evaluation,21,83,41,1,1,-0.02000000,-0.01000000,-7.052595265122e-6
evaluation,96e104bd3c72a85f,2400,evaluation,22,84,40,0,0,0.00000000,-0.02000000,4.559693115880e-5
evaluation,96e104bd3c72a85f,2400,evaluation,22,84,40,1,1,-0.02000000,-0.01000000,2.284410038556e-5
evaluation,96e104bd3c72a85f,2400,evaluation,23,85,39,0,0,0.00000000,0.02000000,1.895651221275e-4
evaluation,96e104bd3c72a85f,2400,evaluation,23,85,39,1,1,-0.02000000,0.01000000,1.422079949407e-4
evaluation,96e104bd3c72a85f,2400,evaluation,24,86,38,0,1,0.00000000,-0.01000000,-2.549625933170e-4
evaluation,96e104bd3c72a85f,2400,evaluation,24,86,38,1,0,-0.02000000,-0.02000000,-5.186467315070e-4
evaluation,96e104bd3c72a85f,2400,evaluation,25,87,37,0,1,0.00000000,0.01000000,-2.171539963456e-4
evaluation,96e104bd3c72a85f,2400,evaluation,25,87,37,1,0,-0.02000000,0.02000000,-4.673122020904e-4
evaluation,96e104bd3c72a85f,2400,evaluation,26,88,36,0,0,0.02000000,-0.02000000,1.493257732363e-4
evaluation,96e104bd3c72a85f,2400,evaluation,26,88,36,1,1,0.01000000,-0.01000000,8.731459820410e-5
evaluation,96e104bd3c72a85f,2400,evaluation,27,89,35,0,1,-0.02000000,-0.01000000,-3.547339292709e-4
evaluation,96e104bd3c72a85f,2400,evaluation,27,89,35,1,0,-0.01000000,-0.02000000,-2.847661671694e-4
evaluation,96e104bd3c72a85f,2400,evaluation,28,90,34,0,1,-0.02000000,0.01000000,-2.914071083069e-4
evaluation,96e104bd3c72a85f,2400,evaluation,28,90,34,1,0,-0.01000000,0.02000000,-3.840153294732e-5
evaluation,96e104bd3c72a85f,2400,evaluation,29,91,33,0,0,0.00000000,-0.02000000,6.036770719220e-5
evaluation,96e104bd3c72a85f,2400,evaluation,29,91,33,1,1,-0.02000000,-0.01000000,3.028785249626e-5
evaluation,96e104bd3c72a85f,2400,evaluation,30,92,32,0,0,0.02000000,0.02000000,-6.416539545171e-4
evaluation,96e104bd3c72a85f,2400,evaluation,30,92,32,1,1,0.01000000,0.01000000,-2.815214393195e-4
evaluation,96e104bd3c72a85f,2400,evaluation,31,93,31,0,0,-0.02000000,0.02000000,-2.988024207298e-4
evaluation,96e104bd3c72a85f,2400,evaluation,31,93,31,1,1,-0.01000000,0.01000000,-1.432448625565e-4
evaluation,96e104bd3c72a85f,2400,evaluation,32,94,30,0,0,-0.02000000,0.02000000,-7.449177210219e-4
evaluation,96e104bd3c72a85f,2400,evaluation,32,94,30,1,1,-0.01000000,0.01000000,-3.479415026959e-4
evaluation,96e104bd3c72a85f,2400,evaluation,33,95,29,0,1,0.00000000,-0.02000000,4.803141109733e-6
evaluation,96e104bd3c72a85f,2400,evaluation,33,95,29,1,0,-0.02000000,0.00000000,0.000000000000e0
evaluation,96e104bd3c72a85f,2400,evaluation,34,96,28,0,0,-0.02000000,0.02000000,2.465564757586e-4
evaluation,96e104bd3c72a85f,2400,evaluation,34,96,28,1,1,-0.01000000,0.01000000,1.252554357052e-4
evaluation,96e104bd3c72a85f,2400,evaluation,35,97,27,0,1,-0.02000000,0.01000000,-3.157102910336e-4
evaluation,96e104bd3c72a85f,2400,evaluation,35,97,27,1,0,-0.01000000,0.02000000,-1.130091623054e-4
evaluation,96e104bd3c72a85f,2400,evaluation,36,98,26,0,1,-0.02000000,0.01000000,-3.386052849237e-4
evaluation,96e104bd3c72a85f,2400,evaluation,36,98,26,1,0,-0.01000000,0.02000000,-1.556525676278e-4
evaluation,96e104bd3c72a85f,2400,evaluation,37,99,25,0,0,0.00000000,0.02000000,5.711677295039e-5
evaluation,96e104bd3c72a85f,2400,evaluation,37,99,25,1,1,-0.02000000,0.01000000,2.862513065338e-5
evaluation,96e104bd3c72a85f,2400,evaluation,39,101,23,0,1,-0.02000000,-0.01000000,-5.325681413524e-4
evaluation,96e104bd3c72a85f,2400,evaluation,39,101,23,1,0,-0.01000000,-0.02000000,-9.963344782591e-4
evaluation,96e104bd3c72a85f,2400,evaluation,40,102,22,0,1,-0.02000000,-0.01000000,-6.435364484787e-4
evaluation,96e104bd3c72a85f,2400,evaluation,40,102,22,1,0,-0.01000000,-0.02000000,-5.707883392461e-4
evaluation,96e104bd3c72a85f,2400,evaluation,41,103,21,0,0,0.00000000,-0.00500000,1.191347837448e-4
evaluation,96e104bd3c72a85f,2400,evaluation,41,103,21,1,1,-0.02000000,0.00000000,0.000000000000e0
evaluation,96e104bd3c72a85f,2400,evaluation,42,104,20,0,1,-0.02000000,0.01000000,3.297564762761e-5
evaluation,96e104bd3c72a85f,2400,evaluation,42,104,20,1,0,-0.01000000,0.02000000,-2.579670399427e-4
evaluation,96e104bd3c72a85f,2400,evaluation,43,105,19,0,1,0.02000000,0.01000000,9.622424840927e-6
evaluation,96e104bd3c72a85f,2400,evaluation,43,105,19,1,0,0.01000000,0.02000000,-2.130046486855e-4
evaluation,96e104bd3c72a85f,2400,evaluation,44,106,18,0,1,0.02000000,-0.01000000,-5.753773075412e-5
evaluation,96e104bd3c72a85f,2400,evaluation,44,106,18,1,0,0.01000000,-0.02000000,2.852628531400e-4
evaluation,96e104bd3c72a85f,2400,evaluation,45,107,17,0,0,0.00000000,0.02000000,-2.146568149328e-4
evaluation,96e104bd3c72a85f,2400,evaluation,45,107,17,1,1,-0.02000000,0.01000000,-9.224129462382e-5
evaluation,96e104bd3c72a85f,2400,evaluation,46,108,16,0,0,0.02000000,0.01000000,4.536348205875e-5
evaluation,96e104bd3c72a85f,2400,evaluation,46,108,16,1,1,0.01000000,0.02000000,-1.873790024547e-4
evaluation,96e104bd3c72a85f,2400,evaluation,47,109,15,0,1,-0.02000000,-0.01000000,6.241090595722e-4
evaluation,96e104bd3c72a85f,2400,evaluation,47,109,15,1,0,-0.01000000,-0.02000000,8.272019331343e-4
evaluation,96e104bd3c72a85f,2400,evaluation,48,110,14,0,1,0.02000000,0.01000000,7.159330998547e-4
evaluation,96e104bd3c72a85f,2400,evaluation,48,110,14,1,0,0.01000000,0.02000000,1.591371954419e-3
evaluation,96e104bd3c72a85f,2400,evaluation,49,111,13,0,1,0.00000000,0.01000000,-1.890789717436e-4
evaluation,96e104bd3c72a85f,2400,evaluation,49,111,13,1,0,-0.02000000,0.02000000,-4.152655601501e-4
evaluation,96e104bd3c72a85f,2400,evaluation,50,112,12,0,1,0.02000000,0.01000000,1.731676311465e-4
evaluation,96e104bd3c72a85f,2400,evaluation,50,112,12,1,0,0.01000000,0.02000000,-2.207234501839e-4
evaluation,96e104bd3c72a85f,2400,evaluation,51,113,11,0,0,-0.02000000,0.02000000,9.233721648343e-4
evaluation,96e104bd3c72a85f,2400,evaluation,51,113,11,1,1,-0.01000000,0.01000000,4.870450648014e-4
evaluation,96e104bd3c72a85f,2400,evaluation,52,114,10,0,0,-0.02000000,-0.02000000,-3.938420268241e-4
evaluation,96e104bd3c72a85f,2400,evaluation,52,114,10,1,1,-0.01000000,-0.01000000,-1.614745706320e-4
evaluation,96e104bd3c72a85f,2400,evaluation,53,115,9,0,0,0.00000000,-0.02000000,-2.769287675619e-4
evaluation,96e104bd3c72a85f,2400,evaluation,53,115,9,1,1,-0.02000000,-0.01000000,-1.227365137311e-4
evaluation,96e104bd3c72a85f,2400,evaluation,54,116,8,0,0,0.02000000,0.02000000,2.388830034761e-4
evaluation,96e104bd3c72a85f,2400,evaluation,54,116,8,1,1,0.01000000,0.01000000,1.437067985535e-4
evaluation,96e104bd3c72a85f,2400,evaluation,55,117,7,0,0,0.02000000,-0.02000000,-1.000401898636e-4
evaluation,96e104bd3c72a85f,2400,evaluation,55,117,7,1,1,0.01000000,-0.01000000,-3.932851177524e-5
evaluation,96e104bd3c72a85f,2400,evaluation,56,118,6,0,1,0.02000000,-0.01000000,-2.953248622362e-4
evaluation,96e104bd3c72a85f,2400,evaluation,56,118,6,1,0,0.01000000,-0.02000000,-1.799004712666e-5
evaluation,96e104bd3c72a85f,2400,evaluation,57,119,5,0,0,0.00000000,-0.02000000,-1.488507987233e-4
evaluation,96e104bd3c72a85f,2400,evaluation,57,119,5,1,1,-0.02000000,-0.01000000,-6.528012454510e-5
evaluation,96e104bd3c72a85f,2400,evaluation,58,120,4,0,1,-0.02000000,0.01000000,-1.548758446006e-4
evaluation,96e104bd3c72a85f,2400,evaluation,58,120,4,1,0,-0.01000000,0.02000000,1.357545406790e-4
evaluation,96e104bd3c72a85f,2400,evaluation,59,121,3,0,1,0.02000000,-0.01000000,-3.029828367289e-4
evaluation,96e104bd3c72a85f,2400,evaluation,59,121,3,1,0,0.01000000,-0.02000000,-1.202312632813e-4
evaluation,96e104bd3c72a85f,2400,evaluation,60,122,2,0,1,0.02000000,0.01000000,-1.198581085191e-4
evaluation,96e104bd3c72a85f,2400,evaluation,60,122,2,1,0,0.01000000,0.02000000,-2.006764261751e-4
evaluation,96e104bd3c72a85f,2400,evaluation,61,0,1,0,1,-0.02000000,0.01000000,-1.705375871097e-5
evaluation,96e104bd3c72a85f,2400,evaluation,61,0,1,1,0,-0.01000000,0.02000000,2.033095806837e-4
evaluation,96e104bd3c72a85f,4200,development,1,18,16,0,1,-0.02000000,0.01000000,-8.240851457231e-4
evaluation,96e104bd3c72a85f,4200,development,1,18,16,1,0,-0.01000000,0.02000000,-1.631334424019e-3
evaluation,96e104bd3c72a85f,4200,development,2,19,15,0,0,-0.02000000,-0.02000000,-7.991679012775e-4
evaluation,96e104bd3c72a85f,4200,development,2,19,15,1,1,-0.01000000,-0.01000000,-3.427024930716e-4
evaluation,96e104bd3c72a85f,4200,development,3,20,14,0,1,-0.02000000,0.01000000,4.720501601696e-5
evaluation,96e104bd3c72a85f,4200,development,3,20,14,1,0,-0.01000000,0.02000000,3.063920885324e-4
evaluation,96e104bd3c72a85f,4200,development,5,22,12,0,1,0.02000000,0.01000000,-1.202927902341e-3
evaluation,96e104bd3c72a85f,4200,development,5,22,12,1,0,0.01000000,0.02000000,-1.256465911865e-4
evaluation,96e104bd3c72a85f,4200,development,7,24,10,0,0,0.02000000,-0.02000000,1.072544604540e-3
evaluation,96e104bd3c72a85f,4200,development,7,24,10,1,1,0.01000000,-0.01000000,5.964376032352e-4
evaluation,96e104bd3c72a85f,4200,development,8,25,9,0,0,-0.02000000,0.02000000,-4.999997909181e-4
evaluation,96e104bd3c72a85f,4200,development,8,25,9,1,1,-0.01000000,0.01000000,-2.284285874339e-4
evaluation,96e104bd3c72a85f,4200,development,9,26,8,0,0,-0.02000000,-0.02000000,-3.704925256898e-5
evaluation,96e104bd3c72a85f,4200,development,9,26,8,1,1,-0.01000000,-0.01000000,-1.362711191177e-5
evaluation,96e104bd3c72a85f,4200,development,10,27,7,0,0,-0.02000000,0.02000000,-7.774171535857e-4
evaluation,96e104bd3c72a85f,4200,development,10,27,7,1,1,-0.01000000,0.01000000,-3.789657203015e-4
evaluation,96e104bd3c72a85f,4200,development,11,28,6,0,1,-0.02000000,-0.01000000,-1.193005591631e-4
evaluation,96e104bd3c72a85f,4200,development,11,28,6,1,0,-0.01000000,-0.02000000,-4.697156327893e-5
evaluation,96e104bd3c72a85f,4200,development,12,29,5,0,0,0.02000000,-0.02000000,-4.773288965225e-4
evaluation,96e104bd3c72a85f,4200,development,12,29,5,1,1,0.01000000,-0.01000000,-2.213455736637e-4
evaluation,96e104bd3c72a85f,4200,development,13,30,4,0,1,-0.02000000,0.01000000,-2.099772245856e-4
evaluation,96e104bd3c72a85f,4200,development,13,30,4,1,0,-0.01000000,0.02000000,6.005043906043e-5
evaluation,96e104bd3c72a85f,4200,development,14,31,3,0,1,0.02000000,0.01000000,-1.860813499661e-4
evaluation,96e104bd3c72a85f,4200,development,14,31,3,1,0,0.01000000,0.02000000,-4.920226638205e-4
evaluation,96e104bd3c72a85f,4200,development,15,32,2,0,1,0.02000000,-0.01000000,3.765920700971e-4
evaluation,96e104bd3c72a85f,4200,development,15,32,2,1,0,0.01000000,-0.02000000,7.995093619684e-5
evaluation,96e104bd3c72a85f,4200,development,16,33,1,0,0,0.02000000,0.02000000,-5.650743842125e-4
evaluation,96e104bd3c72a85f,4200,development,16,33,1,1,1,0.01000000,0.01000000,-2.661434409674e-4
evaluation,96e104bd3c72a85f,4200,development,17,34,0,0,1,0.02000000,-0.01000000,3.032138047274e-4
evaluation,96e104bd3c72a85f,4200,development,17,34,0,1,0,0.01000000,-0.02000000,4.081527295057e-4
evaluation,96e104bd3c72a85f,4200,development,18,35,122,0,0,0.02000000,-0.02000000,2.737219074334e-5
evaluation,96e104bd3c72a85f,4200,development,18,35,122,1,1,0.01000000,-0.01000000,3.193318843842e-5
evaluation,96e104bd3c72a85f,4200,development,19,36,121,0,1,0.02000000,0.01000000,3.254910188843e-5
evaluation,96e104bd3c72a85f,4200,development,19,36,121,1,0,0.01000000,0.02000000,6.584078073502e-5
evaluation,96e104bd3c72a85f,4200,development,20,37,120,0,1,0.02000000,-0.01000000,6.526944343932e-4
evaluation,96e104bd3c72a85f,4200,development,20,37,120,1,0,0.01000000,-0.02000000,3.727786242962e-4
evaluation,96e104bd3c72a85f,4200,development,21,38,119,0,0,0.02000000,0.00000000,-1.601241528988e-4
evaluation,96e104bd3c72a85f,4200,development,21,38,119,1,1,0.01000000,-0.02000000,-7.423882925650e-5
evaluation,96e104bd3c72a85f,4200,development,22,39,118,0,1,0.02000000,-0.01000000,1.618866459467e-3
evaluation,96e104bd3c72a85f,4200,development,22,39,118,1,0,0.01000000,-0.02000000,1.190009177662e-3
evaluation,96e104bd3c72a85f,4200,development,23,40,117,0,1,-0.02000000,-0.01000000,3.593539076974e-5
evaluation,96e104bd3c72a85f,4200,development,23,40,117,1,0,-0.01000000,-0.02000000,-7.667144382140e-5
evaluation,96e104bd3c72a85f,4200,development,24,41,116,0,0,-0.02000000,-0.02000000,7.963056123117e-5
evaluation,96e104bd3c72a85f,4200,development,24,41,116,1,1,-0.01000000,-0.01000000,5.586817860603e-5
evaluation,96e104bd3c72a85f,4200,development,25,42,115,0,1,-0.02000000,-0.02000000,-8.225440979004e-5
evaluation,96e104bd3c72a85f,4200,development,25,42,115,1,0,-0.01000000,0.00000000,-4.087761044502e-5
evaluation,96e104bd3c72a85f,4200,development,26,43,114,0,1,-0.02000000,-0.01000000,-9.445101022720e-5
evaluation,96e104bd3c72a85f,4200,development,26,43,114,1,0,-0.01000000,-0.02000000,-6.981504702708e-5
evaluation,96e104bd3c72a85f,4200,development,27,44,113,0,1,-0.02000000,-0.01000000,1.106200143113e-4
evaluation,96e104bd3c72a85f,4200,development,27,44,113,1,0,-0.01000000,-0.02000000,2.520543930586e-4
evaluation,96e104bd3c72a85f,4200,development,28,45,112,0,1,-0.02000000,-0.01000000,5.792826414108e-6
evaluation,96e104bd3c72a85f,4200,development,28,45,112,1,0,-0.01000000,-0.02000000,-2.342425286770e-4
evaluation,96e104bd3c72a85f,4200,development,29,46,111,0,0,-0.02000000,0.00000000,1.276036073250e-5
evaluation,96e104bd3c72a85f,4200,development,29,46,111,1,1,-0.01000000,-0.02000000,1.331170369667e-5
evaluation,96e104bd3c72a85f,4200,development,30,47,110,0,1,-0.02000000,0.01000000,-1.095663756132e-4
evaluation,96e104bd3c72a85f,4200,development,30,47,110,1,0,-0.01000000,0.02000000,4.140039163758e-5
evaluation,96e104bd3c72a85f,4200,development,31,48,109,0,1,0.00000000,0.01000000,-1.507885754108e-4
evaluation,96e104bd3c72a85f,4200,development,31,48,109,1,0,-0.02000000,0.02000000,-3.024501202162e-4
evaluation,96e104bd3c72a85f,4200,development,32,49,108,0,0,0.00000000,0.02000000,5.576300318353e-4
evaluation,96e104bd3c72a85f,4200,development,32,49,108,1,1,-0.02000000,0.01000000,2.978642878588e-4
evaluation,96e104bd3c72a85f,4200,development,33,50,107,0,0,0.00000000,0.00000000,0.000000000000e0
evaluation,96e104bd3c72a85f,4200,development,33,50,107,1,1,-0.02000000,-0.02000000,0.000000000000e0
evaluation,96e104bd3c72a85f,4200,development,34,51,106,0,0,0.00000000,0.02000000,-2.637853322085e-4
evaluation,96e104bd3c72a85f,4200,development,34,51,106,1,1,-0.02000000,0.01000000,-1.313897519140e-4
evaluation,96e104bd3c72a85f,4200,development,35,52,105,0,1,0.00000000,0.01000000,1.374706625938e-4
evaluation,96e104bd3c72a85f,4200,development,35,52,105,1,0,-0.02000000,0.02000000,2.229797391919e-4
evaluation,96e104bd3c72a85f,4200,development,36,53,104,0,0,0.00000000,0.02000000,-1.532236783532e-4
evaluation,96e104bd3c72a85f,4200,development,36,53,104,1,1,-0.02000000,0.01000000,-7.443378126482e-5
evaluation,96e104bd3c72a85f,4200,development,37,54,103,0,0,0.00000000,0.00000000,0.000000000000e0
evaluation,96e104bd3c72a85f,4200,development,37,54,103,1,1,-0.02000000,-0.02000000,0.000000000000e0
evaluation,96e104bd3c72a85f,4200,development,38,55,102,0,1,0.00000000,-0.01000000,-1.382033078698e-4
evaluation,96e104bd3c72a85f,4200,development,38,55,102,1,0,-0.02000000,-0.02000000,-2.943066356238e-4
evaluation,96e104bd3c72a85f,4200,development,39,56,101,0,0,0.02000000,-0.02000000,-3.498519363347e-4
evaluation,96e104bd3c72a85f,4200,development,39,56,101,1,1,0.01000000,-0.01000000,-1.701451838017e-4
evaluation,96e104bd3c72a85f,4200,development,41,58,99,0,1,0.02000000,-0.02000000,-2.321315259906e-4
evaluation,96e104bd3c72a85f,4200,development,41,58,99,1,0,0.01000000,0.00000000,-1.127074137912e-4
evaluation,96e104bd3c72a85f,4200,development,42,59,98,0,1,-0.02000000,-0.01000000,-6.665413820883e-5
evaluation,96e104bd3c72a85f,4200,development,42,59,98,1,0,-0.01000000,-0.02000000,-1.983828842640e-4
evaluation,96e104bd3c72a85f,4200,development,43,60,97,0,1,-0.02000000,-0.01000000,-1.232388149219e-5
evaluation,96e104bd3c72a85f,4200,development,43,60,97,1,0,-0.01000000,-0.02000000,-4.764025288750e-5
evaluation,96e104bd3c72a85f,4200,development,45,62,95,0,1,0.02000000,-0.02000000,4.472285509109e-4
evaluation,96e104bd3c72a85f,4200,development,45,62,95,1,0,0.01000000,0.00000000,2.823608519975e-4
evaluation,96e104bd3c72a85f,4200,development,46,63,94,0,1,0.02000000,-0.01000000,-2.043347805738e-3
evaluation,96e104bd3c72a85f,4200,development,46,63,94,1,0,0.01000000,-0.02000000,-1.055290340446e-3
evaluation,96e104bd3c72a85f,4200,development,47,64,93,0,1,-0.02000000,-0.01000000,-9.811110794544e-5
evaluation,96e104bd3c72a85f,4200,development,47,64,93,1,0,-0.01000000,-0.02000000,-3.270929155406e-4
evaluation,96e104bd3c72a85f,4200,development,48,65,92,0,1,-0.02000000,0.01000000,-9.101008618018e-5
evaluation,96e104bd3c72a85f,4200,development,48,65,92,1,0,-0.01000000,0.02000000,-1.449100673199e-4
evaluation,96e104bd3c72a85f,4200,development,49,66,91,0,1,-0.02000000,-0.02000000,-7.443005597452e-5
evaluation,96e104bd3c72a85f,4200,development,49,66,91,1,0,-0.01000000,0.00000000,-3.696854037116e-5
evaluation,96e104bd3c72a85f,4200,development,50,67,90,0,1,-0.02000000,-0.01000000,-3.075519052800e-4
evaluation,96e104bd3c72a85f,4200,development,50,67,90,1,0,-0.01000000,-0.02000000,-3.590999695007e-4
evaluation,96e104bd3c72a85f,4200,development,51,68,89,0,0,-0.02000000,0.02000000,-4.995986819267e-5
evaluation,96e104bd3c72a85f,4200,development,51,68,89,1,1,-0.01000000,0.01000000,6.532917268487e-6
evaluation,96e104bd3c72a85f,4200,development,52,69,88,0,1,-0.02000000,-0.01000000,-1.855480222730e-4
evaluation,96e104bd3c72a85f,4200,development,52,69,88,1,0,-0.01000000,-0.02000000,-5.723747308366e-4
evaluation,96e104bd3c72a85f,4200,development,53,70,87,0,0,-0.02000000,0.00000000,6.751343607903e-5
evaluation,96e104bd3c72a85f,4200,development,53,70,87,1,1,-0.01000000,-0.02000000,4.263967275620e-5
evaluation,96e104bd3c72a85f,4200,development,54,71,86,0,0,-0.02000000,0.00000000,-2.532893267926e-4
evaluation,96e104bd3c72a85f,4200,development,54,71,86,1,1,-0.01000000,-0.02000000,-1.214463263750e-4
evaluation,96e104bd3c72a85f,4200,development,55,72,85,0,1,-0.02000000,-0.02000000,-1.788549125195e-4
evaluation,96e104bd3c72a85f,4200,development,55,72,85,1,0,-0.01000000,0.00000000,-8.715689182281e-5
evaluation,96e104bd3c72a85f,4200,development,56,73,84,0,1,0.02000000,-0.02000000,-1.081588343368e-4
evaluation,96e104bd3c72a85f,4200,development,56,73,84,1,0,0.01000000,0.00000000,-5.380685252021e-5
evaluation,96e104bd3c72a85f,4200,development,57,74,83,0,1,-0.02000000,-0.02000000,-1.465653331252e-4
evaluation,96e104bd3c72a85f,4200,development,57,74,83,1,0,-0.01000000,0.00000000,-7.272636139533e-5
evaluation,96e104bd3c72a85f,4200,development,58,75,82,0,0,0.02000000,0.00000000,3.079821544816e-5
evaluation,96e104bd3c72a85f,4200,development,58,75,82,1,1,0.01000000,-0.02000000,1.786649227142e-5
evaluation,96e104bd3c72a85f,4200,development,59,76,81,0,0,0.02000000,0.00000000,-8.046627044678e-6
evaluation,96e104bd3c72a85f,4200,development,59,76,81,1,1,0.01000000,-0.02000000,-3.398706439839e-6
evaluation,96e104bd3c72a85f,4200,development,60,77,80,0,1,-0.02000000,-0.02000000,-2.686878142413e-4
evaluation,96e104bd3c72a85f,4200,development,60,77,80,1,0,-0.01000000,0.00000000,-1.282940356759e-4
evaluation,96e104bd3c72a85f,4200,development,61,78,79,0,1,-0.01000000,-0.01000000,-4.697876574937e-4
evaluation,96e104bd3c72a85f,4200,development,61,78,79,1,0,-0.02000000,-0.02000000,-1.038666814566e-3
evaluation,96e104bd3c72a85f,4200,evaluation,1,18,16,0,0,-0.02000000,0.02000000,-1.746732741594e-3
evaluation,96e104bd3c72a85f,4200,evaluation,1,18,16,1,1,-0.01000000,0.01000000,-7.344732875936e-4
evaluation,96e104bd3c72a85f,4200,evaluation,2,19,15,0,1,-0.02000000,-0.01000000,-1.956280320883e-4
evaluation,96e104bd3c72a85f,4200,evaluation,2,19,15,1,0,-0.01000000,-0.02000000,-9.481080924161e-4
evaluation,96e104bd3c72a85f,4200,evaluation,3,20,14,0,0,-0.02000000,0.02000000,1.367684453726e-4
evaluation,96e104bd3c72a85f,4200,evaluation,3,20,14,1,1,-0.01000000,0.01000000,1.846160739660e-4
evaluation,96e104bd3c72a85f,4200,evaluation,5,22,12,0,0,0.02000000,0.02000000,-8.585688774474e-4
evaluation,96e104bd3c72a85f,4200,evaluation,5,22,12,1,1,0.01000000,0.01000000,-3.645209071692e-4
evaluation,96e104bd3c72a85f,4200,evaluation,7,24,10,0,1,0.02000000,-0.01000000,5.910036270507e-4
evaluation,96e104bd3c72a85f,4200,evaluation,7,24,10,1,0,0.01000000,-0.02000000,1.078457920812e-3
evaluation,96e104bd3c72a85f,4200,evaluation,8,25,9,0,1,-0.02000000,0.01000000,-3.013660607394e-4
evaluation,96e104bd3c72a85f,4200,evaluation,8,25,9,1,0,-0.01000000,0.02000000,-4.253486695234e-4
evaluation,96e104bd3c72a85f,4200,evaluation,9,26,8,0,1,-0.02000000,-0.01000000,-1.784538289940e-5
evaluation,96e104bd3c72a85f,4200,evaluation,9,26,8,1,0,-0.01000000,-0.02000000,-3.283098340034e-5
evaluation,96e104bd3c72a85f,4200,evaluation,10,27,7,0,1,-0.02000000,0.01000000,-5.029409076087e-4
evaluation,96e104bd3c72a85f,4200,evaluation,10,27,7,1,0,-0.01000000,0.02000000,-6.509038503282e-4
evaluation,96e104bd3c72a85f,4200,evaluation,11,28,6,0,0,-0.02000000,-0.02000000,-1.174987628474e-4
evaluation,96e104bd3c72a85f,4200,evaluation,11,28,6,1,1,-0.01000000,-0.01000000,-5.070802944829e-5
evaluation,96e104bd3c72a85f,4200,evaluation,12,29,5,0,1,0.02000000,-0.01000000,-2.263325004606e-4
evaluation,96e104bd3c72a85f,4200,evaluation,12,29,5,1,0,0.01000000,-0.02000000,-4.717285337392e-4
evaluation,96e104bd3c72a85f,4200,evaluation,13,30,4,0,0,-0.02000000,0.02000000,-1.212172210217e-4
evaluation,96e104bd3c72a85f,4200,evaluation,13,30,4,1,1,-0.01000000,0.01000000,-2.678483724594e-5
evaluation,96e104bd3c72a85f,4200,evaluation,14,31,3,0,0,0.02000000,0.02000000,-4.542699607555e-4
evaluation,96e104bd3c72a85f,4200,evaluation,14,31,3,1,1,0.01000000,0.01000000,-2.204850316048e-4
evaluation,96e104bd3c72a85f,4200,evaluation,15,32,2,0,0,0.02000000,-0.02000000,2.943811414298e-4
evaluation,96e104bd3c72a85f,4200,evaluation,15,32,2,1,1,0.01000000,-0.01000000,1.621618866920e-4
evaluation,96e104bd3c72a85f,4200,evaluation,16,33,1,0,1,0.02000000,0.01000000,-3.758097591344e-4
evaluation,96e104bd3c72a85f,4200,evaluation,16,33,1,1,0,0.01000000,0.02000000,-4.554055631161e-4
evaluation,96e104bd3c72a85f,4200,evaluation,17,34,0,0,0,0.02000000,-0.02000000,4.616727528628e-4
evaluation,96e104bd3c72a85f,4200,evaluation,17,34,0,1,1,0.01000000,-0.01000000,2.498266694602e-4
evaluation,96e104bd3c72a85f,4200,evaluation,18,35,122,0,1,0.02000000,-0.01000000,2.494951149856e-5
evaluation,96e104bd3c72a85f,4200,evaluation,18,35,122,1,0,0.01000000,-0.02000000,4.214048385620e-5
evaluation,96e104bd3c72a85f,4200,evaluation,19,36,121,0,0,0.02000000,0.02000000,5.600477379630e-5
evaluation,96e104bd3c72a85f,4200,evaluation,19,36,121,1,1,0.01000000,0.01000000,3.951042890549e-5
evaluation,96e104bd3c72a85f,4200,evaluation,20,37,120,0,0,0.02000000,-0.02000000,6.610329146497e-4
evaluation,96e104bd3c72a85f,4200,evaluation,20,37,120,1,1,0.01000000,-0.01000000,3.648934361991e-4
evaluation,96e104bd3c72a85f,4200,evaluation,21,38,119,0,1,0.02000000,-0.02000000,-1.601241528988e-4
evaluation,96e104bd3c72a85f,4200,evaluation,21,38,119,1,0,0.01000000,0.00000000,-7.423882925650e-5
evaluation,96e104bd3c72a85f,4200,evaluation,22,39,118,0,0,0.02000000,-0.02000000,1.723004505038e-3
evaluation,96e104bd3c72a85f,4200,evaluation,22,39,118,1,1,0.01000000,-0.01000000,1.042918651365e-3
evaluation,96e104bd3c72a85f,4200,evaluation,23,40,117,0,0,-0.02000000,-0.02000000,-2.748643419181e-5
evaluation,96e104bd3c72a85f,4200,evaluation,23,40,117,1,1,-0.01000000,-0.01000000,-1.324837376160e-5
evaluation,96e104bd3c72a85f,4200,evaluation,24,41,116,0,1,-0.02000000,-0.01000000,3.496060890029e-5
evaluation,96e104bd3c72a85f,4200,evaluation,24,41,116,1,0,-0.01000000,-0.02000000,1.004859805107e-4
evaluation,96e104bd3c72a85f,4200,evaluation,25,42,115,0,0,-0.02000000,0.00000000,-8.225440979004e-5
evaluation,96e104bd3c72a85f,4200,evaluation,25,42,115,1,1,-0.01000000,-0.02000000,-4.087761044502e-5
evaluation,96e104bd3c72a85f,4200,evaluation,26,43,114,0,0,-0.02000000,-0.02000000,-1.124702394009e-4
evaluation,96e104bd3c72a85f,4200,evaluation,26,43,114,1,1,-0.01000000,-0.01000000,-5.204913395573e-5
evaluation,96e104bd3c72a85f,4200,evaluation,27,44,113,0,0,-0.02000000,-0.02000000,2.394417970208e-4
evaluation,96e104bd3c72a85f,4200,evaluation,27,44,113,1,1,-0.01000000,-0.01000000,1.232313661603e-4
evaluation,96e104bd3c72a85f,4200,evaluation,28,45,112,0,0,-0.02000000,-0.02000000,-1.562659890624e-4
evaluation,96e104bd3c72a85f,4200,evaluation,28,45,112,1,1,-0.01000000,-0.01000000,-7.217874372145e-5
evaluation,96e104bd3c72a85f,4200,evaluation,29,46,111,0,1,-0.02000000,-0.02000000,1.276036073250e-5
evaluation,96e104bd3c72a85f,4200,evaluation,29,46,111,1,0,-0.01000000,0.00000000,1.331170369667e-5
evaluation,96e104bd3c72a85f,4200,evaluation,30,47,110,0,0,-0.02000000,0.02000000,-8.986207103590e-5
evaluation,96e104bd3c72a85f,4200,evaluation,30,47,110,1,1,-0.01000000,0.01000000,1.280754804611e-5
evaluation,96e104bd3c72a85f,4200,evaluation,31,48,109,0,0,0.00000000,0.02000000,-3.024501202162e-4
evaluation,96e104bd3c72a85f,4200,evaluation,31,48,109,1,1,-0.02000000,0.01000000,-1.507885754108e-4
evaluation,96e104bd3c72a85f,4200,evaluation,32,49,108,0,1,0.00000000,0.01000000,2.978642878588e-4
evaluation,96e104bd3c72a85f,4200,evaluation,32,49,108,1,0,-0.02000000,0.02000000,5.576300318353e-4
evaluation,96e104bd3c72a85f,4200,evaluation,33,50,107,0,1,0.00000000,-0.02000000,0.000000000000e0
evaluation,96e104bd3c72a85f,4200,evaluation,33,50,107,1,0,-0.02000000,0.00000000,0.000000000000e0
evaluation,96e104bd3c72a85f,4200,evaluation,34,51,106,0,1,0.00000000,0.01000000,-1.313897519140e-4
evaluation,96e104bd3c72a85f,4200,evaluation,34,51,106,1,0,-0.02000000,0.02000000,-2.637853322085e-4
evaluation,96e104bd3c72a85f,4200,evaluation,35,52,105,0,0,0.00000000,0.02000000,2.229797391919e-4
evaluation,96e104bd3c72a85f,4200,evaluation,35,52,105,1,1,-0.02000000,0.01000000,1.374706625938e-4
evaluation,96e104bd3c72a85f,4200,evaluation,36,53,104,0,1,0.00000000,0.01000000,-7.443378126482e-5
evaluation,96e104bd3c72a85f,4200,evaluation,36,53,104,1,0,-0.02000000,0.02000000,-1.532236783532e-4
evaluation,96e104bd3c72a85f,4200,evaluation,37,54,103,0,1,0.00000000,-0.02000000,0.000000000000e0
evaluation,96e104bd3c72a85f,4200,evaluation,37,54,103,1,0,-0.02000000,0.00000000,0.000000000000e0
evaluation,96e104bd3c72a85f,4200,evaluation,38,55,102,0,0,0.00000000,-0.02000000,-2.943066356238e-4
evaluation,96e104bd3c72a85f,4200,evaluation,38,55,102,1,1,-0.02000000,-0.01000000,-1.382033078698e-4
evaluation,96e104bd3c72a85f,4200,evaluation,39,56,101,0,1,0.02000000,-0.01000000,-2.599395811558e-4
evaluation,96e104bd3c72a85f,4200,evaluation,39,56,101,1,0,0.01000000,-0.02000000,-2.595359983388e-4
evaluation,96e104bd3c72a85f,4200,evaluation,41,58,99,0,0,0.02000000,0.00000000,-2.321315259906e-4
evaluation,96e104bd3c72a85f,4200,evaluation,41,58,99,1,1,0.01000000,-0.02000000,-1.127074137912e-4
evaluation,96e104bd3c72a85f,4200,evaluation,42,59,98,0,0,-0.02000000,-0.02000000,-1.780192105798e-4
evaluation,96e104bd3c72a85f,4200,evaluation,42,59,98,1,1,-0.01000000,-0.01000000,-8.480126416543e-5
evaluation,96e104bd3c72a85f,4200,evaluation,43,60,97,0,0,-0.02000000,-0.02000000,-5.352373045753e-5
evaluation,96e104bd3c72a85f,4200,evaluation,43,60,97,1,1,-0.01000000,-0.01000000,-4.151836037636e-6
evaluation,96e104bd3c72a85f,4200,evaluation,45,62,95,0,0,0.02000000,0.00000000,4.472285509109e-4
evaluation,96e104bd3c72a85f,4200,evaluation,45,62,95,1,1,0.01000000,-0.02000000,2.823608519975e-4
evaluation,96e104bd3c72a85f,4200,evaluation,46,63,94,0,0,0.02000000,-0.02000000,-2.181205898523e-3
evaluation,96e104bd3c72a85f,4200,evaluation,46,63,94,1,1,0.01000000,-0.01000000,-9.608380496502e-4
evaluation,96e104bd3c72a85f,4200,evaluation,47,64,93,0,0,-0.02000000,-0.02000000,-2.924700675067e-4
evaluation,96e104bd3c72a85f,4200,evaluation,47,64,93,1,1,-0.01000000,-0.01000000,-1.336354762316e-4
evaluation,96e104bd3c72a85f,4200,evaluation,48,65,92,0,0,-0.02000000,0.02000000,-1.856051385403e-4
evaluation,96e104bd3c72a85f,4200,evaluation,48,65,92,1,1,-0.01000000,0.01000000,-5.058075112174e-5
evaluation,96e104bd3c72a85f,4200,evaluation,49,66,91,0,0,-0.02000000,0.00000000,-7.443005597452e-5
evaluation,96e104bd3c72a85f,4200,evaluation,49,66,91,1,1,-0.01000000,-0.02000000,-3.696854037116e-5
evaluation,96e104bd3c72a85f,4200,evaluation,50,67,90,0,0,-0.02000000,-0.02000000,-4.538366047200e-4
evaluation,96e104bd3c72a85f,4200,evaluation,50,67,90,1,1,-0.01000000,-0.01000000,-2.137801347999e-4
evaluation,96e104bd3c72a85f,4200,evaluation,51,68,89,0,1,-0.02000000,0.01000000,-3.718088191818e-5
evaluation,96e104bd3c72a85f,4200,evaluation,51,68,89,1,0,-0.01000000,0.02000000,-5.334615707397e-6
evaluation,96e104bd3c72a85f,4200,evaluation,52,69,88,0,0,-0.02000000,-0.02000000,-5.150822107680e-4
evaluation,96e104bd3c72a85f,4200,evaluation,52,69,88,1,1,-0.01000000,-0.01000000,-2.428057341604e-4
evaluation,96e104bd3c72a85f,4200,evaluation,53,70,87,0,1,-0.02000000,-0.02000000,6.751343607903e-5
evaluation,96e104bd3c72a85f,4200,evaluation,53,70,87,1,0,-0.01000000,0.00000000,4.263967275620e-5
evaluation,96e104bd3c72a85f,4200,evaluation,54,71,86,0,1,-0.02000000,-0.02000000,-2.532893267926e-4
evaluation,96e104bd3c72a85f,4200,evaluation,54,71,86,1,0,-0.01000000,0.00000000,-1.214463263750e-4
evaluation,96e104bd3c72a85f,4200,evaluation,55,72,85,0,0,-0.02000000,0.00000000,-1.788549125195e-4
evaluation,96e104bd3c72a85f,4200,evaluation,55,72,85,1,1,-0.01000000,-0.02000000,-8.715689182281e-5
evaluation,96e104bd3c72a85f,4200,evaluation,56,73,84,0,0,0.02000000,0.00000000,-1.081588343368e-4
evaluation,96e104bd3c72a85f,4200,evaluation,56,73,84,1,1,0.01000000,-0.02000000,-5.380685252021e-5
evaluation,96e104bd3c72a85f,4200,evaluation,57,74,83,0,0,-0.02000000,0.00000000,-1.465653331252e-4
evaluation,96e104bd3c72a85f,4200,evaluation,57,74,83,1,1,-0.01000000,-0.02000000,-7.272636139533e-5
evaluation,96e104bd3c72a85f,4200,evaluation,58,75,82,0,1,0.02000000,-0.02000000,3.079821544816e-5
evaluation,96e104bd3c72a85f,4200,evaluation,58,75,82,1,0,0.01000000,0.00000000,1.786649227142e-5
evaluation,96e104bd3c72a85f,4200,evaluation,59,76,81,0,1,0.02000000,-0.02000000,-8.046627044678e-6
evaluation,96e104bd3c72a85f,4200,evaluation,59,76,81,1,0,0.01000000,0.00000000,-3.398706439839e-6
evaluation,96e104bd3c72a85f,4200,evaluation,60,77,80,0,0,-0.02000000,0.00000000,-2.686878142413e-4
evaluation,96e104bd3c72a85f,4200,evaluation,60,77,80,1,1,-0.01000000,-0.02000000,-1.282940356759e-4
evaluation,96e104bd3c72a85f,4200,evaluation,61,78,79,0,0,-0.01000000,-0.02000000,-1.172636984847e-3
evaluation,96e104bd3c72a85f,4200,evaluation,61,78,79,1,1,-0.02000000,-0.01000000,-3.358100948390e-4
evaluation,205ad7c3918e64fb,600,development,1,108,106,0,0,0.02000000,0.00000000,-1.161048840004e-5
evaluation,205ad7c3918e64fb,600,development,1,108,106,1,1,0.01000000,-0.02000000,-5.584210157394e-6
evaluation,205ad7c3918e64fb,600,development,2,109,105,0,0,0.02000000,0.02000000,1.884903758764e-4
evaluation,205ad7c3918e64fb,600,development,2,109,105,1,1,0.01000000,0.01000000,9.764047717908e-5
evaluation,205ad7c3918e64fb,600,development,3,110,104,0,1,0.02000000,0.01000000,4.904965749120e-7
evaluation,205ad7c3918e64fb,600,development,3,110,104,1,0,0.01000000,0.02000000,-1.155522932095e-5
evaluation,205ad7c3918e64fb,600,development,4,111,103,0,1,0.00000000,-0.02000000,0.000000000000e0
evaluation,205ad7c3918e64fb,600,development,4,111,103,1,0,-0.02000000,0.00000000,0.000000000000e0
evaluation,205ad7c3918e64fb,600,development,5,112,102,0,0,0.02000000,-0.02000000,1.499224454165e-4
evaluation,205ad7c3918e64fb,600,development,5,112,102,1,1,0.01000000,-0.01000000,7.685957098147e-5
evaluation,205ad7c3918e64fb,600,development,6,113,101,0,1,-0.02000000,-0.01000000,2.807093260344e-4
evaluation,205ad7c3918e64fb,600,development,6,113,101,1,0,-0.01000000,-0.02000000,1.459879131289e-4
evaluation,205ad7c3918e64fb,600,development,7,114,100,0,0,0.00000000,-0.02000000,2.084697334794e-4
evaluation,205ad7c3918e64fb,600,development,7,114,100,1,1,-0.02000000,-0.01000000,1.044372693286e-4
evaluation,205ad7c3918e64fb,600,development,8,115,99,0,0,0.00000000,0.00000000,0.000000000000e0
evaluation,205ad7c3918e64fb,600,development,8,115,99,1,1,-0.02000000,-0.02000000,0.000000000000e0
evaluation,205ad7c3918e64fb,600,development,9,116,98,0,1,0.02000000,-0.02000000,2.190961240558e-4
evaluation,205ad7c3918e64fb,600,development,9,116,98,1,0,0.01000000,0.00000000,1.097712665796e-4
evaluation,205ad7c3918e64fb,600,development,10,117,97,0,1,-0.02000000,0.01000000,1.165848225355e-4
evaluation,205ad7c3918e64fb,600,development,10,117,97,1,0,-0.01000000,0.02000000,1.568285078974e-4
evaluation,205ad7c3918e64fb,600,development,11,118,96,0,0,-0.02000000,-0.02000000,4.478848131839e-4
evaluation,205ad7c3918e64fb,600,development,11,118,96,1,1,-0.01000000,-0.01000000,2.247175871162e-4
evaluation,205ad7c3918e64fb,600,development,12,119,95,0,1,0.00000000,-0.02000000,0.000000000000e0
evaluation,205ad7c3918e64fb,600,development,12,119,95,1,0,-0.02000000,0.00000000,0.000000000000e0
evaluation,205ad7c3918e64fb,600,development,13,120,94,0,1,-0.02000000,-0.01000000,4.372304829303e-4
evaluation,205ad7c3918e64fb,600,development,13,120,94,1,0,-0.01000000,-0.02000000,3.368500620127e-4
evaluation,205ad7c3918e64fb,600,development,14,121,93,0,0,0.02000000,-0.02000000,5.174241960049e-5
evaluation,205ad7c3918e64fb,600,development,14,121,93,1,1,0.01000000,-0.01000000,4.141839963268e-5
evaluation,205ad7c3918e64fb,600,development,15,122,92,0,0,-0.02000000,0.02000000,-1.945073454408e-4
evaluation,205ad7c3918e64fb,600,development,15,122,92,1,1,-0.01000000,0.01000000,-8.216872811317e-5
evaluation,205ad7c3918e64fb,600,development,16,0,91,0,1,0.02000000,-0.02000000,1.478499470977e-4
evaluation,205ad7c3918e64fb,600,development,16,0,91,1,0,0.01000000,0.00000000,9.470743680140e-5
evaluation,205ad7c3918e64fb,600,development,17,1,90,0,0,0.02000000,0.00000000,2.489046601113e-4
evaluation,205ad7c3918e64fb,600,development,17,1,90,1,1,0.01000000,-0.02000000,1.269144268008e-4
evaluation,205ad7c3918e64fb,600,development,18,2,89,0,0,0.02000000,-0.01000000,2.949635090772e-4
evaluation,205ad7c3918e64fb,600,development,18,2,89,1,1,0.01000000,-0.02000000,4.388360830490e-4
evaluation,205ad7c3918e64fb,600,development,19,3,88,0,0,-0.02000000,-0.02000000,-1.016526148305e-4
evaluation,205ad7c3918e64fb,600,development,19,3,88,1,1,-0.01000000,-0.01000000,-4.619049650501e-5
evaluation,205ad7c3918e64fb,600,development,20,4,87,0,1,-0.02000000,-0.02000000,4.816303771804e-5
evaluation,205ad7c3918e64fb,600,development,20,4,87,1,0,-0.01000000,0.00000000,2.669108471309e-5
evaluation,205ad7c3918e64fb,600,development,21,5,86,0,0,-0.02000000,0.00000000,-7.849186658859e-6
evaluation,205ad7c3918e64fb,600,development,21,5,86,1,1,-0.01000000,-0.02000000,-2.646818757057e-6
evaluation,205ad7c3918e64fb,600,development,22,6,85,0,0,0.02000000,0.00000000,3.865715116262e-4
evaluation,205ad7c3918e64fb,600,development,22,6,85,1,1,0.01000000,-0.02000000,2.041670231847e-4
evaluation,205ad7c3918e64fb,600,development,23,7,84,0,1,0.02000000,-0.02000000,1.303404569626e-4
evaluation,205ad7c3918e64fb,600,development,23,7,84,1,0,0.01000000,0.00000000,1.040343195200e-4
evaluation,205ad7c3918e64fb,600,development,24,8,83,0,0,0.02000000,0.00000000,2.140228898497e-4
evaluation,205ad7c3918e64fb,600,development,24,8,83,1,1,0.01000000,-0.02000000,1.075087711797e-4
evaluation,205ad7c3918e64fb,600,development,25,9,82,0,0,0.02000000,0.00000000,-7.558986544609e-5
evaluation,205ad7c3918e64fb,600,development,25,9,82,1,1,0.01000000,-0.02000000,-3.691203892231e-5
evaluation,205ad7c3918e64fb,600,development,26,10,81,0,0,0.02000000,0.00000000,5.997779589961e-5
evaluation,205ad7c3918e64fb,600,development,26,10,81,1,1,0.01000000,-0.02000000,4.337976497482e-5
evaluation,205ad7c3918e64fb,600,development,27,11,80,0,1,0.02000000,-0.02000000,1.363089977531e-4
evaluation,205ad7c3918e64fb,600,development,27,11,80,1,0,0.01000000,0.00000000,7.311502849916e-5
evaluation,205ad7c3918e64fb,600,development,28,12,79,0,0,-0.02000000,-0.02000000,6.451457738876e-5
evaluation,205ad7c3918e64fb,600,development,28,12,79,1,1,-0.01000000,-0.01000000,4.206908124615e-5
evaluation,205ad7c3918e64fb,600,development,29,13,78,0,0,-0.02000000,0.02000000,4.040934145451e-4
evaluation,205ad7c3918e64fb,600,development,29,13,78,1,1,-0.01000000,0.01000000,2.039081155090e-4
evaluation,205ad7c3918e64fb,600,development,30,14,77,0,0,-0.02000000,-0.02000000,-9.404060983798e-5
evaluation,205ad7c3918e64fb,600,development,30,14,77,1,1,-0.01000000,-0.01000000,-3.179659324815e-5
evaluation,205ad7c3918e64fb,600,development,31,15,76,0,0,-0.02000000,-0.02000000,8.900277316570e-5
evaluation,205ad7c3918e64fb,600,development,31,15,76,1,1,-0.01000000,-0.01000000,8.105921006063e-5
evaluation,205ad7c3918e64fb,600,development,32,16,75,0,0,0.02000000,-0.02000000,1.694951206446e-4
evaluation,205ad7c3918e64fb,600,development,32,16,75,1,1,0.01000000,-0.01000000,1.203231513500e-4
evaluation,205ad7c3918e64fb,600,development,33,17,74,0,1,0.01000000,0.01000000,4.155809801887e-5
evaluation,205ad7c3918e64fb,600,development,33,17,74,1,0,0.02000000,0.02000000,7.616107905051e-5
evaluation,205ad7c3918e64fb,600,development,34,18,73,0,1,-0.02000000,-0.01000000,2.716028538998e-4
evaluation,205ad7c3918e64fb,600,development,34,18,73,1,0,-0.01000000,-0.02000000,1.598279923201e-4
evaluation,205ad7c3918e64fb,600,development,35,19,72,0,1,0.02000000,-0.01000000,2.121124416590e-4
evaluation,205ad7c3918e64fb,600,development,35,19,72,1,0,0.01000000,-0.02000000,2.055739314528e-4
evaluation,205ad7c3918e64fb,600,development,36,20,71,0,0,0.02000000,-0.02000000,3.201117215212e-4
evaluation,205ad7c3918e64fb,600,development,36,20,71,1,1,0.01000000,-0.01000000,1.756797282724e-4
evaluation,205ad7c3918e64fb,600,development,37,21,70,0,1,0.02000000,0.01000000,-1.245203166036e-4
evaluation,205ad7c3918e64fb,600,development,37,21,70,1,0,0.01000000,0.02000000,-1.354515552521e-5
evaluation,205ad7c3918e64fb,600,development,38,22,69,0,1,0.02000000,-0.01000000,-3.856817784254e-4
evaluation,205ad7c3918e64fb,600,development,38,22,69,1,0,0.01000000,-0.02000000,-1.371732651023e-4
evaluation,205ad7c3918e64fb,600,development,39,23,68,0,1,-0.02000000,-0.01000000,2.987372317875e-5
evaluation,205ad7c3918e64fb,600,development,39,23,68,1,0,-0.01000000,-0.02000000,8.042094850680e-5
evaluation,205ad7c3918e64fb,600,development,40,24,67,0,0,0.02000000,-0.02000000,1.144216730609e-4
evaluation,205ad7c3918e64fb,600,development,40,24,67,1,1,0.01000000,-0.01000000,5.738374966313e-5
evaluation,205ad7c3918e64fb,600,development,41,25,66,0,0,0.02000000,0.02000000,5.882171171834e-5
evaluation,205ad7c3918e64fb,600,development,41,25,66,1,1,0.01000000,0.01000000,2.943538129330e-5
evaluation,205ad7c3918e64fb,600,development,42,26,65,0,1,-0.02000000,-0.01000000,3.277634505139e-6
evaluation,205ad7c3918e64fb,600,development,42,26,65,1,0,-0.01000000,-0.02000000,1.336137415819e-6
evaluation,205ad7c3918e64fb,600,development,43,27,64,0,1,0.02000000,-0.01000000,1.712782977847e-4
evaluation,205ad7c3918e64fb,600,development,43,27,64,1,0,0.01000000,-0.02000000,1.301399170188e-4
evaluation,205ad7c3918e64fb,600,development,44,28,63,0,0,0.02000000,0.02000000,1.144297420979e-4
evaluation,205ad7c3918e64fb,600,development,44,28,63,1,1,0.01000000,0.01000000,5.810024958919e-5
evaluation,205ad7c3918e64fb,600,development,45,29,62,0,0,0.02000000,-0.02000000,1.635961234570e-4
evaluation,205ad7c3918e64fb,600,development,45,29,62,1,1,0.01000000,-0.01000000,8.831297600409e-5
evaluation,205ad7c3918e64fb,600,development,46,30,61,0,0,-0.02000000,0.02000000,2.493014035281e-4
evaluation,205ad7c3918e64fb,600,development,46,30,61,1,1,-0.01000000,0.01000000,1.247419713764e-4
evaluation,205ad7c3918e64fb,600,development,47,31,60,0,1,0.02000000,0.01000000,4.199457544019e-5
evaluation,205ad7c3918e64fb,600,development,47,31,60,1,0,0.01000000,0.02000000,9.897165000439e-5
evaluation,205ad7c3918e64fb,600,development,48,32,59,0,1,-0.02000000,0.01000000,2.627000212669e-4
evaluation,205ad7c3918e64fb,600,development,48,32,59,1,0,-0.01000000,0.02000000,2.432987093925e-4
evaluation,205ad7c3918e64fb,600,development,49,33,58,0,0,0.00000000,-0.00500000,-9.064872756426e-6
evaluation,205ad7c3918e64fb,600,development,49,33,58,1,1,-0.02000000,0.00000000,1.619756221771e-5
evaluation,205ad7c3918e64fb,600,development,50,34,57,0,1,0.02000000,0.01000000,8.834215259412e-5
evaluation,205ad7c3918e64fb,600,development,50,34,57,1,0,0.01000000,0.02000000,6.152689456940e-5
evaluation,205ad7c3918e64fb,600,development,51,35,56,0,1,-0.02000000,0.01000000,4.849756660406e-4
evaluation,205ad7c3918e64fb,600,development,51,35,56,1,0,-0.01000000,0.02000000,3.002143057529e-4
evaluation,205ad7c3918e64fb,600,development,52,36,55,0,0,-0.02000000,0.00000000,3.105712530669e-4
evaluation,205ad7c3918e64fb,600,development,52,36,55,1,1,-0.01000000,-0.02000000,1.413517893525e-4
evaluation,205ad7c3918e64fb,600,development,53,37,54,0,0,-0.02000000,0.00000000,2.108073531417e-4
evaluation,205ad7c3918e64fb,600,development,53,37,54,1,1,-0.01000000,-0.02000000,1.055256798281e-4
evaluation,205ad7c3918e64fb,600,development,54,38,53,0,0,0.02000000,0.00000000,3.169160336256e-4
evaluation,205ad7c3918e64fb,600,development,54,38,53,1,1,0.01000000,-0.02000000,1.591027976247e-4
evaluation,205ad7c3918e64fb,600,development,55,39,52,0,0,-0.02000000,0.00000000,1.327010522800e-5
evaluation,205ad7c3918e64fb,600,development,55,39,52,1,1,-0.01000000,-0.02000000,6.835907697678e-6
evaluation,205ad7c3918e64fb,600,development,56,40,51,0,1,0.00000000,-0.02000000,0.000000000000e0
evaluation,205ad7c3918e64fb,600,development,56,40,51,1,0,-0.02000000,0.00000000,0.000000000000e0
evaluation,205ad7c3918e64fb,600,development,57,41,50,0,0,0.00000000,0.00000000,0.000000000000e0
evaluation,205ad7c3918e64fb,600,development,57,41,50,1,1,-0.02000000,-0.02000000,0.000000000000e0
evaluation,205ad7c3918e64fb,600,development,58,42,49,0,1,0.00000000,-0.02000000,0.000000000000e0
evaluation,205ad7c3918e64fb,600,development,58,42,49,1,0,-0.02000000,0.00000000,0.000000000000e0
evaluation,205ad7c3918e64fb,600,development,59,43,48,0,0,0.00000000,0.00000000,0.000000000000e0
evaluation,205ad7c3918e64fb,600,development,59,43,48,1,1,-0.02000000,-0.02000000,0.000000000000e0
evaluation,205ad7c3918e64fb,600,development,60,44,47,0,1,0.00000000,-0.02000000,0.000000000000e0
evaluation,205ad7c3918e64fb,600,development,60,44,47,1,0,-0.02000000,0.00000000,0.000000000000e0
evaluation,205ad7c3918e64fb,600,development,61,45,46,0,1,0.00000000,-0.02000000,0.000000000000e0
evaluation,205ad7c3918e64fb,600,development,61,45,46,1,0,-0.02000000,0.00000000,0.000000000000e0
evaluation,205ad7c3918e64fb,600,evaluation,1,108,106,0,1,0.02000000,-0.02000000,-1.161048840004e-5
evaluation,205ad7c3918e64fb,600,evaluation,1,108,106,1,0,0.01000000,0.00000000,-5.584210157394e-6
evaluation,205ad7c3918e64fb,600,evaluation,2,109,105,0,1,0.02000000,0.01000000,1.245147286681e-4
evaluation,205ad7c3918e64fb,600,evaluation,2,109,105,1,0,0.01000000,0.02000000,1.632266939851e-4
evaluation,205ad7c3918e64fb,600,evaluation,3,110,104,0,0,0.02000000,0.02000000,-9.651605978434e-6
evaluation,205ad7c3918e64fb,600,evaluation,3,110,104,1,1,0.01000000,0.01000000,-2.423922296657e-6
evaluation,205ad7c3918e64fb,600,evaluation,4,111,103,0,0,0.00000000,0.00000000,0.000000000000e0
evaluation,205ad7c3918e64fb,600,evaluation,4,111,103,1,1,-0.02000000,-0.02000000,0.000000000000e0
evaluation,205ad7c3918e64fb,600,evaluation,5,112,102,0,1,0.02000000,-0.01000000,2.259202301502e-4
evaluation,205ad7c3918e64fb,600,evaluation,5,112,102,1,0,0.01000000,-0.02000000,1.347313286715e-6
evaluation,205ad7c3918e64fb,600,evaluation,6,113,101,0,0,-0.02000000,-0.02000000,2.843961119652e-4
evaluation,205ad7c3918e64fb,600,evaluation,6,113,101,1,1,-0.01000000,-0.01000000,1.430499105481e-4
evaluation,205ad7c3918e64fb,600,evaluation,7,114,100,0,1,0.00000000,-0.01000000,1.044372693286e-4
evaluation,205ad7c3918e64fb,600,evaluation,7,114,100,1,0,-0.02000000,-0.02000000,2.084697334794e-4
evaluation,205ad7c3918e64fb,600,evaluation,8,115,99,0,1,0.00000000,-0.02000000,0.000000000000e0
evaluation,205ad7c3918e64fb,600,evaluation,8,115,99,1,0,-0.02000000,0.00000000,0.000000000000e0
evaluation,205ad7c3918e64fb,600,evaluation,9,116,98,0,0,0.02000000,0.00000000,2.190961240558e-4
evaluation,205ad7c3918e64fb,600,evaluation,9,116,98,1,1,0.01000000,-0.02000000,1.097712665796e-4
evaluation,205ad7c3918e64fb,600,evaluation,10,117,97,0,0,-0.02000000,0.02000000,1.800631434890e-4
evaluation,205ad7c3918e64fb,600,evaluation,10,117,97,1,1,-0.01000000,0.01000000,9.260699152946e-5
evaluation,205ad7c3918e64fb,600,evaluation,11,118,96,0,1,-0.02000000,-0.01000000,3.027692437172e-4
evaluation,205ad7c3918e64fb,600,evaluation,11,118,96,1,0,-0.01000000,-0.02000000,3.693606704473e-4
evaluation,205ad7c3918e64fb,600,evaluation,12,119,95,0,0,0.00000000,0.00000000,0.000000000000e0
evaluation,205ad7c3918e64fb,600,evaluation,12,119,95,1,1,-0.02000000,-0.02000000,0.000000000000e0
evaluation,205ad7c3918e64fb,600,evaluation,13,120,94,0,0,-0.02000000,-0.02000000,4.780218005180e-4
evaluation,205ad7c3918e64fb,600,evaluation,13,120,94,1,1,-0.01000000,-0.01000000,2.848748117685e-4
evaluation,205ad7c3918e64fb,600,evaluation,14,121,93,0,1,0.02000000,-0.01000000,9.680166840553e-6
evaluation,205ad7c3918e64fb,600,evaluation,14,121,93,1,0,0.01000000,-0.02000000,8.705196523806e-5
evaluation,205ad7c3918e64fb,600,evaluation,15,122,92,0,1,-0.02000000,0.01000000,-2.974383533001e-4
evaluation,205ad7c3918e64fb,600,evaluation,15,122,92,1,0,-0.01000000,0.02000000,1.254056860489e-5
evaluation,205ad7c3918e64fb,600,evaluation,16,0,91,0,0,0.02000000,0.00000000,1.478499470977e-4
evaluation,205ad7c3918e64fb,600,evaluation,16,0,91,1,1,0.01000000,-0.02000000,9.470743680140e-5
evaluation,205ad7c3918e64fb,600,evaluation,17,1,90,0,1,0.02000000,-0.02000000,2.489046601113e-4
evaluation,205ad7c3918e64fb,600,evaluation,17,1,90,1,0,0.01000000,0.00000000,1.269144268008e-4
evaluation,205ad7c3918e64fb,600,evaluation,18,2,89,0,1,0.02000000,-0.02000000,4.558408109006e-4
evaluation,205ad7c3918e64fb,600,evaluation,18,2,89,1,0,0.01000000,-0.01000000,2.779575588647e-4
evaluation,205ad7c3918e64fb,600,evaluation,19,3,88,0,1,-0.02000000,-0.01000000,-2.232255974377e-5
evaluation,205ad7c3918e64fb,600,evaluation,19,3,88,1,0,-0.01000000,-0.02000000,-1.256546674995e-4
evaluation,205ad7c3918e64fb,600,evaluation,20,4,87,0,0,-0.02000000,0.00000000,4.816303771804e-5
evaluation,205ad7c3918e64fb,600,evaluation,20,4,87,1,1,-0.01000000,-0.02000000,2.669108471309e-5
evaluation,205ad7c3918e64fb,600,evaluation,21,5,86,0,1,-0.02000000,-0.02000000,-7.849186658859e-6
evaluation,205ad7c3918e64fb,600,evaluation,21,5,86,1,0,-0.01000000,0.00000000,-2.646818757057e-6
evaluation,205ad7c3918e64fb,600,evaluation,22,6,85,0,1,0.02000000,-0.02000000,3.865715116262e-4
evaluation,205ad7c3918e64fb,600,evaluation,22,6,85,1,0,0.01000000,0.00000000,2.041670231847e-4
evaluation,205ad7c3918e64fb,600,evaluation,23,7,84,0,0,0.02000000,0.00000000,1.303404569626e-4
evaluation,205ad7c3918e64fb,600,evaluation,23,7,84,1,1,0.01000000,-0.02000000,1.040343195200e-4
evaluation,205ad7c3918e64fb,600,evaluation,24,8,83,0,1,0.02000000,-0.02000000,2.140228898497e-4
evaluation,205ad7c3918e64fb,600,evaluation,24,8,83,1,0,0.01000000,0.00000000,1.075087711797e-4
evaluation,205ad7c3918e64fb,600,evaluation,25,9,82,0,1,0.02000000,-0.02000000,-7.558986544609e-5
evaluation,205ad7c3918e64fb,600,evaluation,25,9,82,1,0,0.01000000,0.00000000,-3.691203892231e-5
evaluation,205ad7c3918e64fb,600,evaluation,26,10,81,0,1,0.02000000,-0.02000000,5.997779589961e-5
evaluation,205ad7c3918e64fb,600,evaluation,26,10,81,1,0,0.01000000,0.00000000,4.337976497482e-5
evaluation,205ad7c3918e64fb,600,evaluation,27,11,80,0,0,0.02000000,0.00000000,1.363089977531e-4
evaluation,205ad7c3918e64fb,600,evaluation,27,11,80,1,1,0.01000000,-0.02000000,7.311502849916e-5
evaluation,205ad7c3918e64fb,600,evaluation,28,12,79,0,1,-0.02000000,-0.01000000,6.471822416643e-5
evaluation,205ad7c3918e64fb,600,evaluation,28,12,79,1,0,-0.01000000,-0.02000000,4.184122008155e-5
evaluation,205ad7c3918e64fb,600,evaluation,29,13,78,0,1,-0.02000000,0.01000000,3.197342157364e-4
evaluation,205ad7c3918e64fb,600,evaluation,29,13,78,1,0,-0.01000000,0.02000000,2.887131122407e-4
evaluation,205ad7c3918e64fb,600,evaluation,30,14,77,0,1,-0.02000000,-0.01000000,-1.417982130079e-4
evaluation,205ad7c3918e64fb,600,evaluation,30,14,77,1,0,-0.01000000,-0.02000000,1.613609492779e-5
evaluation,205ad7c3918e64fb,600,evaluation,31,15,76,0,1,-0.02000000,-0.01000000,4.265022653271e-5
evaluation,205ad7c3918e64fb,600,evaluation,31,15,76,1,0,-0.01000000,-0.02000000,1.274850219488e-4
evaluation,205ad7c3918e64fb,600,evaluation,32,16,75,0,1,0.02000000,-0.01000000,1.051810904755e-4
evaluation,205ad7c3918e64fb,600,evaluation,32,16,75,1,0,0.01000000,-0.02000000,1.854412257671e-4
evaluation,205ad7c3918e64fb,600,evaluation,33,17,74,0,0,0.01000000,0.02000000,6.170695269248e-5
evaluation,205ad7c3918e64fb,600,evaluation,33,17,74,1,1,0.02000000,0.01000000,5.601222437690e-5
evaluation,205ad7c3918e64fb,600,evaluation,34,18,73,0,0,-0.02000000,-0.02000000,2.849580196198e-4
evaluation,205ad7c3918e64fb,600,evaluation,34,18,73,1,1,-0.01000000,-0.01000000,1.464728266001e-4
evaluation,205ad7c3918e64fb,600,evaluation,35,19,72,0,0,0.02000000,-0.02000000,2.736244350672e-4
evaluation,205ad7c3918e64fb,600,evaluation,35,19,72,1,1,0.01000000,-0.01000000,1.442003995180e-4
evaluation,205ad7c3918e64fb,600,evaluation,36,20,71,0,1,0.02000000,-0.01000000,3.157115133945e-4
evaluation,205ad7c3918e64fb,600,evaluation,36,20,71,1,0,0.01000000,-0.02000000,1.802562474040e-4
evaluation,205ad7c3918e64fb,600,evaluation,37,21,70,0,0,0.02000000,0.02000000,-1.120207234635e-4
evaluation,205ad7c3918e64fb,600,evaluation,37,21,70,1,1,0.01000000,0.01000000,-2.604474684631e-5
evaluation,205ad7c3918e64fb,600,evaluation,38,22,69,0,0,0.02000000,-0.02000000,-3.508639929350e-4
evaluation,205ad7c3918e64fb,600,evaluation,38,22,69,1,1,0.01000000,-0.01000000,-1.719910651445e-4
evaluation,205ad7c3918e64fb,600,evaluation,39,23,68,0,0,-0.02000000,-0.02000000,4.880502820015e-5
evaluation,205ad7c3918e64fb,600,evaluation,39,23,68,1,1,-0.01000000,-0.01000000,6.125619256636e-5
evaluation,205ad7c3918e64fb,600,evaluation,40,24,67,0,1,0.02000000,-0.01000000,8.285728836199e-5
evaluation,205ad7c3918e64fb,600,evaluation,40,24,67,1,0,0.01000000,-0.02000000,8.896241342882e-5
evaluation,205ad7c3918e64fb,600,evaluation,41,25,66,0,1,0.02000000,0.01000000,4.556961357594e-5
evaluation,205ad7c3918e64fb,600,evaluation,41,25,66,1,0,0.01000000,0.02000000,4.268747943570e-5
evaluation,205ad7c3918e64fb,600,evaluation,42,26,65,0,0,-0.02000000,-0.02000000,3.051633711948e-6
evaluation,205ad7c3918e64fb,600,evaluation,42,26,65,1,1,-0.01000000,-0.01000000,1.562138436384e-6
evaluation,205ad7c3918e64fb,600,evaluation,43,27,64,0,0,0.02000000,-0.02000000,2.006677241297e-4
evaluation,205ad7c3918e64fb,600,evaluation,43,27,64,1,1,0.01000000,-0.01000000,1.007411628962e-4
evaluation,205ad7c3918e64fb,600,evaluation,44,28,63,0,1,0.02000000,0.01000000,1.100252047763e-4
evaluation,205ad7c3918e64fb,600,evaluation,44,28,63,1,0,0.01000000,0.02000000,6.259729707381e-5
evaluation,205ad7c3918e64fb,600,evaluation,45,29,62,0,1,0.02000000,-0.01000000,1.139882951975e-4
evaluation,205ad7c3918e64fb,600,evaluation,45,29,62,1,0,0.01000000,-0.02000000,1.379207969876e-4
evaluation,205ad7c3918e64fb,600,evaluation,46,30,61,0,1,-0.02000000,0.01000000,2.045743167400e-4
evaluation,205ad7c3918e64fb,600,evaluation,46,30,61,1,0,-0.01000000,0.02000000,1.694690436125e-4
evaluation,205ad7c3918e64fb,600,evaluation,47,31,60,0,0,0.02000000,0.02000000,9.374568617204e-5
evaluation,205ad7c3918e64fb,600,evaluation,47,31,60,1,1,0.01000000,0.01000000,4.714603346656e-5
evaluation,205ad7c3918e64fb,600,evaluation,48,32,59,0,0,-0.02000000,0.02000000,3.368606267031e-4
evaluation,205ad7c3918e64fb,600,evaluation,48,32,59,1,1,-0.01000000,0.01000000,1.689984201221e-4
evaluation,205ad7c3918e64fb,600,evaluation,49,33,58,0,1,0.00000000,0.00000000,0.000000000000e0
evaluation,205ad7c3918e64fb,600,evaluation,49,33,58,1,0,-0.02000000,-0.00500000,7.132689006539e-6
evaluation,205ad7c3918e64fb,600,evaluation,50,34,57,0,0,0.02000000,0.02000000,9.969560051104e-5
evaluation,205ad7c3918e64fb,600,evaluation,50,34,57,1,1,0.01000000,0.01000000,5.017345029046e-5
evaluation,205ad7c3918e64fb,600,evaluation,51,35,56,0,0,-0.02000000,0.02000000,5.252200062387e-4
evaluation,205ad7c3918e64fb,600,evaluation,51,35,56,1,1,-0.01000000,0.01000000,2.598464488983e-4
evaluation,205ad7c3918e64fb,600,evaluation,52,36,55,0,1,-0.02000000,-0.02000000,3.105712530669e-4
evaluation,205ad7c3918e64fb,600,evaluation,52,36,55,1,0,-0.01000000,0.00000000,1.413517893525e-4
evaluation,205ad7c3918e64fb,600,evaluation,53,37,54,0,1,-0.02000000,-0.02000000,2.108073531417e-4
evaluation,205ad7c3918e64fb,600,evaluation,53,37,54,1,0,-0.01000000,0.00000000,1.055256798281e-4
evaluation,205ad7c3918e64fb,600,evaluation,54,38,53,0,1,0.02000000,-0.02000000,3.169160336256e-4
evaluation,205ad7c3918e64fb,600,evaluation,54,38,53,1,0,0.01000000,0.00000000,1.591027976247e-4
evaluation,205ad7c3918e64fb,600,evaluation,55,39,52,0,1,-0.02000000,-0.02000000,1.327010522800e-5
evaluation,205ad7c3918e64fb,600,evaluation,55,39,52,1,0,-0.01000000,0.00000000,6.835907697678e-6
evaluation,205ad7c3918e64fb,600,evaluation,56,40,51,0,0,0.00000000,0.00000000,0.000000000000e0
evaluation,205ad7c3918e64fb,600,evaluation,56,40,51,1,1,-0.02000000,-0.02000000,0.000000000000e0
evaluation,205ad7c3918e64fb,600,evaluation,57,41,50,0,1,0.00000000,-0.02000000,0.000000000000e0
evaluation,205ad7c3918e64fb,600,evaluation,57,41,50,1,0,-0.02000000,0.00000000,0.000000000000e0
evaluation,205ad7c3918e64fb,600,evaluation,58,42,49,0,0,0.00000000,0.00000000,0.000000000000e0
evaluation,205ad7c3918e64fb,600,evaluation,58,42,49,1,1,-0.02000000,-0.02000000,0.000000000000e0
evaluation,205ad7c3918e64fb,600,evaluation,59,43,48,0,1,0.00000000,-0.02000000,0.000000000000e0
evaluation,205ad7c3918e64fb,600,evaluation,59,43,48,1,0,-0.02000000,0.00000000,0.000000000000e0
evaluation,205ad7c3918e64fb,600,evaluation,60,44,47,0,0,0.00000000,0.00000000,0.000000000000e0
evaluation,205ad7c3918e64fb,600,evaluation,60,44,47,1,1,-0.02000000,-0.02000000,0.000000000000e0
evaluation,205ad7c3918e64fb,600,evaluation,61,45,46,0,0,0.00000000,0.00000000,0.000000000000e0
evaluation,205ad7c3918e64fb,600,evaluation,61,45,46,1,1,-0.02000000,-0.02000000,0.000000000000e0
evaluation,205ad7c3918e64fb,2400,development,1,63,61,0,1,0.02000000,0.01000000,1.362080947729e-4
evaluation,205ad7c3918e64fb,2400,development,1,63,61,1,0,0.01000000,0.02000000,3.524493949953e-4
evaluation,205ad7c3918e64fb,2400,development,2,64,60,0,1,0.02000000,0.01000000,6.536611908814e-5
evaluation,205ad7c3918e64fb,2400,development,2,64,60,1,0,0.01000000,0.02000000,2.267540694447e-4
evaluation,205ad7c3918e64fb,2400,development,3,65,59,0,1,0.02000000,0.01000000,8.963824802777e-5
evaluation,205ad7c3918e64fb,2400,development,3,65,59,1,0,0.01000000,0.02000000,1.687540934654e-4
evaluation,205ad7c3918e64fb,2400,development,4,66,58,0,1,0.02000000,-0.01000000,3.799249825533e-4
evaluation,205ad7c3918e64fb,2400,development,4,66,58,1,0,0.01000000,-0.02000000,5.920517141931e-4
evaluation,205ad7c3918e64fb,2400,development,5,67,57,0,1,-0.02000000,0.01000000,8.545132732252e-5
evaluation,205ad7c3918e64fb,2400,development,5,67,57,1,0,-0.01000000,0.02000000,1.317365095019e-4
evaluation,205ad7c3918e64fb,2400,development,6,68,56,0,0,-0.02000000,0.02000000,9.320055251010e-4
evaluation,205ad7c3918e64fb,2400,development,6,68,56,1,1,-0.01000000,0.01000000,4.702880978584e-4
evaluation,205ad7c3918e64fb,2400,development,7,69,55,0,1,0.02000000,-0.02000000,-2.581129410828e-5
evaluation,205ad7c3918e64fb,2400,development,7,69,55,1,0,0.01000000,0.00000000,-1.289447118324e-5
evaluation,205ad7c3918e64fb,2400,development,8,70,54,0,1,0.02000000,-0.02000000,-4.792772233486e-5
evaluation,205ad7c3918e64fb,2400,development,8,70,54,1,0,0.01000000,0.00000000,-2.317937651242e-5
evaluation,205ad7c3918e64fb,2400,development,9,71,53,0,1,0.02000000,-0.02000000,4.958578574588e-5
evaluation,205ad7c3918e64fb,2400,development,9,71,53,1,0,0.01000000,0.00000000,1.296214759350e-5
evaluation,205ad7c3918e64fb,2400,development,10,72,52,0,1,-0.02000000,-0.02000000,5.749650299549e-4
evaluation,205ad7c3918e64fb,2400,development,10,72,52,1,0,-0.01000000,0.00000000,2.939492987934e-4
evaluation,205ad7c3918e64fb,2400,development,11,73,51,0,0,-0.02000000,0.00000000,1.567136496305e-4
evaluation,205ad7c3918e64fb,2400,development,11,73,51,1,1,-0.01000000,-0.02000000,7.843878120184e-5
evaluation,205ad7c3918e64fb,2400,development,12,74,50,0,1,0.02000000,-0.02000000,3.783789870795e-4
evaluation,205ad7c3918e64fb,2400,development,12,74,50,1,0,0.01000000,0.00000000,1.900090574054e-4
evaluation,205ad7c3918e64fb,2400,development,13,75,49,0,0,-0.02000000,0.00000000,3.202731313650e-4
evaluation,205ad7c3918e64fb,2400,development,13,75,49,1,1,-0.01000000,-0.02000000,1.749197690515e-4
evaluation,205ad7c3918e64fb,2400,development,14,76,48,0,1,-0.02000000,-0.02000000,2.877904626075e-4
evaluation,205ad7c3918e64fb,2400,development,14,76,48,1,0,-0.01000000,0.00000000,1.454015000490e-4
evaluation,205ad7c3918e64fb,2400,development,15,77,47,0,0,-0.02000000,-0.02000000,1.611793413758e-4
evaluation,205ad7c3918e64fb,2400,development,15,77,47,1,1,-0.01000000,-0.01000000,8.642269676784e-5
evaluation,205ad7c3918e64fb,2400,development,16,78,46,0,1,0.02000000,-0.01000000,-3.458168357611e-4
evaluation,205ad7c3918e64fb,2400,development,16,78,46,1,0,0.01000000,-0.02000000,-1.127027571783e-4
evaluation,205ad7c3918e64fb,2400,development,17,79,45,0,0,-0.02000000,-0.02000000,-2.825912088156e-4
evaluation,205ad7c3918e64fb,2400,development,17,79,45,1,1,-0.01000000,-0.01000000,-1.132578254328e-4
evaluation,205ad7c3918e64fb,2400,development,18,80,44,0,1,-0.02000000,-0.01000000,4.802085459232e-5
evaluation,205ad7c3918e64fb,2400,development,18,80,44,1,0,-0.01000000,-0.02000000,4.547399657895e-5
evaluation,205ad7c3918e64fb,2400,development,19,81,43,0,0,-0.02000000,-0.02000000,5.329586565495e-5
evaluation,205ad7c3918e64fb,2400,development,19,81,43,1,1,-0.01000000,-0.01000000,2.791670522129e-5
evaluation,205ad7c3918e64fb,2400,development,20,82,42,0,1,0.00000000,0.01000000,5.619817602565e-5
evaluation,205ad7c3918e64fb,2400,development,20,82,42,1,0,-0.02000000,0.02000000,1.122343019233e-4
evaluation,205ad7c3918e64fb,2400,development,21,83,41,0,1,-0.02000000,-0.01000000,1.598087510502e-5
evaluation,205ad7c3918e64fb,2400,development,21,83,41,1,0,-0.01000000,-0.02000000,2.336315810680e-5
evaluation,205ad7c3918e64fb,2400,development,22,84,40,0,1,-0.02000000,-0.01000000,9.165611118078e-5
evaluation,205ad7c3918e64fb,2400,development,22,84,40,1,0,-0.01000000,-0.02000000,1.821933983592e-4
evaluation,205ad7c3918e64fb,2400,development,23,85,39,0,1,-0.02000000,0.01000000,3.538392484188e-4
evaluation,205ad7c3918e64fb,2400,development,23,85,39,1,0,-0.01000000,0.02000000,4.758788272738e-4
evaluation,205ad7c3918e64fb,2400,development,24,86,38,0,0,0.00000000,0.02000000,-1.771800889401e-4
evaluation,205ad7c3918e64fb,2400,development,24,86,38,1,1,-0.02000000,0.01000000,-8.136840915540e-5
evaluation,205ad7c3918e64fb,2400,development,25,87,37,0,0,-0.02000000,0.02000000,5.698048698832e-5
evaluation,205ad7c3918e64fb,2400,development,25,87,37,1,1,-0.01000000,0.01000000,2.935715019703e-5
evaluation,205ad7c3918e64fb,2400,development,26,88,36,0,1,0.02000000,-0.01000000,8.955448865891e-4
evaluation,205ad7c3918e64fb,2400,development,26,88,36,1,0,0.01000000,-0.02000000,6.229101563804e-4
evaluation,205ad7c3918e64fb,2400,development,27,89,35,0,0,0.02000000,0.02000000,-1.684614457190e-3
evaluation,205ad7c3918e64fb,2400,development,27,89,35,1,1,0.01000000,0.01000000,-6.966159562580e-4
evaluation,205ad7c3918e64fb,2400,development,28,90,34,0,0,-0.02000000,0.02000000,4.110640657018e-5
evaluation,205ad7c3918e64fb,2400,development,28,90,34,1,1,-0.01000000,0.01000000,3.142934292555e-5
evaluation,205ad7c3918e64fb,2400,development,29,91,33,0,1,0.00000000,0.01000000,-4.897080361843e-5
evaluation,205ad7c3918e64fb,2400,development,29,91,33,1,0,-0.02000000,0.02000000,-9.806143498281e-5
evaluation,205ad7c3918e64fb,2400,development,30,92,32,0,1,0.02000000,0.01000000,4.545121046249e-4
evaluation,205ad7c3918e64fb,2400,development,30,92,32,1,0,0.01000000,0.02000000,2.436153590679e-4
evaluation,205ad7c3918e64fb,2400,development,31,93,31,0,1,0.02000000,0.01000000,-1.728637143970e-4
evaluation,205ad7c3918e64fb,2400,development,31,93,31,1,0,0.01000000,0.02000000,-2.477510424796e-4
evaluation,205ad7c3918e64fb,2400,development,32,94,30,0,1,-0.02000000,0.01000000,2.109715715051e-4
evaluation,205ad7c3918e64fb,2400,development,32,94,30,1,0,-0.01000000,0.02000000,3.077468427364e-4
evaluation,205ad7c3918e64fb,2400,development,33,95,29,0,0,-0.02000000,0.02000000,1.281443983316e-4
evaluation,205ad7c3918e64fb,2400,development,33,95,29,1,1,-0.01000000,0.01000000,6.508268415928e-5
evaluation,205ad7c3918e64fb,2400,development,34,96,28,0,1,-0.02000000,0.01000000,5.835506017320e-4
evaluation,205ad7c3918e64fb,2400,development,34,96,28,1,0,-0.01000000,0.02000000,5.159949068911e-4
evaluation,205ad7c3918e64fb,2400,development,35,97,27,0,0,0.02000000,0.02000000,4.026619717479e-4
evaluation,205ad7c3918e64fb,2400,development,35,97,27,1,1,0.01000000,0.01000000,2.365242689848e-4
evaluation,205ad7c3918e64fb,2400,development,36,98,26,0,0,-0.02000000,-0.02000000,-1.119294538512e-4
evaluation,205ad7c3918e64fb,2400,development,36,98,26,1,1,-0.01000000,-0.01000000,-5.493189019035e-5
evaluation,205ad7c3918e64fb,2400,development,37,99,25,0,1,0.00000000,0.01000000,6.349695468089e-5
evaluation,205ad7c3918e64fb,2400,development,37,99,25,1,0,-0.02000000,0.02000000,1.269169151783e-4
evaluation,205ad7c3918e64fb,2400,development,38,100,24,0,1,-0.02000000,0.01000000,9.819865226746e-4
evaluation,205ad7c3918e64fb,2400,development,38,100,24,1,0,-0.01000000,0.02000000,6.910904194228e-4
evaluation,205ad7c3918e64fb,2400,development,39,101,23,0,0,0.02000000,-0.02000000,7.473646110157e-5
evaluation,205ad7c3918e64fb,2400,development,39,101,23,1,1,0.01000000,-0.01000000,1.272177323699e-4
evaluation,205ad7c3918e64fb,2400,development,40,102,22,0,0,-0.02000000,-0.02000000,1.593944267370e-3
evaluation,205ad7c3918e64fb,2400,development,40,102,22,1,1,-0.01000000,-0.01000000,9.027983178385e-4
evaluation,205ad7c3918e64fb,2400,development,41,103,21,0,1,-0.02000000,-0.01000000,-1.573668123456e-4
evaluation,205ad7c3918e64fb,2400,development,41,103,21,1,0,-0.01000000,-0.02000000,-2.473760396242e-4
evaluation,205ad7c3918e64fb,2400,development,42,104,20,0,0,-0.02000000,0.02000000,9.940905729309e-4
evaluation,205ad7c3918e64fb,2400,development,42,104,20,1,1,-0.01000000,0.01000000,5.185979534872e-4
evaluation,205ad7c3918e64fb,2400,development,43,105,19,0,0,-0.02000000,-0.02000000,-6.664485554211e-4
evaluation,205ad7c3918e64fb,2400,development,43,105,19,1,1,-0.01000000,-0.01000000,-2.474132925272e-4
evaluation,205ad7c3918e64fb,2400,development,44,106,18,0,0,-0.02000000,0.02000000,-7.148490840336e-5
evaluation,205ad7c3918e64fb,2400,development,44,106,18,1,1,-0.01000000,0.01000000,-1.691902639323e-6
evaluation,205ad7c3918e64fb,2400,development,45,107,17,0,1,0.00000000,0.01000000,1.793016417651e-4
evaluation,205ad7c3918e64fb,2400,development,45,107,17,1,0,-0.02000000,0.02000000,3.246022388339e-4
evaluation,205ad7c3918e64fb,2400,development,46,108,16,0,1,-0.02000000,-0.01000000,-4.991593887098e-4
evaluation,205ad7c3918e64fb,2400,development,46,108,16,1,0,-0.01000000,-0.02000000,-5.729421973228e-4
evaluation,205ad7c3918e64fb,2400,development,47,109,15,0,0,-0.02000000,0.02000000,1.237112679519e-3
evaluation,205ad7c3918e64fb,2400,development,47,109,15,1,1,-0.01000000,0.01000000,6.590529228561e-4
evaluation,205ad7c3918e64fb,2400,development,48,110,14,0,0,-0.02000000,-0.02000000,6.733642076142e-4
evaluation,205ad7c3918e64fb,2400,development,48,110,14,1,1,-0.01000000,-0.01000000,3.830964269582e-4
evaluation,205ad7c3918e64fb,2400,development,49,111,13,0,0,-0.02000000,-0.02000000,-4.804174823221e-4
evaluation,205ad7c3918e64fb,2400,development,49,111,13,1,1,-0.01000000,-0.01000000,-2.118463889929e-4
evaluation,205ad7c3918e64fb,2400,development,50,112,12,0,0,0.02000000,0.00500000,8.382148225792e-4
evaluation,205ad7c3918e64fb,2400,development,50,112,12,1,1,0.01000000,0.01000000,6.748195737600e-4
evaluation,205ad7c3918e64fb,2400,development,51,113,11,0,1,-0.02000000,-0.01000000,7.202662527561e-5
evaluation,205ad7c3918e64fb,2400,development,51,113,11,1,0,-0.01000000,-0.02000000,-2.252369449707e-4
evaluation,205ad7c3918e64fb,2400,development,52,114,10,0,1,0.02000000,0.01000000,7.107201963663e-5
evaluation,205ad7c3918e64fb,2400,development,52,114,10,1,0,0.01000000,0.02000000,3.652585146483e-4
evaluation,205ad7c3918e64fb,2400,development,53,115,9,0,1,0.00000000,-0.01000000,2.984429302160e-4
evaluation,205ad7c3918e64fb,2400,development,53,115,9,1,0,-0.02000000,-0.02000000,5.684653297067e-4
evaluation,205ad7c3918e64fb,2400,development,54,116,8,0,1,0.02000000,0.01000000,6.969161331654e-4
evaluation,205ad7c3918e64fb,2400,development,54,116,8,1,0,0.01000000,0.02000000,5.653643165715e-4
evaluation,205ad7c3918e64fb,2400,development,55,117,7,0,1,-0.02000000,-0.01000000,2.676493895706e-4
evaluation,205ad7c3918e64fb,2400,development,55,117,7,1,0,-0.01000000,-0.02000000,5.250368267298e-4
evaluation,205ad7c3918e64fb,2400,development,56,118,6,0,0,0.02000000,-0.02000000,-6.356881931424e-4
evaluation,205ad7c3918e64fb,2400,development,56,118,6,1,1,0.01000000,-0.01000000,-3.095809370279e-4
evaluation,205ad7c3918e64fb,2400,development,57,119,5,0,1,0.02000000,0.01000000,1.981345267268e-4
evaluation,205ad7c3918e64fb,2400,development,57,119,5,1,0,0.01000000,0.02000000,3.929057565983e-4
evaluation,205ad7c3918e64fb,2400,development,58,120,4,0,0,0.02000000,-0.02000000,-1.291278749704e-5
evaluation,205ad7c3918e64fb,2400,development,58,120,4,1,1,0.01000000,-0.01000000,1.418435294909e-5
evaluation,205ad7c3918e64fb,2400,development,59,121,3,0,0,-0.02000000,-0.02000000,7.480767671950e-4
evaluation,205ad7c3918e64fb,2400,development,59,121,3,1,1,-0.01000000,-0.01000000,3.938165900763e-4
evaluation,205ad7c3918e64fb,2400,development,60,122,2,0,0,0.02000000,0.02000000,8.368777926080e-4
evaluation,205ad7c3918e64fb,2400,development,60,122,2,1,1,0.01000000,0.01000000,4.408598470036e-4
evaluation,205ad7c3918e64fb,2400,development,61,0,1,0,0,0.02000000,-0.02000000,8.221281314036e-5
evaluation,205ad7c3918e64fb,2400,development,61,0,1,1,1,0.01000000,-0.01000000,1.141270622611e-4
evaluation,205ad7c3918e64fb,2400,evaluation,1,63,61,0,0,0.02000000,0.02000000,2.995046379510e-4
evaluation,205ad7c3918e64fb,2400,evaluation,1,63,61,1,1,0.01000000,0.01000000,1.824162900448e-4
evaluation,205ad7c3918e64fb,2400,evaluation,2,64,60,0,0,0.02000000,0.02000000,1.935344189405e-4
evaluation,205ad7c3918e64fb,2400,evaluation,2,64,60,1,1,0.01000000,0.01000000,9.858576959232e-5
evaluation,205ad7c3918e64fb,2400,evaluation,3,65,59,0,0,0.02000000,0.02000000,1.621535047889e-4
evaluation,205ad7c3918e64fb,2400,evaluation,3,65,59,1,1,0.01000000,0.01000000,9.625250095269e-5
evaluation,205ad7c3918e64fb,2400,evaluation,4,66,58,0,0,0.02000000,-0.02000000,6.463425233960e-4
evaluation,205ad7c3918e64fb,2400,evaluation,4,66,58,1,1,0.01000000,-0.01000000,3.250796871725e-4
evaluation,205ad7c3918e64fb,2400,evaluation,5,67,57,0,0,-0.02000000,0.02000000,1.447058020858e-4
evaluation,205ad7c3918e64fb,2400,evaluation,5,67,57,1,1,-0.01000000,0.01000000,7.247334724525e-5
evaluation,205ad7c3918e64fb,2400,evaluation,6,68,56,0,1,-0.02000000,0.01000000,4.934637690894e-4
evaluation,205ad7c3918e64fb,2400,evaluation,6,68,56,1,0,-0.01000000,0.02000000,9.088299120776e-4
evaluation,205ad7c3918e64fb,2400,evaluation,7,69,55,0,0,0.02000000,0.00000000,-2.581129410828e-5
evaluation,205ad7c3918e64fb,2400,evaluation,7,69,55,1,1,0.01000000,-0.02000000,-1.289447118324e-5
evaluation,205ad7c3918e64fb,2400,evaluation,8,70,54,0,0,0.02000000,0.00000000,-4.792772233486e-5
evaluation,205ad7c3918e64fb,2400,evaluation,8,70,54,1,1,0.01000000,-0.02000000,-2.317937651242e-5
evaluation,205ad7c3918e64fb,2400,evaluation,9,71,53,0,0,0.02000000,0.00000000,4.958578574588e-5
evaluation,205ad7c3918e64fb,2400,evaluation,9,71,53,1,1,0.01000000,-0.02000000,1.296214759350e-5
evaluation,205ad7c3918e64fb,2400,evaluation,10,72,52,0,0,-0.02000000,0.00000000,5.749650299549e-4
evaluation,205ad7c3918e64fb,2400,evaluation,10,72,52,1,1,-0.01000000,-0.02000000,2.939492987934e-4
evaluation,205ad7c3918e64fb,2400,evaluation,11,73,51,0,1,-0.02000000,-0.02000000,1.567136496305e-4
evaluation,205ad7c3918e64fb,2400,evaluation,11,73,51,1,0,-0.01000000,0.00000000,7.843878120184e-5
evaluation,205ad7c3918e64fb,2400,evaluation,12,74,50,0,0,0.02000000,0.00000000,3.783789870795e-4
evaluation,205ad7c3918e64fb,2400,evaluation,12,74,50,1,1,0.01000000,-0.02000000,1.900090574054e-4
evaluation,205ad7c3918e64fb,2400,evaluation,13,75,49,0,1,-0.02000000,-0.02000000,3.202731313650e-4
evaluation,205ad7c3918e64fb,2400,evaluation,13,75,49,1,0,-0.01000000,0.00000000,1.749197690515e-4
evaluation,205ad7c3918e64fb,2400,evaluation,14,76,48,0,0,-0.02000000,0.00000000,2.877904626075e-4
evaluation,205ad7c3918e64fb,2400,evaluation,14,76,48,1,1,-0.01000000,-0.02000000,1.454015000490e-4
evaluation,205ad7c3918e64fb,2400,evaluation,15,77,47,0,1,-0.02000000,-0.01000000,2.060048282146e-4
evaluation,205ad7c3918e64fb,2400,evaluation,15,77,47,1,0,-0.01000000,-0.02000000,4.419311881065e-5
evaluation,205ad7c3918e64fb,2400,evaluation,16,78,46,0,0,0.02000000,-0.02000000,-3.210796567146e-4
evaluation,205ad7c3918e64fb,2400,evaluation,16,78,46,1,1,0.01000000,-0.01000000,-1.373455597786e-4
evaluation,205ad7c3918e64fb,2400,evaluation,17,79,45,0,1,-0.02000000,-0.01000000,-3.154209407512e-4
evaluation,205ad7c3918e64fb,2400,evaluation,17,79,45,1,0,-0.01000000,-0.02000000,-7.785949856043e-5
evaluation,205ad7c3918e64fb,2400,evaluation,18,80,44,0,0,-0.02000000,-0.02000000,6.219806527952e-5
evaluation,205ad7c3918e64fb,2400,evaluation,18,80,44,1,1,-0.01000000,-0.01000000,3.127070885967e-5
evaluation,205ad7c3918e64fb,2400,evaluation,19,81,43,0,1,-0.02000000,-0.01000000,2.963934093714e-5
evaluation,205ad7c3918e64fb,2400,evaluation,19,81,43,1,0,-0.01000000,-0.02000000,5.159247666597e-5
evaluation,205ad7c3918e64fb,2400,evaluation,20,82,42,0,0,0.00000000,0.02000000,1.122343019233e-4
evaluation,205ad7c3918e64fb,2400,evaluation,20,82,42,1,1,-0.02000000,0.01000000,5.619817602565e-5
evaluation,205ad7c3918e64fb,2400,evaluation,21,83,41,0,0,-0.02000000,-0.02000000,2.616768142616e-5
evaluation,205ad7c3918e64fb,2400,evaluation,21,83,41,1,1,-0.01000000,-0.01000000,1.316455472988e-5
evaluation,205ad7c3918e64fb,2400,evaluation,22,84,40,0,0,-0.02000000,-0.02000000,1.821673213271e-4
evaluation,205ad7c3918e64fb,2400,evaluation,22,84,40,1,1,-0.01000000,-0.01000000,9.165921801468e-5
evaluation,205ad7c3918e64fb,2400,evaluation,23,85,39,0,0,-0.02000000,0.02000000,4.836175066885e-4
evaluation,205ad7c3918e64fb,2400,evaluation,23,85,39,1,1,-0.01000000,0.01000000,3.462756576482e-4
evaluation,205ad7c3918e64fb,2400,evaluation,24,86,38,0,1,0.00000000,0.01000000,-8.336392784258e-5
evaluation,205ad7c3918e64fb,2400,evaluation,24,86,38,1,0,-0.02000000,0.02000000,-1.751845702529e-4
evaluation,205ad7c3918e64fb,2400,evaluation,25,87,37,0,1,-0.02000000,0.01000000,3.591955828597e-5
evaluation,205ad7c3918e64fb,2400,evaluation,25,87,37,1,0,-0.01000000,0.02000000,5.033363777329e-5
evaluation,205ad7c3918e64fb,2400,evaluation,26,88,36,0,0,0.02000000,-0.02000000,9.913826361299e-4
evaluation,205ad7c3918e64fb,2400,evaluation,26,88,36,1,1,0.01000000,-0.01000000,5.252044647932e-4
evaluation,205ad7c3918e64fb,2400,evaluation,27,89,35,0,1,0.02000000,0.01000000,-1.365105039440e-3
evaluation,205ad7c3918e64fb,2400,evaluation,27,89,35,1,0,0.01000000,0.02000000,-9.371126070619e-4
evaluation,205ad7c3918e64fb,2400,evaluation,28,90,34,0,1,-0.02000000,0.01000000,-2.618102917040e-5
evaluation,205ad7c3918e64fb,2400,evaluation,28,90,34,1,0,-0.01000000,0.02000000,9.771467739483e-5
evaluation,205ad7c3918e64fb,2400,evaluation,29,91,33,0,0,0.00000000,0.02000000,-9.806143498281e-5
evaluation,205ad7c3918e64fb,2400,evaluation,29,91,33,1,1,-0.02000000,0.01000000,-4.897080361843e-5
evaluation,205ad7c3918e64fb,2400,evaluation,30,92,32,0,0,0.02000000,0.02000000,4.249370249454e-4
evaluation,205ad7c3918e64fb,2400,evaluation,30,92,32,1,1,0.01000000,0.01000000,2.762700023595e-4
evaluation,205ad7c3918e64fb,2400,evaluation,31,93,31,0,0,0.02000000,0.02000000,-3.009956853930e-4
evaluation,205ad7c3918e64fb,2400,evaluation,31,93,31,1,1,0.01000000,0.01000000,-1.179905011668e-4
evaluation,205ad7c3918e64fb,2400,evaluation,32,94,30,0,0,-0.02000000,0.02000000,3.205323591828e-4
evaluation,205ad7c3918e64fb,2400,evaluation,32,94,30,1,1,-0.01000000,0.01000000,1.925875694724e-4
evaluation,205ad7c3918e64fb,2400,evaluation,33,95,29,0,1,-0.02000000,0.01000000,6.783319258830e-5
evaluation,205ad7c3918e64fb,2400,evaluation,33,95,29,1,0,-0.01000000,0.02000000,1.255950628547e-4
evaluation,205ad7c3918e64fb,2400,evaluation,34,96,28,0,0,-0.02000000,0.02000000,7.326062768698e-4
evaluation,205ad7c3918e64fb,2400,evaluation,34,96,28,1,1,-0.01000000,0.01000000,3.673098981380e-4
evaluation,205ad7c3918e64fb,2400,evaluation,35,97,27,0,1,0.02000000,0.01000000,1.841190533014e-4
evaluation,205ad7c3918e64fb,2400,evaluation,35,97,27,1,0,0.01000000,0.02000000,4.547219723463e-4
evaluation,205ad7c3918e64fb,2400,evaluation,36,98,26,0,1,-0.02000000,-0.01000000,-1.880905329017e-4
evaluation,205ad7c3918e64fb,2400,evaluation,36,98,26,1,0,-0.01000000,-0.02000000,2.099263110722e-5
evaluation,205ad7c3918e64fb,2400,evaluation,37,99,25,0,0,0.00000000,0.02000000,1.269169151783e-4
evaluation,205ad7c3918e64fb,2400,evaluation,37,99,25,1,1,-0.02000000,0.01000000,6.349695468089e-5
evaluation,205ad7c3918e64fb,2400,evaluation,38,100,24,0,0,-0.02000000,0.02000000,1.107329502702e-3
evaluation,205ad7c3918e64fb,2400,evaluation,38,100,24,1,1,-0.01000000,0.01000000,5.634470726363e-4
evaluation,205ad7c3918e64fb,2400,evaluation,39,101,23,0,1,0.02000000,-0.01000000,1.803465856938e-4
evaluation,205ad7c3918e64fb,2400,evaluation,39,101,23,1,0,0.01000000,-0.02000000,1.621463707124e-5
evaluation,205ad7c3918e64fb,2400,evaluation,40,102,22,0,1,-0.02000000,-0.01000000,5.543576553464e-4
evaluation,205ad7c3918e64fb,2400,evaluation,40,102,22,1,0,-0.01000000,-0.02000000,1.943824230693e-3
evaluation,205ad7c3918e64fb,2400,evaluation,41,103,21,0,0,-0.02000000,-0.02000000,-2.513602375984e-4
evaluation,205ad7c3918e64fb,2400,evaluation,41,103,21,1,1,-0.01000000,-0.01000000,-1.524575054646e-4
evaluation,205ad7c3918e64fb,2400,evaluation,42,104,20,0,1,-0.02000000,0.01000000,6.093895062804e-4
evaluation,205ad7c3918e64fb,2400,evaluation,42,104,20,1,0,-0.01000000,0.02000000,9.044154430740e-4
evaluation,205ad7c3918e64fb,2400,evaluation,43,105,19,0,1,-0.02000000,-0.01000000,-4.223268479109e-4
evaluation,205ad7c3918e64fb,2400,evaluation,43,105,19,1,0,-0.01000000,-0.02000000,-4.927829722874e-4
evaluation,205ad7c3918e64fb,2400,evaluation,44,106,18,0,1,-0.02000000,0.01000000,4.060690480401e-5
evaluation,205ad7c3918e64fb,2400,evaluation,44,106,18,1,0,-0.01000000,0.02000000,-1.128201038227e-4
evaluation,205ad7c3918e64fb,2400,evaluation,45,107,17,0,0,0.00000000,0.02000000,3.246022388339e-4
evaluation,205ad7c3918e64fb,2400,evaluation,45,107,17,1,1,-0.02000000,0.01000000,1.793016417651e-4
evaluation,205ad7c3918e64fb,2400,evaluation,46,108,16,0,0,-0.02000000,-0.02000000,-7.164239068516e-4
evaluation,205ad7c3918e64fb,2400,evaluation,46,108,16,1,1,-0.01000000,-0.01000000,-3.481150197331e-4
evaluation,205ad7c3918e64fb,2400,evaluation,47,109,15,0,1,-0.02000000,0.01000000,7.077790796757e-4
evaluation,205ad7c3918e64fb,2400,evaluation,47,109,15,1,0,-0.01000000,0.02000000,1.190275535919e-3
evaluation,205ad7c3918e64fb,2400,evaluation,48,110,14,0,1,-0.02000000,-0.01000000,4.965609987266e-4
evaluation,205ad7c3918e64fb,2400,evaluation,48,110,14,1,0,-0.01000000,-0.02000000,5.608529900201e-4
evaluation,205ad7c3918e64fb,2400,evaluation,49,111,13,0,1,-0.02000000,-0.01000000,-2.186512574553e-4
evaluation,205ad7c3918e64fb,2400,evaluation,49,111,13,1,0,-0.01000000,-0.02000000,-4.734741523862e-4
evaluation,205ad7c3918e64fb,2400,evaluation,50,112,12,0,1,0.02000000,0.01000000,9.824117878452e-4
evaluation,205ad7c3918e64fb,2400,evaluation,50,112,12,1,0,0.01000000,0.00500000,5.294783040881e-4
evaluation,205ad7c3918e64fb,2400,evaluation,51,113,11,0,0,-0.02000000,-0.02000000,-1.085385083570e-4
evaluation,205ad7c3918e64fb,2400,evaluation,51,113,11,1,1,-0.01000000,-0.01000000,-4.587881267071e-5
evaluation,205ad7c3918e64fb,2400,evaluation,52,114,10,0,0,0.02000000,0.02000000,2.738436160143e-4
evaluation,205ad7c3918e64fb,2400,evaluation,52,114,10,1,1,0.01000000,0.01000000,1.602058036951e-4
evaluation,205ad7c3918e64fb,2400,evaluation,53,115,9,0,0,0.00000000,-0.02000000,5.684553761967e-4
evaluation,205ad7c3918e64fb,2400,evaluation,53,115,9,1,1,-0.02000000,-0.01000000,2.984429302160e-4
evaluation,205ad7c3918e64fb,2400,evaluation,54,116,8,0,0,0.02000000,0.02000000,8.294067229144e-4
evaluation,205ad7c3918e64fb,2400,evaluation,54,116,8,1,1,0.01000000,0.01000000,4.285005852580e-4
evaluation,205ad7c3918e64fb,2400,evaluation,55,117,7,0,0,-0.02000000,-0.02000000,5.218178848736e-4
evaluation,205ad7c3918e64fb,2400,evaluation,55,117,7,1,1,-0.01000000,-0.01000000,2.709565160330e-4
evaluation,205ad7c3918e64fb,2400,evaluation,56,118,6,0,1,0.02000000,-0.01000000,-5.284827202559e-4
evaluation,205ad7c3918e64fb,2400,evaluation,56,118,6,1,0,0.01000000,-0.02000000,-4.138819349464e-4
evaluation,205ad7c3918e64fb,2400,evaluation,57,119,5,0,0,0.02000000,0.02000000,3.808482142631e-4
evaluation,205ad7c3918e64fb,2400,evaluation,57,119,5,1,1,0.01000000,0.01000000,2.101920545101e-4
evaluation,205ad7c3918e64fb,2400,evaluation,58,120,4,0,1,0.02000000,-0.01000000,-1.190124676214e-4
evaluation,205ad7c3918e64fb,2400,evaluation,58,120,4,1,0,0.01000000,-0.02000000,1.252156944247e-4
evaluation,205ad7c3918e64fb,2400,evaluation,59,121,3,0,1,-0.02000000,-0.01000000,5.687347729690e-4
evaluation,205ad7c3918e64fb,2400,evaluation,59,121,3,1,0,-0.01000000,-0.02000000,5.714027211070e-4
evaluation,205ad7c3918e64fb,2400,evaluation,60,122,2,0,1,0.02000000,0.01000000,7.267969776876e-4
evaluation,205ad7c3918e64fb,2400,evaluation,60,122,2,1,0,0.01000000,0.02000000,5.529715563171e-4
evaluation,205ad7c3918e64fb,2400,evaluation,61,0,1,0,1,0.02000000,-0.01000000,5.366516415961e-4
evaluation,205ad7c3918e64fb,2400,evaluation,61,0,1,1,0,0.01000000,-0.02000000,-2.427867875667e-4
evaluation,205ad7c3918e64fb,4200,development,1,18,16,0,1,0.02000000,-0.00500000,1.030225306749e-3
evaluation,205ad7c3918e64fb,4200,development,1,18,16,1,0,0.01000000,-0.01000000,7.388473604806e-4
evaluation,205ad7c3918e64fb,4200,development,2,19,15,0,0,0.02000000,-0.02000000,-3.567913547158e-3
evaluation,205ad7c3918e64fb,4200,development,2,19,15,1,1,0.01000000,-0.01000000,-1.694525242783e-3
evaluation,205ad7c3918e64fb,4200,development,3,20,14,0,1,-0.02000000,0.01000000,-2.251346828416e-3
evaluation,205ad7c3918e64fb,4200,development,3,20,14,1,0,-0.01000000,0.02000000,-3.584031714126e-3
evaluation,205ad7c3918e64fb,4200,development,4,21,13,0,0,-0.02000000,-0.02000000,1.328496844508e-3
evaluation,205ad7c3918e64fb,4200,development,4,21,13,1,1,-0.01000000,-0.01000000,7.272015209310e-4
evaluation,205ad7c3918e64fb,4200,development,5,22,12,0,1,0.02000000,0.01000000,1.233076094650e-3
evaluation,205ad7c3918e64fb,4200,development,5,22,12,1,0,0.01000000,0.02000000,4.388658853713e-4
evaluation,205ad7c3918e64fb,4200,development,6,23,11,0,1,0.02000000,-0.01000000,-1.663023605943e-3
evaluation,205ad7c3918e64fb,4200,development,6,23,11,1,0,0.01000000,-0.02000000,-5.831482703798e-4
evaluation,205ad7c3918e64fb,4200,development,7,24,10,0,0,-0.02000000,0.02000000,8.571564103477e-4
evaluation,205ad7c3918e64fb,4200,development,7,24,10,1,1,-0.01000000,0.01000000,4.409769026097e-4
evaluation,205ad7c3918e64fb,4200,development,8,25,9,0,0,-0.02000000,0.02000000,-4.589110612869e-4
evaluation,205ad7c3918e64fb,4200,development,8,25,9,1,1,-0.01000000,0.01000000,-2.184112818213e-4
evaluation,205ad7c3918e64fb,4200,development,9,26,8,0,0,-0.02000000,-0.02000000,-7.995702326298e-4
evaluation,205ad7c3918e64fb,4200,development,9,26,8,1,1,-0.01000000,-0.01000000,-3.945324569941e-4
evaluation,205ad7c3918e64fb,4200,development,10,27,7,0,0,-0.02000000,-0.02000000,-1.819242374040e-3
evaluation,205ad7c3918e64fb,4200,development,10,27,7,1,1,-0.01000000,-0.01000000,-8.640947635286e-4
evaluation,205ad7c3918e64fb,4200,development,11,28,6,0,1,-0.02000000,0.01000000,-8.043305133469e-4
evaluation,205ad7c3918e64fb,4200,development,11,28,6,1,0,-0.01000000,0.02000000,-6.621181964874e-4
evaluation,205ad7c3918e64fb,4200,development,12,29,5,0,0,-0.02000000,0.02000000,1.012354507111e-3
evaluation,205ad7c3918e64fb,4200,development,12,29,5,1,1,-0.01000000,0.01000000,5.170361255296e-4
evaluation,205ad7c3918e64fb,4200,development,13,30,4,0,1,-0.02000000,-0.01000000,6.839254056104e-4
evaluation,205ad7c3918e64fb,4200,development,13,30,4,1,0,-0.01000000,-0.02000000,8.577493135817e-4
evaluation,205ad7c3918e64fb,4200,development,14,31,3,0,1,-0.02000000,0.01000000,-7.972419261932e-4
evaluation,205ad7c3918e64fb,4200,development,14,31,3,1,0,-0.01000000,0.02000000,-8.597771520726e-4
evaluation,205ad7c3918e64fb,4200,development,15,32,2,0,1,0.02000000,-0.01000000,-6.786367739551e-4
evaluation,205ad7c3918e64fb,4200,development,15,32,2,1,0,0.01000000,-0.02000000,-1.140328124166e-3
evaluation,205ad7c3918e64fb,4200,development,16,33,1,0,0,0.02000000,-0.02000000,3.794065269176e-4
evaluation,205ad7c3918e64fb,4200,development,16,33,1,1,1,0.01000000,-0.01000000,2.403731195955e-4
evaluation,205ad7c3918e64fb,4200,development,17,34,0,0,1,-0.02000000,0.01000000,8.068357710727e-4
evaluation,205ad7c3918e64fb,4200,development,17,34,0,1,0,-0.01000000,0.02000000,1.540498225950e-3
evaluation,205ad7c3918e64fb,4200,development,18,35,122,0,0,0.00000000,-0.02000000,-1.616881490918e-4
evaluation,205ad7c3918e64fb,4200,development,18,35,122,1,1,-0.02000000,-0.01000000,3.191903233528e-4
evaluation,205ad7c3918e64fb,4200,development,19,36,121,0,1,0.02000000,0.01000000,-8.896800136426e-5
evaluation,205ad7c3918e64fb,4200,development,19,36,121,1,0,0.01000000,0.02000000,-2.514645457268e-4
evaluation,205ad7c3918e64fb,4200,development,20,37,120,0,1,0.02000000,0.01000000,-4.873300440522e-6
evaluation,205ad7c3918e64fb,4200,development,20,37,120,1,0,0.01000000,0.02000000,5.646360295941e-5
evaluation,205ad7c3918e64fb,4200,development,22,39,118,0,1,0.02000000,-0.01000000,-2.330429852009e-4
evaluation,205ad7c3918e64fb,4200,development,22,39,118,1,0,0.01000000,-0.02000000,-1.876559108496e-4
evaluation,205ad7c3918e64fb,4200,development,23,40,117,0,1,0.02000000,-0.01000000,-1.521867961856e-4
evaluation,205ad7c3918e64fb,4200,development,23,40,117,1,0,0.01000000,-0.02000000,-2.253490129078e-5
evaluation,205ad7c3918e64fb,4200,development,24,41,116,0,0,0.02000000,-0.02000000,-6.633506272919e-4
evaluation,205ad7c3918e64fb,4200,development,24,41,116,1,1,0.01000000,-0.01000000,-3.150397387799e-4
evaluation,205ad7c3918e64fb,4200,development,25,42,115,0,1,0.02000000,-0.02000000,1.425904483767e-4
evaluation,205ad7c3918e64fb,4200,development,25,42,115,1,0,0.01000000,0.00000000,7.159324741224e-5
evaluation,205ad7c3918e64fb,4200,development,26,43,114,0,1,0.02000000,-0.01000000,-4.383400082588e-4
evaluation,205ad7c3918e64fb,4200,development,26,43,114,1,0,0.01000000,-0.02000000,-2.811929734889e-4
evaluation,205ad7c3918e64fb,4200,development,28,45,112,0,1,0.02000000,-0.01000000,-2.033753989963e-4
evaluation,205ad7c3918e64fb,4200,development,28,45,112,1,0,0.01000000,-0.02000000,-2.851951867342e-4
evaluation,205ad7c3918e64fb,4200,development,29,46,111,0,0,-0.02000000,0.02000000,6.570605182787e-5
evaluation,205ad7c3918e64fb,4200,development,29,46,111,1,1,-0.01000000,0.01000000,3.290238601039e-5
evaluation,205ad7c3918e64fb,4200,development,30,47,110,0,1,0.02000000,0.01000000,-4.397680459078e-4
evaluation,205ad7c3918e64fb,4200,development,30,47,110,1,0,0.01000000,0.02000000,-4.276242107153e-4
evaluation,205ad7c3918e64fb,4200,development,31,48,109,0,1,0.00000000,-0.01000000,1.290539948968e-4
evaluation,205ad7c3918e64fb,4200,development,31,48,109,1,0,-0.02000000,-0.02000000,2.561552973930e-4
evaluation,205ad7c3918e64fb,4200,development,32,49,108,0,0,0.00000000,0.02000000,-1.451757998439e-4
evaluation,205ad7c3918e64fb,4200,development,32,49,108,1,1,-0.02000000,0.01000000,-5.455873906612e-5
evaluation,205ad7c3918e64fb,4200,development,33,50,107,0,0,0.00000000,0.00000000,0.000000000000e0
evaluation,205ad7c3918e64fb,4200,development,33,50,107,1,1,-0.02000000,-0.02000000,0.000000000000e0
evaluation,205ad7c3918e64fb,4200,development,34,51,106,0,0,0.00000000,0.02000000,-6.831996142864e-5
evaluation,205ad7c3918e64fb,4200,development,34,51,106,1,1,-0.02000000,0.01000000,-3.241188824177e-5
evaluation,205ad7c3918e64fb,4200,development,35,52,105,0,1,0.00000000,0.01000000,-2.274842263432e-4
evaluation,205ad7c3918e64fb,4200,development,35,52,105,1,0,-0.02000000,0.02000000,-5.003288388252e-4
evaluation,205ad7c3918e64fb,4200,development,36,53,104,0,0,0.00000000,-0.02000000,5.230059105088e-5
evaluation,205ad7c3918e64fb,4200,development,36,53,104,1,1,-0.02000000,-0.01000000,2.832524478436e-5
evaluation,205ad7c3918e64fb,4200,development,37,54,103,0,0,0.00000000,0.02000000,-5.733656507800e-5
evaluation,205ad7c3918e64fb,4200,development,37,54,103,1,1,-0.02000000,0.01000000,-2.863196095859e-5
evaluation,205ad7c3918e64fb,4200,development,38,55,102,0,1,0.00000000,0.01000000,6.679879879812e-5
evaluation,205ad7c3918e64fb,4200,development,38,55,102,1,0,-0.02000000,0.02000000,1.221590937348e-4
evaluation,205ad7c3918e64fb,4200,development,39,56,101,0,0,-0.02000000,0.02000000,-1.832687557908e-4
evaluation,205ad7c3918e64fb,4200,development,39,56,101,1,1,-0.01000000,0.01000000,-8.025703573367e-5
evaluation,205ad7c3918e64fb,4200,development,41,58,99,0,1,-0.02000000,-0.02000000,6.794345681556e-4
evaluation,205ad7c3918e64fb,4200,development,41,58,99,1,0,-0.01000000,0.00000000,3.435928374529e-4
evaluation,205ad7c3918e64fb,4200,development,42,59,98,0,1,-0.02000000,0.01000000,-1.397610292770e-3
evaluation,205ad7c3918e64fb,4200,development,42,59,98,1,0,-0.01000000,0.02000000,-7.012418354861e-4
evaluation,205ad7c3918e64fb,4200,development,43,60,97,0,1,-0.02000000,-0.01000000,-1.391136436723e-3
evaluation,205ad7c3918e64fb,4200,development,43,60,97,1,0,-0.01000000,-0.02000000,-1.388583914377e-3
evaluation,205ad7c3918e64fb,4200,development,44,61,96,0,1,-0.02000000,0.01000000,-2.766735851765e-4
evaluation,205ad7c3918e64fb,4200,development,44,61,96,1,0,-0.01000000,0.02000000,-2.714004367590e-4
evaluation,205ad7c3918e64fb,4200,development,45,62,95,0,1,0.02000000,0.01000000,-1.049911021255e-3
evaluation,205ad7c3918e64fb,4200,development,45,62,95,1,0,0.01000000,0.02000000,-5.140571738593e-4
evaluation,205ad7c3918e64fb,4200,development,46,63,94,0,1,-0.02000000,0.01000000,-1.205231994390e-3
evaluation,205ad7c3918e64fb,4200,development,46,63,94,1,0,-0.01000000,0.02000000,-9.037715499289e-4
evaluation,205ad7c3918e64fb,4200,development,47,64,93,0,1,0.02000000,-0.01000000,-1.029794439091e-4
evaluation,205ad7c3918e64fb,4200,development,47,64,93,1,0,0.01000000,-0.02000000,-2.833263424691e-4
evaluation,205ad7c3918e64fb,4200,development,48,65,92,0,1,-0.02000000,-0.01000000,3.421306610107e-5
evaluation,205ad7c3918e64fb,4200,development,48,65,92,1,0,-0.01000000,-0.02000000,-3.381880742381e-5
evaluation,205ad7c3918e64fb,4200,development,49,66,91,0,1,0.02000000,-0.02000000,1.786729990272e-4
evaluation,205ad7c3918e64fb,4200,development,49,66,91,1,0,0.01000000,0.00000000,8.957398677012e-5
evaluation,205ad7c3918e64fb,4200,development,50,67,90,0,1,0.00000000,0.01000000,-8.034706115723e-5
evaluation,205ad7c3918e64fb,4200,development,50,67,90,1,0,-0.02000000,0.02000000,-1.844062207965e-4
evaluation,205ad7c3918e64fb,4200,development,51,68,89,0,0,-0.02000000,0.02000000,4.829826357309e-4
evaluation,205ad7c3918e64fb,4200,development,51,68,89,1,1,-0.01000000,0.01000000,2.709434775170e-4
evaluation,205ad7c3918e64fb,4200,development,52,69,88,0,1,0.02000000,-0.01000000,-1.772387622623e-4
evaluation,205ad7c3918e64fb,4200,development,52,69,88,1,0,0.01000000,-0.02000000,-4.083762469236e-4
evaluation,205ad7c3918e64fb,4200,development,53,70,87,0,0,-0.02000000,0.02000000,-2.873825433198e-4
evaluation,205ad7c3918e64fb,4200,development,53,70,87,1,1,-0.01000000,0.01000000,-1.255578099517e-4
evaluation,205ad7c3918e64fb,4200,development,54,71,86,0,0,0.02000000,-0.02000000,2.955576928798e-4
evaluation,205ad7c3918e64fb,4200,development,54,71,86,1,1,0.01000000,-0.01000000,1.522724778624e-4
evaluation,205ad7c3918e64fb,4200,development,55,72,85,0,1,0.02000000,0.01000000,-5.515776574612e-4
evaluation,205ad7c3918e64fb,4200,development,55,72,85,1,0,0.01000000,0.02000000,-2.622772008181e-4
evaluation,205ad7c3918e64fb,4200,development,56,73,84,0,1,0.02000000,0.01000000,-4.125119594391e-4
evaluation,205ad7c3918e64fb,4200,development,56,73,84,1,0,0.01000000,0.02000000,-2.231243997812e-4
evaluation,205ad7c3918e64fb,4200,development,57,74,83,0,1,0.02000000,0.01000000,4.123020917177e-4
evaluation,205ad7c3918e64fb,4200,development,57,74,83,1,0,0.01000000,0.02000000,1.613299100427e-4
evaluation,205ad7c3918e64fb,4200,development,58,75,82,0,0,0.02000000,0.00000000,-1.213449402712e-3
evaluation,205ad7c3918e64fb,4200,development,58,75,82,1,1,0.01000000,-0.02000000,-5.695341969840e-4
evaluation,205ad7c3918e64fb,4200,development,59,76,81,0,0,0.02000000,0.02000000,-8.775871247053e-4
evaluation,205ad7c3918e64fb,4200,development,59,76,81,1,1,0.01000000,0.01000000,-4.088468849659e-4
evaluation,205ad7c3918e64fb,4200,development,60,77,80,0,1,0.02000000,0.01000000,-2.317006437806e-4
evaluation,205ad7c3918e64fb,4200,development,60,77,80,1,0,0.01000000,0.02000000,-1.230717898579e-4
evaluation,205ad7c3918e64fb,4200,development,61,78,79,0,1,-0.02000000,0.01000000,-1.159050851129e-3
evaluation,205ad7c3918e64fb,4200,development,61,78,79,1,0,-0.01000000,0.02000000,-1.322976662777e-3
evaluation,205ad7c3918e64fb,4200,evaluation,1,18,16,0,0,0.02000000,-0.01000000,1.117951585911e-3
evaluation,205ad7c3918e64fb,4200,evaluation,1,18,16,1,1,0.01000000,-0.00500000,6.337513332255e-4
evaluation,205ad7c3918e64fb,4200,evaluation,2,19,15,0,1,0.02000000,-0.01000000,-2.372107235715e-3
evaluation,205ad7c3918e64fb,4200,evaluation,2,19,15,1,0,0.01000000,-0.02000000,-2.881470369175e-3
evaluation,205ad7c3918e64fb,4200,evaluation,3,20,14,0,0,-0.02000000,0.02000000,-3.968967590481e-3
evaluation,205ad7c3918e64fb,4200,evaluation,3,20,14,1,1,-0.01000000,0.01000000,-1.892474829219e-3
evaluation,205ad7c3918e64fb,4200,evaluation,4,21,13,0,1,-0.02000000,-0.01000000,8.543797885068e-4
evaluation,205ad7c3918e64fb,4200,evaluation,4,21,13,1,0,-0.01000000,-0.02000000,1.201318576932e-3
evaluation,205ad7c3918e64fb,4200,evaluation,5,22,12,0,0,0.02000000,0.02000000,1.081097871065e-3
evaluation,205ad7c3918e64fb,4200,evaluation,5,22,12,1,1,0.01000000,0.01000000,6.207742844708e-4
evaluation,205ad7c3918e64fb,4200,evaluation,6,23,11,0,0,0.02000000,-0.02000000,-1.638378365897e-3
evaluation,205ad7c3918e64fb,4200,evaluation,6,23,11,1,1,0.01000000,-0.01000000,-6.506449426524e-4
evaluation,205ad7c3918e64fb,4200,evaluation,7,24,10,0,1,-0.02000000,0.01000000,4.697746189777e-4
evaluation,205ad7c3918e64fb,4200,evaluation,7,24,10,1,0,-0.01000000,0.02000000,8.289323304780e-4
evaluation,205ad7c3918e64fb,4200,evaluation,8,25,9,0,1,-0.02000000,0.01000000,-3.806451859418e-4
evaluation,205ad7c3918e64fb,4200,evaluation,8,25,9,1,0,-0.01000000,0.02000000,-2.932598290499e-4
evaluation,205ad7c3918e64fb,4200,evaluation,9,26,8,0,1,-0.02000000,-0.01000000,-3.316526708659e-4
evaluation,205ad7c3918e64fb,4200,evaluation,9,26,8,1,0,-0.01000000,-0.02000000,-8.624500478618e-4
evaluation,205ad7c3918e64fb,4200,evaluation,10,27,7,0,1,-0.02000000,-0.01000000,-1.335366279818e-3
evaluation,205ad7c3918e64fb,4200,evaluation,10,27,7,1,0,-0.01000000,-0.02000000,-1.344947144389e-3
evaluation,205ad7c3918e64fb,4200,evaluation,11,28,6,0,0,-0.02000000,0.02000000,-9.859116980806e-4
evaluation,205ad7c3918e64fb,4200,evaluation,11,28,6,1,1,-0.01000000,0.01000000,-4.820507019758e-4
evaluation,205ad7c3918e64fb,4200,evaluation,12,29,5,0,1,-0.02000000,0.01000000,5.341402138583e-4
evaluation,205ad7c3918e64fb,4200,evaluation,12,29,5,1,0,-0.01000000,0.02000000,9.957384318113e-4
evaluation,205ad7c3918e64fb,4200,evaluation,13,30,4,0,0,-0.02000000,-0.02000000,1.003632321954e-3
evaluation,205ad7c3918e64fb,4200,evaluation,13,30,4,1,1,-0.01000000,-0.01000000,5.368770216592e-4
evaluation,205ad7c3918e64fb,4200,evaluation,14,31,3,0,0,-0.02000000,0.02000000,-1.128405332565e-3
evaluation,205ad7c3918e64fb,4200,evaluation,14,31,3,1,1,-0.01000000,0.01000000,-5.320298369043e-4
evaluation,205ad7c3918e64fb,4200,evaluation,15,32,2,0,0,0.02000000,-0.02000000,-1.219984726049e-3
evaluation,205ad7c3918e64fb,4200,evaluation,15,32,2,1,1,0.01000000,-0.01000000,-5.989801138639e-4
evaluation,205ad7c3918e64fb,4200,evaluation,16,33,1,0,1,0.02000000,-0.01000000,2.504661679268e-4
evaluation,205ad7c3918e64fb,4200,evaluation,16,33,1,1,0,0.01000000,-0.02000000,3.693134931382e-4
evaluation,205ad7c3918e64fb,4200,evaluation,17,34,0,0,0,-0.02000000,0.02000000,1.525760977529e-3
evaluation,205ad7c3918e64fb,4200,evaluation,17,34,0,1,1,-0.01000000,0.01000000,8.230271632783e-4
evaluation,205ad7c3918e64fb,4200,evaluation,18,35,122,0,1,0.00000000,-0.01000000,-7.661804556847e-5
evaluation,205ad7c3918e64fb,4200,evaluation,18,35,122,1,0,-0.02000000,-0.02000000,2.369973808527e-4
evaluation,205ad7c3918e64fb,4200,evaluation,19,36,121,0,0,0.02000000,0.02000000,-2.378746867180e-4
evaluation,205ad7c3918e64fb,4200,evaluation,19,36,121,1,1,0.01000000,0.01000000,-1.055194661603e-4
evaluation,205ad7c3918e64fb,4200,evaluation,20,37,120,0,0,0.02000000,0.02000000,2.986875733768e-5
evaluation,205ad7c3918e64fb,4200,evaluation,20,37,120,1,1,0.01000000,0.01000000,2.150672116841e-5
evaluation,205ad7c3918e64fb,4200,evaluation,22,39,118,0,0,0.02000000,-0.02000000,-3.147615643684e-4
evaluation,205ad7c3918e64fb,4200,evaluation,22,39,118,1,1,0.01000000,-0.01000000,-1.142950131907e-4
evaluation,205ad7c3918e64fb,4200,evaluation,23,40,117,0,0,0.02000000,-0.02000000,-1.181283369078e-4
evaluation,205ad7c3918e64fb,4200,evaluation,23,40,117,1,1,0.01000000,-0.01000000,-5.682806295226e-5
evaluation,205ad7c3918e64fb,4200,evaluation,24,41,116,0,1,0.02000000,-0.01000000,-3.719087690115e-4
evaluation,205ad7c3918e64fb,4200,evaluation,24,41,116,1,0,0.01000000,-0.02000000,-6.062096799724e-4
evaluation,205ad7c3918e64fb,4200,evaluation,25,42,115,0,0,0.02000000,0.00000000,1.425904483767e-4
evaluation,205ad7c3918e64fb,4200,evaluation,25,42,115,1,1,0.01000000,-0.02000000,7.159324741224e-5
evaluation,205ad7c3918e64fb,4200,evaluation,26,43,114,0,0,0.02000000,-0.02000000,-4.872220160905e-4
evaluation,205ad7c3918e64fb,4200,evaluation,26,43,114,1,1,0.01000000,-0.01000000,-2.365478576394e-4
evaluation,205ad7c3918e64fb,4200,evaluation,28,45,112,0,0,0.02000000,-0.02000000,-3.272400645074e-4
evaluation,205ad7c3918e64fb,4200,evaluation,28,45,112,1,1,0.01000000,-0.01000000,-1.613379718037e-4
evaluation,205ad7c3918e64fb,4200,evaluation,29,46,111,0,1,-0.02000000,0.01000000,3.988233584096e-5
evaluation,205ad7c3918e64fb,4200,evaluation,29,46,111,1,0,-0.01000000,0.02000000,5.872361361980e-5
evaluation,205ad7c3918e64fb,4200,evaluation,30,47,110,0,0,0.02000000,0.02000000,-5.926365847699e-4
evaluation,205ad7c3918e64fb,4200,evaluation,30,47,110,1,1,0.01000000,0.01000000,-2.776415494736e-4
evaluation,205ad7c3918e64fb,4200,evaluation,31,48,109,0,0,0.00000000,-0.02000000,2.561552973930e-4
evaluation,205ad7c3918e64fb,4200,evaluation,31,48,109,1,1,-0.02000000,-0.01000000,1.290539948968e-4
evaluation,205ad7c3918e64fb,4200,evaluation,32,49,108,0,1,0.00000000,0.01000000,-5.455873906612e-5
evaluation,205ad7c3918e64fb,4200,evaluation,32,49,108,1,0,-0.02000000,0.02000000,-1.451757998439e-4
evaluation,205ad7c3918e64fb,4200,evaluation,33,50,107,0,1,0.00000000,-0.02000000,0.000000000000e0
evaluation,205ad7c3918e64fb,4200,evaluation,33,50,107,1,0,-0.02000000,0.00000000,0.000000000000e0
evaluation,205ad7c3918e64fb,4200,evaluation,34,51,106,0,1,0.00000000,0.01000000,-3.241188824177e-5
evaluation,205ad7c3918e64fb,4200,evaluation,34,51,106,1,0,-0.02000000,0.02000000,-6.831996142864e-5
evaluation,205ad7c3918e64fb,4200,evaluation,35,52,105,0,0,0.00000000,0.02000000,-5.003288388252e-4
evaluation,205ad7c3918e64fb,4200,evaluation,35,52,105,1,1,-0.02000000,0.01000000,-2.274842263432e-4
evaluation,205ad7c3918e64fb,4200,evaluation,36,53,104,0,1,0.00000000,-0.01000000,2.832524478436e-5
evaluation,205ad7c3918e64fb,4200,evaluation,36,53,104,1,0,-0.02000000,-0.02000000,5.230059105088e-5
evaluation,205ad7c3918e64fb,4200,evaluation,37,54,103,0,1,0.00000000,0.01000000,-2.863196095859e-5
evaluation,205ad7c3918e64fb,4200,evaluation,37,54,103,1,0,-0.02000000,0.02000000,-5.733656507800e-5
evaluation,205ad7c3918e64fb,4200,evaluation,38,55,102,0,0,0.00000000,0.02000000,1.221590937348e-4
evaluation,205ad7c3918e64fb,4200,evaluation,38,55,102,1,1,-0.02000000,0.01000000,6.679879879812e-5
evaluation,205ad7c3918e64fb,4200,evaluation,39,56,101,0,1,-0.02000000,0.01000000,-3.428589552641e-4
evaluation,205ad7c3918e64fb,4200,evaluation,39,56,101,1,0,-0.01000000,0.02000000,8.082079148153e-5
evaluation,205ad7c3918e64fb,4200,evaluation,41,58,99,0,0,-0.02000000,0.00000000,6.794345681556e-4
evaluation,205ad7c3918e64fb,4200,evaluation,41,58,99,1,1,-0.01000000,-0.02000000,3.435928374529e-4
evaluation,205ad7c3918e64fb,4200,evaluation,42,59,98,0,0,-0.02000000,0.02000000,-1.418897882104e-3
evaluation,205ad7c3918e64fb,4200,evaluation,42,59,98,1,1,-0.01000000,0.01000000,-6.860575522296e-4
evaluation,205ad7c3918e64fb,4200,evaluation,43,60,97,0,0,-0.02000000,-0.02000000,-1.868944615126e-3
evaluation,205ad7c3918e64fb,4200,evaluation,43,60,97,1,1,-0.01000000,-0.01000000,-9.081158787012e-4
evaluation,205ad7c3918e64fb,4200,evaluation,44,61,96,0,0,-0.02000000,0.02000000,-3.673254104797e-4
evaluation,205ad7c3918e64fb,4200,evaluation,44,61,96,1,1,-0.01000000,0.01000000,-1.808144152164e-4
evaluation,205ad7c3918e64fb,4200,evaluation,45,62,95,0,0,0.02000000,0.02000000,-1.072784303688e-3
evaluation,205ad7c3918e64fb,4200,evaluation,45,62,95,1,1,0.01000000,0.01000000,-4.911788855679e-4
evaluation,205ad7c3918e64fb,4200,evaluation,46,63,94,0,0,-0.02000000,0.02000000,-1.545077189803e-3
evaluation,205ad7c3918e64fb,4200,evaluation,46,63,94,1,1,-0.01000000,0.01000000,-6.140433251858e-4
evaluation,205ad7c3918e64fb,4200,evaluation,47,64,93,0,0,0.02000000,-0.02000000,-2.601711603347e-4
evaluation,205ad7c3918e64fb,4200,evaluation,47,64,93,1,1,0.01000000,-0.01000000,-1.291961671086e-4
evaluation,205ad7c3918e64fb,4200,evaluation,48,65,92,0,0,-0.02000000,-0.02000000,-2.500973641872e-5
evaluation,205ad7c3918e64fb,4200,evaluation,48,65,92,1,1,-0.01000000,-0.01000000,2.581129410828e-5
evaluation,205ad7c3918e64fb,4200,evaluation,49,66,91,0,0,0.02000000,0.00000000,1.786729990272e-4
evaluation,205ad7c3918e64fb,4200,evaluation,49,66,91,1,1,0.01000000,-0.02000000,8.957398677012e-5
evaluation,205ad7c3918e64fb,4200,evaluation,50,67,90,0,0,0.00000000,0.02000000,-1.705773174763e-4
evaluation,205ad7c3918e64fb,4200,evaluation,50,67,90,1,1,-0.02000000,0.01000000,-9.433863306185e-5
evaluation,205ad7c3918e64fb,4200,evaluation,51,68,89,0,1,-0.02000000,0.01000000,2.768381091300e-4
evaluation,205ad7c3918e64fb,4200,evaluation,51,68,89,1,0,-0.01000000,0.02000000,4.767030477524e-4
evaluation,205ad7c3918e64fb,4200,evaluation,52,69,88,0,0,0.02000000,-0.02000000,-3.947143850382e-4
evaluation,205ad7c3918e64fb,4200,evaluation,52,69,88,1,1,0.01000000,-0.01000000,-1.909912825795e-4
evaluation,205ad7c3918e64fb,4200,evaluation,53,70,87,0,1,-0.02000000,0.01000000,-2.366763801547e-4
evaluation,205ad7c3918e64fb,4200,evaluation,53,70,87,1,0,-0.01000000,0.02000000,-1.762639731169e-4
evaluation,205ad7c3918e64fb,4200,evaluation,54,71,86,0,1,0.02000000,-0.01000000,2.952037903015e-4
evaluation,205ad7c3918e64fb,4200,evaluation,54,71,86,1,0,0.01000000,-0.02000000,1.526263804408e-4
evaluation,205ad7c3918e64fb,4200,evaluation,55,72,85,0,0,0.02000000,0.02000000,-5.522742867470e-4
evaluation,205ad7c3918e64fb,4200,evaluation,55,72,85,1,1,0.01000000,0.01000000,-2.623281034175e-4
evaluation,205ad7c3918e64fb,4200,evaluation,56,73,84,0,0,0.02000000,0.02000000,-4.390478134155e-4
evaluation,205ad7c3918e64fb,4200,evaluation,56,73,84,1,1,0.01000000,0.01000000,-1.968846918317e-4
evaluation,205ad7c3918e64fb,4200,evaluation,57,74,83,0,0,0.02000000,0.02000000,3.804800508078e-4
evaluation,205ad7c3918e64fb,4200,evaluation,57,74,83,1,1,0.01000000,0.01000000,1.931519509526e-4
evaluation,205ad7c3918e64fb,4200,evaluation,58,75,82,0,1,0.02000000,-0.02000000,-1.213449402712e-3
evaluation,205ad7c3918e64fb,4200,evaluation,58,75,82,1,0,0.01000000,0.00000000,-5.695341969840e-4
evaluation,205ad7c3918e64fb,4200,evaluation,59,76,81,0,1,0.02000000,0.01000000,-8.609897340648e-4
evaluation,205ad7c3918e64fb,4200,evaluation,59,76,81,1,0,0.01000000,0.02000000,-4.251500067767e-4
evaluation,205ad7c3918e64fb,4200,evaluation,60,77,80,0,0,0.02000000,0.02000000,-2.444541605655e-4
evaluation,205ad7c3918e64fb,4200,evaluation,60,77,80,1,1,0.01000000,0.01000000,-1.112433747039e-4
evaluation,205ad7c3918e64fb,4200,evaluation,61,78,79,0,0,-0.02000000,0.02000000,-1.703490153886e-3
evaluation,205ad7c3918e64fb,4200,evaluation,61,78,79,1,1,-0.01000000,0.01000000,-7.784974877723e-4
evaluation,d43c6a107e95b281,600,development,1,108,106,0,0,-0.02000000,-0.02000000,1.108559445129e-4
evaluation,d43c6a107e95b281,600,development,1,108,106,1,1,-0.01000000,-0.01000000,5.590294676949e-5
evaluation,d43c6a107e95b281,600,development,2,109,105,0,0,-0.02000000,-0.02000000,1.278445124626e-4
evaluation,d43c6a107e95b281,600,development,2,109,105,1,1,-0.01000000,-0.01000000,6.648650014540e-5
evaluation,d43c6a107e95b281,600,development,3,110,104,0,1,-0.02000000,-0.01000000,1.448231487302e-4
evaluation,d43c6a107e95b281,600,development,3,110,104,1,0,-0.01000000,-0.02000000,1.627989113331e-4
evaluation,d43c6a107e95b281,600,development,4,111,103,0,1,0.00000000,-0.02000000,0.000000000000e0
evaluation,d43c6a107e95b281,600,development,4,111,103,1,0,-0.02000000,0.00000000,0.000000000000e0
evaluation,d43c6a107e95b281,600,development,5,112,102,0,0,0.02000000,0.02000000,7.125728880055e-4
evaluation,d43c6a107e95b281,600,development,5,112,102,1,1,0.01000000,0.01000000,3.576943126973e-4
evaluation,d43c6a107e95b281,600,development,6,113,101,0,1,-0.02000000,0.01000000,2.813649771269e-4
evaluation,d43c6a107e95b281,600,development,6,113,101,1,0,-0.01000000,0.02000000,2.355246542720e-4
evaluation,d43c6a107e95b281,600,development,7,114,100,0,0,-0.02000000,-0.02000000,2.772988227662e-4
evaluation,d43c6a107e95b281,600,development,7,114,100,1,1,-0.01000000,-0.01000000,1.390657125739e-4
evaluation,d43c6a107e95b281,600,development,8,115,99,0,0,0.00000000,0.00000000,0.000000000000e0
evaluation,d43c6a107e95b281,600,development,8,115,99,1,1,-0.02000000,-0.02000000,0.000000000000e0
evaluation,d43c6a107e95b281,600,development,9,116,98,0,1,0.02000000,0.01000000,3.753602504730e-4
evaluation,d43c6a107e95b281,600,development,9,116,98,1,0,0.01000000,0.02000000,2.098903059959e-4
evaluation,d43c6a107e95b281,600,development,10,117,97,0,1,0.02000000,0.01000000,8.977390825748e-5
evaluation,d43c6a107e95b281,600,development,10,117,97,1,0,0.01000000,0.02000000,2.494330110494e-4
evaluation,d43c6a107e95b281,600,development,11,118,96,0,0,-0.02000000,-0.02000000,5.011415923946e-4
evaluation,d43c6a107e95b281,600,development,11,118,96,1,1,-0.01000000,-0.01000000,2.516961249057e-4
evaluation,d43c6a107e95b281,600,development,12,119,95,0,1,0.00000000,-0.02000000,0.000000000000e0
evaluation,d43c6a107e95b281,600,development,12,119,95,1,0,-0.02000000,0.00000000,0.000000000000e0
evaluation,d43c6a107e95b281,600,development,13,120,94,0,1,0.02000000,-0.01000000,3.014815411007e-5
evaluation,d43c6a107e95b281,600,development,13,120,94,1,0,0.01000000,-0.02000000,1.958838402061e-4
evaluation,d43c6a107e95b281,600,development,14,121,93,0,0,-0.02000000,0.02000000,3.679183719214e-4
evaluation,d43c6a107e95b281,600,development,14,121,93,1,1,-0.01000000,0.01000000,1.997953950195e-4
evaluation,d43c6a107e95b281,600,development,15,122,92,0,0,0.02000000,0.02000000,6.593335419893e-4
evaluation,d43c6a107e95b281,600,development,15,122,92,1,1,0.01000000,0.01000000,3.567213716451e-4
evaluation,d43c6a107e95b281,600,development,16,0,91,0,1,0.02000000,-0.02000000,1.205547378049e-4
evaluation,d43c6a107e95b281,600,development,16,0,91,1,0,0.01000000,0.00000000,6.102398037910e-5
evaluation,d43c6a107e95b281,600,development,17,1,90,0,0,0.02000000,0.00000000,3.389095363673e-4
evaluation,d43c6a107e95b281,600,development,17,1,90,1,1,0.01000000,0.00500000,1.984282134799e-4
evaluation,d43c6a107e95b281,600,development,18,2,89,0,0,0.02000000,0.02000000,3.257890421082e-5
evaluation,d43c6a107e95b281,600,development,18,2,89,1,1,0.01000000,0.01000000,1.211029757542e-5
evaluation,d43c6a107e95b281,600,development,19,3,88,0,0,-0.02000000,0.02000000,4.953375901096e-4
evaluation,d43c6a107e95b281,600,development,19,3,88,1,1,-0.01000000,0.01000000,2.463304845151e-4
evaluation,d43c6a107e95b281,600,development,20,4,87,0,1,-0.02000000,-0.02000000,1.646572054597e-4
evaluation,d43c6a107e95b281,600,development,20,4,87,1,0,-0.01000000,0.00000000,8.533584332326e-5
evaluation,d43c6a107e95b281,600,development,21,5,86,0,0,-0.02000000,0.00000000,-4.363184052636e-5
evaluation,d43c6a107e95b281,600,development,21,5,86,1,1,-0.01000000,-0.02000000,-1.492972205597e-5
evaluation,d43c6a107e95b281,600,development,22,6,85,0,0,0.02000000,0.00000000,-4.682069175033e-6
evaluation,d43c6a107e95b281,600,development,22,6,85,1,1,0.01000000,-0.02000000,1.521160157836e-7
evaluation,d43c6a107e95b281,600,development,23,7,84,0,1,0.02000000,-0.02000000,-2.018300256168e-5
evaluation,d43c6a107e95b281,600,development,23,7,84,1,0,0.01000000,0.00000000,-6.546576969413e-6
evaluation,d43c6a107e95b281,600,development,24,8,83,0,0,0.02000000,0.00000000,1.403745263815e-4
evaluation,d43c6a107e95b281,600,development,24,8,83,1,1,0.01000000,-0.02000000,7.077865302563e-5
evaluation,d43c6a107e95b281,600,development,25,9,82,0,0,0.02000000,0.00000000,-8.448213338852e-5
evaluation,d43c6a107e95b281,600,development,25,9,82,1,1,0.01000000,-0.02000000,-4.147179424763e-5
evaluation,d43c6a107e95b281,600,development,26,10,81,0,0,0.02000000,0.00000000,1.069965437637e-4
evaluation,d43c6a107e95b281,600,development,26,10,81,1,1,0.01000000,-0.02000000,6.375896191457e-5
evaluation,d43c6a107e95b281,600,development,27,11,80,0,1,0.02000000,-0.02000000,2.690833061934e-4
evaluation,d43c6a107e95b281,600,development,27,11,80,1,0,0.01000000,0.00000000,1.384491770295e-4
evaluation,d43c6a107e95b281,600,development,28,12,79,0,0,-0.02000000,-0.02000000,2.255371509818e-4
evaluation,d43c6a107e95b281,600,development,28,12,79,1,1,-0.01000000,-0.01000000,1.264109014301e-4
evaluation,d43c6a107e95b281,600,development,29,13,78,0,0,-0.02000000,0.02000000,5.307278479449e-4
evaluation,d43c6a107e95b281,600,development,29,13,78,1,1,-0.01000000,0.01000000,2.657007426023e-4
evaluation,d43c6a107e95b281,600,development,30,14,77,0,0,-0.02000000,-0.02000000,8.981736755231e-5
evaluation,d43c6a107e95b281,600,development,30,14,77,1,1,-0.01000000,-0.01000000,6.200062489370e-5
evaluation,d43c6a107e95b281,600,development,31,15,76,0,0,-0.02000000,-0.02000000,1.530405133963e-4
evaluation,d43c6a107e95b281,600,development,31,15,76,1,1,-0.01000000,-0.01000000,8.100271224976e-5
evaluation,d43c6a107e95b281,600,development,32,16,75,0,0,0.02000000,-0.02000000,1.770220696926e-4
evaluation,d43c6a107e95b281,600,development,32,16,75,1,1,0.01000000,-0.01000000,9.066052734852e-5
evaluation,d43c6a107e95b281,600,development,33,17,74,0,1,0.02000000,-0.01000000,-1.043075099005e-4
evaluation,d43c6a107e95b281,600,development,33,17,74,1,0,0.01000000,-0.02000000,-2.056540251942e-4
evaluation,d43c6a107e95b281,600,development,34,18,73,0,1,0.02000000,-0.01000000,1.058690249920e-4
evaluation,d43c6a107e95b281,600,development,34,18,73,1,0,0.01000000,-0.02000000,1.032364889397e-4
evaluation,d43c6a107e95b281,600,development,35,19,72,0,1,-0.02000000,-0.01000000,6.837645923952e-5
evaluation,d43c6a107e95b281,600,development,35,19,72,1,0,-0.01000000,-0.02000000,1.790765672922e-4
evaluation,d43c6a107e95b281,600,development,36,20,71,0,0,0.02000000,-0.02000000,3.027239290532e-4
evaluation,d43c6a107e95b281,600,development,36,20,71,1,1,0.01000000,-0.01000000,1.529188157292e-4
evaluation,d43c6a107e95b281,600,development,37,21,70,0,1,0.02000000,0.01000000,5.499025064637e-5
evaluation,d43c6a107e95b281,600,development,37,21,70,1,0,0.01000000,0.02000000,7.217377424240e-5
evaluation,d43c6a107e95b281,600,development,38,22,69,0,1,0.02000000,-0.01000000,1.852270215750e-4
evaluation,d43c6a107e95b281,600,development,38,22,69,1,0,0.01000000,-0.02000000,1.493835152360e-4
evaluation,d43c6a107e95b281,600,development,39,23,68,0,1,-0.02000000,-0.01000000,4.209329563309e-5
evaluation,d43c6a107e95b281,600,development,39,23,68,1,0,-0.01000000,-0.02000000,9.212829172611e-5
evaluation,d43c6a107e95b281,600,development,40,24,67,0,0,0.02000000,0.02000000,1.106684430852e-4
evaluation,d43c6a107e95b281,600,development,40,24,67,1,1,0.01000000,0.01000000,5.541617792915e-5
evaluation,d43c6a107e95b281,600,development,41,25,66,0,0,0.02000000,0.02000000,1.371024845866e-4
evaluation,d43c6a107e95b281,600,development,41,25,66,1,1,0.01000000,0.01000000,6.871608638903e-5
evaluation,d43c6a107e95b281,600,development,42,26,65,0,1,-0.02000000,0.01000000,-5.572040754487e-5
evaluation,d43c6a107e95b281,600,development,42,26,65,1,0,-0.01000000,0.02000000,-2.746967038547e-5
evaluation,d43c6a107e95b281,600,development,43,27,64,0,1,0.02000000,-0.01000000,1.658157707425e-4
evaluation,d43c6a107e95b281,600,development,43,27,64,1,0,0.01000000,-0.02000000,1.359190791845e-4
evaluation,d43c6a107e95b281,600,development,44,28,63,0,0,0.02000000,0.02000000,1.654649822740e-4
evaluation,d43c6a107e95b281,600,development,44,28,63,1,1,0.01000000,0.01000000,8.488819003105e-5
evaluation,d43c6a107e95b281,600,development,45,29,62,0,0,0.02000000,-0.02000000,2.426188439131e-4
evaluation,d43c6a107e95b281,600,development,45,29,62,1,1,0.01000000,-0.01000000,1.258229167433e-4
evaluation,d43c6a107e95b281,600,development,46,30,61,0,0,-0.02000000,0.02000000,2.132219524356e-4
evaluation,d43c6a107e95b281,600,development,46,30,61,1,1,-0.01000000,0.01000000,1.095744446502e-4
evaluation,d43c6a107e95b281,600,development,47,31,60,0,1,0.02000000,0.01000000,1.470589340897e-4
evaluation,d43c6a107e95b281,600,development,47,31,60,1,0,0.01000000,0.02000000,1.980413944693e-4
evaluation,d43c6a107e95b281,600,development,48,32,59,0,1,-0.02000000,0.01000000,8.655153214931e-5
evaluation,d43c6a107e95b281,600,development,48,32,59,1,0,-0.01000000,0.02000000,1.381623296766e-4
evaluation,d43c6a107e95b281,600,development,49,33,58,0,0,0.00000000,0.02000000,-1.210607588291e-4
evaluation,d43c6a107e95b281,600,development,49,33,58,1,1,-0.02000000,0.01000000,-4.892734068562e-5
evaluation,d43c6a107e95b281,600,development,50,34,57,0,1,0.02000000,0.01000000,2.085113228532e-4
evaluation,d43c6a107e95b281,600,development,50,34,57,1,0,0.01000000,0.02000000,1.343339681625e-4
evaluation,d43c6a107e95b281,600,development,51,35,56,0,1,0.02000000,0.01000000,1.284604309149e-6
evaluation,d43c6a107e95b281,600,development,51,35,56,1,0,0.01000000,0.02000000,1.093416140066e-4
evaluation,d43c6a107e95b281,600,development,52,36,55,0,0,-0.02000000,0.00000000,7.999440276762e-5
evaluation,d43c6a107e95b281,600,development,52,36,55,1,1,-0.01000000,-0.02000000,4.039332270622e-5
evaluation,d43c6a107e95b281,600,development,53,37,54,0,0,-0.02000000,0.00000000,1.685197094048e-5
evaluation,d43c6a107e95b281,600,development,53,37,54,1,1,-0.01000000,-0.02000000,8.742014870222e-6
evaluation,d43c6a107e95b281,600,development,54,38,53,0,0,0.02000000,0.00000000,1.420347689418e-4
evaluation,d43c6a107e95b281,600,development,54,38,53,1,1,0.01000000,-0.02000000,7.112076127669e-5
evaluation,d43c6a107e95b281,600,development,55,39,52,0,0,0.02000000,0.00000000,9.217610204360e-5
evaluation,d43c6a107e95b281,600,development,55,39,52,1,1,0.01000000,-0.02000000,4.615883153747e-5
evaluation,d43c6a107e95b281,600,development,56,40,51,0,1,0.02000000,-0.02000000,4.873921284343e-7
evaluation,d43c6a107e95b281,600,development,56,40,51,1,0,0.01000000,0.00000000,2.446273867918e-7
evaluation,d43c6a107e95b281,600,development,57,41,50,0,0,0.00000000,0.00000000,0.000000000000e0
evaluation,d43c6a107e95b281,600,development,57,41,50,1,1,-0.02000000,-0.02000000,0.000000000000e0
evaluation,d43c6a107e95b281,600,development,58,42,49,0,1,0.00000000,-0.02000000,0.000000000000e0
evaluation,d43c6a107e95b281,600,development,58,42,49,1,0,0.00500000,0.00000000,2.153528294002e-5
evaluation,d43c6a107e95b281,600,development,59,43,48,0,0,0.02000000,0.00000000,2.558653477536e-6
evaluation,d43c6a107e95b281,600,development,59,43,48,1,1,0.01000000,-0.02000000,1.279637217522e-6
evaluation,d43c6a107e95b281,600,development,60,44,47,0,1,0.00000000,0.01000000,1.238038112206e-5
evaluation,d43c6a107e95b281,600,development,60,44,47,1,0,-0.02000000,0.02000000,2.474896609783e-5
evaluation,d43c6a107e95b281,600,development,61,45,46,0,1,0.00000000,-0.02000000,-2.216547727585e-7
evaluation,d43c6a107e95b281,600,development,61,45,46,1,0,-0.02000000,0.00000000,0.000000000000e0
evaluation,d43c6a107e95b281,600,evaluation,1,108,106,0,1,-0.02000000,-0.01000000,1.020555719151e-4
evaluation,d43c6a107e95b281,600,evaluation,1,108,106,1,0,-0.01000000,-0.02000000,6.470581138274e-5
evaluation,d43c6a107e95b281,600,evaluation,2,109,105,0,1,-0.02000000,-0.01000000,1.052667721524e-4
evaluation,d43c6a107e95b281,600,evaluation,2,109,105,1,0,-0.01000000,-0.02000000,9.032214438776e-5
evaluation,d43c6a107e95b281,600,evaluation,3,110,104,0,0,-0.02000000,-0.02000000,2.030146570178e-4
evaluation,d43c6a107e95b281,600,evaluation,3,110,104,1,1,-0.01000000,-0.01000000,1.039008275256e-4
evaluation,d43c6a107e95b281,600,evaluation,4,111,103,0,0,0.00000000,0.00000000,0.000000000000e0
evaluation,d43c6a107e95b281,600,evaluation,4,111,103,1,1,-0.02000000,-0.02000000,0.000000000000e0
evaluation,d43c6a107e95b281,600,evaluation,5,112,102,0,1,0.02000000,0.01000000,5.670879036188e-4
evaluation,d43c6a107e95b281,600,evaluation,5,112,102,1,0,0.01000000,0.02000000,5.028552259319e-4
evaluation,d43c6a107e95b281,600,evaluation,6,113,101,0,0,-0.02000000,0.02000000,3.430539218243e-4
evaluation,d43c6a107e95b281,600,evaluation,6,113,101,1,1,-0.01000000,0.01000000,1.732967793941e-4
evaluation,d43c6a107e95b281,600,evaluation,7,114,100,0,1,-0.02000000,-0.01000000,1.447455288144e-4
evaluation,d43c6a107e95b281,600,evaluation,7,114,100,1,0,-0.01000000,-0.02000000,2.716165035963e-4
evaluation,d43c6a107e95b281,600,evaluation,8,115,99,0,1,0.00000000,-0.02000000,0.000000000000e0
evaluation,d43c6a107e95b281,600,evaluation,8,115,99,1,0,-0.02000000,0.00000000,0.000000000000e0
evaluation,d43c6a107e95b281,600,evaluation,9,116,98,0,0,0.02000000,0.02000000,3.898472932633e-4
evaluation,d43c6a107e95b281,600,evaluation,9,116,98,1,1,0.01000000,0.01000000,1.954045146704e-4
evaluation,d43c6a107e95b281,600,evaluation,10,117,97,0,0,0.02000000,0.02000000,2.260195760755e-4
evaluation,d43c6a107e95b281,600,evaluation,10,117,97,1,1,0.01000000,0.01000000,1.137287690653e-4
evaluation,d43c6a107e95b281,600,evaluation,11,118,96,0,1,-0.02000000,-0.01000000,3.527551889420e-4
evaluation,d43c6a107e95b281,600,evaluation,11,118,96,1,0,-0.01000000,-0.02000000,3.997596504632e-4
evaluation,d43c6a107e95b281,600,evaluation,12,119,95,0,0,0.00000000,0.00000000,0.000000000000e0
evaluation,d43c6a107e95b281,600,evaluation,12,119,95,1,1,-0.02000000,-0.02000000,0.000000000000e0
evaluation,d43c6a107e95b281,600,evaluation,13,120,94,0,0,0.02000000,-0.02000000,1.561436802149e-4
evaluation,d43c6a107e95b281,600,evaluation,13,120,94,1,1,0.01000000,-0.01000000,8.188312494894e-5
evaluation,d43c6a107e95b281,600,evaluation,14,121,93,0,1,-0.02000000,0.01000000,3.756464866456e-4
evaluation,d43c6a107e95b281,600,evaluation,14,121,93,1,0,-0.01000000,0.02000000,1.957776694326e-4
evaluation,d43c6a107e95b281,600,evaluation,15,122,92,0,1,0.02000000,0.01000000,5.588363856077e-4
evaluation,d43c6a107e95b281,600,evaluation,15,122,92,1,0,0.01000000,0.02000000,4.681572318077e-4
evaluation,d43c6a107e95b281,600,evaluation,16,0,91,0,0,0.02000000,0.00000000,1.205547378049e-4
evaluation,d43c6a107e95b281,600,evaluation,16,0,91,1,1,0.01000000,-0.02000000,6.102398037910e-5
evaluation,d43c6a107e95b281,600,evaluation,17,1,90,0,1,0.02000000,0.00500000,3.618697228376e-4
evaluation,d43c6a107e95b281,600,evaluation,17,1,90,1,0,0.01000000,0.00000000,1.754779368639e-4
evaluation,d43c6a107e95b281,600,evaluation,18,2,89,0,1,0.02000000,0.01000000,2.757211586868e-5
evaluation,d43c6a107e95b281,600,evaluation,18,2,89,1,0,0.01000000,0.02000000,1.711212098598e-5
evaluation,d43c6a107e95b281,600,evaluation,19,3,88,0,1,-0.02000000,0.01000000,2.604431065265e-4
evaluation,d43c6a107e95b281,600,evaluation,19,3,88,1,0,-0.01000000,0.02000000,4.814347776119e-4
evaluation,d43c6a107e95b281,600,evaluation,20,4,87,0,0,-0.02000000,0.00000000,1.646572054597e-4
evaluation,d43c6a107e95b281,600,evaluation,20,4,87,1,1,-0.01000000,-0.02000000,8.533584332326e-5
evaluation,d43c6a107e95b281,600,evaluation,21,5,86,0,1,-0.02000000,-0.02000000,-4.363184052636e-5
evaluation,d43c6a107e95b281,600,evaluation,21,5,86,1,0,-0.01000000,0.00000000,-1.492972205597e-5
evaluation,d43c6a107e95b281,600,evaluation,22,6,85,0,1,0.02000000,-0.02000000,-4.682069175033e-6
evaluation,d43c6a107e95b281,600,evaluation,22,6,85,1,0,0.01000000,0.00000000,1.521160157836e-7
evaluation,d43c6a107e95b281,600,evaluation,23,7,84,0,0,0.02000000,0.00000000,-2.018300256168e-5
evaluation,d43c6a107e95b281,600,evaluation,23,7,84,1,1,0.01000000,-0.02000000,-6.546576969413e-6
evaluation,d43c6a107e95b281,600,evaluation,24,8,83,0,1,0.02000000,-0.02000000,1.403745263815e-4
evaluation,d43c6a107e95b281,600,evaluation,24,8,83,1,0,0.01000000,0.00000000,7.077865302563e-5
evaluation,d43c6a107e95b281,600,evaluation,25,9,82,0,1,0.02000000,-0.02000000,-8.448213338852e-5
evaluation,d43c6a107e95b281,600,evaluation,25,9,82,1,0,0.01000000,0.00000000,-4.147179424763e-5
evaluation,d43c6a107e95b281,600,evaluation,26,10,81,0,1,0.02000000,-0.02000000,1.069965437637e-4
evaluation,d43c6a107e95b281,600,evaluation,26,10,81,1,0,0.01000000,0.00000000,6.375896191457e-5
evaluation,d43c6a107e95b281,600,evaluation,27,11,80,0,0,0.02000000,0.00000000,2.690833061934e-4
evaluation,d43c6a107e95b281,600,evaluation,27,11,80,1,1,0.01000000,-0.02000000,1.384491770295e-4
evaluation,d43c6a107e95b281,600,evaluation,28,12,79,0,1,-0.02000000,-0.01000000,2.163977624150e-4
evaluation,d43c6a107e95b281,600,evaluation,28,12,79,1,0,-0.01000000,-0.02000000,1.355471758870e-4
evaluation,d43c6a107e95b281,600,evaluation,29,13,78,0,1,-0.02000000,0.01000000,4.162347468082e-4
evaluation,d43c6a107e95b281,600,evaluation,29,13,78,1,0,-0.01000000,0.02000000,3.787161258515e-4
evaluation,d43c6a107e95b281,600,evaluation,30,14,77,0,1,-0.02000000,-0.01000000,1.656015774643e-5
evaluation,d43c6a107e95b281,600,evaluation,30,14,77,1,0,-0.01000000,-0.02000000,1.354745327262e-4
evaluation,d43c6a107e95b281,600,evaluation,31,15,76,0,1,-0.02000000,-0.01000000,5.902846532990e-5
evaluation,d43c6a107e95b281,600,evaluation,31,15,76,1,0,-0.01000000,-0.02000000,1.751681120368e-4
evaluation,d43c6a107e95b281,600,evaluation,32,16,75,0,1,0.02000000,-0.01000000,1.117642968893e-4
evaluation,d43c6a107e95b281,600,evaluation,32,16,75,1,0,0.01000000,-0.02000000,1.565435231896e-4
evaluation,d43c6a107e95b281,600,evaluation,33,17,74,0,0,0.02000000,-0.02000000,-2.093706279993e-4
evaluation,d43c6a107e95b281,600,evaluation,33,17,74,1,1,0.01000000,-0.01000000,-1.005909070955e-4
evaluation,d43c6a107e95b281,600,evaluation,34,18,73,0,0,0.02000000,-0.02000000,1.246184110641e-4
evaluation,d43c6a107e95b281,600,evaluation,34,18,73,1,1,0.01000000,-0.01000000,8.448710286757e-5
evaluation,d43c6a107e95b281,600,evaluation,35,19,72,0,0,-0.02000000,-0.02000000,1.627088786336e-4
evaluation,d43c6a107e95b281,600,evaluation,35,19,72,1,1,-0.01000000,-0.01000000,8.474414789816e-5
evaluation,d43c6a107e95b281,600,evaluation,36,20,71,0,1,0.02000000,-0.01000000,2.963276056107e-4
evaluation,d43c6a107e95b281,600,evaluation,36,20,71,1,0,0.01000000,-0.02000000,1.595225185156e-4
evaluation,d43c6a107e95b281,600,evaluation,37,21,70,0,0,0.02000000,0.02000000,7.760524749756e-5
evaluation,d43c6a107e95b281,600,evaluation,37,21,70,1,1,0.01000000,0.01000000,4.955877739121e-5
evaluation,d43c6a107e95b281,600,evaluation,38,22,69,0,0,0.02000000,-0.02000000,2.110277564498e-4
evaluation,d43c6a107e95b281,600,evaluation,38,22,69,1,1,0.01000000,-0.01000000,1.235827803612e-4
evaluation,d43c6a107e95b281,600,evaluation,39,23,68,0,0,-0.02000000,-0.02000000,5.452769619296e-5
evaluation,d43c6a107e95b281,600,evaluation,39,23,68,1,1,-0.01000000,-0.01000000,7.942443335196e-5
evaluation,d43c6a107e95b281,600,evaluation,40,24,67,0,1,0.02000000,0.01000000,1.182015985250e-4
evaluation,d43c6a107e95b281,600,evaluation,40,24,67,1,0,0.01000000,0.02000000,4.786501449416e-5
evaluation,d43c6a107e95b281,600,evaluation,41,25,66,0,1,0.02000000,0.01000000,8.761510252953e-5
evaluation,d43c6a107e95b281,600,evaluation,41,25,66,1,0,0.01000000,0.02000000,1.182034611702e-4
evaluation,d43c6a107e95b281,600,evaluation,42,26,65,0,0,-0.02000000,0.02000000,-5.141273140907e-5
evaluation,d43c6a107e95b281,600,evaluation,42,26,65,1,1,-0.01000000,0.01000000,-3.177734834026e-5
evaluation,d43c6a107e95b281,600,evaluation,43,27,64,0,0,0.02000000,-0.02000000,2.009787858697e-4
evaluation,d43c6a107e95b281,600,evaluation,43,27,64,1,1,0.01000000,-0.01000000,1.007374376059e-4
evaluation,d43c6a107e95b281,600,evaluation,44,28,63,0,1,0.02000000,0.01000000,1.598416565685e-4
evaluation,d43c6a107e95b281,600,evaluation,44,28,63,1,0,0.01000000,0.02000000,9.085424244404e-5
evaluation,d43c6a107e95b281,600,evaluation,45,29,62,0,1,0.02000000,-0.01000000,1.753574906616e-4
evaluation,d43c6a107e95b281,600,evaluation,45,29,62,1,0,0.01000000,-0.02000000,1.930842845468e-4
evaluation,d43c6a107e95b281,600,evaluation,46,30,61,0,1,-0.02000000,0.01000000,1.559114753036e-4
evaluation,d43c6a107e95b281,600,evaluation,46,30,61,1,0,-0.01000000,0.02000000,1.668849290581e-4
evaluation,d43c6a107e95b281,600,evaluation,47,31,60,0,0,0.02000000,0.02000000,2.293381839991e-4
evaluation,d43c6a107e95b281,600,evaluation,47,31,60,1,1,0.01000000,0.01000000,1.154368146672e-4
evaluation,d43c6a107e95b281,600,evaluation,48,32,59,0,0,-0.02000000,0.02000000,1.493915915489e-4
evaluation,d43c6a107e95b281,600,evaluation,48,32,59,1,1,-0.01000000,0.01000000,7.531171286246e-5
evaluation,d43c6a107e95b281,600,evaluation,49,33,58,0,1,0.00000000,0.01000000,-5.781960862805e-5
evaluation,d43c6a107e95b281,600,evaluation,49,33,58,1,0,-0.02000000,0.02000000,-1.121684908867e-4
evaluation,d43c6a107e95b281,600,evaluation,50,34,57,0,0,0.02000000,0.02000000,2.281771303387e-4
evaluation,d43c6a107e95b281,600,evaluation,50,34,57,1,1,0.01000000,0.01000000,1.146681606770e-4
evaluation,d43c6a107e95b281,600,evaluation,51,35,56,0,0,0.02000000,0.02000000,7.368003571173e-5
evaluation,d43c6a107e95b281,600,evaluation,51,35,56,1,1,0.01000000,0.01000000,3.696108979057e-5
evaluation,d43c6a107e95b281,600,evaluation,52,36,55,0,1,-0.02000000,-0.02000000,7.999440276762e-5
evaluation,d43c6a107e95b281,600,evaluation,52,36,55,1,0,-0.01000000,0.00000000,4.039332270622e-5
evaluation,d43c6a107e95b281,600,evaluation,53,37,54,0,1,-0.02000000,-0.02000000,1.685197094048e-5
evaluation,d43c6a107e95b281,600,evaluation,53,37,54,1,0,-0.01000000,0.00000000,8.742014870222e-6
evaluation,d43c6a107e95b281,600,evaluation,54,38,53,0,1,0.02000000,-0.02000000,1.420347689418e-4
evaluation,d43c6a107e95b281,600,evaluation,54,38,53,1,0,0.01000000,0.00000000,7.112076127669e-5
evaluation,d43c6a107e95b281,600,evaluation,55,39,52,0,1,0.02000000,-0.02000000,9.217610204360e-5
evaluation,d43c6a107e95b281,600,evaluation,55,39,52,1,0,0.01000000,0.00000000,4.615883153747e-5
evaluation,d43c6a107e95b281,600,evaluation,56,40,51,0,0,0.02000000,0.00000000,4.873921284343e-7
evaluation,d43c6a107e95b281,600,evaluation,56,40,51,1,1,0.01000000,-0.02000000,2.446273867918e-7
evaluation,d43c6a107e95b281,600,evaluation,57,41,50,0,1,0.00000000,-0.02000000,0.000000000000e0
evaluation,d43c6a107e95b281,600,evaluation,57,41,50,1,0,-0.02000000,0.00000000,0.000000000000e0
evaluation,d43c6a107e95b281,600,evaluation,58,42,49,0,0,0.00000000,0.00000000,0.000000000000e0
evaluation,d43c6a107e95b281,600,evaluation,58,42,49,1,1,0.00500000,-0.02000000,2.153528294002e-5
evaluation,d43c6a107e95b281,600,evaluation,59,43,48,0,1,0.02000000,-0.02000000,2.558653477536e-6
evaluation,d43c6a107e95b281,600,evaluation,59,43,48,1,0,0.01000000,0.00000000,1.279637217522e-6
evaluation,d43c6a107e95b281,600,evaluation,60,44,47,0,0,0.00000000,0.02000000,2.474896609783e-5
evaluation,d43c6a107e95b281,600,evaluation,60,44,47,1,1,-0.02000000,0.01000000,1.238038112206e-5
evaluation,d43c6a107e95b281,600,evaluation,61,45,46,0,0,0.00000000,0.00000000,0.000000000000e0
evaluation,d43c6a107e95b281,600,evaluation,61,45,46,1,1,-0.02000000,-0.02000000,-2.216547727585e-7
evaluation,d43c6a107e95b281,2400,development,1,63,61,0,1,0.02000000,0.01000000,-7.007594103925e-4
evaluation,d43c6a107e95b281,2400,development,1,63,61,1,0,0.01000000,0.02000000,-3.625657409430e-4
evaluation,d43c6a107e95b281,2400,development,2,64,60,0,1,0.02000000,-0.01000000,-1.640412956476e-4
evaluation,d43c6a107e95b281,2400,development,2,64,60,1,0,0.01000000,-0.02000000,-5.254521965981e-5
evaluation,d43c6a107e95b281,2400,development,3,65,59,0,1,0.02000000,-0.01000000,3.862070661853e-5
evaluation,d43c6a107e95b281,2400,development,3,65,59,1,0,0.01000000,-0.02000000,7.457347965101e-5
evaluation,d43c6a107e95b281,2400,development,4,66,58,0,1,0.02000000,0.01000000,3.606143218349e-5
evaluation,d43c6a107e95b281,2400,development,4,66,58,1,0,0.01000000,0.02000000,-7.237804675242e-5
evaluation,d43c6a107e95b281,2400,development,5,67,57,0,1,0.02000000,-0.01000000,4.172201079200e-5
evaluation,d43c6a107e95b281,2400,development,5,67,57,1,0,0.01000000,-0.02000000,-5.856156349182e-6
evaluation,d43c6a107e95b281,2400,development,6,68,56,0,0,0.02000000,0.02000000,-1.690039971436e-5
evaluation,d43c6a107e95b281,2400,development,6,68,56,1,1,0.01000000,0.01000000,-5.565583705902e-6
evaluation,d43c6a107e95b281,2400,development,7,69,55,0,1,0.02000000,-0.02000000,-7.538869976997e-5
evaluation,d43c6a107e95b281,2400,development,7,69,55,1,0,0.01000000,0.00000000,-3.650908547570e-5
evaluation,d43c6a107e95b281,2400,development,8,70,54,0,1,0.02000000,-0.02000000,-1.488737761974e-4
evaluation,d43c6a107e95b281,2400,development,8,70,54,1,0,0.01000000,0.00000000,-7.373405242106e-5
evaluation,d43c6a107e95b281,2400,development,9,71,53,0,1,0.02000000,-0.02000000,7.028877735138e-5
evaluation,d43c6a107e95b281,2400,development,9,71,53,1,0,0.01000000,0.00000000,3.977182132076e-5
evaluation,d43c6a107e95b281,2400,development,10,72,52,0,1,-0.02000000,-0.02000000,-3.256512281951e-4
evaluation,d43c6a107e95b281,2400,development,10,72,52,1,0,-0.01000000,0.00000000,-1.423371286364e-4
evaluation,d43c6a107e95b281,2400,development,11,73,51,0,0,0.02000000,0.00000000,-1.197873280034e-4
evaluation,d43c6a107e95b281,2400,development,11,73,51,1,1,0.01000000,-0.02000000,-5.949971455266e-5
evaluation,d43c6a107e95b281,2400,development,12,74,50,0,1,-0.02000000,-0.02000000,-2.384694962529e-4
evaluation,d43c6a107e95b281,2400,development,12,74,50,1,0,-0.01000000,0.00000000,-1.141720786109e-4
evaluation,d43c6a107e95b281,2400,development,13,75,49,0,0,0.02000000,0.00000000,2.487966266926e-4
evaluation,d43c6a107e95b281,2400,development,13,75,49,1,1,0.01000000,-0.02000000,1.274539827136e-4
evaluation,d43c6a107e95b281,2400,development,14,76,48,0,1,0.02000000,-0.02000000,7.892710709712e-5
evaluation,d43c6a107e95b281,2400,development,14,76,48,1,0,0.01000000,0.00000000,4.118680953979e-5
evaluation,d43c6a107e95b281,2400,development,15,77,47,0,0,-0.02000000,0.02000000,3.343286516611e-4
evaluation,d43c6a107e95b281,2400,development,15,77,47,1,1,-0.01000000,0.01000000,1.643225550652e-4
evaluation,d43c6a107e95b281,2400,development,16,78,46,0,1,0.02000000,0.01000000,4.746243357658e-4
evaluation,d43c6a107e95b281,2400,development,16,78,46,1,0,0.01000000,0.02000000,2.203161566285e-4
evaluation,d43c6a107e95b281,2400,development,17,79,45,0,0,-0.02000000,0.02000000,-1.839712262154e-3
evaluation,d43c6a107e95b281,2400,development,17,79,45,1,1,-0.01000000,0.01000000,-8.529052138329e-4
evaluation,d43c6a107e95b281,2400,development,18,80,44,0,1,0.00000000,0.01000000,2.114971539413e-5
evaluation,d43c6a107e95b281,2400,development,18,80,44,1,0,-0.02000000,0.02000000,4.213365536998e-5
evaluation,d43c6a107e95b281,2400,development,19,81,43,0,0,0.00000000,0.02000000,8.025765419006e-5
evaluation,d43c6a107e95b281,2400,development,19,81,43,1,1,-0.02000000,0.01000000,4.027411341667e-5
evaluation,d43c6a107e95b281,2400,development,20,82,42,0,1,0.00000000,0.01000000,4.436261951923e-5
evaluation,d43c6a107e95b281,2400,development,20,82,42,1,0,-0.02000000,0.02000000,8.805779361865e-5
evaluation,d43c6a107e95b281,2400,development,21,83,41,0,1,0.00000000,0.01000000,-9.410704478796e-6
evaluation,d43c6a107e95b281,2400,development,21,83,41,1,0,-0.02000000,0.02000000,-1.885866186058e-5
evaluation,d43c6a107e95b281,2400,development,22,84,40,0,1,0.00000000,0.00500000,6.722286343575e-6
evaluation,d43c6a107e95b281,2400,development,22,84,40,1,0,-0.02000000,0.01000000,9.243066415365e-6
evaluation,d43c6a107e95b281,2400,development,23,85,39,0,1,0.00000000,-0.01000000,-3.433798847254e-4
evaluation,d43c6a107e95b281,2400,development,23,85,39,1,0,-0.02000000,-0.02000000,-7.187438313849e-4
evaluation,d43c6a107e95b281,2400,development,24,86,38,0,0,0.00000000,0.02000000,3.848206251860e-4
evaluation,d43c6a107e95b281,2400,development,24,86,38,1,1,-0.02000000,0.01000000,1.931699662236e-4
evaluation,d43c6a107e95b281,2400,development,25,87,37,0,0,0.00000000,-0.02000000,-1.211532726302e-4
evaluation,d43c6a107e95b281,2400,development,25,87,37,1,1,-0.02000000,-0.01000000,-5.950778722763e-5
evaluation,d43c6a107e95b281,2400,development,26,88,36,0,1,-0.02000000,0.01000000,8.488067542203e-4
evaluation,d43c6a107e95b281,2400,development,26,88,36,1,0,-0.01000000,0.02000000,4.532169550657e-4
evaluation,d43c6a107e95b281,2400,development,27,89,35,0,0,0.02000000,0.02000000,2.946866152342e-4
evaluation,d43c6a107e95b281,2400,development,27,89,35,1,1,0.01000000,0.01000000,1.585353165865e-4
evaluation,d43c6a107e95b281,2400,development,28,90,34,0,0,0.02000000,-0.02000000,2.479410322849e-4
evaluation,d43c6a107e95b281,2400,development,28,90,34,1,1,0.01000000,-0.01000000,1.286125479965e-4
evaluation,d43c6a107e95b281,2400,development,29,91,33,0,1,0.00000000,0.01000000,-3.267514330219e-5
evaluation,d43c6a107e95b281,2400,development,29,91,33,1,0,-0.02000000,0.02000000,-6.550861144206e-5
evaluation,d43c6a107e95b281,2400,development,30,92,32,0,1,-0.02000000,-0.01000000,1.273490488529e-4
evaluation,d43c6a107e95b281,2400,development,30,92,32,1,0,-0.01000000,-0.02000000,-1.309756189585e-4
evaluation,d43c6a107e95b281,2400,development,31,93,31,0,1,0.02000000,-0.01000000,7.547966088168e-4
evaluation,d43c6a107e95b281,2400,development,31,93,31,1,0,0.01000000,-0.02000000,1.211278722622e-3
evaluation,d43c6a107e95b281,2400,development,32,94,30,0,1,0.02000000,-0.01000000,1.009449362755e-3
evaluation,d43c6a107e95b281,2400,development,32,94,30,1,0,0.01000000,-0.02000000,3.820694983006e-4
evaluation,d43c6a107e95b281,2400,development,33,95,29,0,0,0.00000000,0.02000000,1.146619542851e-4
evaluation,d43c6a107e95b281,2400,development,33,95,29,1,1,-0.02000000,0.01000000,5.941092967987e-5
evaluation,d43c6a107e95b281,2400,development,34,96,28,0,1,0.02000000,-0.01000000,-3.518232551869e-4
evaluation,d43c6a107e95b281,2400,development,34,96,28,1,0,0.01000000,-0.02000000,-9.964344644686e-5
evaluation,d43c6a107e95b281,2400,development,35,97,27,0,0,0.02000000,-0.02000000,2.731308341026e-4
evaluation,d43c6a107e95b281,2400,development,35,97,27,1,1,0.01000000,-0.01000000,1.515603362350e-4
evaluation,d43c6a107e95b281,2400,development,36,98,26,0,0,0.02000000,-0.02000000,6.778432871215e-4
evaluation,d43c6a107e95b281,2400,development,36,98,26,1,1,0.01000000,-0.01000000,3.480346349534e-4
evaluation,d43c6a107e95b281,2400,development,37,99,25,0,1,0.00000000,-0.01000000,-4.151525718044e-5
evaluation,d43c6a107e95b281,2400,development,37,99,25,1,0,-0.02000000,-0.02000000,-8.376935875276e-5
evaluation,d43c6a107e95b281,2400,development,38,100,24,0,1,0.02000000,0.01000000,6.376393139362e-5
evaluation,d43c6a107e95b281,2400,development,38,100,24,1,0,0.01000000,0.02000000,2.136913390132e-4
evaluation,d43c6a107e95b281,2400,development,39,101,23,0,0,0.02000000,0.02000000,1.760290353559e-3
evaluation,d43c6a107e95b281,2400,development,39,101,23,1,1,0.01000000,0.01000000,1.091222628020e-3
evaluation,d43c6a107e95b281,2400,development,40,102,22,0,0,0.02000000,0.02000000,1.311612664722e-3
evaluation,d43c6a107e95b281,2400,development,40,102,22,1,1,0.01000000,0.01000000,7.339951698668e-4
evaluation,d43c6a107e95b281,2400,development,41,103,21,0,1,0.00000000,0.01000000,-2.276667655678e-4
evaluation,d43c6a107e95b281,2400,development,41,103,21,1,0,-0.02000000,0.02000000,-6.421388243325e-4
evaluation,d43c6a107e95b281,2400,development,42,104,20,0,0,-0.02000000,-0.02000000,-1.181202605949e-4
evaluation,d43c6a107e95b281,2400,development,42,104,20,1,1,-0.01000000,-0.01000000,1.209850142914e-5
evaluation,d43c6a107e95b281,2400,development,43,105,19,0,0,-0.02000000,0.02000000,-3.167924878653e-4
evaluation,d43c6a107e95b281,2400,development,43,105,19,1,1,-0.01000000,0.01000000,-1.495592296124e-4
evaluation,d43c6a107e95b281,2400,development,44,106,18,0,0,-0.02000000,0.02000000,7.361651514657e-4
evaluation,d43c6a107e95b281,2400,development,44,106,18,1,1,-0.01000000,0.01000000,3.900906594936e-4
evaluation,d43c6a107e95b281,2400,development,45,107,17,0,1,0.00000000,-0.01000000,8.020177483559e-5
evaluation,d43c6a107e95b281,2400,development,45,107,17,1,0,-0.02000000,-0.02000000,1.497585326433e-4
evaluation,d43c6a107e95b281,2400,development,46,108,16,0,1,-0.02000000,-0.01000000,3.795555385295e-4
evaluation,d43c6a107e95b281,2400,development,46,108,16,1,0,-0.01000000,-0.02000000,6.082772160880e-4
evaluation,d43c6a107e95b281,2400,development,47,109,15,0,0,-0.02000000,-0.02000000,-1.515241921879e-3
evaluation,d43c6a107e95b281,2400,development,47,109,15,1,1,-0.01000000,-0.01000000,-7.061231881380e-4
evaluation,d43c6a107e95b281,2400,development,48,110,14,0,0,-0.02000000,-0.02000000,-8.645541965961e-4
evaluation,d43c6a107e95b281,2400,development,48,110,14,1,1,-0.01000000,-0.01000000,-2.663539198693e-4
evaluation,d43c6a107e95b281,2400,development,49,111,13,0,0,0.00000000,-0.02000000,8.263426716439e-4
evaluation,d43c6a107e95b281,2400,development,49,111,13,1,1,-0.02000000,-0.01000000,4.377712903079e-4
evaluation,d43c6a107e95b281,2400,development,50,112,12,0,0,0.02000000,0.02000000,-1.900456845760e-4
evaluation,d43c6a107e95b281,2400,development,50,112,12,1,1,0.01000000,0.01000000,-6.056763231754e-5
evaluation,d43c6a107e95b281,2400,development,51,113,11,0,1,-0.02000000,0.02000000,2.864655107260e-4
evaluation,d43c6a107e95b281,2400,development,51,113,11,1,0,-0.01000000,-0.02000000,4.486280085985e-4
evaluation,d43c6a107e95b281,2400,development,52,114,10,0,1,-0.02000000,0.01000000,7.698187982896e-5
evaluation,d43c6a107e95b281,2400,development,52,114,10,1,0,-0.01000000,0.02000000,1.464784145355e-5
evaluation,d43c6a107e95b281,2400,development,53,115,9,0,1,0.00000000,0.01000000,9.181599125441e-6
evaluation,d43c6a107e95b281,2400,development,53,115,9,1,0,-0.02000000,0.02000000,-5.849140507053e-5
evaluation,d43c6a107e95b281,2400,development,54,116,8,0,1,0.02000000,-0.01000000,3.705359995365e-5
evaluation,d43c6a107e95b281,2400,development,54,116,8,1,0,0.01000000,-0.02000000,2.563620546425e-5
evaluation,d43c6a107e95b281,2400,development,55,117,7,0,1,-0.02000000,-0.01000000,1.157702281489e-4
evaluation,d43c6a107e95b281,2400,development,55,117,7,1,0,-0.01000000,-0.02000000,1.677274703979e-4
evaluation,d43c6a107e95b281,2400,development,56,118,6,0,0,-0.02000000,0.02000000,8.738252217881e-4
evaluation,d43c6a107e95b281,2400,development,56,118,6,1,1,-0.01000000,0.01000000,4.460271447897e-4
evaluation,d43c6a107e95b281,2400,development,57,119,5,0,1,0.00000000,-0.01000000,-2.975712122861e-4
evaluation,d43c6a107e95b281,2400,development,57,119,5,1,0,-0.02000000,-0.02000000,-6.094568525441e-4
evaluation,d43c6a107e95b281,2400,development,58,120,4,0,0,0.02000000,0.02000000,1.129843294621e-4
evaluation,d43c6a107e95b281,2400,development,58,120,4,1,1,0.01000000,0.01000000,6.549929821631e-5
evaluation,d43c6a107e95b281,2400,development,59,121,3,0,0,-0.02000000,0.02000000,2.458257040416e-5
evaluation,d43c6a107e95b281,2400,development,59,121,3,1,1,-0.01000000,0.01000000,2.625150045787e-5
evaluation,d43c6a107e95b281,2400,development,60,122,2,0,0,-0.02000000,-0.02000000,2.101249992847e-4
evaluation,d43c6a107e95b281,2400,development,60,122,2,1,1,-0.01000000,-0.01000000,1.169499009848e-4
evaluation,d43c6a107e95b281,2400,development,61,0,1,0,0,0.02000000,-0.02000000,-2.390040754108e-4
evaluation,d43c6a107e95b281,2400,development,61,0,1,1,1,0.01000000,-0.01000000,-4.764832556248e-5
evaluation,d43c6a107e95b281,2400,evaluation,1,63,61,0,0,0.02000000,0.02000000,-7.222809945233e-4
evaluation,d43c6a107e95b281,2400,evaluation,1,63,61,1,1,0.01000000,0.01000000,-3.455970436335e-4
evaluation,d43c6a107e95b281,2400,evaluation,2,64,60,0,0,0.02000000,-0.02000000,-1.480504870415e-4
evaluation,d43c6a107e95b281,2400,evaluation,2,64,60,1,1,0.01000000,-0.01000000,-6.858011329314e-5
evaluation,d43c6a107e95b281,2400,evaluation,3,65,59,0,0,0.02000000,-0.02000000,7.505217945436e-5
evaluation,d43c6a107e95b281,2400,evaluation,3,65,59,1,1,0.01000000,-0.01000000,3.809171539615e-5
evaluation,d43c6a107e95b281,2400,evaluation,4,66,58,0,0,0.02000000,0.02000000,-2.421749195491e-5
evaluation,d43c6a107e95b281,2400,evaluation,4,66,58,1,1,0.01000000,0.01000000,-1.157013048214e-5
evaluation,d43c6a107e95b281,2400,evaluation,5,67,57,0,0,0.02000000,-0.02000000,2.363758721913e-5
evaluation,d43c6a107e95b281,2400,evaluation,5,67,57,1,1,0.01000000,-0.01000000,1.217983663082e-5
evaluation,d43c6a107e95b281,2400,evaluation,6,68,56,0,1,0.02000000,0.01000000,1.297580729442e-5
evaluation,d43c6a107e95b281,2400,evaluation,6,68,56,1,0,0.01000000,0.02000000,-3.549146276782e-5
evaluation,d43c6a107e95b281,2400,evaluation,7,69,55,0,0,0.02000000,0.00000000,-7.538869976997e-5
evaluation,d43c6a107e95b281,2400,evaluation,7,69,55,1,1,0.01000000,-0.02000000,-3.650908547570e-5
evaluation,d43c6a107e95b281,2400,evaluation,8,70,54,0,0,0.02000000,0.00000000,-1.488737761974e-4
evaluation,d43c6a107e95b281,2400,evaluation,8,70,54,1,1,0.01000000,-0.02000000,-7.373405242106e-5
evaluation,d43c6a107e95b281,2400,evaluation,9,71,53,0,0,0.02000000,0.00000000,7.028877735138e-5
evaluation,d43c6a107e95b281,2400,evaluation,9,71,53,1,1,0.01000000,-0.02000000,3.977182132076e-5
evaluation,d43c6a107e95b281,2400,evaluation,10,72,52,0,0,-0.02000000,0.00000000,-3.256512281951e-4
evaluation,d43c6a107e95b281,2400,evaluation,10,72,52,1,1,-0.01000000,-0.02000000,-1.423371286364e-4
evaluation,d43c6a107e95b281,2400,evaluation,11,73,51,0,1,0.02000000,-0.02000000,-1.197873280034e-4
evaluation,d43c6a107e95b281,2400,evaluation,11,73,51,1,0,0.01000000,0.00000000,-5.949971455266e-5
evaluation,d43c6a107e95b281,2400,evaluation,12,74,50,0,0,-0.02000000,0.00000000,-2.384694962529e-4
evaluation,d43c6a107e95b281,2400,evaluation,12,74,50,1,1,-0.01000000,-0.02000000,-1.141720786109e-4
evaluation,d43c6a107e95b281,2400,evaluation,13,75,49,0,1,0.02000000,-0.02000000,2.487966266926e-4
evaluation,d43c6a107e95b281,2400,evaluation,13,75,49,1,0,0.01000000,0.00000000,1.274539827136e-4
evaluation,d43c6a107e95b281,2400,evaluation,14,76,48,0,0,0.02000000,0.00000000,7.892710709712e-5
evaluation,d43c6a107e95b281,2400,evaluation,14,76,48,1,1,0.01000000,-0.02000000,4.118680953979e-5
evaluation,d43c6a107e95b281,2400,evaluation,15,77,47,0,1,-0.02000000,0.01000000,9.780129039427e-5
evaluation,d43c6a107e95b281,2400,evaluation,15,77,47,1,0,-0.01000000,0.02000000,3.973183629569e-4
evaluation,d43c6a107e95b281,2400,evaluation,16,78,46,0,0,0.02000000,0.02000000,4.531232116278e-4
evaluation,d43c6a107e95b281,2400,evaluation,16,78,46,1,1,0.01000000,0.01000000,2.378125936957e-4
evaluation,d43c6a107e95b281,2400,evaluation,17,79,45,0,1,-0.02000000,0.01000000,-1.849686144851e-3
evaluation,d43c6a107e95b281,2400,evaluation,17,79,45,1,0,-0.01000000,0.02000000,-8.459109812975e-4
evaluation,d43c6a107e95b281,2400,evaluation,18,80,44,0,0,0.00000000,0.02000000,4.213365536998e-5
evaluation,d43c6a107e95b281,2400,evaluation,18,80,44,1,1,-0.02000000,0.01000000,2.114971539413e-5
evaluation,d43c6a107e95b281,2400,evaluation,19,81,43,0,1,0.00000000,0.01000000,4.027411341667e-5
evaluation,d43c6a107e95b281,2400,evaluation,19,81,43,1,0,-0.02000000,0.02000000,8.025765419006e-5
evaluation,d43c6a107e95b281,2400,evaluation,20,82,42,0,0,0.00000000,0.02000000,8.805779361865e-5
evaluation,d43c6a107e95b281,2400,evaluation,20,82,42,1,1,-0.02000000,0.01000000,4.436261951923e-5
evaluation,d43c6a107e95b281,2400,evaluation,21,83,41,0,0,0.00000000,0.02000000,-1.885866186058e-5
evaluation,d43c6a107e95b281,2400,evaluation,21,83,41,1,1,-0.02000000,0.01000000,-9.410704478796e-6
evaluation,d43c6a107e95b281,2400,evaluation,22,84,40,0,0,0.00000000,0.01000000,9.243066415365e-6
evaluation,d43c6a107e95b281,2400,evaluation,22,84,40,1,1,-0.02000000,0.00500000,6.722286343575e-6
evaluation,d43c6a107e95b281,2400,evaluation,23,85,39,0,0,0.00000000,-0.02000000,-7.187438313849e-4
evaluation,d43c6a107e95b281,2400,evaluation,23,85,39,1,1,-0.02000000,-0.01000000,-3.433798847254e-4
evaluation,d43c6a107e95b281,2400,evaluation,24,86,38,0,1,0.00000000,0.01000000,1.931699662236e-4
evaluation,d43c6a107e95b281,2400,evaluation,24,86,38,1,0,-0.02000000,0.02000000,3.848206251860e-4
evaluation,d43c6a107e95b281,2400,evaluation,25,87,37,0,1,0.00000000,-0.01000000,-5.950778722763e-5
evaluation,d43c6a107e95b281,2400,evaluation,25,87,37,1,0,-0.02000000,-0.02000000,-1.211532726302e-4
evaluation,d43c6a107e95b281,2400,evaluation,26,88,36,0,0,-0.02000000,0.02000000,8.320237393491e-4
evaluation,d43c6a107e95b281,2400,evaluation,26,88,36,1,1,-0.01000000,0.01000000,4.667254688684e-4
evaluation,d43c6a107e95b281,2400,evaluation,27,89,35,0,1,0.02000000,0.01000000,2.906844019890e-4
evaluation,d43c6a107e95b281,2400,evaluation,27,89,35,1,0,0.01000000,0.02000000,1.659306435613e-4
evaluation,d43c6a107e95b281,2400,evaluation,28,90,34,0,1,0.02000000,-0.01000000,2.571673539933e-4
evaluation,d43c6a107e95b281,2400,evaluation,28,90,34,1,0,0.01000000,-0.02000000,1.184089705930e-4
evaluation,d43c6a107e95b281,2400,evaluation,29,91,33,0,0,0.00000000,0.02000000,-6.550861144206e-5
evaluation,d43c6a107e95b281,2400,evaluation,29,91,33,1,1,-0.02000000,0.01000000,-3.267514330219e-5
evaluation,d43c6a107e95b281,2400,evaluation,30,92,32,0,0,-0.02000000,-0.02000000,-7.438783995894e-6
evaluation,d43c6a107e95b281,2400,evaluation,30,92,32,1,1,-0.01000000,-0.01000000,8.465722203255e-6
evaluation,d43c6a107e95b281,2400,evaluation,31,93,31,0,0,0.02000000,-0.02000000,1.256401301362e-3
evaluation,d43c6a107e95b281,2400,evaluation,31,93,31,1,1,0.01000000,-0.01000000,7.005085353740e-4
evaluation,d43c6a107e95b281,2400,evaluation,32,94,30,0,0,0.02000000,-0.02000000,8.713919669390e-4
evaluation,d43c6a107e95b281,2400,evaluation,32,94,30,1,1,0.01000000,-0.01000000,5.030874162912e-4
evaluation,d43c6a107e95b281,2400,evaluation,33,95,29,0,1,0.00000000,0.01000000,5.941092967987e-5
evaluation,d43c6a107e95b281,2400,evaluation,33,95,29,1,0,-0.02000000,0.02000000,1.146619542851e-4
evaluation,d43c6a107e95b281,2400,evaluation,34,96,28,0,0,0.02000000,-0.02000000,-3.105973300990e-4
evaluation,d43c6a107e95b281,2400,evaluation,34,96,28,1,1,0.01000000,-0.01000000,-1.430511474609e-4
evaluation,d43c6a107e95b281,2400,evaluation,35,97,27,0,1,0.02000000,-0.01000000,1.590729953023e-4
evaluation,d43c6a107e95b281,2400,evaluation,35,97,27,1,0,0.01000000,-0.02000000,2.680303005036e-4
evaluation,d43c6a107e95b281,2400,evaluation,36,98,26,0,1,0.02000000,-0.01000000,4.825163632631e-4
evaluation,d43c6a107e95b281,2400,evaluation,36,98,26,1,0,0.01000000,-0.02000000,5.453930352814e-4
evaluation,d43c6a107e95b281,2400,evaluation,37,99,25,0,0,0.00000000,-0.02000000,-8.376935875276e-5
evaluation,d43c6a107e95b281,2400,evaluation,37,99,25,1,1,-0.02000000,-0.01000000,-4.151525718044e-5
evaluation,d43c6a107e95b281,2400,evaluation,38,100,24,0,0,0.02000000,0.02000000,1.804319472285e-4
evaluation,d43c6a107e95b281,2400,evaluation,38,100,24,1,1,0.01000000,0.01000000,9.883133316180e-5
evaluation,d43c6a107e95b281,2400,evaluation,39,101,23,0,1,0.02000000,0.01000000,1.186714158393e-3
evaluation,d43c6a107e95b281,2400,evaluation,39,101,23,1,0,0.01000000,0.02000000,1.674207509495e-3
evaluation,d43c6a107e95b281,2400,evaluation,40,102,22,0,1,0.02000000,0.01000000,9.972130646929e-4
evaluation,d43c6a107e95b281,2400,evaluation,40,102,22,1,0,0.01000000,0.02000000,1.064710901119e-3
evaluation,d43c6a107e95b281,2400,evaluation,41,103,21,0,0,0.00000000,0.02000000,-6.421388243325e-4
evaluation,d43c6a107e95b281,2400,evaluation,41,103,21,1,1,-0.02000000,0.01000000,-2.276667655678e-4
evaluation,d43c6a107e95b281,2400,evaluation,42,104,20,0,1,-0.02000000,-0.01000000,-2.782270312309e-4
evaluation,d43c6a107e95b281,2400,evaluation,42,104,20,1,0,-0.01000000,-0.02000000,1.643982977839e-4
evaluation,d43c6a107e95b281,2400,evaluation,43,105,19,0,1,-0.02000000,0.01000000,-3.717243671417e-4
evaluation,d43c6a107e95b281,2400,evaluation,43,105,19,1,0,-0.01000000,0.02000000,-9.205254173139e-5
evaluation,d43c6a107e95b281,2400,evaluation,44,106,18,0,1,-0.02000000,0.01000000,4.780342278536e-4
evaluation,d43c6a107e95b281,2400,evaluation,44,106,18,1,0,-0.01000000,0.02000000,6.499749724753e-4
evaluation,d43c6a107e95b281,2400,evaluation,45,107,17,0,0,0.00000000,-0.02000000,1.497585326433e-4
evaluation,d43c6a107e95b281,2400,evaluation,45,107,17,1,1,-0.02000000,-0.01000000,8.020177483559e-5
evaluation,d43c6a107e95b281,2400,evaluation,46,108,16,0,0,-0.02000000,-0.02000000,6.000082939863e-4
evaluation,d43c6a107e95b281,2400,evaluation,46,108,16,1,1,-0.01000000,-0.01000000,3.972513077315e-4
evaluation,d43c6a107e95b281,2400,evaluation,47,109,15,0,1,-0.02000000,-0.01000000,-6.180827622302e-4
evaluation,d43c6a107e95b281,2400,evaluation,47,109,15,1,0,-0.01000000,-0.02000000,-1.606019213796e-3
evaluation,d43c6a107e95b281,2400,evaluation,48,110,14,0,1,-0.02000000,-0.01000000,-4.126553831156e-4
evaluation,d43c6a107e95b281,2400,evaluation,48,110,14,1,0,-0.01000000,-0.02000000,-7.078523631208e-4
evaluation,d43c6a107e95b281,2400,evaluation,49,111,13,0,1,0.00000000,-0.01000000,4.377712903079e-4
evaluation,d43c6a107e95b281,2400,evaluation,49,111,13,1,0,-0.02000000,-0.02000000,8.263426716439e-4
evaluation,d43c6a107e95b281,2400,evaluation,50,112,12,0,1,0.02000000,0.01000000,-1.589966268511e-4
evaluation,d43c6a107e95b281,2400,evaluation,50,112,12,1,0,0.01000000,0.02000000,-8.913936471799e-5
evaluation,d43c6a107e95b281,2400,evaluation,51,113,11,0,0,-0.02000000,-0.02000000,6.624839152209e-4
evaluation,d43c6a107e95b281,2400,evaluation,51,113,11,1,1,-0.01000000,0.02000000,5.571544170380e-5
evaluation,d43c6a107e95b281,2400,evaluation,52,114,10,0,0,-0.02000000,0.02000000,6.090601164033e-5
evaluation,d43c6a107e95b281,2400,evaluation,52,114,10,1,1,-0.01000000,0.01000000,3.070880848099e-5
evaluation,d43c6a107e95b281,2400,evaluation,53,115,9,0,0,0.00000000,0.02000000,-5.849140507053e-5
evaluation,d43c6a107e95b281,2400,evaluation,53,115,9,1,1,-0.02000000,0.01000000,9.181599125441e-6
evaluation,d43c6a107e95b281,2400,evaluation,54,116,8,0,0,0.02000000,-0.02000000,4.048459231853e-5
evaluation,d43c6a107e95b281,2400,evaluation,54,116,8,1,1,0.01000000,-0.01000000,2.513887920941e-5
evaluation,d43c6a107e95b281,2400,evaluation,55,117,7,0,0,-0.02000000,-0.02000000,1.852561981650e-4
evaluation,d43c6a107e95b281,2400,evaluation,55,117,7,1,1,-0.01000000,-0.01000000,9.819368278841e-5
evaluation,d43c6a107e95b281,2400,evaluation,56,118,6,0,1,-0.02000000,0.01000000,8.387981797569e-4
evaluation,d43c6a107e95b281,2400,evaluation,56,118,6,1,0,-0.01000000,0.02000000,4.813441482838e-4
evaluation,d43c6a107e95b281,2400,evaluation,57,119,5,0,0,0.00000000,-0.02000000,-6.094568525441e-4
evaluation,d43c6a107e95b281,2400,evaluation,57,119,5,1,1,-0.02000000,-0.01000000,-2.975712122861e-4
evaluation,d43c6a107e95b281,2400,evaluation,58,120,4,0,1,0.02000000,0.01000000,2.341469080420e-4
evaluation,d43c6a107e95b281,2400,evaluation,58,120,4,1,0,0.01000000,0.02000000,-6.442268932005e-5
evaluation,d43c6a107e95b281,2400,evaluation,59,121,3,0,1,-0.02000000,0.01000000,3.564481812646e-5
evaluation,d43c6a107e95b281,2400,evaluation,59,121,3,1,0,-0.01000000,0.02000000,1.448951661587e-5
evaluation,d43c6a107e95b281,2400,evaluation,60,122,2,0,1,-0.02000000,-0.01000000,2.380715013715e-4
evaluation,d43c6a107e95b281,2400,evaluation,60,122,2,1,0,-0.01000000,-0.02000000,9.034635877470e-5
evaluation,d43c6a107e95b281,2400,evaluation,61,0,1,0,1,0.02000000,-0.01000000,-2.457468362991e-4
evaluation,d43c6a107e95b281,2400,evaluation,61,0,1,1,0,0.01000000,-0.02000000,-7.011741399765e-5
evaluation,d43c6a107e95b281,4200,development,1,18,16,0,1,-0.02000000,0.02000000,-1.650825724937e-3
evaluation,d43c6a107e95b281,4200,development,1,18,16,1,0,-0.01000000,0.01000000,-5.944700096734e-4
evaluation,d43c6a107e95b281,4200,development,2,19,15,0,0,0.02000000,-0.02000000,1.170825213194e-3
evaluation,d43c6a107e95b281,4200,development,2,19,15,1,1,0.01000000,-0.01000000,6.384383887053e-4
evaluation,d43c6a107e95b281,4200,development,3,20,14,0,1,-0.02000000,-0.01000000,-1.252981484868e-3
evaluation,d43c6a107e95b281,4200,development,3,20,14,1,0,-0.01000000,-0.02000000,-3.340835915878e-3
evaluation,d43c6a107e95b281,4200,development,4,21,13,0,0,-0.02000000,-0.02000000,1.550077111460e-3
evaluation,d43c6a107e95b281,4200,development,4,21,13,1,1,-0.01000000,-0.01000000,8.466479484923e-4
evaluation,d43c6a107e95b281,4200,development,5,22,12,0,1,0.02000000,0.01000000,-6.979281897657e-4
evaluation,d43c6a107e95b281,4200,development,5,22,12,1,0,0.01000000,0.02000000,9.147698874585e-4
evaluation,d43c6a107e95b281,4200,development,6,23,11,0,1,-0.02000000,0.01000000,-2.724386751652e-3
evaluation,d43c6a107e95b281,4200,development,6,23,11,1,0,-0.01000000,0.02000000,-1.337012858130e-3
evaluation,d43c6a107e95b281,4200,development,8,25,9,0,0,-0.02000000,0.02000000,1.717054547044e-4
evaluation,d43c6a107e95b281,4200,development,8,25,9,1,1,-0.01000000,0.01000000,1.063942909241e-4
evaluation,d43c6a107e95b281,4200,development,9,26,8,0,0,0.02000000,0.02000000,-7.429830729961e-4
evaluation,d43c6a107e95b281,4200,development,9,26,8,1,1,0.01000000,0.01000000,-3.526676446199e-4
evaluation,d43c6a107e95b281,4200,development,10,27,7,0,0,-0.02000000,-0.02000000,8.596194093116e-4
evaluation,d43c6a107e95b281,4200,development,10,27,7,1,1,-0.01000000,-0.01000000,4.382295010146e-4
evaluation,d43c6a107e95b281,4200,development,11,28,6,0,1,-0.02000000,-0.01000000,1.085959374905e-4
evaluation,d43c6a107e95b281,4200,development,11,28,6,1,0,-0.01000000,-0.02000000,-2.166641206713e-4
evaluation,d43c6a107e95b281,4200,development,12,29,5,0,0,0.02000000,-0.02000000,-2.288700343342e-4
evaluation,d43c6a107e95b281,4200,development,12,29,5,1,1,0.01000000,-0.01000000,-9.335701906821e-5
evaluation,d43c6a107e95b281,4200,development,13,30,4,0,1,-0.02000000,0.01000000,3.934763371944e-4
evaluation,d43c6a107e95b281,4200,development,13,30,4,1,0,-0.01000000,0.02000000,8.099160040729e-4
evaluation,d43c6a107e95b281,4200,development,14,31,3,0,1,0.02000000,0.01000000,-1.312360167503e-3
evaluation,d43c6a107e95b281,4200,development,14,31,3,1,0,0.01000000,0.02000000,-5.560697172768e-4
evaluation,d43c6a107e95b281,4200,development,15,32,2,0,1,-0.02000000,-0.01000000,-7.669255137444e-5
evaluation,d43c6a107e95b281,4200,development,15,32,2,1,0,-0.01000000,-0.02000000,2.451241016388e-4
evaluation,d43c6a107e95b281,4200,development,17,34,0,0,1,-0.02000000,0.01000000,-3.524348139763e-4
evaluation,d43c6a107e95b281,4200,development,17,34,0,1,0,-0.01000000,0.02000000,-1.085893600248e-3
evaluation,d43c6a107e95b281,4200,development,18,35,122,0,0,0.02000000,0.02000000,7.116670167306e-5
evaluation,d43c6a107e95b281,4200,development,18,35,122,1,1,0.01000000,0.01000000,3.769372779061e-5
evaluation,d43c6a107e95b281,4200,development,19,36,121,0,1,0.02000000,-0.01000000,1.756778656272e-4
evaluation,d43c6a107e95b281,4200,development,19,36,121,1,0,0.01000000,-0.02000000,3.501375613268e-4
evaluation,d43c6a107e95b281,4200,development,20,37,120,0,1,-0.02000000,0.01000000,-7.951135194162e-5
evaluation,d43c6a107e95b281,4200,development,20,37,120,1,0,-0.01000000,0.02000000,1.740120351315e-4
evaluation,d43c6a107e95b281,4200,development,21,38,119,0,0,-0.02000000,0.00000000,2.421438694000e-8
evaluation,d43c6a107e95b281,4200,development,21,38,119,1,1,-0.01000000,-0.02000000,3.317371010780e-6
evaluation,d43c6a107e95b281,4200,development,22,39,118,0,1,-0.02000000,0.01000000,-9.653295273893e-4
evaluation,d43c6a107e95b281,4200,development,22,39,118,1,0,-0.01000000,0.02000000,-8.298394386657e-4
evaluation,d43c6a107e95b281,4200,development,23,40,117,0,1,0.02000000,0.01000000,7.840245962143e-5
evaluation,d43c6a107e95b281,4200,development,23,40,117,1,0,0.01000000,0.02000000,1.253063528566e-4
evaluation,d43c6a107e95b281,4200,development,24,41,116,0,0,0.02000000,0.02000000,8.888915181160e-5
evaluation,d43c6a107e95b281,4200,development,24,41,116,1,1,0.01000000,0.01000000,4.651273411582e-5
evaluation,d43c6a107e95b281,4200,development,25,42,115,0,1,-0.02000000,-0.02000000,-7.627407467226e-5
evaluation,d43c6a107e95b281,4200,development,25,42,115,1,0,-0.01000000,0.00000000,-3.795574230026e-5
evaluation,d43c6a107e95b281,4200,development,26,43,114,0,1,0.02000000,0.01000000,1.618477253942e-4
evaluation,d43c6a107e95b281,4200,development,26,43,114,1,0,0.01000000,0.02000000,6.682053208351e-5
evaluation,d43c6a107e95b281,4200,development,27,44,113,0,1,0.02000000,0.01000000,4.556402564049e-5
evaluation,d43c6a107e95b281,4200,development,27,44,113,1,0,0.01000000,0.02000000,-4.229446130921e-5
evaluation,d43c6a107e95b281,4200,development,28,45,112,0,1,0.02000000,0.01000000,-5.143383987161e-6
evaluation,d43c6a107e95b281,4200,development,28,45,112,1,0,0.01000000,0.02000000,-5.625064295600e-5
evaluation,d43c6a107e95b281,4200,development,29,46,111,0,0,0.02000000,0.00000000,4.591544347932e-5
evaluation,d43c6a107e95b281,4200,development,29,46,111,1,1,0.01000000,-0.02000000,2.815450170601e-5
evaluation,d43c6a107e95b281,4200,development,30,47,110,0,1,0.02000000,-0.01000000,4.976888303645e-4
evaluation,d43c6a107e95b281,4200,development,30,47,110,1,0,0.01000000,-0.02000000,3.607533872128e-4
evaluation,d43c6a107e95b281,4200,development,31,48,109,0,1,0.00000000,-0.01000000,1.744131295709e-4
evaluation,d43c6a107e95b281,4200,development,31,48,109,1,0,-0.02000000,-0.02000000,3.476527926978e-4
evaluation,d43c6a107e95b281,4200,development,32,49,108,0,0,0.00000000,-0.02000000,5.289539694786e-5
evaluation,d43c6a107e95b281,4200,development,32,49,108,1,1,-0.02000000,-0.01000000,2.871826291084e-5
evaluation,d43c6a107e95b281,4200,development,33,50,107,0,0,0.00000000,0.00000000,0.000000000000e0
evaluation,d43c6a107e95b281,4200,development,33,50,107,1,1,-0.02000000,-0.02000000,0.000000000000e0
evaluation,d43c6a107e95b281,4200,development,34,51,106,0,0,0.00000000,-0.02000000,2.028197050095e-4
evaluation,d43c6a107e95b281,4200,development,34,51,106,1,1,-0.02000000,-0.01000000,1.019251867547e-4
evaluation,d43c6a107e95b281,4200,development,35,52,105,0,1,0.00000000,-0.01000000,3.679717701743e-5
evaluation,d43c6a107e95b281,4200,development,35,52,105,1,0,-0.02000000,-0.02000000,4.690699279308e-5
evaluation,d43c6a107e95b281,4200,development,36,53,104,0,0,0.00000000,-0.02000000,-2.184882760048e-4
evaluation,d43c6a107e95b281,4200,development,36,53,104,1,1,-0.02000000,-0.01000000,-8.619266009191e-5
evaluation,d43c6a107e95b281,4200,development,37,54,103,0,0,0.00000000,0.00000000,0.000000000000e0
evaluation,d43c6a107e95b281,4200,development,37,54,103,1,1,-0.02000000,-0.02000000,0.000000000000e0
evaluation,d43c6a107e95b281,4200,development,38,55,102,0,1,0.00000000,0.01000000,3.477980790194e-4
evaluation,d43c6a107e95b281,4200,development,38,55,102,1,0,-0.02000000,0.02000000,6.528496742249e-4
evaluation,d43c6a107e95b281,4200,development,39,56,101,0,0,0.02000000,0.02000000,1.472557632951e-4
evaluation,d43c6a107e95b281,4200,development,39,56,101,1,1,0.01000000,0.01000000,7.755061233183e-5
evaluation,d43c6a107e95b281,4200,development,40,57,100,0,1,-0.02000000,-0.00500000,1.537427306175e-5
evaluation,d43c6a107e95b281,4200,development,40,57,100,1,0,-0.01000000,-0.01000000,5.373110525397e-6
evaluation,d43c6a107e95b281,4200,development,41,58,99,0,1,0.02000000,-0.02000000,-4.192193500785e-6
evaluation,d43c6a107e95b281,4200,development,41,58,99,1,0,0.01000000,0.00000000,-1.825392246246e-6
evaluation,d43c6a107e95b281,4200,development,42,59,98,0,1,-0.02000000,0.01000000,2.552171645220e-4
evaluation,d43c6a107e95b281,4200,development,42,59,98,1,0,-0.01000000,0.02000000,2.946518361568e-4
evaluation,d43c6a107e95b281,4200,development,43,60,97,0,1,-0.02000000,0.01000000,1.715719699860e-4
evaluation,d43c6a107e95b281,4200,development,43,60,97,1,0,-0.01000000,0.02000000,1.785916538211e-4
evaluation,d43c6a107e95b281,4200,development,44,61,96,0,1,0.02000000,0.01000000,-1.462052314309e-4
evaluation,d43c6a107e95b281,4200,development,44,61,96,1,0,0.01000000,0.02000000,-1.947743148776e-4
evaluation,d43c6a107e95b281,4200,development,45,62,95,0,1,-0.02000000,-0.02000000,-4.054022429045e-4
evaluation,d43c6a107e95b281,4200,development,45,62,95,1,0,-0.01000000,0.00000000,-1.934754400281e-4
evaluation,d43c6a107e95b281,4200,development,46,63,94,0,1,0.02000000,-0.01000000,-8.543059229851e-4
evaluation,d43c6a107e95b281,4200,development,46,63,94,1,0,0.01000000,-0.02000000,-7.930503343232e-4
evaluation,d43c6a107e95b281,4200,development,47,64,93,0,1,-0.02000000,0.01000000,3.100422618445e-4
evaluation,d43c6a107e95b281,4200,development,47,64,93,1,0,-0.01000000,0.02000000,4.352958349045e-4
evaluation,d43c6a107e95b281,4200,development,48,65,92,0,1,-0.02000000,0.01000000,-6.417557597160e-5
evaluation,d43c6a107e95b281,4200,development,48,65,92,1,0,-0.01000000,0.02000000,-3.525738793542e-5
evaluation,d43c6a107e95b281,4200,development,49,66,91,0,1,-0.02000000,-0.02000000,-1.735302357702e-4
evaluation,d43c6a107e95b281,4200,development,49,66,91,1,0,-0.01000000,0.00000000,-8.647640788695e-5
evaluation,d43c6a107e95b281,4200,development,50,67,90,0,1,0.02000000,0.01000000,2.934131771326e-4
evaluation,d43c6a107e95b281,4200,development,50,67,90,1,0,0.01000000,0.02000000,3.148801624775e-4
evaluation,d43c6a107e95b281,4200,development,51,68,89,0,0,-0.02000000,-0.02000000,1.293042005273e-4
evaluation,d43c6a107e95b281,4200,development,51,68,89,1,1,-0.01000000,-0.01000000,9.679483628133e-5
evaluation,d43c6a107e95b281,4200,development,52,69,88,0,1,-0.02000000,-0.01000000,3.481259045657e-4
evaluation,d43c6a107e95b281,4200,development,52,69,88,1,0,-0.01000000,-0.02000000,4.709754139185e-4
evaluation,d43c6a107e95b281,4200,development,53,70,87,0,0,0.02000000,0.00000000,4.610419273376e-5
evaluation,d43c6a107e95b281,4200,development,53,70,87,1,1,0.01000000,-0.02000000,3.208095949958e-5
evaluation,d43c6a107e95b281,4200,development,54,71,86,0,0,0.02000000,0.00000000,4.423409700394e-5
evaluation,d43c6a107e95b281,4200,development,54,71,86,1,1,0.01000000,-0.02000000,3.449370342423e-5
evaluation,d43c6a107e95b281,4200,development,55,72,85,0,1,-0.02000000,-0.02000000,-2.903913555201e-4
evaluation,d43c6a107e95b281,4200,development,55,72,85,1,0,-0.01000000,0.00000000,-1.216406599269e-4
evaluation,d43c6a107e95b281,4200,development,56,73,84,0,1,0.02000000,-0.02000000,5.514981967281e-5
evaluation,d43c6a107e95b281,4200,development,56,73,84,1,0,0.01000000,0.00000000,2.884554305638e-5
evaluation,d43c6a107e95b281,4200,development,57,74,83,0,1,-0.02000000,-0.02000000,4.534920208243e-6
evaluation,d43c6a107e95b281,4200,development,57,74,83,1,0,-0.01000000,0.00000000,3.917763478967e-6
evaluation,d43c6a107e95b281,4200,development,58,75,82,0,0,0.02000000,0.00000000,4.793374391738e-4
evaluation,d43c6a107e95b281,4200,development,58,75,82,1,1,0.01000000,-0.02000000,2.437476068735e-4
evaluation,d43c6a107e95b281,4200,development,59,76,81,0,0,0.02000000,0.00000000,2.543417213019e-4
evaluation,d43c6a107e95b281,4200,development,59,76,81,1,1,0.01000000,-0.02000000,1.290117652388e-4
evaluation,d43c6a107e95b281,4200,development,60,77,80,0,1,-0.02000000,-0.02000000,-2.271893172292e-4
evaluation,d43c6a107e95b281,4200,development,60,77,80,1,0,-0.01000000,0.00000000,-1.017550603137e-4
evaluation,d43c6a107e95b281,4200,development,61,78,79,0,1,0.02000000,-0.01000000,-7.329962099902e-4
evaluation,d43c6a107e95b281,4200,development,61,78,79,1,0,0.01000000,-0.02000000,-1.719426363707e-3
evaluation,d43c6a107e95b281,4200,evaluation,1,18,16,0,0,-0.02000000,0.01000000,-3.321276453789e-4
evaluation,d43c6a107e95b281,4200,evaluation,1,18,16,1,1,-0.01000000,0.02000000,-1.872002496384e-3
evaluation,d43c6a107e95b281,4200,evaluation,2,19,15,0,1,0.02000000,-0.01000000,8.595809340477e-4
evaluation,d43c6a107e95b281,4200,evaluation,2,19,15,1,0,0.01000000,-0.02000000,9.521152824163e-4
evaluation,d43c6a107e95b281,4200,evaluation,3,20,14,0,0,-0.02000000,-0.02000000,-3.076476277784e-3
evaluation,d43c6a107e95b281,4200,evaluation,3,20,14,1,1,-0.01000000,-0.01000000,-1.465529785492e-3
evaluation,d43c6a107e95b281,4200,evaluation,4,21,13,0,1,-0.02000000,-0.01000000,1.090827048756e-3
evaluation,d43c6a107e95b281,4200,evaluation,4,21,13,1,0,-0.01000000,-0.02000000,1.305898069404e-3
evaluation,d43c6a107e95b281,4200,evaluation,5,22,12,0,0,0.02000000,0.02000000,1.471589057473e-4
evaluation,d43c6a107e95b281,4200,evaluation,5,22,12,1,1,0.01000000,0.01000000,1.298456190852e-4
evaluation,d43c6a107e95b281,4200,evaluation,6,23,11,0,0,-0.02000000,0.02000000,-2.941520186141e-3
evaluation,d43c6a107e95b281,4200,evaluation,6,23,11,1,1,-0.01000000,0.01000000,-1.195489079691e-3
evaluation,d43c6a107e95b281,4200,evaluation,8,25,9,0,1,-0.02000000,0.01000000,1.607785670785e-4
evaluation,d43c6a107e95b281,4200,evaluation,8,25,9,1,0,-0.01000000,0.02000000,1.211694107042e-4
evaluation,d43c6a107e95b281,4200,evaluation,9,26,8,0,1,0.02000000,0.01000000,-4.305262118578e-4
evaluation,d43c6a107e95b281,4200,evaluation,9,26,8,1,0,0.01000000,0.02000000,-6.651245057583e-4
evaluation,d43c6a107e95b281,4200,evaluation,10,27,7,0,1,-0.02000000,-0.01000000,7.208784227259e-4
evaluation,d43c6a107e95b281,4200,evaluation,10,27,7,1,0,-0.01000000,-0.02000000,5.765861715190e-4
evaluation,d43c6a107e95b281,4200,evaluation,11,28,6,0,0,-0.02000000,-0.02000000,-7.326155900955e-5
evaluation,d43c6a107e95b281,4200,evaluation,11,28,6,1,1,-0.01000000,-0.01000000,-3.301103788544e-5
evaluation,d43c6a107e95b281,4200,evaluation,12,29,5,0,1,0.02000000,-0.01000000,-9.527305519441e-5
evaluation,d43c6a107e95b281,4200,evaluation,12,29,5,1,0,0.01000000,-0.02000000,-2.206284552813e-4
evaluation,d43c6a107e95b281,4200,evaluation,13,30,4,0,0,-0.02000000,0.02000000,7.612357730977e-4
evaluation,d43c6a107e95b281,4200,evaluation,13,30,4,1,1,-0.01000000,0.01000000,4.473049193621e-4
evaluation,d43c6a107e95b281,4200,evaluation,14,31,3,0,0,0.02000000,0.02000000,-1.282651559450e-3
evaluation,d43c6a107e95b281,4200,evaluation,14,31,3,1,1,0.01000000,0.01000000,-5.836362834089e-4
evaluation,d43c6a107e95b281,4200,evaluation,15,32,2,0,0,-0.02000000,-0.02000000,1.045279204845e-4
evaluation,d43c6a107e95b281,4200,evaluation,15,32,2,1,1,-0.01000000,-0.01000000,6.473561370512e-5
evaluation,d43c6a107e95b281,4200,evaluation,17,34,0,0,0,-0.02000000,0.02000000,-1.006675302051e-3
evaluation,d43c6a107e95b281,4200,evaluation,17,34,0,1,1,-0.01000000,0.01000000,-4.320343432482e-4
evaluation,d43c6a107e95b281,4200,evaluation,18,35,122,0,1,0.02000000,0.01000000,3.599499541451e-5
evaluation,d43c6a107e95b281,4200,evaluation,18,35,122,1,0,0.01000000,0.02000000,6.975606083870e-5
evaluation,d43c6a107e95b281,4200,evaluation,19,36,121,0,0,0.02000000,-0.02000000,3.477937134448e-4
evaluation,d43c6a107e95b281,4200,evaluation,19,36,121,1,1,0.01000000,-0.01000000,1.799749879865e-4
evaluation,d43c6a107e95b281,4200,evaluation,20,37,120,0,0,-0.02000000,0.02000000,5.628541111946e-5
evaluation,d43c6a107e95b281,4200,evaluation,20,37,120,1,1,-0.01000000,0.01000000,3.800417107414e-5
evaluation,d43c6a107e95b281,4200,evaluation,21,38,119,0,1,-0.02000000,-0.02000000,2.421438694000e-8
evaluation,d43c6a107e95b281,4200,evaluation,21,38,119,1,0,-0.01000000,0.00000000,3.317371010780e-6
evaluation,d43c6a107e95b281,4200,evaluation,22,39,118,0,0,-0.02000000,0.02000000,-1.270222128369e-3
evaluation,d43c6a107e95b281,4200,evaluation,22,39,118,1,1,-0.01000000,0.01000000,-5.549900233746e-4
evaluation,d43c6a107e95b281,4200,evaluation,23,40,117,0,0,0.02000000,0.02000000,1.354999840260e-4
evaluation,d43c6a107e95b281,4200,evaluation,23,40,117,1,1,0.01000000,0.01000000,6.822744762758e-5
evaluation,d43c6a107e95b281,4200,evaluation,24,41,116,0,1,0.02000000,0.01000000,6.685033440590e-5
evaluation,d43c6a107e95b281,4200,evaluation,24,41,116,1,0,0.01000000,0.02000000,6.841743743280e-5
evaluation,d43c6a107e95b281,4200,evaluation,25,42,115,0,0,-0.02000000,0.00000000,-7.627407467226e-5
evaluation,d43c6a107e95b281,4200,evaluation,25,42,115,1,1,-0.01000000,-0.02000000,-3.795574230026e-5
evaluation,d43c6a107e95b281,4200,evaluation,26,43,114,0,0,0.02000000,0.02000000,1.514876930742e-4
evaluation,d43c6a107e95b281,4200,evaluation,26,43,114,1,1,0.01000000,0.01000000,7.670372724533e-5
evaluation,d43c6a107e95b281,4200,evaluation,27,44,113,0,0,0.02000000,0.02000000,8.990367064143e-7
evaluation,d43c6a107e95b281,4200,evaluation,27,44,113,1,1,0.01000000,0.01000000,2.533197402954e-6
evaluation,d43c6a107e95b281,4200,evaluation,28,45,112,0,0,0.02000000,0.02000000,-5.198021608521e-5
evaluation,d43c6a107e95b281,4200,evaluation,28,45,112,1,1,0.01000000,0.01000000,-8.425365194853e-6
evaluation,d43c6a107e95b281,4200,evaluation,29,46,111,0,1,0.02000000,-0.02000000,4.591544347932e-5
evaluation,d43c6a107e95b281,4200,evaluation,29,46,111,1,0,0.01000000,0.00000000,2.815450170601e-5
evaluation,d43c6a107e95b281,4200,evaluation,30,47,110,0,0,0.02000000,-0.02000000,5.511455237865e-4
evaluation,d43c6a107e95b281,4200,evaluation,30,47,110,1,1,0.01000000,-0.01000000,3.021359443665e-4
evaluation,d43c6a107e95b281,4200,evaluation,31,48,109,0,0,0.00000000,-0.02000000,3.476527926978e-4
evaluation,d43c6a107e95b281,4200,evaluation,31,48,109,1,1,-0.02000000,-0.01000000,1.744131295709e-4
evaluation,d43c6a107e95b281,4200,evaluation,32,49,108,0,1,0.00000000,-0.01000000,2.871826291084e-5
evaluation,d43c6a107e95b281,4200,evaluation,32,49,108,1,0,-0.02000000,-0.02000000,5.289539694786e-5
evaluation,d43c6a107e95b281,4200,evaluation,33,50,107,0,1,0.00000000,-0.02000000,0.000000000000e0
evaluation,d43c6a107e95b281,4200,evaluation,33,50,107,1,0,-0.02000000,0.00000000,0.000000000000e0
evaluation,d43c6a107e95b281,4200,evaluation,34,51,106,0,1,0.00000000,-0.01000000,1.019251867547e-4
evaluation,d43c6a107e95b281,4200,evaluation,34,51,106,1,0,-0.02000000,-0.02000000,2.028197050095e-4
evaluation,d43c6a107e95b281,4200,evaluation,35,52,105,0,0,0.00000000,-0.02000000,4.690699279308e-5
evaluation,d43c6a107e95b281,4200,evaluation,35,52,105,1,1,-0.02000000,-0.01000000,3.679717701743e-5
evaluation,d43c6a107e95b281,4200,evaluation,36,53,104,0,1,0.00000000,-0.01000000,-8.619266009191e-5
evaluation,d43c6a107e95b281,4200,evaluation,36,53,104,1,0,-0.02000000,-0.02000000,-2.184882760048e-4
evaluation,d43c6a107e95b281,4200,evaluation,37,54,103,0,1,0.00000000,-0.02000000,0.000000000000e0
evaluation,d43c6a107e95b281,4200,evaluation,37,54,103,1,0,-0.02000000,0.00000000,0.000000000000e0
evaluation,d43c6a107e95b281,4200,evaluation,38,55,102,0,0,0.00000000,0.02000000,6.528496742249e-4
evaluation,d43c6a107e95b281,4200,evaluation,38,55,102,1,1,-0.02000000,0.01000000,3.477980790194e-4
evaluation,d43c6a107e95b281,4200,evaluation,39,56,101,0,1,0.02000000,0.01000000,3.124152499367e-5
evaluation,d43c6a107e95b281,4200,evaluation,39,56,101,1,0,0.01000000,0.02000000,1.934468746185e-4
evaluation,d43c6a107e95b281,4200,evaluation,40,57,100,0,0,-0.02000000,-0.01000000,1.392886042595e-5
evaluation,d43c6a107e95b281,4200,evaluation,40,57,100,1,1,-0.01000000,-0.00500000,7.048249244690e-6
evaluation,d43c6a107e95b281,4200,evaluation,41,58,99,0,0,0.02000000,0.00000000,-4.192193500785e-6
evaluation,d43c6a107e95b281,4200,evaluation,41,58,99,1,1,0.01000000,-0.02000000,-1.825392246246e-6
evaluation,d43c6a107e95b281,4200,evaluation,42,59,98,0,0,-0.02000000,0.02000000,3.646649420261e-4
evaluation,d43c6a107e95b281,4200,evaluation,42,59,98,1,1,-0.01000000,0.01000000,1.848737447290e-4
evaluation,d43c6a107e95b281,4200,evaluation,43,60,97,0,0,-0.02000000,0.02000000,2.251106052427e-4
evaluation,d43c6a107e95b281,4200,evaluation,43,60,97,1,1,-0.01000000,0.01000000,1.247699110536e-4
evaluation,d43c6a107e95b281,4200,evaluation,44,61,96,0,0,0.02000000,0.02000000,-2.311865537195e-4
evaluation,d43c6a107e95b281,4200,evaluation,44,61,96,1,1,0.01000000,0.01000000,-1.089088618755e-4
evaluation,d43c6a107e95b281,4200,evaluation,45,62,95,0,0,-0.02000000,0.00000000,-4.054022429045e-4
evaluation,d43c6a107e95b281,4200,evaluation,45,62,95,1,1,-0.01000000,-0.02000000,-1.934754400281e-4
evaluation,d43c6a107e95b281,4200,evaluation,46,63,94,0,0,0.02000000,-0.02000000,-1.173501834273e-3
evaluation,d43c6a107e95b281,4200,evaluation,46,63,94,1,1,0.01000000,-0.01000000,-5.044341087341e-4
evaluation,d43c6a107e95b281,4200,evaluation,47,64,93,0,0,-0.02000000,0.02000000,5.055100773461e-4
evaluation,d43c6a107e95b281,4200,evaluation,47,64,93,1,1,-0.01000000,0.01000000,2.571394143160e-4
evaluation,d43c6a107e95b281,4200,evaluation,48,65,92,0,0,-0.02000000,0.02000000,-7.052595174173e-5
evaluation,d43c6a107e95b281,4200,evaluation,48,65,92,1,1,-0.01000000,0.01000000,-2.901131847466e-5
evaluation,d43c6a107e95b281,4200,evaluation,49,66,91,0,0,-0.02000000,0.00000000,-1.735302357702e-4
evaluation,d43c6a107e95b281,4200,evaluation,49,66,91,1,1,-0.01000000,-0.02000000,-8.647640788695e-5
evaluation,d43c6a107e95b281,4200,evaluation,50,67,90,0,0,0.02000000,0.02000000,4.006767121609e-4
evaluation,d43c6a107e95b281,4200,evaluation,50,67,90,1,1,0.01000000,0.01000000,2.064680011244e-4
evaluation,d43c6a107e95b281,4200,evaluation,51,68,89,0,1,-0.02000000,-0.01000000,4.690947753261e-5
evaluation,d43c6a107e95b281,4200,evaluation,51,68,89,1,0,-0.01000000,-0.02000000,1.786556094885e-4
evaluation,d43c6a107e95b281,4200,evaluation,52,69,88,0,0,-0.02000000,-0.02000000,5.234275013208e-4
evaluation,d43c6a107e95b281,4200,evaluation,52,69,88,1,1,-0.01000000,-0.01000000,2.977860567626e-4
evaluation,d43c6a107e95b281,4200,evaluation,53,70,87,0,1,0.02000000,-0.02000000,4.610419273376e-5
evaluation,d43c6a107e95b281,4200,evaluation,53,70,87,1,0,0.01000000,0.00000000,3.208095949958e-5
evaluation,d43c6a107e95b281,4200,evaluation,54,71,86,0,1,0.02000000,-0.02000000,4.423409700394e-5
evaluation,d43c6a107e95b281,4200,evaluation,54,71,86,1,0,0.01000000,0.00000000,3.449370342423e-5
evaluation,d43c6a107e95b281,4200,evaluation,55,72,85,0,0,-0.02000000,0.00000000,-2.903913555201e-4
evaluation,d43c6a107e95b281,4200,evaluation,55,72,85,1,1,-0.01000000,-0.02000000,-1.216406599269e-4
evaluation,d43c6a107e95b281,4200,evaluation,56,73,84,0,0,0.02000000,0.00000000,5.514981967281e-5
evaluation,d43c6a107e95b281,4200,evaluation,56,73,84,1,1,0.01000000,-0.02000000,2.884554305638e-5
evaluation,d43c6a107e95b281,4200,evaluation,57,74,83,0,0,-0.02000000,0.00000000,4.534920208243e-6
evaluation,d43c6a107e95b281,4200,evaluation,57,74,83,1,1,-0.01000000,-0.02000000,3.917763478967e-6
evaluation,d43c6a107e95b281,4200,evaluation,58,75,82,0,1,0.02000000,-0.02000000,4.793374391738e-4
evaluation,d43c6a107e95b281,4200,evaluation,58,75,82,1,0,0.01000000,0.00000000,2.437476068735e-4
evaluation,d43c6a107e95b281,4200,evaluation,59,76,81,0,1,0.02000000,-0.02000000,2.543417213019e-4
evaluation,d43c6a107e95b281,4200,evaluation,59,76,81,1,0,0.01000000,0.00000000,1.290117652388e-4
evaluation,d43c6a107e95b281,4200,evaluation,60,77,80,0,0,-0.02000000,0.00000000,-2.271893172292e-4
evaluation,d43c6a107e95b281,4200,evaluation,60,77,80,1,1,-0.01000000,-0.02000000,-1.017550603137e-4
evaluation,d43c6a107e95b281,4200,evaluation,61,78,79,0,0,0.02000000,-0.02000000,-1.713043078780e-3
evaluation,d43c6a107e95b281,4200,evaluation,61,78,79,1,1,0.01000000,-0.01000000,-7.393397390842e-4
evaluation,5e8f13a2c64970bd,600,development,1,108,106,0,0,-0.02000000,0.00000000,1.105113551603e-4
evaluation,5e8f13a2c64970bd,600,development,1,108,106,1,1,-0.01000000,-0.02000000,5.629410225083e-5
evaluation,5e8f13a2c64970bd,600,development,2,109,105,0,0,0.02000000,0.02000000,-9.472668170929e-5
evaluation,5e8f13a2c64970bd,600,development,2,109,105,1,1,0.01000000,0.01000000,-4.521633309196e-5
evaluation,5e8f13a2c64970bd,600,development,3,110,104,0,1,-0.02000000,-0.01000000,1.868009567261e-4
evaluation,5e8f13a2c64970bd,600,development,3,110,104,1,0,-0.01000000,-0.02000000,1.360811293125e-4
evaluation,5e8f13a2c64970bd,600,development,4,111,103,0,1,0.00000000,-0.02000000,0.000000000000e0
evaluation,5e8f13a2c64970bd,600,development,4,111,103,1,0,-0.02000000,0.00000000,0.000000000000e0
evaluation,5e8f13a2c64970bd,600,development,5,112,102,0,0,0.02000000,0.02000000,6.194760208018e-4
evaluation,5e8f13a2c64970bd,600,development,5,112,102,1,1,0.01000000,0.01000000,3.103837370872e-4
evaluation,5e8f13a2c64970bd,600,development,6,113,101,0,1,-0.02000000,-0.01000000,1.849811524153e-4
evaluation,5e8f13a2c64970bd,600,development,6,113,101,1,0,-0.01000000,-0.02000000,-3.846672552754e-5
evaluation,5e8f13a2c64970bd,600,development,7,114,100,0,0,0.00000000,0.02000000,-2.782779338304e-4
evaluation,5e8f13a2c64970bd,600,development,7,114,100,1,1,-0.02000000,0.01000000,-1.382796763210e-4
evaluation,5e8f13a2c64970bd,600,development,8,115,99,0,0,0.00000000,0.00000000,0.000000000000e0
evaluation,5e8f13a2c64970bd,600,development,8,115,99,1,1,-0.02000000,-0.02000000,0.000000000000e0
evaluation,5e8f13a2c64970bd,600,development,9,116,98,0,1,0.02000000,-0.02000000,3.854104725178e-4
evaluation,5e8f13a2c64970bd,600,development,9,116,98,1,0,0.01000000,0.00000000,1.937287597684e-4
evaluation,5e8f13a2c64970bd,600,development,10,117,97,0,1,0.02000000,-0.01000000,-2.320967614651e-4
evaluation,5e8f13a2c64970bd,600,development,10,117,97,1,0,0.01000000,-0.02000000,-3.248658031225e-4
evaluation,5e8f13a2c64970bd,600,development,11,118,96,0,0,-0.02000000,-0.02000000,3.996714949608e-4
evaluation,5e8f13a2c64970bd,600,development,11,118,96,1,1,-0.01000000,-0.01000000,2.003684639931e-4
evaluation,5e8f13a2c64970bd,600,development,12,119,95,0,1,0.00000000,-0.02000000,0.000000000000e0
evaluation,5e8f13a2c64970bd,600,development,12,119,95,1,0,-0.02000000,0.00000000,0.000000000000e0
evaluation,5e8f13a2c64970bd,600,development,13,120,94,0,1,0.02000000,0.01000000,3.725464048330e-4
evaluation,5e8f13a2c64970bd,600,development,13,120,94,1,0,0.01000000,0.02000000,2.776483597700e-4
evaluation,5e8f13a2c64970bd,600,development,14,121,93,0,0,-0.02000000,0.02000000,6.376461242326e-4
evaluation,5e8f13a2c64970bd,600,development,14,121,93,1,1,-0.01000000,0.01000000,3.338599053677e-4
evaluation,5e8f13a2c64970bd,600,development,15,122,92,0,0,0.02000000,-0.02000000,3.667728451546e-4
evaluation,5e8f13a2c64970bd,600,development,15,122,92,1,1,0.01000000,-0.01000000,1.881495118141e-4
evaluation,5e8f13a2c64970bd,600,development,16,0,91,0,1,0.02000000,-0.02000000,2.881158143282e-4
evaluation,5e8f13a2c64970bd,600,development,16,0,91,1,0,0.01000000,0.00000000,1.692095102044e-4
evaluation,5e8f13a2c64970bd,600,development,17,1,90,0,0,0.02000000,0.00000000,2.992892113980e-4
evaluation,5e8f13a2c64970bd,600,development,17,1,90,1,1,0.01000000,-0.02000000,1.665372401476e-4
evaluation,5e8f13a2c64970bd,600,development,18,2,89,0,0,-0.01000000,-0.02000000,-3.201526997145e-4
evaluation,5e8f13a2c64970bd,600,development,18,2,89,1,1,-0.00500000,-0.01000000,-1.308619976044e-4
evaluation,5e8f13a2c64970bd,600,development,19,3,88,0,0,-0.00500000,0.00000000,9.837250217970e-6
evaluation,5e8f13a2c64970bd,600,development,19,3,88,1,1,-0.01000000,-0.00500000,2.107769250870e-5
evaluation,5e8f13a2c64970bd,600,development,20,4,87,0,1,-0.02000000,-0.02000000,1.639295369387e-4
evaluation,5e8f13a2c64970bd,600,development,20,4,87,1,0,-0.01000000,0.00000000,9.070647502085e-5
evaluation,5e8f13a2c64970bd,600,development,21,5,86,0,0,-0.02000000,0.00000000,-2.068864851026e-4
evaluation,5e8f13a2c64970bd,600,development,21,5,86,1,1,-0.01000000,-0.02000000,-9.704070544103e-5
evaluation,5e8f13a2c64970bd,600,development,22,6,85,0,0,-0.02000000,0.00000000,-1.884258090286e-4
evaluation,5e8f13a2c64970bd,600,development,22,6,85,1,1,-0.01000000,-0.02000000,-9.250082075596e-5
evaluation,5e8f13a2c64970bd,600,development,23,7,84,0,1,0.01000000,-0.02000000,-2.296330967511e-5
evaluation,5e8f13a2c64970bd,600,development,23,7,84,1,0,0.00500000,0.00000000,-1.076422631741e-5
evaluation,5e8f13a2c64970bd,600,development,24,8,83,0,0,-0.02000000,0.00000000,-2.660447207745e-4
evaluation,5e8f13a2c64970bd,600,development,24,8,83,1,1,-0.01000000,-0.02000000,-1.146060749306e-4
evaluation,5e8f13a2c64970bd,600,development,25,9,82,0,0,0.02000000,0.00000000,-1.210421323776e-4
evaluation,5e8f13a2c64970bd,600,development,25,9,82,1,1,0.01000000,-0.02000000,-5.522184073925e-5
evaluation,5e8f13a2c64970bd,600,development,26,10,81,0,0,0.02000000,0.00000000,8.341608190676e-5
evaluation,5e8f13a2c64970bd,600,development,26,10,81,1,1,0.01000000,-0.02000000,4.798236113857e-5
evaluation,5e8f13a2c64970bd,600,development,27,11,80,0,1,0.02000000,-0.02000000,2.354197204113e-4
evaluation,5e8f13a2c64970bd,600,development,27,11,80,1,0,0.01000000,0.00000000,1.252684742212e-4
evaluation,5e8f13a2c64970bd,600,development,28,12,79,0,0,0.02000000,-0.02000000,-3.330397012178e-4
evaluation,5e8f13a2c64970bd,600,development,28,12,79,1,1,0.01000000,-0.01000000,-1.457625330659e-4
evaluation,5e8f13a2c64970bd,600,development,29,13,78,0,0,0.02000000,-0.02000000,-4.910863935947e-4
evaluation,5e8f13a2c64970bd,600,development,29,13,78,1,1,0.01000000,-0.01000000,-2.452501503285e-4
evaluation,5e8f13a2c64970bd,600,development,30,14,77,0,0,0.02000000,-0.02000000,1.970827579498e-4
evaluation,5e8f13a2c64970bd,600,development,30,14,77,1,1,0.01000000,-0.01000000,8.928527677199e-5
evaluation,5e8f13a2c64970bd,600,development,31,15,76,0,0,-0.02000000,0.02000000,-1.878906041384e-4
evaluation,5e8f13a2c64970bd,600,development,31,15,76,1,1,-0.01000000,0.01000000,-9.983032941818e-5
evaluation,5e8f13a2c64970bd,600,development,32,16,75,0,0,0.02000000,0.02000000,-1.027043908834e-4
evaluation,5e8f13a2c64970bd,600,development,32,16,75,1,1,0.01000000,0.01000000,1.094862818718e-5
evaluation,5e8f13a2c64970bd,600,development,33,17,74,0,1,0.00000000,-0.01000000,-2.937080898846e-5
evaluation,5e8f13a2c64970bd,600,development,33,17,74,1,0,-0.00500000,-0.02000000,-6.233031308511e-5
evaluation,5e8f13a2c64970bd,600,development,34,18,73,0,1,-0.02000000,-0.01000000,3.449370342423e-5
evaluation,5e8f13a2c64970bd,600,development,34,18,73,1,0,-0.01000000,-0.02000000,2.713128924370e-5
evaluation,5e8f13a2c64970bd,600,development,35,19,72,0,1,0.02000000,-0.01000000,7.685895070608e-6
evaluation,5e8f13a2c64970bd,600,development,35,19,72,1,0,0.01000000,-0.02000000,9.913370013237e-5
evaluation,5e8f13a2c64970bd,600,development,36,20,71,0,0,-0.02000000,0.02000000,-2.104459999828e-4
evaluation,5e8f13a2c64970bd,600,development,36,20,71,1,1,-0.01000000,0.01000000,-1.129557713284e-4
evaluation,5e8f13a2c64970bd,600,development,37,21,70,0,1,0.02000000,-0.01000000,-1.345667988062e-4
evaluation,5e8f13a2c64970bd,600,development,37,21,70,1,0,0.01000000,-0.02000000,-5.853424590896e-5
evaluation,5e8f13a2c64970bd,600,development,38,22,69,0,1,-0.02000000,-0.01000000,-2.449564635754e-5
evaluation,5e8f13a2c64970bd,600,development,38,22,69,1,0,-0.01000000,-0.02000000,5.046588557889e-5
evaluation,5e8f13a2c64970bd,600,development,39,23,68,0,1,0.02000000,0.01000000,1.143974532170e-5
evaluation,5e8f13a2c64970bd,600,development,39,23,68,1,0,0.01000000,0.02000000,9.919826879923e-6
evaluation,5e8f13a2c64970bd,600,development,40,24,67,0,0,0.02000000,0.02000000,1.508581190137e-4
evaluation,5e8f13a2c64970bd,600,development,40,24,67,1,1,0.01000000,0.01000000,7.550170266768e-5
evaluation,5e8f13a2c64970bd,600,development,41,25,66,0,0,0.02000000,-0.02000000,4.731118679047e-6
evaluation,5e8f13a2c64970bd,600,development,41,25,66,1,1,0.01000000,-0.01000000,2.365559339523e-6
evaluation,5e8f13a2c64970bd,600,development,42,26,65,0,1,0.02000000,-0.01000000,-4.186294972897e-5
evaluation,5e8f13a2c64970bd,600,development,42,26,65,1,0,0.01000000,-0.02000000,-2.110749483109e-5
evaluation,5e8f13a2c64970bd,600,development,43,27,64,0,1,-0.02000000,-0.01000000,-9.047736966750e-5
evaluation,5e8f13a2c64970bd,600,development,43,27,64,1,0,-0.01000000,-0.02000000,-6.320575721475e-6
evaluation,5e8f13a2c64970bd,600,development,44,28,63,0,0,-0.02000000,0.02000000,-1.220156773343e-4
evaluation,5e8f13a2c64970bd,600,development,44,28,63,1,1,-0.01000000,0.01000000,-6.078059595893e-5
evaluation,5e8f13a2c64970bd,600,development,45,29,62,0,0,0.02000000,0.02000000,-1.243470906047e-4
evaluation,5e8f13a2c64970bd,600,development,45,29,62,1,1,0.01000000,0.01000000,-6.192115688464e-5
evaluation,5e8f13a2c64970bd,600,development,46,30,61,0,0,-0.02000000,0.02000000,3.945181670133e-4
evaluation,5e8f13a2c64970bd,600,development,46,30,61,1,1,-0.01000000,0.01000000,1.974813640118e-4
evaluation,5e8f13a2c64970bd,600,development,47,31,60,0,1,0.02000000,-0.01000000,-6.717505311826e-5
evaluation,5e8f13a2c64970bd,600,development,47,31,60,1,0,0.01000000,-0.02000000,-1.049507409334e-4
evaluation,5e8f13a2c64970bd,600,development,48,32,59,0,1,-0.02000000,-0.01000000,1.301243901253e-5
evaluation,5e8f13a2c64970bd,600,development,48,32,59,1,0,-0.01000000,-0.02000000,-1.058621928678e-4
evaluation,5e8f13a2c64970bd,600,development,49,33,58,0,0,-0.02000000,0.02000000,-7.059611380100e-5
evaluation,5e8f13a2c64970bd,600,development,49,33,58,1,1,-0.01000000,0.01000000,-3.524062412907e-5
evaluation,5e8f13a2c64970bd,600,development,50,34,57,0,1,-0.02000000,0.01000000,-5.198146027396e-5
evaluation,5e8f13a2c64970bd,600,development,50,34,57,1,0,-0.01000000,0.02000000,3.086403012276e-6
evaluation,5e8f13a2c64970bd,600,development,51,35,56,0,1,-0.02000000,0.01000000,2.175346016884e-4
evaluation,5e8f13a2c64970bd,600,development,51,35,56,1,0,-0.01000000,0.02000000,3.324511053506e-4
evaluation,5e8f13a2c64970bd,600,development,52,36,55,0,0,-0.02000000,0.00000000,6.821813440183e-5
evaluation,5e8f13a2c64970bd,600,development,52,36,55,1,1,-0.01000000,-0.02000000,4.080310463905e-5
evaluation,5e8f13a2c64970bd,600,development,53,37,54,0,0,-0.02000000,0.00000000,8.823847019812e-5
evaluation,5e8f13a2c64970bd,600,development,53,37,54,1,1,-0.01000000,-0.02000000,5.395151674747e-5
evaluation,5e8f13a2c64970bd,600,development,54,38,53,0,0,-0.02000000,0.00000000,-1.943769602804e-4
evaluation,5e8f13a2c64970bd,600,development,54,38,53,1,1,-0.01000000,-0.02000000,-9.706182027003e-5
evaluation,5e8f13a2c64970bd,600,development,55,39,52,0,0,-0.02000000,0.00000000,-1.027919352055e-4
evaluation,5e8f13a2c64970bd,600,development,55,39,52,1,1,-0.01000000,-0.02000000,-4.360452294350e-5
evaluation,5e8f13a2c64970bd,600,development,56,40,51,0,1,0.00000000,-0.02000000,0.000000000000e0
evaluation,5e8f13a2c64970bd,600,development,56,40,51,1,0,-0.02000000,0.00000000,0.000000000000e0
evaluation,5e8f13a2c64970bd,600,development,57,41,50,0,0,0.00000000,0.00000000,0.000000000000e0
evaluation,5e8f13a2c64970bd,600,development,57,41,50,1,1,-0.02000000,-0.02000000,0.000000000000e0
evaluation,5e8f13a2c64970bd,600,development,58,42,49,0,1,0.00000000,-0.02000000,0.000000000000e0
evaluation,5e8f13a2c64970bd,600,development,58,42,49,1,0,-0.02000000,0.00000000,0.000000000000e0
evaluation,5e8f13a2c64970bd,600,development,59,43,48,0,0,0.00000000,0.00000000,0.000000000000e0
evaluation,5e8f13a2c64970bd,600,development,59,43,48,1,1,-0.02000000,-0.02000000,0.000000000000e0
evaluation,5e8f13a2c64970bd,600,development,60,44,47,0,1,0.00000000,-0.02000000,0.000000000000e0
evaluation,5e8f13a2c64970bd,600,development,60,44,47,1,0,-0.02000000,0.00000000,0.000000000000e0
evaluation,5e8f13a2c64970bd,600,development,61,45,46,0,1,0.00000000,-0.02000000,0.000000000000e0
evaluation,5e8f13a2c64970bd,600,development,61,45,46,1,0,-0.02000000,0.00000000,0.000000000000e0
evaluation,5e8f13a2c64970bd,600,evaluation,1,108,106,0,1,-0.02000000,-0.02000000,1.105113551603e-4
evaluation,5e8f13a2c64970bd,600,evaluation,1,108,106,1,0,-0.01000000,0.00000000,5.629410225083e-5
evaluation,5e8f13a2c64970bd,600,evaluation,2,109,105,0,1,0.02000000,0.01000000,-8.949203038355e-5
evaluation,5e8f13a2c64970bd,600,evaluation,2,109,105,1,0,0.01000000,0.02000000,-4.941783845425e-5
evaluation,5e8f13a2c64970bd,600,evaluation,3,110,104,0,0,-0.02000000,-0.02000000,2.137379051419e-4
evaluation,5e8f13a2c64970bd,600,evaluation,3,110,104,1,1,-0.01000000,-0.01000000,1.084972172976e-4
evaluation,5e8f13a2c64970bd,600,evaluation,4,111,103,0,0,0.00000000,0.00000000,0.000000000000e0
evaluation,5e8f13a2c64970bd,600,evaluation,4,111,103,1,1,-0.02000000,-0.02000000,0.000000000000e0
evaluation,5e8f13a2c64970bd,600,evaluation,5,112,102,0,1,0.02000000,0.01000000,4.672091454268e-4
evaluation,5e8f13a2c64970bd,600,evaluation,5,112,102,1,0,0.01000000,0.02000000,4.623675195035e-4
evaluation,5e8f13a2c64970bd,600,evaluation,6,113,101,0,0,-0.02000000,-0.02000000,9.758708620211e-5
evaluation,5e8f13a2c64970bd,600,evaluation,6,113,101,1,1,-0.01000000,-0.01000000,4.938803613186e-5
evaluation,5e8f13a2c64970bd,600,evaluation,7,114,100,0,1,0.00000000,0.01000000,-1.382796763210e-4
evaluation,5e8f13a2c64970bd,600,evaluation,7,114,100,1,0,-0.02000000,0.02000000,-2.782779338304e-4
evaluation,5e8f13a2c64970bd,600,evaluation,8,115,99,0,1,0.00000000,-0.02000000,0.000000000000e0
evaluation,5e8f13a2c64970bd,600,evaluation,8,115,99,1,0,-0.02000000,0.00000000,0.000000000000e0
evaluation,5e8f13a2c64970bd,600,evaluation,9,116,98,0,0,0.02000000,0.00000000,3.854104725178e-4
evaluation,5e8f13a2c64970bd,600,evaluation,9,116,98,1,1,0.01000000,-0.02000000,1.937287597684e-4
evaluation,5e8f13a2c64970bd,600,evaluation,10,117,97,0,0,0.02000000,-0.02000000,-3.726171853486e-4
evaluation,5e8f13a2c64970bd,600,evaluation,10,117,97,1,1,0.01000000,-0.01000000,-1.847799867392e-4
evaluation,5e8f13a2c64970bd,600,evaluation,11,118,96,0,1,-0.02000000,-0.01000000,2.723454090301e-4
evaluation,5e8f13a2c64970bd,600,evaluation,11,118,96,1,0,-0.01000000,-0.02000000,3.273965266999e-4
evaluation,5e8f13a2c64970bd,600,evaluation,12,119,95,0,0,0.00000000,0.00000000,0.000000000000e0
evaluation,5e8f13a2c64970bd,600,evaluation,12,119,95,1,1,-0.02000000,-0.02000000,0.000000000000e0
evaluation,5e8f13a2c64970bd,600,evaluation,13,120,94,0,0,0.02000000,0.02000000,4.060976207256e-4
evaluation,5e8f13a2c64970bd,600,evaluation,13,120,94,1,1,0.01000000,0.01000000,2.336651086807e-4
evaluation,5e8f13a2c64970bd,600,evaluation,14,121,93,0,1,-0.02000000,0.01000000,5.992905353196e-4
evaluation,5e8f13a2c64970bd,600,evaluation,14,121,93,1,0,-0.01000000,0.02000000,3.753832133953e-4
evaluation,5e8f13a2c64970bd,600,evaluation,15,122,92,0,1,0.02000000,-0.01000000,2.909786999226e-4
evaluation,5e8f13a2c64970bd,600,evaluation,15,122,92,1,0,0.01000000,-0.02000000,2.504984440748e-4
evaluation,5e8f13a2c64970bd,600,evaluation,16,0,91,0,0,0.02000000,0.00000000,2.881158143282e-4
evaluation,5e8f13a2c64970bd,600,evaluation,16,0,91,1,1,0.01000000,-0.02000000,1.692095102044e-4
evaluation,5e8f13a2c64970bd,600,evaluation,17,1,90,0,1,0.02000000,-0.02000000,2.992892113980e-4
evaluation,5e8f13a2c64970bd,600,evaluation,17,1,90,1,0,0.01000000,0.00000000,1.665372401476e-4
evaluation,5e8f13a2c64970bd,600,evaluation,18,2,89,0,1,-0.01000000,-0.01000000,-1.332983374596e-4
evaluation,5e8f13a2c64970bd,600,evaluation,18,2,89,1,0,-0.00500000,-0.02000000,-3.177175822202e-4
evaluation,5e8f13a2c64970bd,600,evaluation,19,3,88,0,1,-0.00500000,-0.00500000,1.274359692616e-5
evaluation,5e8f13a2c64970bd,600,evaluation,19,3,88,1,0,-0.01000000,0.00000000,1.813657581806e-5
evaluation,5e8f13a2c64970bd,600,evaluation,20,4,87,0,0,-0.02000000,0.00000000,1.639295369387e-4
evaluation,5e8f13a2c64970bd,600,evaluation,20,4,87,1,1,-0.01000000,-0.02000000,9.070647502085e-5
evaluation,5e8f13a2c64970bd,600,evaluation,21,5,86,0,1,-0.02000000,-0.02000000,-2.068864851026e-4
evaluation,5e8f13a2c64970bd,600,evaluation,21,5,86,1,0,-0.01000000,0.00000000,-9.704070544103e-5
evaluation,5e8f13a2c64970bd,600,evaluation,22,6,85,0,1,-0.02000000,-0.02000000,-1.884258090286e-4
evaluation,5e8f13a2c64970bd,600,evaluation,22,6,85,1,0,-0.01000000,0.00000000,-9.250082075596e-5
evaluation,5e8f13a2c64970bd,600,evaluation,23,7,84,0,0,0.01000000,0.00000000,-2.296330967511e-5
evaluation,5e8f13a2c64970bd,600,evaluation,23,7,84,1,1,0.00500000,-0.02000000,-1.076422631741e-5
evaluation,5e8f13a2c64970bd,600,evaluation,24,8,83,0,1,-0.02000000,-0.02000000,-2.660447207745e-4
evaluation,5e8f13a2c64970bd,600,evaluation,24,8,83,1,0,-0.01000000,0.00000000,-1.146060749306e-4
evaluation,5e8f13a2c64970bd,600,evaluation,25,9,82,0,1,0.02000000,-0.02000000,-1.210421323776e-4
evaluation,5e8f13a2c64970bd,600,evaluation,25,9,82,1,0,0.01000000,0.00000000,-5.522184073925e-5
evaluation,5e8f13a2c64970bd,600,evaluation,26,10,81,0,1,0.02000000,-0.02000000,8.341608190676e-5
evaluation,5e8f13a2c64970bd,600,evaluation,26,10,81,1,0,0.01000000,0.00000000,4.798236113857e-5
evaluation,5e8f13a2c64970bd,600,evaluation,27,11,80,0,0,0.02000000,0.00000000,2.354197204113e-4
evaluation,5e8f13a2c64970bd,600,evaluation,27,11,80,1,1,0.01000000,-0.02000000,1.252684742212e-4
evaluation,5e8f13a2c64970bd,600,evaluation,28,12,79,0,1,0.02000000,-0.01000000,-2.918740210589e-4
evaluation,5e8f13a2c64970bd,600,evaluation,28,12,79,1,0,0.01000000,-0.02000000,-1.868493855000e-4
evaluation,5e8f13a2c64970bd,600,evaluation,29,13,78,0,1,0.02000000,-0.01000000,-4.216370580252e-4
evaluation,5e8f13a2c64970bd,600,evaluation,29,13,78,1,0,0.01000000,-0.02000000,-3.153768775519e-4
evaluation,5e8f13a2c64970bd,600,evaluation,30,14,77,0,1,0.02000000,-0.01000000,1.391768455505e-4
evaluation,5e8f13a2c64970bd,600,evaluation,30,14,77,1,0,0.01000000,-0.02000000,1.385062932968e-4
evaluation,5e8f13a2c64970bd,600,evaluation,31,15,76,0,1,-0.02000000,0.01000000,-1.739704312058e-4
evaluation,5e8f13a2c64970bd,600,evaluation,31,15,76,1,0,-0.01000000,0.02000000,-1.179656610475e-4
evaluation,5e8f13a2c64970bd,600,evaluation,32,16,75,0,1,0.02000000,0.01000000,-7.326155900955e-5
evaluation,5e8f13a2c64970bd,600,evaluation,32,16,75,1,0,0.01000000,0.02000000,-2.241382935608e-5
evaluation,5e8f13a2c64970bd,600,evaluation,33,17,74,0,0,0.00000000,-0.02000000,-5.877763032913e-5
evaluation,5e8f13a2c64970bd,600,evaluation,33,17,74,1,1,-0.00500000,-0.01000000,-3.292349356343e-5
evaluation,5e8f13a2c64970bd,600,evaluation,34,18,73,0,0,-0.02000000,-0.02000000,4.489906132221e-5
evaluation,5e8f13a2c64970bd,600,evaluation,34,18,73,1,1,-0.01000000,-0.01000000,1.672593316471e-5
evaluation,5e8f13a2c64970bd,600,evaluation,35,19,72,0,0,0.02000000,-0.02000000,6.296671926975e-5
evaluation,5e8f13a2c64970bd,600,evaluation,35,19,72,1,1,0.01000000,-0.01000000,4.430177432369e-5
evaluation,5e8f13a2c64970bd,600,evaluation,36,20,71,0,1,-0.02000000,0.01000000,-2.189874649048e-4
evaluation,5e8f13a2c64970bd,600,evaluation,36,20,71,1,0,-0.01000000,0.02000000,-1.043155789375e-4
evaluation,5e8f13a2c64970bd,600,evaluation,37,21,70,0,0,0.02000000,-0.02000000,-1.435081212549e-4
evaluation,5e8f13a2c64970bd,600,evaluation,37,21,70,1,1,0.01000000,-0.01000000,-4.959292709827e-5
evaluation,5e8f13a2c64970bd,600,evaluation,38,22,69,0,0,-0.02000000,-0.02000000,-2.119069222317e-6
evaluation,5e8f13a2c64970bd,600,evaluation,38,22,69,1,1,-0.01000000,-0.01000000,2.808930912579e-5
evaluation,5e8f13a2c64970bd,600,evaluation,39,23,68,0,0,0.02000000,0.02000000,1.385683845001e-5
evaluation,5e8f13a2c64970bd,600,evaluation,39,23,68,1,1,0.01000000,0.01000000,7.400289177895e-6
evaluation,5e8f13a2c64970bd,600,evaluation,40,24,67,0,1,0.02000000,0.01000000,1.479455531808e-4
evaluation,5e8f13a2c64970bd,600,evaluation,40,24,67,1,0,0.01000000,0.02000000,7.838880264899e-5
evaluation,5e8f13a2c64970bd,600,evaluation,41,25,66,0,1,0.02000000,-0.01000000,1.558723488415e-5
evaluation,5e8f13a2c64970bd,600,evaluation,41,25,66,1,0,0.01000000,-0.02000000,-8.490557775076e-6
evaluation,5e8f13a2c64970bd,600,evaluation,42,26,65,0,0,0.02000000,-0.02000000,-4.199085014989e-5
evaluation,5e8f13a2c64970bd,600,evaluation,42,26,65,1,1,0.01000000,-0.01000000,-2.097959259117e-5
evaluation,5e8f13a2c64970bd,600,evaluation,43,27,64,0,0,-0.02000000,-0.02000000,-6.465800106525e-5
evaluation,5e8f13a2c64970bd,600,evaluation,43,27,64,1,1,-0.01000000,-0.01000000,-3.210144859622e-5
evaluation,5e8f13a2c64970bd,600,evaluation,44,28,63,0,1,-0.02000000,0.01000000,-9.520538151264e-5
evaluation,5e8f13a2c64970bd,600,evaluation,44,28,63,1,0,-0.01000000,0.02000000,-8.771320426604e-5
evaluation,5e8f13a2c64970bd,600,evaluation,45,29,62,0,1,0.02000000,0.01000000,2.055118528688e-7
evaluation,5e8f13a2c64970bd,600,evaluation,45,29,62,1,0,0.01000000,0.02000000,-1.864737569122e-4
evaluation,5e8f13a2c64970bd,600,evaluation,46,30,61,0,1,-0.02000000,0.01000000,2.730836567935e-4
evaluation,5e8f13a2c64970bd,600,evaluation,46,30,61,1,0,-0.01000000,0.02000000,3.189159033354e-4
evaluation,5e8f13a2c64970bd,600,evaluation,47,31,60,0,0,0.02000000,-0.02000000,-1.147718503489e-4
evaluation,5e8f13a2c64970bd,600,evaluation,47,31,60,1,1,0.01000000,-0.01000000,-5.723598223994e-5
evaluation,5e8f13a2c64970bd,600,evaluation,48,32,59,0,0,-0.02000000,-0.02000000,-7.030429696897e-5
evaluation,5e8f13a2c64970bd,600,evaluation,48,32,59,1,1,-0.01000000,-0.01000000,-2.239520290459e-5
evaluation,5e8f13a2c64970bd,600,evaluation,49,33,58,0,1,-0.02000000,0.01000000,-2.518420478737e-5
evaluation,5e8f13a2c64970bd,600,evaluation,49,33,58,1,0,-0.01000000,0.02000000,-8.065253496170e-5
evaluation,5e8f13a2c64970bd,600,evaluation,50,34,57,0,0,-0.02000000,0.02000000,-3.261864185333e-5
evaluation,5e8f13a2c64970bd,600,evaluation,50,34,57,1,1,-0.01000000,0.01000000,-1.627641358937e-5
evaluation,5e8f13a2c64970bd,600,evaluation,51,35,56,0,0,-0.02000000,0.02000000,3.582953067962e-4
evaluation,5e8f13a2c64970bd,600,evaluation,51,35,56,1,1,-0.01000000,0.01000000,1.915426255437e-4
evaluation,5e8f13a2c64970bd,600,evaluation,52,36,55,0,1,-0.02000000,-0.02000000,6.821813440183e-5
evaluation,5e8f13a2c64970bd,600,evaluation,52,36,55,1,0,-0.01000000,0.00000000,4.080310463905e-5
evaluation,5e8f13a2c64970bd,600,evaluation,53,37,54,0,1,-0.02000000,-0.02000000,8.823847019812e-5
evaluation,5e8f13a2c64970bd,600,evaluation,53,37,54,1,0,-0.01000000,0.00000000,5.395151674747e-5
evaluation,5e8f13a2c64970bd,600,evaluation,54,38,53,0,1,-0.02000000,-0.02000000,-1.943769602804e-4
evaluation,5e8f13a2c64970bd,600,evaluation,54,38,53,1,0,-0.01000000,0.00000000,-9.706182027003e-5
evaluation,5e8f13a2c64970bd,600,evaluation,55,39,52,0,1,-0.02000000,-0.02000000,-1.027919352055e-4
evaluation,5e8f13a2c64970bd,600,evaluation,55,39,52,1,0,-0.01000000,0.00000000,-4.360452294350e-5
evaluation,5e8f13a2c64970bd,600,evaluation,56,40,51,0,0,0.00000000,0.00000000,0.000000000000e0
evaluation,5e8f13a2c64970bd,600,evaluation,56,40,51,1,1,-0.02000000,-0.02000000,0.000000000000e0
evaluation,5e8f13a2c64970bd,600,evaluation,57,41,50,0,1,0.00000000,-0.02000000,0.000000000000e0
evaluation,5e8f13a2c64970bd,600,evaluation,57,41,50,1,0,-0.02000000,0.00000000,0.000000000000e0
evaluation,5e8f13a2c64970bd,600,evaluation,58,42,49,0,0,0.00000000,0.00000000,0.000000000000e0
evaluation,5e8f13a2c64970bd,600,evaluation,58,42,49,1,1,-0.02000000,-0.02000000,0.000000000000e0
evaluation,5e8f13a2c64970bd,600,evaluation,59,43,48,0,1,0.00000000,-0.02000000,0.000000000000e0
evaluation,5e8f13a2c64970bd,600,evaluation,59,43,48,1,0,-0.02000000,0.00000000,0.000000000000e0
evaluation,5e8f13a2c64970bd,600,evaluation,60,44,47,0,0,0.00000000,0.00000000,0.000000000000e0
evaluation,5e8f13a2c64970bd,600,evaluation,60,44,47,1,1,-0.02000000,-0.02000000,0.000000000000e0
evaluation,5e8f13a2c64970bd,600,evaluation,61,45,46,0,0,0.00000000,0.00000000,0.000000000000e0
evaluation,5e8f13a2c64970bd,600,evaluation,61,45,46,1,1,-0.02000000,-0.02000000,0.000000000000e0
evaluation,5e8f13a2c64970bd,2400,development,1,63,61,0,1,0.02000000,0.01000000,-1.303684315644e-3
evaluation,5e8f13a2c64970bd,2400,development,1,63,61,1,0,0.01000000,0.02000000,-6.795041263103e-4
evaluation,5e8f13a2c64970bd,2400,development,2,64,60,0,1,-0.02000000,0.01000000,1.742346212268e-4
evaluation,5e8f13a2c64970bd,2400,development,2,64,60,1,0,-0.01000000,0.02000000,3.369385376573e-4
evaluation,5e8f13a2c64970bd,2400,development,3,65,59,0,1,-0.02000000,0.01000000,1.672096550465e-4
evaluation,5e8f13a2c64970bd,2400,development,3,65,59,1,0,-0.01000000,0.02000000,2.956023963634e-4
evaluation,5e8f13a2c64970bd,2400,development,4,66,58,0,1,-0.02000000,0.01000000,-4.756161943078e-4
evaluation,5e8f13a2c64970bd,2400,development,4,66,58,1,0,-0.01000000,0.02000000,-8.156200055964e-4
evaluation,5e8f13a2c64970bd,2400,development,5,67,57,0,1,-0.02000000,0.01000000,8.012168109417e-5
evaluation,5e8f13a2c64970bd,2400,development,5,67,57,1,0,-0.01000000,0.02000000,1.531348825665e-4
evaluation,5e8f13a2c64970bd,2400,development,6,68,56,0,0,-0.02000000,-0.02000000,-4.537465792964e-5
evaluation,5e8f13a2c64970bd,2400,development,6,68,56,1,1,-0.01000000,-0.01000000,1.313164830208e-7
evaluation,5e8f13a2c64970bd,2400,development,7,69,55,0,1,-0.02000000,-0.02000000,-9.662781849329e-6
evaluation,5e8f13a2c64970bd,2400,development,7,69,55,1,0,-0.01000000,0.00000000,-4.827976226807e-6
evaluation,5e8f13a2c64970bd,2400,development,8,70,54,0,1,-0.02000000,-0.02000000,1.728876122797e-5
evaluation,5e8f13a2c64970bd,2400,development,8,70,54,1,0,-0.01000000,0.00000000,8.976708159025e-6
evaluation,5e8f13a2c64970bd,2400,development,9,71,53,0,1,-0.02000000,-0.02000000,-1.414082944393e-4
evaluation,5e8f13a2c64970bd,2400,development,9,71,53,1,0,-0.01000000,0.00000000,-7.046386599541e-5
evaluation,5e8f13a2c64970bd,2400,development,10,72,52,0,1,-0.02000000,-0.02000000,-3.144424408674e-5
evaluation,5e8f13a2c64970bd,2400,development,10,72,52,1,0,-0.01000000,0.00000000,-1.089243869501e-5
evaluation,5e8f13a2c64970bd,2400,development,11,73,51,0,0,-0.02000000,0.00000000,5.937243622611e-5
evaluation,5e8f13a2c64970bd,2400,development,11,73,51,1,1,-0.01000000,-0.02000000,2.972843685711e-5
evaluation,5e8f13a2c64970bd,2400,development,12,74,50,0,1,-0.02000000,-0.02000000,-4.366170614958e-4
evaluation,5e8f13a2c64970bd,2400,development,12,74,50,1,0,-0.01000000,0.00000000,-2.178146241931e-4
evaluation,5e8f13a2c64970bd,2400,development,13,75,49,0,0,-0.02000000,0.00000000,3.933627158403e-5
evaluation,5e8f13a2c64970bd,2400,development,13,75,49,1,1,-0.01000000,-0.02000000,2.088552901114e-5
evaluation,5e8f13a2c64970bd,2400,development,14,76,48,0,1,-0.02000000,-0.02000000,6.415694952011e-5
evaluation,5e8f13a2c64970bd,2400,development,14,76,48,1,0,-0.01000000,0.00000000,3.309516978334e-5
evaluation,5e8f13a2c64970bd,2400,development,15,77,47,0,0,-0.02000000,-0.02000000,-2.400763332844e-4
evaluation,5e8f13a2c64970bd,2400,development,15,77,47,1,1,-0.01000000,-0.01000000,-1.155547797680e-4
evaluation,5e8f13a2c64970bd,2400,development,16,78,46,0,1,0.00500000,-0.02000000,3.747704249690e-5
evaluation,5e8f13a2c64970bd,2400,development,16,78,46,1,0,0.01000000,0.00000000,-1.404806971550e-5
evaluation,5e8f13a2c64970bd,2400,development,17,79,45,0,0,-0.02000000,0.02000000,-7.178615778685e-4
evaluation,5e8f13a2c64970bd,2400,development,17,79,45,1,1,-0.01000000,0.01000000,-3.403409791645e-4
evaluation,5e8f13a2c64970bd,2400,development,18,80,44,0,1,0.00000000,-0.01000000,2.369284629822e-5
evaluation,5e8f13a2c64970bd,2400,development,18,80,44,1,0,-0.02000000,-0.02000000,4.722674566437e-5
evaluation,5e8f13a2c64970bd,2400,development,19,81,43,0,0,0.00000000,-0.02000000,3.827021646430e-5
evaluation,5e8f13a2c64970bd,2400,development,19,81,43,1,1,-0.02000000,-0.01000000,1.923150011862e-5
evaluation,5e8f13a2c64970bd,2400,development,20,82,42,0,1,0.00000000,0.01000000,3.619336712291e-5
evaluation,5e8f13a2c64970bd,2400,development,20,82,42,1,0,-0.02000000,0.02000000,7.233675569296e-5
evaluation,5e8f13a2c64970bd,2400,development,21,83,41,0,1,0.00000000,-0.01000000,1.024951507134e-5
evaluation,5e8f13a2c64970bd,2400,development,21,83,41,1,0,-0.02000000,-0.02000000,2.049095928669e-5
evaluation,5e8f13a2c64970bd,2400,development,22,84,40,0,1,0.00000000,0.01000000,8.960875675257e-6
evaluation,5e8f13a2c64970bd,2400,development,22,84,40,1,0,-0.02000000,0.02000000,1.687028816377e-5
evaluation,5e8f13a2c64970bd,2400,development,23,85,39,0,1,0.00000000,0.01000000,2.610596420709e-4
evaluation,5e8f13a2c64970bd,2400,development,23,85,39,1,0,-0.02000000,0.02000000,3.996478917543e-4
evaluation,5e8f13a2c64970bd,2400,development,24,86,38,0,0,0.00000000,0.02000000,5.756446043961e-4
evaluation,5e8f13a2c64970bd,2400,development,24,86,38,1,1,-0.02000000,0.01000000,2.907331509050e-4
evaluation,5e8f13a2c64970bd,2400,development,25,87,37,0,0,0.00000000,0.02000000,1.909149141284e-4
evaluation,5e8f13a2c64970bd,2400,development,25,87,37,1,1,-0.02000000,0.01000000,9.986882650992e-5
evaluation,5e8f13a2c64970bd,2400,development,26,88,36,0,1,0.02000000,-0.01000000,-2.841403147613e-5
evaluation,5e8f13a2c64970bd,2400,development,26,88,36,1,0,0.01000000,-0.02000000,1.632630155655e-4
evaluation,5e8f13a2c64970bd,2400,development,27,89,35,0,0,-0.02000000,-0.02000000,6.768852472305e-5
evaluation,5e8f13a2c64970bd,2400,development,27,89,35,1,1,-0.01000000,-0.01000000,7.961317896843e-5
evaluation,5e8f13a2c64970bd,2400,development,28,90,34,0,0,-0.02000000,-0.02000000,-1.436788588762e-4
evaluation,5e8f13a2c64970bd,2400,development,28,90,34,1,1,-0.01000000,-0.01000000,-7.057873153826e-5
evaluation,5e8f13a2c64970bd,2400,development,29,91,33,0,1,0.00000000,-0.01000000,4.541377347778e-5
evaluation,5e8f13a2c64970bd,2400,development,29,91,33,1,0,-0.02000000,-0.02000000,9.062824392458e-5
evaluation,5e8f13a2c64970bd,2400,development,30,92,32,0,1,0.02000000,0.01000000,3.189376366208e-5
evaluation,5e8f13a2c64970bd,2400,development,30,92,32,1,0,0.01000000,0.02000000,3.533794952091e-4
evaluation,5e8f13a2c64970bd,2400,development,31,93,31,0,1,-0.02000000,0.01000000,-3.010286018252e-4
evaluation,5e8f13a2c64970bd,2400,development,31,93,31,1,0,-0.01000000,0.02000000,-5.427366122603e-4
evaluation,5e8f13a2c64970bd,2400,development,32,94,30,0,1,-0.02000000,-0.01000000,-4.142172110733e-4
evaluation,5e8f13a2c64970bd,2400,development,32,94,30,1,0,-0.01000000,-0.02000000,-2.759933995549e-4
evaluation,5e8f13a2c64970bd,2400,development,33,95,29,0,0,0.00000000,0.02000000,-2.516247332096e-5
evaluation,5e8f13a2c64970bd,2400,development,33,95,29,1,1,-0.02000000,0.01000000,-1.194452215714e-5
evaluation,5e8f13a2c64970bd,2400,development,34,96,28,0,1,-0.02000000,0.01000000,2.885734138545e-4
evaluation,5e8f13a2c64970bd,2400,development,34,96,28,1,0,-0.01000000,0.02000000,2.236611471744e-4
evaluation,5e8f13a2c64970bd,2400,development,35,97,27,0,0,-0.02000000,0.02000000,-2.796736953314e-4
evaluation,5e8f13a2c64970bd,2400,development,35,97,27,1,1,-0.01000000,0.01000000,-1.248574553756e-4
evaluation,5e8f13a2c64970bd,2400,development,36,98,26,0,0,-0.02000000,0.02000000,-4.423384962138e-4
evaluation,5e8f13a2c64970bd,2400,development,36,98,26,1,1,-0.01000000,0.01000000,-2.182256430387e-4
evaluation,5e8f13a2c64970bd,2400,development,37,99,25,0,1,0.00000000,0.01000000,3.058959919144e-5
evaluation,5e8f13a2c64970bd,2400,development,37,99,25,1,0,-0.02000000,0.02000000,6.111897528172e-5
evaluation,5e8f13a2c64970bd,2400,development,38,100,24,0,1,-0.01000000,-0.02000000,2.047624439001e-4
evaluation,5e8f13a2c64970bd,2400,development,38,100,24,1,0,-0.00500000,-0.01000000,1.062117516994e-4
evaluation,5e8f13a2c64970bd,2400,development,39,101,23,0,0,-0.02000000,-0.02000000,-5.071330815554e-4
evaluation,5e8f13a2c64970bd,2400,development,39,101,23,1,1,-0.01000000,-0.01000000,-3.134955841233e-5
evaluation,5e8f13a2c64970bd,2400,development,40,102,22,0,0,-0.02000000,-0.02000000,-1.168679445982e-3
evaluation,5e8f13a2c64970bd,2400,development,40,102,22,1,1,-0.01000000,-0.01000000,-5.063517019153e-4
evaluation,5e8f13a2c64970bd,2400,development,41,103,21,0,1,0.00000000,0.01000000,-7.326236809604e-4
evaluation,5e8f13a2c64970bd,2400,development,41,103,21,1,0,-0.02000000,0.02000000,-1.592372893356e-3
evaluation,5e8f13a2c64970bd,2400,development,42,104,20,0,0,-0.02000000,0.02000000,-1.833705900935e-4
evaluation,5e8f13a2c64970bd,2400,development,42,104,20,1,1,-0.01000000,0.01000000,-7.437510794261e-5
evaluation,5e8f13a2c64970bd,2400,development,43,105,19,0,0,0.02000000,0.02000000,3.018009883817e-4
evaluation,5e8f13a2c64970bd,2400,development,43,105,19,1,1,0.01000000,0.01000000,1.630360929994e-4
evaluation,5e8f13a2c64970bd,2400,development,44,106,18,0,0,0.02000000,-0.02000000,-1.196932978928e-3
evaluation,5e8f13a2c64970bd,2400,development,44,106,18,1,1,0.01000000,-0.01000000,-5.960815469734e-4
evaluation,5e8f13a2c64970bd,2400,development,45,107,17,0,1,0.00000000,0.01000000,9.476704144618e-5
evaluation,5e8f13a2c64970bd,2400,development,45,107,17,1,0,-0.02000000,0.02000000,1.353959814878e-4
evaluation,5e8f13a2c64970bd,2400,development,46,108,16,0,1,-0.02000000,0.01000000,-1.642281189561e-3
evaluation,5e8f13a2c64970bd,2400,development,46,108,16,1,0,-0.01000000,0.02000000,-3.217325778678e-3
evaluation,5e8f13a2c64970bd,2400,development,47,109,15,0,0,-0.02000000,0.02000000,2.962999744341e-3
evaluation,5e8f13a2c64970bd,2400,development,47,109,15,1,1,-0.01000000,0.01000000,1.565855927765e-3
evaluation,5e8f13a2c64970bd,2400,development,48,110,14,0,0,-0.02000000,-0.02000000,1.489260816015e-3
evaluation,5e8f13a2c64970bd,2400,development,48,110,14,1,1,-0.01000000,-0.01000000,8.719423785806e-4
evaluation,5e8f13a2c64970bd,2400,development,49,111,13,0,0,0.00000000,-0.02000000,-7.227653259179e-5
evaluation,5e8f13a2c64970bd,2400,development,49,111,13,1,1,-0.02000000,-0.01000000,-6.741844117641e-6
evaluation,5e8f13a2c64970bd,2400,development,50,112,12,0,0,0.02000000,0.02000000,-6.842821021564e-4
evaluation,5e8f13a2c64970bd,2400,development,50,112,12,1,1,0.01000000,0.01000000,-3.057615831494e-4
evaluation,5e8f13a2c64970bd,2400,development,51,113,11,0,1,-0.02000000,0.01000000,3.238894569222e-4
evaluation,5e8f13a2c64970bd,2400,development,51,113,11,1,0,-0.01000000,0.02000000,-4.135975614190e-4
evaluation,5e8f13a2c64970bd,2400,development,52,114,10,0,1,0.02000000,-0.01000000,-2.635174023453e-4
evaluation,5e8f13a2c64970bd,2400,development,52,114,10,1,0,0.01000000,-0.02000000,-5.737279425375e-4
evaluation,5e8f13a2c64970bd,2400,development,53,115,9,0,1,0.00000000,-0.01000000,2.481853589416e-4
evaluation,5e8f13a2c64970bd,2400,development,53,115,9,1,0,-0.02000000,-0.02000000,4.807204531971e-4
evaluation,5e8f13a2c64970bd,2400,development,54,116,8,0,1,0.02000000,0.01000000,3.656844201032e-4
evaluation,5e8f13a2c64970bd,2400,development,54,116,8,1,0,0.01000000,0.02000000,3.850376233459e-4
evaluation,5e8f13a2c64970bd,2400,development,55,117,7,0,1,0.02000000,-0.01000000,1.388390810462e-4
evaluation,5e8f13a2c64970bd,2400,development,55,117,7,1,0,0.01000000,-0.02000000,2.465142461006e-4
evaluation,5e8f13a2c64970bd,2400,development,56,118,6,0,0,0.02000000,0.02000000,1.104924231186e-4
evaluation,5e8f13a2c64970bd,2400,development,56,118,6,1,1,0.01000000,0.01000000,6.284347182373e-5
evaluation,5e8f13a2c64970bd,2400,development,57,119,5,0,1,0.00000000,-0.01000000,-6.044007022865e-4
evaluation,5e8f13a2c64970bd,2400,development,57,119,5,1,0,-0.02000000,-0.02000000,-1.221970305778e-3
evaluation,5e8f13a2c64970bd,2400,development,58,120,4,0,0,-0.02000000,0.02000000,-1.184571883641e-3
evaluation,5e8f13a2c64970bd,2400,development,58,120,4,1,1,-0.01000000,0.01000000,-5.752714350820e-4
evaluation,5e8f13a2c64970bd,2400,development,59,121,3,0,0,-0.02000000,-0.02000000,4.053777083755e-4
evaluation,5e8f13a2c64970bd,2400,development,59,121,3,1,1,-0.01000000,-0.01000000,2.274938597111e-4
evaluation,5e8f13a2c64970bd,2400,development,60,122,2,0,0,0.02000000,0.02000000,2.846994029824e-4
evaluation,5e8f13a2c64970bd,2400,development,60,122,2,1,1,0.01000000,0.01000000,1.612911000848e-4
evaluation,5e8f13a2c64970bd,2400,evaluation,1,63,61,0,0,0.02000000,0.02000000,-1.418592757545e-3
evaluation,5e8f13a2c64970bd,2400,evaluation,1,63,61,1,1,0.01000000,0.01000000,-5.929833278060e-4
evaluation,5e8f13a2c64970bd,2400,evaluation,2,64,60,0,0,-0.02000000,0.02000000,3.341327828821e-4
evaluation,5e8f13a2c64970bd,2400,evaluation,2,64,60,1,1,-0.01000000,0.01000000,1.770279632183e-4
evaluation,5e8f13a2c64970bd,2400,evaluation,3,65,59,0,0,-0.02000000,0.02000000,3.004577010870e-4
evaluation,5e8f13a2c64970bd,2400,evaluation,3,65,59,1,1,-0.01000000,0.01000000,1.622593699722e-4
evaluation,5e8f13a2c64970bd,2400,evaluation,4,66,58,0,0,-0.02000000,0.02000000,-8.624419569969e-4
evaluation,5e8f13a2c64970bd,2400,evaluation,4,66,58,1,1,-0.01000000,0.01000000,-4.291450604796e-4
evaluation,5e8f13a2c64970bd,2400,evaluation,5,67,57,0,0,-0.02000000,0.02000000,1.552427856950e-4
evaluation,5e8f13a2c64970bd,2400,evaluation,5,67,57,1,1,-0.01000000,0.01000000,7.791569078108e-5
evaluation,5e8f13a2c64970bd,2400,evaluation,6,68,56,0,1,-0.02000000,-0.01000000,4.545785486698e-6
evaluation,5e8f13a2c64970bd,2400,evaluation,6,68,56,1,0,-0.01000000,-0.02000000,-4.980154335499e-5
evaluation,5e8f13a2c64970bd,2400,evaluation,7,69,55,0,0,-0.02000000,0.00000000,-9.662781849329e-6
evaluation,5e8f13a2c64970bd,2400,evaluation,7,69,55,1,1,-0.01000000,-0.02000000,-4.827976226807e-6
evaluation,5e8f13a2c64970bd,2400,evaluation,8,70,54,0,0,-0.02000000,0.00000000,1.728876122797e-5
evaluation,5e8f13a2c64970bd,2400,evaluation,8,70,54,1,1,-0.01000000,-0.02000000,8.976708159025e-6
evaluation,5e8f13a2c64970bd,2400,evaluation,9,71,53,0,0,-0.02000000,0.00000000,-1.414082944393e-4
evaluation,5e8f13a2c64970bd,2400,evaluation,9,71,53,1,1,-0.01000000,-0.02000000,-7.046386599541e-5
evaluation,5e8f13a2c64970bd,2400,evaluation,10,72,52,0,0,-0.02000000,0.00000000,-3.144424408674e-5
evaluation,5e8f13a2c64970bd,2400,evaluation,10,72,52,1,1,-0.01000000,-0.02000000,-1.089243869501e-5
evaluation,5e8f13a2c64970bd,2400,evaluation,11,73,51,0,1,-0.02000000,-0.02000000,5.937243622611e-5
evaluation,5e8f13a2c64970bd,2400,evaluation,11,73,51,1,0,-0.01000000,0.00000000,2.972843685711e-5
evaluation,5e8f13a2c64970bd,2400,evaluation,12,74,50,0,0,-0.02000000,0.00000000,-4.366170614958e-4
evaluation,5e8f13a2c64970bd,2400,evaluation,12,74,50,1,1,-0.01000000,-0.02000000,-2.178146241931e-4
evaluation,5e8f13a2c64970bd,2400,evaluation,13,75,49,0,1,-0.02000000,-0.02000000,3.933627158403e-5
evaluation,5e8f13a2c64970bd,2400,evaluation,13,75,49,1,0,-0.01000000,0.00000000,2.088552901114e-5
evaluation,5e8f13a2c64970bd,2400,evaluation,14,76,48,0,0,-0.02000000,0.00000000,6.415694952011e-5
evaluation,5e8f13a2c64970bd,2400,evaluation,14,76,48,1,1,-0.01000000,-0.02000000,3.309516978334e-5
evaluation,5e8f13a2c64970bd,2400,evaluation,15,77,47,0,1,-0.02000000,-0.01000000,-1.401491463184e-4
evaluation,5e8f13a2c64970bd,2400,evaluation,15,77,47,1,0,-0.01000000,-0.02000000,-2.141057775589e-4
evaluation,5e8f13a2c64970bd,2400,evaluation,16,78,46,0,0,0.00500000,0.00000000,-5.155181042937e-6
evaluation,5e8f13a2c64970bd,2400,evaluation,16,78,46,1,1,0.01000000,-0.02000000,2.865493297577e-5
evaluation,5e8f13a2c64970bd,2400,evaluation,17,79,45,0,1,-0.02000000,0.01000000,-7.289576460607e-4
evaluation,5e8f13a2c64970bd,2400,evaluation,17,79,45,1,0,-0.01000000,0.02000000,-3.305754216854e-4
evaluation,5e8f13a2c64970bd,2400,evaluation,18,80,44,0,0,0.00000000,-0.02000000,4.722674566437e-5
evaluation,5e8f13a2c64970bd,2400,evaluation,18,80,44,1,1,-0.02000000,-0.01000000,2.369284629822e-5
evaluation,5e8f13a2c64970bd,2400,evaluation,19,81,43,0,1,0.00000000,-0.01000000,1.923150011862e-5
evaluation,5e8f13a2c64970bd,2400,evaluation,19,81,43,1,0,-0.02000000,-0.02000000,3.827021646430e-5
evaluation,5e8f13a2c64970bd,2400,evaluation,20,82,42,0,0,0.00000000,0.02000000,7.233675569296e-5
evaluation,5e8f13a2c64970bd,2400,evaluation,20,82,42,1,1,-0.02000000,0.01000000,3.619336712291e-5
evaluation,5e8f13a2c64970bd,2400,evaluation,21,83,41,0,0,0.00000000,-0.02000000,2.049095928669e-5
evaluation,5e8f13a2c64970bd,2400,evaluation,21,83,41,1,1,-0.02000000,-0.01000000,1.024951507134e-5
evaluation,5e8f13a2c64970bd,2400,evaluation,22,84,40,0,0,0.00000000,0.02000000,1.687028816377e-5
evaluation,5e8f13a2c64970bd,2400,evaluation,22,84,40,1,1,-0.02000000,0.01000000,8.960875675257e-6
evaluation,5e8f13a2c64970bd,2400,evaluation,23,85,39,0,0,0.00000000,0.02000000,3.996478917543e-4
evaluation,5e8f13a2c64970bd,2400,evaluation,23,85,39,1,1,-0.02000000,0.01000000,2.610596420709e-4
evaluation,5e8f13a2c64970bd,2400,evaluation,24,86,38,0,1,0.00000000,0.01000000,2.907331509050e-4
evaluation,5e8f13a2c64970bd,2400,evaluation,24,86,38,1,0,-0.02000000,0.02000000,5.756446043961e-4
evaluation,5e8f13a2c64970bd,2400,evaluation,25,87,37,0,1,0.00000000,0.01000000,9.986882650992e-5
evaluation,5e8f13a2c64970bd,2400,evaluation,25,87,37,1,0,-0.02000000,0.02000000,1.909149141284e-4
evaluation,5e8f13a2c64970bd,2400,evaluation,26,88,36,0,0,0.02000000,-0.02000000,5.883040648769e-5
evaluation,5e8f13a2c64970bd,2400,evaluation,26,88,36,1,1,0.01000000,-0.01000000,7.133465260267e-5
evaluation,5e8f13a2c64970bd,2400,evaluation,27,89,35,0,1,-0.02000000,-0.01000000,3.327118974994e-5
evaluation,5e8f13a2c64970bd,2400,evaluation,27,89,35,1,0,-0.01000000,-0.02000000,1.297232956858e-4
evaluation,5e8f13a2c64970bd,2400,evaluation,28,90,34,0,1,-0.02000000,-0.01000000,-1.011403874145e-4
evaluation,5e8f13a2c64970bd,2400,evaluation,28,90,34,1,0,-0.01000000,-0.02000000,-1.129424199462e-4
evaluation,5e8f13a2c64970bd,2400,evaluation,29,91,33,0,0,0.00000000,-0.02000000,9.062824392458e-5
evaluation,5e8f13a2c64970bd,2400,evaluation,29,91,33,1,1,-0.02000000,-0.01000000,4.541377347778e-5
evaluation,5e8f13a2c64970bd,2400,evaluation,30,92,32,0,0,0.02000000,0.02000000,2.278254105477e-4
evaluation,5e8f13a2c64970bd,2400,evaluation,30,92,32,1,1,0.01000000,0.01000000,1.828791573644e-4
evaluation,5e8f13a2c64970bd,2400,evaluation,31,93,31,0,0,-0.02000000,0.02000000,-5.848615546711e-4
evaluation,5e8f13a2c64970bd,2400,evaluation,31,93,31,1,1,-0.01000000,0.01000000,-2.606644702610e-4
evaluation,5e8f13a2c64970bd,2400,evaluation,32,94,30,0,0,-0.02000000,-0.02000000,-4.611512122210e-4
evaluation,5e8f13a2c64970bd,2400,evaluation,32,94,30,1,1,-0.01000000,-0.01000000,-2.213111147285e-4
evaluation,5e8f13a2c64970bd,2400,evaluation,33,95,29,0,1,0.00000000,0.01000000,-1.194452215714e-5
evaluation,5e8f13a2c64970bd,2400,evaluation,33,95,29,1,0,-0.02000000,0.02000000,-2.516247332096e-5
evaluation,5e8f13a2c64970bd,2400,evaluation,34,96,28,0,0,-0.02000000,0.02000000,3.402096626814e-4
evaluation,5e8f13a2c64970bd,2400,evaluation,34,96,28,1,1,-0.01000000,0.01000000,1.716908736853e-4
evaluation,5e8f13a2c64970bd,2400,evaluation,35,97,27,0,1,-0.02000000,0.01000000,-3.166148962919e-4
evaluation,5e8f13a2c64970bd,2400,evaluation,35,97,27,1,0,-0.01000000,0.02000000,-8.591326331953e-5
evaluation,5e8f13a2c64970bd,2400,evaluation,36,98,26,0,1,-0.02000000,0.01000000,-2.859793603420e-4
evaluation,5e8f13a2c64970bd,2400,evaluation,36,98,26,1,0,-0.01000000,0.02000000,-3.744723799173e-4
evaluation,5e8f13a2c64970bd,2400,evaluation,37,99,25,0,0,0.00000000,0.02000000,6.111897528172e-5
evaluation,5e8f13a2c64970bd,2400,evaluation,37,99,25,1,1,-0.02000000,0.01000000,3.058959919144e-5
evaluation,5e8f13a2c64970bd,2400,evaluation,38,100,24,0,0,-0.01000000,-0.01000000,2.158842980862e-4
evaluation,5e8f13a2c64970bd,2400,evaluation,38,100,24,1,1,-0.00500000,-0.02000000,9.413560474059e-5
evaluation,5e8f13a2c64970bd,2400,evaluation,39,101,23,0,1,-0.02000000,-0.01000000,-8.468640589854e-5
evaluation,5e8f13a2c64970bd,2400,evaluation,39,101,23,1,0,-0.01000000,-0.02000000,-4.473117587622e-4
evaluation,5e8f13a2c64970bd,2400,evaluation,40,102,22,0,1,-0.02000000,-0.01000000,-7.914872840047e-4
evaluation,5e8f13a2c64970bd,2400,evaluation,40,102,22,1,0,-0.01000000,-0.02000000,-8.753488655202e-4
evaluation,5e8f13a2c64970bd,2400,evaluation,41,103,21,0,0,0.00000000,0.02000000,-1.592372893356e-3
evaluation,5e8f13a2c64970bd,2400,evaluation,41,103,21,1,1,-0.02000000,0.01000000,-7.326236809604e-4
evaluation,5e8f13a2c64970bd,2400,evaluation,42,104,20,0,1,-0.02000000,0.01000000,-1.292188389925e-4
evaluation,5e8f13a2c64970bd,2400,evaluation,42,104,20,1,0,-0.01000000,0.02000000,-1.239894627361e-4
evaluation,5e8f13a2c64970bd,2400,evaluation,43,105,19,0,1,0.02000000,0.01000000,3.018416464329e-4
evaluation,5e8f13a2c64970bd,2400,evaluation,43,105,19,1,0,0.01000000,0.02000000,1.536362542538e-4
evaluation,5e8f13a2c64970bd,2400,evaluation,44,106,18,0,1,0.02000000,-0.01000000,-6.555104628205e-4
evaluation,5e8f13a2c64970bd,2400,evaluation,44,106,18,1,0,0.01000000,-0.02000000,-1.137065351941e-3
evaluation,5e8f13a2c64970bd,2400,evaluation,45,107,17,0,0,0.00000000,0.02000000,1.353959814878e-4
evaluation,5e8f13a2c64970bd,2400,evaluation,45,107,17,1,1,-0.02000000,0.01000000,9.476704144618e-5
evaluation,5e8f13a2c64970bd,2400,evaluation,46,108,16,0,0,-0.02000000,0.02000000,-3.393846331164e-3
evaluation,5e8f13a2c64970bd,2400,evaluation,46,108,16,1,1,-0.01000000,0.01000000,-1.496985903941e-3
evaluation,5e8f13a2c64970bd,2400,evaluation,47,109,15,0,1,-0.02000000,0.01000000,1.614582142793e-3
evaluation,5e8f13a2c64970bd,2400,evaluation,47,109,15,1,0,-0.01000000,0.02000000,2.916211960837e-3
evaluation,5e8f13a2c64970bd,2400,evaluation,48,110,14,0,1,-0.02000000,-0.01000000,1.050145947374e-3
evaluation,5e8f13a2c64970bd,2400,evaluation,48,110,14,1,0,-0.01000000,-0.02000000,1.316292793490e-3
evaluation,5e8f13a2c64970bd,2400,evaluation,49,111,13,0,1,0.00000000,-0.01000000,-6.741844117641e-6
evaluation,5e8f13a2c64970bd,2400,evaluation,49,111,13,1,0,-0.02000000,-0.02000000,-7.227653259179e-5
evaluation,5e8f13a2c64970bd,2400,evaluation,50,112,12,0,1,0.02000000,0.01000000,-2.397857606411e-4
evaluation,5e8f13a2c64970bd,2400,evaluation,50,112,12,1,0,0.01000000,0.02000000,-7.476639002562e-4
evaluation,5e8f13a2c64970bd,2400,evaluation,51,113,11,0,0,-0.02000000,0.02000000,-8.517907554051e-5
evaluation,5e8f13a2c64970bd,2400,evaluation,51,113,11,1,1,-0.01000000,0.01000000,2.719151552810e-6
evaluation,5e8f13a2c64970bd,2400,evaluation,52,114,10,0,0,0.02000000,-0.02000000,-5.814069882035e-4
evaluation,5e8f13a2c64970bd,2400,evaluation,52,114,10,1,1,0.01000000,-0.01000000,-2.550343051553e-4
evaluation,5e8f13a2c64970bd,2400,evaluation,53,115,9,0,0,0.00000000,-0.02000000,4.807204531971e-4
evaluation,5e8f13a2c64970bd,2400,evaluation,53,115,9,1,1,-0.02000000,-0.01000000,2.481853589416e-4
evaluation,5e8f13a2c64970bd,2400,evaluation,54,116,8,0,0,0.02000000,0.02000000,4.745653423015e-4
evaluation,5e8f13a2c64970bd,2400,evaluation,54,116,8,1,1,0.01000000,0.01000000,2.667199296411e-4
evaluation,5e8f13a2c64970bd,2400,evaluation,55,117,7,0,0,0.02000000,-0.02000000,2.526870521251e-4
evaluation,5e8f13a2c64970bd,2400,evaluation,55,117,7,1,1,0.01000000,-0.01000000,1.314983965131e-4
evaluation,5e8f13a2c64970bd,2400,evaluation,56,118,6,0,1,0.02000000,0.01000000,-1.162073294836e-5
evaluation,5e8f13a2c64970bd,2400,evaluation,56,118,6,1,0,0.01000000,0.02000000,1.873563305708e-4
evaluation,5e8f13a2c64970bd,2400,evaluation,57,119,5,0,0,0.00000000,-0.02000000,-1.221970305778e-3
evaluation,5e8f13a2c64970bd,2400,evaluation,57,119,5,1,1,-0.02000000,-0.01000000,-6.044007022865e-4
evaluation,5e8f13a2c64970bd,2400,evaluation,58,120,4,0,1,-0.02000000,0.01000000,-7.046479731798e-4
evaluation,5e8f13a2c64970bd,2400,evaluation,58,120,4,1,0,-0.01000000,0.02000000,-1.051069586538e-3
evaluation,5e8f13a2c64970bd,2400,evaluation,59,121,3,0,1,-0.02000000,-0.01000000,3.193247539457e-4
evaluation,5e8f13a2c64970bd,2400,evaluation,59,121,3,1,0,-0.01000000,-0.02000000,3.125350922346e-4
evaluation,5e8f13a2c64970bd,2400,evaluation,60,122,2,0,1,0.02000000,0.01000000,1.544635742903e-4
evaluation,5e8f13a2c64970bd,2400,evaluation,60,122,2,1,0,0.01000000,0.02000000,2.927122113761e-4
evaluation,5e8f13a2c64970bd,4200,development,1,18,16,0,1,0.01000000,0.01000000,8.036165381782e-4
evaluation,5e8f13a2c64970bd,4200,development,1,18,16,1,0,0.00500000,0.02000000,2.488043857738e-3
evaluation,5e8f13a2c64970bd,4200,development,2,19,15,0,0,-0.02000000,0.02000000,-3.008684841916e-3
evaluation,5e8f13a2c64970bd,4200,development,2,19,15,1,1,-0.01000000,0.01000000,-1.392608857714e-3
evaluation,5e8f13a2c64970bd,4200,development,3,20,14,0,1,-0.02000000,-0.01000000,6.010473589413e-4
evaluation,5e8f13a2c64970bd,4200,development,3,20,14,1,0,-0.01000000,-0.02000000,2.962318249047e-3
evaluation,5e8f13a2c64970bd,4200,development,4,21,13,0,0,0.02000000,-0.01000000,1.800392405130e-3
evaluation,5e8f13a2c64970bd,4200,development,4,21,13,1,1,0.01000000,-0.00500000,9.363275021315e-4
evaluation,5e8f13a2c64970bd,4200,development,5,22,12,0,1,0.02000000,0.01000000,1.076900749467e-3
evaluation,5e8f13a2c64970bd,4200,development,5,22,12,1,0,0.01000000,0.02000000,2.962267026305e-4
evaluation,5e8f13a2c64970bd,4200,development,6,23,11,0,1,0.02000000,0.01000000,-5.734914448112e-3
evaluation,5e8f13a2c64970bd,4200,development,6,23,11,1,0,0.01000000,0.02000000,-1.574398949742e-3
evaluation,5e8f13a2c64970bd,4200,development,7,24,10,0,0,0.02000000,0.02000000,1.794072450139e-3
evaluation,5e8f13a2c64970bd,4200,development,7,24,10,1,1,0.01000000,0.01000000,9.245431865565e-4
evaluation,5e8f13a2c64970bd,4200,development,8,25,9,0,0,0.02000000,-0.00500000,1.146178692579e-5
evaluation,5e8f13a2c64970bd,4200,development,8,25,9,1,1,0.01000000,-0.01000000,-1.174484714284e-4
evaluation,5e8f13a2c64970bd,4200,development,9,26,8,0,0,-0.02000000,-0.02000000,-1.432229182683e-3
evaluation,5e8f13a2c64970bd,4200,development,9,26,8,1,1,-0.01000000,-0.01000000,-6.993736024015e-4
evaluation,5e8f13a2c64970bd,4200,development,10,27,7,0,0,0.02000000,0.02000000,1.233970164321e-3
evaluation,5e8f13a2c64970bd,4200,development,10,27,7,1,1,0.01000000,0.01000000,6.315692444332e-4
evaluation,5e8f13a2c64970bd,4200,development,11,28,6,0,1,0.02000000,-0.01000000,-3.179560007993e-4
evaluation,5e8f13a2c64970bd,4200,development,11,28,6,1,0,0.01000000,-0.02000000,-1.341033144854e-3
evaluation,5e8f13a2c64970bd,4200,development,12,29,5,0,0,0.02000000,0.02000000,2.427113504382e-4
evaluation,5e8f13a2c64970bd,4200,development,12,29,5,1,1,0.01000000,0.01000000,1.394748687744e-4
evaluation,5e8f13a2c64970bd,4200,development,13,30,4,0,1,-0.02000000,-0.00500000,-1.438421459170e-4
evaluation,5e8f13a2c64970bd,4200,development,13,30,4,1,0,-0.01000000,-0.01000000,-3.203017113265e-4
evaluation,5e8f13a2c64970bd,4200,development,14,31,3,0,1,0.00500000,-0.01000000,9.068790823221e-4
evaluation,5e8f13a2c64970bd,4200,development,14,31,3,1,0,0.00000000,-0.02000000,5.735959857702e-4
evaluation,5e8f13a2c64970bd,4200,development,15,32,2,0,1,0.02000000,0.01000000,-2.860318170860e-3
evaluation,5e8f13a2c64970bd,4200,development,15,32,2,1,0,0.01000000,0.02000000,-1.041668816470e-3
evaluation,5e8f13a2c64970bd,4200,development,17,34,0,0,1,-0.02000000,0.00000000,1.559437514516e-4
evaluation,5e8f13a2c64970bd,4200,development,17,34,0,1,0,-0.01000000,-0.00500000,-4.799223097507e-4
evaluation,5e8f13a2c64970bd,4200,development,18,35,122,0,0,0.02000000,-0.02000000,-2.321260748431e-3
evaluation,5e8f13a2c64970bd,4200,development,18,35,122,1,1,0.01000000,-0.01000000,-1.135082333349e-3
evaluation,5e8f13a2c64970bd,4200,development,19,36,121,0,1,0.02000000,0.01000000,-8.602577145211e-4
evaluation,5e8f13a2c64970bd,4200,development,19,36,121,1,0,0.01000000,0.02000000,-6.532669067383e-4
evaluation,5e8f13a2c64970bd,4200,development,20,37,120,0,1,0.02000000,-0.01000000,-1.676620333456e-3
evaluation,5e8f13a2c64970bd,4200,development,20,37,120,1,0,0.01000000,-0.02000000,-5.833643372171e-4
evaluation,5e8f13a2c64970bd,4200,development,21,38,119,0,0,0.02000000,0.00000000,2.824347466230e-4
evaluation,5e8f13a2c64970bd,4200,development,21,38,119,1,1,0.01000000,-0.02000000,1.466392277507e-4
evaluation,5e8f13a2c64970bd,4200,development,22,39,118,0,1,0.02000000,-0.01000000,-6.311279255897e-3
evaluation,5e8f13a2c64970bd,4200,development,22,39,118,1,0,0.01000000,-0.02000000,-3.269686130807e-3
evaluation,5e8f13a2c64970bd,4200,development,23,40,117,0,1,-0.02000000,-0.01000000,2.364255487919e-4
evaluation,5e8f13a2c64970bd,4200,development,23,40,117,1,0,-0.01000000,-0.02000000,1.052692532539e-4
evaluation,5e8f13a2c64970bd,4200,development,24,41,116,0,0,-0.02000000,-0.02000000,-1.494855969213e-3
evaluation,5e8f13a2c64970bd,4200,development,24,41,116,1,1,-0.01000000,-0.01000000,-7.334947586060e-4
evaluation,5e8f13a2c64970bd,4200,development,25,42,115,0,1,0.02000000,-0.02000000,3.111238356723e-6
evaluation,5e8f13a2c64970bd,4200,development,25,42,115,1,0,0.01000000,0.00000000,1.758337020874e-6
evaluation,5e8f13a2c64970bd,4200,development,26,43,114,0,1,0.02000000,-0.01000000,-2.225829957752e-4
evaluation,5e8f13a2c64970bd,4200,development,26,43,114,1,0,0.01000000,-0.02000000,-2.128357737092e-4
evaluation,5e8f13a2c64970bd,4200,development,27,44,113,0,1,0.02000000,-0.01000000,-5.229879170656e-4
evaluation,5e8f13a2c64970bd,4200,development,27,44,113,1,0,0.01000000,-0.02000000,-9.158595348708e-4
evaluation,5e8f13a2c64970bd,4200,development,28,45,112,0,1,-0.02000000,-0.01000000,-2.694111317396e-4
evaluation,5e8f13a2c64970bd,4200,development,28,45,112,1,0,-0.01000000,-0.02000000,-8.332033758052e-4
evaluation,5e8f13a2c64970bd,4200,development,29,46,111,0,0,-0.02000000,0.00000000,1.175515353680e-5
evaluation,5e8f13a2c64970bd,4200,development,29,46,111,1,1,-0.01000000,-0.02000000,5.881612651137e-6
evaluation,5e8f13a2c64970bd,4200,development,30,47,110,0,1,0.02000000,0.01000000,-7.641715928912e-4
evaluation,5e8f13a2c64970bd,4200,development,30,47,110,1,0,0.01000000,0.02000000,-5.437573418021e-4
evaluation,5e8f13a2c64970bd,4200,development,31,48,109,0,1,0.00000000,0.01000000,-3.316936272313e-5
evaluation,5e8f13a2c64970bd,4200,development,31,48,109,1,0,-0.02000000,0.02000000,-7.005346560618e-5
evaluation,5e8f13a2c64970bd,4200,development,32,49,108,0,0,0.00000000,0.02000000,-8.062645792961e-4
evaluation,5e8f13a2c64970bd,4200,development,32,49,108,1,1,-0.02000000,0.01000000,-3.874165413436e-4
evaluation,5e8f13a2c64970bd,4200,development,33,50,107,0,0,0.00000000,0.00000000,0.000000000000e0
evaluation,5e8f13a2c64970bd,4200,development,33,50,107,1,1,-0.02000000,-0.02000000,0.000000000000e0
evaluation,5e8f13a2c64970bd,4200,development,34,51,106,0,0,0.00000000,-0.02000000,1.232766808243e-4
evaluation,5e8f13a2c64970bd,4200,development,34,51,106,1,1,-0.02000000,-0.01000000,6.199007475516e-5
evaluation,5e8f13a2c64970bd,4200,development,35,52,105,0,1,0.00000000,0.01000000,-4.139728844166e-4
evaluation,5e8f13a2c64970bd,4200,development,35,52,105,1,0,-0.02000000,0.02000000,-8.956442470662e-4
evaluation,5e8f13a2c64970bd,4200,development,36,53,104,0,0,0.00000000,0.02000000,-5.566173349507e-4
evaluation,5e8f13a2c64970bd,4200,development,36,53,104,1,1,-0.02000000,0.01000000,-2.726099046413e-4
evaluation,5e8f13a2c64970bd,4200,development,37,54,103,0,0,0.00000000,0.00000000,0.000000000000e0
evaluation,5e8f13a2c64970bd,4200,development,37,54,103,1,1,-0.02000000,-0.02000000,0.000000000000e0
evaluation,5e8f13a2c64970bd,4200,development,38,55,102,0,1,0.00000000,0.01000000,-6.465179467341e-5
evaluation,5e8f13a2c64970bd,4200,development,38,55,102,1,0,-0.02000000,0.02000000,-1.451745629311e-4
evaluation,5e8f13a2c64970bd,4200,development,41,58,99,0,1,-0.02000000,-0.02000000,-3.524310886860e-5
evaluation,5e8f13a2c64970bd,4200,development,41,58,99,1,0,-0.01000000,0.00000000,-1.255174447579e-5
evaluation,5e8f13a2c64970bd,4200,development,42,59,98,0,1,-0.02000000,0.01000000,-1.272354857065e-3
evaluation,5e8f13a2c64970bd,4200,development,42,59,98,1,0,-0.01000000,0.02000000,-6.353638018481e-4
evaluation,5e8f13a2c64970bd,4200,development,43,60,97,0,1,-0.00500000,-0.00500000,-1.755524426699e-4
evaluation,5e8f13a2c64970bd,4200,development,43,60,97,1,0,0.00000000,-0.01000000,9.780128493730e-6
evaluation,5e8f13a2c64970bd,4200,development,44,61,96,0,1,0.02000000,-0.01000000,1.638987450860e-3
evaluation,5e8f13a2c64970bd,4200,development,44,61,96,1,0,0.01000000,-0.02000000,1.103943795897e-3
evaluation,5e8f13a2c64970bd,4200,development,45,62,95,0,1,-0.02000000,-0.02000000,3.710103628691e-4
evaluation,5e8f13a2c64970bd,4200,development,45,62,95,1,0,-0.01000000,0.00000000,2.284329384565e-4
evaluation,5e8f13a2c64970bd,4200,development,46,63,94,0,1,-0.02000000,0.01000000,-5.329261068255e-3
evaluation,5e8f13a2c64970bd,4200,development,46,63,94,1,0,-0.01000000,0.02000000,-3.216100158170e-3
evaluation,5e8f13a2c64970bd,4200,development,47,64,93,0,1,-0.02000000,-0.01000000,6.826408207417e-5
evaluation,5e8f13a2c64970bd,4200,development,47,64,93,1,0,-0.01000000,-0.02000000,1.031042411341e-4
evaluation,5e8f13a2c64970bd,4200,development,48,65,92,0,1,-0.02000000,-0.01000000,-9.316727519035e-4
evaluation,5e8f13a2c64970bd,4200,development,48,65,92,1,0,-0.01000000,-0.02000000,-1.961358822882e-3
evaluation,5e8f13a2c64970bd,4200,development,49,66,91,0,1,0.02000000,-0.02000000,2.299994230270e-5
evaluation,5e8f13a2c64970bd,4200,development,49,66,91,1,0,0.01000000,0.00000000,1.165270805359e-5
evaluation,5e8f13a2c64970bd,4200,development,50,67,90,0,1,-0.02000000,0.01000000,-1.675672829151e-4
evaluation,5e8f13a2c64970bd,4200,development,50,67,90,1,0,-0.01000000,0.02000000,-3.290511667728e-4
evaluation,5e8f13a2c64970bd,4200,development,51,68,89,0,0,-0.02000000,0.02000000,-1.669263467193e-3
evaluation,5e8f13a2c64970bd,4200,development,51,68,89,1,1,-0.01000000,0.01000000,-8.023399859667e-4
evaluation,5e8f13a2c64970bd,4200,development,52,69,88,0,1,-0.02000000,-0.01000000,-5.606357008219e-4
evaluation,5e8f13a2c64970bd,4200,development,52,69,88,1,0,-0.01000000,-0.02000000,-1.219242811203e-3
evaluation,5e8f13a2c64970bd,4200,development,53,70,87,0,0,-0.02000000,0.00000000,-7.964981341502e-5
evaluation,5e8f13a2c64970bd,4200,development,53,70,87,1,1,-0.01000000,-0.02000000,-3.788061439991e-5
evaluation,5e8f13a2c64970bd,4200,development,54,71,86,0,0,-0.02000000,0.00000000,6.753889465472e-5
evaluation,5e8f13a2c64970bd,4200,development,54,71,86,1,1,-0.01000000,-0.02000000,1.249276101589e-5
evaluation,5e8f13a2c64970bd,4200,development,55,72,85,0,1,-0.02000000,-0.02000000,5.297673051246e-4
evaluation,5e8f13a2c64970bd,4200,development,55,72,85,1,0,-0.01000000,0.00000000,2.782270312309e-4
evaluation,5e8f13a2c64970bd,4200,development,56,73,84,0,1,-0.02000000,-0.02000000,6.382136052707e-5
evaluation,5e8f13a2c64970bd,4200,development,56,73,84,1,0,-0.01000000,0.00000000,3.197292608093e-5
evaluation,5e8f13a2c64970bd,4200,development,57,74,83,0,1,0.02000000,-0.02000000,3.990655022790e-5
evaluation,5e8f13a2c64970bd,4200,development,57,74,83,1,0,0.01000000,0.00000000,2.169919571315e-5
evaluation,5e8f13a2c64970bd,4200,development,58,75,82,0,0,-0.02000000,0.00000000,2.965660241898e-4
evaluation,5e8f13a2c64970bd,4200,development,58,75,82,1,1,-0.01000000,-0.02000000,1.506197004346e-4
evaluation,5e8f13a2c64970bd,4200,development,59,76,81,0,0,-0.02000000,0.00000000,2.917954698205e-4
evaluation,5e8f13a2c64970bd,4200,development,59,76,81,1,1,-0.01000000,-0.02000000,1.473889424233e-4
evaluation,5e8f13a2c64970bd,4200,development,60,77,80,0,1,-0.02000000,-0.02000000,4.208851605654e-4
evaluation,5e8f13a2c64970bd,4200,development,60,77,80,1,0,-0.01000000,0.00000000,2.142420707969e-4
evaluation,5e8f13a2c64970bd,4200,development,61,78,79,0,1,0.01000000,-0.01000000,7.128979195841e-4
evaluation,5e8f13a2c64970bd,4200,development,61,78,79,1,0,0.00500000,-0.02000000,1.192032359540e-3
evaluation,5e8f13a2c64970bd,4200,evaluation,1,18,16,0,0,0.01000000,0.02000000,2.122186822817e-3
evaluation,5e8f13a2c64970bd,4200,evaluation,1,18,16,1,1,0.00500000,0.01000000,1.184950233437e-3
evaluation,5e8f13a2c64970bd,4200,evaluation,2,19,15,0,1,-0.02000000,0.01000000,-2.051188843325e-3
evaluation,5e8f13a2c64970bd,4200,evaluation,2,19,15,1,0,-0.01000000,0.02000000,-2.331219380721e-3
evaluation,5e8f13a2c64970bd,4200,evaluation,3,20,14,0,0,-0.02000000,-0.02000000,2.352759009227e-3
evaluation,5e8f13a2c64970bd,4200,evaluation,3,20,14,1,1,-0.01000000,-0.01000000,1.262373290956e-3
evaluation,5e8f13a2c64970bd,4200,evaluation,4,21,13,0,1,0.02000000,-0.00500000,1.623275340535e-3
evaluation,5e8f13a2c64970bd,4200,evaluation,4,21,13,1,0,0.01000000,-0.01000000,1.113444566727e-3
evaluation,5e8f13a2c64970bd,4200,evaluation,5,22,12,0,0,0.02000000,0.02000000,9.070144151337e-4
evaluation,5e8f13a2c64970bd,4200,evaluation,5,22,12,1,1,0.01000000,0.01000000,5.144582246430e-4
evaluation,5e8f13a2c64970bd,4200,evaluation,6,23,11,0,0,0.02000000,0.02000000,-4.932190757245e-3
evaluation,5e8f13a2c64970bd,4200,evaluation,6,23,11,1,1,0.01000000,0.01000000,-2.319486811757e-3
evaluation,5e8f13a2c64970bd,4200,evaluation,7,24,10,0,1,0.02000000,0.01000000,1.435445621610e-3
evaluation,5e8f13a2c64970bd,4200,evaluation,7,24,10,1,0,0.01000000,0.02000000,1.293952926062e-3
evaluation,5e8f13a2c64970bd,4200,evaluation,8,25,9,0,1,0.02000000,-0.01000000,-7.248917972902e-5
evaluation,5e8f13a2c64970bd,4200,evaluation,8,25,9,1,0,0.01000000,-0.00500000,-3.395198655198e-5
evaluation,5e8f13a2c64970bd,4200,evaluation,9,26,8,0,1,-0.02000000,-0.01000000,-7.416295702569e-4
evaluation,5e8f13a2c64970bd,4200,evaluation,9,26,8,1,0,-0.01000000,-0.02000000,-1.389973214827e-3
evaluation,5e8f13a2c64970bd,4200,evaluation,10,27,7,0,1,0.02000000,0.01000000,9.514940902591e-4
evaluation,5e8f13a2c64970bd,4200,evaluation,10,27,7,1,0,0.01000000,0.02000000,9.152230923064e-4
evaluation,5e8f13a2c64970bd,4200,evaluation,11,28,6,0,0,0.02000000,-0.02000000,-1.108670607209e-3
evaluation,5e8f13a2c64970bd,4200,evaluation,11,28,6,1,1,0.01000000,-0.01000000,-5.472947959788e-4
evaluation,5e8f13a2c64970bd,4200,evaluation,12,29,5,0,1,0.02000000,0.01000000,5.094005609863e-4
evaluation,5e8f13a2c64970bd,4200,evaluation,12,29,5,1,0,0.01000000,0.02000000,-1.306490303250e-4
evaluation,5e8f13a2c64970bd,4200,evaluation,13,30,4,0,0,-0.02000000,-0.01000000,-3.374200314283e-4
evaluation,5e8f13a2c64970bd,4200,evaluation,13,30,4,1,1,-0.01000000,-0.00500000,-1.287621707888e-4
evaluation,5e8f13a2c64970bd,4200,evaluation,14,31,3,0,0,0.00500000,-0.02000000,1.158146187663e-3
evaluation,5e8f13a2c64970bd,4200,evaluation,14,31,3,1,1,0.00000000,-0.01000000,3.205376269761e-4
evaluation,5e8f13a2c64970bd,4200,evaluation,15,32,2,0,0,0.02000000,0.02000000,-2.641547471285e-3
evaluation,5e8f13a2c64970bd,4200,evaluation,15,32,2,1,1,0.01000000,0.01000000,-1.260449527763e-3
evaluation,5e8f13a2c64970bd,4200,evaluation,17,34,0,0,0,-0.02000000,-0.00500000,-4.041995853186e-4
evaluation,5e8f13a2c64970bd,4200,evaluation,17,34,0,1,1,-0.01000000,0.00000000,8.043460547924e-5
evaluation,5e8f13a2c64970bd,4200,evaluation,18,35,122,0,1,0.02000000,-0.01000000,-1.991070806980e-3
evaluation,5e8f13a2c64970bd,4200,evaluation,18,35,122,1,0,0.01000000,-0.02000000,-1.455071032979e-3
evaluation,5e8f13a2c64970bd,4200,evaluation,19,36,121,0,0,0.02000000,0.02000000,-1.024081720971e-3
evaluation,5e8f13a2c64970bd,4200,evaluation,19,36,121,1,1,0.01000000,0.01000000,-4.950705915689e-4
evaluation,5e8f13a2c64970bd,4200,evaluation,20,37,120,0,0,0.02000000,-0.02000000,-1.524158404209e-3
evaluation,5e8f13a2c64970bd,4200,evaluation,20,37,120,1,1,0.01000000,-0.01000000,-7.361831958406e-4
evaluation,5e8f13a2c64970bd,4200,evaluation,21,38,119,0,1,0.02000000,-0.02000000,2.824347466230e-4
evaluation,5e8f13a2c64970bd,4200,evaluation,21,38,119,1,0,0.01000000,0.00000000,1.466392277507e-4
evaluation,5e8f13a2c64970bd,4200,evaluation,22,39,118,0,0,0.02000000,-0.02000000,-6.529708858579e-3
evaluation,5e8f13a2c64970bd,4200,evaluation,22,39,118,1,1,0.01000000,-0.01000000,-3.069967729971e-3
evaluation,5e8f13a2c64970bd,4200,evaluation,23,40,117,0,0,-0.02000000,-0.02000000,2.249969838886e-4
evaluation,5e8f13a2c64970bd,4200,evaluation,23,40,117,1,1,-0.01000000,-0.01000000,1.167058944702e-4
evaluation,5e8f13a2c64970bd,4200,evaluation,24,41,116,0,1,-0.02000000,-0.01000000,-7.292709196918e-4
evaluation,5e8f13a2c64970bd,4200,evaluation,24,41,116,1,0,-0.01000000,-0.02000000,-1.499159261584e-3
evaluation,5e8f13a2c64970bd,4200,evaluation,25,42,115,0,0,0.02000000,0.00000000,3.111238356723e-6
evaluation,5e8f13a2c64970bd,4200,evaluation,25,42,115,1,1,0.01000000,-0.02000000,1.758337020874e-6
evaluation,5e8f13a2c64970bd,4200,evaluation,26,43,114,0,0,0.02000000,-0.02000000,-2.943916770164e-4
evaluation,5e8f13a2c64970bd,4200,evaluation,26,43,114,1,1,0.01000000,-0.01000000,-1.437266619178e-4
evaluation,5e8f13a2c64970bd,4200,evaluation,27,44,113,0,0,0.02000000,-0.02000000,-9.661552612670e-4
evaluation,5e8f13a2c64970bd,4200,evaluation,27,44,113,1,1,0.01000000,-0.01000000,-4.732646048069e-4
evaluation,5e8f13a2c64970bd,4200,evaluation,28,45,112,0,0,-0.02000000,-0.02000000,-7.354207336903e-4
evaluation,5e8f13a2c64970bd,4200,evaluation,28,45,112,1,1,-0.01000000,-0.01000000,-3.660724905785e-4
evaluation,5e8f13a2c64970bd,4200,evaluation,29,46,111,0,1,-0.02000000,-0.02000000,1.175515353680e-5
evaluation,5e8f13a2c64970bd,4200,evaluation,29,46,111,1,0,-0.01000000,0.00000000,5.881612651137e-6
evaluation,5e8f13a2c64970bd,4200,evaluation,30,47,110,0,0,0.02000000,0.02000000,-9.011144866236e-4
evaluation,5e8f13a2c64970bd,4200,evaluation,30,47,110,1,1,0.01000000,0.01000000,-4.044929519296e-4
evaluation,5e8f13a2c64970bd,4200,evaluation,31,48,109,0,0,0.00000000,0.02000000,-7.005346560618e-5
evaluation,5e8f13a2c64970bd,4200,evaluation,31,48,109,1,1,-0.02000000,0.01000000,-3.316936272313e-5
evaluation,5e8f13a2c64970bd,4200,evaluation,32,49,108,0,1,0.00000000,0.01000000,-3.874165413436e-4
evaluation,5e8f13a2c64970bd,4200,evaluation,32,49,108,1,0,-0.02000000,0.02000000,-8.062645792961e-4
evaluation,5e8f13a2c64970bd,4200,evaluation,33,50,107,0,1,0.00000000,-0.02000000,0.000000000000e0
evaluation,5e8f13a2c64970bd,4200,evaluation,33,50,107,1,0,-0.02000000,0.00000000,0.000000000000e0
evaluation,5e8f13a2c64970bd,4200,evaluation,34,51,106,0,1,0.00000000,-0.01000000,6.199007475516e-5
evaluation,5e8f13a2c64970bd,4200,evaluation,34,51,106,1,0,-0.02000000,-0.02000000,1.232766808243e-4
evaluation,5e8f13a2c64970bd,4200,evaluation,35,52,105,0,0,0.00000000,0.02000000,-8.956442470662e-4
evaluation,5e8f13a2c64970bd,4200,evaluation,35,52,105,1,1,-0.02000000,0.01000000,-4.139728844166e-4
evaluation,5e8f13a2c64970bd,4200,evaluation,36,53,104,0,1,0.00000000,0.01000000,-2.726099046413e-4
evaluation,5e8f13a2c64970bd,4200,evaluation,36,53,104,1,0,-0.02000000,0.02000000,-5.566173349507e-4
evaluation,5e8f13a2c64970bd,4200,evaluation,37,54,103,0,1,0.00000000,-0.02000000,0.000000000000e0
evaluation,5e8f13a2c64970bd,4200,evaluation,37,54,103,1,0,-0.02000000,0.00000000,0.000000000000e0
evaluation,5e8f13a2c64970bd,4200,evaluation,38,55,102,0,0,0.00000000,0.02000000,-1.451745629311e-4
evaluation,5e8f13a2c64970bd,4200,evaluation,38,55,102,1,1,-0.02000000,0.01000000,-6.465179467341e-5
evaluation,5e8f13a2c64970bd,4200,evaluation,41,58,99,0,0,-0.02000000,0.00000000,-3.524310886860e-5
evaluation,5e8f13a2c64970bd,4200,evaluation,41,58,99,1,1,-0.01000000,-0.02000000,-1.255174447579e-5
evaluation,5e8f13a2c64970bd,4200,evaluation,42,59,98,0,0,-0.02000000,0.02000000,-1.280895783566e-3
evaluation,5e8f13a2c64970bd,4200,evaluation,42,59,98,1,1,-0.01000000,0.01000000,-6.288588047028e-4
evaluation,5e8f13a2c64970bd,4200,evaluation,43,60,97,0,0,-0.00500000,-0.01000000,-1.760342420312e-4
evaluation,5e8f13a2c64970bd,4200,evaluation,43,60,97,1,1,0.00000000,-0.00500000,1.138014067692e-5
evaluation,5e8f13a2c64970bd,4200,evaluation,44,61,96,0,0,0.02000000,-0.02000000,1.819580793381e-3
evaluation,5e8f13a2c64970bd,4200,evaluation,44,61,96,1,1,0.01000000,-0.01000000,9.218032355420e-4
evaluation,5e8f13a2c64970bd,4200,evaluation,45,62,95,0,0,-0.02000000,0.00000000,3.710103628691e-4
evaluation,5e8f13a2c64970bd,4200,evaluation,45,62,95,1,1,-0.01000000,-0.02000000,2.284329384565e-4
evaluation,5e8f13a2c64970bd,4200,evaluation,46,63,94,0,0,-0.02000000,0.02000000,-5.822068545967e-3
evaluation,5e8f13a2c64970bd,4200,evaluation,46,63,94,1,1,-0.01000000,0.01000000,-2.758153947070e-3
evaluation,5e8f13a2c64970bd,4200,evaluation,47,64,93,0,0,-0.02000000,-0.02000000,1.276924012927e-4
evaluation,5e8f13a2c64970bd,4200,evaluation,47,64,93,1,1,-0.01000000,-0.01000000,5.809900540044e-5
evaluation,5e8f13a2c64970bd,4200,evaluation,48,65,92,0,0,-0.02000000,-0.02000000,-1.954293809831e-3
evaluation,5e8f13a2c64970bd,4200,evaluation,48,65,92,1,1,-0.01000000,-0.01000000,-9.384260629304e-4
evaluation,5e8f13a2c64970bd,4200,evaluation,49,66,91,0,0,0.02000000,0.00000000,2.299994230270e-5
evaluation,5e8f13a2c64970bd,4200,evaluation,49,66,91,1,1,0.01000000,-0.02000000,1.165270805359e-5
evaluation,5e8f13a2c64970bd,4200,evaluation,50,67,90,0,0,-0.02000000,0.02000000,-3.341659903526e-4
evaluation,5e8f13a2c64970bd,4200,evaluation,50,67,90,1,1,-0.01000000,0.01000000,-1.620575785637e-4
evaluation,5e8f13a2c64970bd,4200,evaluation,51,68,89,0,1,-0.02000000,0.01000000,-7.818440790288e-4
evaluation,5e8f13a2c64970bd,4200,evaluation,51,68,89,1,0,-0.01000000,0.02000000,-1.689920783974e-3
evaluation,5e8f13a2c64970bd,4200,evaluation,52,69,88,0,0,-0.02000000,-0.02000000,-1.198422745802e-3
evaluation,5e8f13a2c64970bd,4200,evaluation,52,69,88,1,1,-0.01000000,-0.01000000,-5.808677524328e-4
evaluation,5e8f13a2c64970bd,4200,evaluation,53,70,87,0,1,-0.02000000,-0.02000000,-7.964981341502e-5
evaluation,5e8f13a2c64970bd,4200,evaluation,53,70,87,1,0,-0.01000000,0.00000000,-3.788061439991e-5
evaluation,5e8f13a2c64970bd,4200,evaluation,54,71,86,0,1,-0.02000000,-0.02000000,6.753889465472e-5
evaluation,5e8f13a2c64970bd,4200,evaluation,54,71,86,1,0,-0.01000000,0.00000000,1.249276101589e-5
evaluation,5e8f13a2c64970bd,4200,evaluation,55,72,85,0,0,-0.02000000,0.00000000,5.297673051246e-4
evaluation,5e8f13a2c64970bd,4200,evaluation,55,72,85,1,1,-0.01000000,-0.02000000,2.782270312309e-4
evaluation,5e8f13a2c64970bd,4200,evaluation,56,73,84,0,0,-0.02000000,0.00000000,6.382136052707e-5
evaluation,5e8f13a2c64970bd,4200,evaluation,56,73,84,1,1,-0.01000000,-0.02000000,3.197292608093e-5
evaluation,5e8f13a2c64970bd,4200,evaluation,57,74,83,0,0,0.02000000,0.00000000,3.990655022790e-5
evaluation,5e8f13a2c64970bd,4200,evaluation,57,74,83,1,1,0.01000000,-0.02000000,2.169919571315e-5
evaluation,5e8f13a2c64970bd,4200,evaluation,58,75,82,0,1,-0.02000000,-0.02000000,2.965660241898e-4
evaluation,5e8f13a2c64970bd,4200,evaluation,58,75,82,1,0,-0.01000000,0.00000000,1.506197004346e-4
evaluation,5e8f13a2c64970bd,4200,evaluation,59,76,81,0,1,-0.02000000,-0.02000000,2.917954698205e-4
evaluation,5e8f13a2c64970bd,4200,evaluation,59,76,81,1,0,-0.01000000,0.00000000,1.473889424233e-4
evaluation,5e8f13a2c64970bd,4200,evaluation,60,77,80,0,0,-0.02000000,0.00000000,4.208851605654e-4
evaluation,5e8f13a2c64970bd,4200,evaluation,60,77,80,1,1,-0.01000000,-0.02000000,2.142420707969e-4
evaluation,5e8f13a2c64970bd,4200,evaluation,61,78,79,0,0,0.01000000,-0.02000000,1.245933584869e-3
evaluation,5e8f13a2c64970bd,4200,evaluation,61,78,79,1,1,0.00500000,-0.01000000,6.589942495339e-4
evaluation,a17c2d48f03695e2,600,development,1,108,106,0,0,0.02000000,0.00000000,-8.019059896469e-5
evaluation,a17c2d48f03695e2,600,development,1,108,106,1,1,0.01000000,-0.02000000,-3.919191658497e-5
evaluation,a17c2d48f03695e2,600,development,2,109,105,0,0,0.02000000,0.02000000,-6.783132903365e-6
evaluation,a17c2d48f03695e2,600,development,2,109,105,1,1,0.01000000,0.01000000,-9.493281254436e-7
evaluation,a17c2d48f03695e2,600,development,3,110,104,0,1,0.02000000,0.01000000,-3.418512642384e-5
evaluation,a17c2d48f03695e2,600,development,3,110,104,1,0,0.01000000,0.02000000,-5.266070365906e-5
evaluation,a17c2d48f03695e2,600,development,4,111,103,0,1,0.00000000,-0.02000000,0.000000000000e0
evaluation,a17c2d48f03695e2,600,development,4,111,103,1,0,-0.02000000,0.00000000,0.000000000000e0
evaluation,a17c2d48f03695e2,600,development,5,112,102,0,0,-0.02000000,-0.02000000,-4.806971701328e-4
evaluation,a17c2d48f03695e2,600,development,5,112,102,1,1,-0.01000000,-0.01000000,-2.400514931651e-4
evaluation,a17c2d48f03695e2,600,development,6,113,101,0,1,-0.02000000,-0.01000000,2.447938022669e-4
evaluation,a17c2d48f03695e2,600,development,6,113,101,1,0,-0.01000000,-0.02000000,3.766765075852e-5
evaluation,a17c2d48f03695e2,600,development,7,114,100,0,0,0.00000000,-0.02000000,2.368359564571e-4
evaluation,a17c2d48f03695e2,600,development,7,114,100,1,1,-0.02000000,-0.01000000,1.192651689053e-4
evaluation,a17c2d48f03695e2,600,development,8,115,99,0,0,0.00000000,0.00000000,0.000000000000e0
evaluation,a17c2d48f03695e2,600,development,8,115,99,1,1,-0.02000000,-0.02000000,0.000000000000e0
evaluation,a17c2d48f03695e2,600,development,9,116,98,0,1,-0.02000000,-0.02000000,-3.204140812159e-4
evaluation,a17c2d48f03695e2,600,development,9,116,98,1,0,-0.01000000,0.00000000,-1.592983753653e-4
evaluation,a17c2d48f03695e2,600,development,10,117,97,0,1,-0.02000000,-0.01000000,-5.524853986572e-5
evaluation,a17c2d48f03695e2,600,development,10,117,97,1,0,-0.01000000,-0.02000000,-2.313156874152e-4
evaluation,a17c2d48f03695e2,600,development,11,118,96,0,0,-0.02000000,-0.02000000,4.225870070513e-4
evaluation,a17c2d48f03695e2,600,development,11,118,96,1,1,-0.01000000,-0.01000000,2.115517854691e-4
evaluation,a17c2d48f03695e2,600,development,12,119,95,0,1,0.00000000,-0.02000000,0.000000000000e0
evaluation,a17c2d48f03695e2,600,development,12,119,95,1,0,-0.02000000,0.00000000,0.000000000000e0
evaluation,a17c2d48f03695e2,600,development,13,120,94,0,1,-0.02000000,-0.01000000,-2.509603800718e-4
evaluation,a17c2d48f03695e2,600,development,13,120,94,1,0,-0.01000000,-0.02000000,-4.409278335515e-4
evaluation,a17c2d48f03695e2,600,development,14,121,93,0,0,0.02000000,-0.02000000,-1.301330776187e-4
evaluation,a17c2d48f03695e2,600,development,14,121,93,1,1,0.01000000,-0.01000000,-4.892734068562e-5
evaluation,a17c2d48f03695e2,600,development,15,122,92,0,0,-0.02000000,0.02000000,-3.104346615146e-5
evaluation,a17c2d48f03695e2,600,development,15,122,92,1,1,-0.01000000,0.01000000,-1.300933490711e-5
evaluation,a17c2d48f03695e2,600,development,16,0,91,0,1,0.02000000,-0.02000000,4.036215541419e-4
evaluation,a17c2d48f03695e2,600,development,16,0,91,1,0,0.01000000,0.00000000,2.155130059691e-4
evaluation,a17c2d48f03695e2,600,development,17,1,90,0,0,-0.01000000,0.00000000,-3.612848740886e-5
evaluation,a17c2d48f03695e2,600,development,17,1,90,1,1,-0.00500000,-0.02000000,-1.429207623005e-5
evaluation,a17c2d48f03695e2,600,development,18,2,89,0,0,-0.02000000,-0.02000000,-5.764607340097e-4
evaluation,a17c2d48f03695e2,600,development,18,2,89,1,1,-0.01000000,-0.01000000,-3.309746680316e-4
evaluation,a17c2d48f03695e2,600,development,19,3,88,0,0,0.02000000,-0.02000000,-1.104051843868e-4
evaluation,a17c2d48f03695e2,600,development,19,3,88,1,1,0.01000000,-0.01000000,-4.741176962852e-5
evaluation,a17c2d48f03695e2,600,development,20,4,87,0,1,0.02000000,-0.02000000,-1.337913126918e-4
evaluation,a17c2d48f03695e2,600,development,20,4,87,1,0,0.01000000,0.00000000,-5.825236439705e-5
evaluation,a17c2d48f03695e2,600,development,21,5,86,0,0,-0.02000000,0.00000000,-2.954620867968e-4
evaluation,a17c2d48f03695e2,600,development,21,5,86,1,1,-0.01000000,-0.02000000,-1.395903527737e-4
evaluation,a17c2d48f03695e2,600,development,22,6,85,0,0,0.02000000,0.00000000,2.210810780525e-4
evaluation,a17c2d48f03695e2,600,development,22,6,85,1,1,0.01000000,-0.02000000,1.027267426252e-4
evaluation,a17c2d48f03695e2,600,development,23,7,84,0,1,-0.02000000,-0.02000000,-7.611699402332e-5
evaluation,a17c2d48f03695e2,600,development,23,7,84,1,0,-0.01000000,0.00000000,-2.567345836724e-5
evaluation,a17c2d48f03695e2,600,development,24,8,83,0,0,0.02000000,0.00000000,2.436551003484e-4
evaluation,a17c2d48f03695e2,600,development,24,8,83,1,1,0.01000000,-0.02000000,1.338260917692e-4
evaluation,a17c2d48f03695e2,600,development,25,9,82,0,0,-0.02000000,0.00000000,-1.127831637859e-4
evaluation,a17c2d48f03695e2,600,development,25,9,82,1,1,-0.01000000,-0.02000000,-4.439179974725e-5
evaluation,a17c2d48f03695e2,600,development,26,10,81,0,0,0.02000000,0.00000000,5.015172064304e-5
evaluation,a17c2d48f03695e2,600,development,26,10,81,1,1,0.01000000,-0.02000000,2.644769847393e-5
evaluation,a17c2d48f03695e2,600,development,27,11,80,0,1,0.02000000,-0.02000000,1.569837331772e-4
evaluation,a17c2d48f03695e2,600,development,27,11,80,1,0,0.01000000,0.00000000,7.906680548331e-5
evaluation,a17c2d48f03695e2,600,development,28,12,79,0,0,0.02000000,-0.02000000,-4.594102501869e-4
evaluation,a17c2d48f03695e2,600,development,28,12,79,1,1,0.01000000,-0.01000000,-2.096847892972e-4
evaluation,a17c2d48f03695e2,600,development,29,13,78,0,0,0.02000000,-0.02000000,-5.149294738658e-4
evaluation,a17c2d48f03695e2,600,development,29,13,78,1,1,0.01000000,-0.01000000,-2.479199320078e-4
evaluation,a17c2d48f03695e2,600,development,30,14,77,0,0,-0.02000000,-0.02000000,1.498038618593e-4
evaluation,a17c2d48f03695e2,600,development,30,14,77,1,1,-0.01000000,-0.01000000,9.345635771751e-5
evaluation,a17c2d48f03695e2,600,development,31,15,76,0,0,0.02000000,-0.02000000,1.673046499491e-4
evaluation,a17c2d48f03695e2,600,development,31,15,76,1,1,0.01000000,-0.01000000,1.004251316772e-4
evaluation,a17c2d48f03695e2,600,development,32,16,75,0,0,-0.01000000,-0.02000000,-5.304192654876e-6
evaluation,a17c2d48f03695e2,600,development,32,16,75,1,1,-0.00500000,-0.01000000,1.428027917427e-5
evaluation,a17c2d48f03695e2,600,development,33,17,74,0,1,-0.02000000,-0.01000000,-1.372701226501e-4
evaluation,a17c2d48f03695e2,600,development,33,17,74,1,0,-0.01000000,-0.02000000,-1.534794719191e-4
evaluation,a17c2d48f03695e2,600,development,34,18,73,0,1,-0.02000000,-0.01000000,-9.773174679140e-5
evaluation,a17c2d48f03695e2,600,development,34,18,73,1,0,-0.01000000,-0.02000000,-5.325178426574e-5
evaluation,a17c2d48f03695e2,600,development,35,19,72,0,1,0.02000000,-0.01000000,-7.570410525659e-5
evaluation,a17c2d48f03695e2,600,development,35,19,72,1,0,0.01000000,-0.02000000,-5.435198545456e-6
evaluation,a17c2d48f03695e2,600,development,36,20,71,0,0,0.02000000,-0.02000000,-1.827863306971e-4
evaluation,a17c2d48f03695e2,600,development,36,20,71,1,1,0.01000000,-0.01000000,-1.101245507016e-4
evaluation,a17c2d48f03695e2,600,development,37,21,70,0,1,-0.02000000,-0.01000000,1.846191844379e-5
evaluation,a17c2d48f03695e2,600,development,37,21,70,1,0,-0.01000000,-0.02000000,2.889583447541e-5
evaluation,a17c2d48f03695e2,600,development,38,22,69,0,1,-0.02000000,-0.01000000,-1.798104494810e-4
evaluation,a17c2d48f03695e2,600,development,38,22,69,1,0,-0.01000000,-0.02000000,-4.474322122405e-5
evaluation,a17c2d48f03695e2,600,development,39,23,68,0,1,-0.02000000,-0.01000000,-1.255348324776e-4
evaluation,a17c2d48f03695e2,600,development,39,23,68,1,0,-0.01000000,-0.02000000,-1.514889299870e-5
evaluation,a17c2d48f03695e2,600,development,40,24,67,0,0,0.02000000,-0.02000000,6.749605381628e-5
evaluation,a17c2d48f03695e2,600,development,40,24,67,1,1,0.01000000,-0.01000000,3.382501381566e-5
evaluation,a17c2d48f03695e2,600,development,41,25,66,0,0,0.02000000,-0.02000000,2.636139652168e-5
evaluation,a17c2d48f03695e2,600,development,41,25,66,1,1,0.01000000,-0.01000000,1.321732997894e-5
evaluation,a17c2d48f03695e2,600,development,42,26,65,0,1,-0.02000000,-0.01000000,2.259078064526e-5
evaluation,a17c2d48f03695e2,600,development,42,26,65,1,0,-0.01000000,-0.02000000,-1.451497246308e-5
evaluation,a17c2d48f03695e2,600,development,43,27,64,0,1,-0.02000000,-0.01000000,-1.155647114501e-4
evaluation,a17c2d48f03695e2,600,development,43,27,64,1,0,-0.01000000,-0.02000000,-2.967069485749e-5
evaluation,a17c2d48f03695e2,600,development,44,28,63,0,0,-0.02000000,0.02000000,-4.696411269833e-5
evaluation,a17c2d48f03695e2,600,development,44,28,63,1,1,-0.01000000,0.01000000,-2.333273550903e-5
evaluation,a17c2d48f03695e2,600,development,45,29,62,0,0,0.02000000,-0.02000000,3.375802189112e-4
evaluation,a17c2d48f03695e2,600,development,45,29,62,1,1,0.01000000,-0.01000000,1.690027565928e-4
evaluation,a17c2d48f03695e2,600,development,46,30,61,0,0,-0.02000000,0.02000000,3.309417515993e-4
evaluation,a17c2d48f03695e2,600,development,46,30,61,1,1,-0.01000000,0.01000000,1.668340264587e-4
evaluation,a17c2d48f03695e2,600,development,47,31,60,0,1,-0.02000000,0.01000000,4.386839646031e-5
evaluation,a17c2d48f03695e2,600,development,47,31,60,1,0,-0.01000000,0.02000000,6.317347288132e-5
evaluation,a17c2d48f03695e2,600,development,48,32,59,0,1,-0.02000000,0.01000000,1.398504973622e-4
evaluation,a17c2d48f03695e2,600,development,48,32,59,1,0,-0.01000000,0.02000000,2.198759466410e-4
evaluation,a17c2d48f03695e2,600,development,49,33,58,0,0,-0.02000000,0.02000000,-1.411208213540e-4
evaluation,a17c2d48f03695e2,600,development,49,33,58,1,1,-0.01000000,0.01000000,-7.043344521662e-5
evaluation,a17c2d48f03695e2,600,development,50,34,57,0,1,-0.02000000,0.01000000,-1.316803245572e-4
evaluation,a17c2d48f03695e2,600,development,50,34,57,1,0,-0.01000000,0.02000000,-3.744972127606e-5
evaluation,a17c2d48f03695e2,600,development,51,35,56,0,1,-0.02000000,0.01000000,-6.941457741050e-6
evaluation,a17c2d48f03695e2,600,development,51,35,56,1,0,-0.01000000,0.02000000,1.217741519213e-4
evaluation,a17c2d48f03695e2,600,development,52,36,55,0,0,-0.02000000,0.00000000,-3.933906555176e-6
evaluation,a17c2d48f03695e2,600,development,52,36,55,1,1,-0.01000000,-0.02000000,-1.085301278181e-6
evaluation,a17c2d48f03695e2,600,development,53,37,54,0,0,-0.02000000,0.00000000,3.506243228912e-5
evaluation,a17c2d48f03695e2,600,development,53,37,54,1,1,-0.01000000,-0.02000000,1.866059938038e-5
evaluation,a17c2d48f03695e2,600,development,54,38,53,0,0,-0.02000000,0.00000000,-2.194723783759e-4
evaluation,a17c2d48f03695e2,600,development,54,38,53,1,1,-0.01000000,-0.02000000,-1.094980761991e-4
evaluation,a17c2d48f03695e2,600,development,55,39,52,0,0,-0.02000000,0.00000000,-1.988764852285e-4
evaluation,a17c2d48f03695e2,600,development,55,39,52,1,1,-0.01000000,-0.02000000,-9.806143498281e-5
evaluation,a17c2d48f03695e2,600,development,56,40,51,0,1,0.00000000,-0.02000000,0.000000000000e0
evaluation,a17c2d48f03695e2,600,development,56,40,51,1,0,-0.02000000,0.00000000,0.000000000000e0
evaluation,a17c2d48f03695e2,600,development,57,41,50,0,0,0.00000000,0.00000000,0.000000000000e0
evaluation,a17c2d48f03695e2,600,development,57,41,50,1,1,-0.02000000,-0.02000000,0.000000000000e0
evaluation,a17c2d48f03695e2,600,development,58,42,49,0,1,0.00000000,-0.02000000,0.000000000000e0
evaluation,a17c2d48f03695e2,600,development,58,42,49,1,0,-0.02000000,0.00000000,0.000000000000e0
evaluation,a17c2d48f03695e2,600,development,59,43,48,0,0,0.00000000,0.00000000,0.000000000000e0
evaluation,a17c2d48f03695e2,600,development,59,43,48,1,1,-0.02000000,-0.02000000,0.000000000000e0
evaluation,a17c2d48f03695e2,600,development,60,44,47,0,1,0.00000000,-0.02000000,0.000000000000e0
evaluation,a17c2d48f03695e2,600,development,60,44,47,1,0,-0.02000000,0.00000000,0.000000000000e0
evaluation,a17c2d48f03695e2,600,development,61,45,46,0,1,0.00000000,-0.02000000,0.000000000000e0
evaluation,a17c2d48f03695e2,600,development,61,45,46,1,0,-0.02000000,0.00000000,0.000000000000e0
evaluation,a17c2d48f03695e2,600,evaluation,1,108,106,0,1,0.02000000,-0.02000000,-8.019059896469e-5
evaluation,a17c2d48f03695e2,600,evaluation,1,108,106,1,0,0.01000000,0.00000000,-3.919191658497e-5
evaluation,a17c2d48f03695e2,600,evaluation,2,109,105,0,1,0.02000000,0.01000000,-1.849358341133e-5
evaluation,a17c2d48f03695e2,600,evaluation,2,109,105,1,0,0.01000000,0.02000000,1.186877489090e-5
evaluation,a17c2d48f03695e2,600,evaluation,3,110,104,0,0,0.02000000,0.02000000,-5.849140507053e-5
evaluation,a17c2d48f03695e2,600,evaluation,3,110,104,1,1,0.01000000,0.01000000,-2.860091626644e-5
evaluation,a17c2d48f03695e2,600,evaluation,4,111,103,0,0,0.00000000,0.00000000,0.000000000000e0
evaluation,a17c2d48f03695e2,600,evaluation,4,111,103,1,1,-0.02000000,-0.02000000,0.000000000000e0
evaluation,a17c2d48f03695e2,600,evaluation,5,112,102,0,1,-0.02000000,-0.01000000,-3.763499262277e-4
evaluation,a17c2d48f03695e2,600,evaluation,5,112,102,1,0,-0.01000000,-0.02000000,-3.445098700467e-4
evaluation,a17c2d48f03695e2,600,evaluation,6,113,101,0,0,-0.02000000,-0.02000000,1.882016658783e-4
evaluation,a17c2d48f03695e2,600,evaluation,6,113,101,1,1,-0.01000000,-0.01000000,9.482292080065e-5
evaluation,a17c2d48f03695e2,600,evaluation,7,114,100,0,1,0.00000000,-0.01000000,1.192651689053e-4
evaluation,a17c2d48f03695e2,600,evaluation,7,114,100,1,0,-0.02000000,-0.02000000,2.368359564571e-4
evaluation,a17c2d48f03695e2,600,evaluation,8,115,99,0,1,0.00000000,-0.02000000,0.000000000000e0
evaluation,a17c2d48f03695e2,600,evaluation,8,115,99,1,0,-0.02000000,0.00000000,0.000000000000e0
evaluation,a17c2d48f03695e2,600,evaluation,9,116,98,0,0,-0.02000000,0.00000000,-3.204140812159e-4
evaluation,a17c2d48f03695e2,600,evaluation,9,116,98,1,1,-0.01000000,-0.02000000,-1.592983753653e-4
evaluation,a17c2d48f03695e2,600,evaluation,10,117,97,0,0,-0.02000000,-0.02000000,-1.911881117849e-4
evaluation,a17c2d48f03695e2,600,evaluation,10,117,97,1,1,-0.01000000,-0.01000000,-9.482788300375e-5
evaluation,a17c2d48f03695e2,600,evaluation,11,118,96,0,1,-0.02000000,-0.01000000,3.105346113443e-4
evaluation,a17c2d48f03695e2,600,evaluation,11,118,96,1,0,-0.01000000,-0.02000000,3.234930336475e-4
evaluation,a17c2d48f03695e2,600,evaluation,12,119,95,0,0,0.00000000,0.00000000,0.000000000000e0
evaluation,a17c2d48f03695e2,600,evaluation,12,119,95,1,1,-0.02000000,-0.02000000,0.000000000000e0
evaluation,a17c2d48f03695e2,600,evaluation,13,120,94,0,0,-0.02000000,-0.02000000,-5.151660297997e-4
evaluation,a17c2d48f03695e2,600,evaluation,13,120,94,1,1,-0.01000000,-0.01000000,-1.875534653664e-4
evaluation,a17c2d48f03695e2,600,evaluation,14,121,93,0,1,0.02000000,-0.01000000,-1.138833686127e-4
evaluation,a17c2d48f03695e2,600,evaluation,14,121,93,1,0,0.01000000,-0.02000000,-6.074520570110e-5
evaluation,a17c2d48f03695e2,600,evaluation,15,122,92,0,1,-0.02000000,0.01000000,-4.016607999802e-5
evaluation,a17c2d48f03695e2,600,evaluation,15,122,92,1,0,-0.01000000,0.02000000,-1.748278737068e-5
evaluation,a17c2d48f03695e2,600,evaluation,16,0,91,0,0,0.02000000,0.00000000,4.036215541419e-4
evaluation,a17c2d48f03695e2,600,evaluation,16,0,91,1,1,0.01000000,-0.02000000,2.155130059691e-4
evaluation,a17c2d48f03695e2,600,evaluation,17,1,90,0,1,-0.01000000,-0.02000000,-3.612848740886e-5
evaluation,a17c2d48f03695e2,600,evaluation,17,1,90,1,0,-0.00500000,0.00000000,-1.429207623005e-5
evaluation,a17c2d48f03695e2,600,evaluation,18,2,89,0,1,-0.02000000,-0.01000000,-3.821961581707e-4
evaluation,a17c2d48f03695e2,600,evaluation,18,2,89,1,0,-0.01000000,-0.02000000,-5.724932998419e-4
evaluation,a17c2d48f03695e2,600,evaluation,19,3,88,0,1,0.02000000,-0.01000000,-8.351045107702e-5
evaluation,a17c2d48f03695e2,600,evaluation,19,3,88,1,0,0.01000000,-0.02000000,-7.428228855133e-5
evaluation,a17c2d48f03695e2,600,evaluation,20,4,87,0,0,0.02000000,0.00000000,-1.337913126918e-4
evaluation,a17c2d48f03695e2,600,evaluation,20,4,87,1,1,0.01000000,-0.02000000,-5.825236439705e-5
evaluation,a17c2d48f03695e2,600,evaluation,21,5,86,0,1,-0.02000000,-0.02000000,-2.954620867968e-4
evaluation,a17c2d48f03695e2,600,evaluation,21,5,86,1,0,-0.01000000,0.00000000,-1.395903527737e-4
evaluation,a17c2d48f03695e2,600,evaluation,22,6,85,0,1,0.02000000,-0.02000000,2.210810780525e-4
evaluation,a17c2d48f03695e2,600,evaluation,22,6,85,1,0,0.01000000,0.00000000,1.027267426252e-4
evaluation,a17c2d48f03695e2,600,evaluation,23,7,84,0,0,-0.02000000,0.00000000,-7.611699402332e-5
evaluation,a17c2d48f03695e2,600,evaluation,23,7,84,1,1,-0.01000000,-0.02000000,-2.567345836724e-5
evaluation,a17c2d48f03695e2,600,evaluation,24,8,83,0,1,0.02000000,-0.02000000,2.436551003484e-4
evaluation,a17c2d48f03695e2,600,evaluation,24,8,83,1,0,0.01000000,0.00000000,1.338260917692e-4
evaluation,a17c2d48f03695e2,600,evaluation,25,9,82,0,1,-0.02000000,-0.02000000,-1.127831637859e-4
evaluation,a17c2d48f03695e2,600,evaluation,25,9,82,1,0,-0.01000000,0.00000000,-4.439179974725e-5
evaluation,a17c2d48f03695e2,600,evaluation,26,10,81,0,1,0.02000000,-0.02000000,5.015172064304e-5
evaluation,a17c2d48f03695e2,600,evaluation,26,10,81,1,0,0.01000000,0.00000000,2.644769847393e-5
evaluation,a17c2d48f03695e2,600,evaluation,27,11,80,0,0,0.02000000,0.00000000,1.569837331772e-4
evaluation,a17c2d48f03695e2,600,evaluation,27,11,80,1,1,0.01000000,-0.02000000,7.906680548331e-5
evaluation,a17c2d48f03695e2,600,evaluation,28,12,79,0,1,0.02000000,-0.01000000,-4.163148405496e-4
evaluation,a17c2d48f03695e2,600,evaluation,28,12,79,1,0,0.01000000,-0.02000000,-2.527808246668e-4
evaluation,a17c2d48f03695e2,600,evaluation,29,13,78,0,1,0.02000000,-0.01000000,-4.270529898349e-4
evaluation,a17c2d48f03695e2,600,evaluation,29,13,78,1,0,0.01000000,-0.02000000,-3.364458680153e-4
evaluation,a17c2d48f03695e2,600,evaluation,30,14,77,0,1,-0.02000000,-0.01000000,1.231022179127e-4
evaluation,a17c2d48f03695e2,600,evaluation,30,14,77,1,0,-0.01000000,-0.02000000,1.252951769857e-4
evaluation,a17c2d48f03695e2,600,evaluation,31,15,76,0,1,0.02000000,-0.01000000,1.671009958955e-4
evaluation,a17c2d48f03695e2,600,evaluation,31,15,76,1,0,0.01000000,-0.02000000,1.055927350535e-4
evaluation,a17c2d48f03695e2,600,evaluation,32,16,75,0,1,-0.01000000,-0.01000000,1.032712589222e-5
evaluation,a17c2d48f03695e2,600,evaluation,32,16,75,1,0,-0.00500000,-0.02000000,-3.286947730885e-6
evaluation,a17c2d48f03695e2,600,evaluation,33,17,74,0,0,-0.02000000,-0.02000000,-1.937498600455e-4
evaluation,a17c2d48f03695e2,600,evaluation,33,17,74,1,1,-0.01000000,-0.01000000,-9.699972724775e-5
evaluation,a17c2d48f03695e2,600,evaluation,34,18,73,0,0,-0.02000000,-0.02000000,-1.084140167222e-4
evaluation,a17c2d48f03695e2,600,evaluation,34,18,73,1,1,-0.01000000,-0.01000000,-4.256951433490e-5
evaluation,a17c2d48f03695e2,600,evaluation,35,19,72,0,0,0.02000000,-0.02000000,-4.033682125737e-5
evaluation,a17c2d48f03695e2,600,evaluation,35,19,72,1,1,0.01000000,-0.01000000,-4.234661537339e-5
evaluation,a17c2d48f03695e2,600,evaluation,36,20,71,0,1,0.02000000,-0.01000000,-1.896383910207e-4
evaluation,a17c2d48f03695e2,600,evaluation,36,20,71,1,0,0.01000000,-0.02000000,-1.032215877785e-4
evaluation,a17c2d48f03695e2,600,evaluation,37,21,70,0,0,-0.02000000,-0.02000000,2.366987428104e-5
evaluation,a17c2d48f03695e2,600,evaluation,37,21,70,1,1,-0.01000000,-0.01000000,2.368787863816e-5
evaluation,a17c2d48f03695e2,600,evaluation,38,22,69,0,0,-0.02000000,-0.02000000,-1.626405864954e-4
evaluation,a17c2d48f03695e2,600,evaluation,38,22,69,1,1,-0.01000000,-0.01000000,-6.191308057168e-5
evaluation,a17c2d48f03695e2,600,evaluation,39,23,68,0,0,-0.02000000,-0.02000000,-1.289881765842e-4
evaluation,a17c2d48f03695e2,600,evaluation,39,23,68,1,1,-0.01000000,-0.01000000,-1.170175801235e-5
evaluation,a17c2d48f03695e2,600,evaluation,40,24,67,0,1,0.02000000,-0.01000000,6.844165181974e-5
evaluation,a17c2d48f03695e2,600,evaluation,40,24,67,1,0,0.01000000,-0.02000000,3.286823630333e-5
evaluation,a17c2d48f03695e2,600,evaluation,41,25,66,0,1,0.02000000,-0.01000000,4.309105497668e-5
evaluation,a17c2d48f03695e2,600,evaluation,41,25,66,1,0,0.01000000,-0.02000000,-3.512327793942e-6
evaluation,a17c2d48f03695e2,600,evaluation,42,26,65,0,0,-0.02000000,-0.02000000,5.356967449188e-6
evaluation,a17c2d48f03695e2,600,evaluation,42,26,65,1,1,-0.01000000,-0.01000000,2.718840960370e-6
evaluation,a17c2d48f03695e2,600,evaluation,43,27,64,0,0,-0.02000000,-0.02000000,-9.703884279588e-5
evaluation,a17c2d48f03695e2,600,evaluation,43,27,64,1,1,-0.01000000,-0.01000000,-4.821146649192e-5
evaluation,a17c2d48f03695e2,600,evaluation,44,28,63,0,1,-0.02000000,0.01000000,-4.474942761590e-5
evaluation,a17c2d48f03695e2,600,evaluation,44,28,63,1,0,-0.01000000,0.02000000,-2.560267785157e-5
evaluation,a17c2d48f03695e2,600,evaluation,45,29,62,0,1,0.02000000,-0.01000000,2.013333141804e-4
evaluation,a17c2d48f03695e2,600,evaluation,45,29,62,1,0,0.01000000,-0.02000000,3.052496758755e-4
evaluation,a17c2d48f03695e2,600,evaluation,46,30,61,0,1,-0.02000000,0.01000000,2.543324080762e-4
evaluation,a17c2d48f03695e2,600,evaluation,46,30,61,1,0,-0.01000000,0.02000000,2.434433699818e-4
evaluation,a17c2d48f03695e2,600,evaluation,47,31,60,0,0,-0.02000000,0.02000000,7.134737825254e-5
evaluation,a17c2d48f03695e2,600,evaluation,47,31,60,1,1,-0.01000000,0.01000000,3.574416041374e-5
evaluation,a17c2d48f03695e2,600,evaluation,48,32,59,0,0,-0.02000000,0.02000000,2.386998385191e-4
evaluation,a17c2d48f03695e2,600,evaluation,48,32,59,1,1,-0.01000000,0.01000000,1.209763213410e-4
evaluation,a17c2d48f03695e2,600,evaluation,49,33,58,0,1,-0.02000000,0.01000000,-8.401460945606e-5
evaluation,a17c2d48f03695e2,600,evaluation,49,33,58,1,0,-0.01000000,0.02000000,-1.275396643905e-4
evaluation,a17c2d48f03695e2,600,evaluation,50,34,57,0,0,-0.02000000,0.02000000,-1.128520816565e-4
evaluation,a17c2d48f03695e2,600,evaluation,50,34,57,1,1,-0.01000000,0.01000000,-5.627796053886e-5
evaluation,a17c2d48f03695e2,600,evaluation,51,35,56,0,0,-0.02000000,0.02000000,7.521795487264e-5
evaluation,a17c2d48f03695e2,600,evaluation,51,35,56,1,1,-0.01000000,0.01000000,3.956444561481e-5
evaluation,a17c2d48f03695e2,600,evaluation,52,36,55,0,1,-0.02000000,-0.02000000,-3.933906555176e-6
evaluation,a17c2d48f03695e2,600,evaluation,52,36,55,1,0,-0.01000000,0.00000000,-1.085301278181e-6
evaluation,a17c2d48f03695e2,600,evaluation,53,37,54,0,1,-0.02000000,-0.02000000,3.506243228912e-5
evaluation,a17c2d48f03695e2,600,evaluation,53,37,54,1,0,-0.01000000,0.00000000,1.866059938038e-5
evaluation,a17c2d48f03695e2,600,evaluation,54,38,53,0,1,-0.02000000,-0.02000000,-2.194723783759e-4
evaluation,a17c2d48f03695e2,600,evaluation,54,38,53,1,0,-0.01000000,0.00000000,-1.094980761991e-4
evaluation,a17c2d48f03695e2,600,evaluation,55,39,52,0,1,-0.02000000,-0.02000000,-1.988764852285e-4
evaluation,a17c2d48f03695e2,600,evaluation,55,39,52,1,0,-0.01000000,0.00000000,-9.806143498281e-5
evaluation,a17c2d48f03695e2,600,evaluation,56,40,51,0,0,0.00000000,0.00000000,0.000000000000e0
evaluation,a17c2d48f03695e2,600,evaluation,56,40,51,1,1,-0.02000000,-0.02000000,0.000000000000e0
evaluation,a17c2d48f03695e2,600,evaluation,57,41,50,0,1,0.00000000,-0.02000000,0.000000000000e0
evaluation,a17c2d48f03695e2,600,evaluation,57,41,50,1,0,-0.02000000,0.00000000,0.000000000000e0
evaluation,a17c2d48f03695e2,600,evaluation,58,42,49,0,0,0.00000000,0.00000000,0.000000000000e0
evaluation,a17c2d48f03695e2,600,evaluation,58,42,49,1,1,-0.02000000,-0.02000000,0.000000000000e0
evaluation,a17c2d48f03695e2,600,evaluation,59,43,48,0,1,0.00000000,-0.02000000,0.000000000000e0
evaluation,a17c2d48f03695e2,600,evaluation,59,43,48,1,0,-0.02000000,0.00000000,0.000000000000e0
evaluation,a17c2d48f03695e2,600,evaluation,60,44,47,0,0,0.00000000,0.00000000,0.000000000000e0
evaluation,a17c2d48f03695e2,600,evaluation,60,44,47,1,1,-0.02000000,-0.02000000,0.000000000000e0
evaluation,a17c2d48f03695e2,600,evaluation,61,45,46,0,0,0.00000000,0.00000000,0.000000000000e0
evaluation,a17c2d48f03695e2,600,evaluation,61,45,46,1,1,-0.02000000,-0.02000000,0.000000000000e0
evaluation,a17c2d48f03695e2,2400,development,1,63,61,0,1,0.02000000,0.01000000,3.604541125242e-4
evaluation,a17c2d48f03695e2,2400,development,1,63,61,1,0,0.01000000,0.02000000,4.244999436196e-4
evaluation,a17c2d48f03695e2,2400,development,2,64,60,0,1,0.02000000,-0.01000000,-1.669737248449e-4
evaluation,a17c2d48f03695e2,2400,development,2,64,60,1,0,0.01000000,-0.02000000,-3.400122222956e-4
evaluation,a17c2d48f03695e2,2400,development,3,65,59,0,1,0.02000000,-0.01000000,-2.434632478980e-4
evaluation,a17c2d48f03695e2,2400,development,3,65,59,1,0,0.01000000,-0.02000000,-5.649756640196e-4
evaluation,a17c2d48f03695e2,2400,development,4,66,58,0,1,0.02000000,0.01000000,1.025262008625e-5
evaluation,a17c2d48f03695e2,2400,development,4,66,58,1,0,0.01000000,0.02000000,-2.115753741236e-4
evaluation,a17c2d48f03695e2,2400,development,5,67,57,0,1,0.02000000,-0.01000000,2.689349093998e-5
evaluation,a17c2d48f03695e2,2400,development,5,67,57,1,0,0.01000000,-0.02000000,-1.891665160656e-4
evaluation,a17c2d48f03695e2,2400,development,7,69,55,0,1,0.00000000,-0.02000000,0.000000000000e0
evaluation,a17c2d48f03695e2,2400,development,7,69,55,1,0,-0.02000000,0.00000000,1.614292521879e-8
evaluation,a17c2d48f03695e2,2400,development,8,70,54,0,1,-0.02000000,-0.02000000,1.866680831881e-4
evaluation,a17c2d48f03695e2,2400,development,8,70,54,1,0,-0.01000000,0.00000000,9.378977119923e-5
evaluation,a17c2d48f03695e2,2400,development,9,71,53,0,1,0.02000000,-0.02000000,2.840943634510e-4
evaluation,a17c2d48f03695e2,2400,development,9,71,53,1,0,0.01000000,0.00000000,1.653774379520e-4
evaluation,a17c2d48f03695e2,2400,development,10,72,52,0,1,-0.02000000,-0.02000000,4.047652182635e-4
evaluation,a17c2d48f03695e2,2400,development,10,72,52,1,0,-0.01000000,0.00000000,2.060104161501e-4
evaluation,a17c2d48f03695e2,2400,development,11,73,51,0,0,0.02000000,0.00000000,-7.796846330166e-5
evaluation,a17c2d48f03695e2,2400,development,11,73,51,1,1,0.01000000,-0.02000000,-3.880013900925e-5
evaluation,a17c2d48f03695e2,2400,development,12,74,50,0,1,-0.02000000,-0.02000000,-3.063566982746e-4
evaluation,a17c2d48f03695e2,2400,development,12,74,50,1,0,-0.01000000,0.00000000,-1.522998063592e-4
evaluation,a17c2d48f03695e2,2400,development,13,75,49,0,0,0.02000000,0.00000000,-9.163655340672e-5
evaluation,a17c2d48f03695e2,2400,development,13,75,49,1,1,0.01000000,-0.02000000,-4.321398955653e-5
evaluation,a17c2d48f03695e2,2400,development,14,76,48,0,1,0.02000000,-0.02000000,-8.302554488182e-5
evaluation,a17c2d48f03695e2,2400,development,14,76,48,1,0,0.01000000,0.00000000,-4.084408283234e-5
evaluation,a17c2d48f03695e2,2400,development,15,77,47,0,0,-0.02000000,0.02000000,1.400243490934e-4
evaluation,a17c2d48f03695e2,2400,development,15,77,47,1,1,-0.01000000,0.01000000,7.074326276779e-5
evaluation,a17c2d48f03695e2,2400,development,16,78,46,0,1,-0.02000000,-0.00500000,2.925594708358e-5
evaluation,a17c2d48f03695e2,2400,development,16,78,46,1,0,-0.01000000,-0.01000000,6.945803761482e-6
evaluation,a17c2d48f03695e2,2400,development,17,79,45,0,0,-0.02000000,-0.02000000,6.122266495368e-5
evaluation,a17c2d48f03695e2,2400,development,17,79,45,1,1,-0.01000000,-0.01000000,5.106503886054e-5
evaluation,a17c2d48f03695e2,2400,development,18,80,44,0,1,0.00000000,0.01000000,-1.402199268341e-5
evaluation,a17c2d48f03695e2,2400,development,18,80,44,1,0,-0.02000000,0.02000000,-2.816071173584e-5
evaluation,a17c2d48f03695e2,2400,development,19,81,43,0,0,0.00000000,0.02000000,-4.050632196595e-5
evaluation,a17c2d48f03695e2,2400,development,19,81,43,1,1,-0.02000000,0.01000000,-2.001350185310e-5
evaluation,a17c2d48f03695e2,2400,development,20,82,42,0,1,0.00000000,-0.01000000,-2.622852662171e-5
evaluation,a17c2d48f03695e2,2400,development,20,82,42,1,0,-0.02000000,-0.02000000,-5.256943404675e-5
evaluation,a17c2d48f03695e2,2400,development,21,83,41,0,1,0.00000000,0.01000000,-1.807510852814e-5
evaluation,a17c2d48f03695e2,2400,development,21,83,41,1,0,-0.02000000,0.02000000,-3.618684786488e-5
evaluation,a17c2d48f03695e2,2400,development,22,84,40,0,1,0.00000000,-0.01000000,3.316377478768e-5
evaluation,a17c2d48f03695e2,2400,development,22,84,40,1,0,-0.02000000,-0.02000000,6.534345448017e-5
evaluation,a17c2d48f03695e2,2400,development,23,85,39,0,1,0.00000000,0.01000000,2.030935138464e-4
evaluation,a17c2d48f03695e2,2400,development,23,85,39,1,0,-0.02000000,0.02000000,3.281378594693e-4
evaluation,a17c2d48f03695e2,2400,development,24,86,38,0,0,0.00000000,0.02000000,5.523301661015e-4
evaluation,a17c2d48f03695e2,2400,development,24,86,38,1,1,-0.02000000,0.01000000,2.788441779558e-4
evaluation,a17c2d48f03695e2,2400,development,25,87,37,0,0,0.00000000,0.02000000,6.545769429067e-5
evaluation,a17c2d48f03695e2,2400,development,25,87,37,1,1,-0.02000000,0.01000000,3.419009226491e-5
evaluation,a17c2d48f03695e2,2400,development,26,88,36,0,1,-0.02000000,0.01000000,-4.815533757210e-4
evaluation,a17c2d48f03695e2,2400,development,26,88,36,1,0,-0.01000000,0.02000000,-3.190798161086e-4
evaluation,a17c2d48f03695e2,2400,development,27,89,35,0,0,0.02000000,0.02000000,-6.418302655220e-4
evaluation,a17c2d48f03695e2,2400,development,27,89,35,1,1,0.01000000,0.01000000,-2.826303243637e-4
evaluation,a17c2d48f03695e2,2400,development,28,90,34,0,0,0.02000000,0.02000000,-1.545008271933e-4
evaluation,a17c2d48f03695e2,2400,development,28,90,34,1,1,0.01000000,0.01000000,-8.153418457368e-5
evaluation,a17c2d48f03695e2,2400,development,29,91,33,0,1,0.00000000,0.01000000,-1.065886244760e-4
evaluation,a17c2d48f03695e2,2400,development,29,91,33,1,0,-0.02000000,0.02000000,-2.138869167538e-4
evaluation,a17c2d48f03695e2,2400,development,30,92,32,0,1,0.01000000,0.01000000,7.888618856668e-4
evaluation,a17c2d48f03695e2,2400,development,30,92,32,1,0,0.00500000,0.02000000,5.830607260577e-4
evaluation,a17c2d48f03695e2,2400,development,31,93,31,0,1,-0.02000000,-0.01000000,-1.988845615415e-4
evaluation,a17c2d48f03695e2,2400,development,31,93,31,1,0,-0.01000000,-0.02000000,-4.564598202705e-5
evaluation,a17c2d48f03695e2,2400,development,32,94,30,0,1,-0.02000000,-0.01000000,4.199886170682e-4
evaluation,a17c2d48f03695e2,2400,development,32,94,30,1,0,-0.01000000,-0.02000000,3.862132725772e-4
evaluation,a17c2d48f03695e2,2400,development,33,95,29,0,0,0.00000000,-0.02000000,1.155398786068e-5
evaluation,a17c2d48f03695e2,2400,development,33,95,29,1,1,-0.02000000,-0.01000000,6.364658474922e-6
evaluation,a17c2d48f03695e2,2400,development,34,96,28,0,1,-0.02000000,-0.01000000,1.144930720329e-4
evaluation,a17c2d48f03695e2,2400,development,34,96,28,1,0,-0.01000000,-0.02000000,2.011035803662e-6
evaluation,a17c2d48f03695e2,2400,development,35,97,27,0,0,-0.02000000,-0.02000000,5.199449879001e-5
evaluation,a17c2d48f03695e2,2400,development,35,97,27,1,1,-0.01000000,-0.01000000,3.808674591710e-5
evaluation,a17c2d48f03695e2,2400,development,36,98,26,0,0,-0.02000000,-0.02000000,-1.624555588933e-4
evaluation,a17c2d48f03695e2,2400,development,36,98,26,1,1,-0.01000000,-0.01000000,-7.642743730685e-5
evaluation,a17c2d48f03695e2,2400,development,37,99,25,0,1,0.00000000,-0.01000000,-6.388189649442e-5
evaluation,a17c2d48f03695e2,2400,development,37,99,25,1,0,-0.02000000,-0.02000000,-1.280674041482e-4
evaluation,a17c2d48f03695e2,2400,development,39,101,23,0,0,0.02000000,0.01000000,-1.774216652848e-3
evaluation,a17c2d48f03695e2,2400,development,39,101,23,1,1,0.01000000,0.00500000,-8.468367159367e-4
evaluation,a17c2d48f03695e2,2400,development,40,102,22,0,0,-0.02000000,0.02000000,-6.697159260511e-4
evaluation,a17c2d48f03695e2,2400,development,40,102,22,1,1,-0.01000000,0.01000000,-2.801908703987e-4
evaluation,a17c2d48f03695e2,2400,development,41,103,21,0,1,0.00000000,0.01000000,5.650706589222e-5
evaluation,a17c2d48f03695e2,2400,development,41,103,21,1,0,-0.02000000,0.02000000,4.112037640880e-5
evaluation,a17c2d48f03695e2,2400,development,42,104,20,0,0,0.02000000,-0.02000000,-4.848098906223e-4
evaluation,a17c2d48f03695e2,2400,development,42,104,20,1,1,0.01000000,-0.01000000,-2.266317605972e-4
evaluation,a17c2d48f03695e2,2400,development,43,105,19,0,0,0.02000000,-0.02000000,2.694533613976e-4
evaluation,a17c2d48f03695e2,2400,development,43,105,19,1,1,0.01000000,-0.01000000,1.661429851083e-4
evaluation,a17c2d48f03695e2,2400,development,44,106,18,0,0,0.02000000,-0.02000000,3.401873109397e-4
evaluation,a17c2d48f03695e2,2400,development,44,106,18,1,1,0.01000000,-0.01000000,2.018082886934e-4
evaluation,a17c2d48f03695e2,2400,development,45,107,17,0,1,0.00000000,-0.01000000,-1.568167208461e-4
evaluation,a17c2d48f03695e2,2400,development,45,107,17,1,0,-0.02000000,-0.02000000,-3.738751111086e-4
evaluation,a17c2d48f03695e2,2400,development,46,108,16,0,1,0.02000000,0.01000000,7.213962380774e-4
evaluation,a17c2d48f03695e2,2400,development,46,108,16,1,0,0.01000000,0.02000000,2.196114510298e-4
evaluation,a17c2d48f03695e2,2400,development,47,109,15,0,0,0.02000000,-0.02000000,-1.035687164403e-3
evaluation,a17c2d48f03695e2,2400,development,47,109,15,1,1,0.01000000,-0.01000000,-4.464785160962e-4
evaluation,a17c2d48f03695e2,2400,development,48,110,14,0,0,0.02000000,0.02000000,-2.665320935193e-4
evaluation,a17c2d48f03695e2,2400,development,48,110,14,1,1,0.01000000,0.01000000,-3.242927414249e-5
evaluation,a17c2d48f03695e2,2400,development,49,111,13,0,0,0.00000000,-0.02000000,-3.643880190793e-4
evaluation,a17c2d48f03695e2,2400,development,49,111,13,1,1,-0.02000000,-0.01000000,-1.549062581034e-4
evaluation,a17c2d48f03695e2,2400,development,50,112,12,0,0,-0.02000000,0.02000000,-1.508111716248e-3
evaluation,a17c2d48f03695e2,2400,development,50,112,12,1,1,-0.01000000,0.01000000,-7.297918200493e-4
evaluation,a17c2d48f03695e2,2400,development,51,113,11,0,1,-0.02000000,0.01000000,6.340872496367e-4
evaluation,a17c2d48f03695e2,2400,development,51,113,11,1,0,-0.01000000,0.02000000,5.560573190451e-4
evaluation,a17c2d48f03695e2,2400,development,52,114,10,0,1,-0.02000000,-0.01000000,1.023088861984e-5
evaluation,a17c2d48f03695e2,2400,development,52,114,10,1,0,-0.01000000,-0.02000000,-8.747292304179e-5
evaluation,a17c2d48f03695e2,2400,development,53,115,9,0,1,0.00000000,0.01000000,-1.366690994473e-4
evaluation,a17c2d48f03695e2,2400,development,53,115,9,1,0,-0.02000000,0.02000000,-2.965008316096e-4
evaluation,a17c2d48f03695e2,2400,development,54,116,8,0,1,-0.02000000,-0.01000000,-5.850084125996e-4
evaluation,a17c2d48f03695e2,2400,development,54,116,8,1,0,-0.01000000,-0.02000000,-4.488738777582e-4
evaluation,a17c2d48f03695e2,2400,development,55,117,7,0,1,-0.02000000,0.01000000,-4.036780446768e-4
evaluation,a17c2d48f03695e2,2400,development,55,117,7,1,0,-0.01000000,0.02000000,-4.671079514083e-4
evaluation,a17c2d48f03695e2,2400,development,56,118,6,0,0,-0.02000000,-0.02000000,-2.075831143884e-4
evaluation,a17c2d48f03695e2,2400,development,56,118,6,1,1,-0.01000000,-0.01000000,-9.423991286894e-5
evaluation,a17c2d48f03695e2,2400,development,57,119,5,0,1,0.00000000,-0.01000000,-9.664954995969e-5
evaluation,a17c2d48f03695e2,2400,development,57,119,5,1,0,-0.02000000,-0.02000000,-2.328443079023e-4
evaluation,a17c2d48f03695e2,2400,development,58,120,4,0,0,-0.02000000,0.01000000,3.682710230350e-4
evaluation,a17c2d48f03695e2,2400,development,58,120,4,1,1,-0.01000000,0.00500000,1.954063773155e-4
evaluation,a17c2d48f03695e2,2400,development,59,121,3,0,0,0.02000000,0.02000000,-4.007089883089e-4
evaluation,a17c2d48f03695e2,2400,development,59,121,3,1,1,0.01000000,0.01000000,-1.627250312595e-4
evaluation,a17c2d48f03695e2,2400,development,60,122,2,0,0,-0.02000000,-0.02000000,-4.118798824493e-4
evaluation,a17c2d48f03695e2,2400,development,60,122,2,1,1,-0.01000000,-0.01000000,-1.965003757505e-4
evaluation,a17c2d48f03695e2,2400,development,61,0,1,0,0,-0.02000000,0.02000000,5.778893828392e-4
evaluation,a17c2d48f03695e2,2400,development,61,0,1,1,1,-0.01000000,0.01000000,4.157771763857e-4
evaluation,a17c2d48f03695e2,2400,evaluation,1,63,61,0,0,0.02000000,0.02000000,4.085768014193e-4
evaluation,a17c2d48f03695e2,2400,evaluation,1,63,61,1,1,0.01000000,0.01000000,3.518791345414e-4
evaluation,a17c2d48f03695e2,2400,evaluation,2,64,60,0,0,0.02000000,-0.02000000,-3.402928414289e-4
evaluation,a17c2d48f03695e2,2400,evaluation,2,64,60,1,1,0.01000000,-0.01000000,-1.667055039434e-4
evaluation,a17c2d48f03695e2,2400,evaluation,3,65,59,0,0,0.02000000,-0.02000000,-5.459344829433e-4
evaluation,a17c2d48f03695e2,2400,evaluation,3,65,59,1,1,0.01000000,-0.01000000,-2.624361368362e-4
evaluation,a17c2d48f03695e2,2400,evaluation,4,66,58,0,0,0.02000000,0.02000000,-1.434329897165e-4
evaluation,a17c2d48f03695e2,2400,evaluation,4,66,58,1,1,0.01000000,0.01000000,-5.758119004895e-5
evaluation,a17c2d48f03695e2,2400,evaluation,5,67,57,0,0,0.02000000,-0.02000000,-1.087089403882e-4
evaluation,a17c2d48f03695e2,2400,evaluation,5,67,57,1,1,0.01000000,-0.01000000,-5.348958075047e-5
evaluation,a17c2d48f03695e2,2400,evaluation,7,69,55,0,0,0.00000000,0.00000000,0.000000000000e0
evaluation,a17c2d48f03695e2,2400,evaluation,7,69,55,1,1,-0.02000000,-0.02000000,1.614292521879e-8
evaluation,a17c2d48f03695e2,2400,evaluation,8,70,54,0,0,-0.02000000,0.00000000,1.866680831881e-4
evaluation,a17c2d48f03695e2,2400,evaluation,8,70,54,1,1,-0.01000000,-0.02000000,9.378977119923e-5
evaluation,a17c2d48f03695e2,2400,evaluation,9,71,53,0,0,0.02000000,0.00000000,2.840943634510e-4
evaluation,a17c2d48f03695e2,2400,evaluation,9,71,53,1,1,0.01000000,-0.02000000,1.653774379520e-4
evaluation,a17c2d48f03695e2,2400,evaluation,10,72,52,0,0,-0.02000000,0.00000000,4.047652182635e-4
evaluation,a17c2d48f03695e2,2400,evaluation,10,72,52,1,1,-0.01000000,-0.02000000,2.060104161501e-4
evaluation,a17c2d48f03695e2,2400,evaluation,11,73,51,0,1,0.02000000,-0.02000000,-7.796846330166e-5
evaluation,a17c2d48f03695e2,2400,evaluation,11,73,51,1,0,0.01000000,0.00000000,-3.880013900925e-5
evaluation,a17c2d48f03695e2,2400,evaluation,12,74,50,0,0,-0.02000000,0.00000000,-3.063566982746e-4
evaluation,a17c2d48f03695e2,2400,evaluation,12,74,50,1,1,-0.01000000,-0.02000000,-1.522998063592e-4
evaluation,a17c2d48f03695e2,2400,evaluation,13,75,49,0,1,0.02000000,-0.02000000,-9.163655340672e-5
evaluation,a17c2d48f03695e2,2400,evaluation,13,75,49,1,0,0.01000000,0.00000000,-4.321398955653e-5
evaluation,a17c2d48f03695e2,2400,evaluation,14,76,48,0,0,0.02000000,0.00000000,-8.302554488182e-5
evaluation,a17c2d48f03695e2,2400,evaluation,14,76,48,1,1,0.01000000,-0.02000000,-4.084408283234e-5
evaluation,a17c2d48f03695e2,2400,evaluation,15,77,47,0,1,-0.02000000,0.01000000,1.391793339280e-4
evaluation,a17c2d48f03695e2,2400,evaluation,15,77,47,1,0,-0.01000000,0.02000000,7.022606587270e-5
evaluation,a17c2d48f03695e2,2400,evaluation,16,78,46,0,0,-0.02000000,-0.01000000,1.807324588299e-5
evaluation,a17c2d48f03695e2,2400,evaluation,16,78,46,1,1,-0.01000000,-0.00500000,1.694324055279e-5
evaluation,a17c2d48f03695e2,2400,evaluation,17,79,45,0,1,-0.02000000,-0.01000000,5.247381704976e-5
evaluation,a17c2d48f03695e2,2400,evaluation,17,79,45,1,0,-0.01000000,-0.02000000,6.115064024925e-5
evaluation,a17c2d48f03695e2,2400,evaluation,18,80,44,0,0,0.00000000,0.02000000,-2.816071173584e-5
evaluation,a17c2d48f03695e2,2400,evaluation,18,80,44,1,1,-0.02000000,0.01000000,-1.402199268341e-5
evaluation,a17c2d48f03695e2,2400,evaluation,19,81,43,0,1,0.00000000,0.01000000,-2.001350185310e-5
evaluation,a17c2d48f03695e2,2400,evaluation,19,81,43,1,0,-0.02000000,0.02000000,-4.050632196595e-5
evaluation,a17c2d48f03695e2,2400,evaluation,20,82,42,0,0,0.00000000,-0.02000000,-5.256943404675e-5
evaluation,a17c2d48f03695e2,2400,evaluation,20,82,42,1,1,-0.02000000,-0.01000000,-2.622852662171e-5
evaluation,a17c2d48f03695e2,2400,evaluation,21,83,41,0,0,0.00000000,0.02000000,-3.618684786488e-5
evaluation,a17c2d48f03695e2,2400,evaluation,21,83,41,1,1,-0.02000000,0.01000000,-1.807510852814e-5
evaluation,a17c2d48f03695e2,2400,evaluation,22,84,40,0,0,0.00000000,-0.02000000,6.534345448017e-5
evaluation,a17c2d48f03695e2,2400,evaluation,22,84,40,1,1,-0.02000000,-0.01000000,3.316377478768e-5
evaluation,a17c2d48f03695e2,2400,evaluation,23,85,39,0,0,0.00000000,0.02000000,3.281378594693e-4
evaluation,a17c2d48f03695e2,2400,evaluation,23,85,39,1,1,-0.02000000,0.01000000,2.030935138464e-4
evaluation,a17c2d48f03695e2,2400,evaluation,24,86,38,0,1,0.00000000,0.01000000,2.788441779558e-4
evaluation,a17c2d48f03695e2,2400,evaluation,24,86,38,1,0,-0.02000000,0.02000000,5.523301661015e-4
evaluation,a17c2d48f03695e2,2400,evaluation,25,87,37,0,1,0.00000000,0.01000000,3.419009226491e-5
evaluation,a17c2d48f03695e2,2400,evaluation,25,87,37,1,0,-0.02000000,0.02000000,6.545769429067e-5
evaluation,a17c2d48f03695e2,2400,evaluation,26,88,36,0,0,-0.02000000,0.02000000,-5.509741604328e-4
evaluation,a17c2d48f03695e2,2400,evaluation,26,88,36,1,1,-0.01000000,0.01000000,-2.541740832385e-4
evaluation,a17c2d48f03695e2,2400,evaluation,27,89,35,0,1,0.02000000,0.01000000,-5.006001447327e-4
evaluation,a17c2d48f03695e2,2400,evaluation,27,89,35,1,0,0.01000000,0.02000000,-4.100656660739e-4
evaluation,a17c2d48f03695e2,2400,evaluation,28,90,34,0,1,0.02000000,0.01000000,-1.341737806797e-4
evaluation,a17c2d48f03695e2,2400,evaluation,28,90,34,1,0,0.01000000,0.02000000,-1.013459041133e-4
evaluation,a17c2d48f03695e2,2400,evaluation,29,91,33,0,0,0.00000000,0.02000000,-2.138869167538e-4
evaluation,a17c2d48f03695e2,2400,evaluation,29,91,33,1,1,-0.02000000,0.01000000,-1.065886244760e-4
evaluation,a17c2d48f03695e2,2400,evaluation,30,92,32,0,0,0.01000000,0.02000000,8.958689868450e-4
evaluation,a17c2d48f03695e2,2400,evaluation,30,92,32,1,1,0.00500000,0.01000000,4.866110684816e-4
evaluation,a17c2d48f03695e2,2400,evaluation,31,93,31,0,0,-0.02000000,-0.02000000,-1.787661312846e-4
evaluation,a17c2d48f03695e2,2400,evaluation,31,93,31,1,1,-0.01000000,-0.01000000,-6.568804383278e-5
evaluation,a17c2d48f03695e2,2400,evaluation,32,94,30,0,0,-0.02000000,-0.02000000,5.306098610163e-4
evaluation,a17c2d48f03695e2,2400,evaluation,32,94,30,1,1,-0.01000000,-0.01000000,2.781251969282e-4
evaluation,a17c2d48f03695e2,2400,evaluation,33,95,29,0,1,0.00000000,-0.01000000,6.364658474922e-6
evaluation,a17c2d48f03695e2,2400,evaluation,33,95,29,1,0,-0.02000000,-0.02000000,1.155398786068e-5
evaluation,a17c2d48f03695e2,2400,evaluation,34,96,28,0,0,-0.02000000,-0.02000000,7.747672498226e-5
evaluation,a17c2d48f03695e2,2400,evaluation,34,96,28,1,1,-0.01000000,-0.01000000,3.922047835658e-5
evaluation,a17c2d48f03695e2,2400,evaluation,35,97,27,0,1,-0.02000000,-0.01000000,1.230879424838e-4
evaluation,a17c2d48f03695e2,2400,evaluation,35,97,27,1,0,-0.01000000,-0.02000000,-3.410689532757e-5
evaluation,a17c2d48f03695e2,2400,evaluation,36,98,26,0,1,-0.02000000,-0.01000000,-1.380455942126e-4
evaluation,a17c2d48f03695e2,2400,evaluation,36,98,26,1,0,-0.01000000,-0.02000000,-1.009280458675e-4
evaluation,a17c2d48f03695e2,2400,evaluation,37,99,25,0,0,0.00000000,-0.02000000,-1.280674041482e-4
evaluation,a17c2d48f03695e2,2400,evaluation,37,99,25,1,1,-0.02000000,-0.01000000,-6.388189649442e-5
evaluation,a17c2d48f03695e2,2400,evaluation,39,101,23,0,1,0.02000000,0.00500000,-8.036059443839e-4
evaluation,a17c2d48f03695e2,2400,evaluation,39,101,23,1,0,0.01000000,0.01000000,-1.813991577365e-3
evaluation,a17c2d48f03695e2,2400,evaluation,40,102,22,0,1,-0.02000000,0.01000000,-4.029963165522e-4
evaluation,a17c2d48f03695e2,2400,evaluation,40,102,22,1,0,-0.01000000,0.02000000,-5.574431270361e-4
evaluation,a17c2d48f03695e2,2400,evaluation,41,103,21,0,0,0.00000000,0.02000000,4.112037640880e-5
evaluation,a17c2d48f03695e2,2400,evaluation,41,103,21,1,1,-0.02000000,0.01000000,5.650706589222e-5
evaluation,a17c2d48f03695e2,2400,evaluation,42,104,20,0,1,0.02000000,-0.01000000,-3.088898956776e-4
evaluation,a17c2d48f03695e2,2400,evaluation,42,104,20,1,0,0.01000000,-0.02000000,-4.010467382614e-4
evaluation,a17c2d48f03695e2,2400,evaluation,43,105,19,0,1,0.02000000,-0.01000000,4.667062312365e-4
evaluation,a17c2d48f03695e2,2400,evaluation,43,105,19,1,0,0.01000000,-0.02000000,-2.514198422432e-5
evaluation,a17c2d48f03695e2,2400,evaluation,44,106,18,0,1,0.02000000,-0.01000000,1.716638653306e-4
evaluation,a17c2d48f03695e2,2400,evaluation,44,106,18,1,0,0.01000000,-0.02000000,3.707427531481e-4
evaluation,a17c2d48f03695e2,2400,evaluation,45,107,17,0,0,0.00000000,-0.02000000,-3.738751111086e-4
evaluation,a17c2d48f03695e2,2400,evaluation,45,107,17,1,1,-0.02000000,-0.01000000,-1.568167208461e-4
evaluation,a17c2d48f03695e2,2400,evaluation,46,108,16,0,0,0.02000000,0.02000000,5.305229569785e-4
evaluation,a17c2d48f03695e2,2400,evaluation,46,108,16,1,1,0.01000000,0.01000000,4.347252252046e-4
evaluation,a17c2d48f03695e2,2400,evaluation,47,109,15,0,1,0.02000000,-0.01000000,-6.135503645055e-4
evaluation,a17c2d48f03695e2,2400,evaluation,47,109,15,1,0,0.01000000,-0.02000000,-8.665826171637e-4
evaluation,a17c2d48f03695e2,2400,evaluation,48,110,14,0,1,0.02000000,0.01000000,-1.295730471611e-4
evaluation,a17c2d48f03695e2,2400,evaluation,48,110,14,1,0,0.01000000,0.02000000,-1.666111202212e-4
evaluation,a17c2d48f03695e2,2400,evaluation,49,111,13,0,1,0.00000000,-0.01000000,-1.549062581034e-4
evaluation,a17c2d48f03695e2,2400,evaluation,49,111,13,1,0,-0.02000000,-0.02000000,-3.643880190793e-4
evaluation,a17c2d48f03695e2,2400,evaluation,50,112,12,0,1,-0.02000000,0.01000000,-8.854058687575e-4
evaluation,a17c2d48f03695e2,2400,evaluation,50,112,12,1,0,-0.01000000,0.02000000,-1.353402971290e-3
evaluation,a17c2d48f03695e2,2400,evaluation,51,113,11,0,0,-0.02000000,0.02000000,7.870911504142e-4
evaluation,a17c2d48f03695e2,2400,evaluation,51,113,11,1,1,-0.01000000,0.01000000,4.102544335183e-4
evaluation,a17c2d48f03695e2,2400,evaluation,52,114,10,0,0,-0.02000000,-0.02000000,-6.632817530772e-5
evaluation,a17c2d48f03695e2,2400,evaluation,52,114,10,1,1,-0.01000000,-0.01000000,-1.567229628563e-5
evaluation,a17c2d48f03695e2,2400,evaluation,53,115,9,0,0,0.00000000,0.02000000,-2.965008316096e-4
evaluation,a17c2d48f03695e2,2400,evaluation,53,115,9,1,1,-0.02000000,0.01000000,-1.366690994473e-4
evaluation,a17c2d48f03695e2,2400,evaluation,54,116,8,0,0,-0.02000000,-0.02000000,-7.061219657771e-4
evaluation,a17c2d48f03695e2,2400,evaluation,54,116,8,1,1,-0.01000000,-0.01000000,-3.344869764987e-4
evaluation,a17c2d48f03695e2,2400,evaluation,55,117,7,0,0,-0.02000000,0.02000000,-5.870138411410e-4
evaluation,a17c2d48f03695e2,2400,evaluation,55,117,7,1,1,-0.01000000,0.01000000,-2.857403305825e-4
evaluation,a17c2d48f03695e2,2400,evaluation,56,118,6,0,1,-0.02000000,-0.01000000,-6.256625056267e-5
evaluation,a17c2d48f03695e2,2400,evaluation,56,118,6,1,0,-0.01000000,-0.02000000,-2.359071077080e-4
evaluation,a17c2d48f03695e2,2400,evaluation,57,119,5,0,0,0.00000000,-0.02000000,-2.328443079023e-4
evaluation,a17c2d48f03695e2,2400,evaluation,57,119,5,1,1,-0.02000000,-0.01000000,-9.664954995969e-5
evaluation,a17c2d48f03695e2,2400,evaluation,58,120,4,0,1,-0.02000000,0.00500000,3.006588667631e-4
evaluation,a17c2d48f03695e2,2400,evaluation,58,120,4,1,0,-0.01000000,0.01000000,2.650090900715e-4
evaluation,a17c2d48f03695e2,2400,evaluation,59,121,3,0,1,0.02000000,0.01000000,-1.363437622786e-4
evaluation,a17c2d48f03695e2,2400,evaluation,59,121,3,1,0,0.01000000,0.02000000,-4.262471047696e-4
evaluation,a17c2d48f03695e2,2400,evaluation,60,122,2,0,1,-0.02000000,-0.01000000,-2.874489873648e-4
evaluation,a17c2d48f03695e2,2400,evaluation,60,122,2,1,0,-0.01000000,-0.02000000,-3.182502987329e-4
evaluation,a17c2d48f03695e2,2400,evaluation,61,0,1,0,1,-0.02000000,0.01000000,2.152069209842e-4
evaluation,a17c2d48f03695e2,2400,evaluation,61,0,1,1,0,-0.01000000,0.02000000,7.854464347474e-4
evaluation,a17c2d48f03695e2,4200,development,1,18,16,0,1,0.02000000,0.01000000,5.888628656976e-4
evaluation,a17c2d48f03695e2,4200,development,1,18,16,1,0,0.01000000,0.02000000,7.406889344566e-4
evaluation,a17c2d48f03695e2,4200,development,2,19,15,0,0,0.02000000,-0.02000000,-3.511042741593e-4
evaluation,a17c2d48f03695e2,4200,development,2,19,15,1,1,0.01000000,-0.01000000,-4.925330358674e-5
evaluation,a17c2d48f03695e2,4200,development,3,20,14,0,1,0.02000000,-0.01000000,1.753365620971e-3
evaluation,a17c2d48f03695e2,4200,development,3,20,14,1,0,0.01000000,-0.02000000,2.718066098168e-3
evaluation,a17c2d48f03695e2,4200,development,5,22,12,0,1,-0.01000000,0.01000000,-2.825080009643e-4
evaluation,a17c2d48f03695e2,4200,development,5,22,12,1,0,-0.00500000,0.02000000,-3.660445509013e-4
evaluation,a17c2d48f03695e2,4200,development,6,23,11,0,1,-0.02000000,0.01000000,2.102879108861e-3
evaluation,a17c2d48f03695e2,4200,development,6,23,11,1,0,-0.01000000,0.02000000,1.603580429219e-3
evaluation,a17c2d48f03695e2,4200,development,7,24,10,0,0,0.02000000,0.02000000,1.261108904146e-3
evaluation,a17c2d48f03695e2,4200,development,7,24,10,1,1,0.01000000,0.01000000,6.794172222726e-4
evaluation,a17c2d48f03695e2,4200,development,8,25,9,0,0,-0.02000000,0.02000000,-4.029298725072e-4
evaluation,a17c2d48f03695e2,4200,development,8,25,9,1,1,-0.01000000,0.01000000,-1.931445003720e-4
evaluation,a17c2d48f03695e2,4200,development,9,26,8,0,0,-0.02000000,0.02000000,5.960700218566e-4
evaluation,a17c2d48f03695e2,4200,development,9,26,8,1,1,-0.01000000,0.01000000,3.019534051418e-4
evaluation,a17c2d48f03695e2,4200,development,10,27,7,0,0,-0.02000000,0.02000000,-5.189900402911e-4
evaluation,a17c2d48f03695e2,4200,development,10,27,7,1,1,-0.01000000,0.01000000,-2.411641180515e-4
evaluation,a17c2d48f03695e2,4200,development,11,28,6,0,1,-0.02000000,-0.01000000,-7.757724379189e-4
evaluation,a17c2d48f03695e2,4200,development,11,28,6,1,0,-0.01000000,-0.02000000,-1.172230229713e-3
evaluation,a17c2d48f03695e2,4200,development,12,29,5,0,0,0.02000000,0.02000000,7.905922830105e-4
evaluation,a17c2d48f03695e2,4200,development,12,29,5,1,1,0.01000000,0.01000000,4.059591738041e-4
evaluation,a17c2d48f03695e2,4200,development,13,30,4,0,1,-0.02000000,-0.01000000,3.495315831969e-5
evaluation,a17c2d48f03695e2,4200,development,13,30,4,1,0,-0.01000000,-0.02000000,4.372870080260e-6
evaluation,a17c2d48f03695e2,4200,development,14,31,3,0,1,0.02000000,0.01000000,7.810965180397e-4
evaluation,a17c2d48f03695e2,4200,development,14,31,3,1,0,0.01000000,0.02000000,1.173509881482e-4
evaluation,a17c2d48f03695e2,4200,development,15,32,2,0,1,-0.02000000,0.00000000,8.219244773500e-4
evaluation,a17c2d48f03695e2,4200,development,15,32,2,1,0,-0.01000000,0.00500000,6.010451470502e-4
evaluation,a17c2d48f03695e2,4200,development,17,34,0,0,1,-0.02000000,0.01000000,5.717476014979e-4
evaluation,a17c2d48f03695e2,4200,development,17,34,0,1,0,-0.01000000,0.02000000,9.993104031309e-4
evaluation,a17c2d48f03695e2,4200,development,18,35,122,0,0,0.02000000,0.02000000,-4.132203757763e-4
evaluation,a17c2d48f03695e2,4200,development,18,35,122,1,1,0.01000000,0.01000000,-2.021801919909e-4
evaluation,a17c2d48f03695e2,4200,development,19,36,121,0,1,0.02000000,-0.01000000,-1.730248332024e-4
evaluation,a17c2d48f03695e2,4200,development,19,36,121,1,0,0.01000000,-0.02000000,1.777348370524e-4
evaluation,a17c2d48f03695e2,4200,development,20,37,120,0,1,-0.02000000,-0.01000000,4.549982550088e-4
evaluation,a17c2d48f03695e2,4200,development,20,37,120,1,0,-0.01000000,-0.02000000,2.194419503212e-4
evaluation,a17c2d48f03695e2,4200,development,21,38,119,0,0,0.02000000,0.00000000,-1.152306795120e-4
evaluation,a17c2d48f03695e2,4200,development,21,38,119,1,1,0.01000000,-0.02000000,-5.221366882324e-5
evaluation,a17c2d48f03695e2,4200,development,22,39,118,0,1,-0.02000000,0.01000000,1.294727087952e-3
evaluation,a17c2d48f03695e2,4200,development,22,39,118,1,0,-0.01000000,0.00500000,7.546258275397e-4
evaluation,a17c2d48f03695e2,4200,development,23,40,117,0,1,-0.02000000,0.01000000,3.889054059982e-4
evaluation,a17c2d48f03695e2,4200,development,23,40,117,1,0,-0.01000000,0.02000000,4.069457354490e-4
evaluation,a17c2d48f03695e2,4200,development,24,41,116,0,0,-0.02000000,0.01000000,6.224687094800e-4
evaluation,a17c2d48f03695e2,4200,development,24,41,116,1,1,-0.01000000,0.00500000,3.157034516335e-4
evaluation,a17c2d48f03695e2,4200,development,25,42,115,0,1,0.02000000,-0.02000000,8.981054270407e-5
evaluation,a17c2d48f03695e2,4200,development,25,42,115,1,0,0.01000000,0.00000000,4.509215432336e-5
evaluation,a17c2d48f03695e2,4200,development,26,43,114,0,1,-0.02000000,0.01000000,2.457747759763e-4
evaluation,a17c2d48f03695e2,4200,development,26,43,114,1,0,-0.01000000,0.02000000,2.323773951503e-4
evaluation,a17c2d48f03695e2,4200,development,27,44,113,0,1,-0.02000000,0.01000000,2.051393239526e-4
evaluation,a17c2d48f03695e2,4200,development,27,44,113,1,0,-0.01000000,0.02000000,2.281330525875e-4
evaluation,a17c2d48f03695e2,4200,development,28,45,112,0,1,-0.02000000,0.01000000,2.762240765151e-4
evaluation,a17c2d48f03695e2,4200,development,28,45,112,1,0,-0.01000000,0.02000000,3.910573723260e-4
evaluation,a17c2d48f03695e2,4200,development,29,46,111,0,0,-0.02000000,0.00000000,-2.989073691424e-4
evaluation,a17c2d48f03695e2,4200,development,29,46,111,1,1,-0.01000000,-0.02000000,-1.447387039661e-4
evaluation,a17c2d48f03695e2,4200,development,30,47,110,0,1,-0.02000000,0.01000000,3.063057738473e-5
evaluation,a17c2d48f03695e2,4200,development,30,47,110,1,0,-0.01000000,0.02000000,-4.173672350589e-4
evaluation,a17c2d48f03695e2,4200,development,31,48,109,0,1,0.00000000,-0.01000000,1.632682979107e-4
evaluation,a17c2d48f03695e2,4200,development,31,48,109,1,0,-0.02000000,-0.02000000,3.238817153033e-4
evaluation,a17c2d48f03695e2,4200,development,32,49,108,0,0,0.00000000,-0.02000000,3.564904036466e-4
evaluation,a17c2d48f03695e2,4200,development,32,49,108,1,1,-0.02000000,-0.01000000,1.959887595149e-4
evaluation,a17c2d48f03695e2,4200,development,33,50,107,0,0,0.00000000,0.00000000,0.000000000000e0
evaluation,a17c2d48f03695e2,4200,development,33,50,107,1,1,-0.02000000,-0.02000000,0.000000000000e0
evaluation,a17c2d48f03695e2,4200,development,34,51,106,0,0,0.00000000,0.02000000,-2.394976763753e-4
evaluation,a17c2d48f03695e2,4200,development,34,51,106,1,1,-0.02000000,0.01000000,-1.178458333015e-4
evaluation,a17c2d48f03695e2,4200,development,35,52,105,0,1,0.00000000,0.01000000,-4.547325370368e-4
evaluation,a17c2d48f03695e2,4200,development,35,52,105,1,0,-0.02000000,0.02000000,-9.763824637048e-4
evaluation,a17c2d48f03695e2,4200,development,36,53,104,0,0,0.00000000,-0.02000000,2.615551056806e-4
evaluation,a17c2d48f03695e2,4200,development,36,53,104,1,1,-0.02000000,-0.01000000,1.317213027505e-4
evaluation,a17c2d48f03695e2,4200,development,37,54,103,0,0,0.00000000,0.00000000,0.000000000000e0
evaluation,a17c2d48f03695e2,4200,development,37,54,103,1,1,-0.02000000,-0.02000000,0.000000000000e0
evaluation,a17c2d48f03695e2,4200,development,38,55,102,0,1,0.00000000,-0.01000000,-2.044079155894e-4
evaluation,a17c2d48f03695e2,4200,development,38,55,102,1,0,-0.02000000,-0.02000000,-4.254455270711e-4
evaluation,a17c2d48f03695e2,4200,development,41,58,99,0,1,-0.02000000,-0.02000000,2.861196699087e-4
evaluation,a17c2d48f03695e2,4200,development,41,58,99,1,0,-0.01000000,0.00000000,1.452143042115e-4
evaluation,a17c2d48f03695e2,4200,development,42,59,98,0,1,0.02000000,-0.01000000,7.731920923106e-4
evaluation,a17c2d48f03695e2,4200,development,42,59,98,1,0,0.01000000,-0.02000000,3.299042582512e-4
evaluation,a17c2d48f03695e2,4200,development,43,60,97,0,1,0.02000000,-0.01000000,1.347474753857e-4
evaluation,a17c2d48f03695e2,4200,development,43,60,97,1,0,0.01000000,-0.02000000,-5.141620640643e-4
evaluation,a17c2d48f03695e2,4200,development,44,61,96,0,1,0.02000000,-0.01000000,5.493487115018e-4
evaluation,a17c2d48f03695e2,4200,development,44,61,96,1,0,0.01000000,-0.02000000,3.344497235958e-4
evaluation,a17c2d48f03695e2,4200,development,45,62,95,0,1,-0.02000000,-0.02000000,3.871383669320e-4
evaluation,a17c2d48f03695e2,4200,development,45,62,95,1,0,-0.01000000,0.00000000,2.573778328951e-4
evaluation,a17c2d48f03695e2,4200,development,46,63,94,0,1,0.02000000,-0.01000000,1.362323760986e-3
evaluation,a17c2d48f03695e2,4200,development,46,63,94,1,0,0.01000000,-0.02000000,7.828691159375e-4
evaluation,a17c2d48f03695e2,4200,development,47,64,93,0,1,-0.02000000,0.01000000,2.464080753271e-4
evaluation,a17c2d48f03695e2,4200,development,47,64,93,1,0,-0.01000000,0.02000000,3.679593501147e-4
evaluation,a17c2d48f03695e2,4200,development,48,65,92,0,1,-0.02000000,0.01000000,2.801219525281e-4
evaluation,a17c2d48f03695e2,4200,development,48,65,92,1,0,-0.01000000,0.02000000,5.409605801105e-4
evaluation,a17c2d48f03695e2,4200,development,49,66,91,0,1,0.02000000,-0.02000000,9.677186608315e-5
evaluation,a17c2d48f03695e2,4200,development,49,66,91,1,0,0.01000000,0.00000000,4.857157546212e-5
evaluation,a17c2d48f03695e2,4200,development,50,67,90,0,1,-0.02000000,-0.01000000,-1.064340249286e-4
evaluation,a17c2d48f03695e2,4200,development,50,67,90,1,0,-0.01000000,-0.02000000,-8.900959983293e-6
evaluation,a17c2d48f03695e2,4200,development,51,68,89,0,0,-0.02000000,-0.02000000,8.141522412188e-4
evaluation,a17c2d48f03695e2,4200,development,51,68,89,1,1,-0.01000000,-0.01000000,4.347761569079e-4
evaluation,a17c2d48f03695e2,4200,development,52,69,88,0,1,0.02000000,0.01000000,2.558603882790e-4
evaluation,a17c2d48f03695e2,4200,development,52,69,88,1,0,0.01000000,0.02000000,5.506451125257e-4
evaluation,a17c2d48f03695e2,4200,development,53,70,87,0,0,-0.02000000,0.00000000,-3.017342241947e-4
evaluation,a17c2d48f03695e2,4200,development,53,70,87,1,1,-0.01000000,-0.02000000,-1.447908580303e-4
evaluation,a17c2d48f03695e2,4200,development,54,71,86,0,0,0.01000000,0.00000000,1.032985746861e-4
evaluation,a17c2d48f03695e2,4200,development,54,71,86,1,1,0.00500000,-0.02000000,5.229935050011e-5
evaluation,a17c2d48f03695e2,4200,development,55,72,85,0,1,-0.02000000,-0.02000000,5.263611674309e-4
evaluation,a17c2d48f03695e2,4200,development,55,72,85,1,0,-0.01000000,0.00000000,2.714022994041e-4
evaluation,a17c2d48f03695e2,4200,development,56,73,84,0,1,-0.02000000,-0.02000000,2.592417004053e-4
evaluation,a17c2d48f03695e2,4200,development,56,73,84,1,0,-0.01000000,0.00000000,1.309644430876e-4
evaluation,a17c2d48f03695e2,4200,development,57,74,83,0,1,0.02000000,-0.02000000,2.139576972695e-4
evaluation,a17c2d48f03695e2,4200,development,57,74,83,1,0,0.01000000,0.00000000,1.080439760699e-4
evaluation,a17c2d48f03695e2,4200,development,58,75,82,0,0,-0.02000000,0.00000000,3.866025654133e-4
evaluation,a17c2d48f03695e2,4200,development,58,75,82,1,1,-0.01000000,-0.02000000,1.965823321370e-4
evaluation,a17c2d48f03695e2,4200,development,59,76,81,0,0,-0.02000000,0.00000000,2.603381872177e-4
evaluation,a17c2d48f03695e2,4200,development,59,76,81,1,1,-0.01000000,-0.02000000,1.312612293987e-4
evaluation,a17c2d48f03695e2,4200,development,60,77,80,0,1,-0.02000000,-0.02000000,2.315926103620e-4
evaluation,a17c2d48f03695e2,4200,development,60,77,80,1,0,-0.01000000,0.00000000,1.165705398307e-4
evaluation,a17c2d48f03695e2,4200,development,61,78,79,0,1,-0.02000000,-0.01000000,-4.481250944082e-4
evaluation,a17c2d48f03695e2,4200,development,61,78,79,1,0,-0.01000000,-0.02000000,2.388612629147e-4
evaluation,a17c2d48f03695e2,4200,evaluation,1,18,16,0,0,0.02000000,0.02000000,8.384386892430e-4
evaluation,a17c2d48f03695e2,4200,evaluation,1,18,16,1,1,0.01000000,0.01000000,5.380753427744e-4
evaluation,a17c2d48f03695e2,4200,evaluation,2,19,15,0,1,0.02000000,-0.01000000,2.529875782784e-4
evaluation,a17c2d48f03695e2,4200,evaluation,2,19,15,1,0,0.01000000,-0.02000000,-6.335781072266e-4
evaluation,a17c2d48f03695e2,4200,evaluation,3,20,14,0,0,0.02000000,-0.02000000,2.850596560165e-3
evaluation,a17c2d48f03695e2,4200,evaluation,3,20,14,1,1,0.01000000,-0.01000000,1.582734286785e-3
evaluation,a17c2d48f03695e2,4200,evaluation,5,22,12,0,0,-0.01000000,0.02000000,-4.961422528140e-4
evaluation,a17c2d48f03695e2,4200,evaluation,5,22,12,1,1,-0.00500000,0.01000000,-1.740964798955e-4
evaluation,a17c2d48f03695e2,4200,evaluation,6,23,11,0,0,-0.02000000,0.02000000,2.231032820418e-3
evaluation,a17c2d48f03695e2,4200,evaluation,6,23,11,1,1,-0.01000000,0.01000000,1.406421884894e-3
evaluation,a17c2d48f03695e2,4200,evaluation,7,24,10,0,1,0.02000000,0.01000000,9.551172261126e-4
evaluation,a17c2d48f03695e2,4200,evaluation,7,24,10,1,0,0.01000000,0.02000000,1.005606143735e-3
evaluation,a17c2d48f03695e2,4200,evaluation,8,25,9,0,1,-0.02000000,0.01000000,-3.208747657482e-4
evaluation,a17c2d48f03695e2,4200,evaluation,8,25,9,1,0,-0.01000000,0.02000000,-2.729582192842e-4
evaluation,a17c2d48f03695e2,4200,evaluation,9,26,8,0,1,-0.02000000,0.01000000,3.219917416573e-4
evaluation,a17c2d48f03695e2,4200,evaluation,9,26,8,1,0,-0.01000000,0.02000000,5.760118365288e-4
evaluation,a17c2d48f03695e2,4200,evaluation,10,27,7,0,1,-0.02000000,0.01000000,-5.123068694957e-4
evaluation,a17c2d48f03695e2,4200,evaluation,10,27,7,1,0,-0.01000000,0.02000000,-2.512186765671e-4
evaluation,a17c2d48f03695e2,4200,evaluation,11,28,6,0,0,-0.02000000,-0.02000000,-1.315523521043e-3
evaluation,a17c2d48f03695e2,4200,evaluation,11,28,6,1,1,-0.01000000,-0.01000000,-6.386917084455e-4
evaluation,a17c2d48f03695e2,4200,evaluation,12,29,5,0,1,0.02000000,0.01000000,5.650265957229e-4
evaluation,a17c2d48f03695e2,4200,evaluation,12,29,5,1,0,0.01000000,0.02000000,6.291207973845e-4
evaluation,a17c2d48f03695e2,4200,evaluation,13,30,4,0,0,-0.02000000,-0.02000000,9.212642908096e-6
evaluation,a17c2d48f03695e2,4200,evaluation,13,30,4,1,1,-0.01000000,-0.01000000,2.905353903770e-5
evaluation,a17c2d48f03695e2,4200,evaluation,14,31,3,0,0,0.02000000,0.02000000,5.643845652230e-4
evaluation,a17c2d48f03695e2,4200,evaluation,14,31,3,1,1,0.01000000,0.01000000,3.366259334143e-4
evaluation,a17c2d48f03695e2,4200,evaluation,15,32,2,0,0,-0.02000000,0.00500000,9.754430502653e-4
evaluation,a17c2d48f03695e2,4200,evaluation,15,32,2,1,1,-0.01000000,0.00000000,4.468945262488e-4
evaluation,a17c2d48f03695e2,4200,evaluation,17,34,0,0,0,-0.02000000,0.02000000,1.000067801215e-3
evaluation,a17c2d48f03695e2,4200,evaluation,17,34,0,1,1,-0.01000000,0.01000000,5.703817005269e-4
evaluation,a17c2d48f03695e2,4200,evaluation,18,35,122,0,1,0.02000000,0.01000000,-6.079114973545e-4
evaluation,a17c2d48f03695e2,4200,evaluation,18,35,122,1,0,0.01000000,0.02000000,-1.590202191437e-5
evaluation,a17c2d48f03695e2,4200,evaluation,19,36,121,0,0,0.02000000,-0.02000000,2.332031726837e-6
evaluation,a17c2d48f03695e2,4200,evaluation,19,36,121,1,1,0.01000000,-0.01000000,6.504356861115e-6
evaluation,a17c2d48f03695e2,4200,evaluation,20,37,120,0,0,-0.02000000,-0.02000000,4.419448378030e-4
evaluation,a17c2d48f03695e2,4200,evaluation,20,37,120,1,1,-0.01000000,-0.01000000,2.327002584934e-4
evaluation,a17c2d48f03695e2,4200,evaluation,21,38,119,0,1,0.02000000,-0.02000000,-1.152306795120e-4
evaluation,a17c2d48f03695e2,4200,evaluation,21,38,119,1,0,0.01000000,0.00000000,-5.221366882324e-5
evaluation,a17c2d48f03695e2,4200,evaluation,22,39,118,0,0,-0.02000000,0.00500000,1.281503587961e-3
evaluation,a17c2d48f03695e2,4200,evaluation,22,39,118,1,1,-0.01000000,0.01000000,7.779498700984e-4
evaluation,a17c2d48f03695e2,4200,evaluation,23,40,117,0,0,-0.02000000,0.02000000,5.294022266753e-4
evaluation,a17c2d48f03695e2,4200,evaluation,23,40,117,1,1,-0.01000000,0.01000000,2.664389612619e-4
evaluation,a17c2d48f03695e2,4200,evaluation,24,41,116,0,1,-0.02000000,0.00500000,3.711953759193e-4
evaluation,a17c2d48f03695e2,4200,evaluation,24,41,116,1,0,-0.01000000,0.01000000,5.673145060427e-4
evaluation,a17c2d48f03695e2,4200,evaluation,25,42,115,0,0,0.02000000,0.00000000,8.981054270407e-5
evaluation,a17c2d48f03695e2,4200,evaluation,25,42,115,1,1,0.01000000,-0.02000000,4.509215432336e-5
evaluation,a17c2d48f03695e2,4200,evaluation,26,43,114,0,0,-0.02000000,0.02000000,3.144207003061e-4
evaluation,a17c2d48f03695e2,4200,evaluation,26,43,114,1,1,-0.01000000,0.01000000,1.613236963749e-4
evaluation,a17c2d48f03695e2,4200,evaluation,27,44,113,0,0,-0.02000000,0.02000000,2.834995684680e-4
evaluation,a17c2d48f03695e2,4200,evaluation,27,44,113,1,1,-0.01000000,0.01000000,1.490972936153e-4
evaluation,a17c2d48f03695e2,4200,evaluation,28,45,112,0,0,-0.02000000,0.02000000,4.437193274498e-4
evaluation,a17c2d48f03695e2,4200,evaluation,28,45,112,1,1,-0.01000000,0.01000000,2.232380211353e-4
evaluation,a17c2d48f03695e2,4200,evaluation,29,46,111,0,1,-0.02000000,-0.02000000,-2.989073691424e-4
evaluation,a17c2d48f03695e2,4200,evaluation,29,46,111,1,0,-0.01000000,0.00000000,-1.447387039661e-4
evaluation,a17c2d48f03695e2,4200,evaluation,30,47,110,0,0,-0.02000000,0.02000000,-2.720778284129e-4
evaluation,a17c2d48f03695e2,4200,evaluation,30,47,110,1,1,-0.01000000,0.01000000,-1.185790970339e-4
evaluation,a17c2d48f03695e2,4200,evaluation,31,48,109,0,0,0.00000000,-0.02000000,3.238817153033e-4
evaluation,a17c2d48f03695e2,4200,evaluation,31,48,109,1,1,-0.02000000,-0.01000000,1.632682979107e-4
evaluation,a17c2d48f03695e2,4200,evaluation,32,49,108,0,1,0.00000000,-0.01000000,1.959887595149e-4
evaluation,a17c2d48f03695e2,4200,evaluation,32,49,108,1,0,-0.02000000,-0.02000000,3.564904036466e-4
evaluation,a17c2d48f03695e2,4200,evaluation,33,50,107,0,1,0.00000000,-0.02000000,0.000000000000e0
evaluation,a17c2d48f03695e2,4200,evaluation,33,50,107,1,0,-0.02000000,0.00000000,0.000000000000e0
evaluation,a17c2d48f03695e2,4200,evaluation,34,51,106,0,1,0.00000000,0.01000000,-1.178458333015e-4
evaluation,a17c2d48f03695e2,4200,evaluation,34,51,106,1,0,-0.02000000,0.02000000,-2.394976763753e-4
evaluation,a17c2d48f03695e2,4200,evaluation,35,52,105,0,0,0.00000000,0.02000000,-9.763824637048e-4
evaluation,a17c2d48f03695e2,4200,evaluation,35,52,105,1,1,-0.02000000,0.01000000,-4.547325370368e-4
evaluation,a17c2d48f03695e2,4200,evaluation,36,53,104,0,1,0.00000000,-0.01000000,1.317213027505e-4
evaluation,a17c2d48f03695e2,4200,evaluation,36,53,104,1,0,-0.02000000,-0.02000000,2.615551056806e-4
evaluation,a17c2d48f03695e2,4200,evaluation,37,54,103,0,1,0.00000000,-0.02000000,0.000000000000e0
evaluation,a17c2d48f03695e2,4200,evaluation,37,54,103,1,0,-0.02000000,0.00000000,0.000000000000e0
evaluation,a17c2d48f03695e2,4200,evaluation,38,55,102,0,0,0.00000000,-0.02000000,-4.254455270711e-4
evaluation,a17c2d48f03695e2,4200,evaluation,38,55,102,1,1,-0.02000000,-0.01000000,-2.044079155894e-4
evaluation,a17c2d48f03695e2,4200,evaluation,41,58,99,0,0,-0.02000000,0.00000000,2.861196699087e-4
evaluation,a17c2d48f03695e2,4200,evaluation,41,58,99,1,1,-0.01000000,-0.02000000,1.452143042115e-4
evaluation,a17c2d48f03695e2,4200,evaluation,42,59,98,0,0,0.02000000,-0.02000000,7.228578324430e-4
evaluation,a17c2d48f03695e2,4200,evaluation,42,59,98,1,1,0.01000000,-0.01000000,3.763729182538e-4
evaluation,a17c2d48f03695e2,4200,evaluation,43,60,97,0,0,0.02000000,-0.02000000,-2.780804934446e-4
evaluation,a17c2d48f03695e2,4200,evaluation,43,60,97,1,1,0.01000000,-0.01000000,-1.046732068062e-4
evaluation,a17c2d48f03695e2,4200,evaluation,44,61,96,0,0,0.02000000,-0.02000000,5.857466603629e-4
evaluation,a17c2d48f03695e2,4200,evaluation,44,61,96,1,1,0.01000000,-0.01000000,2.975761890411e-4
evaluation,a17c2d48f03695e2,4200,evaluation,45,62,95,0,0,-0.02000000,0.00000000,3.871383669320e-4
evaluation,a17c2d48f03695e2,4200,evaluation,45,62,95,1,1,-0.01000000,-0.02000000,2.573778328951e-4
evaluation,a17c2d48f03695e2,4200,evaluation,46,63,94,0,0,0.02000000,-0.02000000,1.311173662543e-3
evaluation,a17c2d48f03695e2,4200,evaluation,46,63,94,1,1,0.01000000,-0.01000000,7.921258802526e-4
evaluation,a17c2d48f03695e2,4200,evaluation,47,64,93,0,0,-0.02000000,0.02000000,4.078485071659e-4
evaluation,a17c2d48f03695e2,4200,evaluation,47,64,93,1,1,-0.01000000,0.01000000,2.073099167319e-4
evaluation,a17c2d48f03695e2,4200,evaluation,48,65,92,0,0,-0.02000000,0.02000000,5.188236827962e-4
evaluation,a17c2d48f03695e2,4200,evaluation,48,65,92,1,1,-0.01000000,0.01000000,3.018081188202e-4
evaluation,a17c2d48f03695e2,4200,evaluation,49,66,91,0,0,0.02000000,0.00000000,9.677186608315e-5
evaluation,a17c2d48f03695e2,4200,evaluation,49,66,91,1,1,0.01000000,-0.02000000,4.857157546212e-5
evaluation,a17c2d48f03695e2,4200,evaluation,50,67,90,0,0,-0.02000000,-0.02000000,-8.112192153931e-5
evaluation,a17c2d48f03695e2,4200,evaluation,50,67,90,1,1,-0.01000000,-0.01000000,-3.467996793916e-5
evaluation,a17c2d48f03695e2,4200,evaluation,51,68,89,0,1,-0.02000000,-0.01000000,4.091337323189e-4
evaluation,a17c2d48f03695e2,4200,evaluation,51,68,89,1,0,-0.01000000,-0.02000000,8.384573156945e-4
evaluation,a17c2d48f03695e2,4200,evaluation,52,69,88,0,0,0.02000000,0.02000000,5.309656262398e-4
evaluation,a17c2d48f03695e2,4200,evaluation,52,69,88,1,1,0.01000000,0.01000000,2.754603920039e-4
evaluation,a17c2d48f03695e2,4200,evaluation,53,70,87,0,1,-0.02000000,-0.02000000,-3.017342241947e-4
evaluation,a17c2d48f03695e2,4200,evaluation,53,70,87,1,0,-0.01000000,0.00000000,-1.447908580303e-4
evaluation,a17c2d48f03695e2,4200,evaluation,54,71,86,0,1,0.01000000,-0.02000000,1.032985746861e-4
evaluation,a17c2d48f03695e2,4200,evaluation,54,71,86,1,0,0.00500000,0.00000000,5.229935050011e-5
evaluation,a17c2d48f03695e2,4200,evaluation,55,72,85,0,0,-0.02000000,0.00000000,5.263611674309e-4
evaluation,a17c2d48f03695e2,4200,evaluation,55,72,85,1,1,-0.01000000,-0.02000000,2.714022994041e-4
evaluation,a17c2d48f03695e2,4200,evaluation,56,73,84,0,0,-0.02000000,0.00000000,2.592417004053e-4
evaluation,a17c2d48f03695e2,4200,evaluation,56,73,84,1,1,-0.01000000,-0.02000000,1.309644430876e-4
evaluation,a17c2d48f03695e2,4200,evaluation,57,74,83,0,0,0.02000000,0.00000000,2.139576972695e-4
evaluation,a17c2d48f03695e2,4200,evaluation,57,74,83,1,1,0.01000000,-0.02000000,1.080439760699e-4
evaluation,a17c2d48f03695e2,4200,evaluation,58,75,82,0,1,-0.02000000,-0.02000000,3.866025654133e-4
evaluation,a17c2d48f03695e2,4200,evaluation,58,75,82,1,0,-0.01000000,0.00000000,1.965823321370e-4
evaluation,a17c2d48f03695e2,4200,evaluation,59,76,81,0,1,-0.02000000,-0.02000000,2.603381872177e-4
evaluation,a17c2d48f03695e2,4200,evaluation,59,76,81,1,0,-0.01000000,0.00000000,1.312612293987e-4
evaluation,a17c2d48f03695e2,4200,evaluation,60,77,80,0,0,-0.02000000,0.00000000,2.315926103620e-4
evaluation,a17c2d48f03695e2,4200,evaluation,60,77,80,1,1,-0.01000000,-0.02000000,1.165705398307e-4
evaluation,a17c2d48f03695e2,4200,evaluation,61,78,79,0,0,-0.02000000,-0.02000000,-1.818612217903e-4
evaluation,a17c2d48f03695e2,4200,evaluation,61,78,79,1,1,-0.01000000,-0.01000000,-2.740013042057e-5
evaluation,3bc9704ea251d68f,600,development,1,108,106,0,0,0.02000000,-0.02000000,1.645361335250e-4
evaluation,3bc9704ea251d68f,600,development,1,108,106,1,1,0.01000000,-0.01000000,8.348127448699e-5
evaluation,3bc9704ea251d68f,600,development,2,109,105,0,0,-0.02000000,-0.02000000,-2.778706548270e-4
evaluation,3bc9704ea251d68f,600,development,2,109,105,1,1,-0.01000000,-0.01000000,-1.357061119052e-4
evaluation,3bc9704ea251d68f,600,development,3,110,104,0,1,-0.02000000,0.01000000,-7.056072354317e-5
evaluation,3bc9704ea251d68f,600,development,3,110,104,1,0,-0.01000000,0.02000000,7.467096293112e-5
evaluation,3bc9704ea251d68f,600,development,4,111,103,0,1,0.00000000,-0.02000000,0.000000000000e0
evaluation,3bc9704ea251d68f,600,development,4,111,103,1,0,-0.02000000,0.00000000,0.000000000000e0
evaluation,3bc9704ea251d68f,600,development,5,112,102,0,0,0.02000000,0.02000000,2.210947423009e-4
evaluation,3bc9704ea251d68f,600,development,5,112,102,1,1,0.01000000,0.01000000,1.136964783655e-4
evaluation,3bc9704ea251d68f,600,development,6,113,101,0,1,-0.02000000,0.01000000,9.480863809586e-7
evaluation,3bc9704ea251d68f,600,development,6,113,101,1,0,-0.01000000,0.02000000,-9.654400491854e-5
evaluation,3bc9704ea251d68f,600,development,7,114,100,0,0,-0.02000000,-0.02000000,3.701820969582e-4
evaluation,3bc9704ea251d68f,600,development,7,114,100,1,1,-0.01000000,-0.01000000,1.861130149337e-4
evaluation,3bc9704ea251d68f,600,development,8,115,99,0,0,0.00000000,0.00000000,0.000000000000e0
evaluation,3bc9704ea251d68f,600,development,8,115,99,1,1,-0.02000000,-0.02000000,0.000000000000e0
evaluation,3bc9704ea251d68f,600,development,9,116,98,0,1,0.02000000,0.01000000,2.001666725846e-4
evaluation,3bc9704ea251d68f,600,development,9,116,98,1,0,0.01000000,0.02000000,1.019009723677e-4
evaluation,3bc9704ea251d68f,600,development,10,117,97,0,1,-0.02000000,0.01000000,-1.986511051655e-5
evaluation,3bc9704ea251d68f,600,development,10,117,97,1,0,-0.01000000,0.02000000,-5.618110299110e-5
evaluation,3bc9704ea251d68f,600,development,11,118,96,0,0,-0.02000000,-0.02000000,5.057559465058e-4
evaluation,3bc9704ea251d68f,600,development,11,118,96,1,1,-0.01000000,-0.01000000,2.551451325417e-4
evaluation,3bc9704ea251d68f,600,development,12,119,95,0,1,0.00000000,-0.02000000,0.000000000000e0
evaluation,3bc9704ea251d68f,600,development,12,119,95,1,0,-0.02000000,0.00000000,0.000000000000e0
evaluation,3bc9704ea251d68f,600,development,13,120,94,0,1,-0.02000000,0.00500000,4.754178225994e-4
evaluation,3bc9704ea251d68f,600,development,13,120,94,1,0,-0.01000000,0.01000000,1.184009015560e-4
evaluation,3bc9704ea251d68f,600,development,14,121,93,0,0,0.02000000,-0.02000000,5.291346460581e-4
evaluation,3bc9704ea251d68f,600,development,14,121,93,1,1,0.01000000,-0.01000000,2.799177018460e-4
evaluation,3bc9704ea251d68f,600,development,15,122,92,0,0,0.01000000,0.02000000,3.943002375308e-4
evaluation,3bc9704ea251d68f,600,development,15,122,92,1,1,0.02000000,0.01000000,2.611714007799e-4
evaluation,3bc9704ea251d68f,600,development,16,0,91,0,1,0.02000000,-0.02000000,4.598684608936e-5
evaluation,3bc9704ea251d68f,600,development,16,0,91,1,0,0.01000000,0.00000000,2.961978316307e-5
evaluation,3bc9704ea251d68f,600,development,17,1,90,0,0,0.02000000,0.02000000,2.910116163548e-4
evaluation,3bc9704ea251d68f,600,development,17,1,90,1,1,0.01000000,0.01000000,1.578001974849e-4
evaluation,3bc9704ea251d68f,600,development,18,2,89,0,0,-0.02000000,-0.02000000,2.198498696089e-4
evaluation,3bc9704ea251d68f,600,development,18,2,89,1,1,-0.01000000,-0.01000000,1.227290631505e-4
evaluation,3bc9704ea251d68f,600,development,19,3,88,0,0,0.02000000,0.02000000,2.684835344553e-4
evaluation,3bc9704ea251d68f,600,development,19,3,88,1,1,0.01000000,0.01000000,1.274241803912e-4
evaluation,3bc9704ea251d68f,600,development,20,4,87,0,1,-0.02000000,-0.02000000,-5.821448939969e-5
evaluation,3bc9704ea251d68f,600,development,20,4,87,1,0,-0.01000000,0.00000000,-2.698972821236e-5
evaluation,3bc9704ea251d68f,600,development,21,5,86,0,0,0.02000000,0.00000000,1.052021980286e-4
evaluation,3bc9704ea251d68f,600,development,21,5,86,1,1,0.01000000,-0.02000000,5.637792128255e-5
evaluation,3bc9704ea251d68f,600,development,22,6,85,0,0,0.02000000,0.00000000,-2.858104744519e-5
evaluation,3bc9704ea251d68f,600,development,22,6,85,1,1,0.01000000,-0.02000000,-2.654703894223e-5
evaluation,3bc9704ea251d68f,600,development,23,7,84,0,1,0.00000000,-0.02000000,0.000000000000e0
evaluation,3bc9704ea251d68f,600,development,23,7,84,1,0,-0.00500000,0.00000000,-1.009181141853e-5
evaluation,3bc9704ea251d68f,600,development,24,8,83,0,0,0.02000000,0.00000000,-1.034761498886e-5
evaluation,3bc9704ea251d68f,600,development,24,8,83,1,1,0.01000000,-0.02000000,-1.217486988025e-5
evaluation,3bc9704ea251d68f,600,development,25,9,82,0,0,0.00000000,0.00000000,0.000000000000e0
evaluation,3bc9704ea251d68f,600,development,25,9,82,1,1,0.00500000,-0.02000000,-2.312039396202e-5
evaluation,3bc9704ea251d68f,600,development,26,10,81,0,0,0.02000000,0.00000000,1.493276358815e-4
evaluation,3bc9704ea251d68f,600,development,26,10,81,1,1,0.01000000,-0.02000000,9.248281276086e-5
evaluation,3bc9704ea251d68f,600,development,27,11,80,0,1,0.02000000,-0.02000000,6.235018372536e-5
evaluation,3bc9704ea251d68f,600,development,27,11,80,1,0,0.01000000,0.00000000,4.205976802041e-5
evaluation,3bc9704ea251d68f,600,development,28,12,79,0,0,-0.02000000,0.02000000,1.147271468653e-4
evaluation,3bc9704ea251d68f,600,development,28,12,79,1,1,-0.01000000,0.01000000,5.699507892132e-5
evaluation,3bc9704ea251d68f,600,development,29,13,78,0,0,-0.02000000,0.02000000,3.127871605102e-4
evaluation,3bc9704ea251d68f,600,development,29,13,78,1,1,-0.01000000,0.01000000,1.595107169123e-4
evaluation,3bc9704ea251d68f,600,development,30,14,77,0,0,-0.02000000,-0.02000000,-1.734476536512e-4
evaluation,3bc9704ea251d68f,600,development,30,14,77,1,1,-0.01000000,-0.01000000,-5.204230546951e-5
evaluation,3bc9704ea251d68f,600,development,31,15,76,0,0,0.02000000,-0.02000000,8.552832150599e-5
evaluation,3bc9704ea251d68f,600,development,31,15,76,1,1,0.01000000,-0.01000000,5.271223562886e-5
evaluation,3bc9704ea251d68f,600,development,32,16,75,0,0,0.02000000,-0.02000000,-3.184601664543e-4
evaluation,3bc9704ea251d68f,600,development,32,16,75,1,1,0.01000000,-0.01000000,-1.046229153872e-4
evaluation,3bc9704ea251d68f,600,development,33,17,74,0,1,-0.02000000,0.01000000,-2.226668038929e-5
evaluation,3bc9704ea251d68f,600,development,33,17,74,1,0,-0.01000000,0.02000000,-2.911686897278e-5
evaluation,3bc9704ea251d68f,600,development,34,18,73,0,1,0.02000000,-0.01000000,-2.212058752775e-4
evaluation,3bc9704ea251d68f,600,development,34,18,73,1,0,0.01000000,-0.02000000,-8.202219760278e-5
evaluation,3bc9704ea251d68f,600,development,35,19,72,0,1,0.02000000,-0.01000000,2.164412289858e-4
evaluation,3bc9704ea251d68f,600,development,35,19,72,1,0,0.01000000,-0.02000000,2.089862973662e-4
evaluation,3bc9704ea251d68f,600,development,36,20,71,0,0,0.02000000,0.02000000,2.547390758991e-4
evaluation,3bc9704ea251d68f,600,development,36,20,71,1,1,0.01000000,0.01000000,1.252597867278e-4
evaluation,3bc9704ea251d68f,600,development,37,21,70,0,1,0.02000000,0.01000000,-7.157325744629e-4
evaluation,3bc9704ea251d68f,600,development,37,21,70,1,0,0.01000000,0.02000000,-3.298334777355e-4
evaluation,3bc9704ea251d68f,600,development,38,22,69,0,1,0.02000000,-0.01000000,6.714773917338e-5
evaluation,3bc9704ea251d68f,600,development,38,22,69,1,0,0.01000000,-0.02000000,8.308825636050e-5
evaluation,3bc9704ea251d68f,600,development,39,23,68,0,1,-0.01000000,-0.01000000,-3.100807589362e-5
evaluation,3bc9704ea251d68f,600,development,39,23,68,1,0,-0.00500000,-0.02000000,1.784414052963e-6
evaluation,3bc9704ea251d68f,600,development,40,24,67,0,0,0.02000000,-0.02000000,1.401305198669e-4
evaluation,3bc9704ea251d68f,600,development,40,24,67,1,1,0.01000000,-0.01000000,7.021365308901e-5
evaluation,3bc9704ea251d68f,600,development,41,25,66,0,0,-0.02000000,0.02000000,-5.602464079857e-5
evaluation,3bc9704ea251d68f,600,development,41,25,66,1,1,-0.01000000,0.01000000,-2.781612238323e-5
evaluation,3bc9704ea251d68f,600,development,42,26,65,0,1,-0.02000000,-0.01000000,-2.118820884789e-5
evaluation,3bc9704ea251d68f,600,development,42,26,65,1,0,-0.01000000,-0.02000000,-1.698608139122e-5
evaluation,3bc9704ea251d68f,600,development,43,27,64,0,1,0.02000000,-0.01000000,1.050910577760e-4
evaluation,3bc9704ea251d68f,600,development,43,27,64,1,0,0.01000000,-0.02000000,1.006194725051e-4
evaluation,3bc9704ea251d68f,600,development,44,28,63,0,0,0.02000000,0.02000000,8.439023986284e-6
evaluation,3bc9704ea251d68f,600,development,44,28,63,1,1,0.01000000,0.01000000,4.701937086793e-6
evaluation,3bc9704ea251d68f,600,development,45,29,62,0,0,0.02000000,-0.02000000,1.985915005207e-4
evaluation,3bc9704ea251d68f,600,development,45,29,62,1,1,0.01000000,-0.01000000,9.939757728716e-5
evaluation,3bc9704ea251d68f,600,development,46,30,61,0,0,-0.02000000,0.02000000,2.054199576378e-4
evaluation,3bc9704ea251d68f,600,development,46,30,61,1,1,-0.01000000,0.01000000,1.028664410114e-4
evaluation,3bc9704ea251d68f,600,development,47,31,60,0,1,0.02000000,0.01000000,1.859913209046e-5
evaluation,3bc9704ea251d68f,600,development,47,31,60,1,0,0.01000000,0.02000000,5.907006561756e-5
evaluation,3bc9704ea251d68f,600,development,48,32,59,0,1,-0.02000000,0.01000000,1.901195646496e-4
evaluation,3bc9704ea251d68f,600,development,48,32,59,1,0,-0.01000000,0.02000000,1.721791923046e-4
evaluation,3bc9704ea251d68f,600,development,49,33,58,0,0,-0.02000000,-0.02000000,-1.449895353289e-4
evaluation,3bc9704ea251d68f,600,development,49,33,58,1,1,-0.01000000,-0.01000000,-6.998950993875e-5
evaluation,3bc9704ea251d68f,600,development,50,34,57,0,1,0.02000000,-0.01000000,-5.301460623741e-5
evaluation,3bc9704ea251d68f,600,development,50,34,57,1,0,0.01000000,-0.02000000,-5.952889841865e-5
evaluation,3bc9704ea251d68f,600,development,51,35,56,0,1,-0.02000000,0.01000000,1.346810458926e-4
evaluation,3bc9704ea251d68f,600,development,51,35,56,1,0,-0.01000000,0.02000000,1.872573047876e-4
evaluation,3bc9704ea251d68f,600,development,52,36,55,0,0,-0.02000000,0.00000000,4.042809086968e-5
evaluation,3bc9704ea251d68f,600,development,52,36,55,1,1,-0.01000000,-0.02000000,2.341158688068e-5
evaluation,3bc9704ea251d68f,600,development,53,37,54,0,0,-0.02000000,0.00000000,1.351498067379e-4
evaluation,3bc9704ea251d68f,600,development,53,37,54,1,1,-0.01000000,-0.02000000,7.261460268637e-5
evaluation,3bc9704ea251d68f,600,development,54,38,53,0,0,0.02000000,0.00000000,5.358085036278e-5
evaluation,3bc9704ea251d68f,600,development,54,38,53,1,1,0.01000000,-0.02000000,2.681277692318e-5
evaluation,3bc9704ea251d68f,600,development,55,39,52,0,0,-0.02000000,0.00000000,-1.994396188820e-5
evaluation,3bc9704ea251d68f,600,development,55,39,52,1,1,-0.01000000,-0.02000000,-6.283944003371e-6
evaluation,3bc9704ea251d68f,600,development,56,40,51,0,1,0.00000000,-0.02000000,0.000000000000e0
evaluation,3bc9704ea251d68f,600,development,56,40,51,1,0,-0.02000000,0.00000000,0.000000000000e0
evaluation,3bc9704ea251d68f,600,development,57,41,50,0,0,0.00000000,0.00000000,0.000000000000e0
evaluation,3bc9704ea251d68f,600,development,57,41,50,1,1,-0.02000000,-0.02000000,0.000000000000e0
evaluation,3bc9704ea251d68f,600,development,58,42,49,0,1,0.02000000,-0.02000000,3.516736251186e-5
evaluation,3bc9704ea251d68f,600,development,58,42,49,1,0,0.01000000,0.00000000,1.514082123322e-5
evaluation,3bc9704ea251d68f,600,development,59,43,48,0,0,0.00000000,0.00000000,0.000000000000e0
evaluation,3bc9704ea251d68f,600,development,59,43,48,1,1,-0.02000000,-0.02000000,0.000000000000e0
evaluation,3bc9704ea251d68f,600,development,60,44,47,0,1,0.00000000,0.01000000,5.929420581197e-7
evaluation,3bc9704ea251d68f,600,development,60,44,47,1,0,-0.02000000,0.02000000,1.185263158732e-6
evaluation,3bc9704ea251d68f,600,development,61,45,46,0,1,0.00000000,-0.02000000,0.000000000000e0
evaluation,3bc9704ea251d68f,600,development,61,45,46,1,0,-0.02000000,0.00000000,0.000000000000e0
evaluation,3bc9704ea251d68f,600,evaluation,1,108,106,0,1,0.02000000,-0.01000000,1.643374562263e-4
evaluation,3bc9704ea251d68f,600,evaluation,1,108,106,1,0,0.01000000,-0.02000000,8.367995178560e-5
evaluation,3bc9704ea251d68f,600,evaluation,2,109,105,0,1,-0.02000000,-0.01000000,-2.091067581205e-4
evaluation,3bc9704ea251d68f,600,evaluation,2,109,105,1,0,-0.01000000,-0.02000000,-2.028743474511e-4
evaluation,3bc9704ea251d68f,600,evaluation,3,110,104,0,0,-0.02000000,0.02000000,2.246350049973e-6
evaluation,3bc9704ea251d68f,600,evaluation,3,110,104,1,1,-0.01000000,0.01000000,3.139178033962e-6
evaluation,3bc9704ea251d68f,600,evaluation,4,111,103,0,0,0.00000000,0.00000000,0.000000000000e0
evaluation,3bc9704ea251d68f,600,evaluation,4,111,103,1,1,-0.02000000,-0.02000000,0.000000000000e0
evaluation,3bc9704ea251d68f,600,evaluation,5,112,102,0,1,0.02000000,0.01000000,2.146282495232e-4
evaluation,3bc9704ea251d68f,600,evaluation,5,112,102,1,0,0.01000000,0.02000000,1.195296645164e-4
evaluation,3bc9704ea251d68f,600,evaluation,6,113,101,0,0,-0.02000000,0.02000000,-6.602518260479e-5
evaluation,3bc9704ea251d68f,600,evaluation,6,113,101,1,1,-0.01000000,0.01000000,-3.045611083508e-5
evaluation,3bc9704ea251d68f,600,evaluation,7,114,100,0,1,-0.02000000,-0.01000000,1.862607896328e-4
evaluation,3bc9704ea251d68f,600,evaluation,7,114,100,1,0,-0.01000000,-0.02000000,3.700343368109e-4
evaluation,3bc9704ea251d68f,600,evaluation,8,115,99,0,1,0.00000000,-0.02000000,0.000000000000e0
evaluation,3bc9704ea251d68f,600,evaluation,8,115,99,1,0,-0.02000000,0.00000000,0.000000000000e0
evaluation,3bc9704ea251d68f,600,evaluation,9,116,98,0,0,0.02000000,0.02000000,2.005137503147e-4
evaluation,3bc9704ea251d68f,600,evaluation,9,116,98,1,1,0.01000000,0.01000000,1.015538946376e-4
evaluation,3bc9704ea251d68f,600,evaluation,10,117,97,0,0,-0.02000000,0.02000000,-5.305993181537e-5
evaluation,3bc9704ea251d68f,600,evaluation,10,117,97,1,1,-0.01000000,0.01000000,-2.387414315308e-5
evaluation,3bc9704ea251d68f,600,evaluation,11,118,96,0,1,-0.02000000,-0.01000000,3.306964936201e-4
evaluation,3bc9704ea251d68f,600,evaluation,11,118,96,1,0,-0.01000000,-0.02000000,4.295576363802e-4
evaluation,3bc9704ea251d68f,600,evaluation,12,119,95,0,0,0.00000000,0.00000000,0.000000000000e0
evaluation,3bc9704ea251d68f,600,evaluation,12,119,95,1,1,-0.02000000,-0.02000000,0.000000000000e0
evaluation,3bc9704ea251d68f,600,evaluation,13,120,94,0,0,-0.02000000,0.01000000,3.975729050580e-4
evaluation,3bc9704ea251d68f,600,evaluation,13,120,94,1,1,-0.01000000,0.00500000,2.053019852610e-4
evaluation,3bc9704ea251d68f,600,evaluation,14,121,93,0,1,0.02000000,-0.01000000,4.652148636524e-4
evaluation,3bc9704ea251d68f,600,evaluation,14,121,93,1,0,0.01000000,-0.02000000,3.478346916381e-4
evaluation,3bc9704ea251d68f,600,evaluation,15,122,92,0,1,0.01000000,0.01000000,2.342921943637e-4
evaluation,3bc9704ea251d68f,600,evaluation,15,122,92,1,0,0.02000000,0.02000000,4.075510951225e-4
evaluation,3bc9704ea251d68f,600,evaluation,16,0,91,0,0,0.02000000,0.00000000,4.598684608936e-5
evaluation,3bc9704ea251d68f,600,evaluation,16,0,91,1,1,0.01000000,-0.02000000,2.961978316307e-5
evaluation,3bc9704ea251d68f,600,evaluation,17,1,90,0,1,0.02000000,0.01000000,2.732531575020e-4
evaluation,3bc9704ea251d68f,600,evaluation,17,1,90,1,0,0.01000000,0.02000000,1.755586563377e-4
evaluation,3bc9704ea251d68f,600,evaluation,18,2,89,0,1,-0.02000000,-0.01000000,9.636022150517e-5
evaluation,3bc9704ea251d68f,600,evaluation,18,2,89,1,0,-0.01000000,-0.02000000,2.462193369865e-4
evaluation,3bc9704ea251d68f,600,evaluation,19,3,88,0,1,0.02000000,0.01000000,1.223782746820e-4
evaluation,3bc9704ea251d68f,600,evaluation,19,3,88,1,0,0.01000000,0.02000000,2.734617737588e-4
evaluation,3bc9704ea251d68f,600,evaluation,20,4,87,0,0,-0.02000000,0.00000000,-5.821448939969e-5
evaluation,3bc9704ea251d68f,600,evaluation,20,4,87,1,1,-0.01000000,-0.02000000,-2.698972821236e-5
evaluation,3bc9704ea251d68f,600,evaluation,21,5,86,0,1,0.02000000,-0.02000000,1.052021980286e-4
evaluation,3bc9704ea251d68f,600,evaluation,21,5,86,1,0,0.01000000,0.00000000,5.637792128255e-5
evaluation,3bc9704ea251d68f,600,evaluation,22,6,85,0,1,0.02000000,-0.02000000,-2.858104744519e-5
evaluation,3bc9704ea251d68f,600,evaluation,22,6,85,1,0,0.01000000,0.00000000,-2.654703894223e-5
evaluation,3bc9704ea251d68f,600,evaluation,23,7,84,0,0,0.00000000,0.00000000,0.000000000000e0
evaluation,3bc9704ea251d68f,600,evaluation,23,7,84,1,1,-0.00500000,-0.02000000,-1.009181141853e-5
evaluation,3bc9704ea251d68f,600,evaluation,24,8,83,0,1,0.02000000,-0.02000000,-1.034761498886e-5
evaluation,3bc9704ea251d68f,600,evaluation,24,8,83,1,0,0.01000000,0.00000000,-1.217486988025e-5
evaluation,3bc9704ea251d68f,600,evaluation,25,9,82,0,1,0.00000000,-0.02000000,0.000000000000e0
evaluation,3bc9704ea251d68f,600,evaluation,25,9,82,1,0,0.00500000,0.00000000,-2.312039396202e-5
evaluation,3bc9704ea251d68f,600,evaluation,26,10,81,0,1,0.02000000,-0.02000000,1.493276358815e-4
evaluation,3bc9704ea251d68f,600,evaluation,26,10,81,1,0,0.01000000,0.00000000,9.248281276086e-5
evaluation,3bc9704ea251d68f,600,evaluation,27,11,80,0,0,0.02000000,0.00000000,6.235018372536e-5
evaluation,3bc9704ea251d68f,600,evaluation,27,11,80,1,1,0.01000000,-0.02000000,4.205976802041e-5
evaluation,3bc9704ea251d68f,600,evaluation,28,12,79,0,1,-0.02000000,0.01000000,8.068233728409e-5
evaluation,3bc9704ea251d68f,600,evaluation,28,12,79,1,0,-0.01000000,0.02000000,9.104175114771e-5
evaluation,3bc9704ea251d68f,600,evaluation,29,13,78,0,1,-0.02000000,0.01000000,2.641913888510e-4
evaluation,3bc9704ea251d68f,600,evaluation,29,13,78,1,0,-0.01000000,0.02000000,2.063047140837e-4
evaluation,3bc9704ea251d68f,600,evaluation,30,14,77,0,1,-0.02000000,-0.01000000,-2.264318318339e-4
evaluation,3bc9704ea251d68f,600,evaluation,30,14,77,1,0,-0.01000000,-0.02000000,1.221274374075e-6
evaluation,3bc9704ea251d68f,600,evaluation,31,15,76,0,1,0.02000000,-0.01000000,6.684536492685e-5
evaluation,3bc9704ea251d68f,600,evaluation,31,15,76,1,0,0.01000000,-0.02000000,6.501190364361e-5
evaluation,3bc9704ea251d68f,600,evaluation,32,16,75,0,1,0.02000000,-0.01000000,-3.270407614764e-4
evaluation,3bc9704ea251d68f,600,evaluation,32,16,75,1,0,0.01000000,-0.02000000,-9.465528273722e-5
evaluation,3bc9704ea251d68f,600,evaluation,33,17,74,0,0,-0.02000000,0.02000000,-3.705670314957e-5
evaluation,3bc9704ea251d68f,600,evaluation,33,17,74,1,1,-0.01000000,0.01000000,-1.432684530300e-5
evaluation,3bc9704ea251d68f,600,evaluation,34,18,73,0,0,0.02000000,-0.02000000,-2.135559916496e-4
evaluation,3bc9704ea251d68f,600,evaluation,34,18,73,1,1,0.01000000,-0.01000000,-8.965221786639e-5
evaluation,3bc9704ea251d68f,600,evaluation,35,19,72,0,0,0.02000000,-0.02000000,2.798239293043e-4
evaluation,3bc9704ea251d68f,600,evaluation,35,19,72,1,1,0.01000000,-0.01000000,1.467491238145e-4
evaluation,3bc9704ea251d68f,600,evaluation,36,20,71,0,1,0.02000000,0.01000000,2.581228909548e-4
evaluation,3bc9704ea251d68f,600,evaluation,36,20,71,1,0,0.01000000,0.02000000,1.216518357978e-4
evaluation,3bc9704ea251d68f,600,evaluation,37,21,70,0,0,0.02000000,0.02000000,-7.100533694029e-4
evaluation,3bc9704ea251d68f,600,evaluation,37,21,70,1,1,0.01000000,0.01000000,-3.355126827955e-4
evaluation,3bc9704ea251d68f,600,evaluation,38,22,69,0,0,0.02000000,-0.02000000,9.928084909916e-5
evaluation,3bc9704ea251d68f,600,evaluation,38,22,69,1,1,0.01000000,-0.01000000,5.095514279674e-5
evaluation,3bc9704ea251d68f,600,evaluation,39,23,68,0,0,-0.01000000,-0.02000000,-2.456704714859e-5
evaluation,3bc9704ea251d68f,600,evaluation,39,23,68,1,1,-0.00500000,-0.01000000,-4.770854957314e-6
evaluation,3bc9704ea251d68f,600,evaluation,40,24,67,0,1,0.02000000,-0.01000000,1.302044838667e-4
evaluation,3bc9704ea251d68f,600,evaluation,40,24,67,1,0,0.01000000,-0.02000000,8.017694199225e-5
evaluation,3bc9704ea251d68f,600,evaluation,41,25,66,0,1,-0.02000000,0.01000000,-4.181576150586e-5
evaluation,3bc9704ea251d68f,600,evaluation,41,25,66,1,0,-0.01000000,0.02000000,-4.202251511742e-5
evaluation,3bc9704ea251d68f,600,evaluation,42,26,65,0,0,-0.02000000,-0.02000000,-2.822714486683e-5
evaluation,3bc9704ea251d68f,600,evaluation,42,26,65,1,1,-0.01000000,-0.01000000,-9.947146281775e-6
evaluation,3bc9704ea251d68f,600,evaluation,43,27,64,0,0,0.02000000,-0.02000000,1.369186938973e-4
evaluation,3bc9704ea251d68f,600,evaluation,43,27,64,1,1,0.01000000,-0.01000000,6.875085091451e-5
evaluation,3bc9704ea251d68f,600,evaluation,44,28,63,0,1,0.02000000,0.01000000,3.053185719182e-5
evaluation,3bc9704ea251d68f,600,evaluation,44,28,63,1,0,0.01000000,0.02000000,-1.717917621136e-5
evaluation,3bc9704ea251d68f,600,evaluation,45,29,62,0,1,0.02000000,-0.01000000,1.547578722239e-4
evaluation,3bc9704ea251d68f,600,evaluation,45,29,62,1,0,0.01000000,-0.02000000,1.432311983081e-4
evaluation,3bc9704ea251d68f,600,evaluation,46,30,61,0,1,-0.02000000,0.01000000,1.365511416225e-4
evaluation,3bc9704ea251d68f,600,evaluation,46,30,61,1,0,-0.01000000,0.02000000,1.717352570267e-4
evaluation,3bc9704ea251d68f,600,evaluation,47,31,60,0,0,0.02000000,0.02000000,5.128234624863e-5
evaluation,3bc9704ea251d68f,600,evaluation,47,31,60,1,1,0.01000000,0.01000000,2.616395613586e-5
evaluation,3bc9704ea251d68f,600,evaluation,48,32,59,0,0,-0.02000000,0.02000000,2.376840711804e-4
evaluation,3bc9704ea251d68f,600,evaluation,48,32,59,1,1,-0.01000000,0.01000000,1.244588493137e-4
evaluation,3bc9704ea251d68f,600,evaluation,49,33,58,0,1,-0.02000000,-0.01000000,-7.063522934914e-5
evaluation,3bc9704ea251d68f,600,evaluation,49,33,58,1,0,-0.01000000,-0.02000000,-1.443463115720e-4
evaluation,3bc9704ea251d68f,600,evaluation,50,34,57,0,0,0.02000000,-0.02000000,-7.573328912258e-5
evaluation,3bc9704ea251d68f,600,evaluation,50,34,57,1,1,0.01000000,-0.01000000,-3.681145608425e-5
evaluation,3bc9704ea251d68f,600,evaluation,51,35,56,0,0,-0.02000000,0.02000000,2.112245856551e-4
evaluation,3bc9704ea251d68f,600,evaluation,51,35,56,1,1,-0.01000000,0.01000000,1.105535775423e-4
evaluation,3bc9704ea251d68f,600,evaluation,52,36,55,0,1,-0.02000000,-0.02000000,4.042809086968e-5
evaluation,3bc9704ea251d68f,600,evaluation,52,36,55,1,0,-0.01000000,0.00000000,2.341158688068e-5
evaluation,3bc9704ea251d68f,600,evaluation,53,37,54,0,1,-0.02000000,-0.02000000,1.351498067379e-4
evaluation,3bc9704ea251d68f,600,evaluation,53,37,54,1,0,-0.01000000,0.00000000,7.261460268637e-5
evaluation,3bc9704ea251d68f,600,evaluation,54,38,53,0,1,0.02000000,-0.02000000,5.358085036278e-5
evaluation,3bc9704ea251d68f,600,evaluation,54,38,53,1,0,0.01000000,0.00000000,2.681277692318e-5
evaluation,3bc9704ea251d68f,600,evaluation,55,39,52,0,1,-0.02000000,-0.02000000,-1.994396188820e-5
evaluation,3bc9704ea251d68f,600,evaluation,55,39,52,1,0,-0.01000000,0.00000000,-6.283944003371e-6
evaluation,3bc9704ea251d68f,600,evaluation,56,40,51,0,0,0.00000000,0.00000000,0.000000000000e0
evaluation,3bc9704ea251d68f,600,evaluation,56,40,51,1,1,-0.02000000,-0.02000000,0.000000000000e0
evaluation,3bc9704ea251d68f,600,evaluation,57,41,50,0,1,0.00000000,-0.02000000,0.000000000000e0
evaluation,3bc9704ea251d68f,600,evaluation,57,41,50,1,0,-0.02000000,0.00000000,0.000000000000e0
evaluation,3bc9704ea251d68f,600,evaluation,58,42,49,0,0,0.02000000,0.00000000,3.516736251186e-5
evaluation,3bc9704ea251d68f,600,evaluation,58,42,49,1,1,0.01000000,-0.02000000,1.514082123322e-5
evaluation,3bc9704ea251d68f,600,evaluation,59,43,48,0,1,0.00000000,-0.02000000,0.000000000000e0
evaluation,3bc9704ea251d68f,600,evaluation,59,43,48,1,0,-0.02000000,0.00000000,0.000000000000e0
evaluation,3bc9704ea251d68f,600,evaluation,60,44,47,0,0,0.00000000,0.02000000,1.185263158732e-6
evaluation,3bc9704ea251d68f,600,evaluation,60,44,47,1,1,-0.02000000,0.01000000,5.929420581197e-7
evaluation,3bc9704ea251d68f,600,evaluation,61,45,46,0,0,0.00000000,0.00000000,0.000000000000e0
evaluation,3bc9704ea251d68f,600,evaluation,61,45,46,1,1,-0.02000000,-0.02000000,0.000000000000e0
evaluation,3bc9704ea251d68f,2400,development,1,63,61,0,1,-0.02000000,0.01000000,-4.341757448856e-4
evaluation,3bc9704ea251d68f,2400,development,1,63,61,1,0,-0.01000000,0.02000000,2.057310193777e-4
evaluation,3bc9704ea251d68f,2400,development,2,64,60,0,1,-0.02000000,-0.01000000,-8.772438013693e-5
evaluation,3bc9704ea251d68f,2400,development,2,64,60,1,0,-0.01000000,-0.02000000,-1.696503459243e-4
evaluation,3bc9704ea251d68f,2400,development,3,65,59,0,1,0.02000000,-0.01000000,-1.264053116756e-5
evaluation,3bc9704ea251d68f,2400,development,3,65,59,1,0,0.01000000,-0.02000000,-9.146208321908e-5
evaluation,3bc9704ea251d68f,2400,development,4,66,58,0,1,0.02000000,-0.01000000,1.459022314521e-4
evaluation,3bc9704ea251d68f,2400,development,4,66,58,1,0,0.01000000,-0.02000000,1.723549066810e-4
evaluation,3bc9704ea251d68f,2400,development,5,67,57,0,1,0.02000000,-0.01000000,7.297223055502e-5
evaluation,3bc9704ea251d68f,2400,development,5,67,57,1,0,0.01000000,-0.02000000,2.558405140007e-5
evaluation,3bc9704ea251d68f,2400,development,6,68,56,0,0,0.02000000,0.02000000,8.398282225244e-4
evaluation,3bc9704ea251d68f,2400,development,6,68,56,1,1,0.01000000,0.01000000,4.241019487381e-4
evaluation,3bc9704ea251d68f,2400,development,7,69,55,0,1,-0.02000000,-0.02000000,-4.861503839493e-6
evaluation,3bc9704ea251d68f,2400,development,7,69,55,1,0,-0.01000000,0.00000000,-2.419576048851e-6
evaluation,3bc9704ea251d68f,2400,development,8,70,54,0,1,0.02000000,-0.02000000,-2.487078309059e-4
evaluation,3bc9704ea251d68f,2400,development,8,70,54,1,0,0.01000000,0.00000000,-1.239112316398e-4
evaluation,3bc9704ea251d68f,2400,development,9,71,53,0,1,0.02000000,-0.02000000,2.142575831385e-4
evaluation,3bc9704ea251d68f,2400,development,9,71,53,1,0,0.01000000,0.00000000,1.572680921527e-4
evaluation,3bc9704ea251d68f,2400,development,10,72,52,0,1,-0.02000000,-0.02000000,1.021321862936e-3
evaluation,3bc9704ea251d68f,2400,development,10,72,52,1,0,-0.01000000,0.00000000,5.291296984069e-4
evaluation,3bc9704ea251d68f,2400,development,11,73,51,0,0,0.02000000,0.00000000,-1.796291471692e-4
evaluation,3bc9704ea251d68f,2400,development,11,73,51,1,1,0.01000000,-0.02000000,-8.938523387769e-5
evaluation,3bc9704ea251d68f,2400,development,12,74,50,0,1,0.02000000,-0.02000000,1.060161739588e-4
evaluation,3bc9704ea251d68f,2400,development,12,74,50,1,0,0.01000000,0.00000000,6.487034261227e-5
evaluation,3bc9704ea251d68f,2400,development,13,75,49,0,0,0.02000000,0.00000000,-1.980277447728e-4
evaluation,3bc9704ea251d68f,2400,development,13,75,49,1,1,0.01000000,-0.02000000,-9.039975702763e-5
evaluation,3bc9704ea251d68f,2400,development,14,76,48,0,1,0.02000000,-0.02000000,-2.805361000355e-4
evaluation,3bc9704ea251d68f,2400,development,14,76,48,1,0,0.01000000,0.00000000,-1.268672494916e-4
evaluation,3bc9704ea251d68f,2400,development,15,77,47,0,0,-0.02000000,-0.02000000,9.045153856277e-4
evaluation,3bc9704ea251d68f,2400,development,15,77,47,1,1,-0.01000000,-0.01000000,4.787736979779e-4
evaluation,3bc9704ea251d68f,2400,development,16,78,46,0,1,-0.02000000,-0.01000000,-2.175879926654e-4
evaluation,3bc9704ea251d68f,2400,development,16,78,46,1,0,-0.01000000,-0.02000000,-1.709486095933e-4
evaluation,3bc9704ea251d68f,2400,development,17,79,45,0,0,-0.02000000,-0.02000000,8.053139899857e-4
evaluation,3bc9704ea251d68f,2400,development,17,79,45,1,1,-0.01000000,-0.01000000,5.149425123818e-4
evaluation,3bc9704ea251d68f,2400,development,18,80,44,0,1,0.00000000,0.01000000,-4.649162292480e-5
evaluation,3bc9704ea251d68f,2400,development,18,80,44,1,0,-0.02000000,0.02000000,-9.370408952236e-5
evaluation,3bc9704ea251d68f,2400,development,19,81,43,0,0,0.00000000,0.02000000,-6.817156827310e-5
evaluation,3bc9704ea251d68f,2400,development,19,81,43,1,1,-0.02000000,0.01000000,-3.393056613277e-5
evaluation,3bc9704ea251d68f,2400,development,20,82,42,0,1,0.00000000,0.01000000,8.872400030668e-6
evaluation,3bc9704ea251d68f,2400,development,20,82,42,1,0,-0.02000000,0.02000000,1.676753163338e-5
evaluation,3bc9704ea251d68f,2400,development,21,83,41,0,1,0.00000000,0.01000000,-2.521711030568e-5
evaluation,3bc9704ea251d68f,2400,development,21,83,41,1,0,-0.02000000,0.02000000,-5.047582089901e-5
evaluation,3bc9704ea251d68f,2400,development,22,84,40,0,1,0.00000000,-0.01000000,1.006753518595e-4
evaluation,3bc9704ea251d68f,2400,development,22,84,40,1,0,-0.02000000,-0.02000000,1.992912293645e-4
evaluation,3bc9704ea251d68f,2400,development,23,85,39,0,1,0.00000000,-0.01000000,1.380331814289e-4
evaluation,3bc9704ea251d68f,2400,development,23,85,39,1,0,-0.02000000,-0.02000000,2.628602087498e-4
evaluation,3bc9704ea251d68f,2400,development,24,86,38,0,0,0.00000000,-0.02000000,2.121552824974e-5
evaluation,3bc9704ea251d68f,2400,development,24,86,38,1,1,-0.02000000,-0.01000000,1.152666936832e-5
evaluation,3bc9704ea251d68f,2400,development,25,87,37,0,0,0.00000000,-0.02000000,2.136460243491e-4
evaluation,3bc9704ea251d68f,2400,development,25,87,37,1,1,-0.02000000,-0.01000000,1.073653475032e-4
evaluation,3bc9704ea251d68f,2400,development,26,88,36,0,1,-0.02000000,0.01000000,-6.522269104607e-4
evaluation,3bc9704ea251d68f,2400,development,26,88,36,1,0,-0.01000000,0.02000000,-4.243161529303e-4
evaluation,3bc9704ea251d68f,2400,development,27,89,35,0,0,0.02000000,0.02000000,-3.297962248325e-4
evaluation,3bc9704ea251d68f,2400,development,27,89,35,1,1,0.01000000,0.01000000,-1.587551087141e-4
evaluation,3bc9704ea251d68f,2400,development,28,90,34,0,0,0.02000000,0.02000000,-1.905492244987e-4
evaluation,3bc9704ea251d68f,2400,development,28,90,34,1,1,0.01000000,0.01000000,-9.037119889399e-5
evaluation,3bc9704ea251d68f,2400,development,29,91,33,0,1,0.00000000,0.01000000,-1.807510852814e-5
evaluation,3bc9704ea251d68f,2400,development,29,91,33,1,0,-0.02000000,0.02000000,-3.621168434620e-5
evaluation,3bc9704ea251d68f,2400,development,30,92,32,0,1,-0.02000000,-0.01000000,-3.220072539989e-4
evaluation,3bc9704ea251d68f,2400,development,30,92,32,1,0,-0.01000000,-0.02000000,8.943180000642e-5
evaluation,3bc9704ea251d68f,2400,development,31,93,31,0,1,0.02000000,0.01000000,4.970841109753e-4
evaluation,3bc9704ea251d68f,2400,development,31,93,31,1,0,0.01000000,0.02000000,6.019237334840e-4
evaluation,3bc9704ea251d68f,2400,development,32,94,30,0,1,0.02000000,0.01000000,-7.759698783047e-4
evaluation,3bc9704ea251d68f,2400,development,32,94,30,1,0,0.01000000,0.02000000,-3.000944852829e-4
evaluation,3bc9704ea251d68f,2400,development,33,95,29,0,0,0.00000000,0.02000000,3.698306682054e-4
evaluation,3bc9704ea251d68f,2400,development,33,95,29,1,1,-0.02000000,0.01000000,1.874156296253e-4
evaluation,3bc9704ea251d68f,2400,development,34,96,28,0,1,0.02000000,-0.01000000,-2.901212719735e-4
evaluation,3bc9704ea251d68f,2400,development,34,96,28,1,0,0.01000000,-0.02000000,-3.351022896823e-4
evaluation,3bc9704ea251d68f,2400,development,35,97,27,0,0,0.02000000,-0.02000000,-2.011321485043e-4
evaluation,3bc9704ea251d68f,2400,development,35,97,27,1,1,0.01000000,-0.01000000,-9.780004620552e-5
evaluation,3bc9704ea251d68f,2400,development,36,98,26,0,0,0.02000000,-0.02000000,8.003786206245e-5
evaluation,3bc9704ea251d68f,2400,development,36,98,26,1,1,0.01000000,-0.01000000,1.676939427853e-5
evaluation,3bc9704ea251d68f,2400,development,37,99,25,0,1,0.00000000,-0.01000000,-5.040131509304e-5
evaluation,3bc9704ea251d68f,2400,development,37,99,25,1,0,-0.02000000,-0.02000000,-1.010075211525e-4
evaluation,3bc9704ea251d68f,2400,development,38,100,24,0,1,0.02000000,0.01000000,-2.155781985493e-4
evaluation,3bc9704ea251d68f,2400,development,38,100,24,1,0,0.01000000,0.02000000,2.801492810249e-4
evaluation,3bc9704ea251d68f,2400,development,39,101,23,0,0,0.02000000,0.02000000,-1.842308207415e-3
evaluation,3bc9704ea251d68f,2400,development,39,101,23,1,1,0.01000000,0.01000000,-7.764492183924e-4
evaluation,3bc9704ea251d68f,2400,development,40,102,22,0,0,0.02000000,-0.02000000,2.290712000104e-4
evaluation,3bc9704ea251d68f,2400,development,40,102,22,1,1,0.01000000,-0.01000000,1.711715012789e-4
evaluation,3bc9704ea251d68f,2400,development,41,103,21,0,1,0.00000000,0.01000000,3.987289965153e-4
evaluation,3bc9704ea251d68f,2400,development,41,103,21,1,0,-0.02000000,0.02000000,6.264007533900e-4
evaluation,3bc9704ea251d68f,2400,development,42,104,20,0,0,-0.02000000,-0.02000000,1.345618366031e-4
evaluation,3bc9704ea251d68f,2400,development,42,104,20,1,1,-0.01000000,-0.01000000,8.098532998702e-5
evaluation,3bc9704ea251d68f,2400,development,43,105,19,0,0,-0.02000000,-0.02000000,-1.104293987737e-4
evaluation,3bc9704ea251d68f,2400,development,43,105,19,1,1,-0.01000000,-0.01000000,-5.314623194863e-5
evaluation,3bc9704ea251d68f,2400,development,44,106,18,0,0,-0.02000000,0.02000000,-1.950680016307e-4
evaluation,3bc9704ea251d68f,2400,development,44,106,18,1,1,-0.01000000,0.01000000,-5.607431012322e-5
evaluation,3bc9704ea251d68f,2400,development,45,107,17,0,1,0.00000000,-0.01000000,-4.044485467602e-5
evaluation,3bc9704ea251d68f,2400,development,45,107,17,1,0,-0.02000000,-0.02000000,-1.106715426431e-4
evaluation,3bc9704ea251d68f,2400,development,46,108,16,0,1,-0.02000000,0.01000000,5.639195442200e-4
evaluation,3bc9704ea251d68f,2400,development,46,108,16,1,0,-0.01000000,0.02000000,4.718235286418e-4
evaluation,3bc9704ea251d68f,2400,development,47,109,15,0,0,-0.02000000,-0.02000000,7.739954744466e-4
evaluation,3bc9704ea251d68f,2400,development,47,109,15,1,1,-0.01000000,-0.01000000,4.401473852340e-4
evaluation,3bc9704ea251d68f,2400,development,48,110,14,0,0,-0.02000000,0.02000000,-4.177043738309e-4
evaluation,3bc9704ea251d68f,2400,development,48,110,14,1,1,-0.01000000,0.01000000,-1.280723809032e-4
evaluation,3bc9704ea251d68f,2400,development,49,111,13,0,0,0.00000000,0.02000000,5.234467680566e-4
evaluation,3bc9704ea251d68f,2400,development,49,111,13,1,1,-0.02000000,0.01000000,2.885951253120e-4
evaluation,3bc9704ea251d68f,2400,development,50,112,12,0,0,0.02000000,-0.02000000,1.459357677959e-3
evaluation,3bc9704ea251d68f,2400,development,50,112,12,1,1,0.01000000,-0.01000000,7.399972528219e-4
evaluation,3bc9704ea251d68f,2400,development,51,113,11,0,1,0.02000000,0.01000000,4.088027926628e-4
evaluation,3bc9704ea251d68f,2400,development,51,113,11,1,0,0.01000000,0.02000000,9.131736005656e-4
evaluation,3bc9704ea251d68f,2400,development,52,114,10,0,1,0.02000000,0.01000000,3.365539014339e-4
evaluation,3bc9704ea251d68f,2400,development,52,114,10,1,0,0.01000000,0.02000000,7.206909358501e-4
evaluation,3bc9704ea251d68f,2400,development,53,115,9,0,1,0.00000000,0.01000000,-3.129430115223e-5
evaluation,3bc9704ea251d68f,2400,development,53,115,9,1,0,-0.02000000,0.02000000,-7.044151425362e-5
evaluation,3bc9704ea251d68f,2400,development,54,116,8,0,1,0.02000000,-0.01000000,5.364840035327e-4
evaluation,3bc9704ea251d68f,2400,development,54,116,8,1,0,0.01000000,-0.02000000,9.840788698057e-5
evaluation,3bc9704ea251d68f,2400,development,55,117,7,0,1,0.02000000,0.01000000,4.894348603557e-5
evaluation,3bc9704ea251d68f,2400,development,55,117,7,1,0,0.01000000,0.02000000,-1.457830239815e-5
evaluation,3bc9704ea251d68f,2400,development,56,118,6,0,0,-0.02000000,-0.02000000,4.269015043974e-4
evaluation,3bc9704ea251d68f,2400,development,56,118,6,1,1,-0.01000000,-0.01000000,2.164406032534e-4
evaluation,3bc9704ea251d68f,2400,development,57,119,5,0,1,0.00000000,0.01000000,3.100248795818e-5
evaluation,3bc9704ea251d68f,2400,development,57,119,5,1,0,-0.02000000,0.02000000,3.264161568950e-5
evaluation,3bc9704ea251d68f,2400,development,58,120,4,0,0,0.02000000,-0.02000000,-1.119126900448e-4
evaluation,3bc9704ea251d68f,2400,development,58,120,4,1,1,0.01000000,-0.01000000,-3.882497549057e-5
evaluation,3bc9704ea251d68f,2400,development,59,121,3,0,0,-0.02000000,-0.01000000,3.465531917755e-4
evaluation,3bc9704ea251d68f,2400,development,59,121,3,1,1,-0.01000000,-0.00500000,1.842348574428e-4
evaluation,3bc9704ea251d68f,2400,development,60,122,2,0,0,0.02000000,-0.02000000,2.763321099337e-4
evaluation,3bc9704ea251d68f,2400,development,60,122,2,1,1,0.01000000,-0.01000000,1.442202628823e-4
evaluation,3bc9704ea251d68f,2400,development,61,0,1,0,0,0.02000000,0.02000000,2.060396596789e-3
evaluation,3bc9704ea251d68f,2400,development,61,0,1,1,1,0.01000000,0.01000000,1.178450300358e-3
evaluation,3bc9704ea251d68f,2400,evaluation,1,63,61,0,0,-0.02000000,0.02000000,-1.565950660734e-4
evaluation,3bc9704ea251d68f,2400,evaluation,1,63,61,1,1,-0.01000000,0.01000000,-5.841006714036e-5
evaluation,3bc9704ea251d68f,2400,evaluation,2,64,60,0,0,-0.02000000,-0.02000000,-1.734836696414e-4
evaluation,3bc9704ea251d68f,2400,evaluation,2,64,60,1,1,-0.01000000,-0.01000000,-8.369112765649e-5
evaluation,3bc9704ea251d68f,2400,evaluation,3,65,59,0,0,0.02000000,-0.02000000,-7.036203896860e-5
evaluation,3bc9704ea251d68f,2400,evaluation,3,65,59,1,1,0.01000000,-0.01000000,-3.381011265446e-5
evaluation,3bc9704ea251d68f,2400,evaluation,4,66,58,0,0,0.02000000,-0.02000000,2.058607788058e-4
evaluation,3bc9704ea251d68f,2400,evaluation,4,66,58,1,1,0.01000000,-0.01000000,1.103741451516e-4
evaluation,3bc9704ea251d68f,2400,evaluation,5,67,57,0,0,0.02000000,-0.02000000,6.545396900037e-5
evaluation,3bc9704ea251d68f,2400,evaluation,5,67,57,1,1,0.01000000,-0.01000000,3.301787000964e-5
evaluation,3bc9704ea251d68f,2400,evaluation,6,68,56,0,1,0.02000000,0.01000000,4.854512808379e-4
evaluation,3bc9704ea251d68f,2400,evaluation,6,68,56,1,0,0.01000000,0.02000000,7.782659376971e-4
evaluation,3bc9704ea251d68f,2400,evaluation,7,69,55,0,0,-0.02000000,0.00000000,-4.861503839493e-6
evaluation,3bc9704ea251d68f,2400,evaluation,7,69,55,1,1,-0.01000000,-0.02000000,-2.419576048851e-6
evaluation,3bc9704ea251d68f,2400,evaluation,8,70,54,0,0,0.02000000,0.00000000,-2.487078309059e-4
evaluation,3bc9704ea251d68f,2400,evaluation,8,70,54,1,1,0.01000000,-0.02000000,-1.239112316398e-4
evaluation,3bc9704ea251d68f,2400,evaluation,9,71,53,0,0,0.02000000,0.00000000,2.142575831385e-4
evaluation,3bc9704ea251d68f,2400,evaluation,9,71,53,1,1,0.01000000,-0.02000000,1.572680921527e-4
evaluation,3bc9704ea251d68f,2400,evaluation,10,72,52,0,0,-0.02000000,0.00000000,1.021321862936e-3
evaluation,3bc9704ea251d68f,2400,evaluation,10,72,52,1,1,-0.01000000,-0.02000000,5.291296984069e-4
evaluation,3bc9704ea251d68f,2400,evaluation,11,73,51,0,1,0.02000000,-0.02000000,-1.796291471692e-4
evaluation,3bc9704ea251d68f,2400,evaluation,11,73,51,1,0,0.01000000,0.00000000,-8.938523387769e-5
evaluation,3bc9704ea251d68f,2400,evaluation,12,74,50,0,0,0.02000000,0.00000000,1.060161739588e-4
evaluation,3bc9704ea251d68f,2400,evaluation,12,74,50,1,1,0.01000000,-0.02000000,6.487034261227e-5
evaluation,3bc9704ea251d68f,2400,evaluation,13,75,49,0,1,0.02000000,-0.02000000,-1.980277447728e-4
evaluation,3bc9704ea251d68f,2400,evaluation,13,75,49,1,0,0.01000000,0.00000000,-9.039975702763e-5
evaluation,3bc9704ea251d68f,2400,evaluation,14,76,48,0,0,0.02000000,0.00000000,-2.805361000355e-4
evaluation,3bc9704ea251d68f,2400,evaluation,14,76,48,1,1,0.01000000,-0.02000000,-1.268672494916e-4
evaluation,3bc9704ea251d68f,2400,evaluation,15,77,47,0,1,-0.02000000,-0.01000000,8.288628305309e-4
evaluation,3bc9704ea251d68f,2400,evaluation,15,77,47,1,0,-0.01000000,-0.02000000,5.670345271938e-4
evaluation,3bc9704ea251d68f,2400,evaluation,16,78,46,0,0,-0.02000000,-0.02000000,-2.726068196353e-4
evaluation,3bc9704ea251d68f,2400,evaluation,16,78,46,1,1,-0.01000000,-0.01000000,-1.201331615448e-4
evaluation,3bc9704ea251d68f,2400,evaluation,17,79,45,0,1,-0.02000000,-0.01000000,7.589564775117e-4
evaluation,3bc9704ea251d68f,2400,evaluation,17,79,45,1,0,-0.01000000,-0.02000000,5.737822502851e-4
evaluation,3bc9704ea251d68f,2400,evaluation,18,80,44,0,0,0.00000000,0.02000000,-9.370408952236e-5
evaluation,3bc9704ea251d68f,2400,evaluation,18,80,44,1,1,-0.02000000,0.01000000,-4.649162292480e-5
evaluation,3bc9704ea251d68f,2400,evaluation,19,81,43,0,1,0.00000000,0.01000000,-3.393056613277e-5
evaluation,3bc9704ea251d68f,2400,evaluation,19,81,43,1,0,-0.02000000,0.02000000,-6.817156827310e-5
evaluation,3bc9704ea251d68f,2400,evaluation,20,82,42,0,0,0.00000000,0.02000000,1.676753163338e-5
evaluation,3bc9704ea251d68f,2400,evaluation,20,82,42,1,1,-0.02000000,0.01000000,8.872400030668e-6
evaluation,3bc9704ea251d68f,2400,evaluation,21,83,41,0,0,0.00000000,0.02000000,-5.047582089901e-5
evaluation,3bc9704ea251d68f,2400,evaluation,21,83,41,1,1,-0.02000000,0.01000000,-2.521711030568e-5
evaluation,3bc9704ea251d68f,2400,evaluation,22,84,40,0,0,0.00000000,-0.02000000,1.992912293645e-4
evaluation,3bc9704ea251d68f,2400,evaluation,22,84,40,1,1,-0.02000000,-0.01000000,1.006753518595e-4
evaluation,3bc9704ea251d68f,2400,evaluation,23,85,39,0,0,0.00000000,-0.02000000,2.628602087498e-4
evaluation,3bc9704ea251d68f,2400,evaluation,23,85,39,1,1,-0.02000000,-0.01000000,1.380331814289e-4
evaluation,3bc9704ea251d68f,2400,evaluation,24,86,38,0,1,0.00000000,-0.01000000,1.152666936832e-5
evaluation,3bc9704ea251d68f,2400,evaluation,24,86,38,1,0,-0.02000000,-0.02000000,2.121552824974e-5
evaluation,3bc9704ea251d68f,2400,evaluation,25,87,37,0,1,0.00000000,-0.01000000,1.073653475032e-4
evaluation,3bc9704ea251d68f,2400,evaluation,25,87,37,1,0,-0.02000000,-0.02000000,2.136460243491e-4
evaluation,3bc9704ea251d68f,2400,evaluation,26,88,36,0,0,-0.02000000,0.02000000,-7.131279562600e-4
evaluation,3bc9704ea251d68f,2400,evaluation,26,88,36,1,1,-0.01000000,0.01000000,-3.689192235470e-4
evaluation,3bc9704ea251d68f,2400,evaluation,27,89,35,0,1,0.02000000,0.01000000,-2.906403096858e-4
evaluation,3bc9704ea251d68f,2400,evaluation,27,89,35,1,0,0.01000000,0.02000000,-1.960179506568e-4
evaluation,3bc9704ea251d68f,2400,evaluation,28,90,34,0,1,0.02000000,0.01000000,-2.093967050314e-4
evaluation,3bc9704ea251d68f,2400,evaluation,28,90,34,1,0,0.01000000,0.02000000,-6.987775122980e-5
evaluation,3bc9704ea251d68f,2400,evaluation,29,91,33,0,0,0.00000000,0.02000000,-3.621168434620e-5
evaluation,3bc9704ea251d68f,2400,evaluation,29,91,33,1,1,-0.02000000,0.01000000,-1.807510852814e-5
evaluation,3bc9704ea251d68f,2400,evaluation,30,92,32,0,0,-0.02000000,-0.02000000,-1.653538347455e-4
evaluation,3bc9704ea251d68f,2400,evaluation,30,92,32,1,1,-0.01000000,-0.01000000,-6.333117926260e-5
evaluation,3bc9704ea251d68f,2400,evaluation,31,93,31,0,0,0.02000000,0.02000000,7.038395851851e-4
evaluation,3bc9704ea251d68f,2400,evaluation,31,93,31,1,1,0.01000000,0.01000000,3.980385663453e-4
evaluation,3bc9704ea251d68f,2400,evaluation,32,94,30,0,0,0.02000000,0.02000000,-7.432227139361e-4
evaluation,3bc9704ea251d68f,2400,evaluation,32,94,30,1,1,0.01000000,0.01000000,-3.211684525013e-4
evaluation,3bc9704ea251d68f,2400,evaluation,33,95,29,0,1,0.00000000,0.01000000,1.874156296253e-4
evaluation,3bc9704ea251d68f,2400,evaluation,33,95,29,1,0,-0.02000000,0.02000000,3.698306682054e-4
evaluation,3bc9704ea251d68f,2400,evaluation,34,96,28,0,0,0.02000000,-0.02000000,-4.209037870169e-4
evaluation,3bc9704ea251d68f,2400,evaluation,34,96,28,1,1,0.01000000,-0.01000000,-2.058291138383e-4
evaluation,3bc9704ea251d68f,2400,evaluation,35,97,27,0,1,0.02000000,-0.01000000,-1.100953668356e-4
evaluation,3bc9704ea251d68f,2400,evaluation,35,97,27,1,0,0.01000000,-0.02000000,-1.878608018160e-4
evaluation,3bc9704ea251d68f,2400,evaluation,36,98,26,0,1,0.02000000,-0.01000000,3.514873606036e-5
evaluation,3bc9704ea251d68f,2400,evaluation,36,98,26,1,0,0.01000000,-0.02000000,6.286116695264e-5
evaluation,3bc9704ea251d68f,2400,evaluation,37,99,25,0,0,0.00000000,-0.02000000,-1.010075211525e-4
evaluation,3bc9704ea251d68f,2400,evaluation,37,99,25,1,1,-0.02000000,-0.01000000,-5.040131509304e-5
evaluation,3bc9704ea251d68f,2400,evaluation,38,100,24,0,0,0.02000000,0.02000000,4.117873686482e-5
evaluation,3bc9704ea251d68f,2400,evaluation,38,100,24,1,1,0.01000000,0.01000000,2.639988997544e-5
evaluation,3bc9704ea251d68f,2400,evaluation,39,101,23,0,1,0.02000000,0.01000000,-7.605751161464e-4
evaluation,3bc9704ea251d68f,2400,evaluation,39,101,23,1,0,0.01000000,0.02000000,-1.851596520282e-3
evaluation,3bc9704ea251d68f,2400,evaluation,40,102,22,0,1,0.02000000,-0.01000000,2.934547665063e-4
evaluation,3bc9704ea251d68f,2400,evaluation,40,102,22,1,0,0.01000000,-0.02000000,9.358674287796e-5
evaluation,3bc9704ea251d68f,2400,evaluation,41,103,21,0,0,0.00000000,0.02000000,6.264007533900e-4
evaluation,3bc9704ea251d68f,2400,evaluation,41,103,21,1,1,-0.02000000,0.01000000,3.987289965153e-4
evaluation,3bc9704ea251d68f,2400,evaluation,42,104,20,0,1,-0.02000000,-0.01000000,3.016603586730e-4
evaluation,3bc9704ea251d68f,2400,evaluation,42,104,20,1,0,-0.01000000,-0.02000000,-8.833283936838e-5
evaluation,3bc9704ea251d68f,2400,evaluation,43,105,19,0,1,-0.02000000,-0.01000000,-1.257800759049e-4
evaluation,3bc9704ea251d68f,2400,evaluation,43,105,19,1,0,-0.01000000,-0.02000000,-3.710016608238e-5
evaluation,3bc9704ea251d68f,2400,evaluation,44,106,18,0,1,-0.02000000,0.01000000,-7.428290700773e-5
evaluation,3bc9704ea251d68f,2400,evaluation,44,106,18,1,0,-0.01000000,0.02000000,-1.749179064063e-4
evaluation,3bc9704ea251d68f,2400,evaluation,45,107,17,0,0,0.00000000,-0.02000000,-1.106715426431e-4
evaluation,3bc9704ea251d68f,2400,evaluation,45,107,17,1,1,-0.02000000,-0.01000000,-4.044485467602e-5
evaluation,3bc9704ea251d68f,2400,evaluation,46,108,16,0,0,-0.02000000,0.02000000,5.197550053708e-4
evaluation,3bc9704ea251d68f,2400,evaluation,46,108,16,1,1,-0.01000000,0.01000000,5.034611676820e-4
evaluation,3bc9704ea251d68f,2400,evaluation,47,109,15,0,1,-0.02000000,-0.01000000,5.022392724641e-4
evaluation,3bc9704ea251d68f,2400,evaluation,47,109,15,1,0,-0.01000000,-0.02000000,7.101595401764e-4
evaluation,3bc9704ea251d68f,2400,evaluation,48,110,14,0,1,-0.02000000,0.01000000,-1.994601188926e-4
evaluation,3bc9704ea251d68f,2400,evaluation,48,110,14,1,0,-0.01000000,0.02000000,-3.512855619192e-4
evaluation,3bc9704ea251d68f,2400,evaluation,49,111,13,0,1,0.00000000,0.01000000,2.885951253120e-4
evaluation,3bc9704ea251d68f,2400,evaluation,49,111,13,1,0,-0.02000000,0.02000000,5.234467680566e-4
evaluation,3bc9704ea251d68f,2400,evaluation,50,112,12,0,1,0.02000000,-0.01000000,1.040683477186e-3
evaluation,3bc9704ea251d68f,2400,evaluation,50,112,12,1,0,0.01000000,-0.02000000,1.157185644843e-3
evaluation,3bc9704ea251d68f,2400,evaluation,51,113,11,0,0,0.02000000,0.02000000,8.465449209325e-4
evaluation,3bc9704ea251d68f,2400,evaluation,51,113,11,1,1,0.01000000,0.01000000,4.728784260806e-4
evaluation,3bc9704ea251d68f,2400,evaluation,52,114,10,0,0,0.02000000,0.02000000,6.768113817088e-4
evaluation,3bc9704ea251d68f,2400,evaluation,52,114,10,1,1,0.01000000,0.01000000,3.767181187868e-4
evaluation,3bc9704ea251d68f,2400,evaluation,53,115,9,0,0,0.00000000,0.02000000,-7.044151425362e-5
evaluation,3bc9704ea251d68f,2400,evaluation,53,115,9,1,1,-0.02000000,0.01000000,-3.129430115223e-5
evaluation,3bc9704ea251d68f,2400,evaluation,54,116,8,0,0,0.02000000,-0.02000000,4.176019283477e-4
evaluation,3bc9704ea251d68f,2400,evaluation,54,116,8,1,1,0.01000000,-0.01000000,2.205533237429e-4
evaluation,3bc9704ea251d68f,2400,evaluation,55,117,7,0,0,0.02000000,0.02000000,2.242935261165e-5
evaluation,3bc9704ea251d68f,2400,evaluation,55,117,7,1,1,0.01000000,0.01000000,1.189733575302e-5
evaluation,3bc9704ea251d68f,2400,evaluation,56,118,6,0,1,-0.02000000,-0.01000000,3.895958361682e-4
evaluation,3bc9704ea251d68f,2400,evaluation,56,118,6,1,0,-0.01000000,-0.02000000,2.535413950682e-4
evaluation,3bc9704ea251d68f,2400,evaluation,57,119,5,0,0,0.00000000,0.02000000,3.264161568950e-5
evaluation,3bc9704ea251d68f,2400,evaluation,57,119,5,1,1,-0.02000000,0.01000000,3.100248795818e-5
evaluation,3bc9704ea251d68f,2400,evaluation,58,120,4,0,1,0.02000000,-0.01000000,-1.198357567773e-4
evaluation,3bc9704ea251d68f,2400,evaluation,58,120,4,1,0,0.01000000,-0.02000000,-2.489487269486e-5
evaluation,3bc9704ea251d68f,2400,evaluation,59,121,3,0,1,-0.02000000,-0.00500000,2.897561935242e-4
evaluation,3bc9704ea251d68f,2400,evaluation,59,121,3,1,0,-0.01000000,-0.01000000,2.415409981040e-4
evaluation,3bc9704ea251d68f,2400,evaluation,60,122,2,0,1,0.02000000,-0.01000000,3.193821758032e-4
evaluation,3bc9704ea251d68f,2400,evaluation,60,122,2,1,0,0.01000000,-0.02000000,9.947270154953e-5
evaluation,3bc9704ea251d68f,2400,evaluation,61,0,1,0,1,0.02000000,0.01000000,1.533826231025e-3
evaluation,3bc9704ea251d68f,2400,evaluation,61,0,1,1,0,0.01000000,0.02000000,1.681172638200e-3
evaluation,3bc9704ea251d68f,4200,development,1,18,16,0,1,-0.02000000,0.01000000,-5.593572859652e-4
evaluation,3bc9704ea251d68f,4200,development,1,18,16,1,0,-0.01000000,0.02000000,-1.808450208046e-3
evaluation,3bc9704ea251d68f,4200,development,2,19,15,0,0,0.02000000,-0.02000000,-1.212019473314e-3
evaluation,3bc9704ea251d68f,4200,development,2,19,15,1,1,0.01000000,-0.01000000,-5.300715565681e-4
evaluation,3bc9704ea251d68f,4200,development,3,20,14,0,1,0.02000000,-0.02000000,-1.401744782925e-3
evaluation,3bc9704ea251d68f,4200,development,3,20,14,1,0,0.01000000,-0.01000000,-5.724951624870e-4
evaluation,3bc9704ea251d68f,4200,development,5,22,12,0,1,-0.02000000,0.01000000,1.610233099200e-3
evaluation,3bc9704ea251d68f,4200,development,5,22,12,1,0,-0.01000000,0.02000000,1.287338673137e-3
evaluation,3bc9704ea251d68f,4200,development,6,23,11,0,1,-0.02000000,0.01000000,-2.046379493549e-3
evaluation,3bc9704ea251d68f,4200,development,6,23,11,1,0,-0.01000000,0.02000000,-1.533471629955e-3
evaluation,3bc9704ea251d68f,4200,development,7,24,10,0,0,0.02000000,-0.02000000,-5.159527063370e-7
evaluation,3bc9704ea251d68f,4200,development,7,24,10,1,1,0.01000000,-0.01000000,1.929265818035e-5
evaluation,3bc9704ea251d68f,4200,development,8,25,9,0,0,-0.02000000,0.02000000,-7.000093464740e-4
evaluation,3bc9704ea251d68f,4200,development,8,25,9,1,1,-0.01000000,0.01000000,-3.436679544393e-4
evaluation,3bc9704ea251d68f,4200,development,9,26,8,0,0,0.02000000,-0.02000000,1.397511659889e-4
evaluation,3bc9704ea251d68f,4200,development,9,26,8,1,1,0.01000000,-0.01000000,8.351169526577e-5
evaluation,3bc9704ea251d68f,4200,development,10,27,7,0,0,0.02000000,0.02000000,2.227841614513e-4
evaluation,3bc9704ea251d68f,4200,development,10,27,7,1,1,0.01000000,0.01000000,1.166208312497e-4
evaluation,3bc9704ea251d68f,4200,development,11,28,6,0,1,0.02000000,-0.01000000,3.783578576986e-4
evaluation,3bc9704ea251d68f,4200,development,11,28,6,1,0,0.01000000,-0.02000000,3.098373708781e-4
evaluation,3bc9704ea251d68f,4200,development,12,29,5,0,0,0.02000000,-0.02000000,-7.894523441792e-4
evaluation,3bc9704ea251d68f,4200,development,12,29,5,1,1,0.01000000,-0.01000000,-3.714971244335e-4
evaluation,3bc9704ea251d68f,4200,development,13,30,4,0,1,0.02000000,0.01000000,4.333108663559e-4
evaluation,3bc9704ea251d68f,4200,development,13,30,4,1,0,0.01000000,0.02000000,3.147522511426e-4
evaluation,3bc9704ea251d68f,4200,development,14,31,3,0,1,0.02000000,-0.01000000,-7.267203181982e-4
evaluation,3bc9704ea251d68f,4200,development,14,31,3,1,0,0.01000000,-0.02000000,-1.578330993652e-4
evaluation,3bc9704ea251d68f,4200,development,15,32,2,0,1,-0.02000000,-0.01000000,-2.231063990621e-4
evaluation,3bc9704ea251d68f,4200,development,15,32,2,1,0,-0.01000000,-0.02000000,-3.250172885600e-4
evaluation,3bc9704ea251d68f,4200,development,17,34,0,0,1,-0.02000000,0.01000000,-1.572407782078e-4
evaluation,3bc9704ea251d68f,4200,development,17,34,0,1,0,-0.01000000,0.02000000,-4.591066390276e-4
evaluation,3bc9704ea251d68f,4200,development,18,35,122,0,0,-0.02000000,-0.00500000,-2.245418727398e-5
evaluation,3bc9704ea251d68f,4200,development,18,35,122,1,1,-0.01000000,-0.01000000,-9.575299918652e-5
evaluation,3bc9704ea251d68f,4200,development,19,36,121,0,1,-0.02000000,0.01000000,-1.095508559956e-4
evaluation,3bc9704ea251d68f,4200,development,19,36,121,1,0,-0.01000000,0.02000000,-2.986025065184e-4
evaluation,3bc9704ea251d68f,4200,development,20,37,120,0,1,-0.02000000,-0.01000000,-1.532118767500e-4
evaluation,3bc9704ea251d68f,4200,development,20,37,120,1,0,-0.01000000,-0.02000000,-1.400634646416e-4
evaluation,3bc9704ea251d68f,4200,development,21,38,119,0,0,-0.02000000,0.00000000,6.540305912495e-5
evaluation,3bc9704ea251d68f,4200,development,21,38,119,1,1,-0.01000000,-0.02000000,3.656248372863e-5
evaluation,3bc9704ea251d68f,4200,development,23,40,117,0,1,-0.02000000,0.01000000,-1.819121280278e-5
evaluation,3bc9704ea251d68f,4200,development,23,40,117,1,0,-0.01000000,0.02000000,2.099579869537e-4
evaluation,3bc9704ea251d68f,4200,development,24,41,116,0,0,0.02000000,0.02000000,-1.312376261922e-4
evaluation,3bc9704ea251d68f,4200,development,24,41,116,1,1,0.01000000,0.01000000,-5.820455771754e-5
evaluation,3bc9704ea251d68f,4200,development,25,42,115,0,1,-0.02000000,-0.02000000,4.192752021481e-5
evaluation,3bc9704ea251d68f,4200,development,25,42,115,1,0,-0.01000000,0.00000000,2.174700239266e-5
evaluation,3bc9704ea251d68f,4200,development,26,43,114,0,1,-0.02000000,-0.01000000,8.561027789256e-5
evaluation,3bc9704ea251d68f,4200,development,26,43,114,1,0,-0.01000000,-0.02000000,8.620942389825e-5
evaluation,3bc9704ea251d68f,4200,development,27,44,113,0,1,-0.02000000,-0.01000000,1.032147556543e-4
evaluation,3bc9704ea251d68f,4200,development,27,44,113,1,0,-0.01000000,-0.02000000,3.644575554063e-5
evaluation,3bc9704ea251d68f,4200,development,28,45,112,0,1,-0.02000000,0.01000000,-2.028544804489e-5
evaluation,3bc9704ea251d68f,4200,development,28,45,112,1,0,-0.01000000,0.02000000,2.497664245311e-4
evaluation,3bc9704ea251d68f,4200,development,29,46,111,0,0,-0.02000000,0.00000000,1.918338239193e-5
evaluation,3bc9704ea251d68f,4200,development,29,46,111,1,1,-0.01000000,-0.02000000,1.524450908619e-5
evaluation,3bc9704ea251d68f,4200,development,30,47,110,0,1,-0.02000000,0.01000000,-3.947218356188e-4
evaluation,3bc9704ea251d68f,4200,development,30,47,110,1,0,-0.01000000,0.02000000,-2.878047525883e-4
evaluation,3bc9704ea251d68f,4200,development,31,48,109,0,1,0.00000000,0.01000000,-1.914643944474e-4
evaluation,3bc9704ea251d68f,4200,development,31,48,109,1,0,-0.02000000,0.02000000,-3.857879491989e-4
evaluation,3bc9704ea251d68f,4200,development,32,49,108,0,0,0.00000000,0.02000000,4.821705442737e-5
evaluation,3bc9704ea251d68f,4200,development,32,49,108,1,1,-0.02000000,0.01000000,4.836979132961e-5
evaluation,3bc9704ea251d68f,4200,development,33,50,107,0,0,0.00000000,0.00000000,0.000000000000e0
evaluation,3bc9704ea251d68f,4200,development,33,50,107,1,1,-0.02000000,-0.02000000,0.000000000000e0
evaluation,3bc9704ea251d68f,4200,development,34,51,106,0,0,0.00000000,0.02000000,2.242376467620e-5
evaluation,3bc9704ea251d68f,4200,development,34,51,106,1,1,-0.02000000,0.01000000,1.238162349182e-5
evaluation,3bc9704ea251d68f,4200,development,35,52,105,0,1,0.00000000,0.01000000,-3.505125641823e-5
evaluation,3bc9704ea251d68f,4200,development,35,52,105,1,0,-0.02000000,0.02000000,-7.645102596143e-5
evaluation,3bc9704ea251d68f,4200,development,36,53,104,0,0,0.00000000,0.02000000,-4.624115827028e-4
evaluation,3bc9704ea251d68f,4200,development,36,53,104,1,1,-0.02000000,0.01000000,-2.271806151839e-4
evaluation,3bc9704ea251d68f,4200,development,37,54,103,0,0,0.00000000,0.00000000,0.000000000000e0
evaluation,3bc9704ea251d68f,4200,development,37,54,103,1,1,-0.02000000,-0.02000000,0.000000000000e0
evaluation,3bc9704ea251d68f,4200,development,38,55,102,0,1,0.00000000,-0.01000000,-1.646292657824e-4
evaluation,3bc9704ea251d68f,4200,development,38,55,102,1,0,-0.02000000,-0.02000000,-3.690812736750e-4
evaluation,3bc9704ea251d68f,4200,development,39,56,101,0,0,0.02000000,-0.02000000,-4.226838427712e-5
evaluation,3bc9704ea251d68f,4200,development,39,56,101,1,1,0.01000000,-0.01000000,-1.881271600723e-5
evaluation,3bc9704ea251d68f,4200,development,40,57,100,0,1,0.02000000,-0.01000000,-5.495424193214e-5
evaluation,3bc9704ea251d68f,4200,development,40,57,100,1,0,0.01000000,-0.02000000,6.739919626852e-5
evaluation,3bc9704ea251d68f,4200,development,41,58,99,0,1,0.02000000,-0.02000000,-2.695247530937e-5
evaluation,3bc9704ea251d68f,4200,development,41,58,99,1,0,0.01000000,0.00000000,3.613531589508e-7
evaluation,3bc9704ea251d68f,4200,development,42,59,98,0,1,0.02000000,-0.01000000,-3.776264566113e-5
evaluation,3bc9704ea251d68f,4200,development,42,59,98,1,0,0.01000000,-0.02000000,-4.612778502633e-5
evaluation,3bc9704ea251d68f,4200,development,43,60,97,0,1,0.02000000,-0.01000000,-1.517795026302e-4
evaluation,3bc9704ea251d68f,4200,development,43,60,97,1,0,0.01000000,-0.02000000,-1.170796676888e-4
evaluation,3bc9704ea251d68f,4200,development,44,61,96,0,1,0.02000000,-0.01000000,1.051649451256e-5
evaluation,3bc9704ea251d68f,4200,development,44,61,96,1,0,0.01000000,-0.02000000,-6.405947351595e-5
evaluation,3bc9704ea251d68f,4200,development,45,62,95,0,1,0.02000000,-0.02000000,6.020814180374e-5
evaluation,3bc9704ea251d68f,4200,development,45,62,95,1,0,0.01000000,0.00000000,7.700795686105e-5
evaluation,3bc9704ea251d68f,4200,development,46,63,94,0,1,0.02000000,-0.01000000,-6.826420431025e-4
evaluation,3bc9704ea251d68f,4200,development,46,63,94,1,0,0.01000000,-0.02000000,-4.143224505242e-4
evaluation,3bc9704ea251d68f,4200,development,47,64,93,0,1,-0.02000000,-0.01000000,-1.520092337159e-4
evaluation,3bc9704ea251d68f,4200,development,47,64,93,1,0,-0.01000000,-0.02000000,-3.267427382525e-4
evaluation,3bc9704ea251d68f,4200,development,48,65,92,0,1,-0.02000000,0.01000000,-2.586723712739e-4
evaluation,3bc9704ea251d68f,4200,development,48,65,92,1,0,-0.01000000,0.02000000,-3.735838981811e-4
evaluation,3bc9704ea251d68f,4200,development,49,66,91,0,1,-0.02000000,-0.02000000,-7.309267675737e-5
evaluation,3bc9704ea251d68f,4200,development,49,66,91,1,0,-0.01000000,0.00000000,-3.379831832717e-5
evaluation,3bc9704ea251d68f,4200,development,50,67,90,0,1,-0.02000000,-0.01000000,2.994885107910e-5
evaluation,3bc9704ea251d68f,4200,development,50,67,90,1,0,-0.01000000,-0.02000000,1.365753560094e-4
evaluation,3bc9704ea251d68f,4200,development,51,68,89,0,0,-0.02000000,-0.02000000,-1.057510598912e-4
evaluation,3bc9704ea251d68f,4200,development,51,68,89,1,1,-0.01000000,-0.01000000,-4.479102790356e-5
evaluation,3bc9704ea251d68f,4200,development,52,69,88,0,1,-0.02000000,0.01000000,2.643670886755e-4
evaluation,3bc9704ea251d68f,4200,development,52,69,88,1,0,-0.01000000,0.02000000,4.701366124209e-4
evaluation,3bc9704ea251d68f,4200,development,53,70,87,0,0,-0.02000000,0.00000000,4.167854785919e-5
evaluation,3bc9704ea251d68f,4200,development,53,70,87,1,1,-0.01000000,-0.02000000,2.485886216164e-5
evaluation,3bc9704ea251d68f,4200,development,54,71,86,0,0,-0.02000000,0.00000000,-2.682892081793e-4
evaluation,3bc9704ea251d68f,4200,development,54,71,86,1,1,-0.01000000,-0.02000000,-1.274713577004e-4
evaluation,3bc9704ea251d68f,4200,development,55,72,85,0,1,-0.02000000,-0.02000000,-4.335387202445e-4
evaluation,3bc9704ea251d68f,4200,development,55,72,85,1,0,-0.01000000,0.00000000,-2.032499760389e-4
evaluation,3bc9704ea251d68f,4200,development,56,73,84,0,1,0.02000000,-0.02000000,-2.814748731907e-4
evaluation,3bc9704ea251d68f,4200,development,56,73,84,1,0,0.01000000,0.00000000,-1.386037765769e-4
evaluation,3bc9704ea251d68f,4200,development,57,74,83,0,1,-0.02000000,-0.02000000,9.686624252936e-5
evaluation,3bc9704ea251d68f,4200,development,57,74,83,1,0,-0.01000000,0.00000000,6.255259359023e-5
evaluation,3bc9704ea251d68f,4200,development,58,75,82,0,0,-0.02000000,0.00000000,6.972564005991e-5
evaluation,3bc9704ea251d68f,4200,development,58,75,82,1,1,-0.01000000,-0.02000000,3.746151924133e-5
evaluation,3bc9704ea251d68f,4200,development,59,76,81,0,0,-0.02000000,0.00000000,8.089219772955e-5
evaluation,3bc9704ea251d68f,4200,development,59,76,81,1,1,-0.01000000,-0.02000000,5.105945092510e-5
evaluation,3bc9704ea251d68f,4200,development,60,77,80,0,1,-0.02000000,-0.02000000,-5.537457764149e-4
evaluation,3bc9704ea251d68f,4200,development,60,77,80,1,0,-0.01000000,0.00000000,-2.623485925142e-4
evaluation,3bc9704ea251d68f,4200,development,61,78,79,0,1,-0.02000000,-0.01000000,-6.415483658202e-4
evaluation,3bc9704ea251d68f,4200,development,61,78,79,1,0,-0.01000000,-0.02000000,-1.539224176668e-3
evaluation,3bc9704ea251d68f,4200,evaluation,1,18,16,0,0,-0.02000000,0.02000000,-1.695839106105e-3
evaluation,3bc9704ea251d68f,4200,evaluation,1,18,16,1,1,-0.01000000,0.01000000,-6.974202697165e-4
evaluation,3bc9704ea251d68f,4200,evaluation,2,19,15,0,1,0.02000000,-0.01000000,-5.731930141337e-4
evaluation,3bc9704ea251d68f,4200,evaluation,2,19,15,1,0,0.01000000,-0.02000000,-1.164589077234e-3
evaluation,3bc9704ea251d68f,4200,evaluation,3,20,14,0,0,0.02000000,-0.01000000,-5.032345652580e-4
evaluation,3bc9704ea251d68f,4200,evaluation,3,20,14,1,1,0.01000000,-0.02000000,-1.454004435800e-3
evaluation,3bc9704ea251d68f,4200,evaluation,5,22,12,0,0,-0.02000000,0.02000000,1.862326636910e-3
evaluation,3bc9704ea251d68f,4200,evaluation,5,22,12,1,1,-0.01000000,0.01000000,1.029202132486e-3
evaluation,3bc9704ea251d68f,4200,evaluation,6,23,11,0,0,-0.02000000,0.02000000,-2.694700611755e-3
evaluation,3bc9704ea251d68f,4200,evaluation,6,23,11,1,1,-0.01000000,0.01000000,-9.973030537367e-4
evaluation,3bc9704ea251d68f,4200,evaluation,7,24,10,0,1,0.02000000,-0.01000000,-9.450130164623e-5
evaluation,3bc9704ea251d68f,4200,evaluation,7,24,10,1,0,0.01000000,-0.02000000,8.953487122199e-5
evaluation,3bc9704ea251d68f,4200,evaluation,8,25,9,0,1,-0.02000000,0.01000000,-5.026540602557e-4
evaluation,3bc9704ea251d68f,4200,evaluation,8,25,9,1,0,-0.01000000,0.02000000,-5.386173725128e-4
evaluation,3bc9704ea251d68f,4200,evaluation,9,26,8,0,1,0.02000000,-0.01000000,1.641505659791e-4
evaluation,3bc9704ea251d68f,4200,evaluation,9,26,8,1,0,0.01000000,-0.02000000,6.474430119852e-5
evaluation,3bc9704ea251d68f,4200,evaluation,10,27,7,0,1,0.02000000,0.01000000,1.941385417012e-4
evaluation,3bc9704ea251d68f,4200,evaluation,10,27,7,1,0,0.01000000,0.02000000,1.487080007792e-4
evaluation,3bc9704ea251d68f,4200,evaluation,11,28,6,0,0,0.02000000,-0.02000000,4.556383937597e-4
evaluation,3bc9704ea251d68f,4200,evaluation,11,28,6,1,1,0.01000000,-0.01000000,2.323730586795e-4
evaluation,3bc9704ea251d68f,4200,evaluation,12,29,5,0,1,0.02000000,-0.01000000,-5.721896886826e-4
evaluation,3bc9704ea251d68f,4200,evaluation,12,29,5,1,0,0.01000000,-0.02000000,-5.853809416294e-4
evaluation,3bc9704ea251d68f,4200,evaluation,13,30,4,0,0,0.02000000,0.02000000,4.842666385230e-4
evaluation,3bc9704ea251d68f,4200,evaluation,13,30,4,1,1,0.01000000,0.01000000,2.608013746794e-4
evaluation,3bc9704ea251d68f,4200,evaluation,14,31,3,0,0,0.02000000,-0.02000000,-6.345814908855e-4
evaluation,3bc9704ea251d68f,4200,evaluation,14,31,3,1,1,0.01000000,-0.01000000,-2.514421939850e-4
evaluation,3bc9704ea251d68f,4200,evaluation,15,32,2,0,0,-0.02000000,-0.02000000,-3.718789666891e-4
evaluation,3bc9704ea251d68f,4200,evaluation,15,32,2,1,1,-0.01000000,-0.01000000,-1.759678125381e-4
evaluation,3bc9704ea251d68f,4200,evaluation,17,34,0,0,0,-0.02000000,0.02000000,-4.390745016281e-4
evaluation,3bc9704ea251d68f,4200,evaluation,17,34,0,1,1,-0.01000000,0.01000000,-1.757498830557e-4
evaluation,3bc9704ea251d68f,4200,evaluation,18,35,122,0,1,-0.02000000,-0.01000000,-7.884452497819e-5
evaluation,3bc9704ea251d68f,4200,evaluation,18,35,122,1,0,-0.01000000,-0.00500000,-3.870762884617e-5
evaluation,3bc9704ea251d68f,4200,evaluation,19,36,121,0,0,-0.02000000,0.02000000,-2.785337565001e-4
evaluation,3bc9704ea251d68f,4200,evaluation,19,36,121,1,1,-0.01000000,0.01000000,-1.302094460698e-4
evaluation,3bc9704ea251d68f,4200,evaluation,20,37,120,0,0,-0.02000000,-0.02000000,-2.040757535724e-4
evaluation,3bc9704ea251d68f,4200,evaluation,20,37,120,1,1,-0.01000000,-0.01000000,-9.012222290039e-5
evaluation,3bc9704ea251d68f,4200,evaluation,21,38,119,0,1,-0.02000000,-0.02000000,6.540305912495e-5
evaluation,3bc9704ea251d68f,4200,evaluation,21,38,119,1,0,-0.01000000,0.00000000,3.656248372863e-5
evaluation,3bc9704ea251d68f,4200,evaluation,23,40,117,0,0,-0.02000000,0.02000000,1.216685996042e-4
evaluation,3bc9704ea251d68f,4200,evaluation,23,40,117,1,1,-0.01000000,0.01000000,7.008699321887e-5
evaluation,3bc9704ea251d68f,4200,evaluation,24,41,116,0,1,0.02000000,0.01000000,-9.684885299066e-5
evaluation,3bc9704ea251d68f,4200,evaluation,24,41,116,1,0,0.01000000,0.02000000,-9.341848635813e-5
evaluation,3bc9704ea251d68f,4200,evaluation,25,42,115,0,0,-0.02000000,0.00000000,4.192752021481e-5
evaluation,3bc9704ea251d68f,4200,evaluation,25,42,115,1,1,-0.01000000,-0.02000000,2.174700239266e-5
evaluation,3bc9704ea251d68f,4200,evaluation,26,43,114,0,0,-0.02000000,-0.02000000,1.151139513240e-4
evaluation,3bc9704ea251d68f,4200,evaluation,26,43,114,1,1,-0.01000000,-0.01000000,5.727199095418e-5
evaluation,3bc9704ea251d68f,4200,evaluation,27,44,113,0,0,-0.02000000,-0.02000000,9.115040302277e-5
evaluation,3bc9704ea251d68f,4200,evaluation,27,44,113,1,1,-0.01000000,-0.01000000,4.928931593895e-5
evaluation,3bc9704ea251d68f,4200,evaluation,28,45,112,0,0,-0.02000000,0.02000000,1.428369432688e-4
evaluation,3bc9704ea251d68f,4200,evaluation,28,45,112,1,1,-0.01000000,0.01000000,8.463983976981e-5
evaluation,3bc9704ea251d68f,4200,evaluation,29,46,111,0,1,-0.02000000,-0.02000000,1.918338239193e-5
evaluation,3bc9704ea251d68f,4200,evaluation,29,46,111,1,0,-0.01000000,0.00000000,1.524450908619e-5
evaluation,3bc9704ea251d68f,4200,evaluation,30,47,110,0,0,-0.02000000,0.02000000,-4.798056033906e-4
evaluation,3bc9704ea251d68f,4200,evaluation,30,47,110,1,1,-0.01000000,0.01000000,-2.006056456594e-4
evaluation,3bc9704ea251d68f,4200,evaluation,31,48,109,0,0,0.00000000,0.02000000,-3.857879491989e-4
evaluation,3bc9704ea251d68f,4200,evaluation,31,48,109,1,1,-0.02000000,0.01000000,-1.914643944474e-4
evaluation,3bc9704ea251d68f,4200,evaluation,32,49,108,0,1,0.00000000,0.01000000,4.836979132961e-5
evaluation,3bc9704ea251d68f,4200,evaluation,32,49,108,1,0,-0.02000000,0.02000000,4.821705442737e-5
evaluation,3bc9704ea251d68f,4200,evaluation,33,50,107,0,1,0.00000000,-0.02000000,0.000000000000e0
evaluation,3bc9704ea251d68f,4200,evaluation,33,50,107,1,0,-0.02000000,0.00000000,0.000000000000e0
evaluation,3bc9704ea251d68f,4200,evaluation,34,51,106,0,1,0.00000000,0.01000000,1.238162349182e-5
evaluation,3bc9704ea251d68f,4200,evaluation,34,51,106,1,0,-0.02000000,0.02000000,2.242376467620e-5
evaluation,3bc9704ea251d68f,4200,evaluation,35,52,105,0,0,0.00000000,0.02000000,-7.645102596143e-5
evaluation,3bc9704ea251d68f,4200,evaluation,35,52,105,1,1,-0.02000000,0.01000000,-3.505125641823e-5
evaluation,3bc9704ea251d68f,4200,evaluation,36,53,104,0,1,0.00000000,0.01000000,-2.271806151839e-4
evaluation,3bc9704ea251d68f,4200,evaluation,36,53,104,1,0,-0.02000000,0.02000000,-4.624115827028e-4
evaluation,3bc9704ea251d68f,4200,evaluation,37,54,103,0,1,0.00000000,-0.02000000,0.000000000000e0
evaluation,3bc9704ea251d68f,4200,evaluation,37,54,103,1,0,-0.02000000,0.00000000,0.000000000000e0
evaluation,3bc9704ea251d68f,4200,evaluation,38,55,102,0,0,0.00000000,-0.02000000,-3.690812736750e-4
evaluation,3bc9704ea251d68f,4200,evaluation,38,55,102,1,1,-0.02000000,-0.01000000,-1.646292657824e-4
evaluation,3bc9704ea251d68f,4200,evaluation,39,56,101,0,1,0.02000000,-0.01000000,8.696069016878e-6
evaluation,3bc9704ea251d68f,4200,evaluation,39,56,101,1,0,0.01000000,-0.02000000,-6.952757394174e-5
evaluation,3bc9704ea251d68f,4200,evaluation,40,57,100,0,0,0.02000000,-0.02000000,-9.921690207193e-7
evaluation,3bc9704ea251d68f,4200,evaluation,40,57,100,1,1,0.01000000,-0.01000000,1.133419573307e-5
evaluation,3bc9704ea251d68f,4200,evaluation,41,58,99,0,0,0.02000000,0.00000000,-2.695247530937e-5
evaluation,3bc9704ea251d68f,4200,evaluation,41,58,99,1,1,0.01000000,-0.02000000,3.613531589508e-7
evaluation,3bc9704ea251d68f,4200,evaluation,42,59,98,0,0,0.02000000,-0.02000000,-6.253272294998e-5
evaluation,3bc9704ea251d68f,4200,evaluation,42,59,98,1,1,0.01000000,-0.01000000,-2.449999192322e-5
evaluation,3bc9704ea251d68f,4200,evaluation,43,60,97,0,0,0.02000000,-0.02000000,-1.948866993189e-4
evaluation,3bc9704ea251d68f,4200,evaluation,43,60,97,1,1,0.01000000,-0.01000000,-8.139386773109e-5
evaluation,3bc9704ea251d68f,4200,evaluation,44,61,96,0,0,0.02000000,-0.02000000,-4.013689977000e-5
evaluation,3bc9704ea251d68f,4200,evaluation,44,61,96,1,1,0.01000000,-0.01000000,-1.491109560448e-5
evaluation,3bc9704ea251d68f,4200,evaluation,45,62,95,0,0,0.02000000,0.00000000,6.020814180374e-5
evaluation,3bc9704ea251d68f,4200,evaluation,45,62,95,1,1,0.01000000,-0.02000000,7.700795686105e-5
evaluation,3bc9704ea251d68f,4200,evaluation,46,63,94,0,0,0.02000000,-0.02000000,-8.090219344012e-4
evaluation,3bc9704ea251d68f,4200,evaluation,46,63,94,1,1,0.01000000,-0.01000000,-3.136446175631e-4
evaluation,3bc9704ea251d68f,4200,evaluation,47,64,93,0,0,-0.02000000,-0.02000000,-3.247608838137e-4
evaluation,3bc9704ea251d68f,4200,evaluation,47,64,93,1,1,-0.01000000,-0.01000000,-1.542655081721e-4
evaluation,3bc9704ea251d68f,4200,evaluation,48,65,92,0,0,-0.02000000,0.02000000,-4.424365761224e-4
evaluation,3bc9704ea251d68f,4200,evaluation,48,65,92,1,1,-0.01000000,0.01000000,-1.908509730129e-4
evaluation,3bc9704ea251d68f,4200,evaluation,49,66,91,0,0,-0.02000000,0.00000000,-7.309267675737e-5
evaluation,3bc9704ea251d68f,4200,evaluation,49,66,91,1,1,-0.01000000,-0.02000000,-3.379831832717e-5
evaluation,3bc9704ea251d68f,4200,evaluation,50,67,90,0,0,-0.02000000,-0.02000000,1.057324334397e-4
evaluation,3bc9704ea251d68f,4200,evaluation,50,67,90,1,1,-0.01000000,-0.01000000,6.077128273319e-5
evaluation,3bc9704ea251d68f,4200,evaluation,51,68,89,0,1,-0.02000000,-0.01000000,-1.221646816703e-4
evaluation,3bc9704ea251d68f,4200,evaluation,51,68,89,1,0,-0.01000000,-0.02000000,-2.728961408138e-5
evaluation,3bc9704ea251d68f,4200,evaluation,52,69,88,0,0,-0.02000000,0.02000000,4.738991556223e-4
evaluation,3bc9704ea251d68f,4200,evaluation,52,69,88,1,1,-0.01000000,0.01000000,2.604573965073e-4
evaluation,3bc9704ea251d68f,4200,evaluation,53,70,87,0,1,-0.02000000,-0.02000000,4.167854785919e-5
evaluation,3bc9704ea251d68f,4200,evaluation,53,70,87,1,0,-0.01000000,0.00000000,2.485886216164e-5
evaluation,3bc9704ea251d68f,4200,evaluation,54,71,86,0,1,-0.02000000,-0.02000000,-2.682892081793e-4
evaluation,3bc9704ea251d68f,4200,evaluation,54,71,86,1,0,-0.01000000,0.00000000,-1.274713577004e-4
evaluation,3bc9704ea251d68f,4200,evaluation,55,72,85,0,0,-0.02000000,0.00000000,-4.335387202445e-4
evaluation,3bc9704ea251d68f,4200,evaluation,55,72,85,1,1,-0.01000000,-0.02000000,-2.032499760389e-4
evaluation,3bc9704ea251d68f,4200,evaluation,56,73,84,0,0,0.02000000,0.00000000,-2.814748731907e-4
evaluation,3bc9704ea251d68f,4200,evaluation,56,73,84,1,1,0.01000000,-0.02000000,-1.386037765769e-4
evaluation,3bc9704ea251d68f,4200,evaluation,57,74,83,0,0,-0.02000000,0.00000000,9.686624252936e-5
evaluation,3bc9704ea251d68f,4200,evaluation,57,74,83,1,1,-0.01000000,-0.02000000,6.255259359023e-5
evaluation,3bc9704ea251d68f,4200,evaluation,58,75,82,0,1,-0.02000000,-0.02000000,6.972564005991e-5
evaluation,3bc9704ea251d68f,4200,evaluation,58,75,82,1,0,-0.01000000,0.00000000,3.746151924133e-5
evaluation,3bc9704ea251d68f,4200,evaluation,59,76,81,0,1,-0.02000000,-0.02000000,8.089219772955e-5
evaluation,3bc9704ea251d68f,4200,evaluation,59,76,81,1,0,-0.01000000,0.00000000,5.105945092510e-5
evaluation,3bc9704ea251d68f,4200,evaluation,60,77,80,0,0,-0.02000000,0.00000000,-5.537457764149e-4
evaluation,3bc9704ea251d68f,4200,evaluation,60,77,80,1,1,-0.01000000,-0.02000000,-2.623485925142e-4
evaluation,3bc9704ea251d68f,4200,evaluation,61,78,79,0,0,-0.02000000,-0.02000000,-1.529208035208e-3
evaluation,3bc9704ea251d68f,4200,evaluation,61,78,79,1,1,-0.01000000,-0.01000000,-6.519121234305e-4
